latitude,longitude,bright_ti4,scan,track,acq_date,acq_time,satellite,instrument,confidence,version,bright_ti5,frp,daynight,type
41.31299,1.66177,303.74,0.53,0.42,2024-01-02,0212,N,VIIRS,n,2,274.08,1.38,N,2
38.87034,-0.47144,316.05,0.47,0.4,2024-01-02,0212,N,VIIRS,n,2,272.44,1.1,N,0
40.24568,-3.47562,322.98,0.39,0.36,2024-01-02,0212,N,VIIRS,n,2,276.38,2.24,N,2
37.85404,-4.78743,328.44,0.48,0.4,2024-01-02,1334,N,VIIRS,n,2,288.72,3.1,D,0
39.38113,-0.43651,343.62,0.48,0.4,2024-01-03,1315,N,VIIRS,n,2,294.92,16.6,D,0
39.3795,-0.43831,343.05,0.48,0.4,2024-01-03,1316,N,VIIRS,n,2,296.51,15.08,D,0
43.22678,-2.88064,302.59,0.49,0.49,2024-01-04,0134,N,VIIRS,n,2,278.97,0.62,N,0
41.4535,1.97851,302.25,0.44,0.38,2024-01-04,0134,N,VIIRS,n,2,278.75,0.87,N,2
43.03642,-2.2176,308.12,0.46,0.47,2024-01-04,0134,N,VIIRS,n,2,277.96,2,N,2
41.31242,1.66232,297.79,0.45,0.39,2024-01-04,0134,N,VIIRS,n,2,270.65,0.69,N,2
43.53953,-5.83228,301.39,0.38,0.59,2024-01-04,0314,N,VIIRS,n,2,271.33,0.83,N,2
28.61507,-17.87115,300,0.4,0.44,2024-01-04,0319,N,VIIRS,n,2,289.24,1.51,N,2
41.13129,1.02279,336.69,0.4,0.37,2024-01-04,1257,N,VIIRS,n,2,290.25,4.83,D,0
41.12794,1.02361,334.39,0.4,0.37,2024-01-04,1257,N,VIIRS,n,2,290.08,4.83,D,0
41.49329,-1.30293,335.3,0.38,0.36,2024-01-04,1257,N,VIIRS,n,2,287.44,3.08,D,0
43.1576,-3.90136,331.72,0.41,0.37,2024-01-04,1258,N,VIIRS,n,2,276.88,2.67,D,0
43.53883,-5.83376,302.75,0.6,0.71,2024-01-05,0115,N,VIIRS,n,2,276.84,1.5,N,2
43.52461,-5.7339,295.91,0.6,0.7,2024-01-05,0115,N,VIIRS,n,2,277.69,1.68,N,2
40.24384,-3.47896,301.13,0.78,0.78,2024-01-06,0057,N,VIIRS,n,2,274.43,2.15,N,2
38.63081,-0.01302,299.39,0.34,0.56,2024-01-06,0237,N,VIIRS,n,2,282.02,2.94,N,0
38.62869,-0.00479,299.24,0.34,0.56,2024-01-06,0237,N,VIIRS,n,2,282.92,1.97,N,3
38.63517,-0.00861,367,0.34,0.56,2024-01-06,0237,N,VIIRS,h,2,286.23,4.79,N,0
40.24539,-3.47663,315.93,0.42,0.45,2024-01-06,0237,N,VIIRS,n,2,276.71,2.17,N,2
43.52427,-5.73301,300.13,0.44,0.39,2024-01-06,0237,N,VIIRS,n,2,269.95,1.11,N,2
38.62983,-0.00923,343.09,0.34,0.56,2024-01-06,0237,N,VIIRS,n,2,283.09,2.94,N,0
38.63608,-0.01216,318.45,0.34,0.56,2024-01-06,0237,N,VIIRS,n,2,282.01,4.79,N,0
41.31445,1.66045,295.78,0.35,0.57,2024-01-06,0237,N,VIIRS,n,2,271.71,0.83,N,2
41.19064,1.2191,301.51,0.33,0.56,2024-01-06,0237,N,VIIRS,n,2,270.89,0.9,N,0
38.63408,-0.00439,296.52,0.34,0.56,2024-01-06,0237,N,VIIRS,n,2,281.74,2.21,N,0
38.32017,-6.7161,303.05,0.49,0.4,2024-01-06,0238,N,VIIRS,n,2,276.09,0.55,N,0
36.18145,-5.42506,299.42,0.41,0.45,2024-01-06,0238,N,VIIRS,n,2,280.71,1,N,2
38.66712,-4.04788,340.01,0.37,0.58,2024-01-06,1400,N,VIIRS,n,2,281.9,5.27,D,2
38.66735,-4.04356,328.75,0.37,0.58,2024-01-06,1400,N,VIIRS,n,2,281.68,5.29,D,0
38.66193,-4.04288,330.75,0.37,0.58,2024-01-06,1400,N,VIIRS,n,2,283.58,3.92,D,0
43.52465,-5.72755,328.36,0.33,0.56,2024-01-06,1401,N,VIIRS,n,2,283.55,2.12,D,2
43.52594,-5.73092,328.36,0.39,0.36,2024-01-07,0218,N,VIIRS,n,2,281.27,2.6,N,2
43.55387,-5.8603,295.22,0.39,0.36,2024-01-07,0218,N,VIIRS,n,2,278.38,0.64,N,2
43.52924,-5.73,298.5,0.39,0.36,2024-01-07,0218,N,VIIRS,n,2,278.65,2.6,N,2
43.52665,-5.73567,327.79,0.39,0.36,2024-01-07,0218,N,VIIRS,n,2,282.19,2.6,N,2
43.54087,-5.83086,301.91,0.39,0.36,2024-01-07,0218,N,VIIRS,n,2,279.6,0.84,N,2
43.53757,-5.83179,328.85,0.39,0.36,2024-01-07,0218,N,VIIRS,n,2,276.91,2.39,N,2
43.52264,-5.73186,326.86,0.39,0.36,2024-01-07,0218,N,VIIRS,n,2,278.76,2,N,2
43.52335,-5.73661,316.35,0.39,0.36,2024-01-07,0218,N,VIIRS,n,2,278.56,2,N,2
41.45428,1.9778,304.27,0.42,0.45,2024-01-07,0218,N,VIIRS,n,2,278.37,0.95,N,2
41.31212,1.66176,312.26,0.41,0.45,2024-01-07,0218,N,VIIRS,n,2,279.09,1.8,N,2
38.32048,-6.7204,297.84,0.38,0.36,2024-01-07,0219,N,VIIRS,n,2,274.31,0.72,N,0
36.18462,-5.39813,297.5,0.4,0.37,2024-01-07,0220,N,VIIRS,n,2,285.77,1.12,N,2
41.11222,1.03709,327.29,0.41,0.6,2024-01-07,1341,N,VIIRS,n,2,286.27,4.02,D,0
43.52013,-5.73512,296.89,0.52,0.41,2024-01-08,0159,N,VIIRS,n,2,276.12,0.8,N,2
41.45588,1.98005,303,0.42,0.38,2024-01-08,0159,N,VIIRS,n,2,278.31,0.97,N,2
43.55301,-5.86079,296.39,0.52,0.42,2024-01-08,0159,N,VIIRS,n,2,277.49,0.8,N,2
41.31205,1.6609,316.61,0.41,0.37,2024-01-08,0159,N,VIIRS,n,2,279.31,1.91,N,2
43.53803,-5.8303,298.67,0.52,0.42,2024-01-08,0159,N,VIIRS,n,2,277.17,0.7,N,2
43.52395,-5.73436,299.21,0.52,0.41,2024-01-08,0159,N,VIIRS,n,2,278.77,1.83,N,2
40.24398,-3.47641,330.09,0.41,0.37,2024-01-08,0200,N,VIIRS,n,2,276.19,2.92,N,2
37.3611,-5.9369,295.77,0.45,0.39,2024-01-08,0201,N,VIIRS,n,2,274.47,0.52,N,0
36.96626,-1.90551,312.31,0.38,0.36,2024-01-08,0201,N,VIIRS,n,2,281.18,1.63,N,2
41.68895,0.25659,342.5,0.65,0.73,2024-01-08,1142,N,VIIRS,n,2,281.95,7.42,D,0
41.68711,0.25868,339.95,0.65,0.73,2024-01-08,1142,N,VIIRS,n,2,281.72,4.29,D,0
41.5436,0.79219,326.41,0.62,0.71,2024-01-08,1142,N,VIIRS,n,2,281.16,2.63,D,0
41.5465,0.79578,325.56,0.62,0.71,2024-01-08,1142,N,VIIRS,n,2,281.64,3.98,D,0
41.1963,1.22418,325.16,0.61,0.71,2024-01-08,1142,N,VIIRS,n,2,284.07,2.39,D,0
37.56012,-2.2506,325.63,0.45,0.39,2024-01-08,1321,N,VIIRS,n,2,283.03,1.82,D,0
36.74254,-2.6907,329.6,0.43,0.38,2024-01-08,1321,N,VIIRS,n,2,290.12,2.61,D,0
41.45378,0.60452,337.91,0.44,0.46,2024-01-08,1322,N,VIIRS,n,2,283.14,2.87,D,0
38.8555,-4.76711,331.35,0.4,0.37,2024-01-08,1322,N,VIIRS,n,2,276.42,2.01,D,0
43.53792,-5.83367,339.05,0.58,0.52,2024-01-09,0140,N,VIIRS,n,2,275.76,12.23,N,2
43.54041,-5.83443,340.17,0.58,0.52,2024-01-09,0140,N,VIIRS,n,2,279.88,11.55,N,2
43.54279,-5.83306,300.29,0.58,0.52,2024-01-09,0140,N,VIIRS,n,2,277.13,1.34,N,2
41.31402,1.66205,311.05,0.41,0.37,2024-01-09,0140,N,VIIRS,n,2,276.5,1.23,N,2
41.45459,1.98093,310,0.4,0.37,2024-01-09,0140,N,VIIRS,n,2,276.95,0.97,N,2
43.52634,-5.73264,301.44,0.57,0.52,2024-01-09,0140,N,VIIRS,n,2,277.68,2.18,N,2
43.52588,-5.73,300.28,0.45,0.63,2024-01-09,0320,N,VIIRS,n,2,277.09,1.56,N,2
41.02734,0.42352,342.37,0.42,0.37,2024-01-09,1303,N,VIIRS,n,2,280.93,4.2,D,0
41.67134,0.18032,333.96,0.42,0.37,2024-01-09,1304,N,VIIRS,n,2,279.98,3,D,0
37.33545,-7.13383,326.4,0.33,0.55,2024-01-10,1244,N,VIIRS,n,2,285.13,1.98,D,0
40.2443,-3.47361,303.89,0.64,0.72,2024-01-11,0103,N,VIIRS,n,2,274.94,2.95,N,2
41.31232,1.6601,302.79,0.35,0.57,2024-01-11,0103,N,VIIRS,n,2,274.43,0.79,N,2
40.2456,-3.47567,311.85,0.64,0.72,2024-01-11,0103,N,VIIRS,n,2,275.48,1.92,N,2
40.24573,-3.47139,304.16,0.5,0.49,2024-01-11,0244,N,VIIRS,n,2,275.93,2.08,N,2
40.24709,-3.47703,302.87,0.5,0.49,2024-01-11,0244,N,VIIRS,n,2,276.41,3,N,2
38.47938,-0.96767,338.68,0.52,0.5,2024-01-11,1225,N,VIIRS,n,2,285.7,7.47,D,0
39.86789,-0.11168,331.39,0.44,0.46,2024-01-11,1226,N,VIIRS,n,2,286.49,7.49,D,0
39.86677,-0.11671,336.31,0.44,0.46,2024-01-11,1226,N,VIIRS,n,2,287.93,7.3,D,0
28.15901,-16.46931,335.56,0.41,0.37,2024-01-11,1403,N,VIIRS,n,2,304.69,3.28,D,0
41.31357,1.66098,311.67,0.49,0.49,2024-01-12,0224,N,VIIRS,n,2,277.81,1.8,N,2
41.31064,1.66169,303.26,0.49,0.49,2024-01-12,0224,N,VIIRS,n,2,275.37,1.16,N,2
40.24437,-3.47631,319.76,0.46,0.39,2024-01-12,0225,N,VIIRS,n,2,274.73,2.81,N,2
36.18402,-5.39768,300.05,0.45,0.39,2024-01-12,0226,N,VIIRS,n,2,288.69,1.2,N,2
38.31973,-6.71897,299.83,0.39,0.37,2024-01-12,0226,N,VIIRS,n,2,277.12,0.76,N,0
28.05613,-16.64358,367,0.57,0.43,2024-01-12,0229,N,VIIRS,h,2,324.41,56.92,N,0
28.05216,-16.64441,332.12,0.57,0.43,2024-01-12,0229,N,VIIRS,n,2,286.38,56.92,N,0
28.05283,-16.65018,306.52,0.57,0.43,2024-01-12,0229,N,VIIRS,n,2,285.98,45.92,N,0
28.0568,-16.64938,331.97,0.57,0.43,2024-01-12,0229,N,VIIRS,n,2,295.4,45.92,N,0
28.0581,-16.64182,341.46,0.47,0.48,2024-01-12,1345,N,VIIRS,n,2,305.44,48.37,D,0
28.05271,-16.64586,334.21,0.47,0.48,2024-01-12,1345,N,VIIRS,l,2,308.47,11.22,D,0
28.05371,-16.64105,341.33,0.47,0.48,2024-01-12,1345,N,VIIRS,n,2,309.34,11.22,D,0
43.22641,-2.87791,296.12,0.39,0.36,2024-01-13,0205,N,VIIRS,n,2,272.54,0.89,N,2
43.54142,-5.83382,300.76,0.45,0.39,2024-01-13,0205,N,VIIRS,n,2,274.3,1.03,N,2
41.6022,2.02173,298.69,0.47,0.4,2024-01-13,0205,N,VIIRS,n,2,273.7,0.75,N,0
41.45437,1.98096,300.28,0.47,0.4,2024-01-13,0205,N,VIIRS,n,2,278.3,1.16,N,2
41.31144,1.66111,309.04,0.46,0.39,2024-01-13,0206,N,VIIRS,n,2,275.18,1.75,N,2
28.05765,-16.64309,317.99,0.36,0.58,2024-01-13,0210,N,VIIRS,n,2,289.91,4.21,N,0
28.05234,-16.6443,317.41,0.36,0.58,2024-01-13,0210,N,VIIRS,n,2,288.44,3.21,N,0
28.05499,-16.64653,367,0.36,0.58,2024-01-13,0210,N,VIIRS,h,2,300.92,16.16,N,0
28.05468,-16.64285,309.49,0.36,0.58,2024-01-13,0210,N,VIIRS,n,2,289.79,5.68,N,0
28.05263,-16.64805,339.38,0.36,0.58,2024-01-13,0210,N,VIIRS,n,2,288.76,5.39,N,0
28.05795,-16.64682,367,0.36,0.58,2024-01-13,0210,N,VIIRS,h,2,296.02,8.48,N,0
28.05709,-16.65107,295.47,0.69,0.74,2024-01-13,0350,N,VIIRS,n,2,273,4.3,N,0
28.05505,-16.6437,341.24,0.69,0.74,2024-01-13,0350,N,VIIRS,n,2,276.25,4.3,N,0
41.45389,1.98068,310.88,0.38,0.36,2024-01-14,0147,N,VIIRS,n,2,280.74,1.65,N,2
41.31253,1.66257,312.33,0.39,0.36,2024-01-14,0147,N,VIIRS,n,2,279.35,1.75,N,2
40.24385,-3.47337,304.78,0.52,0.41,2024-01-14,0147,N,VIIRS,n,2,268.74,1.54,N,2
37.786,-3.60442,322.63,0.49,0.41,2024-01-14,0148,N,VIIRS,n,2,279.32,2.13,N,0
28.05845,-16.64531,302.15,0.7,0.75,2024-01-14,0151,N,VIIRS,n,2,268.62,1.04,N,0
38.68954,-0.29067,320.27,0.39,0.44,2024-01-15,0129,N,VIIRS,n,2,242.62,4.9,N,0
28.48265,-16.33399,295.05,0.4,0.44,2024-01-15,0313,N,VIIRS,n,2,269.16,0.38,N,0
36.18022,-5.42496,305.87,0.64,0.72,2024-01-16,0110,N,VIIRS,n,2,284,1.37,N,2
41.31419,1.65979,302.78,0.5,0.66,2024-01-16,0249,N,VIIRS,n,2,280.89,1.57,N,2
43.52279,-5.73186,296.09,0.39,0.44,2024-01-16,0249,N,VIIRS,n,2,267.24,0.5,N,2
28.05459,-16.64621,313.46,0.39,0.36,2024-01-16,0254,N,VIIRS,n,2,275.56,1.51,N,0
38.16571,-0.74283,333.49,0.43,0.46,2024-01-16,1231,N,VIIRS,n,2,276.67,6.59,D,0
38.16466,-0.74765,338.37,0.43,0.46,2024-01-16,1231,N,VIIRS,n,2,277.7,6.59,D,0
28.05389,-16.64318,335.71,0.39,0.36,2024-01-16,1410,N,VIIRS,n,2,300.15,2.3,D,0
43.5272,-5.72866,297.63,0.41,0.37,2024-01-17,0230,N,VIIRS,n,2,278.72,1.05,N,2
43.52386,-5.7298,305.2,0.41,0.37,2024-01-17,0230,N,VIIRS,n,2,280.93,1.2,N,2
43.34778,-8.43802,296.28,0.38,0.36,2024-01-17,0231,N,VIIRS,n,2,283.15,0.6,N,2
43.34516,-8.43576,300.1,0.38,0.36,2024-01-17,0231,N,VIIRS,n,2,283.67,0.58,N,2
28.05553,-16.64196,299.35,0.47,0.4,2024-01-17,0235,N,VIIRS,n,2,289.05,1.04,N,0
39.13223,-0.58304,345.46,0.48,0.64,2024-01-17,1353,N,VIIRS,n,2,288.5,7.51,D,0
43.036,-2.21884,320.61,0.39,0.36,2024-01-18,0212,N,VIIRS,n,2,284.15,0.98,N,2
43.03929,-2.21781,301.72,0.39,0.36,2024-01-18,0212,N,VIIRS,n,2,283.79,0.98,N,2
43.54122,-5.83291,330.72,0.41,0.37,2024-01-18,0212,N,VIIRS,n,2,286.54,3.24,N,2
43.52767,-5.73192,296.8,0.41,0.37,2024-01-18,0212,N,VIIRS,n,2,278.98,0.92,N,2
43.52699,-5.7269,297.98,0.41,0.37,2024-01-18,0212,N,VIIRS,n,2,280.36,0.92,N,2
43.53781,-5.83378,296.11,0.41,0.37,2024-01-18,0212,N,VIIRS,n,2,281.57,0.62,N,2
43.52427,-5.73281,299.21,0.41,0.37,2024-01-18,0212,N,VIIRS,n,2,279.82,0.73,N,2
43.55211,-5.86172,295.13,0.41,0.37,2024-01-18,0212,N,VIIRS,n,2,283.19,0.98,N,2
43.52088,-5.73366,297.07,0.41,0.37,2024-01-18,0212,N,VIIRS,n,2,278.39,0.73,N,2
41.9274,2.67264,305.93,0.57,0.43,2024-01-18,0212,N,VIIRS,n,2,285.1,1.36,N,0
41.31476,1.66058,307.78,0.53,0.42,2024-01-18,0212,N,VIIRS,n,2,284.13,1.47,N,2
36.96834,-1.9071,303.12,0.45,0.39,2024-01-18,0213,N,VIIRS,n,2,285.78,1.4,N,2
42.0395,2.43671,328.17,0.36,0.57,2024-01-18,1155,N,VIIRS,n,2,285.43,2.59,D,0
41.18626,1.22668,328.42,0.43,0.62,2024-01-18,1155,N,VIIRS,n,2,288.84,2.2,D,0
38.16347,-0.74462,327.21,0.51,0.49,2024-01-18,1334,N,VIIRS,n,2,287.1,2.83,D,0
38.16268,-0.74709,330.21,0.51,0.49,2024-01-18,1334,N,VIIRS,n,2,287.58,3.54,D,0
41.31221,1.66183,316.97,0.39,0.36,2024-01-19,0153,N,VIIRS,n,2,281.61,1.96,N,2
43.52691,-5.73093,306.66,0.34,0.56,2024-01-20,0134,N,VIIRS,n,2,276.92,1.04,N,2
43.52188,-5.73586,305.97,0.34,0.56,2024-01-20,0134,N,VIIRS,n,2,273.44,1.04,N,2
42.17317,-1.75369,343.96,0.42,0.45,2024-01-20,0134,N,VIIRS,n,2,273.89,3.22,N,0
42.17738,-1.75303,295.61,0.42,0.45,2024-01-20,0134,N,VIIRS,n,2,272.67,3.22,N,0
43.5376,-5.83519,301.13,0.35,0.57,2024-01-20,0134,N,VIIRS,n,2,272.86,2,N,2
41.40602,1.99604,303.14,0.44,0.38,2024-01-20,0134,N,VIIRS,n,2,277.72,0.61,N,2
43.53737,-5.83078,308.31,0.35,0.57,2024-01-20,0134,N,VIIRS,n,2,272.9,1.47,N,2
43.52713,-5.73514,309.47,0.34,0.56,2024-01-20,0134,N,VIIRS,n,2,276.66,1.04,N,2
37.36023,-6.67516,297.7,0.34,0.56,2024-01-20,0135,N,VIIRS,n,2,281.97,0.33,N,0
37.18013,-6.89898,295.06,0.35,0.57,2024-01-20,0136,N,VIIRS,n,2,284.65,0.53,N,0
43.5415,-5.83219,300.64,0.38,0.59,2024-01-20,0314,N,VIIRS,n,2,275.02,0.73,N,2
43.52456,-5.73837,296.86,0.38,0.59,2024-01-20,0314,N,VIIRS,n,2,275.07,1.12,N,2
43.52322,-5.73363,300.6,0.38,0.59,2024-01-20,0314,N,VIIRS,n,2,274,1.12,N,2
42.17672,-1.75283,303.37,0.64,0.72,2024-01-20,0314,N,VIIRS,n,2,271.12,1.74,N,0
43.52559,-5.73611,302.43,0.38,0.59,2024-01-20,0314,N,VIIRS,n,2,276.86,1.28,N,2
43.52423,-5.7314,296.57,0.38,0.59,2024-01-20,0314,N,VIIRS,n,2,273.43,0.72,N,2
42.17262,-1.75364,297.43,0.64,0.72,2024-01-20,0314,N,VIIRS,n,2,270.92,1.25,N,0
43.52813,-5.73045,339.29,0.45,0.39,2024-01-20,1258,N,VIIRS,n,2,287.33,7.96,D,2
42.05951,-1.79256,332.89,0.39,0.36,2024-01-20,1258,N,VIIRS,n,2,278.28,3.2,D,0
42.50563,-5.51902,340.27,0.46,0.39,2024-01-20,1258,N,VIIRS,n,2,282.94,9.34,D,0
43.54053,-5.83126,326.8,0.46,0.39,2024-01-20,1258,N,VIIRS,n,2,288.03,2.99,D,2
41.48633,-0.53274,297.74,0.63,0.54,2024-01-21,0115,N,VIIRS,n,2,272.77,1.06,N,0
42.16875,-1.59184,304.23,0.36,0.57,2024-01-21,0115,N,VIIRS,n,2,269.23,0.66,N,0
42.17409,-1.59087,296.01,0.36,0.57,2024-01-21,0115,N,VIIRS,n,2,270.36,0.66,N,0
41.98344,-1.27194,296.04,0.35,0.56,2024-01-21,0115,N,VIIRS,n,2,269.79,0.76,N,0
43.34589,-8.45494,296.12,0.53,0.42,2024-01-21,0256,N,VIIRS,n,2,280.61,0.6,N,0
43.53955,-5.83126,336.29,0.48,0.48,2024-01-21,1239,N,VIIRS,n,2,291.71,5.37,D,2
43.34659,-8.45539,335.96,0.32,0.55,2024-01-21,1240,N,VIIRS,n,2,285.48,2.31,D,0
43.34565,-8.45893,327.75,0.32,0.55,2024-01-21,1240,N,VIIRS,n,2,284.47,2.31,D,0
43.30657,-3.02585,296.22,0.75,0.77,2024-01-22,0056,N,VIIRS,n,2,281.86,0.83,N,2
40.24532,-3.48191,296.49,0.77,0.78,2024-01-22,0057,N,VIIRS,n,2,275.16,1.54,N,2
43.18417,-3.66442,296.17,0.54,0.42,2024-01-22,0237,N,VIIRS,n,2,273.63,1,N,0
43.18529,-3.66966,301.87,0.54,0.42,2024-01-22,0237,N,VIIRS,n,2,273.86,1.49,N,0
43.18641,-3.6749,304.66,0.54,0.42,2024-01-22,0237,N,VIIRS,n,2,275.48,1.49,N,0
40.24501,-3.47247,316.14,0.42,0.45,2024-01-22,0237,N,VIIRS,n,2,277.14,2.74,N,2
41.31409,1.66196,319.24,0.35,0.57,2024-01-22,0237,N,VIIRS,n,2,278.93,1.71,N,2
39.9365,-3.74619,303.39,0.41,0.45,2024-01-22,0238,N,VIIRS,n,2,276.03,1.15,N,2
43.52372,-5.72626,325.55,0.39,0.59,2024-01-22,1221,N,VIIRS,n,2,275.02,1.64,D,2
41.31113,1.66125,303.83,0.41,0.45,2024-01-23,0218,N,VIIRS,n,2,278.83,0.77,N,2
43.52365,-5.73395,312.03,0.39,0.36,2024-01-23,0218,N,VIIRS,n,2,283.31,1.27,N,2
43.52624,-5.72827,296.01,0.39,0.36,2024-01-23,0218,N,VIIRS,n,2,284.04,0.83,N,2
41.31514,1.66283,295.19,0.41,0.45,2024-01-23,0218,N,VIIRS,n,2,278.57,0.77,N,2
43.53857,-5.83386,315.02,0.39,0.36,2024-01-23,0218,N,VIIRS,n,2,283.24,1.07,N,2
43.55274,-5.85972,298.05,0.39,0.36,2024-01-23,0218,N,VIIRS,n,2,283.67,0.73,N,2
43.54187,-5.83293,302.86,0.39,0.36,2024-01-23,0218,N,VIIRS,n,2,284.15,0.71,N,2
43.52695,-5.73301,305.97,0.39,0.36,2024-01-23,0218,N,VIIRS,n,2,283.53,0.83,N,2
43.52436,-5.73869,298.68,0.39,0.36,2024-01-23,0218,N,VIIRS,n,2,283.18,0.81,N,2
40.24376,-3.47703,310.9,0.41,0.37,2024-01-23,0219,N,VIIRS,n,2,275.74,1.31,N,2
40.24572,-3.47473,322.36,0.41,0.37,2024-01-23,0219,N,VIIRS,n,2,279.46,2.25,N,2
40.24714,-3.476,301.05,0.41,0.37,2024-01-23,0219,N,VIIRS,n,2,277.59,1.31,N,2
39.93819,-3.7467,295.04,0.41,0.37,2024-01-23,0219,N,VIIRS,n,2,274.93,0.77,N,2
36.19181,-5.40246,327.46,0.4,0.37,2024-01-23,0220,N,VIIRS,n,2,281.42,2.29,N,0
40.75325,0.4756,328.5,0.4,0.6,2024-01-23,1201,N,VIIRS,n,2,286.64,3.9,D,0
43.53907,-5.82844,328.38,0.65,0.73,2024-01-23,1202,N,VIIRS,n,2,282.84,4.4,D,2
38.05928,-3.67532,341.55,0.43,0.46,2024-01-23,1341,N,VIIRS,n,2,292.84,6.45,D,0
40.7494,0.47822,341.03,0.38,0.59,2024-01-23,1341,N,VIIRS,n,2,289.43,3.46,D,0
43.52474,-5.73507,298.46,0.52,0.41,2024-01-24,0159,N,VIIRS,n,2,283.76,0.95,N,2
43.5388,-5.83087,332.07,0.52,0.42,2024-01-24,0159,N,VIIRS,n,2,282.63,5.63,N,2
41.31457,1.66026,303.15,0.41,0.37,2024-01-24,0159,N,VIIRS,n,2,278.21,1.15,N,2
42.81503,-1.74262,299.87,0.39,0.36,2024-01-24,0159,N,VIIRS,n,2,277.68,0.74,N,2
42.29923,-2.71633,297.44,0.4,0.37,2024-01-24,0159,N,VIIRS,n,2,277.46,0.48,N,0
41.45463,1.97962,300.63,0.42,0.38,2024-01-24,0159,N,VIIRS,n,2,281.8,0.78,N,2
43.54262,-5.83005,304.3,0.52,0.42,2024-01-24,0159,N,VIIRS,n,2,282.14,1.06,N,2
43.03617,-2.21792,303.27,0.4,0.37,2024-01-24,0159,N,VIIRS,n,2,278.8,0.86,N,2
40.5757,0.54273,298.19,0.4,0.37,2024-01-24,0200,N,VIIRS,n,2,279.49,0.54,N,0
39.23973,-3.42437,300.15,0.4,0.37,2024-01-24,0200,N,VIIRS,n,2,277.37,0.88,N,0
39.93589,-3.74467,300.76,0.41,0.37,2024-01-24,0200,N,VIIRS,n,2,278.94,1.02,N,2
40.24434,-3.47391,320.96,0.41,0.37,2024-01-24,0200,N,VIIRS,n,2,281.8,2.74,N,2
36.96677,-1.90615,309.66,0.38,0.36,2024-01-24,0201,N,VIIRS,n,2,282.06,1.5,N,2
40.24527,-3.47237,325.35,0.44,0.38,2024-01-24,1322,N,VIIRS,n,2,293.16,3.01,D,2
38.2979,-1.51355,342.04,0.49,0.4,2024-01-24,1322,N,VIIRS,n,2,299.17,5.63,D,0
37.31559,-6.37714,327.58,0.39,0.36,2024-01-24,1322,N,VIIRS,n,2,292.69,1.14,D,0
43.34782,-6.58347,331.16,0.39,0.36,2024-01-24,1323,N,VIIRS,n,2,294.9,3.63,D,0
42.93244,-1.20552,328.15,0.57,0.43,2024-01-24,1323,N,VIIRS,n,2,288.26,3.76,D,0
43.14371,-3.78855,329.6,0.45,0.39,2024-01-24,1323,N,VIIRS,n,2,292.76,3.08,D,0
43.15741,-3.73473,336.29,0.45,0.39,2024-01-24,1323,N,VIIRS,n,2,292.54,4.32,D,0
43.16036,-3.74088,333.05,0.45,0.39,2024-01-24,1323,N,VIIRS,n,2,291.52,4.47,D,0
42.35672,-1.6831,338.6,0.53,0.42,2024-01-24,1323,N,VIIRS,n,2,292.36,7.22,D,0
41.33372,-1.69263,328.39,0.52,0.41,2024-01-24,1323,N,VIIRS,n,2,291.11,2.82,D,0
43.52424,-5.73561,340.4,0.4,0.37,2024-01-24,1323,N,VIIRS,n,2,294.28,6.82,D,2
43.52829,-5.73148,333.9,0.4,0.37,2024-01-24,1323,N,VIIRS,n,2,291.46,3.63,D,2
43.52491,-5.73062,330.74,0.4,0.37,2024-01-24,1323,N,VIIRS,n,2,291.91,5.23,D,2
43.35043,-6.5893,326.69,0.39,0.36,2024-01-24,1323,N,VIIRS,n,2,297.28,13.35,D,0
43.35112,-6.58446,346.99,0.39,0.36,2024-01-24,1323,N,VIIRS,n,2,300.4,13.35,D,0
43.03657,-2.21812,301.36,0.38,0.43,2024-01-25,0140,N,VIIRS,n,2,280.28,0.63,N,2
43.55182,-5.8614,298.33,0.58,0.52,2024-01-25,0140,N,VIIRS,n,2,281.46,0.86,N,2
41.31316,1.66011,318.35,0.4,0.37,2024-01-25,0140,N,VIIRS,n,2,283.12,1.43,N,2
41.40619,1.99679,296.56,0.4,0.37,2024-01-25,0140,N,VIIRS,n,2,281.58,0.36,N,2
41.45392,1.97899,306.81,0.4,0.37,2024-01-25,0140,N,VIIRS,n,2,282.74,1.08,N,2
43.54025,-5.83283,325.65,0.58,0.52,2024-01-25,0140,N,VIIRS,n,2,283.45,5.13,N,2
43.5291,-5.73181,317.86,0.57,0.52,2024-01-25,0140,N,VIIRS,n,2,285.1,2.17,N,2
43.52427,-5.73265,300.66,0.57,0.52,2024-01-25,0140,N,VIIRS,n,2,283,2.17,N,2
43.53814,-5.83289,323.58,0.58,0.52,2024-01-25,0140,N,VIIRS,n,2,281.8,3.53,N,2
43.52646,-5.73223,323.34,0.57,0.52,2024-01-25,0140,N,VIIRS,n,2,285.52,3.78,N,2
43.225,-2.87781,297.58,0.41,0.45,2024-01-25,0140,N,VIIRS,n,2,281.98,0.69,N,2
43.1021,-2.43144,296.97,0.39,0.44,2024-01-25,0140,N,VIIRS,n,2,278.73,0.37,N,0
40.24367,-3.47454,323.56,0.41,0.45,2024-01-25,0141,N,VIIRS,n,2,282.37,1.87,N,2
40.57659,0.54371,296.02,0.43,0.38,2024-01-25,0141,N,VIIRS,n,2,283.1,0.33,N,0
36.96708,-1.90645,305.34,0.48,0.4,2024-01-25,0142,N,VIIRS,n,2,284.09,1.1,N,2
43.52844,-5.73349,344.62,0.45,0.63,2024-01-25,0320,N,VIIRS,n,2,285.55,3.17,N,2
43.52674,-5.72788,302.38,0.45,0.63,2024-01-25,0320,N,VIIRS,n,2,283.34,3.17,N,2
40.24562,-3.47168,300.91,0.72,0.76,2024-01-25,0321,N,VIIRS,n,2,279.41,2.15,N,2
36.47745,-5.41022,330.92,0.49,0.4,2024-01-25,1303,N,VIIRS,n,2,294.15,4.65,D,0
38.66659,-4.04936,346.31,0.41,0.37,2024-01-25,1303,N,VIIRS,n,2,290.06,5.77,D,2
37.54441,-2.20572,325.96,0.39,0.36,2024-01-25,1303,N,VIIRS,l,2,298.47,1.02,D,0
37.28481,-3.78588,338.5,0.42,0.38,2024-01-25,1303,N,VIIRS,n,2,294.38,1.77,D,0
39.57401,-0.65889,334.85,0.39,0.36,2024-01-25,1303,N,VIIRS,n,2,295.4,2.25,D,0
39.56292,-0.30972,329.03,0.39,0.37,2024-01-25,1303,N,VIIRS,n,2,292.76,1.47,D,0
36.38079,-5.45004,332.16,0.49,0.41,2024-01-25,1303,N,VIIRS,n,2,291.6,4.07,D,0
42.25603,-6.35028,330.78,0.44,0.38,2024-01-25,1304,N,VIIRS,n,2,298.3,28.03,D,0
43.53793,-5.83228,328.42,0.41,0.37,2024-01-25,1304,N,VIIRS,n,2,291.48,3.97,D,2
43.53883,-5.82723,328.53,0.41,0.37,2024-01-25,1304,N,VIIRS,n,2,290.74,3.97,D,0
43.23512,-6.08268,339.51,0.42,0.38,2024-01-25,1304,N,VIIRS,n,2,295.19,6.45,D,0
43.18333,-3.83083,331.8,0.39,0.36,2024-01-25,1304,N,VIIRS,n,2,295.62,2.78,D,0
43.18005,-3.82986,329.54,0.39,0.36,2024-01-25,1304,N,VIIRS,n,2,293.46,2.78,D,0
43.13839,-3.83224,287.42,0.39,0.36,2024-01-25,1304,N,VIIRS,l,2,295.2,20.15,D,0
43.13915,-3.8275,335.61,0.39,0.36,2024-01-25,1304,N,VIIRS,n,2,292.48,33.9,D,0
43.13511,-3.83123,327.79,0.39,0.36,2024-01-25,1304,N,VIIRS,n,2,293.29,5.62,D,0
43.13586,-3.82651,335.06,0.39,0.36,2024-01-25,1304,N,VIIRS,n,2,304.02,22.95,D,0
43.11235,-3.78006,328.21,0.39,0.36,2024-01-25,1304,N,VIIRS,n,2,291.87,3.98,D,0
43.11312,-3.77532,330.3,0.39,0.36,2024-01-25,1304,N,VIIRS,n,2,292.78,3.98,D,0
43.06576,-3.56183,333.34,0.39,0.36,2024-01-25,1304,N,VIIRS,n,2,289.23,3.22,D,0
42.43783,-6.37978,354.08,0.44,0.38,2024-01-25,1304,N,VIIRS,n,2,294.23,12.26,D,0
43.12177,-1.87911,347.86,0.39,0.36,2024-01-25,1304,N,VIIRS,n,2,289.91,10.11,D,0
42.25253,-6.34933,342.57,0.44,0.38,2024-01-25,1304,N,VIIRS,n,2,306.96,36.47,D,0
41.49709,-1.3032,335.5,0.39,0.36,2024-01-25,1304,N,VIIRS,n,2,288.4,2.67,D,0
43.23951,-3.77407,296.64,0.39,0.6,2024-01-26,0121,N,VIIRS,n,2,279.2,0.9,N,0
43.22674,-2.88447,295.86,0.35,0.57,2024-01-26,0121,N,VIIRS,n,2,281.28,0.75,N,2
43.22652,-2.88004,311.51,0.35,0.57,2024-01-26,0121,N,VIIRS,n,2,281.35,0.75,N,2
43.54234,-5.8361,313.92,0.5,0.66,2024-01-26,0121,N,VIIRS,n,2,274.86,3.17,N,2
43.52767,-5.73466,313.59,0.5,0.65,2024-01-26,0121,N,VIIRS,n,2,279.72,3.08,N,2
41.31144,1.66218,307.97,0.4,0.44,2024-01-26,0122,N,VIIRS,n,2,276.55,1.23,N,2
39.93479,-3.74723,296.3,0.37,0.58,2024-01-26,0122,N,VIIRS,n,2,277.11,0.61,N,2
39.95185,-0.00498,297.42,0.47,0.48,2024-01-26,0122,N,VIIRS,n,2,285.28,1.27,N,2
40.2455,-3.47774,299.7,0.36,0.57,2024-01-26,0122,N,VIIRS,n,2,262.01,0.72,N,2
40.57703,0.53985,296.3,0.45,0.47,2024-01-26,0122,N,VIIRS,n,2,278.49,0.67,N,0
36.96754,-1.90554,301,0.55,0.51,2024-01-26,0123,N,VIIRS,n,2,282.4,1.14,N,2
40.24716,-3.47513,302.24,0.43,0.62,2024-01-26,0302,N,VIIRS,n,2,269.45,1.28,N,2
41.31327,1.65959,308.62,0.7,0.75,2024-01-26,0302,N,VIIRS,n,2,283.29,1.97,N,2
41.31422,1.65715,297.49,0.7,0.75,2024-01-26,0302,N,VIIRS,n,2,281.84,2.48,N,0
43.25158,-3.76393,325.71,0.34,0.56,2024-01-26,0302,N,VIIRS,n,2,274.31,2.18,N,0
43.25651,-3.76144,315.15,0.34,0.56,2024-01-26,0302,N,VIIRS,n,2,274.78,2.18,N,0
36.96771,-1.90647,295.21,0.63,0.72,2024-01-26,0303,N,VIIRS,n,2,283.93,0.87,N,2
42.43944,-6.37777,341.15,0.45,0.47,2024-01-26,1245,N,VIIRS,n,2,276.65,12.03,D,0
43.24059,-3.6405,343.74,0.5,0.41,2024-01-26,1245,N,VIIRS,n,2,280.74,4.89,D,0
43.24389,-3.62427,342.66,0.5,0.41,2024-01-26,1245,N,VIIRS,n,2,280.91,8.09,D,0
43.23896,-3.62915,328.37,0.5,0.41,2024-01-26,1245,N,VIIRS,n,2,282.01,4.96,D,0
43.24007,-3.6237,333.28,0.5,0.41,2024-01-26,1245,N,VIIRS,n,2,283.14,5.17,D,0
43.24114,-3.61843,334.79,0.5,0.41,2024-01-26,1245,N,VIIRS,n,2,280.8,5.17,D,0
42.44057,-6.37291,339.34,0.45,0.47,2024-01-26,1245,N,VIIRS,n,2,274.92,10.87,D,0
42.43522,-6.37623,342.03,0.45,0.47,2024-01-26,1245,N,VIIRS,n,2,283.4,8.93,D,0
43.06588,-1.33822,330.17,0.42,0.38,2024-01-26,1245,N,VIIRS,n,2,283.96,4.61,D,0
43.0616,-1.34192,333.75,0.42,0.38,2024-01-26,1245,N,VIIRS,n,2,282.38,4.16,D,0
43.05821,-1.34068,339.37,0.42,0.38,2024-01-26,1245,N,VIIRS,n,2,281.42,4.16,D,0
43.27143,-4.14719,336.41,0.52,0.42,2024-01-26,1245,N,VIIRS,n,2,281.02,4.79,D,0
43.23949,-3.64594,335.75,0.5,0.41,2024-01-26,1245,N,VIIRS,n,2,277.72,4.89,D,0
43.53793,-5.82941,339.9,0.4,0.44,2024-01-26,1246,N,VIIRS,n,2,282.3,4.13,D,2
43.52477,-5.73641,328.29,0.4,0.44,2024-01-26,1246,N,VIIRS,n,2,281.2,2.66,D,2
39.95066,-0.0056,295.91,0.42,0.61,2024-01-27,0103,N,VIIRS,n,2,282.88,0.94,N,2
43.24956,-3.63341,298.41,0.42,0.45,2024-01-27,0243,N,VIIRS,n,2,270.36,1.2,N,0
43.23616,-3.65211,304.3,0.42,0.45,2024-01-27,0243,N,VIIRS,n,2,271.41,0.91,N,0
41.31437,1.66158,310.84,0.42,0.61,2024-01-27,0243,N,VIIRS,n,2,277.79,1.57,N,2
42.07857,-3.9169,309.27,0.43,0.46,2024-01-27,0243,N,VIIRS,n,2,264.17,0.81,N,0
43.25061,-3.61854,297.82,0.42,0.45,2024-01-27,0243,N,VIIRS,n,2,271.12,1.27,N,0
40.55641,-1.00772,325.1,0.47,0.48,2024-01-27,1226,N,VIIRS,n,2,280.06,2.05,D,0
43.15038,-1.72099,341.35,0.44,0.46,2024-01-27,1227,N,VIIRS,n,2,291.38,28.01,D,0
43.23531,-1.48639,325.31,0.43,0.46,2024-01-27,1227,N,VIIRS,n,2,287.62,3.56,D,0
43.5406,-5.8307,334.62,0.33,0.56,2024-01-27,1227,N,VIIRS,n,2,282.29,2.96,D,2
43.15168,-1.71532,342.71,0.44,0.46,2024-01-27,1227,N,VIIRS,n,2,299.2,28.01,D,0
43.12495,-4.07875,330.05,0.49,0.65,2024-01-27,1407,N,VIIRS,n,2,278.25,8.56,D,0
43.20388,-3.83484,303.04,0.42,0.37,2024-01-28,0224,N,VIIRS,n,2,273.46,0.59,N,0
43.24785,-3.66966,314.73,0.42,0.38,2024-01-28,0224,N,VIIRS,n,2,264.7,1.46,N,0
43.2436,-3.6661,297.47,0.42,0.38,2024-01-28,0224,N,VIIRS,n,2,264.32,0.59,N,0
43.21951,-3.72363,296.65,0.42,0.37,2024-01-28,0224,N,VIIRS,n,2,268.2,1.05,N,0
43.22046,-3.72881,296.75,0.42,0.37,2024-01-28,0224,N,VIIRS,n,2,268.97,0.85,N,0
43.24023,-3.66733,297.37,0.42,0.38,2024-01-28,0224,N,VIIRS,n,2,263.47,0.59,N,0
43.22382,-3.72758,311.72,0.42,0.37,2024-01-28,0224,N,VIIRS,n,2,269.63,0.85,N,0
43.22234,-3.72637,320.15,0.42,0.37,2024-01-28,0224,N,VIIRS,n,2,269.02,0.98,N,0
43.22475,-3.71995,303.57,0.42,0.37,2024-01-28,0224,N,VIIRS,n,2,267.43,0.98,N,0
43.22572,-3.72517,299.01,0.42,0.37,2024-01-28,0224,N,VIIRS,n,2,268.7,0.98,N,0
43.22916,-3.66591,297.46,0.42,0.38,2024-01-28,0224,N,VIIRS,n,2,261.78,0.31,N,0
43.16003,-6.49367,309.71,0.38,0.36,2024-01-28,0224,N,VIIRS,n,2,278.89,1.25,N,0
43.16404,-6.49737,335.11,0.38,0.36,2024-01-28,0224,N,VIIRS,n,2,284.22,6.81,N,0
43.16076,-6.49834,309.68,0.38,0.36,2024-01-28,0224,N,VIIRS,n,2,277.95,1.5,N,0
43.24273,-3.66139,300.41,0.42,0.38,2024-01-28,0224,N,VIIRS,n,2,264.39,0.59,N,0
43.24446,-3.6708,323.96,0.42,0.38,2024-01-28,0224,N,VIIRS,n,2,265.37,3.18,N,0
43.5246,-5.72881,300.12,0.39,0.36,2024-01-28,0224,N,VIIRS,n,2,263.01,1.31,N,2
43.25033,-3.66356,296.16,0.42,0.38,2024-01-28,0224,N,VIIRS,n,2,264.94,0.88,N,0
43.07417,-6.48668,345.03,0.38,0.36,2024-01-28,0224,N,VIIRS,n,2,284.8,9.47,N,0
43.0709,-6.48765,327.9,0.38,0.36,2024-01-28,0224,N,VIIRS,n,2,281.25,3.74,N,0
43.07016,-6.48298,334.95,0.38,0.36,2024-01-28,0224,N,VIIRS,n,2,282.14,3.74,N,0
43.06688,-6.48393,320.04,0.38,0.36,2024-01-28,0224,N,VIIRS,n,2,279.94,3.74,N,0
41.31411,1.66298,305.32,0.49,0.49,2024-01-28,0224,N,VIIRS,n,2,277.58,2.31,N,2
41.31251,1.6619,310.1,0.49,0.49,2024-01-28,0224,N,VIIRS,n,2,278.65,1.68,N,2
41.49914,-0.15498,296.7,0.4,0.44,2024-01-28,0224,N,VIIRS,n,2,272.74,0.55,N,0
43.23258,-3.66491,303.34,0.42,0.38,2024-01-28,0224,N,VIIRS,n,2,262.08,1.16,N,0
43.1633,-6.4927,319.68,0.38,0.36,2024-01-28,0224,N,VIIRS,n,2,280.21,2.52,N,0
43.236,-3.66388,307.8,0.42,0.38,2024-01-28,0224,N,VIIRS,n,2,263.19,1.16,N,0
43.21521,-3.7197,295.13,0.42,0.37,2024-01-28,0224,N,VIIRS,n,2,268.37,0.8,N,0
43.18583,-3.81452,312.74,0.42,0.37,2024-01-28,0224,N,VIIRS,n,2,274.35,1.18,N,0
39.93603,-3.74578,306.34,0.46,0.39,2024-01-28,0225,N,VIIRS,n,2,279.79,1.35,N,2
38.31951,-6.71941,296.34,0.4,0.37,2024-01-28,0226,N,VIIRS,n,2,280.72,0.61,N,0
37.26535,-5.36772,309.22,0.44,0.38,2024-01-28,0226,N,VIIRS,n,2,280.4,1.07,N,0
43.23503,-3.90325,341.87,0.57,0.52,2024-01-28,1348,N,VIIRS,n,2,287.72,6.71,D,0
43.23991,-3.90304,341.51,0.57,0.52,2024-01-28,1348,N,VIIRS,n,2,286.09,6.71,D,0
43.24037,-3.89537,330.05,0.57,0.52,2024-01-28,1348,N,VIIRS,n,2,285.13,6.71,D,0
43.23706,-3.89529,344.74,0.57,0.52,2024-01-28,1348,N,VIIRS,n,2,286.36,13.2,D,0
43.23546,-3.8961,330.47,0.57,0.52,2024-01-28,1348,N,VIIRS,n,2,285.76,6.71,D,0
43.23656,-3.90278,353.43,0.57,0.52,2024-01-28,1348,N,VIIRS,n,2,287.55,15.35,D,0
43.19725,-3.67323,302.13,0.4,0.37,2024-01-29,0205,N,VIIRS,n,2,263.59,0.44,N,0
43.17319,-3.67488,301.48,0.4,0.37,2024-01-29,0205,N,VIIRS,n,2,268.01,0.87,N,0
43.17249,-3.66982,301.24,0.4,0.37,2024-01-29,0205,N,VIIRS,n,2,264.49,0.87,N,0
43.11708,-1.44876,297.47,0.38,0.36,2024-01-29,0205,N,VIIRS,n,2,278.2,0.56,N,0
43.11858,-1.45805,301.68,0.38,0.36,2024-01-29,0205,N,VIIRS,n,2,276.28,0.78,N,0
43.11961,-1.44312,295.05,0.38,0.36,2024-01-29,0205,N,VIIRS,n,2,277.38,0.41,N,0
43.12111,-1.45242,297.6,0.38,0.36,2024-01-29,0205,N,VIIRS,n,2,277.82,0.74,N,0
43.22394,-3.64095,296.2,0.4,0.37,2024-01-29,0205,N,VIIRS,n,2,267.18,0.89,N,0
43.22127,-3.64659,296.49,0.4,0.37,2024-01-29,0205,N,VIIRS,n,2,270.77,1.68,N,0
43.22665,-3.63551,354.55,0.4,0.37,2024-01-29,0205,N,VIIRS,n,2,276.01,4.66,N,0
43.11783,-1.45341,303.09,0.38,0.36,2024-01-29,0205,N,VIIRS,n,2,277.55,0.78,N,0
43.22596,-3.63065,329.42,0.4,0.37,2024-01-29,0205,N,VIIRS,n,2,273.03,3.08,N,0
43.22733,-3.64034,297.11,0.4,0.37,2024-01-29,0205,N,VIIRS,n,2,270.4,4.66,N,0
43.22463,-3.64585,330.28,0.4,0.37,2024-01-29,0205,N,VIIRS,n,2,272.28,1.68,N,0
39.93764,-3.7436,295.77,0.39,0.36,2024-01-29,0206,N,VIIRS,n,2,267.55,0.61,N,2
37.80679,-5.00448,334.15,0.42,0.37,2024-01-29,1328,N,VIIRS,n,2,280.85,5.28,D,0
43.52682,-5.72959,300.58,0.48,0.48,2024-01-30,0146,N,VIIRS,n,2,281.13,1.35,N,2
43.27031,-3.61335,317.39,0.57,0.43,2024-01-30,0146,N,VIIRS,n,2,279.52,2.66,N,0
43.52237,-5.73032,295.38,0.48,0.48,2024-01-30,0146,N,VIIRS,n,2,278.67,0.47,N,2
43.53954,-5.83122,339.95,0.48,0.48,2024-01-30,0146,N,VIIRS,n,2,282.22,10.26,N,2
43.54132,-5.83044,337.38,0.48,0.48,2024-01-30,0146,N,VIIRS,n,2,281.76,3.6,N,2
43.09331,-6.49362,315.3,0.52,0.5,2024-01-30,0146,N,VIIRS,n,2,278.89,3.3,N,0
43.14369,-5.16293,301.92,0.45,0.47,2024-01-30,0146,N,VIIRS,n,2,276.99,1.17,N,0
43.14432,-5.17025,316.66,0.45,0.47,2024-01-30,0146,N,VIIRS,n,2,278.62,1.8,N,0
43.12551,-3.7723,303.47,0.38,0.43,2024-01-30,0146,N,VIIRS,n,2,277.93,0.65,N,0
43.17073,-3.68369,295.46,0.57,0.43,2024-01-30,0146,N,VIIRS,n,2,277.18,1.67,N,0
43.17721,-3.75113,296.1,0.38,0.43,2024-01-30,0146,N,VIIRS,n,2,278.08,0.48,N,0
43.17476,-3.68334,313.13,0.57,0.43,2024-01-30,0146,N,VIIRS,n,2,279.07,1.67,N,0
43.193,-3.66171,297.3,0.57,0.43,2024-01-30,0146,N,VIIRS,n,2,275.98,1.92,N,0
43.19701,-3.66114,319.48,0.57,0.43,2024-01-30,0146,N,VIIRS,n,2,276.71,1.92,N,0
43.20173,-3.66779,304.16,0.57,0.43,2024-01-30,0146,N,VIIRS,n,2,274.96,3.59,N,0
43.20102,-3.66057,339.36,0.57,0.43,2024-01-30,0146,N,VIIRS,n,2,278.18,3.59,N,0
43.20833,-3.65224,326.85,0.57,0.43,2024-01-30,0146,N,VIIRS,n,2,279.44,3.04,N,0
43.217,-3.61683,315.9,0.57,0.43,2024-01-30,0146,N,VIIRS,n,2,279.81,2.65,N,0
43.22105,-3.6168,315.57,0.57,0.43,2024-01-30,0146,N,VIIRS,n,2,279.46,2.97,N,0
43.22861,-3.61124,316.94,0.57,0.43,2024-01-30,0146,N,VIIRS,n,2,278.84,2.53,N,0
43.2327,-3.61141,321.2,0.57,0.43,2024-01-30,0146,N,VIIRS,n,2,279.02,2.53,N,0
43.40335,-5.25404,301.88,0.45,0.47,2024-01-30,0146,N,VIIRS,n,2,280.62,1.03,N,0
43.40415,-5.26328,308.77,0.45,0.47,2024-01-30,0146,N,VIIRS,n,2,280.8,1.58,N,0
43.40366,-5.25361,302.29,0.45,0.47,2024-01-30,0146,N,VIIRS,n,2,280.93,1.42,N,0
43.40442,-5.2628,307.96,0.45,0.47,2024-01-30,0146,N,VIIRS,n,2,280.5,1.59,N,0
40.24339,-3.47291,304.92,0.52,0.41,2024-01-30,0147,N,VIIRS,n,2,270.51,1.86,N,2
39.93683,-3.74737,299.64,0.53,0.42,2024-01-30,0147,N,VIIRS,n,2,277.94,1.1,N,2
40.24496,-3.47237,301.56,0.52,0.41,2024-01-30,0147,N,VIIRS,n,2,270.44,0.9,N,2
42.56629,-5.65338,301.59,0.46,0.47,2024-01-30,0147,N,VIIRS,n,2,274.3,0.95,N,0
43.3578,-3.19595,333.23,0.7,0.75,2024-01-30,0326,N,VIIRS,n,2,281.34,4.53,N,0
43.20163,-3.65986,296.26,0.68,0.74,2024-01-30,0326,N,VIIRS,n,2,275.86,0.93,N,0
43.21754,-3.61844,295.42,0.68,0.74,2024-01-30,0326,N,VIIRS,n,2,275.24,0.87,N,0
43.21955,-3.623,295.35,0.68,0.74,2024-01-30,0326,N,VIIRS,n,2,274.66,1.21,N,0
43.35568,-3.1899,312.49,0.7,0.75,2024-01-30,0326,N,VIIRS,n,2,279.48,4.53,N,0
43.09316,-6.5723,317.58,0.51,0.66,2024-01-30,0327,N,VIIRS,n,2,277,2.2,N,0
37.40596,-6.17803,329.28,0.44,0.39,2024-01-30,1309,N,VIIRS,n,2,290.32,1.75,D,0
39.25048,-6.45263,325.61,0.43,0.38,2024-01-30,1310,N,VIIRS,n,2,286.19,3.4,D,0
39.56477,-3.5364,334.14,0.38,0.36,2024-01-30,1310,N,VIIRS,n,2,288.33,2.12,D,0
39.72385,-3.20651,339.05,0.38,0.36,2024-01-30,1310,N,VIIRS,n,2,289.77,2.88,D,0
42.59727,-4.47236,328.58,0.38,0.36,2024-01-30,1310,N,VIIRS,n,2,287.39,1.69,D,0
42.26139,-6.38209,332.66,0.4,0.37,2024-01-30,1310,N,VIIRS,n,2,283.1,6.31,D,0
42.26221,-6.37723,339.6,0.4,0.37,2024-01-30,1310,N,VIIRS,n,2,286.12,6.31,D,0
43.15045,-3.57885,328.88,0.39,0.36,2024-01-30,1311,N,VIIRS,n,2,290.44,2.35,D,0
43.15112,-3.57413,326.14,0.39,0.36,2024-01-30,1311,N,VIIRS,n,2,290.02,2.35,D,0
43.53816,-5.82883,325.3,0.39,0.36,2024-01-30,1311,N,VIIRS,n,2,281.45,3.3,D,2
43.14385,-5.15849,329.04,0.39,0.36,2024-01-30,1311,N,VIIRS,n,2,285.09,4.16,D,0
43.14461,-5.15373,328.69,0.39,0.36,2024-01-30,1311,N,VIIRS,n,2,284.39,4.16,D,0
43.22856,-3.60877,338.71,0.39,0.36,2024-01-30,1311,N,VIIRS,n,2,287.67,4.03,D,0
43.22313,-2.87858,296.14,0.51,0.66,2024-02-01,0108,N,VIIRS,n,2,278.29,0.84,N,2
43.12536,-3.65598,367,0.56,0.69,2024-02-01,0108,N,VIIRS,h,2,281.64,18.65,N,0
43.12529,-3.65001,346.63,0.56,0.69,2024-02-01,0108,N,VIIRS,n,2,275.85,18.3,N,0
43.12543,-3.66242,310.7,0.56,0.69,2024-02-01,0108,N,VIIRS,n,2,275.47,18.65,N,0
43.22589,-2.88306,295.12,0.51,0.66,2024-02-01,0108,N,VIIRS,n,2,279.05,1.03,N,2
43.12497,-3.6553,367,0.56,0.69,2024-02-01,0109,N,VIIRS,h,2,282.54,19.38,N,0
40.24406,-3.47637,312.24,0.53,0.67,2024-02-01,0109,N,VIIRS,n,2,277.62,2.34,N,2
40.24741,-3.47904,299.46,0.53,0.67,2024-02-01,0109,N,VIIRS,n,2,275.98,1.67,N,2
41.31186,1.66252,302.56,0.58,0.52,2024-02-01,0109,N,VIIRS,n,2,278.57,1.54,N,2
43.12507,-3.66167,315.69,0.56,0.69,2024-02-01,0109,N,VIIRS,n,2,275.42,17.46,N,0
43.12487,-3.64923,325.49,0.56,0.69,2024-02-01,0109,N,VIIRS,n,2,274.37,19.38,N,0
41.31157,1.66276,305.07,0.5,0.66,2024-02-01,0249,N,VIIRS,n,2,278.65,2.29,N,2
43.0638,-6.14459,305.61,0.39,0.44,2024-02-01,0249,N,VIIRS,n,2,263.88,1.84,N,0
43.12879,-3.64923,344.83,0.5,0.49,2024-02-01,0249,N,VIIRS,n,2,274.33,7.1,N,0
43.13002,-3.64852,317.2,0.5,0.49,2024-02-01,0249,N,VIIRS,n,2,270.44,2.37,N,0
43.13175,-3.65546,297.19,0.5,0.49,2024-02-01,0249,N,VIIRS,n,2,269.99,1.43,N,0
43.13047,-3.65621,306.24,0.5,0.49,2024-02-01,0249,N,VIIRS,n,2,270.4,7.1,N,0
43.12426,-3.65035,342.53,0.5,0.49,2024-02-01,0249,N,VIIRS,n,2,271.41,7.1,N,0
43.12593,-3.65727,303.75,0.5,0.49,2024-02-01,0249,N,VIIRS,n,2,269.17,7.1,N,0
40.24542,-3.47797,298.09,0.6,0.53,2024-02-01,0250,N,VIIRS,n,2,276.45,1.56,N,2
39.93587,-3.74398,298.4,0.59,0.53,2024-02-01,0250,N,VIIRS,n,2,275.86,0.8,N,2
38.66684,-4.05255,295.18,0.61,0.54,2024-02-01,0250,N,VIIRS,n,2,274.32,1.35,N,2
37.36213,-5.86672,296.25,0.53,0.5,2024-02-01,0251,N,VIIRS,n,2,280.93,0.76,N,2
38.81645,-1.50932,327.95,0.45,0.47,2024-02-01,1232,N,VIIRS,n,2,294.12,2.95,D,0
38.81743,-1.5113,335,0.45,0.47,2024-02-01,1232,N,VIIRS,n,2,294.53,2.89,D,0
39.90417,-0.04156,338.23,0.55,0.43,2024-02-01,1232,N,VIIRS,n,2,290.25,6.55,D,0
39.908,-0.04288,330.07,0.55,0.43,2024-02-01,1232,N,VIIRS,n,2,288.78,6.55,D,0
39.90748,-0.04413,336.82,0.55,0.43,2024-02-01,1232,N,VIIRS,n,2,289.61,5.07,D,0
39.54956,-4.70069,328.06,0.63,0.54,2024-02-01,1232,N,VIIRS,n,2,287.56,4.34,D,0
39.24578,-6.45149,326.48,0.39,0.6,2024-02-01,1232,N,VIIRS,n,2,290.45,3.99,D,0
40.9079,-2.97351,336.46,0.48,0.48,2024-02-01,1232,N,VIIRS,n,2,289.5,6.77,D,0
40.9122,-2.97515,338.9,0.48,0.48,2024-02-01,1232,N,VIIRS,n,2,289.79,6.77,D,0
40.91093,-2.98067,338.54,0.48,0.48,2024-02-01,1232,N,VIIRS,n,2,287.71,8.18,D,0
40.92847,-2.94533,346.73,0.48,0.48,2024-02-01,1232,N,VIIRS,n,2,290.63,7.47,D,0
42.38915,-1.4892,327.87,0.57,0.43,2024-02-01,1233,N,VIIRS,n,2,271.36,3.56,D,0
43.12806,-3.66045,338.58,0.46,0.47,2024-02-01,1233,N,VIIRS,n,2,271.95,3.58,D,0
42.89037,-6.8658,367,0.33,0.55,2024-02-01,1233,N,VIIRS,h,2,293.13,6.5,D,0
42.88932,-6.86969,335.77,0.33,0.55,2024-02-01,1233,N,VIIRS,n,2,285.68,6.5,D,0
42.89512,-6.86852,347.9,0.33,0.55,2024-02-01,1233,N,VIIRS,n,2,283.7,6.5,D,0
38.32396,-1.67869,340.11,0.74,0.76,2024-02-01,1412,N,VIIRS,n,2,294.86,7.46,D,0
42.25111,-6.35184,356.43,0.44,0.63,2024-02-01,1413,N,VIIRS,l,2,285.05,9.1,D,0
42.25131,-6.34595,329.13,0.44,0.63,2024-02-01,1413,N,VIIRS,n,2,280.28,9.1,D,0
43.34527,-4.75902,328.86,0.43,0.38,2024-02-02,0230,N,VIIRS,n,2,278.68,4.48,N,0
43.52755,-5.72664,296.19,0.41,0.37,2024-02-02,0230,N,VIIRS,n,2,281.68,1.04,N,2
43.54279,-5.83149,299.97,0.4,0.37,2024-02-02,0230,N,VIIRS,n,2,280.78,1.58,N,2
43.53946,-5.8326,326.53,0.4,0.37,2024-02-02,0230,N,VIIRS,n,2,281.48,1.58,N,2
43.53858,-5.82946,326.12,0.4,0.37,2024-02-02,0230,N,VIIRS,n,2,279.86,1.77,N,2
43.34472,-4.76059,321.49,0.43,0.38,2024-02-02,0230,N,VIIRS,n,2,278.02,2.73,N,0
43.53945,-5.83438,310.11,0.4,0.37,2024-02-02,0230,N,VIIRS,n,2,279.71,2.04,N,2
43.39633,-6.59525,295.38,0.39,0.36,2024-02-02,0230,N,VIIRS,n,2,276.39,0.77,N,0
43.39304,-6.59636,311.28,0.39,0.36,2024-02-02,0230,N,VIIRS,n,2,276.93,0.77,N,0
43.17722,-6.35152,297.17,0.4,0.37,2024-02-02,0231,N,VIIRS,n,2,275.92,1.32,N,0
43.16898,-6.38481,307.72,0.4,0.37,2024-02-02,0231,N,VIIRS,n,2,276.92,1.49,N,0
43.09058,-6.5029,303.22,0.4,0.37,2024-02-02,0231,N,VIIRS,n,2,274.25,0.7,N,0
43.08728,-6.50402,306.5,0.4,0.37,2024-02-02,0231,N,VIIRS,n,2,274.88,1.04,N,0
41.31328,1.66322,309.88,0.59,0.53,2024-02-02,0231,N,VIIRS,n,2,276.26,1.51,N,2
41.0022,-6.44416,309.47,0.41,0.37,2024-02-02,0231,N,VIIRS,n,2,272.58,1.41,N,0
40.244,-3.47558,307.75,0.53,0.42,2024-02-02,0231,N,VIIRS,n,2,267.22,1.9,N,2
39.93677,-3.74722,301.63,0.53,0.42,2024-02-02,0231,N,VIIRS,n,2,276.25,1.38,N,2
37.26636,-6.03719,306.4,0.47,0.4,2024-02-02,0232,N,VIIRS,n,2,278.38,1.49,N,0
37.36123,-5.86305,303.68,0.47,0.4,2024-02-02,0232,N,VIIRS,n,2,280.75,1.39,N,2
42.22601,-8.2567,342.72,0.66,0.73,2024-02-02,1214,N,VIIRS,n,2,287.23,6.74,D,0
41.49286,-1.30393,330.05,0.33,0.55,2024-02-02,1214,N,VIIRS,n,2,288.13,1.64,D,0
41.58032,-1.30281,329.39,0.33,0.55,2024-02-02,1214,N,VIIRS,n,2,287.79,1.37,D,0
42.22469,-8.25572,328.86,0.66,0.73,2024-02-02,1214,N,VIIRS,n,2,287.11,7.67,D,0
41.5831,-1.3047,332.44,0.33,0.55,2024-02-02,1214,N,VIIRS,n,2,288.22,1.52,D,0
42.10683,-1.82819,332.89,0.33,0.56,2024-02-02,1214,N,VIIRS,n,2,288.47,2.54,D,0
42.10366,-1.82696,333.55,0.33,0.56,2024-02-02,1214,N,VIIRS,n,2,288.73,2.55,D,0
42.0219,-7.11694,347.83,0.6,0.7,2024-02-02,1214,N,VIIRS,n,2,286.93,9.41,D,0
42.02167,-7.11814,354.7,0.6,0.7,2024-02-02,1214,N,VIIRS,n,2,287.37,8.96,D,0
43.17358,-6.34976,325.34,0.51,0.66,2024-02-02,1214,N,VIIRS,n,2,285.35,4.92,D,0
43.34215,-4.75843,329.48,0.42,0.61,2024-02-02,1214,N,VIIRS,n,2,290.04,5.05,D,0
42.09832,2.41927,338.49,0.42,0.45,2024-02-02,1214,N,VIIRS,n,2,289.79,6.14,D,0
43.17534,-6.3469,330.52,0.51,0.66,2024-02-02,1214,N,VIIRS,n,2,286.89,7.39,D,0
43.17903,-6.35389,329.37,0.51,0.66,2024-02-02,1214,N,VIIRS,n,2,283.63,4.43,D,0
38.66297,-4.04422,336,0.62,0.54,2024-02-02,1353,N,VIIRS,n,2,291.51,4.37,D,0
37.93797,-3.14247,330.38,0.34,0.56,2024-02-02,1353,N,VIIRS,n,2,291.38,2.06,D,0
37.17803,-6.3031,334.81,0.45,0.47,2024-02-02,1353,N,VIIRS,n,2,293.05,3.63,D,0
40.24528,-3.47449,325.32,0.34,0.56,2024-02-02,1354,N,VIIRS,n,2,285.59,3.25,D,2
42.42219,-6.37964,342.6,0.51,0.49,2024-02-02,1354,N,VIIRS,n,2,296.96,63.84,D,0
42.12358,-1.24361,343.98,0.46,0.64,2024-02-02,1354,N,VIIRS,n,2,288.17,3.12,D,0
41.50106,-1.37386,332.68,0.45,0.63,2024-02-02,1354,N,VIIRS,n,2,289.32,3.05,D,0
40.91821,-2.95251,357.28,0.37,0.58,2024-02-02,1354,N,VIIRS,l,2,289.91,6.07,D,0
40.91842,-2.94821,336.98,0.37,0.58,2024-02-02,1354,N,VIIRS,n,2,289.16,6.07,D,0
43.13086,-3.664,336.97,0.35,0.57,2024-02-02,1355,N,VIIRS,n,2,289.24,3.73,D,0
43.12938,-3.66215,342.07,0.35,0.57,2024-02-02,1355,N,VIIRS,n,2,289.59,4.07,D,0
43.18206,-3.89014,333.91,0.34,0.56,2024-02-02,1355,N,VIIRS,n,2,287.62,1.8,D,0
43.17887,-6.34572,333.89,0.52,0.5,2024-02-02,1355,N,VIIRS,n,2,287.39,4.54,D,0
43.17752,-6.34679,336.34,0.52,0.5,2024-02-02,1355,N,VIIRS,n,2,289.42,5.26,D,0
43.36783,-6.64803,331.23,0.5,0.49,2024-02-02,1355,N,VIIRS,n,2,285.44,2.96,D,0
43.36786,-6.64987,331.86,0.5,0.49,2024-02-02,1355,N,VIIRS,n,2,285.24,3.6,D,0
43.53975,-5.83335,317.09,0.41,0.37,2024-02-03,0212,N,VIIRS,n,2,282.32,2.27,N,2
43.3504,-4.75272,301.67,0.39,0.36,2024-02-03,0212,N,VIIRS,n,2,278.88,0.55,N,0
43.34709,-4.75373,345.15,0.39,0.36,2024-02-03,0212,N,VIIRS,n,2,288.07,6.23,N,0
43.34381,-4.75491,302.94,0.39,0.36,2024-02-03,0212,N,VIIRS,n,2,277.65,6.23,N,0
43.38633,-5.10135,295.54,0.4,0.37,2024-02-03,0212,N,VIIRS,n,2,279.18,0.24,N,0
43.28907,-4.69638,310.48,0.39,0.36,2024-02-03,0212,N,VIIRS,n,2,278.53,1.33,N,0
43.28576,-4.69732,325.12,0.39,0.36,2024-02-03,0212,N,VIIRS,n,2,280.52,1.93,N,0
43.13132,-3.67281,328.33,0.38,0.36,2024-02-03,0212,N,VIIRS,n,2,277.01,3.23,N,0
43.2865,-4.70232,315.32,0.39,0.36,2024-02-03,0212,N,VIIRS,n,2,277.33,1.93,N,0
42.8147,-1.74406,300.21,0.4,0.37,2024-02-03,0212,N,VIIRS,n,2,271.49,0.98,N,2
43.18143,-5.50956,295.06,0.4,0.37,2024-02-03,0212,N,VIIRS,n,2,277.93,0.56,N,0
43.34752,-8.43786,296.92,0.49,0.4,2024-02-03,0212,N,VIIRS,n,2,279.64,0.75,N,2
41.31186,1.66331,307.33,0.53,0.42,2024-02-03,0212,N,VIIRS,n,2,270.44,1.79,N,2
40.57663,0.54195,296.81,0.49,0.4,2024-02-03,0212,N,VIIRS,n,2,278.37,0.8,N,2
40.24525,-3.47449,326.85,0.39,0.36,2024-02-03,0212,N,VIIRS,n,2,282.3,2.52,N,2
40.35711,-4.33522,303.87,0.38,0.36,2024-02-03,0212,N,VIIRS,n,2,273.65,0.5,N,0
39.93865,-3.74647,296.99,0.39,0.36,2024-02-03,0212,N,VIIRS,n,2,276.87,0.53,N,2
39.95082,-4.58399,300.03,0.38,0.36,2024-02-03,0212,N,VIIRS,n,2,276.77,0.74,N,0
37.98402,-4.28403,296.98,0.39,0.36,2024-02-03,0213,N,VIIRS,n,2,277.51,0.49,N,0
38.32119,-6.72092,300.17,0.4,0.37,2024-02-03,0213,N,VIIRS,n,2,278.91,0.68,N,0
37.19,-4.75532,301.25,0.39,0.36,2024-02-03,0213,N,VIIRS,n,2,280.25,0.79,N,0
37.1288,-4.65405,296.6,0.39,0.36,2024-02-03,0213,N,VIIRS,n,2,276.24,0.39,N,0
37.1255,-4.65489,298.62,0.39,0.36,2024-02-03,0213,N,VIIRS,n,2,277.25,0.39,N,0
43.13257,-3.67306,367,0.63,0.72,2024-02-03,1156,N,VIIRS,h,2,292.62,20.03,D,0
36.81692,-3.97279,326.23,0.51,0.41,2024-02-03,1334,N,VIIRS,n,2,287.69,3.12,D,0
40.24468,-3.47177,336.8,0.39,0.44,2024-02-03,1335,N,VIIRS,n,2,294.46,2.84,D,2
39.59421,-0.45616,340.94,0.54,0.51,2024-02-03,1335,N,VIIRS,n,2,295.15,6.57,D,0
39.59893,-0.45675,327.81,0.54,0.51,2024-02-03,1335,N,VIIRS,n,2,291.68,6.57,D,0
43.13114,-3.66631,339.01,0.41,0.45,2024-02-03,1336,N,VIIRS,n,2,297.63,6.86,D,0
43.13067,-3.67148,327.51,0.41,0.45,2024-02-03,1336,N,VIIRS,n,2,298.14,13.77,D,0
43.13024,-3.67639,344.68,0.41,0.45,2024-02-03,1336,N,VIIRS,n,2,305.15,13.77,D,0
43.13475,-3.67292,350.78,0.41,0.45,2024-02-03,1336,N,VIIRS,n,2,291.98,13.77,D,0
43.13431,-3.67785,340.6,0.41,0.45,2024-02-03,1336,N,VIIRS,n,2,293.93,13.77,D,0
43.11803,-3.85805,342.13,0.4,0.44,2024-02-03,1336,N,VIIRS,n,2,290.19,6.03,D,0
43.11755,-3.86335,341.89,0.4,0.44,2024-02-03,1336,N,VIIRS,n,2,288.65,6.03,D,0
43.12217,-3.85835,348.84,0.4,0.44,2024-02-03,1336,N,VIIRS,n,2,290.51,13.21,D,0
43.16448,-3.80702,346.19,0.4,0.45,2024-02-03,1336,N,VIIRS,n,2,298.13,7.74,D,0
43.1685,-3.8087,341.31,0.4,0.45,2024-02-03,1336,N,VIIRS,n,2,297.53,5.07,D,0
43.16625,-3.80588,344.48,0.4,0.45,2024-02-03,1336,N,VIIRS,n,2,298.69,10.37,D,0
43.18084,-3.83009,341.52,0.4,0.45,2024-02-03,1336,N,VIIRS,n,2,297.1,4.79,D,0
43.18882,-3.97337,325.27,0.4,0.44,2024-02-03,1336,N,VIIRS,n,2,286.85,1.89,D,0
43.05487,-5.54125,330.48,0.51,0.41,2024-02-03,1336,N,VIIRS,n,2,295.19,4.52,D,0
42.96242,-1.30784,327.49,0.53,0.5,2024-02-03,1336,N,VIIRS,n,2,288.1,3.66,D,0
43.13031,-3.6724,299.17,0.49,0.4,2024-02-04,0153,N,VIIRS,n,2,274.23,3.63,N,0
43.53978,-5.83339,334.68,0.41,0.45,2024-02-04,0153,N,VIIRS,n,2,280.85,3.98,N,2
43.526,-5.72812,299.75,0.4,0.44,2024-02-04,0153,N,VIIRS,n,2,280.91,0.97,N,2
43.139,-3.6821,324.35,0.49,0.4,2024-02-04,0153,N,VIIRS,n,2,276.54,3.2,N,0
43.13831,-3.67594,305.69,0.49,0.4,2024-02-04,0153,N,VIIRS,n,2,275.01,1.09,N,0
43.13764,-3.67004,304.54,0.49,0.4,2024-02-04,0153,N,VIIRS,n,2,274.27,1.09,N,0
43.13533,-3.68329,331.48,0.49,0.4,2024-02-04,0153,N,VIIRS,n,2,277.01,4.07,N,0
43.13464,-3.67714,314.46,0.49,0.4,2024-02-04,0153,N,VIIRS,n,2,275,3.63,N,0
43.13167,-3.68448,326.83,0.49,0.4,2024-02-04,0153,N,VIIRS,n,2,276.82,4.07,N,0
43.13099,-3.67843,337.46,0.49,0.4,2024-02-04,0153,N,VIIRS,n,2,278.21,3.63,N,0
43.12733,-3.67971,346.72,0.49,0.4,2024-02-04,0153,N,VIIRS,n,2,279.02,17.02,N,0
43.23587,-4.80435,337.79,0.55,0.42,2024-02-04,0153,N,VIIRS,n,2,279.38,6.74,N,0
43.23667,-4.81224,299.72,0.55,0.42,2024-02-04,0153,N,VIIRS,n,2,278.94,1.52,N,0
41.45679,1.97752,303.2,0.39,0.36,2024-02-04,0153,N,VIIRS,n,2,278.4,0.49,N,2
41.40647,1.99948,307.92,0.39,0.36,2024-02-04,0153,N,VIIRS,n,2,277.37,0.76,N,2
41.31227,1.65984,310.78,0.39,0.36,2024-02-04,0153,N,VIIRS,n,2,272.99,1.3,N,2
40.57703,0.5414,305.1,0.38,0.36,2024-02-04,0153,N,VIIRS,n,2,278.87,0.76,N,2
37.71059,-5.34362,295.53,0.5,0.41,2024-02-04,0154,N,VIIRS,n,2,279.34,1.04,N,0
37.78102,-5.38803,299.56,0.5,0.41,2024-02-04,0154,N,VIIRS,n,2,277.54,1.86,N,0
38.30967,-5.28931,301.95,0.5,0.41,2024-02-04,0154,N,VIIRS,n,2,275.86,0.63,N,0
38.26617,-3.62245,312.32,0.44,0.38,2024-02-04,0154,N,VIIRS,n,2,278.66,1.56,N,0
38.26841,-3.61171,307.03,0.44,0.38,2024-02-04,0154,N,VIIRS,n,2,278.61,1.04,N,0
39.93573,-3.74497,303.8,0.46,0.39,2024-02-04,0154,N,VIIRS,n,2,276.08,1.16,N,2
40.2433,-3.47291,305.96,0.45,0.39,2024-02-04,0154,N,VIIRS,n,2,276.34,0.83,N,2
40.24686,-3.47213,304.98,0.45,0.39,2024-02-04,0154,N,VIIRS,n,2,277.35,0.83,N,2
37.27259,-4.54465,302.71,0.46,0.39,2024-02-04,0154,N,VIIRS,n,2,277.33,1.06,N,0
37.20137,-4.78564,305.04,0.47,0.4,2024-02-04,0154,N,VIIRS,n,2,279.66,1,N,0
37.29117,-4.75812,296.76,0.47,0.4,2024-02-04,0154,N,VIIRS,n,2,279.83,0.45,N,0
37.27218,-4.54632,300.47,0.46,0.39,2024-02-04,0154,N,VIIRS,n,2,276.71,1.13,N,0
43.1314,-3.68833,308.4,0.8,0.78,2024-02-04,0333,N,VIIRS,n,2,274.85,15.92,N,0
43.23808,-4.80834,305.18,0.71,0.75,2024-02-04,0333,N,VIIRS,n,2,276.55,1.79,N,0
43.23588,-4.80205,296.22,0.71,0.75,2024-02-04,0333,N,VIIRS,n,2,275.27,1.79,N,0
36.91131,-5.59182,357.26,0.39,0.37,2024-02-04,1315,N,VIIRS,n,2,296.13,11.99,D,0
37.56254,-6.06681,337.96,0.4,0.37,2024-02-04,1315,N,VIIRS,n,2,294.1,3.6,D,0
37.56329,-6.06236,337.29,0.4,0.37,2024-02-04,1315,N,VIIRS,n,2,292.6,3.6,D,0
37.11578,-5.88111,342.11,0.4,0.37,2024-02-04,1315,N,VIIRS,n,2,298.88,13.67,D,0
36.91797,-5.59349,345.94,0.39,0.37,2024-02-04,1315,N,VIIRS,n,2,297.22,3.56,D,0
36.91464,-5.59265,335.09,0.39,0.37,2024-02-04,1315,N,VIIRS,n,2,298.64,3.56,D,0
36.53932,-5.77265,336.07,0.4,0.37,2024-02-04,1315,N,VIIRS,n,2,296.92,1.91,D,0
36.91068,-4.38891,351.36,0.38,0.36,2024-02-04,1315,N,VIIRS,n,2,297.57,4.02,D,0
36.52446,-5.77814,352.47,0.4,0.37,2024-02-04,1315,N,VIIRS,n,2,297.51,3.31,D,0
36.5252,-5.77372,351.97,0.4,0.37,2024-02-04,1315,N,VIIRS,n,2,298.76,5.15,D,0
36.53189,-5.77539,337.14,0.4,0.37,2024-02-04,1315,N,VIIRS,n,2,294.21,5.29,D,0
36.53337,-5.76652,335.45,0.4,0.37,2024-02-04,1315,N,VIIRS,n,2,296.35,2.04,D,0
36.52634,-5.78779,352.97,0.4,0.37,2024-02-04,1315,N,VIIRS,n,2,299.2,5.68,D,0
36.52708,-5.78337,344.27,0.4,0.37,2024-02-04,1315,N,VIIRS,n,2,298.82,3.31,D,0
36.52781,-5.77896,342.49,0.4,0.37,2024-02-04,1315,N,VIIRS,n,2,297.13,3.31,D,0
36.52855,-5.77455,343.28,0.4,0.37,2024-02-04,1315,N,VIIRS,n,2,296.16,5.15,D,0
36.52373,-5.78257,338.77,0.4,0.37,2024-02-04,1315,N,VIIRS,n,2,297.93,3.31,D,0
38.75071,-2.7571,330.75,0.4,0.37,2024-02-04,1316,N,VIIRS,n,2,295.21,3.42,D,0
38.88368,-3.3381,333.39,0.39,0.36,2024-02-04,1316,N,VIIRS,n,2,291.08,2.96,D,0
38.77735,-6.81203,336.88,0.4,0.37,2024-02-04,1316,N,VIIRS,n,2,291.09,5.69,D,0
40.24558,-3.47301,332.76,0.4,0.37,2024-02-04,1316,N,VIIRS,n,2,294.32,3.67,D,2
43.13187,-3.68455,350.86,0.41,0.37,2024-02-04,1317,N,VIIRS,n,2,303.14,16.13,D,0
43.13252,-3.6796,333.68,0.41,0.37,2024-02-04,1317,N,VIIRS,n,2,299.16,16.13,D,0
43.1345,-3.6645,351.2,0.41,0.37,2024-02-04,1317,N,VIIRS,n,2,296.9,9.81,D,0
43.12784,-3.68851,296.29,0.41,0.37,2024-02-04,1317,N,VIIRS,l,2,301.15,18.37,D,0
43.12915,-3.67855,330.16,0.41,0.37,2024-02-04,1317,N,VIIRS,l,2,300.63,52.47,D,0
43.12447,-3.68751,288.47,0.41,0.37,2024-02-04,1317,N,VIIRS,l,2,296.34,18.37,D,0
43.12512,-3.6825,356.7,0.41,0.37,2024-02-04,1317,N,VIIRS,n,2,304.16,52.47,D,0
43.08782,-1.48301,330.24,0.48,0.4,2024-02-04,1317,N,VIIRS,n,2,289.84,4.08,D,0
43.10688,-1.48052,327.8,0.48,0.4,2024-02-04,1317,N,VIIRS,n,2,287.07,5.44,D,0
43.12643,-3.67252,356.65,0.41,0.37,2024-02-04,1317,N,VIIRS,n,2,299.26,16.94,D,0
43.15934,-6.33938,343.16,0.38,0.36,2024-02-04,1317,N,VIIRS,n,2,294.3,19.3,D,0
43.13992,-3.67665,332.84,0.41,0.37,2024-02-04,1317,N,VIIRS,n,2,291.76,10.12,D,0
43.13928,-3.68158,351.11,0.41,0.37,2024-02-04,1317,N,VIIRS,n,2,295.8,11.58,D,0
43.13865,-3.68637,347.19,0.41,0.37,2024-02-04,1317,N,VIIRS,n,2,292.98,11.58,D,0
43.13525,-3.68549,332.27,0.41,0.37,2024-02-04,1317,N,VIIRS,n,2,290.7,16.13,D,0
43.14267,-3.68245,357.06,0.41,0.37,2024-02-04,1317,N,VIIRS,l,2,288.85,11.58,D,0
43.22339,-3.5666,346.28,0.41,0.37,2024-02-04,1317,N,VIIRS,n,2,297.44,8.37,D,0
43.26964,-4.32198,342.81,0.4,0.37,2024-02-04,1317,N,VIIRS,n,2,294.66,6.94,D,0
43.27281,-5.15911,325.55,0.39,0.36,2024-02-04,1317,N,VIIRS,n,2,290.05,2,D,0
43.23819,-4.80597,337.98,0.39,0.36,2024-02-04,1317,N,VIIRS,n,2,292.79,5.32,D,0
43.15278,-6.33751,330.99,0.38,0.36,2024-02-04,1317,N,VIIRS,n,2,295.5,13.14,D,0
43.13654,-3.67568,325.83,0.41,0.37,2024-02-04,1317,N,VIIRS,n,2,291.5,5.94,D,0
43.15606,-6.33844,349.52,0.38,0.36,2024-02-04,1317,N,VIIRS,n,2,304.67,13.14,D,0
43.56097,-5.72657,295.86,0.34,0.56,2024-02-05,0134,N,VIIRS,n,2,279.96,0.31,N,2
40.57758,0.53914,301.2,0.48,0.4,2024-02-05,0134,N,VIIRS,n,2,281.23,0.52,N,0
41.3129,1.66074,310.43,0.45,0.39,2024-02-05,0134,N,VIIRS,n,2,280.02,1.92,N,2
41.45586,1.97722,301.26,0.44,0.38,2024-02-05,0134,N,VIIRS,n,2,281.15,1.04,N,2
43.12622,-3.69044,318.74,0.54,0.51,2024-02-05,0134,N,VIIRS,n,2,274.24,2.37,N,0
43.1268,-3.69838,308.47,0.54,0.51,2024-02-05,0134,N,VIIRS,n,2,274.35,2.37,N,0
43.13626,-3.69779,317.84,0.54,0.51,2024-02-05,0134,N,VIIRS,n,2,276.55,2.78,N,0
43.13906,-3.6716,316.54,0.54,0.51,2024-02-05,0134,N,VIIRS,n,2,274.95,3.47,N,0
43.14101,-3.69785,313.45,0.54,0.51,2024-02-05,0134,N,VIIRS,n,2,276.85,2.78,N,0
43.12331,-3.6972,298.35,0.54,0.51,2024-02-05,0134,N,VIIRS,n,2,274.02,0.73,N,0
43.12746,-3.68825,302.32,0.54,0.51,2024-02-05,0134,N,VIIRS,n,2,273.48,0.59,N,0
43.12801,-3.69645,306.79,0.54,0.51,2024-02-05,0134,N,VIIRS,n,2,274.76,1.9,N,0
43.13744,-3.69544,326.78,0.54,0.51,2024-02-05,0134,N,VIIRS,n,2,276.37,2.56,N,0
43.14048,-3.67021,303.92,0.54,0.51,2024-02-05,0134,N,VIIRS,n,2,275.87,1.77,N,0
43.14141,-3.68379,303.18,0.54,0.51,2024-02-05,0134,N,VIIRS,n,2,273.4,3.3,N,0
43.14221,-3.69577,295.55,0.54,0.51,2024-02-05,0134,N,VIIRS,n,2,275.52,2.56,N,0
43.14089,-3.67616,325.21,0.54,0.51,2024-02-05,0134,N,VIIRS,n,2,276.16,3.3,N,0
43.3591,-6.30077,296.76,0.37,0.58,2024-02-05,0134,N,VIIRS,n,2,279.74,0.41,N,0
43.51918,-5.73534,306.03,0.34,0.56,2024-02-05,0134,N,VIIRS,n,2,279.05,1.55,N,2
43.52443,-5.7347,311.6,0.34,0.56,2024-02-05,0134,N,VIIRS,n,2,280.26,1.55,N,2
43.52464,-5.7388,316.42,0.34,0.56,2024-02-05,0134,N,VIIRS,n,2,281.02,1.55,N,2
43.52422,-5.73051,334.34,0.34,0.56,2024-02-05,0134,N,VIIRS,n,2,280.73,2.04,N,2
43.52946,-5.72991,303.17,0.34,0.56,2024-02-05,0134,N,VIIRS,n,2,282.03,0.74,N,2
43.5399,-5.8297,302.45,0.35,0.57,2024-02-05,0134,N,VIIRS,n,2,278.61,1.91,N,2
43.54013,-5.83422,332.1,0.35,0.57,2024-02-05,0134,N,VIIRS,n,2,281.39,1.91,N,2
43.55209,-5.86025,297.22,0.35,0.57,2024-02-05,0134,N,VIIRS,n,2,279.17,0.26,N,2
40.24734,-3.47677,310.79,0.49,0.49,2024-02-05,0135,N,VIIRS,n,2,278.57,1.41,N,2
39.93777,-3.74481,295.32,0.5,0.49,2024-02-05,0135,N,VIIRS,n,2,276.1,1.03,N,2
40.24284,-3.47743,297.02,0.49,0.49,2024-02-05,0135,N,VIIRS,n,2,275.81,1.41,N,2
43.13781,-3.66988,296.64,0.49,0.65,2024-02-05,0314,N,VIIRS,n,2,273.99,1.32,N,0
43.14355,-3.67499,296.88,0.49,0.65,2024-02-05,0314,N,VIIRS,n,2,276.03,1.58,N,0
43.12455,-3.69114,313.25,0.49,0.65,2024-02-05,0314,N,VIIRS,n,2,274.68,1.95,N,0
43.13201,-3.69378,306.18,0.49,0.65,2024-02-05,0314,N,VIIRS,n,2,275.04,2.47,N,0
43.13794,-3.69153,310.51,0.49,0.65,2024-02-05,0314,N,VIIRS,n,2,275.52,2.45,N,0
43.139,-3.69494,312.64,0.49,0.65,2024-02-05,0314,N,VIIRS,n,2,275.97,2.45,N,0
43.1399,-3.67656,314.19,0.49,0.65,2024-02-05,0314,N,VIIRS,n,2,274.66,1.32,N,0
43.52115,-5.73097,303.58,0.38,0.59,2024-02-05,0314,N,VIIRS,n,2,278.52,1.2,N,2
43.52246,-5.73558,308.58,0.38,0.59,2024-02-05,0314,N,VIIRS,n,2,279.76,1.64,N,2
43.52629,-5.72818,326.6,0.38,0.59,2024-02-05,0314,N,VIIRS,n,2,281.53,2.71,N,2
43.54079,-5.83418,306.99,0.38,0.59,2024-02-05,0314,N,VIIRS,n,2,280.32,1.07,N,2
43.52493,-5.73837,310.95,0.38,0.59,2024-02-05,0314,N,VIIRS,n,2,280.87,1.75,N,2
43.52221,-5.72898,342.08,0.38,0.59,2024-02-05,0314,N,VIIRS,n,2,279.59,2.37,N,2
43.52866,-5.73073,296.16,0.38,0.59,2024-02-05,0314,N,VIIRS,n,2,280.43,2.37,N,2
43.12226,-3.69183,306.36,0.49,0.65,2024-02-05,0314,N,VIIRS,n,2,274.12,1.02,N,0
43.12843,-3.69038,301.09,0.49,0.65,2024-02-05,0314,N,VIIRS,n,2,274.43,1.91,N,0
43.13569,-3.69245,309.9,0.49,0.65,2024-02-05,0314,N,VIIRS,n,2,275.52,1.91,N,0
43.13679,-3.69601,310.54,0.49,0.65,2024-02-05,0314,N,VIIRS,n,2,275.77,3.07,N,0
43.13561,-3.67065,295.15,0.49,0.65,2024-02-05,0314,N,VIIRS,n,2,272.66,1.43,N,0
43.13758,-3.67708,305.12,0.49,0.65,2024-02-05,0314,N,VIIRS,n,2,273.5,1.58,N,0
43.14154,-3.68996,309.24,0.49,0.65,2024-02-05,0314,N,VIIRS,n,2,276.2,2.46,N,0
40.24141,-3.47433,302.92,0.61,0.71,2024-02-05,0315,N,VIIRS,n,2,275.54,1.53,N,2
40.2465,-3.47388,308.38,0.61,0.71,2024-02-05,0315,N,VIIRS,n,2,277,1.94,N,2
28.61602,-17.87002,302.7,0.4,0.44,2024-02-05,0319,N,VIIRS,n,2,291.05,1.2,N,2
39.68592,-0.85016,346.96,0.39,0.36,2024-02-05,1257,N,VIIRS,n,2,297.86,4.54,D,0
39.68921,-0.85103,346.79,0.39,0.36,2024-02-05,1257,N,VIIRS,n,2,296.13,4.54,D,0
39.90971,-0.04159,335.37,0.38,0.36,2024-02-05,1257,N,VIIRS,n,2,293.18,3.72,D,0
43.04059,-1.22875,334.93,0.38,0.36,2024-02-05,1258,N,VIIRS,n,2,277.19,5.23,D,0
43.21014,-3.73736,329.42,0.4,0.37,2024-02-05,1258,N,VIIRS,n,2,278.41,1.29,D,0
43.089,-4.4036,329.32,0.42,0.38,2024-02-05,1258,N,VIIRS,n,2,276.85,2.61,D,0
43.19278,-3.7153,336.81,0.4,0.37,2024-02-05,1258,N,VIIRS,n,2,285.19,4.5,D,0
43.14639,-3.94035,341.52,0.41,0.37,2024-02-05,1258,N,VIIRS,n,2,272.61,5.06,D,0
43.14437,-3.83072,343.59,0.41,0.37,2024-02-05,1258,N,VIIRS,n,2,277.94,4.66,D,0
43.14329,-3.67499,328.05,0.4,0.37,2024-02-05,1258,N,VIIRS,n,2,286.55,3.69,D,0
43.13994,-3.67399,340.53,0.4,0.37,2024-02-05,1258,N,VIIRS,n,2,286.16,4.39,D,0
43.0484,-1.46974,335.77,0.38,0.36,2024-02-05,1258,N,VIIRS,n,2,267.18,8.34,D,0
43.04512,-1.46881,356.94,0.38,0.36,2024-02-05,1258,N,VIIRS,l,2,274.66,8.34,D,0
42.96676,-1.31279,345.23,0.38,0.36,2024-02-05,1258,N,VIIRS,n,2,269.48,7.47,D,0
41.31341,1.66129,299.69,0.59,0.7,2024-02-06,0255,N,VIIRS,n,2,269.11,0.98,N,2
43.35474,-8.44569,295.71,0.53,0.42,2024-02-06,0256,N,VIIRS,n,2,277.72,0.56,N,0
36.21385,-5.44602,335.32,0.35,0.56,2024-02-06,1237,N,VIIRS,n,2,291.9,2.87,D,0
39.15383,-6.66149,328.18,0.34,0.56,2024-02-06,1238,N,VIIRS,n,2,286.89,1.69,D,0
38.075,-5.7437,329.01,0.32,0.55,2024-02-06,1238,N,VIIRS,n,2,285.93,2.03,D,0
43.04026,-5.21261,342.58,0.46,0.47,2024-02-06,1239,N,VIIRS,n,2,279.22,6.35,D,0
43.04079,-5.21406,347.81,0.46,0.47,2024-02-06,1239,N,VIIRS,n,2,281.89,10.93,D,0
43.04594,-5.21178,348.35,0.46,0.47,2024-02-06,1239,N,VIIRS,n,2,284.2,7.45,D,0
43.04483,-5.21646,341.73,0.46,0.47,2024-02-06,1239,N,VIIRS,n,2,281.99,7.45,D,0
42.32919,-8.46427,325.18,0.34,0.56,2024-02-06,1239,N,VIIRS,n,2,287.32,2.06,D,0
42.33388,-8.46754,341.8,0.34,0.56,2024-02-06,1239,N,VIIRS,n,2,286.24,2.06,D,0
42.33077,-8.46512,352.13,0.34,0.56,2024-02-06,1239,N,VIIRS,n,2,288.24,4.57,D,0
43.52561,-5.7264,326.4,0.47,0.48,2024-02-06,1239,N,VIIRS,n,2,290.65,3.92,D,2
43.34839,-6.57838,338.37,0.52,0.5,2024-02-06,1239,N,VIIRS,n,2,288.65,17.35,D,0
42.13333,-6.60679,328.89,0.56,0.52,2024-02-06,1239,N,VIIRS,n,2,288.32,4.21,D,0
42.13119,-6.61179,333.88,0.56,0.52,2024-02-06,1239,N,VIIRS,n,2,288.84,7.46,D,0
43.16618,-1.89675,325.61,0.49,0.41,2024-02-06,1239,N,VIIRS,n,2,270.23,2.85,D,0
43.21068,-1.6347,337.9,0.48,0.4,2024-02-06,1239,N,VIIRS,n,2,270.66,6.45,D,0
42.00301,-2.62915,346.21,0.56,0.43,2024-02-06,1239,N,VIIRS,n,2,270.07,7.7,D,0
42.12711,-7.37188,338.92,0.61,0.54,2024-02-06,1239,N,VIIRS,n,2,286.14,7.5,D,0
43.15367,-3.8451,351.68,0.4,0.44,2024-02-06,1239,N,VIIRS,n,2,289.48,22.41,D,0
42.59623,-6.24226,342.73,0.53,0.5,2024-02-06,1239,N,VIIRS,n,2,287.91,14.02,D,0
42.60054,-6.2447,337.24,0.53,0.5,2024-02-06,1239,N,VIIRS,n,2,281.7,5.46,D,0
43.04539,-5.21036,325.36,0.46,0.47,2024-02-06,1239,N,VIIRS,n,2,281.17,4.76,D,0
42.67523,-6.16004,337.9,0.52,0.5,2024-02-06,1239,N,VIIRS,n,2,288.67,14.15,D,0
43.04951,-5.21244,329.17,0.46,0.47,2024-02-06,1239,N,VIIRS,n,2,278.35,4.76,D,0
43.04428,-5.21513,353.84,0.46,0.47,2024-02-06,1239,N,VIIRS,n,2,282.28,11.23,D,0
43.34698,-6.58412,335.09,0.52,0.5,2024-02-06,1239,N,VIIRS,n,2,293.38,14.73,D,0
42.67379,-6.16594,327.68,0.52,0.5,2024-02-06,1239,N,VIIRS,n,2,282.89,14.15,D,0
38.93901,-5.88571,338.44,0.54,0.68,2024-02-06,1419,N,VIIRS,n,2,288.66,6.49,D,0
43.12552,-3.76971,339.4,0.73,0.76,2024-02-06,1420,N,VIIRS,n,2,274.73,8.98,D,0
43.12314,-3.76964,342.94,0.73,0.76,2024-02-06,1420,N,VIIRS,n,2,272.9,14.06,D,0
41.98759,-6.85795,333.92,0.5,0.66,2024-02-06,1420,N,VIIRS,n,2,285.98,186.04,D,0
41.98824,-6.86155,367,0.5,0.66,2024-02-06,1420,N,VIIRS,h,2,316.89,169.17,D,0
43.15775,-6.22162,348.99,0.55,0.68,2024-02-06,1420,N,VIIRS,n,2,289.93,7.44,D,0
41.98737,-6.8675,354.95,0.5,0.66,2024-02-06,1420,N,VIIRS,n,2,289.95,49.57,D,0
43.03743,-2.22343,298.48,0.68,0.74,2024-02-07,0056,N,VIIRS,n,2,276.38,1.13,N,0
43.22684,-2.88775,298.5,0.74,0.76,2024-02-07,0056,N,VIIRS,n,2,277.47,1.34,N,0
40.57613,0.53994,297.42,0.48,0.65,2024-02-07,0057,N,VIIRS,n,2,280.67,0.5,N,2
43.17908,-6.71401,297.53,0.42,0.38,2024-02-07,0237,N,VIIRS,n,2,264.44,1.18,N,0
43.18675,-3.71256,301.7,0.53,0.42,2024-02-07,0237,N,VIIRS,n,2,271,1.96,N,0
43.18525,-3.72465,298.23,0.53,0.42,2024-02-07,0237,N,VIIRS,n,2,269.92,0.77,N,0
43.18408,-3.71915,305.43,0.53,0.42,2024-02-07,0237,N,VIIRS,n,2,270.62,1.74,N,0
43.52816,-5.73217,299.74,0.45,0.39,2024-02-07,0237,N,VIIRS,n,2,271.24,0.96,N,2
43.5401,-5.83176,307.57,0.44,0.39,2024-02-07,0237,N,VIIRS,n,2,269.31,2,N,2
43.54145,-5.83222,317.85,0.44,0.39,2024-02-07,0237,N,VIIRS,n,2,270.07,2.01,N,2
41.40688,1.99701,300.61,0.36,0.57,2024-02-07,0237,N,VIIRS,n,2,279.09,0.52,N,2
43.1767,-6.72059,326.82,0.42,0.38,2024-02-07,0237,N,VIIRS,n,2,265.12,15.86,N,0
43.1757,-6.71528,340.9,0.42,0.38,2024-02-07,0237,N,VIIRS,n,2,284.16,15.86,N,0
43.17329,-6.72169,330.01,0.42,0.38,2024-02-07,0237,N,VIIRS,n,2,265.11,15.86,N,0
43.17231,-6.71648,349.68,0.42,0.38,2024-02-07,0237,N,VIIRS,n,2,266.22,15.86,N,0
43.17134,-6.71127,301.75,0.42,0.38,2024-02-07,0237,N,VIIRS,n,2,263.43,2.43,N,0
40.57614,0.54132,295.1,0.32,0.55,2024-02-07,0237,N,VIIRS,n,2,280.56,0.25,N,2
39.93724,-3.74443,305.77,0.41,0.45,2024-02-07,0237,N,VIIRS,n,2,279.43,1.36,N,2
38.97329,-0.566,354.53,0.58,0.52,2024-02-07,1219,N,VIIRS,n,2,295.71,24.85,D,0
38.97792,-0.56802,354.17,0.58,0.52,2024-02-07,1219,N,VIIRS,n,2,294.3,24.85,D,0
42.56463,0.41954,331.98,0.43,0.46,2024-02-07,1220,N,VIIRS,n,2,275.71,11.16,D,0
42.56556,0.42363,338.17,0.43,0.46,2024-02-07,1220,N,VIIRS,n,2,274.44,14.05,D,0
43.08421,-1.61161,328.69,0.52,0.5,2024-02-07,1220,N,VIIRS,n,2,284.35,6.83,D,0
42.49235,-1.50171,344.85,0.53,0.5,2024-02-07,1220,N,VIIRS,n,2,285.6,10.24,D,0
38.16381,-0.82379,336.27,0.55,0.68,2024-02-07,1400,N,VIIRS,n,2,287.73,3.91,D,0
39.14115,-0.55791,327.91,0.58,0.7,2024-02-07,1400,N,VIIRS,n,2,291.62,7.31,D,0
39.14098,-0.56495,367,0.58,0.7,2024-02-07,1400,N,VIIRS,h,2,293.39,7.31,D,0
43.20016,-6.70257,333.2,0.4,0.37,2024-02-08,0218,N,VIIRS,n,2,234.71,5.64,N,0
40.04805,0.03831,300.76,0.56,0.43,2024-02-08,0218,N,VIIRS,n,2,272.56,1.44,N,0
40.57683,0.54126,298.03,0.57,0.43,2024-02-08,0218,N,VIIRS,n,2,280.84,0.8,N,2
41.10867,1.17644,298.98,0.4,0.44,2024-02-08,0218,N,VIIRS,n,2,282.46,0.58,N,0
41.40686,1.99689,300.41,0.43,0.46,2024-02-08,0218,N,VIIRS,n,2,280.88,0.79,N,2
41.45543,1.97866,297.36,0.42,0.46,2024-02-08,0218,N,VIIRS,n,2,281.89,0.99,N,2
43.10203,-5.76105,297.37,0.39,0.36,2024-02-08,0218,N,VIIRS,n,2,264.84,1.69,N,0
43.1046,-5.75531,303.44,0.39,0.36,2024-02-08,0218,N,VIIRS,n,2,264.51,1.54,N,0
43.10531,-5.76005,331.14,0.39,0.36,2024-02-08,0218,N,VIIRS,n,2,267.25,1.69,N,0
43.40087,-6.3869,322.35,0.39,0.36,2024-02-08,0218,N,VIIRS,n,2,255.69,2.88,N,0
43.40421,-6.38608,321.62,0.39,0.36,2024-02-08,0218,N,VIIRS,n,2,253.57,2.67,N,0
40.04884,0.03838,306.81,0.56,0.43,2024-02-08,0219,N,VIIRS,n,2,272.68,0.77,N,0
39.14507,-0.4549,341.83,0.55,0.43,2024-02-08,0219,N,VIIRS,n,2,278.54,9.04,N,0
39.14196,-0.45611,330.35,0.55,0.43,2024-02-08,0219,N,VIIRS,n,2,276.88,5.8,N,0
39.14579,-0.45477,331.15,0.55,0.43,2024-02-08,0219,N,VIIRS,n,2,277.97,5.8,N,0
43.17214,-6.34744,356.73,0.7,0.75,2024-02-08,1202,N,VIIRS,l,2,280.48,24.34,D,0
43.15837,-6.34226,357.22,0.7,0.75,2024-02-08,1202,N,VIIRS,l,2,278.28,18.06,D,0
43.17874,-6.35086,357.8,0.7,0.75,2024-02-08,1202,N,VIIRS,l,2,278.54,32.87,D,0
43.1721,-6.34754,357.17,0.7,0.75,2024-02-08,1202,N,VIIRS,l,2,280.02,32.87,D,0
43.16545,-6.34428,357.37,0.7,0.75,2024-02-08,1202,N,VIIRS,l,2,277.22,24.34,D,0
43.16017,-6.33708,325.38,0.7,0.75,2024-02-08,1202,N,VIIRS,n,2,275.04,19.05,D,0
43.17009,-6.35326,356.58,0.7,0.75,2024-02-08,1202,N,VIIRS,n,2,277.06,32.06,D,0
43.16388,-6.3488,357.46,0.7,0.75,2024-02-08,1202,N,VIIRS,l,2,280.98,24.34,D,0
43.16021,-6.33692,325.58,0.7,0.75,2024-02-08,1202,N,VIIRS,n,2,275,12.73,D,0
43.17879,-6.35071,357.05,0.7,0.75,2024-02-08,1202,N,VIIRS,l,2,278.34,23.37,D,0
43.16215,-6.35367,354.49,0.7,0.75,2024-02-08,1202,N,VIIRS,n,2,276.75,23.59,D,0
43.15829,-6.34241,356.89,0.7,0.75,2024-02-08,1202,N,VIIRS,l,2,278.13,19.05,D,0
43.16223,-6.35359,355.43,0.7,0.75,2024-02-08,1202,N,VIIRS,n,2,276.98,26.27,D,0
43.16382,-6.34891,356.36,0.7,0.75,2024-02-08,1202,N,VIIRS,l,2,279.93,23.59,D,0
43.16541,-6.34439,356.26,0.7,0.75,2024-02-08,1202,N,VIIRS,l,2,277.54,19.05,D,0
43.17017,-6.35314,354.25,0.7,0.75,2024-02-08,1202,N,VIIRS,n,2,276.69,24.34,D,0
43.5306,-6.74971,351.53,0.53,0.42,2024-02-08,1342,N,VIIRS,n,2,292.76,43.37,D,0
43.29848,-6.07489,316.12,0.53,0.42,2024-02-09,0159,N,VIIRS,n,2,272.25,2.27,N,0
43.06586,-6.46963,296.58,0.55,0.43,2024-02-09,0159,N,VIIRS,n,2,259.75,0.54,N,0
36.87375,-2.52026,339.82,0.38,0.36,2024-02-09,0201,N,VIIRS,n,2,218.43,3.64,N,0
36.87179,-2.5296,325.19,0.38,0.36,2024-02-09,0201,N,VIIRS,n,2,219.42,3.99,N,0
36.87112,-2.52532,332.11,0.38,0.36,2024-02-09,0201,N,VIIRS,n,2,220.45,3.64,N,0
36.87046,-2.52105,326.2,0.38,0.36,2024-02-09,0201,N,VIIRS,n,2,222.43,3.64,N,0
36.87442,-2.52453,352.2,0.38,0.36,2024-02-09,0201,N,VIIRS,n,2,217.7,3.64,N,0
36.87508,-2.52881,335.64,0.38,0.36,2024-02-09,0201,N,VIIRS,n,2,218.94,3.99,N,0
38.37646,-0.54686,302.83,0.44,0.38,2024-02-10,0141,N,VIIRS,n,2,281.73,0.69,N,2
36.96806,-1.90492,297.21,0.48,0.4,2024-02-10,0142,N,VIIRS,n,2,284.46,0.68,N,2
43.52974,-5.73434,314.98,0.45,0.63,2024-02-10,0320,N,VIIRS,n,2,271.01,2.54,N,2
36.95148,-2.43742,333.56,0.39,0.37,2024-02-10,1302,N,VIIRS,n,2,295.21,4.67,D,0
36.4349,-5.33884,334.07,0.49,0.4,2024-02-10,1302,N,VIIRS,n,2,284.42,4.61,D,0
43.54023,-5.83537,323.1,0.5,0.66,2024-02-11,0121,N,VIIRS,n,2,279.63,2.9,N,2
39.93691,-3.74583,301.2,0.37,0.58,2024-02-11,0122,N,VIIRS,n,2,275.04,0.82,N,2
40.57745,0.54114,297.75,0.45,0.47,2024-02-11,0122,N,VIIRS,n,2,280.84,0.77,N,2
39.95288,-0.00395,295.45,0.47,0.48,2024-02-11,0122,N,VIIRS,n,2,284.38,1.29,N,2
41.31079,1.66379,297.92,0.4,0.44,2024-02-11,0122,N,VIIRS,n,2,278.14,0.94,N,2
36.96529,-1.90574,298.86,0.55,0.51,2024-02-11,0123,N,VIIRS,n,2,284.18,1.05,N,2
36.96561,-1.90561,299.67,0.55,0.51,2024-02-11,0123,N,VIIRS,n,2,284.26,1.14,N,2
41.31227,1.6608,304.59,0.7,0.75,2024-02-11,0302,N,VIIRS,n,2,279.25,1.69,N,2
43.24569,-4.13565,331.66,0.52,0.42,2024-02-11,1245,N,VIIRS,n,2,288.69,4.53,D,0
43.24797,-4.13474,333.49,0.52,0.42,2024-02-11,1245,N,VIIRS,n,2,288.49,8,D,0
41.31214,1.66467,325.67,0.39,0.36,2024-02-11,1245,N,VIIRS,n,2,290.57,1.68,D,2
43.24944,-4.13695,329.1,0.52,0.42,2024-02-11,1245,N,VIIRS,n,2,285.34,4.53,D,0
43.5261,-5.7331,342.61,0.51,0.41,2024-02-12,0243,N,VIIRS,n,2,287.67,23.66,N,2
43.52978,-5.73167,300.53,0.51,0.41,2024-02-12,0243,N,VIIRS,n,2,279.88,1.27,N,2
41.31304,1.65899,305.75,0.42,0.61,2024-02-12,0243,N,VIIRS,n,2,276.12,1.83,N,2
41.31493,1.66416,298.96,0.42,0.61,2024-02-12,0243,N,VIIRS,n,2,274.18,1.21,N,2
41.40907,1.99751,295.06,0.43,0.62,2024-02-12,0243,N,VIIRS,n,2,276.79,0.58,N,2
43.55251,-5.86072,299.85,0.5,0.41,2024-02-12,0243,N,VIIRS,n,2,282.5,0.79,N,2
38.37674,-0.5432,306.23,0.39,0.59,2024-02-12,0244,N,VIIRS,n,2,279.5,0.95,N,2
38.46303,-1.33651,328.47,0.55,0.51,2024-02-12,1225,N,VIIRS,n,2,289.57,4.62,D,0
38.46452,-1.33744,329.58,0.54,0.51,2024-02-12,1225,N,VIIRS,n,2,289.56,2.97,D,0
41.27621,0.19089,349.43,0.4,0.44,2024-02-12,1226,N,VIIRS,n,2,292.39,10.08,D,0
40.71,0.82236,329.39,0.57,0.43,2024-02-12,1226,N,VIIRS,n,2,288.45,5.02,D,0
39.57635,-0.55738,332.83,0.47,0.48,2024-02-12,1226,N,VIIRS,n,2,294.19,2.92,D,0
43.52609,-5.73191,341.63,0.33,0.55,2024-02-12,1227,N,VIIRS,n,2,287.14,5.33,D,2
43.52713,-5.72805,351.62,0.33,0.55,2024-02-12,1227,N,VIIRS,n,2,289.4,7.87,D,2
28.1752,-16.44299,340.17,0.41,0.37,2024-02-12,1403,N,VIIRS,n,2,300.35,3.51,D,0
39.02539,-0.18775,357,0.73,0.76,2024-02-12,1406,N,VIIRS,n,2,292.68,30.02,D,0
39.36149,-0.31616,354.99,0.72,0.76,2024-02-12,1406,N,VIIRS,n,2,290.65,15.91,D,3
39.36855,-0.32495,326.86,0.72,0.76,2024-02-12,1406,N,VIIRS,n,2,288.48,6.65,D,0
39.36404,-0.31752,367,0.73,0.76,2024-02-12,1406,N,VIIRS,h,2,291.85,29.1,D,0
39.05621,-0.32166,328.21,0.72,0.76,2024-02-12,1406,N,VIIRS,n,2,288.86,6.07,D,0
39.05625,-0.31216,325.91,0.72,0.76,2024-02-12,1406,N,VIIRS,n,2,289.01,8.01,D,0
39.05294,-0.31294,335.27,0.72,0.76,2024-02-12,1406,N,VIIRS,n,2,289.67,9.6,D,0
39.36401,-0.32633,352.52,0.72,0.76,2024-02-12,1406,N,VIIRS,n,2,287.9,18.34,D,0
39.36141,-0.32498,356.84,0.72,0.76,2024-02-12,1406,N,VIIRS,l,2,289.57,15.91,D,0
39.02545,-0.17882,339.06,0.73,0.76,2024-02-12,1406,N,VIIRS,n,2,289.73,40.38,D,3
39.01822,-0.18773,367,0.73,0.76,2024-02-12,1406,N,VIIRS,h,2,292.13,30.02,D,0
43.52496,-5.72962,325.86,0.39,0.36,2024-02-13,0224,N,VIIRS,n,2,281.02,1.83,N,2
43.33092,-5.77378,295.63,0.39,0.36,2024-02-13,0224,N,VIIRS,n,2,279.29,0.39,N,2
43.34628,-8.43741,306.37,0.4,0.37,2024-02-13,0224,N,VIIRS,n,2,282.4,0.78,N,2
43.52824,-5.7286,303.45,0.39,0.36,2024-02-13,0224,N,VIIRS,n,2,282.83,1.29,N,2
43.52902,-5.73335,333.91,0.39,0.36,2024-02-13,0224,N,VIIRS,n,2,285.14,3.29,N,2
43.44267,-3.84552,301.3,0.41,0.37,2024-02-13,0224,N,VIIRS,n,2,280.79,0.79,N,0
43.52573,-5.73435,323.13,0.39,0.36,2024-02-13,0224,N,VIIRS,n,2,282.39,3.36,N,2
39.25248,-0.38676,337.95,0.41,0.6,2024-02-13,1207,N,VIIRS,n,2,293.57,2.02,D,0
43.54053,-5.83078,336.97,0.55,0.68,2024-02-13,1208,N,VIIRS,n,2,285.99,4.46,D,2
36.18728,-5.40664,325.96,0.4,0.44,2024-02-13,1346,N,VIIRS,n,2,294.64,2.38,D,0
43.1218,-4.38495,338.16,0.54,0.51,2024-02-13,1348,N,VIIRS,n,2,290.73,15.71,D,0
43.11749,-4.37856,343.08,0.54,0.51,2024-02-13,1348,N,VIIRS,n,2,294.68,30.58,D,0
43.52601,-5.7335,327.82,0.47,0.48,2024-02-13,1348,N,VIIRS,n,2,291.91,3.95,D,2
43.16898,-4.18121,339.78,0.55,0.51,2024-02-13,1348,N,VIIRS,n,2,290.84,10.72,D,0
43.16428,-4.17981,336.54,0.55,0.51,2024-02-13,1348,N,VIIRS,n,2,298.98,13.58,D,0
43.16468,-4.17381,326.06,0.55,0.51,2024-02-13,1348,N,VIIRS,n,2,292.49,11.22,D,0
43.12222,-4.37883,348.35,0.54,0.51,2024-02-13,1348,N,VIIRS,n,2,295.52,30.58,D,0
43.28573,-6.27435,329.74,0.47,0.4,2024-02-14,0205,N,VIIRS,n,2,281.96,3.15,N,0
43.1992,-4.26009,314.37,0.41,0.37,2024-02-14,0205,N,VIIRS,n,2,280.56,1.58,N,0
43.52458,-5.73269,330.74,0.45,0.39,2024-02-14,0205,N,VIIRS,n,2,283.32,4.08,N,2
43.52815,-5.73185,308.81,0.45,0.39,2024-02-14,0205,N,VIIRS,n,2,284.12,1.56,N,2
43.20255,-4.25894,326.84,0.41,0.37,2024-02-14,0205,N,VIIRS,n,2,279.95,2.64,N,0
43.03634,-2.2204,300.21,0.38,0.36,2024-02-14,0205,N,VIIRS,n,2,280.89,0.6,N,2
43.03962,-2.21946,299.14,0.38,0.36,2024-02-14,0205,N,VIIRS,n,2,280.21,0.6,N,2
41.40804,1.99673,302.3,0.47,0.4,2024-02-14,0205,N,VIIRS,n,2,280.63,0.77,N,2
41.92414,0.17843,309.46,0.41,0.37,2024-02-14,0205,N,VIIRS,n,2,279.51,1.34,N,2
43.28215,-6.27558,314.17,0.47,0.4,2024-02-14,0205,N,VIIRS,n,2,280.87,1.66,N,0
43.30188,-3.7651,305.18,0.4,0.37,2024-02-14,0205,N,VIIRS,n,2,282.9,0.8,N,0
43.29849,-3.76581,299.77,0.4,0.37,2024-02-14,0205,N,VIIRS,n,2,281.07,0.8,N,0
43.54467,-5.83757,295.58,0.45,0.39,2024-02-14,0205,N,VIIRS,n,2,281.89,2.79,N,2
43.5404,-5.8327,338.47,0.45,0.39,2024-02-14,0205,N,VIIRS,n,2,284.77,2.79,N,2
42.81465,-1.74054,299.88,0.38,0.36,2024-02-14,0205,N,VIIRS,n,2,277.62,0.51,N,2
41.31065,1.66345,297.74,0.46,0.39,2024-02-14,0206,N,VIIRS,n,2,279.87,1.14,N,2
38.37825,-0.54545,300.56,0.42,0.38,2024-02-14,0206,N,VIIRS,n,2,284.4,0.64,N,2
39.66376,-0.24575,296.12,0.42,0.38,2024-02-14,0206,N,VIIRS,n,2,284.95,0.65,N,0
40.57578,0.54337,298.79,0.43,0.38,2024-02-14,0206,N,VIIRS,n,2,280.77,0.41,N,0
41.31417,1.66469,296.79,0.46,0.39,2024-02-14,0206,N,VIIRS,n,2,279.93,0.8,N,2
39.76947,-4.41261,334.38,0.45,0.39,2024-02-14,1328,N,VIIRS,n,2,285.62,3.8,D,0
42.02927,3.13442,326.41,0.36,0.58,2024-02-14,1329,N,VIIRS,n,2,291.37,1.26,D,0
43.52628,-5.72929,335.16,0.44,0.39,2024-02-14,1330,N,VIIRS,n,2,282.5,5.22,D,2
43.5256,-5.73483,336.78,0.44,0.39,2024-02-14,1330,N,VIIRS,n,2,280.83,4.65,D,2
43.17355,-4.70657,345.91,0.42,0.46,2024-02-15,0146,N,VIIRS,n,2,273.68,5.51,N,0
43.1694,-4.70796,327.38,0.42,0.46,2024-02-15,0146,N,VIIRS,n,2,271.82,5.51,N,0
43.16897,-4.70308,319.59,0.42,0.46,2024-02-15,0146,N,VIIRS,n,2,270.97,4.48,N,0
39.93771,-3.74447,299.56,0.53,0.42,2024-02-15,0147,N,VIIRS,n,2,281.31,0.92,N,2
38.37642,-0.54518,299.59,0.4,0.37,2024-02-15,0148,N,VIIRS,n,2,273.81,0.88,N,2
37.35942,-5.8649,298.09,0.42,0.45,2024-02-15,0148,N,VIIRS,n,2,283.42,0.61,N,2
39.10617,-0.70303,330.92,0.41,0.37,2024-02-15,1309,N,VIIRS,n,2,293.63,3.25,D,0
42.16219,-1.65231,327.71,0.41,0.37,2024-02-15,1310,N,VIIRS,n,2,286.13,2.1,D,0
43.28875,-3.67978,331.58,0.39,0.36,2024-02-15,1310,N,VIIRS,n,2,285.01,3.19,D,0
43.36734,-5.08248,342.76,0.38,0.36,2024-02-15,1311,N,VIIRS,n,2,295.86,22.1,D,0
42.5531,-6.77161,295.2,0.46,0.64,2024-02-16,0128,N,VIIRS,n,2,278.09,0.88,N,0
38.66684,-4.04877,325.54,0.54,0.42,2024-02-16,1250,N,VIIRS,n,2,276.42,4.59,D,2
39.45284,-0.56568,331.45,0.4,0.37,2024-02-16,1250,N,VIIRS,n,2,289.8,8.41,D,0
38.66303,-4.04756,328.71,0.54,0.42,2024-02-16,1250,N,VIIRS,n,2,271.15,3.38,D,2
43.52838,-5.73252,296.82,0.71,0.75,2024-02-17,0108,N,VIIRS,n,2,279.75,0.56,N,2
43.542,-5.83421,307.85,0.72,0.76,2024-02-17,0108,N,VIIRS,n,2,279.29,3.21,N,2
43.54901,-5.85366,295.16,0.72,0.76,2024-02-17,0108,N,VIIRS,n,2,277.8,1.61,N,0
43.52544,-5.73605,296.84,0.71,0.75,2024-02-17,0108,N,VIIRS,n,2,279.91,1.86,N,2
41.08209,-4.16759,295.39,0.58,0.7,2024-02-17,0109,N,VIIRS,n,2,272.99,0.75,N,0
43.52527,-5.73283,299.06,0.39,0.44,2024-02-17,0249,N,VIIRS,n,2,281.12,0.78,N,2
43.32897,-5.77476,296.02,0.39,0.44,2024-02-17,0249,N,VIIRS,n,2,278.9,0.6,N,2
43.55318,-5.85927,295.35,0.39,0.44,2024-02-17,0249,N,VIIRS,n,2,280.46,0.57,N,2
43.52918,-5.73118,297.67,0.39,0.44,2024-02-17,0249,N,VIIRS,n,2,280.44,0.78,N,2
38.37623,-0.54553,295.58,0.47,0.64,2024-02-17,0250,N,VIIRS,n,2,280.49,0.76,N,2
42.15834,-1.65022,331.29,0.39,0.44,2024-02-17,1232,N,VIIRS,n,2,287.14,2.76,D,0
40.53033,-1.0145,334.4,0.4,0.44,2024-02-17,1232,N,VIIRS,n,2,289.05,2.27,D,0
43.52643,-5.73308,326.47,0.56,0.51,2024-02-17,1233,N,VIIRS,n,2,291.23,4.89,D,2
41.31398,1.65849,300.69,0.51,0.66,2024-02-18,0050,N,VIIRS,n,2,280.07,0.93,N,2
43.52289,-5.72929,302.22,0.41,0.37,2024-02-18,0230,N,VIIRS,n,2,268.36,0.8,N,2
43.34644,-8.43651,301.74,0.38,0.36,2024-02-18,0230,N,VIIRS,n,2,279.26,0.7,N,2
41.31427,1.66135,304.31,0.59,0.52,2024-02-18,0230,N,VIIRS,n,2,281.12,1.86,N,2
41.40831,1.99697,295.98,0.6,0.53,2024-02-18,0230,N,VIIRS,n,2,280.8,0.83,N,2
43.52377,-5.73424,295.53,0.41,0.37,2024-02-18,0230,N,VIIRS,n,2,269.71,0.88,N,2
43.52623,-5.72816,318.51,0.41,0.37,2024-02-18,0230,N,VIIRS,n,2,270.78,2.43,N,2
43.52711,-5.73313,348.32,0.41,0.37,2024-02-18,0230,N,VIIRS,n,2,276.87,14.94,N,2
43.53046,-5.73201,301.92,0.41,0.37,2024-02-18,0230,N,VIIRS,n,2,268.91,14.94,N,2
43.53027,-5.73025,304.84,0.41,0.37,2024-02-18,0230,N,VIIRS,n,2,269.41,1.07,N,2
39.93674,-3.74705,299.28,0.52,0.42,2024-02-18,0231,N,VIIRS,n,2,272.36,1.18,N,2
37.35949,-5.8649,300.52,0.47,0.4,2024-02-18,0232,N,VIIRS,n,2,279.66,1.02,N,2
36.96557,-1.90482,297.17,0.49,0.49,2024-02-18,0232,N,VIIRS,n,2,281.7,0.79,N,2
39.93837,-3.74308,296.27,0.39,0.36,2024-02-19,0212,N,VIIRS,n,2,277.36,0.59,N,2
40.24582,-3.47582,296.27,0.39,0.36,2024-02-19,0212,N,VIIRS,n,2,280.07,0.77,N,2
39.93507,-3.74399,302.91,0.39,0.36,2024-02-19,0212,N,VIIRS,n,2,277.62,0.98,N,2
38.37675,-0.54462,302.51,0.48,0.4,2024-02-19,0213,N,VIIRS,n,2,282.21,1,N,2
38.39545,-2.50509,331.76,0.41,0.45,2024-02-19,1334,N,VIIRS,n,2,287.46,3.46,D,0
38.43315,-1.71678,328.25,0.45,0.47,2024-02-19,1334,N,VIIRS,n,2,293.23,5.49,D,0
40.97771,-2.98594,338.54,0.42,0.45,2024-02-19,1335,N,VIIRS,n,2,293.86,4.16,D,0
40.98144,-2.99156,326.8,0.42,0.45,2024-02-19,1335,N,VIIRS,n,2,293.76,4.16,D,0
40.97727,-2.99088,340.51,0.42,0.45,2024-02-19,1335,N,VIIRS,n,2,294.23,4.16,D,0
40.26321,-6.87691,326.28,0.43,0.38,2024-02-19,1335,N,VIIRS,n,2,290.07,1.57,D,0
43.52283,-5.73467,300.48,0.4,0.44,2024-02-20,0153,N,VIIRS,n,2,281.42,1.67,N,2
41.92611,0.17931,303.54,0.39,0.36,2024-02-20,0153,N,VIIRS,n,2,275.51,0.64,N,2
43.53639,-5.83505,299.57,0.41,0.45,2024-02-20,0153,N,VIIRS,n,2,280.53,1.3,N,2
42.55281,-6.76887,298.71,0.44,0.46,2024-02-20,0153,N,VIIRS,n,2,279.79,0.98,N,0
41.91867,-1.24706,305.32,0.4,0.37,2024-02-20,0153,N,VIIRS,n,2,277.64,1.03,N,0
41.5736,-0.85393,337.87,0.4,0.37,2024-02-20,0153,N,VIIRS,n,2,280.22,4.32,N,0
40.57569,0.54064,300.25,0.38,0.36,2024-02-20,0153,N,VIIRS,n,2,278.44,0.67,N,2
43.22574,-2.87955,299.65,0.46,0.39,2024-02-20,0153,N,VIIRS,n,2,279.54,0.88,N,2
43.33028,-5.77435,296.76,0.4,0.44,2024-02-20,0153,N,VIIRS,n,2,282.97,0.7,N,2
43.54053,-5.83439,298.98,0.41,0.45,2024-02-20,0153,N,VIIRS,n,2,279.58,1.09,N,2
38.37685,-0.5431,305.76,0.38,0.36,2024-02-20,0154,N,VIIRS,n,2,284.27,0.97,N,2
39.93865,-3.74643,297.87,0.46,0.39,2024-02-20,0154,N,VIIRS,n,2,276.56,0.82,N,2
36.96587,-1.90409,311.08,0.39,0.36,2024-02-20,0154,N,VIIRS,n,2,284.38,0.99,N,2
39.93505,-3.74716,296.07,0.46,0.39,2024-02-20,0154,N,VIIRS,n,2,276.74,0.83,N,2
38.43362,-1.71915,346.79,0.42,0.38,2024-02-20,1315,N,VIIRS,n,2,303.35,7.36,D,0
38.28014,-1.59634,336.99,0.43,0.38,2024-02-20,1315,N,VIIRS,n,2,302.13,3.56,D,0
38.27951,-1.60122,338.72,0.43,0.38,2024-02-20,1315,N,VIIRS,n,2,301.71,3.21,D,0
38.28361,-1.5971,345.01,0.43,0.38,2024-02-20,1315,N,VIIRS,n,2,302.32,7.49,D,0
38.28298,-1.60197,345.54,0.43,0.38,2024-02-20,1315,N,VIIRS,n,2,302.66,3.3,D,0
38.28645,-1.60272,328.79,0.43,0.38,2024-02-20,1315,N,VIIRS,l,2,300.84,3.3,D,0
37.64877,-5.95827,354.44,0.4,0.37,2024-02-20,1315,N,VIIRS,n,2,296.18,3.85,D,0
37.64729,-5.96717,347.87,0.4,0.37,2024-02-20,1315,N,VIIRS,n,2,297.57,4.02,D,0
37.64803,-5.96272,357.58,0.4,0.37,2024-02-20,1315,N,VIIRS,l,2,296.31,4.02,D,0
37.65284,-5.95469,352.2,0.4,0.37,2024-02-20,1315,N,VIIRS,n,2,295.92,3.85,D,0
37.6521,-5.95914,337.46,0.4,0.37,2024-02-20,1315,N,VIIRS,n,2,296.27,3.85,D,0
37.65136,-5.96359,354.11,0.4,0.37,2024-02-20,1315,N,VIIRS,n,2,296.95,4.02,D,0
37.65063,-5.96804,346.41,0.4,0.37,2024-02-20,1315,N,VIIRS,n,2,296.67,4.02,D,0
37.65617,-5.95556,342.27,0.4,0.37,2024-02-20,1315,N,VIIRS,n,2,295.07,6.77,D,0
37.6547,-5.96445,342,0.4,0.37,2024-02-20,1315,N,VIIRS,n,2,295.26,3.88,D,0
37.65322,-5.97333,340.94,0.4,0.37,2024-02-20,1315,N,VIIRS,n,2,296.77,2.51,D,0
37.71394,-5.92783,352.18,0.4,0.37,2024-02-20,1315,N,VIIRS,n,2,297.37,37.36,D,0
37.71245,-5.93676,339.46,0.4,0.37,2024-02-20,1315,N,VIIRS,n,2,297.32,61.45,D,0
37.56695,-7.20553,339.78,0.42,0.38,2024-02-20,1315,N,VIIRS,n,2,297.52,5.12,D,0
37.57124,-7.20171,338.65,0.42,0.38,2024-02-20,1315,N,VIIRS,n,2,298.78,2.58,D,0
37.59415,-7.09379,330.08,0.42,0.38,2024-02-20,1315,N,VIIRS,n,2,297.15,1.18,D,0
38.43016,-1.71837,340.2,0.42,0.38,2024-02-20,1315,N,VIIRS,n,2,301.89,4.6,D,0
37.98918,-6.2389,333.43,0.4,0.37,2024-02-20,1315,N,VIIRS,n,2,294.5,3.02,D,0
36.59901,-6.09281,349.88,0.41,0.37,2024-02-20,1315,N,VIIRS,n,2,297.23,3.22,D,0
37.25389,-3.10513,331.76,0.39,0.36,2024-02-20,1315,N,VIIRS,n,2,297.9,1.57,D,0
38.42312,-6.23182,339.91,0.4,0.37,2024-02-20,1316,N,VIIRS,n,2,296.12,3.73,D,0
38.42537,-6.21837,346.8,0.4,0.37,2024-02-20,1316,N,VIIRS,n,2,296.25,5.11,D,0
38.42463,-6.22286,356.81,0.4,0.37,2024-02-20,1316,N,VIIRS,l,2,299.68,9.89,D,0
38.42387,-6.22734,356.85,0.4,0.37,2024-02-20,1316,N,VIIRS,l,2,300.13,9.89,D,0
38.43097,-6.20575,338.23,0.4,0.37,2024-02-20,1316,N,VIIRS,n,2,299.33,5.05,D,0
38.43021,-6.21027,352.69,0.4,0.37,2024-02-20,1316,N,VIIRS,n,2,299.59,5.05,D,0
38.4257,-6.23722,342.06,0.4,0.37,2024-02-20,1316,N,VIIRS,n,2,295.99,6.8,D,0
38.42795,-6.22377,356.27,0.4,0.37,2024-02-20,1316,N,VIIRS,l,2,301.39,10.33,D,0
38.4272,-6.22825,356.25,0.4,0.37,2024-02-20,1316,N,VIIRS,l,2,300.72,10.33,D,0
38.42645,-6.23274,355.69,0.4,0.37,2024-02-20,1316,N,VIIRS,l,2,300.61,6.8,D,0
38.43354,-6.21117,356.51,0.4,0.37,2024-02-20,1316,N,VIIRS,n,2,299.02,5.05,D,0
38.43203,-6.22019,346.08,0.4,0.37,2024-02-20,1316,N,VIIRS,n,2,297.84,12.83,D,0
38.43053,-6.22917,356.54,0.4,0.37,2024-02-20,1316,N,VIIRS,n,2,297.7,10.33,D,0
38.43127,-6.22468,356.68,0.4,0.37,2024-02-20,1316,N,VIIRS,l,2,300.38,10.33,D,0
38.42978,-6.23366,356.68,0.4,0.37,2024-02-20,1316,N,VIIRS,l,2,298.65,6.8,D,0
38.42902,-6.23814,356.7,0.4,0.37,2024-02-20,1316,N,VIIRS,l,2,298.36,6.8,D,0
38.42828,-6.24262,356.68,0.4,0.37,2024-02-20,1316,N,VIIRS,l,2,297.66,7.38,D,0
38.43762,-6.20755,340.32,0.4,0.37,2024-02-20,1316,N,VIIRS,n,2,298.45,7.09,D,0
38.43611,-6.21659,342.03,0.4,0.37,2024-02-20,1316,N,VIIRS,n,2,298.79,4.85,D,0
38.43535,-6.2211,346.42,0.4,0.37,2024-02-20,1316,N,VIIRS,n,2,297.97,4.85,D,0
38.4346,-6.22559,352.66,0.4,0.37,2024-02-20,1316,N,VIIRS,n,2,299.48,6.59,D,0
38.43385,-6.23008,343.73,0.4,0.37,2024-02-20,1316,N,VIIRS,n,2,296.33,6.59,D,0
38.43235,-6.23905,355.57,0.4,0.37,2024-02-20,1316,N,VIIRS,n,2,300.32,9.88,D,0
38.4316,-6.24353,355.28,0.4,0.37,2024-02-20,1316,N,VIIRS,n,2,300.26,21.19,D,0
38.43311,-6.23457,356.72,0.4,0.37,2024-02-20,1316,N,VIIRS,l,2,298.99,9.88,D,0
38.43868,-6.22201,347.19,0.4,0.37,2024-02-20,1316,N,VIIRS,n,2,297.49,4.85,D,0
38.43793,-6.2265,356.57,0.4,0.37,2024-02-20,1316,N,VIIRS,l,2,298.86,6.59,D,0
38.43718,-6.23099,356.58,0.4,0.37,2024-02-20,1316,N,VIIRS,l,2,299.17,6.59,D,0
38.43643,-6.23547,356.57,0.4,0.37,2024-02-20,1316,N,VIIRS,l,2,296.24,9.88,D,0
38.43568,-6.23996,356.58,0.4,0.37,2024-02-20,1316,N,VIIRS,l,2,299.36,9.88,D,0
38.44276,-6.21839,337.7,0.4,0.37,2024-02-20,1316,N,VIIRS,n,2,298.72,3.48,D,0
38.44201,-6.2229,337.35,0.4,0.37,2024-02-20,1316,N,VIIRS,n,2,296.8,3.48,D,0
38.44126,-6.2274,348.94,0.4,0.37,2024-02-20,1316,N,VIIRS,n,2,297.8,4.84,D,0
38.44051,-6.23189,351.31,0.4,0.37,2024-02-20,1316,N,VIIRS,n,2,297.57,4.84,D,0
38.43976,-6.23637,355.72,0.4,0.37,2024-02-20,1316,N,VIIRS,n,2,297.55,6.84,D,0
38.43826,-6.24535,351.9,0.4,0.37,2024-02-20,1316,N,VIIRS,n,2,299.47,5.42,D,0
38.43901,-6.24086,357.17,0.4,0.37,2024-02-20,1316,N,VIIRS,l,2,300.14,6.84,D,0
38.44459,-6.2283,346.36,0.4,0.37,2024-02-20,1316,N,VIIRS,n,2,297.5,4.84,D,0
38.44384,-6.23278,356.2,0.4,0.37,2024-02-20,1316,N,VIIRS,n,2,299.7,4.84,D,0
38.44234,-6.24176,345.36,0.4,0.37,2024-02-20,1316,N,VIIRS,n,2,295.23,6.84,D,0
38.44159,-6.24625,336.26,0.4,0.37,2024-02-20,1316,N,VIIRS,n,2,295.92,5.42,D,0
38.44942,-6.22021,336.57,0.4,0.37,2024-02-20,1316,N,VIIRS,n,2,297.92,2.83,D,0
38.44717,-6.23369,344.31,0.4,0.37,2024-02-20,1316,N,VIIRS,n,2,295.36,3.24,D,0
38.77407,-6.8185,340.28,0.4,0.37,2024-02-20,1316,N,VIIRS,n,2,296.87,2.12,D,0
38.779,-6.81024,338.16,0.4,0.37,2024-02-20,1316,N,VIIRS,n,2,295.81,3,D,0
38.77821,-6.81484,342.59,0.4,0.37,2024-02-20,1316,N,VIIRS,n,2,295.96,3,D,0
40.58347,0.39402,325.3,0.53,0.42,2024-02-20,1316,N,VIIRS,n,2,293.37,2.31,D,0
40.41372,-4.93893,334.01,0.38,0.36,2024-02-20,1316,N,VIIRS,n,2,295.08,13.82,D,0
40.41701,-4.93978,341.7,0.38,0.36,2024-02-20,1316,N,VIIRS,n,2,301.7,13.82,D,0
40.92553,-2.94614,332.33,0.41,0.37,2024-02-20,1316,N,VIIRS,n,2,296.43,4.43,D,0
40.94529,-2.97388,356.43,0.41,0.37,2024-02-20,1316,N,VIIRS,n,2,300.82,13.17,D,0
40.61251,-5.54729,327.08,0.38,0.36,2024-02-20,1316,N,VIIRS,n,2,287.99,2.01,D,0
40.98427,-2.99794,328.5,0.41,0.37,2024-02-20,1316,N,VIIRS,n,2,293.45,2.59,D,0
40.99255,-3.01497,331.72,0.41,0.37,2024-02-20,1316,N,VIIRS,n,2,292.49,3.14,D,0
41.43097,-1.27262,325.61,0.47,0.4,2024-02-20,1316,N,VIIRS,n,2,296.94,1.77,D,0
41.62704,0.1907,325.77,0.54,0.42,2024-02-20,1316,N,VIIRS,n,2,290.75,2.89,D,0
41.59143,-1.29051,327.83,0.47,0.4,2024-02-20,1316,N,VIIRS,n,2,294.12,1.74,D,0
41.72158,-1.15562,337.2,0.48,0.4,2024-02-20,1316,N,VIIRS,n,2,294.14,10.02,D,0
41.73993,-1.15914,326.35,0.48,0.4,2024-02-20,1316,N,VIIRS,n,2,291.1,1.98,D,0
41.7436,-1.15987,327.03,0.48,0.4,2024-02-20,1316,N,VIIRS,n,2,291.42,1.98,D,0
41.93952,-2.14449,329.69,0.44,0.38,2024-02-20,1316,N,VIIRS,n,2,290.44,3.08,D,0
42.14333,-1.58035,330.09,0.46,0.39,2024-02-20,1316,N,VIIRS,n,2,285.65,6.06,D,0
42.14267,-1.58596,333.73,0.46,0.39,2024-02-20,1316,N,VIIRS,n,2,287.32,5.2,D,0
42.16075,-1.65291,332.76,0.46,0.39,2024-02-20,1316,N,VIIRS,n,2,289.3,5.36,D,0
43.16046,-6.21938,341.39,0.38,0.36,2024-02-20,1317,N,VIIRS,n,2,278.55,3.16,D,0
43.52596,-5.73225,344.23,0.39,0.36,2024-02-20,1317,N,VIIRS,n,2,292.13,8.55,D,2
43.03339,-2.22203,299.93,0.46,0.47,2024-02-21,0134,N,VIIRS,n,2,274.64,0.6,N,2
40.57646,0.54122,304.29,0.48,0.4,2024-02-21,0134,N,VIIRS,n,2,282.84,1,N,2
43.11694,-5.18701,302.58,0.32,0.55,2024-02-21,0134,N,VIIRS,n,2,276.34,1.38,N,0
43.11674,-5.18359,328.01,0.32,0.55,2024-02-21,0134,N,VIIRS,n,2,278.11,1.38,N,0
37.35883,-6.67518,301.88,0.34,0.56,2024-02-21,0135,N,VIIRS,n,2,283.86,0.34,N,2
36.96822,-1.90492,299.85,0.57,0.43,2024-02-21,0135,N,VIIRS,n,2,284.74,1.45,N,2
43.04643,-6.38646,338.11,0.37,0.58,2024-02-21,0314,N,VIIRS,n,2,261.74,4.83,N,0
43.04918,-6.3855,333.37,0.37,0.58,2024-02-21,0314,N,VIIRS,n,2,262.16,4.25,N,0
37.25347,-3.1034,333.06,0.45,0.39,2024-02-21,1256,N,VIIRS,n,2,297.28,4.38,D,0
37.49384,-1.98415,328.62,0.41,0.37,2024-02-21,1256,N,VIIRS,n,2,301.31,1.57,D,0
37.88327,-0.8404,330.75,0.39,0.36,2024-02-21,1256,N,VIIRS,n,2,297.12,1.87,D,0
39.32152,-1.03213,335.44,0.39,0.36,2024-02-21,1257,N,VIIRS,n,2,295.12,2.45,D,0
43.54044,-5.83372,303.36,0.6,0.71,2024-02-22,0115,N,VIIRS,n,2,270.62,1.33,N,2
43.02703,-6.59783,340.11,0.43,0.46,2024-02-22,0255,N,VIIRS,n,2,271.13,4.58,N,0
43.16469,-3.4993,342.37,0.6,0.53,2024-02-22,0255,N,VIIRS,n,2,265.71,15.53,N,0
43.16922,-3.49656,344.97,0.6,0.53,2024-02-22,0255,N,VIIRS,n,2,267.96,15.53,N,0
43.07845,-6.39822,322.1,0.44,0.46,2024-02-22,0255,N,VIIRS,n,2,245.33,4.56,N,0
43.02289,-6.5993,330.63,0.43,0.46,2024-02-22,0255,N,VIIRS,n,2,266.46,4.58,N,0
43.02397,-6.60395,310.12,0.43,0.46,2024-02-22,0255,N,VIIRS,n,2,266.03,4.58,N,0
43.02811,-6.6025,300.76,0.43,0.46,2024-02-22,0255,N,VIIRS,n,2,265.93,4.58,N,0
39.93596,-3.74576,299.33,0.41,0.45,2024-02-23,0237,N,VIIRS,n,2,277.41,0.82,N,2
40.57677,0.54158,296.88,0.32,0.55,2024-02-23,0237,N,VIIRS,n,2,281.63,0.35,N,2
38.43405,-1.71592,343.43,0.35,0.56,2024-02-23,1219,N,VIIRS,n,2,291.71,4.02,D,0
36.75488,-3.5152,341.55,0.47,0.64,2024-02-23,1219,N,VIIRS,n,2,291.83,4.81,D,0
36.7578,-3.51278,328.75,0.47,0.64,2024-02-23,1219,N,VIIRS,n,2,292,3.94,D,0
38.01262,-1.12574,349.04,0.53,0.67,2024-02-23,1359,N,VIIRS,n,2,296.93,5.11,D,0
39.93793,-3.74476,311.04,0.41,0.37,2024-02-24,0219,N,VIIRS,n,2,277.22,1.43,N,2
36.96832,-1.90758,302.61,0.52,0.41,2024-02-24,0219,N,VIIRS,n,2,282.92,1.52,N,2
37.35992,-5.86362,306.91,0.39,0.36,2024-02-24,0219,N,VIIRS,n,2,281.76,0.6,N,2
36.7233,-3.57602,339.83,0.42,0.45,2024-02-24,1340,N,VIIRS,n,2,295.42,18.76,D,3
41.92454,0.1816,334.09,0.37,0.58,2024-02-24,1341,N,VIIRS,n,2,287.65,2.19,D,2
37.22266,-5.88425,297.61,0.45,0.39,2024-02-25,0201,N,VIIRS,n,2,276.64,1.61,N,0
36.60814,-6.10135,335.15,0.39,0.36,2024-02-25,1321,N,VIIRS,n,2,289.41,2.2,D,0
40.57607,0.53871,296.35,0.43,0.38,2024-02-26,0140,N,VIIRS,n,2,279.17,1.46,N,0
43.54326,-5.83483,301.26,0.58,0.52,2024-02-26,0140,N,VIIRS,n,2,276.31,2.23,N,2
43.53838,-5.83531,310.89,0.58,0.52,2024-02-26,0140,N,VIIRS,n,2,271.59,2.72,N,2
43.54086,-5.83406,329.76,0.58,0.52,2024-02-26,0140,N,VIIRS,n,2,274.98,5.9,N,2
39.26876,-0.52969,296.02,0.45,0.39,2024-02-26,0141,N,VIIRS,n,2,266.21,1.41,N,0
38.37646,-0.54257,297.05,0.44,0.38,2024-02-26,0141,N,VIIRS,n,2,282.94,0.42,N,2
39.99768,-4.5211,328.72,0.41,0.37,2024-02-26,1303,N,VIIRS,n,2,287.02,5.53,D,0
39.99683,-4.52588,325.38,0.41,0.37,2024-02-26,1303,N,VIIRS,n,2,290.91,5.54,D,0
39.99938,-4.53168,331.65,0.41,0.37,2024-02-26,1303,N,VIIRS,n,2,291.27,7.75,D,0
42.12627,2.30935,329.67,0.49,0.4,2024-02-26,1304,N,VIIRS,n,2,286.6,2.84,D,0
42.55241,-6.77067,295.16,0.56,0.69,2024-02-27,0121,N,VIIRS,n,2,273.8,0.66,N,0
41.31312,1.66027,308.3,0.69,0.74,2024-02-27,0301,N,VIIRS,n,2,277.02,2.12,N,2
37.17928,-6.89153,307.64,0.35,0.56,2024-02-27,0303,N,VIIRS,n,2,280.11,0.97,N,0
41.31292,1.66301,327.99,0.39,0.36,2024-02-27,1244,N,VIIRS,n,2,296.45,2.38,D,2
37.84766,-1.35782,337.42,0.5,0.41,2024-02-27,1244,N,VIIRS,n,2,285.88,25.58,D,0
41.73941,0.42675,328.25,0.4,0.37,2024-02-27,1245,N,VIIRS,n,2,290.62,1.18,D,0
41.58513,0.74526,338.07,0.39,0.37,2024-02-27,1245,N,VIIRS,n,2,289.42,1.23,D,0
38.66554,-4.05658,295.46,0.68,0.74,2024-02-28,0103,N,VIIRS,n,2,272.33,2.18,N,2
38.37768,-0.54405,301.36,0.39,0.59,2024-02-28,0244,N,VIIRS,n,2,279.75,0.65,N,2
39.27466,-2.74287,297.18,0.57,0.52,2024-02-28,0244,N,VIIRS,n,2,270.28,1.22,N,0
37.36116,-5.86507,297.79,0.44,0.46,2024-02-28,0244,N,VIIRS,n,2,278.78,0.6,N,2
39.11265,-3.85548,329.22,0.35,0.57,2024-02-28,1225,N,VIIRS,n,2,289.05,2.12,D,0
39.11267,-3.85578,330.37,0.35,0.57,2024-02-28,1225,N,VIIRS,n,2,289.41,1.83,D,0
37.06998,-2.1996,336.33,0.33,0.55,2024-02-28,1225,N,VIIRS,n,2,293.2,1.98,D,0
28.15825,-16.4632,335.63,0.41,0.37,2024-02-28,1403,N,VIIRS,n,2,299.81,1.9,D,0
42.51643,-0.3577,343.04,0.74,0.76,2024-02-28,1407,N,VIIRS,n,2,289.17,9.12,D,0
40.57574,0.53944,295.7,0.45,0.47,2024-02-29,0224,N,VIIRS,n,2,279.89,0.43,N,0
41.92411,0.18034,299.25,0.4,0.44,2024-02-29,0224,N,VIIRS,n,2,274.94,0.49,N,2
37.36143,-5.86367,304.68,0.42,0.38,2024-02-29,0226,N,VIIRS,n,2,280.82,0.94,N,2
38.11439,-1.27319,327.23,0.48,0.65,2024-02-29,1206,N,VIIRS,n,2,294.36,4.26,D,0
40.92711,-2.94612,341.53,0.49,0.65,2024-02-29,1207,N,VIIRS,n,2,290.49,6.22,D,0
40.93285,-2.94887,367,0.49,0.65,2024-02-29,1207,N,VIIRS,h,2,293.34,13.61,D,0
42.31505,-1.30915,345.64,0.37,0.58,2024-02-29,1207,N,VIIRS,n,2,286.11,2.62,D,0
41.73722,-1.18299,346.71,0.38,0.59,2024-02-29,1207,N,VIIRS,n,2,290.68,3.75,D,0
40.93447,-2.9434,325.33,0.49,0.65,2024-02-29,1207,N,VIIRS,n,2,286.68,13.61,D,0
38.11585,-1.27752,338.41,0.35,0.57,2024-02-29,1347,N,VIIRS,n,2,298.88,2.15,D,0
38.11741,-1.2772,332.77,0.35,0.57,2024-02-29,1347,N,VIIRS,n,2,297.85,1.91,D,0
40.92592,-2.94729,347.66,0.6,0.53,2024-02-29,1347,N,VIIRS,n,2,291.92,16.22,D,0
40.89479,-2.96608,339.08,0.6,0.53,2024-02-29,1347,N,VIIRS,n,2,290.82,10.44,D,0
40.19211,-3.57808,339.68,0.55,0.51,2024-02-29,1347,N,VIIRS,n,2,293.81,11.81,D,0
40.18782,-3.57086,339.86,0.55,0.51,2024-02-29,1347,N,VIIRS,n,2,292.51,7.99,D,0
38.68291,-1.81465,346.14,0.33,0.55,2024-02-29,1347,N,VIIRS,n,2,292.83,6.44,D,0
41.87765,-1.36705,367,0.37,0.58,2024-02-29,1348,N,VIIRS,h,2,293.77,15.22,D,0
41.87825,-1.36891,367,0.37,0.58,2024-02-29,1348,N,VIIRS,h,2,294.8,15.77,D,0
42.1542,-1.57257,338.09,0.37,0.58,2024-02-29,1348,N,VIIRS,n,2,288,2.31,D,0
42.15443,-1.56807,326.6,0.37,0.58,2024-02-29,1348,N,VIIRS,n,2,289.37,2.31,D,0
43.53883,-5.82929,306.7,0.46,0.39,2024-03-01,0205,N,VIIRS,n,2,275.64,1.03,N,2
43.55374,-5.86102,295.42,0.46,0.39,2024-03-01,0205,N,VIIRS,n,2,275.79,0.7,N,2
41.47497,-1.48822,305.96,0.39,0.36,2024-03-01,0205,N,VIIRS,n,2,277.65,1.13,N,2
41.64695,-0.76842,296.2,0.39,0.37,2024-03-01,0205,N,VIIRS,n,2,277.04,0.46,N,0
43.52368,-5.73458,302.29,0.45,0.39,2024-03-01,0205,N,VIIRS,n,2,270.31,1.24,N,2
43.52658,-5.72817,297.13,0.45,0.39,2024-03-01,0205,N,VIIRS,n,2,272.86,1.24,N,2
43.53952,-5.83497,296.19,0.46,0.39,2024-03-01,0205,N,VIIRS,n,2,274.64,1.03,N,2
39.62779,-3.10666,309.83,0.38,0.36,2024-03-01,0206,N,VIIRS,n,2,272.33,1.12,N,0
37.36172,-5.86517,300.13,0.41,0.37,2024-03-01,0207,N,VIIRS,n,2,280.62,1.03,N,2
40.90702,-2.97068,332.39,0.53,0.42,2024-03-01,1328,N,VIIRS,n,2,286.41,3.73,D,0
40.90637,-2.97699,327.03,0.53,0.42,2024-03-01,1328,N,VIIRS,n,2,289.65,3.73,D,0
40.9076,-3.00275,343.7,0.53,0.42,2024-03-01,1328,N,VIIRS,n,2,291.11,8.95,D,0
39.0942,-5.82957,338.58,0.41,0.37,2024-03-01,1328,N,VIIRS,n,2,288.27,3.08,D,0
37.56791,-7.20821,337.89,0.38,0.36,2024-03-01,1328,N,VIIRS,n,2,292.05,4.97,D,0
39.51591,-4.53052,331.65,0.44,0.39,2024-03-01,1328,N,VIIRS,n,2,288.91,4.93,D,0
41.64234,-0.79896,345.19,0.45,0.47,2024-03-01,1329,N,VIIRS,n,2,287.78,7.04,D,0
41.45441,1.97984,313.25,0.38,0.36,2024-03-02,0146,N,VIIRS,n,2,284.1,1.33,N,2
41.31295,1.66161,321.52,0.39,0.36,2024-03-02,0146,N,VIIRS,n,2,282.59,2.3,N,2
41.45269,0.66198,295.58,0.4,0.37,2024-03-02,0146,N,VIIRS,n,2,275.66,0.61,N,0
41.40769,1.9982,310.08,0.38,0.36,2024-03-02,0146,N,VIIRS,n,2,280.44,1.04,N,2
41.11021,1.17405,296.51,0.39,0.36,2024-03-02,0147,N,VIIRS,n,2,278.76,0.43,N,0
41.18093,1.23068,317.62,0.39,0.36,2024-03-02,0147,N,VIIRS,n,2,278.08,1.28,N,0
40.57565,0.54186,301.95,0.39,0.37,2024-03-02,0147,N,VIIRS,n,2,281.95,0.7,N,2
39.61992,-3.12251,301.82,0.5,0.41,2024-03-02,0147,N,VIIRS,n,2,274.36,1.31,N,0
39.61996,-3.12298,298.81,0.5,0.41,2024-03-02,0147,N,VIIRS,n,2,274.06,0.77,N,0
38.37614,-0.54304,300.63,0.4,0.37,2024-03-02,0147,N,VIIRS,n,2,282.15,0.94,N,2
39.16493,-0.43521,353.79,0.42,0.38,2024-03-02,1309,N,VIIRS,n,2,289.8,24.19,D,0
37.69314,-1.52806,331.63,0.39,0.36,2024-03-02,1309,N,VIIRS,n,2,296.08,0.75,D,0
37.17914,-6.89099,329.96,0.48,0.4,2024-03-02,1309,N,VIIRS,n,2,293.51,2.29,D,0
37.69503,-1.51479,344.54,0.39,0.36,2024-03-02,1309,N,VIIRS,n,2,298.96,6.91,D,0
39.1643,-0.44007,347.4,0.42,0.38,2024-03-02,1309,N,VIIRS,n,2,285.3,11.4,D,0
41.1749,0.1705,301.45,0.4,0.44,2024-03-03,0128,N,VIIRS,n,2,274.55,1.01,N,0
40.0216,0.03624,331.53,0.39,0.36,2024-03-03,1250,N,VIIRS,n,2,295.84,1.92,D,0
41.47606,-1.48999,298.55,0.43,0.62,2024-03-04,0109,N,VIIRS,n,2,272.74,0.61,N,2
39.95092,-0.00656,295.33,0.35,0.57,2024-03-04,0109,N,VIIRS,n,2,282.82,0.63,N,2
40.57611,0.54173,295.19,0.33,0.55,2024-03-04,0109,N,VIIRS,n,2,280.98,0.81,N,2
41.18066,1.23018,333.06,0.62,0.54,2024-03-04,0109,N,VIIRS,n,2,282.36,13.23,N,0
41.18113,1.22279,326.27,0.62,0.54,2024-03-04,0109,N,VIIRS,n,2,280.61,13.23,N,0
41.19159,1.21668,302.69,0.62,0.54,2024-03-04,0109,N,VIIRS,n,2,277.92,1.27,N,0
41.47628,-1.48931,299.05,0.43,0.62,2024-03-04,0109,N,VIIRS,n,2,272.62,0.49,N,2
37.36362,-5.92694,298.49,0.7,0.75,2024-03-04,0110,N,VIIRS,n,2,276.92,0.29,N,0
38.37743,-0.54629,297.05,0.36,0.57,2024-03-04,0110,N,VIIRS,n,2,281.78,0.56,N,2
41.17809,1.2293,338.91,0.47,0.64,2024-03-04,0249,N,VIIRS,n,2,277.64,14.98,N,0
41.40796,1.99809,296.31,0.51,0.66,2024-03-04,0249,N,VIIRS,n,2,277.94,0.77,N,2
41.31087,1.66158,297.42,0.49,0.65,2024-03-04,0249,N,VIIRS,n,2,276.01,1.07,N,2
41.18372,1.23218,367,0.47,0.64,2024-03-04,0249,N,VIIRS,h,2,285.39,14.98,N,0
41.18212,1.23754,309.63,0.48,0.64,2024-03-04,0249,N,VIIRS,n,2,277.45,12.13,N,0
43.54081,-5.82978,334.47,0.57,0.52,2024-03-04,1233,N,VIIRS,n,2,288.2,5.26,D,2
43.5409,-5.82877,338.62,0.57,0.52,2024-03-04,1233,N,VIIRS,n,2,288.02,5.85,D,2
41.18186,1.22743,320.95,0.54,0.68,2024-03-05,0050,N,VIIRS,n,2,280.11,2.19,N,0
41.182,1.22084,302.03,0.55,0.68,2024-03-05,0050,N,VIIRS,n,2,281.59,2.19,N,0
41.18391,1.23126,320.38,0.56,0.51,2024-03-05,0230,N,VIIRS,n,2,281.21,2.86,N,0
41.17888,1.2296,297.84,0.56,0.51,2024-03-05,0230,N,VIIRS,n,2,280.17,1.09,N,0
41.4771,-1.48846,298.98,0.41,0.45,2024-03-05,0230,N,VIIRS,n,2,278.96,0.86,N,2
41.47388,-1.48654,296.34,0.41,0.45,2024-03-05,0230,N,VIIRS,n,2,277.8,0.53,N,2
43.52436,-5.72992,304.78,0.4,0.37,2024-03-05,0230,N,VIIRS,n,2,279.11,0.95,N,2
41.17934,1.22929,310.41,0.56,0.51,2024-03-05,0230,N,VIIRS,n,2,280.63,2.96,N,0
43.54262,-5.83334,301.04,0.4,0.37,2024-03-05,0230,N,VIIRS,n,2,279.94,0.98,N,2
43.3304,-5.77373,295.82,0.41,0.37,2024-03-05,0230,N,VIIRS,n,2,277.97,0.53,N,2
43.5277,-5.72879,308.08,0.4,0.37,2024-03-05,0230,N,VIIRS,n,2,281.33,0.95,N,2
43.52858,-5.73376,298.98,0.4,0.37,2024-03-05,0230,N,VIIRS,n,2,278.99,0.95,N,2
41.31451,1.66068,307.87,0.58,0.52,2024-03-05,0230,N,VIIRS,n,2,280.2,2.18,N,2
37.36034,-5.86473,300.49,0.47,0.4,2024-03-05,0232,N,VIIRS,n,2,281.33,1.18,N,2
42.0826,3.15621,339.54,0.39,0.44,2024-03-05,1213,N,VIIRS,n,2,289.68,4.17,D,0
37.91293,-3.43694,350.11,0.53,0.67,2024-03-05,1213,N,VIIRS,n,2,291.13,8.79,D,0
37.91797,-3.43612,343.29,0.53,0.67,2024-03-05,1213,N,VIIRS,n,2,290.57,9.24,D,0
39.2174,-0.58112,337.03,0.35,0.57,2024-03-05,1213,N,VIIRS,n,2,297.54,3.34,D,0
39.25357,-0.50697,333.38,0.34,0.56,2024-03-05,1213,N,VIIRS,n,2,297.51,2.52,D,0
39.31968,-0.59854,367,0.35,0.57,2024-03-05,1213,N,VIIRS,h,2,307.43,19.91,D,0
39.31861,-0.60258,341.61,0.35,0.57,2024-03-05,1213,N,VIIRS,n,2,296,8.94,D,0
39.3246,-0.60102,367,0.35,0.57,2024-03-05,1213,N,VIIRS,h,2,294.21,19.91,D,0
39.32356,-0.60496,367,0.35,0.57,2024-03-05,1213,N,VIIRS,h,2,296.82,8.94,D,0
39.69678,-0.26218,341.31,0.33,0.55,2024-03-05,1213,N,VIIRS,n,2,298.04,3.54,D,0
39.6994,-0.26394,336.79,0.33,0.55,2024-03-05,1213,N,VIIRS,n,2,297.87,3.66,D,0
39.73304,-0.19726,354.6,0.32,0.55,2024-03-05,1213,N,VIIRS,n,2,294.92,3.74,D,0
39.28804,-4.2396,329.25,0.53,0.67,2024-03-05,1213,N,VIIRS,n,2,289.93,4.65,D,0
39.28545,-4.24135,330.49,0.53,0.67,2024-03-05,1213,N,VIIRS,n,2,290.18,4.96,D,0
41.92739,2.66267,330.43,0.42,0.45,2024-03-05,1213,N,VIIRS,n,2,289.15,3.18,D,0
42.02304,-1.59065,333.06,0.33,0.55,2024-03-05,1213,N,VIIRS,n,2,285.06,2.13,D,0
42.0835,3.15935,338.25,0.39,0.44,2024-03-05,1213,N,VIIRS,n,2,289.62,4.79,D,0
43.54061,-5.82806,325.08,0.47,0.64,2024-03-05,1214,N,VIIRS,n,2,284.61,2.34,D,2
37.22562,-7.23096,327.89,0.4,0.44,2024-03-05,1353,N,VIIRS,n,2,294.54,1.88,D,0
40.1975,-1.20721,327.75,0.45,0.63,2024-03-05,1353,N,VIIRS,n,2,289.89,3.76,D,0
39.32,-0.60117,328.21,0.47,0.64,2024-03-05,1353,N,VIIRS,n,2,296.47,3.21,D,0
39.94267,-6.38798,340.11,0.47,0.48,2024-03-05,1354,N,VIIRS,n,2,294.17,5,D,0
41.45784,1.97737,303.15,0.54,0.42,2024-03-06,0211,N,VIIRS,n,2,278.25,2.11,N,0
43.52541,-5.72844,302.29,0.41,0.37,2024-03-06,0211,N,VIIRS,n,2,277.55,1.43,N,2
41.40748,1.99906,298.38,0.54,0.42,2024-03-06,0211,N,VIIRS,n,2,278.95,1.04,N,2
43.52268,-5.73436,296.66,0.41,0.37,2024-03-06,0211,N,VIIRS,n,2,276.28,0.65,N,2
42.81523,-1.74411,295.2,0.4,0.37,2024-03-06,0211,N,VIIRS,n,2,273.29,0.56,N,2
43.32977,-5.77625,295.2,0.41,0.37,2024-03-06,0211,N,VIIRS,n,2,276.01,0.51,N,2
43.52608,-5.73348,305.83,0.41,0.37,2024-03-06,0211,N,VIIRS,n,2,278.43,0.82,N,2
43.53889,-5.82978,326.97,0.41,0.37,2024-03-06,0211,N,VIIRS,n,2,275.55,2.29,N,2
43.53956,-5.83488,302.53,0.41,0.37,2024-03-06,0211,N,VIIRS,n,2,274.89,1.39,N,2
43.52948,-5.73256,300.29,0.41,0.37,2024-03-06,0211,N,VIIRS,n,2,276.09,0.82,N,2
43.54298,-5.83403,297.69,0.41,0.37,2024-03-06,0211,N,VIIRS,n,2,276.99,1.39,N,2
43.40932,-3.84124,320.12,0.39,0.36,2024-03-06,0211,N,VIIRS,n,2,276.76,1.57,N,0
43.41261,-3.8403,299.28,0.39,0.36,2024-03-06,0211,N,VIIRS,n,2,276.76,0.49,N,0
39.66554,-0.24792,296.39,0.47,0.4,2024-03-06,0212,N,VIIRS,n,2,280.82,0.94,N,0
38.37722,-0.5464,300.08,0.48,0.4,2024-03-06,0212,N,VIIRS,n,2,280.14,0.84,N,2
39.66483,-0.24477,298.01,0.47,0.4,2024-03-06,0212,N,VIIRS,n,2,281.37,0.39,N,0
41.93373,-1.45798,299.29,0.41,0.37,2024-03-06,0212,N,VIIRS,n,2,272.71,0.6,N,0
41.31489,1.66196,300.45,0.52,0.42,2024-03-06,0212,N,VIIRS,n,2,278.61,1.09,N,2
41.47587,-1.48985,295.85,0.41,0.37,2024-03-06,0212,N,VIIRS,n,2,274.83,1.09,N,2
38.66877,-4.05264,301.66,0.39,0.36,2024-03-06,0213,N,VIIRS,n,2,277.08,1.33,N,2
38.37853,-6.48514,295.58,0.39,0.37,2024-03-06,0213,N,VIIRS,n,2,276.36,0.58,N,2
38.66475,-4.04911,301.2,0.39,0.36,2024-03-06,0213,N,VIIRS,n,2,273.24,0.63,N,2
41.6718,1.60171,354.76,0.4,0.6,2024-03-06,1154,N,VIIRS,n,2,289.77,10.26,D,0
39.08635,-0.33052,325.06,0.59,0.7,2024-03-06,1154,N,VIIRS,n,2,290.42,3.24,D,0
37.7563,-1.33806,325.37,0.72,0.75,2024-03-06,1154,N,VIIRS,n,2,295.79,2.71,D,0
40.75658,0.50098,330.58,0.48,0.65,2024-03-06,1154,N,VIIRS,n,2,292.29,4.15,D,0
39.9526,-0.2621,325.49,0.55,0.68,2024-03-06,1154,N,VIIRS,n,2,290.63,3.38,D,0
41.67306,1.60614,349.95,0.4,0.6,2024-03-06,1154,N,VIIRS,n,2,287.48,10.26,D,0
40.75786,0.49734,336.57,0.48,0.65,2024-03-06,1154,N,VIIRS,n,2,291.84,4.27,D,0
40.75219,0.50016,341.22,0.48,0.65,2024-03-06,1154,N,VIIRS,n,2,292.94,4.27,D,0
40.755,0.49561,339.48,0.48,0.65,2024-03-06,1154,N,VIIRS,n,2,292.3,4.15,D,0
39.67949,-0.81908,326.2,0.6,0.7,2024-03-06,1154,N,VIIRS,n,2,295.2,4.2,D,0
39.68415,-0.82381,327.92,0.6,0.7,2024-03-06,1154,N,VIIRS,n,2,294.7,4,D,0
41.7209,-2.22377,334.96,0.6,0.71,2024-03-06,1155,N,VIIRS,n,2,286.5,3.35,D,0
41.72272,-2.22283,339.54,0.61,0.71,2024-03-06,1155,N,VIIRS,n,2,287.03,5.67,D,0
41.90307,-1.25738,333.1,0.54,0.68,2024-03-06,1155,N,VIIRS,n,2,288.21,5.89,D,0
42.02626,-1.59144,330.37,0.55,0.68,2024-03-06,1155,N,VIIRS,n,2,286.55,2.95,D,0
38.63165,-1.7013,344.78,0.45,0.47,2024-03-06,1334,N,VIIRS,n,2,299.19,5.29,D,0
39.02601,-5.8202,329.72,0.45,0.39,2024-03-06,1334,N,VIIRS,n,2,292.9,4.36,D,0
38.04312,-6.85114,336.35,0.41,0.37,2024-03-06,1334,N,VIIRS,n,2,280.06,2.89,D,0
42.2609,-6.37804,325.05,0.46,0.39,2024-03-06,1335,N,VIIRS,n,2,293.44,2.17,D,0
42.1245,-1.57198,352.66,0.5,0.49,2024-03-06,1335,N,VIIRS,n,2,294.03,9.46,D,0
42.00328,1.64774,330.32,0.37,0.58,2024-03-06,1335,N,VIIRS,n,2,290.66,1.7,D,0
41.72301,-2.22707,339.52,0.46,0.47,2024-03-06,1335,N,VIIRS,n,2,291.28,9.87,D,0
42.26154,-6.37249,327.73,0.46,0.39,2024-03-06,1335,N,VIIRS,n,2,289.09,5.13,D,0
43.4118,-5.17274,325.61,0.53,0.42,2024-03-06,1336,N,VIIRS,n,2,287.03,2.87,D,0
41.45656,1.98128,295.49,0.39,0.36,2024-03-07,0153,N,VIIRS,n,2,269.74,0.59,N,2
40.57591,0.5426,302.97,0.38,0.36,2024-03-07,0153,N,VIIRS,n,2,281.97,0.88,N,2
41.47604,-1.48798,303.55,0.41,0.37,2024-03-07,0153,N,VIIRS,n,2,276.98,1.13,N,2
37.43751,-2.0316,328.17,0.41,0.37,2024-03-07,1315,N,VIIRS,n,2,297.2,1.21,D,0
39.64503,-6.99952,337.18,0.4,0.37,2024-03-07,1316,N,VIIRS,n,2,288.16,2.08,D,0
41.20321,1.11582,342.2,0.39,0.44,2024-03-07,1316,N,VIIRS,n,2,290.16,3.7,D,0
43.52325,-5.7338,315.03,0.35,0.56,2024-03-08,0133,N,VIIRS,n,2,279.32,1.68,N,2
43.53871,-5.83392,333.74,0.35,0.57,2024-03-08,0133,N,VIIRS,n,2,280.63,3.32,N,2
43.52851,-5.73318,308.25,0.35,0.56,2024-03-08,0133,N,VIIRS,n,2,279.72,0.87,N,2
43.52831,-5.72891,300.46,0.35,0.56,2024-03-08,0133,N,VIIRS,n,2,280.93,0.87,N,2
42.55169,-6.76892,296.08,0.38,0.59,2024-03-08,0134,N,VIIRS,n,2,274.33,0.64,N,0
43.54096,-5.83249,310.33,0.38,0.58,2024-03-08,0314,N,VIIRS,n,2,278.26,1.16,N,2
43.5306,-5.73436,308.56,0.38,0.59,2024-03-08,0314,N,VIIRS,n,2,278.15,1.81,N,0
43.52404,-5.73211,304.15,0.38,0.59,2024-03-08,0314,N,VIIRS,n,2,278.85,2.29,N,2
43.52543,-5.73693,330.09,0.38,0.59,2024-03-08,0314,N,VIIRS,n,2,281.89,3.65,N,2
43.52917,-5.72934,308.52,0.38,0.59,2024-03-08,0314,N,VIIRS,n,2,279.87,1.46,N,2
42.1534,2.79378,330.44,0.45,0.39,2024-03-08,1257,N,VIIRS,n,2,288.55,2.77,D,0
42.15169,2.79119,326.96,0.45,0.39,2024-03-08,1257,N,VIIRS,n,2,289.24,2.75,D,0
43.53698,-5.83827,298.32,0.61,0.71,2024-03-09,0114,N,VIIRS,n,2,275.38,1.61,N,0
43.53695,-5.83059,296.27,0.61,0.71,2024-03-09,0114,N,VIIRS,n,2,275.38,1.61,N,2
43.54008,-5.8363,315.13,0.61,0.71,2024-03-09,0114,N,VIIRS,n,2,279,3.08,N,2
43.52585,-5.73618,342.79,0.6,0.7,2024-03-09,0114,N,VIIRS,n,2,280.57,3.66,N,2
43.52578,-5.72869,298.43,0.6,0.7,2024-03-09,0114,N,VIIRS,n,2,277,3.66,N,2
43.2965,-3.48217,295.38,0.59,0.53,2024-03-09,0255,N,VIIRS,n,2,269.67,2.7,N,0
28.61726,-17.87057,298.73,0.39,0.36,2024-03-09,0300,N,VIIRS,n,2,288.73,1.19,N,2
43.28217,-4.36284,342.21,0.42,0.45,2024-03-09,1239,N,VIIRS,n,2,286.9,5.93,D,0
43.25372,-3.5455,300.77,0.54,0.42,2024-03-10,0236,N,VIIRS,n,2,275.72,2,N,0
43.32466,-3.68752,296.15,0.53,0.42,2024-03-10,0236,N,VIIRS,n,2,279.36,1.79,N,0
43.32105,-3.68966,320.42,0.53,0.42,2024-03-10,0236,N,VIIRS,n,2,277.55,1.79,N,0
43.31185,-3.66531,324.11,0.53,0.42,2024-03-10,0236,N,VIIRS,n,2,279.49,3.23,N,0
43.25504,-3.55166,295.9,0.54,0.42,2024-03-10,0236,N,VIIRS,n,2,275.34,0.98,N,0
43.25007,-3.54758,322.97,0.54,0.42,2024-03-10,0236,N,VIIRS,n,2,275.22,2,N,0
43.25139,-3.55371,297.52,0.54,0.42,2024-03-10,0236,N,VIIRS,n,2,274.87,0.98,N,0
41.40763,1.99923,296.47,0.36,0.57,2024-03-10,0236,N,VIIRS,n,2,277.32,0.71,N,2
41.31365,1.66286,305.62,0.35,0.57,2024-03-10,0237,N,VIIRS,n,2,277.87,1.01,N,2
38.37892,-0.54406,299.05,0.32,0.55,2024-03-10,0237,N,VIIRS,n,2,278.45,0.86,N,2
38.3746,-0.54466,295.82,0.32,0.55,2024-03-10,0237,N,VIIRS,n,2,276.42,0.6,N,2
43.53872,-5.83326,326.66,0.39,0.36,2024-03-11,0218,N,VIIRS,n,2,276.99,2.87,N,2
41.1869,1.22397,308.27,0.4,0.44,2024-03-11,0218,N,VIIRS,n,2,278.49,0.86,N,0
41.47636,-1.48815,296.07,0.46,0.39,2024-03-11,0218,N,VIIRS,n,2,276.29,0.72,N,2
41.40564,1.99951,297.12,0.42,0.46,2024-03-11,0218,N,VIIRS,n,2,279.04,0.45,N,2
38.37746,-0.54421,299.2,0.56,0.43,2024-03-11,0219,N,VIIRS,n,2,282.39,0.99,N,2
37.36079,-5.86371,304.72,0.39,0.36,2024-03-11,0219,N,VIIRS,n,2,282.28,0.96,N,2
36.31796,-5.31371,332.59,0.51,0.41,2024-03-11,1340,N,VIIRS,n,2,292.45,3.99,D,0
41.92392,0.18039,327.81,0.37,0.58,2024-03-11,1341,N,VIIRS,n,2,289.49,1.6,D,2
39.42006,-0.36933,345.5,0.33,0.55,2024-03-11,1341,N,VIIRS,n,2,296.18,3.15,D,0
39.41843,-0.36917,352.58,0.33,0.55,2024-03-11,1341,N,VIIRS,n,2,297.05,3.67,D,0
43.52328,-5.7245,336.17,0.39,0.44,2024-03-11,1342,N,VIIRS,n,2,287.03,3.92,D,2
43.52689,-5.73008,347.52,0.39,0.44,2024-03-11,1342,N,VIIRS,n,2,288.94,7.19,D,2
41.476,-1.48784,301.15,0.39,0.36,2024-03-12,0159,N,VIIRS,n,2,276.63,0.99,N,2
43.52423,-5.73329,302.83,0.52,0.41,2024-03-12,0159,N,VIIRS,n,2,275.4,1.58,N,2
43.53828,-5.82921,299.62,0.52,0.42,2024-03-12,0159,N,VIIRS,n,2,273.63,2.35,N,2
41.40782,1.99992,302.89,0.42,0.38,2024-03-12,0159,N,VIIRS,n,2,280.71,0.8,N,2
41.31435,1.66054,307.24,0.41,0.37,2024-03-12,0159,N,VIIRS,n,2,280.99,1.13,N,2
43.52805,-5.73248,325.56,0.52,0.41,2024-03-12,0159,N,VIIRS,n,2,275.96,3.74,N,2
41.92329,0.1802,296.38,0.39,0.36,2024-03-12,0159,N,VIIRS,n,2,275.8,0.34,N,2
40.57541,0.53986,298.59,0.4,0.37,2024-03-12,0159,N,VIIRS,n,2,281.53,0.65,N,2
37.56863,-0.91921,296.18,0.39,0.36,2024-03-12,0200,N,VIIRS,n,2,283.25,0.38,N,2
37.95589,-0.75103,302.82,0.39,0.36,2024-03-12,0200,N,VIIRS,n,2,282.28,0.58,N,0
37.95663,-0.75545,297.69,0.39,0.36,2024-03-12,0200,N,VIIRS,n,2,281.86,0.75,N,0
38.37808,-0.54387,299.32,0.39,0.36,2024-03-12,0200,N,VIIRS,n,2,283.37,0.99,N,2
37.35985,-5.8652,300.28,0.45,0.39,2024-03-12,0200,N,VIIRS,n,2,282.7,1,N,2
39.95231,-0.00387,298.12,0.39,0.36,2024-03-12,0200,N,VIIRS,n,2,285.89,1.13,N,2
36.26451,-5.89923,340.03,0.38,0.36,2024-03-12,1321,N,VIIRS,n,2,291.76,9.33,D,0
36.26187,-5.89419,349.89,0.38,0.36,2024-03-12,1321,N,VIIRS,n,2,294.3,9.84,D,0
36.31695,-5.31207,347.73,0.38,0.36,2024-03-12,1321,N,VIIRS,n,2,295.24,7.51,D,0
38.01068,-1.00712,331.27,0.51,0.41,2024-03-12,1321,N,VIIRS,n,2,297.16,2.72,D,0
36.26121,-5.89845,348.17,0.38,0.36,2024-03-12,1321,N,VIIRS,n,2,295.95,9.33,D,0
39.21348,-3.81411,337.09,0.42,0.37,2024-03-12,1322,N,VIIRS,n,2,292.45,3.52,D,0
39.43322,-0.45088,327.5,0.56,0.43,2024-03-12,1322,N,VIIRS,n,2,297.84,2.2,D,0
43.54096,-5.82925,327.81,0.4,0.37,2024-03-12,1323,N,VIIRS,n,2,291.07,2.02,D,2
42.37402,-5.27497,328.7,0.4,0.37,2024-03-12,1323,N,VIIRS,n,2,291.81,2.66,D,0
42.20853,-8.73702,349.11,0.39,0.36,2024-03-12,1323,N,VIIRS,n,2,294.92,4.4,D,0
42.20776,-8.74172,337.27,0.39,0.36,2024-03-12,1323,N,VIIRS,n,2,296.65,3.47,D,0
43.5268,-5.72519,330.64,0.4,0.37,2024-03-12,1323,N,VIIRS,n,2,288.48,3.45,D,2
43.52613,-5.73016,329.14,0.4,0.37,2024-03-12,1323,N,VIIRS,n,2,290,3.56,D,2
43.41071,-3.84083,309.13,0.46,0.47,2024-03-13,0140,N,VIIRS,n,2,279.24,1.49,N,0
43.52588,-5.7311,318.15,0.57,0.52,2024-03-13,0140,N,VIIRS,n,2,280.78,3.61,N,2
42.55207,-6.76816,296.82,0.64,0.54,2024-03-13,0140,N,VIIRS,n,2,276.89,0.65,N,0
41.71362,1.06754,299.77,0.42,0.38,2024-03-13,0140,N,VIIRS,n,2,273.83,0.59,N,0
41.45415,1.98087,300.04,0.4,0.37,2024-03-13,0140,N,VIIRS,n,2,280.84,1.08,N,2
41.40609,1.99659,296.94,0.4,0.37,2024-03-13,0140,N,VIIRS,n,2,279.27,0.71,N,2
41.31369,1.65942,296.82,0.41,0.37,2024-03-13,0140,N,VIIRS,n,2,279.1,0.69,N,2
41.31302,1.66428,295.2,0.41,0.37,2024-03-13,0140,N,VIIRS,n,2,278.01,0.69,N,2
41.47591,-1.48799,296.37,0.52,0.41,2024-03-13,0140,N,VIIRS,n,2,276.45,0.76,N,2
38.376,-0.54675,298.56,0.44,0.38,2024-03-13,0141,N,VIIRS,n,2,279.97,0.65,N,2
43.52498,-5.73103,307.3,0.45,0.63,2024-03-13,0320,N,VIIRS,n,2,280.34,1.51,N,2
43.52597,-5.73046,309.16,0.45,0.63,2024-03-13,0320,N,VIIRS,n,2,281.07,2.47,N,2
43.52439,-5.72518,296.26,0.45,0.63,2024-03-13,0320,N,VIIRS,n,2,277.81,0.74,N,2
42.98294,-9.09004,295.02,0.33,0.55,2024-03-13,0321,N,VIIRS,n,2,278.86,0.54,N,0
36.94673,-2.38543,344,0.39,0.37,2024-03-13,1302,N,VIIRS,n,2,300.59,11.34,D,0
36.94748,-2.38091,332.52,0.39,0.37,2024-03-13,1302,N,VIIRS,n,2,292.98,11.34,D,0
38.99393,-0.16763,342.36,0.39,0.36,2024-03-13,1303,N,VIIRS,n,2,280.85,4.69,D,0
39.71176,-0.69474,339.57,0.39,0.36,2024-03-13,1303,N,VIIRS,n,2,300.92,2.68,D,0
39.66801,-0.20919,340.83,0.4,0.37,2024-03-13,1303,N,VIIRS,n,2,290.15,8.1,D,0
39.21678,-0.43999,332.52,0.39,0.36,2024-03-13,1303,N,VIIRS,n,2,297.73,2.21,D,0
37.76532,-1.7185,337.14,0.39,0.36,2024-03-13,1303,N,VIIRS,n,2,297.5,2,D,0
40.61357,-5.54377,327.87,0.44,0.38,2024-03-13,1303,N,VIIRS,n,2,291.49,2.41,D,0
41.25229,-1.59022,328.15,0.39,0.36,2024-03-13,1303,N,VIIRS,n,2,292.92,1.55,D,0
41.17662,1.19436,334.13,0.44,0.38,2024-03-13,1303,N,VIIRS,n,2,295.32,3.06,D,0
41.11308,1.05831,336.72,0.43,0.38,2024-03-13,1303,N,VIIRS,n,2,296.13,3.23,D,0
40.01815,-3.02735,339.51,0.39,0.36,2024-03-13,1303,N,VIIRS,n,2,292.82,1.82,D,0
39.45546,-5.57438,326.96,0.45,0.39,2024-03-13,1303,N,VIIRS,n,2,293.33,1.97,D,0
39.64448,-3.7722,341.18,0.4,0.37,2024-03-13,1303,N,VIIRS,n,2,297.62,3.15,D,0
39.59301,-2.10487,339.71,0.38,0.36,2024-03-13,1303,N,VIIRS,n,2,295.64,3.43,D,0
39.5937,-2.10043,352.64,0.38,0.36,2024-03-13,1303,N,VIIRS,n,2,296.47,4.04,D,0
39.58972,-2.10402,344.83,0.38,0.36,2024-03-13,1303,N,VIIRS,n,2,297.01,3.43,D,0
38.99272,-0.16857,339.68,0.39,0.36,2024-03-13,1303,N,VIIRS,n,2,281.17,3.34,D,0
38.26578,-1.33608,339.07,0.38,0.36,2024-03-13,1303,N,VIIRS,n,2,298.6,2.27,D,0
37.76793,-1.72366,340.61,0.39,0.36,2024-03-13,1303,N,VIIRS,n,2,297.22,3.41,D,0
37.76464,-1.72284,347.89,0.39,0.36,2024-03-13,1303,N,VIIRS,n,2,295.74,2,D,0
39.5904,-2.09958,344.33,0.38,0.36,2024-03-13,1303,N,VIIRS,n,2,297.43,4.04,D,0
43.20243,-5.60292,332.26,0.41,0.37,2024-03-13,1304,N,VIIRS,n,2,299.52,3.59,D,0
43.14659,-4.1629,330.1,0.39,0.36,2024-03-13,1304,N,VIIRS,n,2,296.06,2.81,D,0
41.96054,-4.49496,328.69,0.4,0.37,2024-03-13,1304,N,VIIRS,n,2,296.88,3.56,D,0
43.52675,-5.73166,328.13,0.41,0.37,2024-03-13,1304,N,VIIRS,n,2,296.77,3.09,D,2
43.40873,-3.843,322.7,0.4,0.6,2024-03-14,0121,N,VIIRS,n,2,279.4,2.02,N,0
43.52564,-5.73336,322.77,0.5,0.66,2024-03-14,0121,N,VIIRS,n,2,282.13,2.68,N,2
43.52577,-5.7392,299.61,0.5,0.66,2024-03-14,0121,N,VIIRS,n,2,281.18,2.26,N,2
43.28901,-4.01647,298.7,0.41,0.6,2024-03-14,0121,N,VIIRS,n,2,282,0.7,N,0
43.03739,-2.21992,296.28,0.33,0.55,2024-03-14,0121,N,VIIRS,n,2,282.25,0.29,N,2
43.04129,-2.22063,295.8,0.33,0.55,2024-03-14,0121,N,VIIRS,n,2,282.15,0.37,N,2
43.03616,-2.22129,301.31,0.33,0.55,2024-03-14,0121,N,VIIRS,n,2,282.21,0.37,N,2
43.15358,-6.27664,310.21,0.53,0.67,2024-03-14,0121,N,VIIRS,n,2,271.01,1.87,N,0
41.31425,1.66392,297.7,0.4,0.44,2024-03-14,0121,N,VIIRS,n,2,279.21,0.81,N,2
41.47686,-1.49011,295.28,0.58,0.52,2024-03-14,0121,N,VIIRS,n,2,277.9,0.27,N,2
39.66423,-0.25033,295.29,0.48,0.48,2024-03-14,0122,N,VIIRS,n,2,282.42,0.5,N,0
40.57853,0.54004,297.77,0.45,0.47,2024-03-14,0122,N,VIIRS,n,2,282.27,0.52,N,2
39.06929,-5.73096,306.93,0.47,0.64,2024-03-14,0122,N,VIIRS,n,2,280.25,0.87,N,0
43.52261,-5.73105,306.16,0.54,0.51,2024-03-14,0301,N,VIIRS,n,2,275.36,2.09,N,2
43.5243,-5.73766,304.55,0.54,0.51,2024-03-14,0301,N,VIIRS,n,2,277.6,2.09,N,2
43.5271,-5.72888,301.22,0.54,0.51,2024-03-14,0301,N,VIIRS,n,2,277.2,1.71,N,2
43.16841,-3.47948,315.9,0.36,0.57,2024-03-14,0301,N,VIIRS,n,2,282.84,2.67,N,0
43.1694,-3.483,337.92,0.36,0.57,2024-03-14,0301,N,VIIRS,n,2,284.41,4.79,N,0
43.1734,-3.47691,314.68,0.36,0.57,2024-03-14,0301,N,VIIRS,n,2,282.45,1.42,N,0
43.17429,-3.48011,320.93,0.36,0.57,2024-03-14,0301,N,VIIRS,n,2,283.59,2.31,N,0
43.52882,-5.73562,309.05,0.54,0.51,2024-03-14,0301,N,VIIRS,n,2,278.1,1.71,N,0
43.54096,-5.83101,296.94,0.54,0.51,2024-03-14,0301,N,VIIRS,n,2,275.13,0.69,N,2
43.52107,-5.73113,299.8,0.55,0.51,2024-03-14,0301,N,VIIRS,n,2,273.93,1.25,N,2
38.66883,-4.05068,297.25,0.44,0.63,2024-03-14,0303,N,VIIRS,n,2,277.19,0.99,N,2
38.66823,-4.05183,298.36,0.44,0.63,2024-03-14,0303,N,VIIRS,n,2,277.56,0.75,N,2
28.61701,-17.86975,302.3,0.43,0.38,2024-03-14,0306,N,VIIRS,n,2,291.33,1.32,N,2
40.74054,0.54438,328.59,0.4,0.37,2024-03-14,1244,N,VIIRS,n,2,293.08,1.75,D,0
40.85436,-0.23695,326.97,0.42,0.38,2024-03-14,1244,N,VIIRS,l,2,300.58,2.98,D,0
40.78034,0.4484,336.74,0.4,0.37,2024-03-14,1244,N,VIIRS,n,2,294.51,2.82,D,0
40.74099,0.54746,329.4,0.4,0.37,2024-03-14,1244,N,VIIRS,n,2,292.18,1.28,D,0
40.24194,-0.18745,328.28,0.42,0.38,2024-03-14,1244,N,VIIRS,n,2,298.9,2.32,D,0
39.40486,-0.5143,332.11,0.44,0.39,2024-03-14,1244,N,VIIRS,n,2,296.4,2.46,D,0
39.83234,2.94481,334.2,0.38,0.36,2024-03-14,1244,N,VIIRS,n,2,293.79,2.72,D,0
38.59887,-1.57674,340.94,0.5,0.41,2024-03-14,1244,N,VIIRS,n,2,302.01,7.38,D,0
38.59769,-1.58001,335.76,0.5,0.41,2024-03-14,1244,N,VIIRS,n,2,302.24,9.49,D,0
37.59424,-2.20843,328.71,0.55,0.43,2024-03-14,1244,N,VIIRS,n,2,300.92,2.75,D,0
42.27194,2.1694,330.7,0.38,0.36,2024-03-14,1245,N,VIIRS,n,2,288.8,2.23,D,0
41.76202,-0.79904,334.18,0.42,0.38,2024-03-14,1245,N,VIIRS,n,2,294.25,3.76,D,0
41.56047,-1.25938,332.94,0.44,0.38,2024-03-14,1245,N,VIIRS,n,2,296.73,2.38,D,0
42.09211,2.19165,335.41,0.38,0.36,2024-03-14,1245,N,VIIRS,n,2,292.01,2.9,D,0
41.70446,0.21977,340.53,0.4,0.37,2024-03-14,1245,N,VIIRS,n,2,295.43,3.74,D,0
41.7387,1.05653,331.52,0.39,0.36,2024-03-14,1245,N,VIIRS,n,2,295.35,1.67,D,0
41.48462,1.20737,325.75,0.39,0.36,2024-03-14,1245,N,VIIRS,n,2,295.11,1.91,D,0
41.09224,-0.17157,341.13,0.41,0.37,2024-03-14,1245,N,VIIRS,n,2,298.09,4.56,D,0
43.20642,-4.30519,334.53,0.53,0.42,2024-03-14,1245,N,VIIRS,n,2,301.91,35.17,D,0
43.20525,-4.31081,297.24,0.53,0.42,2024-03-14,1245,N,VIIRS,l,2,297.49,35.17,D,0
43.5251,-5.72795,344.14,0.4,0.44,2024-03-14,1245,N,VIIRS,n,2,299.18,4.5,D,2
43.52906,-5.72962,327.06,0.4,0.44,2024-03-14,1245,N,VIIRS,n,2,295.03,2.22,D,2
43.20143,-4.30963,296.75,0.53,0.42,2024-03-14,1245,N,VIIRS,l,2,300.39,35.17,D,0
43.20263,-4.30385,333.3,0.53,0.42,2024-03-14,1245,N,VIIRS,n,2,300.93,35.17,D,0
42.22179,-1.91717,325.49,0.45,0.39,2024-03-14,1245,N,VIIRS,n,2,294.87,2.37,D,0
42.1757,0.91188,338.14,0.39,0.36,2024-03-14,1245,N,VIIRS,n,2,294.03,1.91,D,0
42.00388,0.11494,352.22,0.4,0.37,2024-03-14,1245,N,VIIRS,n,2,294.43,4.59,D,0
42.00054,0.11599,348.76,0.4,0.37,2024-03-14,1245,N,VIIRS,n,2,293.83,4.59,D,0
42.00136,0.12076,346.47,0.4,0.37,2024-03-14,1245,N,VIIRS,n,2,295.16,4.59,D,0
41.47539,-1.48995,296.12,0.51,0.66,2024-03-15,0102,N,VIIRS,n,2,282.74,0.61,N,2
38.66444,-4.05576,296,0.68,0.74,2024-03-15,0103,N,VIIRS,n,2,277.31,0.86,N,0
37.56897,-0.92244,295.79,0.45,0.63,2024-03-15,0104,N,VIIRS,n,2,283.17,0.61,N,0
43.19872,-5.74262,331.62,0.51,0.41,2024-03-15,0243,N,VIIRS,n,2,282.9,4.01,N,0
43.52555,-5.73424,341.65,0.51,0.41,2024-03-15,0243,N,VIIRS,n,2,280.95,5.48,N,2
43.52922,-5.73282,335.7,0.51,0.41,2024-03-15,0243,N,VIIRS,n,2,285.05,5.48,N,2
39.95215,-0.00473,295.96,0.38,0.59,2024-03-15,0243,N,VIIRS,n,2,284.35,1.19,N,2
43.19751,-5.73685,314.3,0.51,0.41,2024-03-15,0243,N,VIIRS,n,2,281.64,4.01,N,0
43.54221,-5.83313,295.65,0.5,0.41,2024-03-15,0243,N,VIIRS,n,2,283.46,0.89,N,2
43.52427,-5.72809,306.77,0.51,0.41,2024-03-15,0243,N,VIIRS,n,2,281.15,5.48,N,2
39.93669,-3.74562,296.16,0.49,0.49,2024-03-15,0244,N,VIIRS,n,2,279.35,1.18,N,2
37.56564,-0.91753,301.37,0.39,0.59,2024-03-15,0244,N,VIIRS,n,2,282.89,0.45,N,2
37.56687,-0.91929,314.59,0.39,0.59,2024-03-15,0244,N,VIIRS,n,2,283.49,0.97,N,2
39.20246,-3.30588,335.84,0.33,0.55,2024-03-15,1225,N,VIIRS,n,2,292.5,3,D,0
37.94051,-3.79868,325.84,0.38,0.58,2024-03-15,1225,N,VIIRS,n,2,292.75,1.09,D,0
41.72394,-1.15765,347.91,0.45,0.47,2024-03-15,1226,N,VIIRS,n,2,292.95,8.99,D,0
41.61987,0.22566,328.45,0.39,0.44,2024-03-15,1226,N,VIIRS,n,2,296.33,2.83,D,0
41.61592,0.22384,328.73,0.39,0.44,2024-03-15,1226,N,VIIRS,n,2,295.49,2.17,D,0
41.70447,0.22091,333.87,0.39,0.44,2024-03-15,1226,N,VIIRS,n,2,293.64,1.73,D,0
43.15532,-3.45932,346.07,0.53,0.5,2024-03-15,1227,N,VIIRS,n,2,283.71,5.71,D,0
28.19569,-16.44131,335.29,0.41,0.37,2024-03-15,1403,N,VIIRS,n,2,302.81,1.77,D,0
28.195,-16.44543,335.49,0.41,0.37,2024-03-15,1403,N,VIIRS,n,2,306.03,1.49,D,0
41.38388,0.43041,297.13,0.72,0.75,2024-03-16,0043,N,VIIRS,n,2,281.15,0.61,N,0
41.37678,0.43007,296.47,0.72,0.75,2024-03-16,0043,N,VIIRS,n,2,280.29,0.61,N,0
41.38093,0.42621,295.14,0.72,0.75,2024-03-16,0044,N,VIIRS,n,2,280.18,1.28,N,0
43.22627,-2.88121,297.09,0.44,0.38,2024-03-16,0224,N,VIIRS,n,2,282.1,0.49,N,2
43.22278,-2.87793,302.83,0.44,0.38,2024-03-16,0224,N,VIIRS,n,2,280.7,0.61,N,2
41.40636,1.99517,297.36,0.51,0.49,2024-03-16,0224,N,VIIRS,n,2,282.07,0.67,N,2
43.1596,-4.37754,305.67,0.4,0.37,2024-03-16,0224,N,VIIRS,n,2,271.44,1.06,N,0
41.31217,1.65867,306.46,0.49,0.49,2024-03-16,0224,N,VIIRS,n,2,282.44,1.49,N,2
41.37963,0.43212,302.34,0.43,0.46,2024-03-16,0224,N,VIIRS,n,2,278.52,0.52,N,0
39.93872,-3.74419,296.64,0.46,0.39,2024-03-16,0225,N,VIIRS,n,2,282.21,1.45,N,2
38.66676,-4.04904,295.51,0.46,0.39,2024-03-16,0225,N,VIIRS,n,2,280.64,1.01,N,2
37.56806,-0.91764,295.81,0.45,0.47,2024-03-16,0225,N,VIIRS,n,2,285.09,0.51,N,2
39.95317,-0.0034,298.68,0.44,0.46,2024-03-16,0225,N,VIIRS,n,2,285.43,1.14,N,2
38.37554,-0.54707,296.24,0.45,0.47,2024-03-16,0225,N,VIIRS,n,2,283.66,0.91,N,2
37.36115,-5.8655,303.14,0.42,0.38,2024-03-16,0226,N,VIIRS,n,2,285.91,0.77,N,2
37.72125,-5.15997,297.77,0.44,0.38,2024-03-16,0226,N,VIIRS,n,2,283.89,0.51,N,0
42.15298,-1.57066,328.39,0.39,0.59,2024-03-16,1207,N,VIIRS,n,2,287.6,2.54,D,0
43.0999,-1.83499,353.4,0.37,0.58,2024-03-16,1208,N,VIIRS,n,2,290.09,9.31,D,0
43.09874,-1.83912,367,0.38,0.58,2024-03-16,1208,N,VIIRS,h,2,294.57,9.31,D,0
43.08471,-1.6062,326.38,0.37,0.58,2024-03-16,1208,N,VIIRS,n,2,288.1,1.68,D,0
43.00889,-1.62894,326.39,0.37,0.58,2024-03-16,1208,N,VIIRS,n,2,286.26,4.1,D,0
43.00609,-1.62877,331.91,0.37,0.58,2024-03-16,1208,N,VIIRS,n,2,287.06,4.04,D,0
43.21176,-1.64143,356.2,0.36,0.58,2024-03-16,1208,N,VIIRS,n,2,287.78,5.11,D,0
43.09615,-1.84832,344.75,0.38,0.58,2024-03-16,1208,N,VIIRS,n,2,290.36,5.29,D,0
43.09748,-1.84359,335.6,0.38,0.58,2024-03-16,1208,N,VIIRS,n,2,291.44,5.29,D,0
38.36933,-1.41405,343.39,0.35,0.56,2024-03-16,1347,N,VIIRS,n,2,301.81,4.15,D,0
38.55825,-0.21446,340.45,0.4,0.6,2024-03-16,1347,N,VIIRS,n,2,295.83,2.42,D,0
40.11318,-5.07167,326.81,0.46,0.47,2024-03-16,1347,N,VIIRS,n,2,285.42,2.73,D,0
38.37017,-1.41943,349.28,0.35,0.56,2024-03-16,1347,N,VIIRS,n,2,303.42,5.69,D,0
41.27085,-1.61438,342.07,0.36,0.57,2024-03-16,1348,N,VIIRS,n,2,294.62,3.33,D,0
43.19289,-3.68479,300.22,0.4,0.37,2024-03-17,0205,N,VIIRS,n,2,277.71,0.95,N,0
43.31933,-3.76703,314.65,0.4,0.37,2024-03-17,0205,N,VIIRS,n,2,280.99,7.17,N,0
43.244,-3.72756,328.95,0.4,0.37,2024-03-17,0205,N,VIIRS,n,2,283.03,2.76,N,0
43.24062,-3.72828,308.37,0.4,0.37,2024-03-17,0205,N,VIIRS,n,2,279.21,2.76,N,0
43.26198,-4.36735,300.34,0.41,0.37,2024-03-17,0205,N,VIIRS,n,2,280.26,1.19,N,0
43.10326,-3.77046,330.2,0.4,0.37,2024-03-17,0205,N,VIIRS,n,2,281.7,2.12,N,0
43.27634,-2.85029,297.32,0.39,0.36,2024-03-17,0205,N,VIIRS,n,2,284.11,0.32,N,0
43.32606,-3.76537,334.44,0.4,0.37,2024-03-17,0205,N,VIIRS,n,2,282.01,3.46,N,0
43.10255,-3.76527,312.58,0.4,0.37,2024-03-17,0205,N,VIIRS,n,2,279.13,2.12,N,0
43.2201,-5.74036,306.38,0.45,0.39,2024-03-17,0205,N,VIIRS,n,2,282.92,0.98,N,0
43.21661,-5.74168,295.93,0.45,0.39,2024-03-17,0205,N,VIIRS,n,2,282.26,0.98,N,0
43.16059,-5.79175,296.48,0.45,0.39,2024-03-17,0205,N,VIIRS,n,2,276.47,4.09,N,0
43.15991,-5.78609,297.9,0.45,0.39,2024-03-17,0205,N,VIIRS,n,2,275.06,4.09,N,0
43.15702,-5.79244,324.3,0.45,0.39,2024-03-17,0205,N,VIIRS,n,2,281.83,4.09,N,0
43.15633,-5.78669,338.54,0.45,0.39,2024-03-17,0205,N,VIIRS,n,2,285,4.09,N,0
43.15347,-5.79329,337.45,0.45,0.39,2024-03-17,0205,N,VIIRS,n,2,291.91,23.7,N,0
43.15276,-5.7874,350.24,0.45,0.39,2024-03-17,0205,N,VIIRS,n,2,290.06,23.7,N,0
43.14922,-5.78836,347.31,0.45,0.39,2024-03-17,0205,N,VIIRS,n,2,288.8,23.7,N,0
43.14994,-5.79445,313.17,0.45,0.39,2024-03-17,0205,N,VIIRS,n,2,282.48,23.7,N,0
43.32269,-3.76617,345.49,0.4,0.37,2024-03-17,0205,N,VIIRS,n,2,285.76,7.17,N,0
43.32404,-3.77587,302.73,0.4,0.37,2024-03-17,0205,N,VIIRS,n,2,280.93,0.62,N,0
43.32203,-3.7614,305.75,0.4,0.37,2024-03-17,0205,N,VIIRS,n,2,280.22,2.72,N,0
43.32,-3.77181,296.91,0.4,0.37,2024-03-17,0205,N,VIIRS,n,2,280.24,7.17,N,0
38.37775,-0.54442,301.88,0.43,0.38,2024-03-17,0206,N,VIIRS,n,2,279.78,1.16,N,2
40.57664,0.53894,298.48,0.43,0.38,2024-03-17,0206,N,VIIRS,n,2,282.54,0.69,N,0
38.66618,-4.05308,310.41,0.39,0.36,2024-03-17,0206,N,VIIRS,n,2,279.2,1.03,N,2
41.18843,-0.39519,312.31,0.4,0.37,2024-03-17,0206,N,VIIRS,n,2,274.52,2.26,N,0
41.1876,-0.39046,327.22,0.4,0.37,2024-03-17,0206,N,VIIRS,n,2,275.85,2.26,N,0
37.17931,-6.89225,295.48,0.43,0.38,2024-03-17,0207,N,VIIRS,n,2,275.04,0.89,N,0
38.80698,-0.44563,367,0.72,0.75,2024-03-17,1148,N,VIIRS,h,2,301.73,41.08,D,0
38.8153,-0.44734,367,0.72,0.76,2024-03-17,1148,N,VIIRS,h,2,292.52,21.17,D,0
38.80716,-0.44875,355.17,0.72,0.76,2024-03-17,1148,N,VIIRS,n,2,296.7,30.66,D,0
38.80956,-0.44137,367,0.72,0.75,2024-03-17,1148,N,VIIRS,h,2,298.22,42,D,0
38.81511,-0.44437,367,0.72,0.75,2024-03-17,1148,N,VIIRS,h,2,295.14,41.08,D,0
40.01221,-0.29859,326.92,0.65,0.73,2024-03-17,1148,N,VIIRS,n,2,290.33,7.86,D,0
40.00727,-0.30389,367,0.65,0.73,2024-03-17,1148,N,VIIRS,h,2,290.87,11.09,D,0
38.81262,-0.4519,344.24,0.72,0.76,2024-03-17,1148,N,VIIRS,n,2,292.61,31.09,D,0
40.00975,-0.30609,351.29,0.65,0.73,2024-03-17,1148,N,VIIRS,n,2,290.38,7.86,D,0
40.00797,-0.3047,344.68,0.46,0.47,2024-03-17,1328,N,VIIRS,n,2,281.87,30.06,D,0
40.01235,-0.30541,341.45,0.46,0.47,2024-03-17,1328,N,VIIRS,n,2,278.66,30.06,D,0
40.01191,-0.3107,342.19,0.46,0.47,2024-03-17,1328,N,VIIRS,n,2,277.97,30.06,D,0
43.52617,-5.73227,325.79,0.44,0.39,2024-03-17,1329,N,VIIRS,n,2,275.21,4.37,D,2
41.92484,0.18261,327.24,0.51,0.49,2024-03-17,1329,N,VIIRS,n,2,287.98,3.74,D,2
41.06543,-0.56009,346.01,0.46,0.47,2024-03-17,1329,N,VIIRS,n,2,286.86,10.73,D,0
43.12692,-4.19964,304.07,0.4,0.44,2024-03-18,0146,N,VIIRS,n,2,267.43,0.67,N,0
43.12321,-4.20445,306.5,0.4,0.44,2024-03-18,0146,N,VIIRS,n,2,266.1,0.94,N,0
43.12732,-4.20389,308.46,0.4,0.44,2024-03-18,0146,N,VIIRS,n,2,267.13,1.53,N,0
41.45347,1.97956,305.11,0.38,0.36,2024-03-18,0147,N,VIIRS,n,2,272.55,1.06,N,2
41.40709,1.99826,302.8,0.38,0.36,2024-03-18,0147,N,VIIRS,n,2,270.45,0.74,N,2
41.31203,1.66154,306.84,0.39,0.36,2024-03-18,0147,N,VIIRS,n,2,272.1,1.1,N,2
39.93664,-3.74305,301.98,0.53,0.42,2024-03-18,0147,N,VIIRS,n,2,282.28,0.67,N,2
37.56925,-0.91516,297.33,0.4,0.37,2024-03-18,0148,N,VIIRS,n,2,268.51,0.69,N,2
37.17852,-6.89612,296.46,0.47,0.48,2024-03-18,0148,N,VIIRS,n,2,254.64,1.14,N,0
42.32507,1.43359,327.64,0.76,0.77,2024-03-18,1130,N,VIIRS,n,2,287.07,4.65,D,0
42.32708,1.43055,328.49,0.76,0.77,2024-03-18,1130,N,VIIRS,n,2,287.89,4.6,D,0
39.02124,-0.40959,352.63,0.42,0.38,2024-03-18,1309,N,VIIRS,n,2,284.92,20.1,D,0
40.90322,-2.9597,326.4,0.39,0.36,2024-03-18,1310,N,VIIRS,n,2,290.91,1.83,D,0
43.16788,-1.90593,337.26,0.42,0.37,2024-03-18,1310,N,VIIRS,n,2,286.44,3.36,D,0
43.13671,-1.58201,343.39,0.42,0.38,2024-03-18,1310,N,VIIRS,n,2,293.72,4.46,D,0
42.89918,-1.15159,335.88,0.43,0.38,2024-03-18,1310,N,VIIRS,n,2,295.41,3.76,D,0
42.32629,1.42736,325.21,0.53,0.42,2024-03-18,1310,N,VIIRS,n,2,285.78,3.31,D,0
43.12941,-4.19646,346.85,0.38,0.36,2024-03-18,1310,N,VIIRS,n,2,290.38,8.08,D,0
43.12613,-4.19553,342.37,0.38,0.36,2024-03-18,1310,N,VIIRS,n,2,290.41,5.17,D,0
43.42339,-5.2736,327.46,0.39,0.36,2024-03-18,1311,N,VIIRS,n,2,291.62,1.49,D,0
43.42488,-5.02312,341.11,0.38,0.36,2024-03-18,1311,N,VIIRS,n,2,293.2,5.24,D,0
41.312,1.6641,305.61,0.51,0.41,2024-03-19,0128,N,VIIRS,n,2,280.55,1.65,N,2
38.46089,-3.71192,327.97,0.53,0.42,2024-03-19,1250,N,VIIRS,n,2,293.22,3.31,D,0
41.45174,-0.50559,339.19,0.39,0.36,2024-03-19,1251,N,VIIRS,n,2,297.49,4.76,D,0
39.49437,-1.72694,336.09,0.43,0.38,2024-03-19,1251,N,VIIRS,n,2,300.64,2.84,D,0
39.601,-1.84689,336.21,0.43,0.38,2024-03-19,1251,N,VIIRS,n,2,302.84,2.87,D,0
41.09938,-0.17371,351.6,0.39,0.36,2024-03-19,1251,N,VIIRS,n,2,301.73,6.2,D,0
41.17635,-0.4534,333.65,0.39,0.36,2024-03-19,1251,N,VIIRS,n,2,299.68,1.94,D,0
41.25913,-0.44653,355.16,0.39,0.36,2024-03-19,1251,N,VIIRS,n,2,302.1,5.88,D,0
41.25837,-0.45115,356.79,0.39,0.36,2024-03-19,1251,N,VIIRS,l,2,303.41,7.72,D,0
41.25761,-0.45577,356.81,0.39,0.36,2024-03-19,1251,N,VIIRS,l,2,303.08,7.72,D,0
41.26091,-0.45671,356.16,0.39,0.36,2024-03-19,1251,N,VIIRS,n,2,302.97,5.39,D,0
41.26015,-0.46133,337.58,0.39,0.36,2024-03-19,1251,N,VIIRS,n,2,302.95,1.77,D,0
41.47479,-1.33998,331.67,0.4,0.37,2024-03-19,1251,N,VIIRS,n,2,301.87,2.23,D,0
42.01774,-1.59026,339.63,0.4,0.37,2024-03-19,1251,N,VIIRS,n,2,301.87,4.2,D,0
41.87156,-1.33205,339.44,0.4,0.37,2024-03-19,1251,N,VIIRS,n,2,297.64,3.86,D,0
41.87161,-1.32892,346.28,0.4,0.37,2024-03-19,1251,N,VIIRS,n,2,299.13,10.15,D,0
41.8266,-1.49049,335.88,0.4,0.37,2024-03-19,1251,N,VIIRS,n,2,299.79,2.1,D,0
41.75793,-1.16689,356.51,0.4,0.37,2024-03-19,1251,N,VIIRS,n,2,302.23,7.92,D,0
41.75872,-1.16217,348.23,0.4,0.37,2024-03-19,1251,N,VIIRS,n,2,298.55,6.22,D,0
41.7546,-1.16589,356.73,0.4,0.37,2024-03-19,1251,N,VIIRS,l,2,300.78,4.74,D,0
41.75381,-1.17061,338.95,0.4,0.37,2024-03-19,1251,N,VIIRS,n,2,305.68,4.74,D,0
41.7554,-1.16117,349.51,0.4,0.37,2024-03-19,1251,N,VIIRS,n,2,298.89,4.89,D,0
41.75048,-1.16961,339.44,0.4,0.37,2024-03-19,1251,N,VIIRS,n,2,300.16,4.74,D,0
41.72055,-1.16057,345.74,0.4,0.37,2024-03-19,1251,N,VIIRS,n,2,306.47,15.96,D,0
41.72135,-1.15585,347.06,0.4,0.37,2024-03-19,1251,N,VIIRS,n,2,303.31,15.96,D,0
41.73551,-1.05121,336.91,0.4,0.37,2024-03-19,1251,N,VIIRS,n,2,298.72,3.64,D,0
41.73631,-1.04651,336.48,0.4,0.37,2024-03-19,1251,N,VIIRS,n,2,297.46,4.34,D,0
41.61043,-1.39315,330.05,0.4,0.37,2024-03-19,1251,N,VIIRS,n,2,302.96,1.82,D,0
41.47739,-1.36583,340.61,0.4,0.37,2024-03-19,1251,N,VIIRS,n,2,301.99,11.25,D,0
41.31475,-2.04928,331.81,0.42,0.38,2024-03-19,1251,N,VIIRS,n,2,299.39,1.54,D,0
41.26243,-0.44747,356.59,0.39,0.36,2024-03-19,1251,N,VIIRS,l,2,302.77,10.34,D,0
41.26167,-0.45209,356.56,0.39,0.36,2024-03-19,1251,N,VIIRS,l,2,303.44,5.39,D,0
40.90785,-2.99275,345.31,0.45,0.39,2024-03-19,1251,N,VIIRS,n,2,303.47,13.09,D,0
40.91137,-2.99385,344.1,0.45,0.39,2024-03-19,1251,N,VIIRS,n,2,296.64,13.09,D,0
41.37589,-0.75561,336.7,0.39,0.36,2024-03-19,1251,N,VIIRS,n,2,299.64,2.45,D,0
42.03366,-7.91871,339.99,0.46,0.47,2024-03-19,1252,N,VIIRS,n,2,275.26,6.14,D,0
42.03481,-7.91375,356.13,0.46,0.47,2024-03-19,1252,N,VIIRS,n,2,276.39,21.05,D,0
42.27777,-6.43153,344.38,0.39,0.44,2024-03-19,1252,N,VIIRS,n,2,274.82,8.31,D,0
43.17552,-1.54687,337.24,0.4,0.37,2024-03-19,1252,N,VIIRS,n,2,295.73,5.33,D,0
43.17301,-1.54109,330.49,0.4,0.37,2024-03-19,1252,N,VIIRS,n,2,297.5,1.93,D,0
42.35842,-5.68609,331.38,0.54,0.42,2024-03-19,1252,N,VIIRS,n,2,286.59,4.44,D,0
42.35861,-5.68467,334.46,0.54,0.42,2024-03-19,1252,N,VIIRS,n,2,287.71,4.42,D,0
41.88472,2.76264,327.34,0.41,0.37,2024-03-20,1232,N,VIIRS,n,2,289.74,1.91,D,0
39.25927,-6.79255,328.39,0.41,0.61,2024-03-20,1232,N,VIIRS,n,2,290.8,2.77,D,0
39.48342,-5.5099,328.19,0.35,0.57,2024-03-20,1232,N,VIIRS,n,2,289.98,2.2,D,0
39.00132,-6.10758,337.2,0.43,0.62,2024-03-20,1412,N,VIIRS,n,2,292.01,3.51,D,0
43.34483,-8.43742,308.95,0.38,0.36,2024-03-21,0231,N,VIIRS,n,2,282.73,1.2,N,2
43.34811,-8.43647,295.44,0.38,0.36,2024-03-21,0231,N,VIIRS,n,2,282,0.34,N,2
43.14922,-1.65048,329.26,0.61,0.54,2024-03-21,1214,N,VIIRS,n,2,287.62,5.35,D,0
43.14653,-1.64039,327.23,0.61,0.54,2024-03-21,1214,N,VIIRS,n,2,290.98,5.76,D,0
40.91507,-3.00866,349.37,0.41,0.61,2024-03-21,1214,N,VIIRS,n,2,291.12,6.82,D,0
40.91101,-3.00163,332,0.41,0.61,2024-03-21,1214,N,VIIRS,n,2,290.93,5.28,D,0
40.91153,-3.00858,353.96,0.41,0.61,2024-03-21,1214,N,VIIRS,n,2,292.12,6.77,D,0
40.90878,-2.99671,325.01,0.41,0.61,2024-03-21,1214,N,VIIRS,n,2,291.15,2.35,D,0
40.91286,-3.00376,330.09,0.41,0.61,2024-03-21,1214,N,VIIRS,n,2,290.74,7.25,D,0
42.98622,-7.84596,327.4,0.6,0.71,2024-03-21,1214,N,VIIRS,n,2,287.53,2.71,D,0
42.01719,-1.58842,339.3,0.44,0.62,2024-03-21,1354,N,VIIRS,n,2,292.43,4.56,D,0
43.14811,-1.64863,334.95,0.45,0.63,2024-03-21,1355,N,VIIRS,n,2,288.31,12.69,D,0
43.14827,-1.6433,367,0.45,0.63,2024-03-21,1355,N,VIIRS,h,2,294.59,17.99,D,0
43.14845,-1.63705,327.18,0.45,0.63,2024-03-21,1355,N,VIIRS,n,2,291.5,17.99,D,0
41.47464,-1.48794,302.62,0.41,0.37,2024-03-22,0212,N,VIIRS,n,2,282.93,0.95,N,2
43.34509,-8.43793,303.42,0.49,0.4,2024-03-22,0212,N,VIIRS,n,2,283.38,1.02,N,2
41.40562,1.99803,302.39,0.55,0.42,2024-03-22,0212,N,VIIRS,n,2,283.95,0.99,N,2
39.61726,-3.11997,306.27,0.4,0.37,2024-03-22,0212,N,VIIRS,n,2,275.12,1.06,N,0
39.95678,-0.08869,326.09,0.54,0.67,2024-03-22,1154,N,VIIRS,n,2,292.21,2.76,D,0
38.08791,-6.25348,334.91,0.43,0.38,2024-03-22,1334,N,VIIRS,n,2,291.88,2.87,D,0
38.00685,-1.30412,330.98,0.47,0.48,2024-03-22,1334,N,VIIRS,n,2,303,2.11,D,0
38.9201,-0.26861,335.21,0.55,0.51,2024-03-22,1334,N,VIIRS,n,2,298.3,4,D,0
43.00074,-2.57479,325.72,0.46,0.47,2024-03-22,1336,N,VIIRS,n,2,297.53,2.31,D,0
43.00155,-2.57205,327.01,0.46,0.47,2024-03-22,1336,N,VIIRS,n,2,297.45,2.59,D,0
42.93924,-1.26501,326.35,0.54,0.5,2024-03-22,1336,N,VIIRS,n,2,293.76,4.02,D,0
43.16523,-1.9046,325.61,0.5,0.49,2024-03-22,1336,N,VIIRS,n,2,294.81,2.63,D,0
40.57495,0.54203,305.64,0.38,0.36,2024-03-23,0153,N,VIIRS,n,2,285.15,0.87,N,2
41.45484,1.97894,311.36,0.39,0.36,2024-03-23,0153,N,VIIRS,n,2,285.61,1.21,N,2
41.40646,1.99853,313.81,0.39,0.36,2024-03-23,0153,N,VIIRS,n,2,285.27,1.13,N,2
41.47348,-1.48824,301.69,0.4,0.37,2024-03-23,0153,N,VIIRS,n,2,284.12,0.98,N,2
38.37601,-0.54253,296.25,0.38,0.36,2024-03-23,0154,N,VIIRS,n,2,278.13,0.48,N,2
39.93682,-3.74244,302.54,0.46,0.39,2024-03-23,0154,N,VIIRS,n,2,283.54,1.59,N,2
39.9362,-3.74364,306.93,0.46,0.39,2024-03-23,0154,N,VIIRS,n,2,284.09,1.18,N,2
42.93216,-1.0448,325.11,0.79,0.78,2024-03-23,1137,N,VIIRS,n,2,286.8,7.41,D,0
42.92967,-1.04502,332.03,0.79,0.78,2024-03-23,1137,N,VIIRS,n,2,287.72,6.27,D,0
41.59839,0.58771,333.33,0.56,0.43,2024-03-23,1316,N,VIIRS,n,2,299.99,4.55,D,0
41.59713,0.5893,333.26,0.56,0.43,2024-03-23,1316,N,VIIRS,n,2,300.37,3.92,D,0
42.2916,-5.88507,328.03,0.38,0.36,2024-03-23,1317,N,VIIRS,n,2,297.39,4.32,D,0
42.55243,-6.77131,296.31,0.38,0.59,2024-03-24,0134,N,VIIRS,n,2,278.77,0.77,N,0
41.47478,-1.48821,298.54,0.4,0.44,2024-03-24,0134,N,VIIRS,n,2,280.91,0.57,N,2
41.33681,-1.17338,308.75,0.39,0.44,2024-03-24,0134,N,VIIRS,n,2,278.28,1.6,N,0
41.33633,-1.16858,304.54,0.39,0.44,2024-03-24,0134,N,VIIRS,n,2,278.56,1.11,N,0
40.5775,0.54081,295.45,0.48,0.4,2024-03-24,0134,N,VIIRS,n,2,283.42,0.52,N,2
39.61008,-3.13124,321.35,0.46,0.47,2024-03-24,0135,N,VIIRS,n,2,280.15,1.24,N,0
39.93561,-3.74481,298.74,0.5,0.49,2024-03-24,0135,N,VIIRS,n,2,282.56,0.96,N,2
39.66304,-0.24603,296.37,0.51,0.41,2024-03-24,0135,N,VIIRS,n,2,284.31,0.53,N,0
41.33878,-1.17042,297.53,0.73,0.76,2024-03-24,0314,N,VIIRS,n,2,275.95,1.14,N,0
41.68344,-1.19163,346.97,0.38,0.36,2024-03-24,1257,N,VIIRS,n,2,292.42,4.94,D,0
42.03426,0.21143,335.53,0.39,0.36,2024-03-24,1257,N,VIIRS,n,2,292.55,3.63,D,0
41.88857,-1.3162,330.98,0.38,0.36,2024-03-24,1258,N,VIIRS,n,2,289.98,1.16,D,0
43.40969,-3.8399,315.45,0.48,0.64,2024-03-25,0115,N,VIIRS,n,2,278.75,2.61,N,0
43.40891,-3.8415,325.47,0.48,0.64,2024-03-25,0115,N,VIIRS,n,2,279.38,2.27,N,0
43.30579,-3.02472,298.82,0.43,0.62,2024-03-25,0115,N,VIIRS,n,2,278.69,0.51,N,2
43.53863,-5.83576,320.85,0.6,0.71,2024-03-25,0115,N,VIIRS,n,2,278.43,2.33,N,2
43.53858,-5.82779,300.78,0.6,0.71,2024-03-25,0115,N,VIIRS,n,2,277.46,2.33,N,2
43.54124,-5.834,325.93,0.6,0.71,2024-03-25,0115,N,VIIRS,n,2,279.55,2.34,N,2
43.53461,-5.83397,296.23,0.6,0.71,2024-03-25,0115,N,VIIRS,n,2,277.04,2.34,N,0
43.54113,-5.83284,340.59,0.47,0.48,2024-03-25,1239,N,VIIRS,n,2,293.41,7.36,D,2
43.53805,-5.83064,338.81,0.47,0.48,2024-03-25,1239,N,VIIRS,n,2,288.44,3.24,D,2
43.52594,-5.72738,304.47,0.45,0.39,2024-03-26,0237,N,VIIRS,n,2,279.69,1.29,N,2
43.52699,-5.73284,305.4,0.45,0.39,2024-03-26,0237,N,VIIRS,n,2,278.91,1.07,N,2
43.52351,-5.73408,297.12,0.45,0.39,2024-03-26,0237,N,VIIRS,n,2,279.62,1.07,N,2
43.30907,-3.02469,297,0.4,0.37,2024-03-27,0218,N,VIIRS,n,2,278.1,0.7,N,2
43.03359,-2.22235,304.06,0.42,0.38,2024-03-27,0218,N,VIIRS,n,2,275.08,0.79,N,2
43.03698,-2.22118,298.03,0.42,0.38,2024-03-27,0218,N,VIIRS,n,2,276.49,0.71,N,2
43.22338,-2.87931,317.68,0.4,0.37,2024-03-27,0218,N,VIIRS,n,2,278.22,1.34,N,2
36.96764,-1.90644,299.88,0.52,0.42,2024-03-27,0219,N,VIIRS,n,2,283.32,1.2,N,2
39.93624,-3.74405,303.83,0.41,0.37,2024-03-27,0219,N,VIIRS,n,2,275.53,0.93,N,2
41.45489,1.9769,299.61,0.42,0.38,2024-03-28,0159,N,VIIRS,n,2,283.45,0.7,N,2
43.54027,-5.83212,302.38,0.52,0.41,2024-03-28,0159,N,VIIRS,n,2,267.28,1.3,N,2
43.52925,-5.72989,303.24,0.51,0.41,2024-03-28,0159,N,VIIRS,n,2,267.22,5.93,N,2
43.52613,-5.73692,329.82,0.51,0.41,2024-03-28,0159,N,VIIRS,n,2,268.34,11.36,N,2
43.52544,-5.73062,321.96,0.51,0.41,2024-03-28,0159,N,VIIRS,n,2,270.06,5.93,N,2
43.03352,-2.21857,314.31,0.4,0.37,2024-03-28,0159,N,VIIRS,n,2,273.95,1.49,N,2
41.40773,1.99836,298.2,0.42,0.38,2024-03-28,0159,N,VIIRS,n,2,284.91,0.87,N,2
41.31226,1.66357,315.24,0.41,0.37,2024-03-28,0159,N,VIIRS,n,2,285.15,1.85,N,2
39.95154,-0.00425,298.82,0.39,0.36,2024-03-28,0200,N,VIIRS,n,2,287.64,0.96,N,2
37.56815,-0.91802,302.33,0.39,0.36,2024-03-28,0200,N,VIIRS,n,2,285.36,0.83,N,2
40.57498,0.54179,302.3,0.4,0.37,2024-03-28,0200,N,VIIRS,n,2,284.73,0.8,N,2
36.96603,-1.90485,309.19,0.48,0.4,2024-03-29,0142,N,VIIRS,n,2,287.57,1.49,N,2
42.98224,-9.08844,297.09,0.33,0.55,2024-03-29,0321,N,VIIRS,n,2,277.24,0.67,N,0
27.96601,-15.41046,299.84,0.36,0.57,2024-03-29,0325,N,VIIRS,n,2,283.71,1.23,N,0
27.96589,-15.40948,302.45,0.36,0.57,2024-03-29,0325,N,VIIRS,n,2,283.86,0.83,N,0
43.22483,-2.88096,297,0.35,0.57,2024-03-30,0121,N,VIIRS,n,2,277.78,0.72,N,2
36.96739,-1.90618,298.67,0.55,0.51,2024-03-30,0123,N,VIIRS,n,2,281.92,1.14,N,2
42.86212,-2.67119,337.43,0.47,0.39,2024-03-30,1245,N,VIIRS,n,2,294,4.15,D,0
42.86567,-2.67248,347.21,0.47,0.39,2024-03-30,1245,N,VIIRS,n,2,294.05,4.15,D,0
40.57556,0.54051,301.3,0.39,0.6,2024-03-31,0103,N,VIIRS,n,2,279.76,0.65,N,2
37.79082,-2.14105,322.64,0.52,0.67,2024-03-31,0104,N,VIIRS,n,2,254.72,3.07,N,0
43.52591,-5.73117,296.09,0.51,0.41,2024-03-31,0243,N,VIIRS,n,2,279.98,1.77,N,2
43.3296,-5.77727,296.26,0.51,0.41,2024-03-31,0243,N,VIIRS,n,2,277.29,0.95,N,0
43.34695,-8.43634,300.68,0.42,0.38,2024-03-31,0243,N,VIIRS,n,2,277.63,0.75,N,2
43.34558,-8.43816,301.07,0.42,0.38,2024-03-31,0243,N,VIIRS,n,2,277.2,0.62,N,2
41.31305,1.65941,307.24,0.5,0.49,2024-04-01,0224,N,VIIRS,n,2,280.21,1.49,N,2
43.52672,-5.73183,338.41,0.39,0.36,2024-04-01,0224,N,VIIRS,n,2,277.69,4.85,N,2
43.52594,-5.7271,300.78,0.39,0.36,2024-04-01,0224,N,VIIRS,n,2,280.29,0.93,N,2
43.53971,-5.8321,298.86,0.39,0.36,2024-04-01,0224,N,VIIRS,n,2,265.1,0.32,N,2
41.31075,1.66257,313.92,0.5,0.49,2024-04-01,0224,N,VIIRS,n,2,279.38,2.52,N,2
41.40564,1.99786,296.52,0.51,0.49,2024-04-01,0224,N,VIIRS,n,2,279.18,0.77,N,2
41.47645,-1.48956,296.7,0.53,0.42,2024-04-01,0225,N,VIIRS,n,2,278.65,0.66,N,2
38.37519,-0.54604,296.81,0.45,0.47,2024-04-01,0225,N,VIIRS,n,2,279.19,0.82,N,2
38.37672,-0.54288,300.71,0.45,0.47,2024-04-01,0225,N,VIIRS,n,2,280.77,1,N,2
38.41946,-1.40671,338.37,0.35,0.57,2024-04-01,1347,N,VIIRS,n,2,291.1,2.13,D,0
38.41774,-1.40704,343.49,0.35,0.57,2024-04-01,1347,N,VIIRS,n,2,291.3,2.06,D,0
38.19102,-0.99282,332.24,0.37,0.58,2024-04-01,1347,N,VIIRS,n,2,296.27,1.63,D,0
41.31118,1.66372,311.89,0.46,0.39,2024-04-02,0206,N,VIIRS,n,2,281.97,1.13,N,2
41.40523,1.99827,303.81,0.47,0.4,2024-04-02,0206,N,VIIRS,n,2,281.46,1.11,N,2
39.93549,-3.74399,298.14,0.39,0.36,2024-04-02,0206,N,VIIRS,n,2,266.3,0.74,N,2
38.37646,-0.54294,299.78,0.43,0.38,2024-04-02,0207,N,VIIRS,n,2,280.48,0.69,N,2
36.18283,-5.3968,298.85,0.39,0.36,2024-04-02,0207,N,VIIRS,n,2,286.96,1,N,0
37.56853,-0.91699,298.85,0.42,0.38,2024-04-02,0207,N,VIIRS,n,2,283.42,1.32,N,2
36.96614,-1.90695,309.29,0.41,0.37,2024-04-02,0207,N,VIIRS,n,2,284.48,1.37,N,2
43.14204,-3.89469,300.84,0.39,0.44,2024-04-03,0146,N,VIIRS,n,2,281.97,0.69,N,0
43.52558,-5.73124,331.68,0.47,0.48,2024-04-03,0146,N,VIIRS,n,2,283.55,3.51,N,2
43.55362,-5.86058,299.59,0.48,0.48,2024-04-03,0146,N,VIIRS,n,2,283.2,0.86,N,2
43.03448,-2.21748,299.36,0.49,0.4,2024-04-03,0146,N,VIIRS,n,2,277.58,1.29,N,2
41.18641,1.22632,299.11,0.39,0.36,2024-04-03,0147,N,VIIRS,n,2,280.7,0.8,N,0
39.95253,-0.00422,297.51,0.4,0.37,2024-04-03,0147,N,VIIRS,n,2,286.83,1.13,N,2
41.4555,1.97833,306.11,0.38,0.36,2024-04-03,0147,N,VIIRS,n,2,282.41,1.56,N,2
41.40473,2.00018,301.15,0.38,0.36,2024-04-03,0147,N,VIIRS,n,2,281.3,0.99,N,2
41.31369,1.66402,308.83,0.39,0.36,2024-04-03,0147,N,VIIRS,n,2,282.46,1.03,N,2
41.3104,1.66314,302.08,0.39,0.36,2024-04-03,0147,N,VIIRS,n,2,279.79,1.03,N,2
36.9659,-1.90443,308.64,0.42,0.38,2024-04-03,0148,N,VIIRS,n,2,287.14,1.15,N,2
43.52418,-5.72583,316.55,0.54,0.68,2024-04-03,0327,N,VIIRS,n,2,279.2,1.73,N,2
43.52624,-5.73232,298.3,0.54,0.68,2024-04-03,0327,N,VIIRS,n,2,279.9,2.33,N,2
43.52085,-5.72557,299.68,0.54,0.68,2024-04-03,0327,N,VIIRS,n,2,278.42,0.82,N,0
43.52287,-5.7318,301.27,0.54,0.68,2024-04-03,0327,N,VIIRS,n,2,279.04,0.82,N,2
43.52868,-5.72827,295.66,0.54,0.68,2024-04-03,0327,N,VIIRS,n,2,280.06,0.65,N,2
43.35318,-8.44864,295.51,0.41,0.61,2024-04-03,0327,N,VIIRS,n,2,280.51,0.61,N,0
38.03783,-1.10924,337.89,0.4,0.37,2024-04-03,1309,N,VIIRS,l,2,309.86,2.51,D,0
38.5638,-1.11208,337.87,0.4,0.37,2024-04-03,1309,N,VIIRS,n,2,306.72,4.51,D,0
39.49351,-1.72856,337.75,0.4,0.37,2024-04-03,1310,N,VIIRS,n,2,298.66,8.23,D,0
41.57622,-3.79696,331.05,0.38,0.36,2024-04-03,1310,N,VIIRS,n,2,288.66,3.06,D,0
43.52419,-5.73328,331.58,0.39,0.36,2024-04-03,1311,N,VIIRS,n,2,290.38,3.5,D,2
43.52121,-5.30334,325.14,0.38,0.36,2024-04-03,1311,N,VIIRS,n,2,291.6,1.75,D,0
43.22715,-2.88449,295.4,0.59,0.53,2024-04-04,0128,N,VIIRS,n,2,284.54,0.62,N,2
43.03413,-2.2185,302.63,0.54,0.51,2024-04-04,0128,N,VIIRS,n,2,282.11,0.92,N,2
43.03533,-2.21697,300.85,0.54,0.51,2024-04-04,0128,N,VIIRS,n,2,282.14,1.52,N,2
40.5756,0.53885,297.75,0.56,0.43,2024-04-04,0128,N,VIIRS,n,2,283.7,0.59,N,0
40.57734,0.5388,295.33,0.56,0.43,2024-04-04,0128,N,VIIRS,n,2,283.83,0.68,N,0
41.18738,1.22788,296.04,0.53,0.42,2024-04-04,0128,N,VIIRS,n,2,281.62,0.93,N,0
41.31379,1.66001,304.82,0.51,0.41,2024-04-04,0128,N,VIIRS,n,2,282.67,1.89,N,2
41.31234,1.66098,306.93,0.51,0.41,2024-04-04,0128,N,VIIRS,n,2,282.97,1.59,N,2
41.45389,1.9785,302.53,0.5,0.41,2024-04-04,0128,N,VIIRS,n,2,280.82,1.27,N,2
38.92667,-0.483,337.66,0.4,0.44,2024-04-04,0129,N,VIIRS,n,2,282.06,5.29,N,0
36.9645,-1.90742,296.34,0.45,0.47,2024-04-04,0129,N,VIIRS,n,2,284.48,0.65,N,2
37.56689,-0.91978,302.32,0.41,0.45,2024-04-04,0129,N,VIIRS,n,2,285.42,0.37,N,2
38.92713,-0.48756,304.25,0.4,0.44,2024-04-04,0129,N,VIIRS,n,2,278.62,3.52,N,0
43.44323,-3.84517,296.72,0.4,0.6,2024-04-04,0308,N,VIIRS,n,2,276.77,0.46,N,2
38.92623,-0.49078,295.09,0.78,0.78,2024-04-04,0309,N,VIIRS,n,2,275.47,1.87,N,0
38.93284,-0.48672,301.26,0.78,0.78,2024-04-04,0309,N,VIIRS,n,2,276.58,1.87,N,0
38.9302,-0.48393,319.8,0.78,0.78,2024-04-04,0309,N,VIIRS,n,2,276.41,4.17,N,0
37.35918,-5.86517,295.44,0.47,0.64,2024-04-04,0310,N,VIIRS,n,2,277.37,0.41,N,2
38.56382,-1.11461,343.14,0.42,0.38,2024-04-04,1250,N,VIIRS,n,2,307.16,5.45,D,0
38.5658,-1.11337,347.4,0.42,0.38,2024-04-04,1250,N,VIIRS,n,2,308.25,10.42,D,0
38.56722,-1.11558,336.43,0.42,0.38,2024-04-04,1250,N,VIIRS,n,2,303.77,5.45,D,0
39.14553,-2.71875,335.27,0.46,0.39,2024-04-04,1251,N,VIIRS,n,2,301.5,3.4,D,0
39.14915,-2.7182,337.97,0.46,0.39,2024-04-04,1251,N,VIIRS,n,2,302.34,4.66,D,0
39.14461,-2.72235,340.84,0.46,0.39,2024-04-04,1251,N,VIIRS,n,2,301.47,5.32,D,0
39.43547,-0.78225,346.96,0.4,0.37,2024-04-04,1251,N,VIIRS,n,2,302.84,4.27,D,0
39.14219,-0.49735,334.2,0.4,0.37,2024-04-04,1251,N,VIIRS,n,2,302.48,2.57,D,0
42.3054,-1.69262,327.32,0.4,0.37,2024-04-04,1251,N,VIIRS,n,2,290.91,1.8,D,0
41.31375,1.6615,326.7,0.39,0.36,2024-04-04,1251,N,VIIRS,n,2,299.19,1.72,D,2
39.14909,-2.71987,338.25,0.46,0.39,2024-04-04,1251,N,VIIRS,n,2,302.06,3.4,D,0
43.06721,-1.69709,345.86,0.4,0.37,2024-04-04,1252,N,VIIRS,n,2,296.98,8.07,D,0
43.32886,-5.77355,299.5,0.4,0.44,2024-04-05,0249,N,VIIRS,n,2,282.22,0.48,N,2
43.3289,-5.77725,298.38,0.4,0.44,2024-04-05,0249,N,VIIRS,n,2,282.99,0.6,N,0
43.40703,-5.87231,335.67,0.48,0.65,2024-04-05,1414,N,VIIRS,n,2,290.45,7.4,D,0
43.40687,-5.87818,356,0.48,0.65,2024-04-05,1414,N,VIIRS,n,2,296.16,7.4,D,0
43.41294,-5.87786,336.03,0.48,0.65,2024-04-05,1414,N,VIIRS,n,2,293.76,7.52,D,0
43.40806,-5.874,367,0.48,0.65,2024-04-05,1414,N,VIIRS,h,2,295.3,21.92,D,0
43.40793,-5.87981,339.62,0.48,0.65,2024-04-05,1414,N,VIIRS,n,2,295.43,13.23,D,0
43.03506,-2.22255,296.21,0.54,0.42,2024-04-06,0230,N,VIIRS,n,2,265.89,0.41,N,2
43.53818,-5.83384,299.33,0.41,0.37,2024-04-06,0231,N,VIIRS,n,2,279.53,0.56,N,2
42.59124,-6.95754,316.72,0.39,0.36,2024-04-06,0231,N,VIIRS,n,2,262.35,2.2,N,0
42.59206,-6.96237,352.78,0.39,0.36,2024-04-06,0231,N,VIIRS,n,2,266.72,6.89,N,0
42.59285,-6.96706,323.08,0.39,0.36,2024-04-06,0231,N,VIIRS,n,2,258.2,6.89,N,0
42.59265,-6.95496,304.65,0.39,0.36,2024-04-06,0231,N,VIIRS,n,2,260.41,1.05,N,0
42.59509,-6.96918,297.59,0.39,0.36,2024-04-06,0231,N,VIIRS,n,2,256.78,1.32,N,0
42.59348,-6.95979,324.34,0.39,0.36,2024-04-06,0231,N,VIIRS,n,2,260.04,1.05,N,0
42.59429,-6.96451,336.47,0.39,0.36,2024-04-06,0231,N,VIIRS,n,2,259.11,1.32,N,0
42.59674,-6.95859,298.83,0.39,0.36,2024-04-06,0231,N,VIIRS,n,2,256.95,1.05,N,0
42.59756,-6.96334,297.02,0.39,0.36,2024-04-06,0231,N,VIIRS,n,2,257.59,1.32,N,0
43.04173,-5.77157,296.62,0.41,0.37,2024-04-06,0231,N,VIIRS,n,2,284.46,0.69,N,0
43.04255,-5.77607,304.54,0.41,0.37,2024-04-06,0231,N,VIIRS,n,2,286.87,0.69,N,0
43.04201,-5.77473,307.28,0.41,0.37,2024-04-06,0231,N,VIIRS,n,2,286.25,1.31,N,0
43.04451,-5.76885,312.45,0.41,0.37,2024-04-06,0231,N,VIIRS,n,2,286.14,0.82,N,0
43.04534,-5.77346,310.45,0.41,0.37,2024-04-06,0231,N,VIIRS,n,2,286.4,1.31,N,0
43.2779,-6.24462,313.86,0.4,0.37,2024-04-06,0231,N,VIIRS,n,2,284.47,2.43,N,0
43.28119,-6.24335,334.8,0.4,0.37,2024-04-06,0231,N,VIIRS,n,2,287.44,2.43,N,0
43.20074,-5.77079,351.23,0.41,0.37,2024-04-06,0231,N,VIIRS,n,2,295.55,10.52,N,0
43.20162,-5.77568,331,0.41,0.37,2024-04-06,0231,N,VIIRS,n,2,292.86,6.09,N,0
43.20411,-5.76969,306.22,0.41,0.37,2024-04-06,0231,N,VIIRS,n,2,290.01,10.52,N,0
43.20499,-5.7746,310.46,0.41,0.37,2024-04-06,0231,N,VIIRS,n,2,290.29,6.09,N,0
43.20833,-5.77342,311.22,0.41,0.37,2024-04-06,0231,N,VIIRS,n,2,290.52,1.12,N,0
43.07116,-4.636,314.5,0.44,0.38,2024-04-06,0231,N,VIIRS,n,2,287.59,3.01,N,0
43.07001,-4.63008,339.75,0.44,0.38,2024-04-06,0231,N,VIIRS,n,2,290.09,3.01,N,0
43.18192,-5.18343,298.15,0.42,0.38,2024-04-06,0231,N,VIIRS,n,2,277.95,0.42,N,0
43.18525,-5.18196,295.42,0.42,0.38,2024-04-06,0231,N,VIIRS,n,2,268.36,0.42,N,0
43.16766,-5.04868,304.87,0.43,0.38,2024-04-06,0231,N,VIIRS,n,2,273.06,7.83,N,0
43.16665,-5.04331,342.47,0.43,0.38,2024-04-06,0231,N,VIIRS,n,2,278.94,7.83,N,0
43.17013,-5.04247,323.41,0.43,0.38,2024-04-06,0231,N,VIIRS,n,2,275.63,3.4,N,0
43.17113,-5.0478,346.7,0.43,0.38,2024-04-06,0231,N,VIIRS,n,2,278.21,3.4,N,0
43.17458,-5.04685,298.78,0.43,0.38,2024-04-06,0231,N,VIIRS,n,2,271.81,3.4,N,0
43.23172,-5.33564,297.9,0.42,0.38,2024-04-06,0231,N,VIIRS,n,2,245.56,0.57,N,0
43.23264,-5.34062,298.11,0.42,0.38,2024-04-06,0231,N,VIIRS,n,2,248.35,0.57,N,0
43.41132,-5.87855,325.24,0.41,0.37,2024-04-06,0231,N,VIIRS,n,2,283.19,2.42,N,0
43.11876,-3.96665,327.21,0.46,0.39,2024-04-06,0231,N,VIIRS,n,2,256.74,7.22,N,0
43.23224,-4.43896,313.94,0.44,0.39,2024-04-06,0231,N,VIIRS,n,2,271.46,1.33,N,0
43.23717,-4.46486,311.95,0.44,0.39,2024-04-06,0231,N,VIIRS,n,2,277.67,1.76,N,0
43.23332,-4.44465,325.82,0.44,0.39,2024-04-06,0231,N,VIIRS,n,2,272.8,1.33,N,0
43.2325,-4.42078,302.79,0.44,0.39,2024-04-06,0231,N,VIIRS,n,2,269.66,1.74,N,0
43.23358,-4.42648,303.63,0.44,0.39,2024-04-06,0231,N,VIIRS,n,2,269.67,1.05,N,0
43.23463,-4.43199,304.5,0.44,0.39,2024-04-06,0231,N,VIIRS,n,2,269.8,1.05,N,0
43.23565,-4.43737,306.68,0.44,0.39,2024-04-06,0231,N,VIIRS,n,2,271.86,1.33,N,0
43.23673,-4.4431,306.34,0.44,0.39,2024-04-06,0231,N,VIIRS,n,2,273.48,1.33,N,0
43.24063,-4.46356,317.06,0.44,0.39,2024-04-06,0231,N,VIIRS,n,2,279.07,1.76,N,0
43.2314,-4.43801,303.29,0.44,0.39,2024-04-06,0231,N,VIIRS,n,2,270.33,0.88,N,0
43.23642,-4.46397,309.4,0.44,0.39,2024-04-06,0231,N,VIIRS,n,2,278.58,1.45,N,0
43.23251,-4.44371,325.68,0.44,0.39,2024-04-06,0231,N,VIIRS,n,2,272.68,2.35,N,0
43.23157,-4.41981,303.09,0.44,0.39,2024-04-06,0231,N,VIIRS,n,2,270.39,0.99,N,0
43.23268,-4.42551,303.64,0.44,0.39,2024-04-06,0231,N,VIIRS,n,2,269.98,0.99,N,0
43.23376,-4.43105,304.28,0.44,0.39,2024-04-06,0231,N,VIIRS,n,2,270.09,0.88,N,0
43.2348,-4.43646,306.31,0.44,0.39,2024-04-06,0231,N,VIIRS,n,2,272.59,0.88,N,0
43.23591,-4.44212,313.73,0.44,0.39,2024-04-06,0231,N,VIIRS,n,2,275.07,2.35,N,0
43.23989,-4.46273,315.38,0.44,0.39,2024-04-06,0231,N,VIIRS,n,2,279.71,1.45,N,0
43.4723,-5.70415,307.77,0.41,0.37,2024-04-06,0231,N,VIIRS,n,2,281.84,0.63,N,0
43.23386,-4.41256,302.7,0.44,0.39,2024-04-06,0231,N,VIIRS,n,2,271.16,1.15,N,0
43.23501,-4.41845,303.94,0.44,0.39,2024-04-06,0231,N,VIIRS,n,2,270.43,0.84,N,0
43.23615,-4.42424,305.64,0.44,0.39,2024-04-06,0231,N,VIIRS,n,2,269.93,0.84,N,0
43.23721,-4.4297,309.33,0.44,0.39,2024-04-06,0231,N,VIIRS,n,2,271.54,5.99,N,0
43.23822,-4.43499,314.44,0.44,0.39,2024-04-06,0231,N,VIIRS,n,2,275.97,5.99,N,0
43.24042,-4.44628,304.47,0.44,0.39,2024-04-06,0231,N,VIIRS,n,2,273.57,8.1,N,0
43.24429,-4.46636,303.91,0.44,0.39,2024-04-06,0231,N,VIIRS,n,2,273.57,2.57,N,0
43.2393,-4.44053,338.79,0.44,0.39,2024-04-06,0231,N,VIIRS,n,2,278.38,8.1,N,0
43.24335,-4.46148,329.12,0.44,0.39,2024-04-06,0231,N,VIIRS,n,2,278.74,2.57,N,0
43.23727,-4.41099,304.21,0.44,0.39,2024-04-06,0231,N,VIIRS,n,2,271.53,1.15,N,0
43.2384,-4.4168,307.21,0.44,0.39,2024-04-06,0231,N,VIIRS,n,2,272.32,0.84,N,0
43.23953,-4.4226,310.1,0.44,0.39,2024-04-06,0231,N,VIIRS,n,2,271.89,0.84,N,0
43.24059,-4.42808,316.25,0.44,0.39,2024-04-06,0231,N,VIIRS,n,2,273.25,5.99,N,0
43.24382,-4.44471,306.74,0.44,0.39,2024-04-06,0231,N,VIIRS,n,2,273.11,8.1,N,0
43.24873,-4.47017,308.17,0.44,0.39,2024-04-06,0231,N,VIIRS,n,2,275.07,1.74,N,0
43.24164,-4.43348,336.57,0.44,0.39,2024-04-06,0231,N,VIIRS,n,2,282.55,5.99,N,0
43.24271,-4.43899,348.64,0.44,0.39,2024-04-06,0231,N,VIIRS,n,2,285.12,8.1,N,0
43.2468,-4.46014,331.06,0.44,0.39,2024-04-06,0231,N,VIIRS,n,2,278.03,2.57,N,0
43.24776,-4.46512,332.08,0.44,0.39,2024-04-06,0231,N,VIIRS,n,2,276.85,2.57,N,0
43.24072,-4.40964,305.02,0.44,0.39,2024-04-06,0231,N,VIIRS,n,2,273.91,2.63,N,0
43.24181,-4.41522,308.04,0.44,0.39,2024-04-06,0231,N,VIIRS,n,2,274.39,1.09,N,0
43.24292,-4.42096,313.63,0.44,0.39,2024-04-06,0231,N,VIIRS,n,2,274.66,1.09,N,0
43.24724,-4.44322,308.67,0.44,0.39,2024-04-06,0231,N,VIIRS,n,2,276.54,10.56,N,0
43.24396,-4.42634,325.57,0.44,0.39,2024-04-06,0231,N,VIIRS,n,2,277.33,57.46,N,0
43.24504,-4.43187,328.41,0.44,0.39,2024-04-06,0231,N,VIIRS,n,2,318.11,57.46,N,0
43.24612,-4.43748,343.29,0.44,0.39,2024-04-06,0231,N,VIIRS,n,2,283.58,10.56,N,0
43.2452,-4.41357,307.89,0.44,0.39,2024-04-06,0231,N,VIIRS,n,2,276.14,1.09,N,0
43.24628,-4.41919,313.79,0.44,0.39,2024-04-06,0231,N,VIIRS,n,2,276.16,1.09,N,0
43.25066,-4.44175,307.63,0.44,0.39,2024-04-06,0231,N,VIIRS,n,2,277.76,10.56,N,0
43.24735,-4.42471,326.24,0.44,0.39,2024-04-06,0231,N,VIIRS,n,2,277.47,57.46,N,0
43.24843,-4.43028,337.86,0.44,0.39,2024-04-06,0231,N,VIIRS,n,2,324.95,57.46,N,0
43.24954,-4.436,323.04,0.44,0.39,2024-04-06,0231,N,VIIRS,n,2,278.23,10.56,N,0
43.24973,-4.41781,310.07,0.44,0.39,2024-04-06,0231,N,VIIRS,n,2,277.01,1.25,N,0
43.25081,-4.42339,313.34,0.44,0.39,2024-04-06,0231,N,VIIRS,n,2,275.29,1.27,N,0
43.25299,-4.43465,310.53,0.44,0.39,2024-04-06,0231,N,VIIRS,n,2,278.5,2.96,N,0
43.25188,-4.42893,325.76,0.44,0.39,2024-04-06,0231,N,VIIRS,n,2,279.5,1.27,N,0
43.25315,-4.4163,304.03,0.44,0.39,2024-04-06,0231,N,VIIRS,n,2,273.79,1.25,N,0
43.25423,-4.42192,306.57,0.44,0.39,2024-04-06,0231,N,VIIRS,n,2,274.97,1.27,N,0
43.25533,-4.42756,308.65,0.44,0.39,2024-04-06,0231,N,VIIRS,n,2,277.94,1.27,N,0
43.25175,-4.33217,312.73,0.45,0.39,2024-04-06,0231,N,VIIRS,n,2,260.46,0.57,N,0
43.26714,-4.3733,301.98,0.45,0.39,2024-04-06,0231,N,VIIRS,n,2,268.31,0.54,N,0
43.26821,-4.37887,303.63,0.44,0.39,2024-04-06,0231,N,VIIRS,n,2,273.39,0.54,N,0
43.5229,-5.72861,304.4,0.41,0.37,2024-04-06,0231,N,VIIRS,n,2,275.94,1.03,N,2
43.52469,-5.73859,297.5,0.41,0.37,2024-04-06,0231,N,VIIRS,n,2,274.9,0.64,N,2
43.54152,-5.83272,318.09,0.41,0.37,2024-04-06,0231,N,VIIRS,n,2,282.63,1.95,N,2
43.5424,-5.83765,307.01,0.41,0.37,2024-04-06,0231,N,VIIRS,n,2,281.36,0.66,N,2
43.54328,-5.84259,297.13,0.41,0.37,2024-04-06,0231,N,VIIRS,n,2,279.57,0.66,N,0
43.26749,-4.35585,320.51,0.45,0.39,2024-04-06,0231,N,VIIRS,n,2,268.91,1.85,N,0
43.5238,-5.73358,328.01,0.41,0.37,2024-04-06,0231,N,VIIRS,n,2,277.9,1.03,N,2
43.52626,-5.72748,299.53,0.41,0.37,2024-04-06,0231,N,VIIRS,n,2,274.03,1.03,N,2
43.52715,-5.73246,304.81,0.41,0.37,2024-04-06,0231,N,VIIRS,n,2,275.06,1.03,N,2
43.27728,-4.3874,326.09,0.44,0.39,2024-04-06,0231,N,VIIRS,n,2,275.85,3.77,N,0
43.27832,-4.3928,329.86,0.44,0.39,2024-04-06,0231,N,VIIRS,n,2,278.38,6.36,N,0
43.27446,-4.35348,308.94,0.45,0.39,2024-04-06,0231,N,VIIRS,n,2,268.62,0.7,N,0
43.2998,-4.48549,303.97,0.44,0.38,2024-04-06,0231,N,VIIRS,n,2,276.7,0.69,N,0
43.52961,-5.72635,295.99,0.41,0.37,2024-04-06,0231,N,VIIRS,n,2,273.4,0.32,N,2
43.27784,-4.35173,304.49,0.45,0.39,2024-04-06,0231,N,VIIRS,n,2,269.82,0.7,N,0
43.27988,-4.36231,307.76,0.45,0.39,2024-04-06,0231,N,VIIRS,n,2,266.2,0.78,N,0
43.28088,-4.36753,312.09,0.45,0.39,2024-04-06,0231,N,VIIRS,n,2,267.07,1.14,N,0
43.27926,-4.33977,317.78,0.45,0.39,2024-04-06,0231,N,VIIRS,n,2,246.79,2.26,N,0
43.28263,-4.33798,313.08,0.45,0.39,2024-04-06,0231,N,VIIRS,n,2,250.95,2.26,N,0
43.28702,-4.34143,315.36,0.45,0.39,2024-04-06,0231,N,VIIRS,n,2,262.03,4.41,N,0
42.16893,-6.93657,323.14,0.4,0.37,2024-04-06,0231,N,VIIRS,n,2,266.99,1.79,N,0
42.25182,-6.72424,307.47,0.4,0.37,2024-04-06,0231,N,VIIRS,n,2,278.93,0.77,N,0
42.25511,-6.72305,297.04,0.4,0.37,2024-04-06,0231,N,VIIRS,n,2,278.47,0.77,N,0
42.25586,-6.70731,308.55,0.4,0.37,2024-04-06,0231,N,VIIRS,n,2,279.33,0.98,N,0
42.52681,-6.96721,303.52,0.39,0.36,2024-04-06,0231,N,VIIRS,n,2,268.4,1.46,N,0
42.52761,-6.97188,318.27,0.39,0.36,2024-04-06,0231,N,VIIRS,n,2,267.42,1.96,N,0
42.5284,-6.97649,310.65,0.39,0.36,2024-04-06,0231,N,VIIRS,n,2,264.45,1.96,N,0
42.5325,-6.9801,303.11,0.39,0.36,2024-04-06,0231,N,VIIRS,n,2,261.22,1.32,N,0
42.53009,-6.96608,328.41,0.39,0.36,2024-04-06,0231,N,VIIRS,n,2,268.83,1.46,N,0
42.5309,-6.97079,320.67,0.39,0.36,2024-04-06,0231,N,VIIRS,n,2,265.33,1.96,N,0
42.53169,-6.97542,332.1,0.39,0.36,2024-04-06,0231,N,VIIRS,n,2,264.39,1.96,N,0
42.53337,-6.96492,301.38,0.39,0.36,2024-04-06,0231,N,VIIRS,n,2,265.07,0.57,N,0
42.53579,-6.97903,307.5,0.39,0.36,2024-04-06,0231,N,VIIRS,n,2,264.31,0.79,N,0
42.53418,-6.96962,325.67,0.39,0.36,2024-04-06,0231,N,VIIRS,n,2,265.08,4.89,N,0
42.53498,-6.97432,350.24,0.39,0.36,2024-04-06,0231,N,VIIRS,n,2,271.71,4.89,N,0
42.53747,-6.96852,301.37,0.39,0.36,2024-04-06,0231,N,VIIRS,n,2,268.83,4.89,N,0
42.53828,-6.97324,307.86,0.39,0.36,2024-04-06,0231,N,VIIRS,n,2,268.13,4.89,N,0
42.5391,-6.97805,295.82,0.39,0.36,2024-04-06,0231,N,VIIRS,n,2,267.78,0.79,N,0
42.57899,-6.947,297.39,0.39,0.36,2024-04-06,0231,N,VIIRS,n,2,264.53,0.96,N,0
42.58139,-6.96102,296.38,0.39,0.36,2024-04-06,0231,N,VIIRS,n,2,261.62,0.74,N,0
42.5822,-6.9658,295.68,0.39,0.36,2024-04-06,0231,N,VIIRS,n,2,260.08,0.87,N,0
42.58387,-6.95513,298.32,0.39,0.36,2024-04-06,0231,N,VIIRS,n,2,263.99,0.74,N,0
42.58468,-6.95992,310.56,0.39,0.36,2024-04-06,0231,N,VIIRS,n,2,260.91,0.74,N,0
42.5863,-6.96948,298.22,0.39,0.36,2024-04-06,0231,N,VIIRS,n,2,257.22,0.87,N,0
42.5855,-6.96476,325.09,0.39,0.36,2024-04-06,0231,N,VIIRS,n,2,258.6,0.87,N,0
42.58714,-6.9539,304.09,0.39,0.36,2024-04-06,0231,N,VIIRS,n,2,265.76,2.2,N,0
42.58959,-6.96831,312.55,0.39,0.36,2024-04-06,0231,N,VIIRS,n,2,255.95,6.89,N,0
42.58797,-6.95878,335.59,0.39,0.36,2024-04-06,0231,N,VIIRS,n,2,264.76,2.2,N,0
42.58879,-6.96362,338.87,0.39,0.36,2024-04-06,0231,N,VIIRS,n,2,262.43,6.89,N,0
42.59043,-6.95274,302.96,0.39,0.36,2024-04-06,0231,N,VIIRS,n,2,263.99,2.2,N,0
39.29263,-5.50361,300.1,0.46,0.39,2024-04-06,0232,N,VIIRS,n,2,283.1,0.32,N,0
39.77523,2.66904,321.27,0.42,0.45,2024-04-07,0212,N,VIIRS,n,2,290.7,1.93,N,0
43.19529,-4.20834,307.76,0.39,0.36,2024-04-07,0212,N,VIIRS,n,2,275.73,0.91,N,0
43.18541,-4.21103,295.36,0.39,0.36,2024-04-07,0212,N,VIIRS,n,2,272.13,0.3,N,0
43.17265,-4.1267,331.26,0.39,0.36,2024-04-07,0212,N,VIIRS,n,2,277.39,8.12,N,0
43.17335,-4.13132,337.74,0.39,0.36,2024-04-07,0212,N,VIIRS,n,2,277.72,7.94,N,0
43.17524,-4.12113,307.49,0.39,0.36,2024-04-07,0212,N,VIIRS,n,2,278.21,8.12,N,0
43.17595,-4.12579,348.87,0.39,0.36,2024-04-07,0212,N,VIIRS,n,2,287.23,8.12,N,0
43.17665,-4.13045,344.2,0.39,0.36,2024-04-07,0212,N,VIIRS,n,2,280.09,7.94,N,0
43.17994,-4.12954,299.71,0.39,0.36,2024-04-07,0212,N,VIIRS,n,2,277.85,0.64,N,0
43.34612,-8.43457,301.39,0.49,0.4,2024-04-07,0212,N,VIIRS,n,2,283.6,1.02,N,2
43.20803,-4.22453,323.04,0.39,0.36,2024-04-07,0212,N,VIIRS,n,2,273.27,2.29,N,0
43.11829,-3.57502,342.76,0.38,0.36,2024-04-07,0212,N,VIIRS,n,2,279.49,5.18,N,0
43.12035,-3.57178,329.27,0.38,0.36,2024-04-07,0212,N,VIIRS,n,2,279.72,3.67,N,0
43.22668,-3.72656,295.54,0.38,0.36,2024-04-07,0212,N,VIIRS,n,2,277.07,0.46,N,0
43.22996,-3.72561,295.01,0.38,0.36,2024-04-07,0212,N,VIIRS,n,2,277.47,0.46,N,0
43.29142,-3.74974,301.26,0.38,0.36,2024-04-07,0212,N,VIIRS,n,2,273.99,0.6,N,0
43.32497,-3.74512,299.13,0.38,0.36,2024-04-07,0212,N,VIIRS,n,2,275.9,0.19,N,0
43.17006,-4.13223,315,0.39,0.36,2024-04-07,0212,N,VIIRS,n,2,279.09,3.05,N,0
43.17075,-4.13679,323.3,0.39,0.36,2024-04-07,0212,N,VIIRS,n,2,278.6,3.05,N,0
43.16747,-4.13776,338.22,0.39,0.36,2024-04-07,0212,N,VIIRS,n,2,278.92,3.05,N,0
43.16677,-4.13316,335.12,0.39,0.36,2024-04-07,0212,N,VIIRS,n,2,279.73,3.05,N,0
43.14575,-4.26636,307.33,0.39,0.36,2024-04-07,0212,N,VIIRS,n,2,274.11,1.19,N,0
42.55238,-6.76754,295.91,0.42,0.38,2024-04-07,0212,N,VIIRS,n,2,276.67,0.74,N,0
38.31934,-6.71642,334.94,0.42,0.38,2024-04-07,1335,N,VIIRS,n,2,307.64,5.03,D,0
43.53983,-5.82876,296.49,0.4,0.44,2024-04-08,0153,N,VIIRS,n,2,267.79,0.81,N,2
43.54032,-5.83389,305.67,0.4,0.44,2024-04-08,0153,N,VIIRS,n,2,268.27,0.81,N,2
43.53792,-5.83322,327.97,0.4,0.44,2024-04-08,0153,N,VIIRS,n,2,265.7,1.88,N,2
41.45426,1.98007,300.72,0.39,0.36,2024-04-08,0153,N,VIIRS,n,2,282.96,0.86,N,2
41.40485,1.99666,301.69,0.39,0.36,2024-04-08,0153,N,VIIRS,n,2,283.94,0.57,N,2
36.96597,-1.90492,298.78,0.39,0.36,2024-04-08,0154,N,VIIRS,n,2,279.34,0.94,N,2
40.00897,-3.90106,295.18,0.46,0.39,2024-04-08,0154,N,VIIRS,n,2,284.56,0.58,N,0
43.22361,-2.87804,304.18,0.49,0.48,2024-04-09,0134,N,VIIRS,n,2,279.67,1.46,N,2
39.49314,-0.43872,298.65,0.51,0.41,2024-04-09,0135,N,VIIRS,n,2,284.55,0.66,N,0
37.5689,-0.91683,299.51,0.51,0.41,2024-04-09,0135,N,VIIRS,n,2,288.52,0.54,N,2
40.57726,0.54214,302.71,0.48,0.4,2024-04-09,0135,N,VIIRS,n,2,285.35,0.79,N,2
37.56507,-0.91723,298.71,0.51,0.41,2024-04-09,0135,N,VIIRS,n,2,287.88,0.54,N,2
39.49425,-0.43928,296.11,0.51,0.41,2024-04-09,0135,N,VIIRS,n,2,284.34,0.47,N,0
36.96752,-1.90839,297.55,0.56,0.43,2024-04-09,0136,N,VIIRS,n,2,286.37,1.32,N,2
36.96561,-1.90865,297.29,0.56,0.43,2024-04-09,0136,N,VIIRS,n,2,286.1,0.85,N,2
36.5354,-6.07457,297.45,0.59,0.7,2024-04-09,0316,N,VIIRS,n,2,279.52,0.61,N,0
36.53511,-6.07342,297.26,0.59,0.7,2024-04-09,0316,N,VIIRS,n,2,279.67,0.33,N,0
38.09591,-1.89468,337.56,0.4,0.37,2024-04-09,1257,N,VIIRS,n,2,299.65,1.64,D,0
38.36877,-0.51372,335.74,0.39,0.36,2024-04-09,1257,N,VIIRS,n,2,307.32,4.24,D,0
38.61513,-0.59134,339.97,0.39,0.36,2024-04-09,1257,N,VIIRS,n,2,303.68,4.08,D,0
38.37206,-0.51456,337.07,0.39,0.36,2024-04-09,1257,N,VIIRS,n,2,306.05,4.24,D,0
38.56566,-1.11602,350.35,0.39,0.36,2024-04-09,1257,N,VIIRS,n,2,307.64,7.6,D,0
38.90107,-0.47841,348.24,0.38,0.36,2024-04-09,1257,N,VIIRS,n,2,319.93,36.55,D,0
38.90436,-0.47925,345.46,0.38,0.36,2024-04-09,1257,N,VIIRS,n,2,313.97,50.97,D,0
38.90367,-0.48365,348.05,0.38,0.36,2024-04-09,1257,N,VIIRS,n,2,310.71,7.03,D,0
38.06997,-6.25889,328.14,0.39,0.44,2024-04-09,1257,N,VIIRS,n,2,292.6,2.55,D,0
39.2041,-0.54382,342.86,0.38,0.36,2024-04-09,1257,N,VIIRS,n,2,307.6,2.91,D,0
38.66545,-4.05259,333.48,0.46,0.39,2024-04-09,1257,N,VIIRS,n,2,298.15,7,D,2
38.67356,-4.04943,328.02,0.46,0.39,2024-04-09,1257,N,VIIRS,l,2,299.67,4.07,D,2
38.31,-6.46793,328.08,0.39,0.44,2024-04-09,1257,N,VIIRS,n,2,292.43,2.6,D,0
39.4906,-0.46675,344.56,0.38,0.36,2024-04-09,1257,N,VIIRS,n,2,308.79,2.98,D,0
38.42864,-6.40695,339.64,0.39,0.44,2024-04-09,1257,N,VIIRS,n,2,296.24,3.76,D,0
39.24935,-3.48394,346.07,0.43,0.38,2024-04-09,1257,N,VIIRS,n,2,298.81,4.73,D,0
38.92759,-6.61993,325.64,0.39,0.44,2024-04-09,1257,N,VIIRS,l,2,296.89,3.03,D,0
39.48701,-5.50497,335.22,0.51,0.41,2024-04-09,1257,N,VIIRS,n,2,293.31,4.53,D,0
39.48591,-5.5105,339.49,0.51,0.41,2024-04-09,1257,N,VIIRS,n,2,297.91,5.32,D,0
39.95103,-5.38649,329.78,0.5,0.41,2024-04-09,1257,N,VIIRS,n,2,293.87,3.25,D,0
40.27453,-3.8131,326.38,0.43,0.38,2024-04-09,1257,N,VIIRS,l,2,301.12,1.86,D,0
43.5274,-5.72893,332.16,0.45,0.39,2024-04-09,1258,N,VIIRS,n,2,294.84,5.33,D,2
41.67875,-4.71152,343.02,0.44,0.39,2024-04-09,1258,N,VIIRS,n,2,298.59,4.21,D,0
43.52637,-5.73436,346.11,0.45,0.39,2024-04-09,1258,N,VIIRS,n,2,294.61,5.33,D,2
43.53778,-5.83206,330.97,0.45,0.39,2024-04-09,1258,N,VIIRS,n,2,290.31,3.3,D,2
43.54128,-5.83333,325.94,0.45,0.39,2024-04-09,1258,N,VIIRS,n,2,298.56,4.64,D,2
43.53966,-5.82926,340.71,0.45,0.39,2024-04-09,1258,N,VIIRS,n,2,293.36,6.16,D,2
43.03174,-2.21874,296.08,0.39,0.59,2024-04-10,0115,N,VIIRS,n,2,275.82,0.71,N,0
41.31339,1.65991,310.86,0.48,0.48,2024-04-10,0115,N,VIIRS,n,2,281.77,1.62,N,2
41.31067,1.66392,304.06,0.48,0.48,2024-04-10,0115,N,VIIRS,n,2,279.61,2.1,N,2
43.03729,-2.21841,300.14,0.39,0.59,2024-04-10,0115,N,VIIRS,n,2,278.15,0.71,N,2
43.53668,-5.83144,309.08,0.6,0.7,2024-04-10,0115,N,VIIRS,n,2,276.71,1.29,N,2
43.53964,-5.83588,303.82,0.6,0.7,2024-04-10,0115,N,VIIRS,n,2,277.63,1.31,N,2
43.53955,-5.82791,295.05,0.6,0.7,2024-04-10,0115,N,VIIRS,n,2,276.12,1.31,N,2
43.03322,-2.21899,305.35,0.39,0.59,2024-04-10,0115,N,VIIRS,n,2,277.11,0.5,N,2
40.57473,0.54189,298.86,0.53,0.5,2024-04-10,0116,N,VIIRS,n,2,284.49,0.9,N,2
38.66492,-4.05238,296.76,0.45,0.63,2024-04-10,0116,N,VIIRS,n,2,275.26,1.8,N,2
38.12136,-6.50276,295.92,0.61,0.71,2024-04-10,0116,N,VIIRS,n,2,277.04,0.59,N,0
36.96724,-1.90711,302.62,0.33,0.56,2024-04-10,0117,N,VIIRS,n,2,285.63,1,N,2
37.35993,-5.86437,298.76,0.33,0.55,2024-04-10,0257,N,VIIRS,n,2,282.52,0.16,N,2
38.24325,-1.45153,336.88,0.38,0.44,2024-04-10,1238,N,VIIRS,n,2,302.92,2.51,D,0
36.18631,-5.84232,345.32,0.36,0.57,2024-04-10,1238,N,VIIRS,n,2,283.29,3.21,D,0
36.18527,-5.84644,325.97,0.36,0.57,2024-04-10,1238,N,VIIRS,n,2,281.67,3.21,D,0
36.19114,-5.84542,349.14,0.36,0.57,2024-04-10,1238,N,VIIRS,n,2,283.59,3.21,D,0
36.19004,-5.84979,327.57,0.36,0.57,2024-04-10,1238,N,VIIRS,n,2,281.68,3.21,D,0
39.56057,2.9561,336.84,0.39,0.36,2024-04-10,1238,N,VIIRS,n,2,300.56,1.88,D,0
39.76051,3.14044,340.26,0.39,0.36,2024-04-10,1238,N,VIIRS,n,2,301.39,4.11,D,0
39.61457,-0.35935,330.24,0.49,0.4,2024-04-10,1238,N,VIIRS,l,2,302.72,2.69,D,0
41.31178,1.66254,326.85,0.4,0.37,2024-04-10,1239,N,VIIRS,n,2,301.69,1.36,D,2
41.32496,1.27021,343.91,0.41,0.37,2024-04-10,1239,N,VIIRS,n,2,299.12,3.15,D,0
41.49068,1.90195,339.07,0.4,0.37,2024-04-10,1239,N,VIIRS,n,2,307.63,4.4,D,0
36.18819,-5.84481,367,0.53,0.67,2024-04-10,1418,N,VIIRS,h,2,292.64,19.86,D,0
39.04269,-3.165,327.06,0.76,0.77,2024-04-10,1419,N,VIIRS,n,2,291.65,4.13,D,0
40.5755,0.53867,298.99,0.48,0.64,2024-04-11,0057,N,VIIRS,n,2,282.07,0.92,N,0
40.57438,0.5394,300.03,0.47,0.64,2024-04-11,0057,N,VIIRS,n,2,281.55,0.64,N,0
37.56839,-0.92278,302.33,0.54,0.68,2024-04-11,0058,N,VIIRS,n,2,284.56,0.9,N,0
41.40709,1.99827,302.7,0.37,0.58,2024-04-11,0237,N,VIIRS,n,2,281.11,0.7,N,2
41.31167,1.66046,319.96,0.35,0.57,2024-04-11,0237,N,VIIRS,n,2,282.77,1.81,N,2
41.40442,1.9986,296.24,0.37,0.58,2024-04-11,0237,N,VIIRS,n,2,279.89,0.82,N,2
43.54134,-5.83496,298.5,0.45,0.39,2024-04-11,0237,N,VIIRS,n,2,272.02,1.19,N,2
43.54342,-5.84582,299.78,0.45,0.39,2024-04-11,0237,N,VIIRS,n,2,271.73,1.08,N,0
43.52845,-5.72907,295.07,0.45,0.39,2024-04-11,0237,N,VIIRS,n,2,271.76,0.54,N,2
38.37754,-0.54419,297.37,0.33,0.55,2024-04-11,0238,N,VIIRS,n,2,277.83,0.42,N,2
39.93872,-3.74519,295.2,0.42,0.45,2024-04-11,0238,N,VIIRS,n,2,280.92,0.7,N,2
40.24597,-3.47215,295.82,0.42,0.45,2024-04-11,0238,N,VIIRS,n,2,281.11,0.9,N,2
37.56843,-0.91524,297.86,0.33,0.55,2024-04-11,0238,N,VIIRS,n,2,283.35,0.76,N,2
37.56929,-0.91856,295.33,0.33,0.55,2024-04-11,0238,N,VIIRS,n,2,283.74,0.76,N,2
38.66649,-4.04965,319.52,0.43,0.46,2024-04-11,0238,N,VIIRS,n,2,279.3,2.11,N,2
38.67476,-4.04696,336.12,0.43,0.46,2024-04-11,0238,N,VIIRS,n,2,280.53,4.88,N,2
37.56589,-0.91947,304.6,0.33,0.55,2024-04-11,0238,N,VIIRS,n,2,283.23,1.03,N,2
39.93468,-3.74673,296.57,0.42,0.45,2024-04-11,0238,N,VIIRS,n,2,281.19,0.7,N,2
36.18425,-5.39882,301.29,0.41,0.45,2024-04-11,0239,N,VIIRS,n,2,290.93,1.32,N,0
38.6669,-4.05018,327.67,0.44,0.62,2024-04-11,1219,N,VIIRS,n,2,295.82,3.11,D,2
41.32335,1.63672,329.44,0.4,0.44,2024-04-11,1220,N,VIIRS,l,2,301.19,1.62,D,0
39.48689,-3.53477,327.39,0.4,0.6,2024-04-11,1220,N,VIIRS,n,2,295.46,0.98,D,0
41.31231,1.66412,326,0.4,0.44,2024-04-11,1220,N,VIIRS,n,2,299.32,2.64,D,2
41.31937,1.63814,340.86,0.4,0.44,2024-04-11,1220,N,VIIRS,n,2,302.9,3.28,D,0
40.32652,-3.60325,330.27,0.38,0.59,2024-04-11,1220,N,VIIRS,n,2,298.5,1.95,D,0
41.59924,0.48353,334.66,0.44,0.46,2024-04-11,1220,N,VIIRS,n,2,300.24,2.91,D,0
41.6021,0.48512,339.97,0.44,0.46,2024-04-11,1220,N,VIIRS,n,2,299.34,5.08,D,0
42.39062,1.0862,328.56,0.4,0.44,2024-04-11,1220,N,VIIRS,n,2,295.02,2.67,D,0
43.04902,-3.89674,348.06,0.33,0.55,2024-04-11,1221,N,VIIRS,n,2,296.62,100.43,D,0
43.04699,-3.90432,353.96,0.33,0.55,2024-04-11,1221,N,VIIRS,n,2,295.48,16.16,D,0
43.04598,-3.9081,356.74,0.33,0.55,2024-04-11,1221,N,VIIRS,n,2,296.28,16.16,D,0
43.15692,-3.93786,357.88,0.33,0.55,2024-04-11,1221,N,VIIRS,n,2,292.92,17.92,D,0
43.19041,-5.67551,367,0.4,0.6,2024-04-11,1221,N,VIIRS,h,2,293.59,11.07,D,0
43.18902,-5.68044,341.42,0.4,0.6,2024-04-11,1221,N,VIIRS,n,2,293.74,6.92,D,0
43.18897,-5.67883,367,0.4,0.6,2024-04-11,1221,N,VIIRS,h,2,296.42,8.79,D,0
43.15463,-3.92589,326.15,0.33,0.55,2024-04-11,1221,N,VIIRS,n,2,295.37,11.18,D,0
42.32355,-6.74568,329.48,0.47,0.64,2024-04-11,1221,N,VIIRS,n,2,293.57,2.19,D,0
43.54116,-5.83153,330.39,0.39,0.6,2024-04-11,1221,N,VIIRS,n,2,298.28,3.3,D,2
43.23546,-6.38612,347.61,0.43,0.62,2024-04-11,1221,N,VIIRS,n,2,294.41,12.77,D,0
43.23682,-6.38151,367,0.43,0.62,2024-04-11,1221,N,VIIRS,h,2,299.61,12.77,D,0
43.19035,-5.67404,331.49,0.4,0.6,2024-04-11,1221,N,VIIRS,n,2,291.75,7.82,D,0
43.15774,-3.93479,367,0.33,0.55,2024-04-11,1221,N,VIIRS,h,2,299,17.92,D,0
43.15855,-3.93175,367,0.33,0.55,2024-04-11,1221,N,VIIRS,h,2,292.12,11.18,D,0
38.85321,-6.53636,329.8,0.56,0.51,2024-04-11,1400,N,VIIRS,n,2,299.51,1.96,D,0
42.3246,-6.74831,355.75,0.59,0.53,2024-04-11,1401,N,VIIRS,n,2,303.11,37.28,D,0
41.6029,0.48535,326.05,0.68,0.74,2024-04-11,1401,N,VIIRS,n,2,293.33,2.95,D,0
41.60092,0.48386,332.81,0.68,0.74,2024-04-11,1401,N,VIIRS,n,2,294.32,4.61,D,0
43.19754,-4.46216,332,0.39,0.59,2024-04-11,1401,N,VIIRS,n,2,285.91,4,D,0
43.15271,-1.4419,327.9,0.56,0.68,2024-04-11,1401,N,VIIRS,n,2,288.33,3.6,D,0
43.04663,-3.89809,327.52,0.42,0.61,2024-04-11,1401,N,VIIRS,n,2,278.45,2.55,D,0
42.32423,-6.75424,336.59,0.59,0.53,2024-04-11,1401,N,VIIRS,n,2,295.62,37.28,D,0
43.53657,-5.83145,295.85,0.39,0.36,2024-04-12,0218,N,VIIRS,n,2,282.83,0.85,N,2
43.52491,-5.73089,305.91,0.39,0.36,2024-04-12,0218,N,VIIRS,n,2,284.9,0.85,N,2
43.52562,-5.73562,298.33,0.39,0.36,2024-04-12,0218,N,VIIRS,n,2,285.56,0.49,N,2
43.54058,-5.83527,308.88,0.39,0.36,2024-04-12,0218,N,VIIRS,n,2,284.69,4.43,N,2
43.54129,-5.84001,302.27,0.39,0.36,2024-04-12,0218,N,VIIRS,n,2,283.74,0.74,N,0
43.53986,-5.83051,342.79,0.39,0.36,2024-04-12,0218,N,VIIRS,n,2,287.71,4.43,N,2
43.52821,-5.72996,304.4,0.39,0.36,2024-04-12,0218,N,VIIRS,n,2,285.82,0.85,N,2
43.54459,-5.8391,308.43,0.39,0.36,2024-04-12,0218,N,VIIRS,n,2,284.33,0.74,N,0
43.5453,-5.84385,298.14,0.39,0.36,2024-04-12,0218,N,VIIRS,n,2,284.55,0.74,N,0
43.44266,-3.84336,296,0.39,0.36,2024-04-12,0218,N,VIIRS,n,2,285.44,0.43,N,2
41.40799,1.99897,298.01,0.43,0.46,2024-04-12,0218,N,VIIRS,n,2,282.68,0.48,N,2
41.31131,1.66028,319.29,0.42,0.45,2024-04-12,0218,N,VIIRS,n,2,284.08,2.11,N,2
42.55047,-6.76765,299.08,0.39,0.36,2024-04-12,0218,N,VIIRS,n,2,283.3,0.56,N,0
41.47438,-1.48601,301.57,0.46,0.39,2024-04-12,0218,N,VIIRS,n,2,281.22,1.05,N,2
42.43687,-2.74045,309.85,0.41,0.37,2024-04-12,0218,N,VIIRS,n,2,281.27,0.9,N,0
41.45269,1.97879,296.99,0.43,0.46,2024-04-12,0218,N,VIIRS,n,2,283.84,0.63,N,2
42.44024,-2.73932,304.3,0.41,0.37,2024-04-12,0218,N,VIIRS,n,2,282.07,0.51,N,0
43.3445,-8.4355,299.3,0.43,0.38,2024-04-12,0218,N,VIIRS,n,2,285.67,0.57,N,2
41.92342,0.17865,295.35,0.53,0.42,2024-04-12,0218,N,VIIRS,n,2,281.94,0.7,N,2
43.33119,-5.77459,299.11,0.39,0.36,2024-04-12,0218,N,VIIRS,n,2,284.92,0.84,N,0
40.24472,-3.47628,316.06,0.42,0.37,2024-04-12,0219,N,VIIRS,n,2,286.41,2.05,N,2
39.93665,-3.74412,310.25,0.41,0.37,2024-04-12,0219,N,VIIRS,n,2,285.87,1.49,N,2
38.37919,-6.48192,296.26,0.38,0.36,2024-04-12,0219,N,VIIRS,n,2,285.59,0.36,N,0
37.3597,-5.86541,305.31,0.39,0.36,2024-04-12,0220,N,VIIRS,n,2,288.23,0.92,N,2
37.34136,-5.43916,295.01,0.4,0.37,2024-04-12,0220,N,VIIRS,n,2,282.98,0.39,N,0
43.53654,-7.51761,334.17,0.76,0.77,2024-04-12,1202,N,VIIRS,n,2,286.15,6.78,D,0
43.53275,-7.51636,337.13,0.76,0.77,2024-04-12,1202,N,VIIRS,n,2,285.05,7.95,D,0
42.96634,-4.03781,342.59,0.56,0.69,2024-04-12,1202,N,VIIRS,n,2,297.59,6.93,D,0
42.96528,-4.034,326.62,0.56,0.69,2024-04-12,1202,N,VIIRS,l,2,297.66,4.01,D,0
43.27767,-1.79332,348.35,0.43,0.62,2024-04-12,1202,N,VIIRS,n,2,297.62,7.91,D,0
43.00004,-2.57331,339.06,0.48,0.64,2024-04-12,1202,N,VIIRS,n,2,299.85,4.9,D,0
40.24521,-3.47192,341.99,0.47,0.48,2024-04-12,1341,N,VIIRS,n,2,308.03,4.73,D,2
37.4256,-3.87422,340.3,0.42,0.45,2024-04-12,1341,N,VIIRS,n,2,300.66,7.33,D,0
43.33669,-5.29219,340.75,0.41,0.45,2024-04-12,1342,N,VIIRS,n,2,298.73,6.56,D,0
43.33625,-5.29739,353.91,0.41,0.45,2024-04-12,1342,N,VIIRS,n,2,303.28,13.51,D,0
43.33496,-5.30146,341.18,0.41,0.45,2024-04-12,1342,N,VIIRS,n,2,300.51,4.66,D,0
43.27497,-3.3477,341.89,0.51,0.5,2024-04-12,1342,N,VIIRS,n,2,299.51,4.83,D,0
43.27946,-1.78724,328.34,0.62,0.54,2024-04-12,1342,N,VIIRS,n,2,295.85,3.2,D,0
43.33546,-5.29595,367,0.41,0.45,2024-04-12,1342,N,VIIRS,h,2,306.29,15.88,D,0
43.27458,-1.7847,330.93,0.62,0.54,2024-04-12,1342,N,VIIRS,n,2,299.05,5.13,D,0
43.27528,-1.78359,334.63,0.62,0.54,2024-04-12,1342,N,VIIRS,n,2,299.16,7.42,D,0
40.90216,-2.96805,339.6,0.51,0.49,2024-04-12,1342,N,VIIRS,n,2,302.43,5.95,D,0
43.27392,-3.34883,339.74,0.51,0.5,2024-04-12,1342,N,VIIRS,n,2,299.49,5.57,D,0
43.26986,-3.62173,303.82,0.43,0.38,2024-04-13,0159,N,VIIRS,n,2,285.48,2.7,N,0
43.2631,-3.5683,300.36,0.43,0.38,2024-04-13,0159,N,VIIRS,n,2,286.21,1.57,N,0
43.25887,-3.56305,307.08,0.43,0.38,2024-04-13,0159,N,VIIRS,n,2,283.96,1.09,N,0
43.06116,-6.77703,337.2,0.56,0.43,2024-04-13,0159,N,VIIRS,n,2,286.52,3.03,N,0
43.33144,-5.2352,303.12,0.49,0.4,2024-04-13,0159,N,VIIRS,n,2,285.71,0.96,N,0
43.3338,-5.23552,301.6,0.49,0.4,2024-04-13,0159,N,VIIRS,n,2,286.12,1.14,N,0
43.32859,-5.77384,298.99,0.51,0.41,2024-04-13,0159,N,VIIRS,n,2,286.11,0.63,N,2
43.3745,-6.32496,328.65,0.54,0.42,2024-04-13,0159,N,VIIRS,n,2,278.7,4.33,N,0
43.37518,-6.33161,314.16,0.54,0.42,2024-04-13,0159,N,VIIRS,n,2,275.03,3.56,N,0
43.39396,-6.59859,329.53,0.55,0.43,2024-04-13,0159,N,VIIRS,n,2,282.77,2.62,N,0
43.39,-6.59916,317.01,0.55,0.43,2024-04-13,0159,N,VIIRS,n,2,282.12,2.62,N,0
42.97758,-3.89585,300.35,0.43,0.38,2024-04-13,0159,N,VIIRS,n,2,278.29,0.91,N,0
42.97226,-3.85334,315.1,0.43,0.38,2024-04-13,0159,N,VIIRS,n,2,278.23,1,N,0
43.07173,-6.77956,303.57,0.56,0.43,2024-04-13,0159,N,VIIRS,n,2,281.63,0.89,N,0
43.07108,-6.77287,295.53,0.56,0.43,2024-04-13,0159,N,VIIRS,n,2,282.75,0.45,N,0
43.06719,-6.77435,317.29,0.56,0.43,2024-04-13,0159,N,VIIRS,n,2,283.22,3.39,N,0
43.06334,-6.77623,339.25,0.56,0.43,2024-04-13,0159,N,VIIRS,n,2,287.91,3.39,N,0
43.0626,-6.76865,308.6,0.56,0.43,2024-04-13,0159,N,VIIRS,n,2,285.4,3.39,N,0
43.06568,-6.78187,295.04,0.56,0.43,2024-04-13,0159,N,VIIRS,n,2,284.43,3.03,N,0
43.06883,-6.77331,315.83,0.56,0.43,2024-04-13,0159,N,VIIRS,n,2,282.78,1.12,N,0
43.06498,-6.77508,315.75,0.56,0.43,2024-04-13,0159,N,VIIRS,n,2,286.07,3.03,N,0
43.06952,-6.78003,299.56,0.56,0.43,2024-04-13,0159,N,VIIRS,n,2,282.07,1.12,N,0
43.30794,-3.02467,296.92,0.41,0.37,2024-04-13,0159,N,VIIRS,n,2,286.64,0.42,N,2
43.38929,-3.74178,304.59,0.43,0.38,2024-04-13,0159,N,VIIRS,n,2,284.8,0.78,N,0
43.34467,-3.75867,328.32,0.43,0.38,2024-04-13,0159,N,VIIRS,n,2,285.26,2.42,N,0
43.34268,-3.74297,299.59,0.43,0.38,2024-04-13,0159,N,VIIRS,n,2,283.58,0.51,N,0
43.34182,-3.76463,302.39,0.43,0.38,2024-04-13,0159,N,VIIRS,n,2,284.92,0.71,N,0
43.34116,-3.75941,300.14,0.43,0.38,2024-04-13,0159,N,VIIRS,n,2,284.8,0.7,N,0
43.31561,-3.67137,312.04,0.43,0.38,2024-04-13,0159,N,VIIRS,n,2,288.11,1.85,N,0
43.55179,-5.85898,299.39,0.52,0.41,2024-04-13,0159,N,VIIRS,n,2,286.15,0.9,N,2
43.54661,-5.84678,296.59,0.52,0.41,2024-04-13,0159,N,VIIRS,n,2,285.98,1.02,N,0
43.54143,-5.83463,311.99,0.52,0.41,2024-04-13,0159,N,VIIRS,n,2,287.82,2.32,N,2
43.54074,-5.82812,306.66,0.52,0.41,2024-04-13,0159,N,VIIRS,n,2,286.5,1.47,N,2
43.53762,-5.83536,299.94,0.52,0.41,2024-04-13,0159,N,VIIRS,n,2,284.98,1.16,N,2
43.53694,-5.82893,302.17,0.52,0.41,2024-04-13,0159,N,VIIRS,n,2,284.61,0.99,N,2
43.52614,-5.72721,306.42,0.51,0.41,2024-04-13,0159,N,VIIRS,n,2,288.5,1.27,N,2
43.27338,-3.62126,322.99,0.43,0.38,2024-04-13,0159,N,VIIRS,n,2,286.75,2.7,N,0
43.27272,-3.61612,336.87,0.43,0.38,2024-04-13,0159,N,VIIRS,n,2,287.83,2.7,N,0
43.51923,-5.73508,301.03,0.51,0.41,2024-04-13,0159,N,VIIRS,n,2,286.51,0.86,N,2
43.26921,-3.61666,330.98,0.43,0.38,2024-04-13,0159,N,VIIRS,n,2,285.96,2.7,N,0
43.2624,-3.56275,325.26,0.43,0.38,2024-04-13,0159,N,VIIRS,n,2,287.41,1.57,N,0
41.31153,1.66381,313.19,0.42,0.37,2024-04-13,0159,N,VIIRS,n,2,285.6,1.01,N,2
42.5531,-6.77145,300.05,0.55,0.43,2024-04-13,0159,N,VIIRS,n,2,286.54,1.09,N,0
41.4055,1.99649,309.28,0.42,0.38,2024-04-13,0159,N,VIIRS,n,2,285.67,0.98,N,2
41.4553,1.98097,309.2,0.42,0.38,2024-04-13,0159,N,VIIRS,n,2,287.06,0.92,N,2
41.92456,0.17928,298.59,0.39,0.36,2024-04-13,0159,N,VIIRS,n,2,284.2,0.69,N,2
43.06038,-6.76946,304.96,0.56,0.43,2024-04-13,0159,N,VIIRS,n,2,285.24,2.28,N,0
41.47453,-1.48971,302.82,0.39,0.36,2024-04-13,0200,N,VIIRS,n,2,284.28,0.77,N,2
38.91417,-5.95096,296.85,0.47,0.39,2024-04-13,0200,N,VIIRS,n,2,283.58,0.33,N,0
38.3775,-0.54419,300.22,0.39,0.36,2024-04-13,0200,N,VIIRS,n,2,285.85,0.67,N,2
39.32395,-5.59922,314.43,0.46,0.39,2024-04-13,0200,N,VIIRS,n,2,285.96,0.73,N,0
39.93699,-3.74553,308.04,0.41,0.37,2024-04-13,0200,N,VIIRS,n,2,284.29,1.51,N,2
40.24518,-3.47658,323.52,0.4,0.37,2024-04-13,0200,N,VIIRS,n,2,289.37,2.89,N,2
39.9514,-0.0049,299.38,0.39,0.36,2024-04-13,0200,N,VIIRS,n,2,289.32,1.41,N,2
40.57755,0.54193,301.81,0.4,0.37,2024-04-13,0200,N,VIIRS,n,2,286.22,0.66,N,2
37.36036,-5.86457,301.83,0.45,0.39,2024-04-13,0201,N,VIIRS,n,2,287.55,0.78,N,2
36.96483,-1.90545,304.57,0.39,0.36,2024-04-13,0201,N,VIIRS,n,2,284.77,0.94,N,2
43.05637,-6.76707,303.16,0.7,0.75,2024-04-13,0339,N,VIIRS,n,2,276.31,2.17,N,0
43.39443,-6.60138,334.15,0.69,0.74,2024-04-13,0339,N,VIIRS,n,2,281.32,3,N,0
43.3924,-6.59559,298.6,0.69,0.74,2024-04-13,0339,N,VIIRS,n,2,280.61,3,N,0
43.39414,-6.60265,329.18,0.69,0.74,2024-04-13,0339,N,VIIRS,n,2,280.8,7.44,N,0
43.3922,-6.59705,314.1,0.69,0.74,2024-04-13,0339,N,VIIRS,n,2,281.11,4.23,N,0
43.06771,-6.77745,298.62,0.7,0.75,2024-04-13,0339,N,VIIRS,n,2,272.03,1.7,N,0
43.06482,-6.7691,307.79,0.7,0.75,2024-04-13,0339,N,VIIRS,n,2,274.62,2.05,N,0
43.05898,-6.7746,310.01,0.7,0.75,2024-04-13,0339,N,VIIRS,n,2,274.5,4,N,0
38.78736,0.11465,332.37,0.79,0.78,2024-04-13,1142,N,VIIRS,n,2,296.61,21.8,D,0
38.77851,0.11864,340.18,0.8,0.78,2024-04-13,1142,N,VIIRS,n,2,300.61,30.74,D,0
38.78541,0.11527,367,0.8,0.78,2024-04-13,1142,N,VIIRS,h,2,299.36,30.74,D,0
38.78043,0.11788,367,0.79,0.78,2024-04-13,1142,N,VIIRS,h,2,302.18,21.8,D,0
38.77757,0.10949,367,0.8,0.78,2024-04-13,1142,N,VIIRS,h,2,300.88,21.8,D,0
38.7844,0.10594,367,0.8,0.78,2024-04-13,1142,N,VIIRS,h,2,298.06,21.8,D,0
42.96691,-1.28535,367,0.69,0.74,2024-04-13,1143,N,VIIRS,h,2,298.41,21.18,D,0
28.48471,-16.37007,346.09,0.51,0.66,2024-04-13,1320,N,VIIRS,n,2,302.56,6.45,D,0
28.48468,-16.37194,339.53,0.51,0.66,2024-04-13,1320,N,VIIRS,n,2,301.04,5.24,D,0
38.11227,-1.07301,336.86,0.51,0.41,2024-04-13,1322,N,VIIRS,n,2,305.81,3.73,D,0
37.56727,-0.91588,332.11,0.52,0.41,2024-04-13,1322,N,VIIRS,l,2,303.41,2.12,D,2
38.7791,0.11412,347.33,0.4,0.44,2024-04-13,1322,N,VIIRS,n,2,313.81,7.96,D,0
38.77865,0.10942,351.26,0.4,0.44,2024-04-13,1322,N,VIIRS,n,2,310.76,8.37,D,0
38.78228,0.10415,367,0.4,0.44,2024-04-13,1322,N,VIIRS,h,2,312.03,31.25,D,0
38.78318,0.11348,351.53,0.4,0.44,2024-04-13,1322,N,VIIRS,n,2,321.89,54.3,D,0
38.78274,0.10883,348.03,0.4,0.44,2024-04-13,1322,N,VIIRS,n,2,316.53,31.25,D,0
38.78183,0.09947,355.36,0.4,0.44,2024-04-13,1322,N,VIIRS,n,2,312.48,38.74,D,0
38.78138,0.09481,340.66,0.4,0.44,2024-04-13,1322,N,VIIRS,n,2,300.85,38.74,D,0
38.78637,0.10353,356.43,0.4,0.44,2024-04-13,1322,N,VIIRS,n,2,311.11,31.25,D,0
38.09655,-6.18298,332.47,0.38,0.36,2024-04-13,1322,N,VIIRS,n,2,300.68,2.72,D,0
38.54954,-2.99263,332.63,0.44,0.38,2024-04-13,1322,N,VIIRS,l,2,302.65,2.85,D,0
38.67611,-4.04575,336.92,0.41,0.37,2024-04-13,1322,N,VIIRS,n,2,308.53,3.4,D,0
39.24212,-0.47944,337.42,0.56,0.43,2024-04-13,1322,N,VIIRS,l,2,308.68,2.68,D,0
39.20757,-2.79687,338.81,0.45,0.39,2024-04-13,1322,N,VIIRS,n,2,311.27,3.74,D,0
39.05947,-5.7283,341.72,0.39,0.36,2024-04-13,1322,N,VIIRS,n,2,305.84,2.16,D,0
39.14381,-5.63577,335.01,0.39,0.36,2024-04-13,1322,N,VIIRS,n,2,307.51,4.11,D,0
39.14317,-5.64023,339.14,0.39,0.36,2024-04-13,1322,N,VIIRS,n,2,303.62,4.11,D,0
40.24434,-3.47335,338.2,0.44,0.38,2024-04-13,1322,N,VIIRS,n,2,311.41,4.16,D,2
43.24134,-4.12954,335.17,0.44,0.39,2024-04-13,1323,N,VIIRS,n,2,303.3,2.98,D,0
43.23845,-4.12313,333.79,0.44,0.39,2024-04-13,1323,N,VIIRS,n,2,298.73,3.91,D,0
43.21529,-4.13454,332.9,0.44,0.39,2024-04-13,1323,N,VIIRS,n,2,307.43,43.86,D,0
43.23493,-4.12216,336.24,0.44,0.39,2024-04-13,1323,N,VIIRS,n,2,301.04,4.61,D,0
43.24425,-4.13562,335,0.44,0.39,2024-04-13,1323,N,VIIRS,n,2,303.55,10.45,D,0
43.42994,-5.24924,332.17,0.42,0.37,2024-04-13,1323,N,VIIRS,n,2,300.35,2.06,D,0
43.24487,-4.13038,346.52,0.44,0.39,2024-04-13,1323,N,VIIRS,n,2,302.88,10.45,D,0
43.24072,-4.13475,331.04,0.44,0.39,2024-04-13,1323,N,VIIRS,n,2,301.06,2.98,D,0
43.29821,-5.24426,328.34,0.41,0.37,2024-04-13,1323,N,VIIRS,n,2,291.75,1.53,D,0
43.06206,-6.77408,331.61,0.39,0.36,2024-04-13,1323,N,VIIRS,n,2,295.83,4.5,D,0
40.53924,-3.46727,334.83,0.44,0.38,2024-04-13,1323,N,VIIRS,l,2,307.35,8.69,D,0
41.45237,1.86858,330.48,0.52,0.5,2024-04-13,1323,N,VIIRS,l,2,304.19,5.44,D,0
41.45087,1.86723,342.2,0.52,0.5,2024-04-13,1323,N,VIIRS,n,2,304.52,6.26,D,0
42.47588,-5.09131,332.81,0.41,0.37,2024-04-13,1323,N,VIIRS,n,2,292.31,2.31,D,0
43.17957,-4.01833,335.03,0.45,0.39,2024-04-13,1323,N,VIIRS,n,2,294.9,4.14,D,0
43.21387,-4.12721,331.69,0.44,0.39,2024-04-13,1323,N,VIIRS,n,2,298.89,4.78,D,0
43.21317,-4.13298,334.94,0.44,0.39,2024-04-13,1323,N,VIIRS,n,2,296.26,4.78,D,0
43.27231,-3.60679,330.29,0.46,0.39,2024-04-13,1323,N,VIIRS,n,2,293.98,2.37,D,0
43.21237,-4.12839,337.89,0.44,0.39,2024-04-13,1323,N,VIIRS,n,2,299.29,7.01,D,0
43.21596,-4.12882,329.06,0.44,0.39,2024-04-13,1323,N,VIIRS,n,2,298.03,6.23,D,0
43.25609,-3.58197,304.52,0.44,0.46,2024-04-14,0140,N,VIIRS,n,2,274.58,1.86,N,0
43.30837,-3.0245,305.2,0.42,0.45,2024-04-14,0140,N,VIIRS,n,2,281.65,0.89,N,2
43.34525,-8.43636,297.9,0.39,0.59,2024-04-14,0140,N,VIIRS,n,2,285.8,0.44,N,2
43.34772,-5.28247,304.28,0.54,0.5,2024-04-14,0140,N,VIIRS,n,2,267.72,1.02,N,0
43.34815,-5.28861,313.56,0.54,0.51,2024-04-14,0140,N,VIIRS,n,2,269.93,2.6,N,0
43.41133,-3.84436,300.07,0.46,0.47,2024-04-14,0140,N,VIIRS,n,2,274.19,2.39,N,0
43.41087,-3.83868,319.43,0.46,0.47,2024-04-14,0140,N,VIIRS,n,2,277.22,2.12,N,0
43.41046,-3.83953,334.97,0.46,0.47,2024-04-14,0140,N,VIIRS,n,2,278.9,4.03,N,0
43.54395,-5.84447,300.81,0.57,0.52,2024-04-14,0140,N,VIIRS,n,2,267.42,1.69,N,0
43.53815,-5.83067,329.88,0.57,0.52,2024-04-14,0140,N,VIIRS,n,2,270.15,3.7,N,2
41.31268,1.66192,319.47,0.4,0.37,2024-04-14,0141,N,VIIRS,n,2,288.64,2.04,N,2
41.47575,-1.48854,295.4,0.51,0.41,2024-04-14,0141,N,VIIRS,n,2,282.89,0.85,N,2
39.93453,-3.7435,304.36,0.41,0.45,2024-04-14,0141,N,VIIRS,n,2,286.9,1.5,N,2
40.57526,0.54358,298.07,0.42,0.38,2024-04-14,0141,N,VIIRS,n,2,286.55,0.61,N,0
40.24553,-3.47447,318.67,0.4,0.45,2024-04-14,0141,N,VIIRS,n,2,288.97,3.39,N,2
41.45631,1.98014,301.55,0.4,0.37,2024-04-14,0141,N,VIIRS,n,2,286.29,0.74,N,2
40.5759,0.5387,297.57,0.42,0.38,2024-04-14,0141,N,VIIRS,n,2,285.41,0.44,N,0
41.45296,1.97929,303.08,0.4,0.37,2024-04-14,0141,N,VIIRS,n,2,287.95,0.97,N,2
41.40538,1.99688,302.69,0.4,0.37,2024-04-14,0141,N,VIIRS,n,2,286.29,0.8,N,2
38.41806,-5.24214,297.67,0.47,0.48,2024-04-14,0142,N,VIIRS,n,2,283.2,0.57,N,0
38.66499,-4.05337,298.79,0.41,0.45,2024-04-14,0142,N,VIIRS,n,2,281.39,0.93,N,2
38.37738,-0.54476,298.11,0.44,0.38,2024-04-14,0142,N,VIIRS,n,2,286.65,0.47,N,2
36.96495,-1.90627,305.66,0.47,0.4,2024-04-14,0142,N,VIIRS,n,2,286.08,1.39,N,2
43.54477,-5.84777,298.47,0.45,0.63,2024-04-14,0320,N,VIIRS,n,2,283.42,0.95,N,0
43.52834,-5.73022,304.45,0.46,0.63,2024-04-14,0320,N,VIIRS,n,2,284.71,0.9,N,2
40.24092,-3.47275,299.22,0.73,0.76,2024-04-14,0321,N,VIIRS,n,2,282.4,1.84,N,0
40.24299,-3.47302,304.93,0.73,0.76,2024-04-14,0321,N,VIIRS,n,2,283.59,3.37,N,2
43.34963,-5.28596,304.6,0.49,0.65,2024-04-14,0321,N,VIIRS,n,2,271.4,0.47,N,0
40.24373,-3.48101,295.06,0.73,0.76,2024-04-14,0321,N,VIIRS,n,2,282.91,2.29,N,2
38.49291,-6.33019,297.27,0.6,0.71,2024-04-14,0322,N,VIIRS,n,2,282.88,1.21,N,0
38.66332,-4.05012,298.11,0.77,0.77,2024-04-14,0322,N,VIIRS,n,2,279.05,1.61,N,2
38.4983,-6.32888,306.33,0.6,0.71,2024-04-14,0322,N,VIIRS,n,2,283.45,1.07,N,0
38.7145,-0.06866,330.12,0.4,0.37,2024-04-14,1303,N,VIIRS,n,2,301.43,64.18,D,0
38.70927,-0.08144,350,0.4,0.37,2024-04-14,1303,N,VIIRS,n,2,321.21,34.32,D,0
38.71117,-0.06781,340.97,0.4,0.37,2024-04-14,1303,N,VIIRS,n,2,313.02,64.18,D,0
38.71055,-0.07232,367,0.4,0.37,2024-04-14,1303,N,VIIRS,h,2,341.89,64.18,D,0
39.1551,-0.48828,331.67,0.39,0.36,2024-04-14,1303,N,VIIRS,n,2,306.65,3.54,D,0
39.15574,-0.48377,346.05,0.39,0.36,2024-04-14,1303,N,VIIRS,n,2,308.79,11.89,D,0
38.89929,-2.13894,344.1,0.38,0.36,2024-04-14,1303,N,VIIRS,n,2,308.15,5.21,D,0
38.71654,-0.07876,367,0.4,0.37,2024-04-14,1303,N,VIIRS,h,2,318.9,37.65,D,0
38.71259,-0.08233,352.09,0.4,0.37,2024-04-14,1303,N,VIIRS,n,2,321.95,34.32,D,0
38.71323,-0.07774,355.5,0.4,0.37,2024-04-14,1303,N,VIIRS,n,2,325.44,34.32,D,0
38.71387,-0.07319,351.6,0.4,0.37,2024-04-14,1303,N,VIIRS,n,2,321.42,64.18,D,0
38.70991,-0.07687,367,0.4,0.37,2024-04-14,1303,N,VIIRS,l,2,333.89,34.32,D,0
38.72049,-0.07513,367,0.4,0.37,2024-04-14,1303,N,VIIRS,l,2,331.66,42.45,D,0
38.71984,-0.07975,353.04,0.4,0.37,2024-04-14,1303,N,VIIRS,n,2,316.56,37.65,D,0
38.72114,-0.0705,335.68,0.4,0.37,2024-04-14,1303,N,VIIRS,n,2,299.4,42.45,D,0
38.7192,-0.08431,367,0.4,0.37,2024-04-14,1303,N,VIIRS,h,2,331.41,37.65,D,0
38.71718,-0.07417,367,0.4,0.37,2024-04-14,1303,N,VIIRS,l,2,332.07,42.45,D,0
38.7159,-0.08332,367,0.4,0.37,2024-04-14,1303,N,VIIRS,h,2,345.21,37.65,D,0
38.71857,-0.08885,312.83,0.4,0.37,2024-04-14,1303,N,VIIRS,l,2,321.86,42.95,D,0
38.72318,-0.08052,345.54,0.4,0.37,2024-04-14,1303,N,VIIRS,n,2,303.74,21.62,D,0
38.72253,-0.08515,356.78,0.4,0.37,2024-04-14,1303,N,VIIRS,n,2,313.96,21.62,D,0
38.63355,-0.78018,338.91,0.39,0.36,2024-04-14,1303,N,VIIRS,n,2,305.66,3.29,D,0
38.89531,-2.1425,336.71,0.38,0.36,2024-04-14,1303,N,VIIRS,l,2,306.8,1.84,D,0
37.33887,-3.19443,333.65,0.4,0.37,2024-04-14,1303,N,VIIRS,n,2,305.31,1.99,D,0
38.17013,-1.4082,336.21,0.38,0.36,2024-04-14,1303,N,VIIRS,n,2,308.22,2.15,D,0
38.70721,-0.0715,336.66,0.4,0.37,2024-04-14,1303,N,VIIRS,n,2,310.33,26.88,D,0
38.70658,-0.07604,330.59,0.4,0.37,2024-04-14,1303,N,VIIRS,n,2,305.24,2.36,D,0
43.21884,-4.13128,343.73,0.39,0.36,2024-04-14,1304,N,VIIRS,n,2,292.15,4.85,D,0
43.25811,-3.58118,340.94,0.38,0.36,2024-04-14,1304,N,VIIRS,n,2,293.99,4.65,D,0
40.24429,-3.47228,339.01,0.39,0.36,2024-04-14,1304,N,VIIRS,n,2,309.88,4.69,D,2
39.48825,-6.41651,335.64,0.48,0.4,2024-04-14,1304,N,VIIRS,l,2,306.22,7.6,D,0
42.38372,-5.68832,342.35,0.42,0.37,2024-04-14,1304,N,VIIRS,n,2,310.99,42.73,D,0
40.49695,-4.0689,335.11,0.4,0.37,2024-04-14,1304,N,VIIRS,n,2,305.58,1.88,D,0
40.36116,-3.70747,344.29,0.39,0.37,2024-04-14,1304,N,VIIRS,n,2,313.71,4.49,D,0
40.21652,-4.37098,330.09,0.41,0.37,2024-04-14,1304,N,VIIRS,l,2,300.21,2.4,D,0
40.29734,-3.81193,335.32,0.4,0.37,2024-04-14,1304,N,VIIRS,l,2,306.53,2.91,D,0
41.47497,-1.48525,295.29,0.57,0.52,2024-04-15,0122,N,VIIRS,n,2,284.13,0.44,N,0
40.24378,-3.47561,325.68,0.36,0.57,2024-04-15,0122,N,VIIRS,n,2,287.79,2.75,N,2
39.93862,-3.7459,297.63,0.37,0.58,2024-04-15,0122,N,VIIRS,n,2,283.71,0.9,N,2
41.45485,1.97947,303.75,0.39,0.44,2024-04-15,0122,N,VIIRS,n,2,288.41,0.76,N,2
40.57695,0.53896,300.95,0.44,0.46,2024-04-15,0122,N,VIIRS,n,2,286.34,0.58,N,0
38.70054,-0.06939,335.29,0.45,0.47,2024-04-15,0123,N,VIIRS,n,2,285.58,4.98,N,0
38.70536,-0.07414,330.18,0.45,0.47,2024-04-15,0123,N,VIIRS,n,2,289.43,5.97,N,0
38.70488,-0.06866,350.02,0.45,0.47,2024-04-15,0123,N,VIIRS,n,2,290.64,5.97,N,0
37.56833,-0.92126,298.42,0.49,0.48,2024-04-15,0123,N,VIIRS,n,2,287.16,0.87,N,0
36.96812,-1.90753,298.55,0.54,0.51,2024-04-15,0123,N,VIIRS,n,2,286.19,0.98,N,2
38.70148,-0.08013,318.53,0.45,0.47,2024-04-15,0123,N,VIIRS,n,2,286.21,2.15,N,0
38.70103,-0.07498,330.81,0.45,0.47,2024-04-15,0123,N,VIIRS,n,2,286.47,4.98,N,0
42.06887,-8.17915,315.81,0.46,0.47,2024-04-15,0302,N,VIIRS,n,2,280.46,2.08,N,0
41.40646,1.99667,295.75,0.73,0.76,2024-04-15,0302,N,VIIRS,n,2,282.91,1.07,N,2
38.70832,-0.07013,332,0.7,0.75,2024-04-15,0303,N,VIIRS,n,2,284.48,6.26,N,0
38.70154,-0.07269,303.25,0.7,0.75,2024-04-15,0303,N,VIIRS,n,2,282.78,2.05,N,0
38.70837,-0.07368,314.59,0.7,0.75,2024-04-15,0303,N,VIIRS,n,2,283.38,4.68,N,0
38.70597,-0.06637,323.31,0.7,0.75,2024-04-15,0303,N,VIIRS,n,2,284.04,4.68,N,0
36.18958,-5.40035,296.14,0.45,0.63,2024-04-15,0304,N,VIIRS,n,2,285.42,0.59,N,0
38.70312,-0.07015,349.02,0.43,0.38,2024-04-15,1244,N,VIIRS,n,2,278.89,21.11,D,0
39.01361,-1.88528,336.64,0.5,0.41,2024-04-15,1244,N,VIIRS,l,2,307.01,6.17,D,0
38.7075,-0.06608,336.44,0.43,0.38,2024-04-15,1244,N,VIIRS,n,2,278.81,21.11,D,0
38.70843,-0.06091,353.95,0.43,0.38,2024-04-15,1244,N,VIIRS,n,2,287.4,7.67,D,0
38.70406,-0.06499,351.19,0.43,0.38,2024-04-15,1244,N,VIIRS,n,2,286.32,21.11,D,0
38.70502,-0.05967,330.63,0.43,0.38,2024-04-15,1244,N,VIIRS,n,2,282.67,7.67,D,0
38.70065,-0.06376,344.45,0.43,0.38,2024-04-15,1244,N,VIIRS,n,2,298.02,216.15,D,0
38.70161,-0.05846,331.12,0.43,0.38,2024-04-15,1244,N,VIIRS,n,2,279.47,3.79,D,0
37.68176,-3.80232,343.16,0.43,0.46,2024-04-15,1244,N,VIIRS,n,2,300.64,4.68,D,0
39.54959,-3.63078,335.55,0.39,0.44,2024-04-15,1245,N,VIIRS,l,2,306.18,3.54,D,0
39.11486,-5.95556,332.88,0.51,0.49,2024-04-15,1245,N,VIIRS,l,2,304.18,2.35,D,0
40.24615,-3.47345,334.24,0.55,0.43,2024-04-15,1245,N,VIIRS,n,2,306.82,5.03,D,2
39.96958,-0.04731,341.45,0.42,0.38,2024-04-15,1245,N,VIIRS,n,2,298.28,5.18,D,0
42.33803,-6.26273,334.26,0.45,0.47,2024-04-15,1246,N,VIIRS,n,2,302.97,2.7,D,0
43.05716,-4.2705,309.12,0.71,0.75,2024-04-16,0102,N,VIIRS,n,2,274.88,2.07,N,0
41.30991,1.66071,305.72,0.35,0.56,2024-04-16,0103,N,VIIRS,n,2,284,0.83,N,2
40.5775,0.54141,302.44,0.39,0.59,2024-04-16,0103,N,VIIRS,n,2,285.71,0.32,N,2
39.53445,-1.15511,344.29,0.47,0.64,2024-04-16,0103,N,VIIRS,n,2,283.33,7.69,N,0
39.53859,-1.1551,367,0.47,0.64,2024-04-16,0103,N,VIIRS,h,2,290.34,5.94,N,0
39.53836,-1.1494,299.03,0.47,0.64,2024-04-16,0103,N,VIIRS,n,2,281.98,5.94,N,0
41.31519,1.66117,297.46,0.35,0.56,2024-04-16,0103,N,VIIRS,n,2,284.93,0.61,N,2
40.24187,-3.47675,309.47,0.63,0.72,2024-04-16,0103,N,VIIRS,n,2,284.46,1.76,N,2
40.24658,-3.47445,303.93,0.63,0.72,2024-04-16,0103,N,VIIRS,n,2,284.27,3.2,N,2
39.54046,-1.15437,349.27,0.47,0.64,2024-04-16,0103,N,VIIRS,n,2,287.68,7.69,N,0
36.96643,-1.9071,299.1,0.5,0.66,2024-04-16,0104,N,VIIRS,n,2,286.86,0.71,N,2
36.96729,-1.90605,298.38,0.5,0.66,2024-04-16,0104,N,VIIRS,n,2,286.75,0.6,N,2
38.3763,-0.54555,296.55,0.43,0.62,2024-04-16,0104,N,VIIRS,n,2,285.93,0.59,N,2
37.5694,-0.92173,305.3,0.44,0.63,2024-04-16,0104,N,VIIRS,n,2,286.91,1.39,N,0
41.17403,1.22019,296.15,0.41,0.6,2024-04-16,0243,N,VIIRS,n,2,286.14,0.98,N,0
42.5519,-6.76745,296.87,0.49,0.4,2024-04-16,0243,N,VIIRS,n,2,281.76,0.66,N,0
43.05883,-4.27274,305.45,0.4,0.44,2024-04-16,0243,N,VIIRS,n,2,274.94,1.52,N,0
43.0576,-4.26727,313.1,0.4,0.44,2024-04-16,0243,N,VIIRS,n,2,275.33,1.52,N,0
41.40845,1.99641,297.75,0.44,0.62,2024-04-16,0243,N,VIIRS,n,2,284.31,0.71,N,2
41.31118,1.65793,304.36,0.42,0.61,2024-04-16,0243,N,VIIRS,n,2,281.78,1.75,N,0
42.55333,-6.76629,295.01,0.49,0.4,2024-04-16,0243,N,VIIRS,n,2,281.56,0.57,N,0
39.53469,-1.15343,335.03,0.34,0.56,2024-04-16,0244,N,VIIRS,n,2,281.89,2.73,N,0
39.53571,-1.15734,305.08,0.34,0.56,2024-04-16,0244,N,VIIRS,n,2,281.52,2.73,N,0
38.37554,-0.54659,298.88,0.4,0.6,2024-04-16,0244,N,VIIRS,n,2,284.45,0.81,N,2
42.16476,-8.18613,318.37,0.44,0.38,2024-04-16,0244,N,VIIRS,n,2,282.55,1.21,N,0
42.17282,-8.18961,302.83,0.44,0.38,2024-04-16,0244,N,VIIRS,n,2,280.71,0.64,N,0
42.17625,-8.18826,295.21,0.44,0.38,2024-04-16,0244,N,VIIRS,n,2,280.68,0.64,N,0
37.56824,-0.91848,299.53,0.4,0.6,2024-04-16,0244,N,VIIRS,n,2,285.74,0.71,N,2
42.16228,-8.1881,335.65,0.44,0.38,2024-04-16,0244,N,VIIRS,n,2,284.13,5.62,N,0
42.1658,-8.1872,300.76,0.44,0.38,2024-04-16,0244,N,VIIRS,n,2,281.96,1.03,N,0
40.24422,-3.477,325.97,0.51,0.49,2024-04-16,0244,N,VIIRS,n,2,287.83,4.32,N,2
39.53971,-1.15141,356.3,0.34,0.56,2024-04-16,0244,N,VIIRS,n,2,288.26,4.66,N,0
39.54074,-1.15532,318.13,0.34,0.56,2024-04-16,0244,N,VIIRS,n,2,282.52,4.66,N,0
38.32008,-6.71929,297.42,0.39,0.44,2024-04-16,0245,N,VIIRS,n,2,287.22,0.62,N,0
36.96822,-1.90673,301.39,0.37,0.58,2024-04-16,0245,N,VIIRS,n,2,287.3,0.66,N,2
36.96476,-1.90581,301.39,0.37,0.58,2024-04-16,0245,N,VIIRS,n,2,286.42,0.57,N,2
37.36119,-5.86664,305.46,0.45,0.47,2024-04-16,0245,N,VIIRS,n,2,290.09,0.51,N,2
28.10578,-14.28923,316.27,0.4,0.37,2024-04-16,0248,N,VIIRS,n,2,290.25,1.43,N,0
39.54026,-1.15451,337.94,0.5,0.49,2024-04-16,1226,N,VIIRS,n,2,307.05,8.39,D,0
40.49118,-3.59019,327.69,0.62,0.54,2024-04-16,1226,N,VIIRS,n,2,296.84,3.68,D,0
40.24366,-3.47422,328.53,0.62,0.54,2024-04-16,1226,N,VIIRS,n,2,303.15,6.69,D,2
40.55865,-6.1304,342.49,0.41,0.61,2024-04-16,1226,N,VIIRS,n,2,296.02,4.01,D,0
40.56052,-6.13044,337.59,0.41,0.61,2024-04-16,1226,N,VIIRS,n,2,295.76,3.88,D,0
39.5416,-1.14881,339.77,0.5,0.49,2024-04-16,1226,N,VIIRS,n,2,303.73,8.39,D,0
41.63098,0.64573,337.54,0.55,0.43,2024-04-16,1226,N,VIIRS,n,2,297.15,5.34,D,0
39.53587,-1.15295,341.71,0.5,0.49,2024-04-16,1226,N,VIIRS,n,2,312.39,8.39,D,0
39.5372,-1.14724,340.68,0.5,0.49,2024-04-16,1226,N,VIIRS,n,2,305.76,8.39,D,0
42.36554,-5.69681,329.6,0.35,0.57,2024-04-16,1227,N,VIIRS,n,2,299.36,1.88,D,0
42.36522,-5.69651,328.94,0.35,0.57,2024-04-16,1227,N,VIIRS,l,2,299.45,2.02,D,0
39.54042,-1.14804,344.12,0.67,0.74,2024-04-16,1406,N,VIIRS,n,2,301.19,10.15,D,0
39.54061,-1.14789,344.65,0.67,0.73,2024-04-16,1406,N,VIIRS,n,2,302.46,9.1,D,0
42.35539,-6.28945,367,0.38,0.58,2024-04-16,1407,N,VIIRS,h,2,293.16,6.23,D,0
40.24673,-3.47399,330.32,0.51,0.66,2024-04-16,1407,N,VIIRS,n,2,302.78,3.43,D,2
43.06445,-7.54106,331.12,0.33,0.55,2024-04-16,1408,N,VIIRS,n,2,289,3.91,D,0
41.92288,0.17737,337.16,0.41,0.45,2024-04-17,0224,N,VIIRS,n,2,280.4,4.08,N,2
41.4056,1.99608,300.21,0.51,0.5,2024-04-17,0224,N,VIIRS,n,2,283.35,1.05,N,2
41.45388,1.97755,297.82,0.51,0.49,2024-04-17,0224,N,VIIRS,n,2,283.56,1,N,2
41.31149,1.66151,312.17,0.5,0.49,2024-04-17,0224,N,VIIRS,n,2,283,2.42,N,2
41.9248,0.17991,331.11,0.41,0.45,2024-04-17,0224,N,VIIRS,n,2,280.23,3.21,N,2
38.37682,-0.54431,297.67,0.45,0.47,2024-04-17,0225,N,VIIRS,n,2,286.76,0.76,N,2
39.53886,-1.15064,338.04,0.4,0.44,2024-04-17,0225,N,VIIRS,n,2,287.55,3.4,N,0
39.53985,-1.15521,306.1,0.4,0.44,2024-04-17,0225,N,VIIRS,n,2,281.57,2.7,N,0
39.53487,-1.15201,299.05,0.4,0.44,2024-04-17,0225,N,VIIRS,n,2,279.38,0.75,N,0
39.93646,-3.74453,308.53,0.46,0.39,2024-04-17,0225,N,VIIRS,n,2,284.65,1.69,N,2
42.55267,-6.76652,302.87,0.38,0.36,2024-04-17,0225,N,VIIRS,n,2,281.47,0.42,N,0
40.69434,-4.03031,296.69,0.44,0.38,2024-04-17,0225,N,VIIRS,n,2,281.97,1.1,N,0
40.69431,-4.02631,301.87,0.44,0.38,2024-04-17,0225,N,VIIRS,n,2,281.67,0.79,N,0
40.24441,-3.47535,320.28,0.47,0.39,2024-04-17,0225,N,VIIRS,n,2,286.57,2.97,N,2
37.42525,-4.73167,310.32,0.46,0.39,2024-04-17,0226,N,VIIRS,n,2,287.58,0.71,N,0
37.42793,-4.73256,307.88,0.46,0.39,2024-04-17,0226,N,VIIRS,n,2,287.29,1.19,N,0
36.96612,-1.90433,306.88,0.42,0.45,2024-04-17,0226,N,VIIRS,n,2,290.17,1.21,N,2
37.36004,-5.86572,311.65,0.42,0.38,2024-04-17,0226,N,VIIRS,n,2,291.16,1.61,N,2
39.53959,-1.14933,346.84,0.43,0.62,2024-04-17,1207,N,VIIRS,n,2,306.46,6.71,D,0
39.53703,-1.15011,354.24,0.43,0.62,2024-04-17,1207,N,VIIRS,n,2,309.82,5.83,D,0
42.33987,-6.2605,367,0.62,0.72,2024-04-17,1208,N,VIIRS,h,2,297.65,10.45,D,0
40.9107,-2.98927,326.82,0.48,0.65,2024-04-17,1208,N,VIIRS,n,2,296.53,2.68,D,0
40.91184,-2.99296,329.29,0.48,0.65,2024-04-17,1208,N,VIIRS,n,2,297.03,4.33,D,0
42.33767,-6.26719,329.38,0.62,0.72,2024-04-17,1208,N,VIIRS,n,2,289.62,10.45,D,0
39.16295,-5.78053,333.74,0.42,0.45,2024-04-17,1347,N,VIIRS,n,2,286.62,1.96,D,0
37.6398,-0.97632,331.01,0.37,0.58,2024-04-17,1347,N,VIIRS,n,2,296.46,0.98,D,0
37.64139,-0.97677,333.18,0.37,0.58,2024-04-17,1347,N,VIIRS,n,2,298.2,1.88,D,0
39.53948,-1.15229,348.92,0.37,0.58,2024-04-17,1347,N,VIIRS,n,2,309.96,5.14,D,0
39.54036,-1.15243,342.2,0.37,0.58,2024-04-17,1347,N,VIIRS,n,2,306.73,3.83,D,0
39.55788,-1.63763,349.48,0.35,0.57,2024-04-17,1347,N,VIIRS,n,2,304.15,3.54,D,0
39.55949,-3.87735,332.41,0.53,0.5,2024-04-17,1348,N,VIIRS,n,2,301.94,2.33,D,0
39.561,-3.87812,340.55,0.53,0.5,2024-04-17,1348,N,VIIRS,n,2,303.48,6.02,D,0
40.60701,-4.25591,333.06,0.52,0.5,2024-04-17,1348,N,VIIRS,n,2,293.69,3.89,D,0
43.29215,-6.00306,325.72,0.46,0.47,2024-04-17,1349,N,VIIRS,n,2,292.33,2.8,D,0
39.53659,-1.15436,320.37,0.4,0.37,2024-04-18,0206,N,VIIRS,n,2,282.81,1.76,N,0
39.93487,-3.74389,308.22,0.39,0.36,2024-04-18,0206,N,VIIRS,n,2,280.12,0.82,N,2
40.24466,-3.47924,295.85,0.39,0.36,2024-04-18,0206,N,VIIRS,n,2,283.21,0.49,N,2
42.55412,-6.77026,296.62,0.47,0.4,2024-04-18,0206,N,VIIRS,n,2,281.82,0.8,N,0
43.09849,-7.15581,321.09,0.5,0.41,2024-04-18,0206,N,VIIRS,n,2,276.67,5.29,N,0
43.10146,-7.14816,343.37,0.5,0.41,2024-04-18,0206,N,VIIRS,n,2,278.04,5.29,N,0
40.24397,-3.47475,318.19,0.39,0.36,2024-04-18,0206,N,VIIRS,n,2,286.84,1.93,N,2
39.53994,-1.15341,306.74,0.4,0.37,2024-04-18,0206,N,VIIRS,n,2,282.75,1.76,N,0
42.12619,-1.17703,339.21,0.39,0.36,2024-04-18,0206,N,VIIRS,n,2,280.25,4.63,N,0
43.09772,-7.14893,328.78,0.5,0.41,2024-04-18,0206,N,VIIRS,n,2,276.54,5.29,N,0
43.10595,-7.15412,345.63,0.5,0.41,2024-04-18,0206,N,VIIRS,n,2,281.85,10.97,N,0
43.10967,-7.15316,316.54,0.5,0.41,2024-04-18,0206,N,VIIRS,n,2,278.12,10.97,N,0
42.1229,-1.17802,333.67,0.39,0.36,2024-04-18,0206,N,VIIRS,n,2,279.34,4.63,N,0
36.96728,-1.90636,309.96,0.41,0.37,2024-04-18,0207,N,VIIRS,n,2,288.48,1.57,N,2
36.96669,-1.90447,310.11,0.41,0.37,2024-04-18,0207,N,VIIRS,n,2,288.82,1.4,N,2
38.37786,-6.48506,297.86,0.42,0.38,2024-04-18,0207,N,VIIRS,n,2,287.07,0.76,N,2
37.56898,-0.91689,299.75,0.43,0.38,2024-04-18,0207,N,VIIRS,n,2,271.03,0.95,N,2
38.37697,-0.5432,297.32,0.43,0.38,2024-04-18,0207,N,VIIRS,n,2,279.03,0.67,N,2
37.36006,-5.86402,302.31,0.4,0.37,2024-04-18,0207,N,VIIRS,n,2,288.22,0.45,N,2
43.09249,-7.14672,314.57,0.79,0.78,2024-04-18,0346,N,VIIRS,n,2,274.7,7.37,N,0
43.11052,-7.15964,336.43,0.78,0.78,2024-04-18,0346,N,VIIRS,n,2,276.98,6.89,N,0
43.09486,-7.15321,349.05,0.78,0.78,2024-04-18,0346,N,VIIRS,n,2,276.01,13.93,N,0
43.10673,-7.16331,304.54,0.78,0.78,2024-04-18,0346,N,VIIRS,n,2,275.92,9.53,N,0
43.09948,-7.14345,334.41,0.79,0.78,2024-04-18,0346,N,VIIRS,n,2,276.05,7.37,N,0
43.10188,-7.15,335.88,0.78,0.78,2024-04-18,0346,N,VIIRS,n,2,276.65,13.93,N,0
43.10412,-7.15616,342.67,0.78,0.78,2024-04-18,0346,N,VIIRS,n,2,277.01,13.93,N,0
43.11149,-7.15391,319.7,0.78,0.78,2024-04-18,0346,N,VIIRS,n,2,276.15,2.68,N,0
43.09576,-7.14126,304.54,0.79,0.78,2024-04-18,0346,N,VIIRS,n,2,274.96,13.53,N,0
43.10287,-7.16106,307.43,0.78,0.78,2024-04-18,0346,N,VIIRS,n,2,275.58,11.81,N,0
43.09846,-7.14877,367,0.79,0.78,2024-04-18,0346,N,VIIRS,h,2,278.89,13.53,N,0
43.10063,-7.15482,336.29,0.78,0.78,2024-04-18,0346,N,VIIRS,n,2,276.34,11.81,N,0
43.10769,-7.15175,320.42,0.78,0.78,2024-04-18,0346,N,VIIRS,n,2,275.79,6.89,N,0
42.12291,-1.17498,340.98,0.61,0.71,2024-04-18,1149,N,VIIRS,n,2,288.6,5.97,D,0
42.12509,-1.17429,341.16,0.61,0.71,2024-04-18,1149,N,VIIRS,n,2,289.15,8.41,D,0
38.27124,-4.49249,333.31,0.44,0.38,2024-04-18,1328,N,VIIRS,n,2,292.14,5.58,D,0
36.73042,-4.75388,337.44,0.42,0.38,2024-04-18,1328,N,VIIRS,n,2,309.18,3.64,D,0
39.53664,-1.1523,345.61,0.42,0.45,2024-04-18,1328,N,VIIRS,n,2,314.37,7.93,D,0
36.69195,-4.75075,333.09,0.42,0.38,2024-04-18,1328,N,VIIRS,n,2,304.64,2.5,D,0
40.86915,-1.86239,331.71,0.4,0.44,2024-04-18,1329,N,VIIRS,n,2,295.88,1.77,D,0
40.3802,-3.70811,335.6,0.49,0.4,2024-04-18,1329,N,VIIRS,n,2,305.2,1.82,D,0
40.87082,-1.86404,333.99,0.4,0.44,2024-04-18,1329,N,VIIRS,n,2,297.37,1.41,D,0
42.12383,-1.17032,330.85,0.45,0.47,2024-04-18,1329,N,VIIRS,n,2,294.82,11.95,D,0
42.12337,-1.17582,336.28,0.45,0.47,2024-04-18,1329,N,VIIRS,n,2,289.39,13.97,D,0
40.24537,-3.47102,335.77,0.5,0.41,2024-04-18,1329,N,VIIRS,l,2,308.57,3.11,D,2
40.01926,-4.3485,333.82,0.46,0.39,2024-04-18,1329,N,VIIRS,n,2,302.8,3.37,D,0
39.95696,-3.92835,335.56,0.48,0.4,2024-04-18,1329,N,VIIRS,n,2,302.11,3.67,D,0
39.1549,-5.79026,334.73,0.41,0.37,2024-04-18,1329,N,VIIRS,n,2,295.63,3.31,D,0
43.52891,-5.72634,336.7,0.45,0.39,2024-04-18,1330,N,VIIRS,n,2,297.55,7.5,D,2
43.5275,-5.73554,300.82,0.47,0.48,2024-04-19,0147,N,VIIRS,n,2,281.27,2.09,N,2
42.12212,-1.17741,326.07,0.44,0.38,2024-04-19,0147,N,VIIRS,n,2,279.36,2.29,N,0
42.68728,-6.0359,318.51,0.48,0.48,2024-04-19,0147,N,VIIRS,n,2,272.58,1.65,N,0
41.4545,1.97996,312.38,0.38,0.36,2024-04-19,0147,N,VIIRS,n,2,284.2,1.35,N,2
40.24304,-3.47296,315.22,0.51,0.41,2024-04-19,0147,N,VIIRS,n,2,282.07,3.01,N,2
43.52705,-5.72973,310.56,0.47,0.48,2024-04-19,0147,N,VIIRS,n,2,282.37,2,N,2
41.64654,-0.74266,337.64,0.42,0.38,2024-04-19,0147,N,VIIRS,n,2,278.79,5.81,N,0
43.40882,-3.84294,319.76,0.38,0.43,2024-04-19,0147,N,VIIRS,n,2,279.11,2.13,N,0
42.6898,-6.03451,314.56,0.48,0.48,2024-04-19,0147,N,VIIRS,n,2,273.53,3.06,N,0
43.03574,-2.22147,312.06,0.49,0.4,2024-04-19,0147,N,VIIRS,n,2,279.55,1.64,N,2
41.40481,1.9976,306.73,0.38,0.36,2024-04-19,0147,N,VIIRS,n,2,282.09,1.31,N,2
43.5393,-5.82996,337.23,0.48,0.48,2024-04-19,0147,N,VIIRS,n,2,282.55,7.05,N,2
39.53928,-1.15512,306.76,0.42,0.38,2024-04-19,0148,N,VIIRS,n,2,281.35,1.39,N,0
37.35815,-5.86694,295.07,0.41,0.45,2024-04-19,0148,N,VIIRS,n,2,284.29,0.46,N,2
37.35955,-5.86468,296.6,0.41,0.45,2024-04-19,0148,N,VIIRS,n,2,284.58,0.72,N,2
36.96669,-1.90621,305.61,0.42,0.38,2024-04-19,0148,N,VIIRS,n,2,281.92,1.82,N,2
37.56553,-0.91849,299.41,0.4,0.37,2024-04-19,0148,N,VIIRS,n,2,278.43,0.48,N,2
37.5689,-0.91782,296.23,0.4,0.37,2024-04-19,0148,N,VIIRS,n,2,278.12,0.48,N,2
38.7724,-6.39453,324.03,0.45,0.47,2024-04-19,0148,N,VIIRS,n,2,285.06,2.5,N,0
38.77674,-6.39392,300.28,0.45,0.47,2024-04-19,0148,N,VIIRS,n,2,284.83,0.64,N,0
38.67293,-4.06462,297.8,0.52,0.42,2024-04-19,0148,N,VIIRS,n,2,283.88,1.48,N,0
39.53521,-1.15107,299.33,0.42,0.38,2024-04-19,0148,N,VIIRS,n,2,278.03,1.39,N,0
39.53585,-1.15592,298.45,0.42,0.38,2024-04-19,0148,N,VIIRS,n,2,279.61,1.39,N,0
39.53864,-1.15027,321.65,0.42,0.38,2024-04-19,0148,N,VIIRS,n,2,284.4,1.39,N,0
38.77738,-6.39383,295.61,0.7,0.75,2024-04-19,0328,N,VIIRS,n,2,281.93,1.14,N,0
38.77736,-6.39697,297.94,0.7,0.75,2024-04-19,0328,N,VIIRS,n,2,282.01,1.16,N,0
38.54522,-3.20438,338.52,0.38,0.36,2024-04-19,1309,N,VIIRS,n,2,305.3,2.19,D,0
38.98512,1.51988,333.69,0.5,0.41,2024-04-19,1309,N,VIIRS,n,2,303.43,8.61,D,0
42.34153,-2.2007,327.97,0.41,0.37,2024-04-19,1310,N,VIIRS,l,2,302.71,1.59,D,0
40.25856,-3.74466,339.08,0.38,0.36,2024-04-19,1310,N,VIIRS,n,2,306.7,2.15,D,0
39.89418,-5.66767,340.26,0.4,0.37,2024-04-19,1310,N,VIIRS,n,2,296.03,3,D,0
39.53741,-1.15143,347.62,0.41,0.37,2024-04-19,1310,N,VIIRS,n,2,311.16,8.19,D,0
39.16959,-0.46799,334.33,0.42,0.38,2024-04-19,1310,N,VIIRS,n,2,302.8,3,D,0
40.26842,-3.74723,338.03,0.38,0.36,2024-04-19,1310,N,VIIRS,n,2,307.13,2.1,D,0
40.26445,-3.75086,336.41,0.38,0.36,2024-04-19,1310,N,VIIRS,n,2,307.84,2.1,D,0
40.26774,-3.75171,337.77,0.38,0.36,2024-04-19,1310,N,VIIRS,n,2,308.56,2.1,D,0
42.12228,-1.17127,330.2,0.43,0.38,2024-04-19,1310,N,VIIRS,l,2,302.82,4.77,D,0
40.26185,-3.74552,339.06,0.38,0.36,2024-04-19,1310,N,VIIRS,n,2,308.02,2.15,D,0
40.26514,-3.74637,342.48,0.38,0.36,2024-04-19,1310,N,VIIRS,n,2,307.72,2.1,D,0
40.26116,-3.75,339.36,0.38,0.36,2024-04-19,1310,N,VIIRS,n,2,305.11,2.15,D,0
43.06626,-6.47059,333.98,0.4,0.37,2024-04-19,1311,N,VIIRS,n,2,302.57,5.25,D,0
43.52277,-5.73139,330.18,0.39,0.36,2024-04-19,1311,N,VIIRS,l,2,302.23,2.23,D,2
43.53784,-5.83041,334.57,0.39,0.36,2024-04-19,1311,N,VIIRS,n,2,300.03,3.24,D,2
43.30991,-6.757,341.7,0.4,0.37,2024-04-19,1311,N,VIIRS,n,2,300.05,7.45,D,0
43.54113,-5.83141,339.99,0.39,0.36,2024-04-19,1311,N,VIIRS,n,2,306.12,3.24,D,2
43.17662,-2.39468,331.47,0.41,0.37,2024-04-19,1311,N,VIIRS,n,2,294.65,2.32,D,0
42.37576,-5.67935,336.68,0.39,0.36,2024-04-19,1311,N,VIIRS,n,2,305.45,5.7,D,0
40.24649,-3.47223,304.87,0.59,0.53,2024-04-20,0128,N,VIIRS,n,2,278.95,3.7,N,2
41.47554,2.18479,295.13,0.49,0.4,2024-04-20,0128,N,VIIRS,n,2,283.35,0.34,N,0
43.22525,-2.88286,300.26,0.58,0.52,2024-04-20,0128,N,VIIRS,n,2,280.39,1.14,N,2
43.03594,-2.21798,296.29,0.54,0.51,2024-04-20,0128,N,VIIRS,n,2,279.31,0.66,N,2
39.95079,-0.00434,299.34,0.39,0.44,2024-04-20,0128,N,VIIRS,n,2,287.51,1.44,N,2
38.37635,-0.54671,296.37,0.39,0.44,2024-04-20,0129,N,VIIRS,n,2,282.38,1.04,N,2
39.53925,-1.1538,318.02,0.44,0.46,2024-04-20,0129,N,VIIRS,n,2,283.56,2.07,N,0
40.2447,-3.47632,307.43,0.52,0.67,2024-04-20,0309,N,VIIRS,n,2,276.7,2.03,N,2
40.24467,-3.4722,298.39,0.52,0.67,2024-04-20,0309,N,VIIRS,n,2,275.62,2.24,N,2
37.34536,-3.19518,335.1,0.52,0.41,2024-04-20,1250,N,VIIRS,n,2,283.29,5.03,D,0
41.70018,0.74682,337.48,0.38,0.36,2024-04-20,1251,N,VIIRS,n,2,304.89,4.11,D,0
41.71489,0.35348,347.77,0.38,0.36,2024-04-20,1251,N,VIIRS,n,2,303.94,4.02,D,0
42.12716,1.33924,337.92,0.39,0.36,2024-04-20,1251,N,VIIRS,n,2,298.6,3.59,D,0
41.8731,-1.38293,332.84,0.4,0.37,2024-04-20,1251,N,VIIRS,n,2,302.15,1.72,D,0
38.96526,-5.747,341.66,0.42,0.45,2024-04-20,1251,N,VIIRS,n,2,301.24,4.19,D,0
40.82895,0.44731,346.01,0.38,0.36,2024-04-20,1251,N,VIIRS,n,2,305.49,6.73,D,0
41.71161,0.35438,349.27,0.38,0.36,2024-04-20,1251,N,VIIRS,n,2,300.91,2.8,D,0
43.34148,-6.96659,367,0.39,0.44,2024-04-20,1252,N,VIIRS,h,2,299.51,26.07,D,0
42.83133,-5.09639,325.78,0.5,0.41,2024-04-20,1252,N,VIIRS,n,2,296.61,2.58,D,0
43.28675,-4.05539,325.86,0.45,0.39,2024-04-20,1252,N,VIIRS,n,2,292.71,1.84,D,0
43.27368,-4.79399,350.31,0.48,0.4,2024-04-20,1252,N,VIIRS,n,2,305.54,35.65,D,0
43.54046,-5.82912,340.51,0.52,0.41,2024-04-20,1252,N,VIIRS,n,2,300.05,7.51,D,2
43.27258,-4.79959,354.55,0.48,0.4,2024-04-20,1252,N,VIIRS,n,2,306.48,36.44,D,0
43.34342,-6.97713,328.54,0.39,0.44,2024-04-20,1252,N,VIIRS,n,2,290.19,3.72,D,0
43.34449,-6.97223,327.46,0.39,0.44,2024-04-20,1252,N,VIIRS,n,2,293.2,3.72,D,0
43.3395,-6.97567,367,0.39,0.44,2024-04-20,1252,N,VIIRS,l,2,358.76,160.65,D,0
43.33841,-6.98067,325.06,0.39,0.44,2024-04-20,1252,N,VIIRS,n,2,292.6,10.69,D,0
43.34235,-6.96259,335.43,0.39,0.44,2024-04-20,1252,N,VIIRS,n,2,293.68,26.07,D,0
43.34056,-6.9708,367,0.39,0.44,2024-04-20,1252,N,VIIRS,h,2,341.45,160.65,D,0
42.45918,-1.54151,328.47,0.4,0.37,2024-04-20,1252,N,VIIRS,n,2,298.24,1.78,D,0
43.3366,-6.96954,344.34,0.39,0.44,2024-04-20,1252,N,VIIRS,n,2,296.63,160.65,D,0
43.33836,-6.9615,351.51,0.39,0.44,2024-04-20,1252,N,VIIRS,n,2,303.84,26.07,D,0
43.3375,-6.96543,367,0.39,0.44,2024-04-20,1252,N,VIIRS,h,2,299.62,26.07,D,0
43.53881,-5.83011,333.32,0.52,0.41,2024-04-20,1252,N,VIIRS,n,2,299.95,5.89,D,2
43.52855,-5.73097,342.57,0.51,0.41,2024-04-20,1252,N,VIIRS,n,2,297.74,5.42,D,2
42.41902,-2.14814,326.33,0.41,0.37,2024-04-20,1252,N,VIIRS,l,2,301.03,0.89,D,0
43.34402,-6.97001,337.76,0.73,0.76,2024-04-20,1433,N,VIIRS,n,2,291.49,27.85,D,0
43.34411,-6.97874,326.91,0.73,0.76,2024-04-20,1433,N,VIIRS,n,2,290.16,20.71,D,0
43.3341,-6.96061,352.33,0.73,0.76,2024-04-20,1433,N,VIIRS,n,2,292.18,22.9,D,0
43.33417,-6.97445,347.13,0.73,0.76,2024-04-20,1433,N,VIIRS,n,2,291.67,26.91,D,0
43.34133,-6.97534,367,0.73,0.76,2024-04-20,1433,N,VIIRS,h,2,297.04,26.91,D,0
43.34126,-6.96046,342.4,0.73,0.76,2024-04-20,1433,N,VIIRS,n,2,294.11,22.9,D,0
43.33684,-6.96794,367,0.73,0.76,2024-04-20,1433,N,VIIRS,h,2,296.9,27.85,D,0
43.33694,-6.9775,367,0.73,0.76,2024-04-20,1433,N,VIIRS,h,2,297.14,20.71,D,0
43.37643,-5.05119,298.36,0.65,0.73,2024-04-21,0109,N,VIIRS,n,2,279.29,1.32,N,0
43.22544,-2.8784,340.46,0.51,0.66,2024-04-21,0109,N,VIIRS,n,2,280.04,4.63,N,2
43.53841,-5.83739,299.7,0.71,0.75,2024-04-21,0109,N,VIIRS,n,2,281.48,1.94,N,2
43.52502,-5.73731,298.86,0.7,0.75,2024-04-21,0109,N,VIIRS,n,2,282.56,1.69,N,2
43.54175,-5.83355,303.17,0.71,0.75,2024-04-21,0109,N,VIIRS,n,2,282.52,1.97,N,2
43.52787,-5.73357,296.78,0.7,0.75,2024-04-21,0109,N,VIIRS,n,2,282.66,0.92,N,2
43.52082,-5.73373,295.47,0.7,0.75,2024-04-21,0109,N,VIIRS,n,2,281.33,0.92,N,2
40.57535,0.53897,297.37,0.32,0.55,2024-04-21,0109,N,VIIRS,n,2,282.91,1.02,N,0
43.27304,-4.7957,314.28,0.63,0.72,2024-04-21,0109,N,VIIRS,n,2,273.69,2.58,N,0
43.27301,-4.78804,298,0.63,0.72,2024-04-21,0109,N,VIIRS,n,2,273.5,1.34,N,0
40.57744,0.54103,303.82,0.32,0.55,2024-04-21,0109,N,VIIRS,n,2,283.58,0.67,N,2
41.31263,1.66126,302.17,0.57,0.52,2024-04-21,0109,N,VIIRS,n,2,283.06,1.8,N,2
43.22353,-2.8802,341.34,0.51,0.66,2024-04-21,0109,N,VIIRS,n,2,279.85,3.57,N,2
43.2717,-4.79206,324.43,0.63,0.72,2024-04-21,0109,N,VIIRS,n,2,274.91,3.16,N,0
40.24621,-3.47869,295.38,0.52,0.67,2024-04-21,0110,N,VIIRS,n,2,281.85,1.13,N,2
40.24362,-3.4792,297.82,0.52,0.67,2024-04-21,0110,N,VIIRS,n,2,282.53,1.5,N,2
38.67724,-4.06599,296.35,0.55,0.68,2024-04-21,0110,N,VIIRS,n,2,280.88,1.01,N,0
38.67823,-4.06437,295.21,0.55,0.68,2024-04-21,0110,N,VIIRS,n,2,281.92,0.77,N,0
39.53681,-1.15357,310.59,0.39,0.59,2024-04-21,0110,N,VIIRS,n,2,282.14,1.1,N,0
39.95253,-0.00527,298.25,0.34,0.56,2024-04-21,0110,N,VIIRS,n,2,286.07,0.93,N,2
43.3779,-5.05229,325.13,0.43,0.46,2024-04-21,0249,N,VIIRS,n,2,280.45,1.61,N,0
43.34674,-6.97771,323.38,0.53,0.42,2024-04-21,0249,N,VIIRS,n,2,279.81,5,N,0
43.35054,-6.97648,301.23,0.53,0.42,2024-04-21,0249,N,VIIRS,n,2,277.81,3.53,N,0
43.34917,-6.97005,344.78,0.53,0.42,2024-04-21,0249,N,VIIRS,n,2,283.05,12.99,N,0
43.27235,-4.79309,300.68,0.44,0.46,2024-04-21,0249,N,VIIRS,n,2,272.13,3.57,N,0
43.2776,-4.7961,317.91,0.44,0.46,2024-04-21,0249,N,VIIRS,n,2,273.37,3.57,N,0
43.27634,-4.79081,347.41,0.44,0.46,2024-04-21,0249,N,VIIRS,n,2,274.53,3.57,N,0
43.51968,-5.73285,299.42,0.4,0.44,2024-04-21,0249,N,VIIRS,n,2,281.53,1.12,N,2
43.5421,-5.83292,300.27,0.39,0.44,2024-04-21,0249,N,VIIRS,n,2,284.47,1.1,N,2
43.54314,-5.83756,302.07,0.39,0.44,2024-04-21,0249,N,VIIRS,n,2,282.44,0.66,N,2
43.5247,-5.736,295.56,0.4,0.44,2024-04-21,0249,N,VIIRS,n,2,284.4,1.04,N,2
43.52362,-5.73118,320.48,0.4,0.44,2024-04-21,0249,N,VIIRS,n,2,283.23,1.04,N,2
43.37264,-5.04889,311.34,0.43,0.46,2024-04-21,0249,N,VIIRS,n,2,279.93,3.41,N,0
43.52755,-5.7295,304.25,0.4,0.44,2024-04-21,0249,N,VIIRS,n,2,284.52,1.04,N,2
43.52864,-5.73439,302.45,0.4,0.44,2024-04-21,0249,N,VIIRS,n,2,283.03,1.04,N,2
43.37386,-5.05414,337.42,0.43,0.46,2024-04-21,0249,N,VIIRS,n,2,281.11,3.41,N,0
43.37668,-5.04702,300.57,0.43,0.46,2024-04-21,0249,N,VIIRS,n,2,278.87,1.61,N,0
43.5315,-5.7279,300.34,0.4,0.44,2024-04-21,0249,N,VIIRS,n,2,282.71,0.86,N,2
43.3454,-6.97143,336.04,0.53,0.42,2024-04-21,0249,N,VIIRS,n,2,277.12,6.48,N,0
43.29333,-6.96315,295.65,0.53,0.42,2024-04-21,0249,N,VIIRS,n,2,274.84,0.69,N,0
39.93528,-3.74723,296.73,0.6,0.53,2024-04-21,0250,N,VIIRS,n,2,282.02,1.02,N,2
40.24552,-3.47372,296.82,0.61,0.53,2024-04-21,0250,N,VIIRS,n,2,282.46,0.82,N,2
40.2434,-3.47388,297.42,0.61,0.53,2024-04-21,0250,N,VIIRS,n,2,283.02,1.86,N,2
39.53861,-1.15175,301.31,0.41,0.61,2024-04-21,0250,N,VIIRS,n,2,278.38,0.74,N,0
38.32315,-7.14367,295.17,0.44,0.46,2024-04-21,0251,N,VIIRS,n,2,281.77,0.44,N,0
42.8694,-2.6476,342.13,0.41,0.45,2024-04-21,1233,N,VIIRS,n,2,299.58,5.12,D,0
42.8639,-2.67221,325.95,0.41,0.45,2024-04-21,1233,N,VIIRS,l,2,296.97,1.28,D,0
43.41101,-8.08344,328.18,0.36,0.57,2024-04-21,1233,N,VIIRS,n,2,292.48,2.13,D,0
43.2902,-6.96059,367,0.32,0.55,2024-04-21,1233,N,VIIRS,h,2,301.98,14.16,D,0
43.54105,-5.83278,339.91,0.56,0.51,2024-04-21,1233,N,VIIRS,n,2,297.54,5.22,D,2
43.27316,-4.78834,357.88,0.51,0.49,2024-04-21,1233,N,VIIRS,n,2,296,26.15,D,0
42.87051,-2.64267,341.22,0.41,0.45,2024-04-21,1233,N,VIIRS,n,2,298.19,5.12,D,0
42.48383,-1.79705,355.17,0.39,0.44,2024-04-21,1233,N,VIIRS,n,2,299.65,12.05,D,0
43.37397,-5.05405,344,0.52,0.5,2024-04-21,1233,N,VIIRS,n,2,293.64,6.79,D,0
43.37503,-5.0526,348.11,0.52,0.5,2024-04-21,1233,N,VIIRS,n,2,293.66,10.33,D,0
42.48153,-1.79551,334.35,0.77,0.77,2024-04-21,1414,N,VIIRS,n,2,292.83,4.5,D,0
42.48113,-1.79488,333.48,0.76,0.77,2024-04-21,1414,N,VIIRS,n,2,292.41,5.17,D,0
43.27373,-4.79153,334.24,0.55,0.68,2024-04-21,1414,N,VIIRS,n,2,289.8,9.1,D,0
43.41253,-8.08568,331.98,0.37,0.58,2024-04-21,1414,N,VIIRS,n,2,293.58,1.49,D,0
43.45946,-8.14937,350.25,0.37,0.58,2024-04-21,1414,N,VIIRS,n,2,296.46,4.99,D,0
43.27386,-4.78382,367,0.55,0.68,2024-04-21,1414,N,VIIRS,h,2,290.4,9.1,D,0
41.52043,-1.58973,331.5,0.74,0.76,2024-04-22,0050,N,VIIRS,n,2,278.75,5.49,N,0
41.5219,-1.59561,348.39,0.75,0.77,2024-04-22,0050,N,VIIRS,n,2,279.7,9.33,N,0
41.52042,-1.59936,314.99,0.75,0.77,2024-04-22,0050,N,VIIRS,n,2,278.14,5.49,N,0
41.15608,1.00472,295.81,0.56,0.51,2024-04-22,0231,N,VIIRS,n,2,280.01,2.17,N,0
42.48314,-1.79771,304.09,0.38,0.44,2024-04-22,0231,N,VIIRS,n,2,276.88,1.06,N,0
42.48214,-1.80015,299.4,0.38,0.44,2024-04-22,0231,N,VIIRS,n,2,276.28,0.98,N,0
43.34581,-8.43573,310.67,0.38,0.36,2024-04-22,0231,N,VIIRS,n,2,283.41,0.98,N,2
41.15776,0.99809,296.79,0.56,0.51,2024-04-22,0231,N,VIIRS,n,2,277.36,2.62,N,0
41.15438,1.0114,296.41,0.56,0.51,2024-04-22,0231,N,VIIRS,n,2,278.5,2.17,N,0
41.15269,1.01807,298.65,0.56,0.51,2024-04-22,0231,N,VIIRS,n,2,275.97,1.7,N,0
41.15149,1.00285,334.94,0.56,0.51,2024-04-22,0231,N,VIIRS,n,2,281.63,2.17,N,0
41.15318,0.99622,295.82,0.56,0.51,2024-04-22,0231,N,VIIRS,n,2,276.02,2.62,N,0
41.14981,1.00949,303.47,0.56,0.51,2024-04-22,0231,N,VIIRS,n,2,279.54,2.17,N,0
41.14812,1.01615,303.67,0.56,0.51,2024-04-22,0231,N,VIIRS,n,2,276.66,1.7,N,0
41.14522,1.00761,297.31,0.56,0.51,2024-04-22,0231,N,VIIRS,n,2,278.52,3.24,N,0
41.14354,1.01423,296.74,0.56,0.51,2024-04-22,0231,N,VIIRS,n,2,275.79,2.27,N,0
41.15709,0.99599,295.51,0.56,0.51,2024-04-22,0231,N,VIIRS,n,2,277.84,2.57,N,0
41.15545,1.00267,300.1,0.56,0.51,2024-04-22,0231,N,VIIRS,n,2,278.84,2.57,N,0
41.1538,1.00935,295.79,0.56,0.51,2024-04-22,0231,N,VIIRS,n,2,280.36,1.65,N,0
41.15215,1.01605,301.41,0.56,0.51,2024-04-22,0231,N,VIIRS,n,2,277.96,1.65,N,0
41.15086,1.0008,326.7,0.56,0.51,2024-04-22,0231,N,VIIRS,n,2,278.82,2.57,N,0
41.14922,1.00744,307.41,0.56,0.51,2024-04-22,0231,N,VIIRS,n,2,279.26,1.65,N,0
41.14757,1.01412,304.81,0.56,0.51,2024-04-22,0231,N,VIIRS,n,2,277.14,1.65,N,0
42.55372,-6.7687,296.99,0.4,0.37,2024-04-22,0231,N,VIIRS,n,2,281.9,0.59,N,0
41.52239,-1.5931,295.08,0.41,0.45,2024-04-22,0231,N,VIIRS,n,2,278.63,0.58,N,0
40.24547,-3.47607,307.42,0.54,0.42,2024-04-22,0231,N,VIIRS,n,2,282.87,1.69,N,2
39.53764,-1.15122,307.63,0.48,0.48,2024-04-22,0231,N,VIIRS,n,2,281.89,2.06,N,0
39.9374,-3.74501,304.79,0.53,0.42,2024-04-22,0231,N,VIIRS,n,2,280.19,1.45,N,2
43.50652,-6.32932,310.79,0.4,0.37,2024-04-22,0231,N,VIIRS,n,2,277.14,0.79,N,0
43.50487,-6.33996,317.08,0.4,0.37,2024-04-22,0231,N,VIIRS,n,2,277.93,2.04,N,0
43.50156,-6.34109,328.67,0.4,0.37,2024-04-22,0231,N,VIIRS,n,2,278.61,2.37,N,0
43.49825,-6.34224,317.38,0.4,0.37,2024-04-22,0231,N,VIIRS,n,2,278.04,2.37,N,0
43.49495,-6.34336,339.21,0.4,0.37,2024-04-22,0231,N,VIIRS,n,2,280.37,7.99,N,0
37.62634,-4.57501,338.21,0.6,0.7,2024-04-22,1213,N,VIIRS,n,2,294.42,5.51,D,0
39.18327,-1.9074,330.43,0.4,0.6,2024-04-22,1213,N,VIIRS,n,2,298.66,2.24,D,0
37.62587,-4.57663,343.7,0.6,0.71,2024-04-22,1213,N,VIIRS,n,2,294.64,4.84,D,0
39.0809,-5.74357,333.53,0.62,0.71,2024-04-22,1214,N,VIIRS,n,2,302.91,4.18,D,0
40.24308,-3.47337,325.1,0.45,0.63,2024-04-22,1214,N,VIIRS,n,2,298.19,3.14,D,2
40.9442,-5.66446,327.65,0.54,0.68,2024-04-22,1214,N,VIIRS,n,2,291.7,2.69,D,0
43.52701,-5.73324,339.16,0.46,0.63,2024-04-22,1215,N,VIIRS,n,2,292.1,5.68,D,2
43.52462,-5.73497,332.6,0.46,0.63,2024-04-22,1215,N,VIIRS,n,2,292.19,3.72,D,2
43.54024,-5.83203,367,0.46,0.64,2024-04-22,1215,N,VIIRS,h,2,293.21,15.93,D,2
43.52628,-5.72955,325.09,0.46,0.63,2024-04-22,1215,N,VIIRS,n,2,292.46,3.72,D,2
40.24645,-3.47294,338.6,0.35,0.56,2024-04-22,1354,N,VIIRS,n,2,304.32,3.67,D,2
39.09915,-5.78312,337.19,0.51,0.49,2024-04-22,1354,N,VIIRS,l,2,310.02,1.89,D,0
43.16924,-6.40528,338.85,0.52,0.5,2024-04-22,1355,N,VIIRS,n,2,295.24,5.89,D,0
43.16878,-6.41168,325.7,0.52,0.5,2024-04-22,1355,N,VIIRS,n,2,291.71,5.89,D,0
42.55327,-6.76708,296.83,0.42,0.38,2024-04-23,0212,N,VIIRS,n,2,278.24,0.7,N,0
42.76735,-8.73762,300.03,0.49,0.4,2024-04-23,0212,N,VIIRS,n,2,278.63,0.82,N,0
43.52965,-5.72809,295.38,0.41,0.37,2024-04-23,0212,N,VIIRS,n,2,277.39,0.76,N,2
41.15138,1.0011,317.5,0.51,0.41,2024-04-23,0212,N,VIIRS,n,2,280.93,2.19,N,0
42.57052,-8.99898,303.17,0.5,0.41,2024-04-23,0212,N,VIIRS,n,2,282.49,0.73,N,0
41.47495,-1.48803,309.24,0.41,0.37,2024-04-23,0212,N,VIIRS,n,2,279.13,1.28,N,2
42.4689,-8.42965,329.35,0.48,0.4,2024-04-23,0212,N,VIIRS,n,2,280.02,3.57,N,0
42.46458,-8.42468,336.67,0.48,0.4,2024-04-23,0212,N,VIIRS,n,2,284.52,9.79,N,0
42.46274,-8.42662,333.27,0.48,0.4,2024-04-23,0212,N,VIIRS,n,2,281.07,4.66,N,0
41.72661,-3.89029,301.5,0.38,0.36,2024-04-23,0212,N,VIIRS,n,2,273.62,0.83,N,0
41.53817,-3.11061,295.4,0.39,0.36,2024-04-23,0212,N,VIIRS,n,2,273.03,0.67,N,0
41.53641,-3.12077,295.46,0.39,0.36,2024-04-23,0212,N,VIIRS,n,2,273.67,1,N,0
41.53565,-3.11617,302.42,0.39,0.36,2024-04-23,0212,N,VIIRS,n,2,273.96,0.67,N,0
41.53488,-3.11158,301.64,0.39,0.36,2024-04-23,0212,N,VIIRS,n,2,273.84,0.67,N,0
43.53978,-5.82923,323.06,0.41,0.37,2024-04-23,0212,N,VIIRS,n,2,278.42,2.31,N,2
41.72406,-3.89579,305.76,0.38,0.36,2024-04-23,0212,N,VIIRS,n,2,273.06,0.83,N,0
43.54045,-5.83428,319.66,0.41,0.37,2024-04-23,0212,N,VIIRS,n,2,278.9,2.31,N,2
43.52694,-5.73395,300.21,0.41,0.37,2024-04-23,0212,N,VIIRS,n,2,278.95,0.76,N,2
43.52626,-5.72897,307.12,0.41,0.37,2024-04-23,0212,N,VIIRS,n,2,280.38,0.76,N,2
43.52288,-5.72983,306.24,0.41,0.37,2024-04-23,0212,N,VIIRS,n,2,278.28,1.85,N,2
43.3509,-4.9273,302.79,0.39,0.36,2024-04-23,0212,N,VIIRS,n,2,274.88,0.8,N,0
43.44183,-6.45664,301.27,0.42,0.38,2024-04-23,0212,N,VIIRS,n,2,273.99,0.62,N,0
43.43836,-6.45727,296.76,0.42,0.38,2024-04-23,0212,N,VIIRS,n,2,273.21,0.64,N,0
43.35095,-6.42585,301.87,0.42,0.38,2024-04-23,0212,N,VIIRS,n,2,272.53,0.67,N,0
43.34818,-6.43177,332.05,0.42,0.38,2024-04-23,0212,N,VIIRS,n,2,276.43,10.42,N,0
43.3475,-6.42661,326.76,0.42,0.38,2024-04-23,0212,N,VIIRS,n,2,272.9,2.71,N,0
41.92333,0.18019,312.5,0.46,0.39,2024-04-23,0212,N,VIIRS,n,2,277,1.83,N,2
41.40623,2.00095,296.15,0.55,0.43,2024-04-23,0212,N,VIIRS,n,2,279.32,0.6,N,2
41.64677,-0.77025,297.19,0.43,0.38,2024-04-23,0212,N,VIIRS,n,2,277.79,0.59,N,0
39.93497,-3.74515,312.11,0.39,0.36,2024-04-23,0213,N,VIIRS,n,2,279.16,1.66,N,2
37.35921,-5.86531,310.61,0.38,0.36,2024-04-23,0213,N,VIIRS,n,2,288.86,1.17,N,2
37.36178,-5.86615,298.6,0.38,0.36,2024-04-23,0213,N,VIIRS,n,2,284.56,0.25,N,2
38.31962,-6.71779,302.71,0.39,0.37,2024-04-23,0213,N,VIIRS,n,2,284.32,1.05,N,0
38.75333,-7.2191,306.15,0.41,0.37,2024-04-23,0213,N,VIIRS,n,2,282.68,1.26,N,0
39.32687,-5.60173,298.9,0.39,0.36,2024-04-23,0213,N,VIIRS,n,2,278.87,0.72,N,0
39.53834,-1.15113,322.88,0.45,0.39,2024-04-23,0213,N,VIIRS,n,2,283,2.29,N,0
40.24359,-3.47429,323,0.39,0.36,2024-04-23,0213,N,VIIRS,n,2,280.14,2.94,N,2
40.44086,-4.56524,295.73,0.38,0.36,2024-04-23,0213,N,VIIRS,n,2,283.61,0.97,N,3
39.61546,-0.29882,328.94,0.56,0.68,2024-04-23,1155,N,VIIRS,n,2,293.38,2.85,D,0
38.90356,-0.45352,336.53,0.54,0.51,2024-04-23,1335,N,VIIRS,n,2,302.95,5.03,D,0
38.90405,-0.4473,341.44,0.54,0.51,2024-04-23,1335,N,VIIRS,n,2,302.04,7.82,D,0
38.42809,-3.76758,330.97,0.55,0.42,2024-04-23,1335,N,VIIRS,n,2,292.64,4.06,D,0
39.24878,-3.35904,339.26,0.39,0.44,2024-04-23,1335,N,VIIRS,n,2,304.69,6.53,D,0
39.00829,-5.98901,345.09,0.45,0.39,2024-04-23,1335,N,VIIRS,n,2,306.41,6.08,D,0
39.06193,-6.0581,335.89,0.45,0.39,2024-04-23,1335,N,VIIRS,n,2,304.2,5.19,D,0
39.83231,-5.32104,327.53,0.48,0.4,2024-04-23,1335,N,VIIRS,n,2,299.96,1.81,D,0
41.53593,0.51006,334.34,0.32,0.55,2024-04-23,1335,N,VIIRS,n,2,291.18,1.57,D,0
38.90514,-0.449,339.88,0.54,0.51,2024-04-23,1335,N,VIIRS,n,2,301.44,5.92,D,0
38.90042,-0.44846,340.8,0.54,0.51,2024-04-23,1335,N,VIIRS,n,2,301.77,5.35,D,0
43.34644,-8.43454,332.29,0.41,0.37,2024-04-23,1336,N,VIIRS,n,2,298.68,2.48,D,2
43.53915,-5.82863,320.34,0.4,0.44,2024-04-24,0153,N,VIIRS,n,2,278.21,3.31,N,2
43.53962,-5.83373,338.07,0.4,0.44,2024-04-24,0153,N,VIIRS,n,2,281.07,6.43,N,2
41.47411,-1.48988,306.93,0.4,0.37,2024-04-24,0153,N,VIIRS,n,2,277.86,0.95,N,2
41.54094,-3.10951,295.21,0.45,0.39,2024-04-24,0153,N,VIIRS,n,2,272.61,1.42,N,0
41.53452,-3.11646,296.1,0.45,0.39,2024-04-24,0153,N,VIIRS,n,2,273.28,1.15,N,0
41.36109,-1.58115,295.02,0.4,0.37,2024-04-24,0153,N,VIIRS,n,2,273.5,1.21,N,0
41.81492,0.56593,307.67,0.38,0.36,2024-04-24,0153,N,VIIRS,n,2,275.22,1.14,N,0
41.45566,1.97841,311.77,0.39,0.36,2024-04-24,0153,N,VIIRS,n,2,279.74,1.2,N,2
41.5088,1.55729,315.68,0.39,0.36,2024-04-24,0153,N,VIIRS,n,2,274.01,2.06,N,0
41.40719,1.99802,310.47,0.39,0.36,2024-04-24,0153,N,VIIRS,n,2,280.04,1.48,N,2
41.31141,1.65968,313.94,0.39,0.36,2024-04-24,0153,N,VIIRS,n,2,279.03,1.59,N,2
41.1529,1.00202,296.53,0.39,0.36,2024-04-24,0153,N,VIIRS,n,2,279.19,0.36,N,0
42.15717,-8.30687,314.18,0.51,0.49,2024-04-24,0153,N,VIIRS,n,2,278.59,6.69,N,0
42.16217,-8.31161,352.69,0.51,0.49,2024-04-24,0153,N,VIIRS,n,2,280.34,6.69,N,0
43.52618,-5.73478,295.13,0.4,0.44,2024-04-24,0153,N,VIIRS,n,2,280.94,1.33,N,2
43.52572,-5.7299,312.93,0.4,0.44,2024-04-24,0153,N,VIIRS,n,2,281.86,1.77,N,2
43.5298,-5.72916,295.79,0.4,0.44,2024-04-24,0153,N,VIIRS,n,2,278.83,0.73,N,2
39.53579,-1.15389,299.43,0.39,0.36,2024-04-24,0154,N,VIIRS,n,2,276.07,1.36,N,0
39.93588,-3.74403,302.44,0.45,0.39,2024-04-24,0154,N,VIIRS,n,2,280.77,1.35,N,2
40.24363,-3.47455,321.07,0.45,0.39,2024-04-24,0154,N,VIIRS,n,2,281.1,2.88,N,2
39.95111,-0.00252,295.37,0.38,0.36,2024-04-24,0154,N,VIIRS,n,2,285.24,0.84,N,2
38.31911,-6.71961,295.1,0.39,0.44,2024-04-24,0154,N,VIIRS,n,2,281.46,0.7,N,0
38.37487,-0.54483,300.29,0.38,0.36,2024-04-24,0154,N,VIIRS,n,2,281.84,0.76,N,2
39.32431,-5.60018,296.81,0.53,0.42,2024-04-24,0154,N,VIIRS,n,2,281.14,0.53,N,0
39.5391,-1.15306,318.09,0.39,0.36,2024-04-24,0154,N,VIIRS,n,2,283.19,1.36,N,0
37.14089,-6.47269,297.83,0.55,0.42,2024-04-24,0155,N,VIIRS,n,2,281.55,1.56,N,0
37.14371,-6.47212,296.02,0.55,0.43,2024-04-24,0155,N,VIIRS,n,2,281.41,0.3,N,0
37.14437,-6.47832,299.83,0.55,0.43,2024-04-24,0155,N,VIIRS,n,2,281.72,1.09,N,0
41.13401,-0.50459,335.69,0.5,0.41,2024-04-24,1316,N,VIIRS,n,2,303.01,30.96,D,0
39.75464,-3.04007,341.69,0.4,0.37,2024-04-24,1316,N,VIIRS,n,2,301.19,4.21,D,0
39.85569,-2.35053,367,0.42,0.38,2024-04-24,1316,N,VIIRS,h,2,333.16,83.29,D,0
39.85633,-2.34557,336.07,0.42,0.38,2024-04-24,1316,N,VIIRS,n,2,308.99,75.69,D,0
41.31371,1.66234,327.77,0.42,0.45,2024-04-24,1316,N,VIIRS,n,2,301.86,2.87,D,2
41.13025,-0.50384,333.7,0.5,0.41,2024-04-24,1316,N,VIIRS,n,2,295.65,4.59,D,0
41.13335,-0.51067,337.85,0.5,0.41,2024-04-24,1316,N,VIIRS,n,2,304.34,30.96,D,0
43.54073,-5.83299,337.63,0.39,0.36,2024-04-24,1317,N,VIIRS,n,2,306.7,7.1,D,2
42.4065,-5.67946,339.55,0.38,0.36,2024-04-24,1317,N,VIIRS,n,2,300.12,3.06,D,0
42.40405,-5.74148,325.04,0.38,0.36,2024-04-24,1317,N,VIIRS,l,2,298.26,1.31,D,0
43.31329,-6.75261,343.33,0.38,0.36,2024-04-24,1317,N,VIIRS,n,2,290.57,6.52,D,0
43.5259,-5.73267,325.01,0.39,0.36,2024-04-24,1317,N,VIIRS,l,2,299.11,3.39,D,2
37.56616,-0.92099,301.83,0.51,0.41,2024-04-25,0135,N,VIIRS,n,2,285.03,0.65,N,0
39.58632,-3.85914,306.61,0.5,0.49,2024-04-25,0135,N,VIIRS,n,2,279.07,1.19,N,0
39.58656,-3.85913,307.85,0.5,0.49,2024-04-25,0135,N,VIIRS,n,2,278.99,1.65,N,0
39.53894,-1.15318,302.92,0.55,0.43,2024-04-25,0135,N,VIIRS,n,2,280.3,1.89,N,0
39.53766,-1.15253,304.67,0.55,0.43,2024-04-25,0135,N,VIIRS,n,2,280.18,1.72,N,0
39.93669,-3.74512,299.11,0.5,0.49,2024-04-25,0135,N,VIIRS,n,2,279.52,1.1,N,2
40.24584,-3.47383,311.87,0.48,0.48,2024-04-25,0135,N,VIIRS,n,2,279.8,2.06,N,2
38.37684,-0.54603,296.95,0.5,0.41,2024-04-25,0135,N,VIIRS,n,2,283.52,0.96,N,2
37.35732,-6.67521,297.03,0.34,0.56,2024-04-25,0136,N,VIIRS,n,2,283.54,0.68,N,2
38.66452,-4.04617,367,0.65,0.73,2024-04-25,0315,N,VIIRS,h,2,276.13,11.88,N,2
28.03241,-15.4022,303.04,0.58,0.52,2024-04-25,0319,N,VIIRS,n,2,287.65,0.81,N,0
36.96016,-2.55441,337.77,0.43,0.38,2024-04-25,1256,N,VIIRS,n,2,303.14,9.34,D,0
36.95671,-2.55345,335.66,0.43,0.38,2024-04-25,1256,N,VIIRS,n,2,307.5,9.34,D,0
38.61519,-0.59249,349.06,0.39,0.36,2024-04-25,1257,N,VIIRS,n,2,300.98,3.52,D,0
38.61588,-0.5881,337.7,0.39,0.36,2024-04-25,1257,N,VIIRS,n,2,302.01,3.52,D,0
42.34074,-6.25949,339.95,0.49,0.4,2024-04-25,1258,N,VIIRS,n,2,306.06,8.71,D,0
43.03684,-2.22001,296.05,0.39,0.59,2024-04-26,0115,N,VIIRS,n,2,278.06,0.31,N,2
39.93452,-3.74546,300.69,0.44,0.63,2024-04-26,0116,N,VIIRS,n,2,280.4,0.91,N,2
40.24206,-3.47412,306.48,0.43,0.62,2024-04-26,0116,N,VIIRS,n,2,277.88,1.27,N,2
39.9512,-0.00381,295.96,0.56,0.52,2024-04-26,0116,N,VIIRS,n,2,285.25,1.32,N,2
38.67878,-4.06328,297.97,0.45,0.63,2024-04-26,0116,N,VIIRS,n,2,279.99,0.79,N,0
38.67247,-4.05317,297.3,0.45,0.63,2024-04-26,0116,N,VIIRS,n,2,281.45,1.28,N,0
38.66659,-4.0539,296.58,0.45,0.63,2024-04-26,0116,N,VIIRS,n,2,280.76,1.76,N,2
38.66637,-4.04847,298.92,0.45,0.63,2024-04-26,0116,N,VIIRS,n,2,280.85,1.21,N,2
38.68066,-4.06416,301.14,0.45,0.63,2024-04-26,0116,N,VIIRS,n,2,279.77,1.32,N,0
37.56937,-0.91822,299.98,0.59,0.53,2024-04-26,0117,N,VIIRS,n,2,286.11,0.78,N,2
37.18077,-6.8972,296.16,0.63,0.72,2024-04-26,0117,N,VIIRS,n,2,285.08,1,N,0
41.4083,1.99701,296.77,0.61,0.71,2024-04-26,0256,N,VIIRS,n,2,279.35,0.9,N,2
40.24575,-3.47353,316.08,0.36,0.58,2024-04-26,0256,N,VIIRS,n,2,281.42,2.27,N,2
37.36126,-5.86416,303.57,0.33,0.55,2024-04-26,0257,N,VIIRS,n,2,283.78,0.21,N,2
38.66613,-4.04421,339.11,0.38,0.58,2024-04-26,0257,N,VIIRS,n,2,279.95,3.89,N,2
38.66204,-4.05049,304.67,0.38,0.58,2024-04-26,0257,N,VIIRS,n,2,278.83,1.57,N,2
38.66092,-4.04628,313.07,0.38,0.58,2024-04-26,0257,N,VIIRS,n,2,278.85,1.57,N,0
37.35911,-5.86434,300.25,0.33,0.55,2024-04-26,0257,N,VIIRS,n,2,284.45,0.79,N,2
38.66353,-4.04791,367,0.38,0.58,2024-04-26,0257,N,VIIRS,h,2,281.34,8.34,N,2
38.66724,-4.04839,334.62,0.38,0.58,2024-04-26,0257,N,VIIRS,n,2,280.07,3.89,N,2
36.18393,-5.39726,300.17,0.37,0.58,2024-04-26,0257,N,VIIRS,n,2,289.67,1.1,N,0
37.47084,-3.14515,340.67,0.48,0.48,2024-04-26,1238,N,VIIRS,n,2,275.39,5.67,D,0
37.56808,-0.91914,304.78,0.54,0.68,2024-04-27,0058,N,VIIRS,n,2,286,1.1,N,2
37.56851,-0.91832,300.13,0.33,0.55,2024-04-27,0238,N,VIIRS,n,2,286.62,0.9,N,2
37.56664,-0.91862,312.83,0.33,0.55,2024-04-27,0238,N,VIIRS,n,2,287,0.7,N,2
37.50067,-1.71369,340.45,0.36,0.57,2024-04-27,1219,N,VIIRS,n,2,297.07,2.61,D,0
38.66233,-4.04317,338.57,0.38,0.59,2024-04-27,1400,N,VIIRS,n,2,288.8,2.84,D,0
38.6678,-4.04384,332.3,0.38,0.59,2024-04-27,1400,N,VIIRS,n,2,291.01,4.39,D,2
43.52593,-5.72659,299.64,0.39,0.36,2024-04-28,0218,N,VIIRS,n,2,278.96,1.76,N,2
43.54228,-5.83572,297.04,0.39,0.36,2024-04-28,0218,N,VIIRS,n,2,279.75,0.99,N,2
43.52664,-5.73132,334.33,0.39,0.36,2024-04-28,0218,N,VIIRS,n,2,280.62,1.76,N,2
43.52736,-5.73605,324.94,0.39,0.36,2024-04-28,0218,N,VIIRS,n,2,279.17,1.68,N,2
43.52994,-5.73038,296.51,0.39,0.36,2024-04-28,0218,N,VIIRS,n,2,278.05,1.76,N,2
43.52922,-5.72565,295.66,0.39,0.36,2024-04-28,0218,N,VIIRS,n,2,278.6,1.76,N,2
43.2235,-2.87773,311.94,0.4,0.37,2024-04-28,0218,N,VIIRS,n,2,278.72,1.42,N,2
43.32959,-5.77603,298.19,0.39,0.36,2024-04-28,0218,N,VIIRS,n,2,278.14,0.53,N,2
43.52264,-5.72752,297.48,0.39,0.36,2024-04-28,0218,N,VIIRS,n,2,277.57,0.78,N,2
43.52406,-5.737,316.26,0.39,0.36,2024-04-28,0218,N,VIIRS,n,2,279.77,1.93,N,2
43.52335,-5.73226,296.42,0.39,0.36,2024-04-28,0218,N,VIIRS,n,2,277.57,0.78,N,2
43.53827,-5.83189,327.94,0.39,0.36,2024-04-28,0218,N,VIIRS,n,2,279.11,2.78,N,2
39.93657,-3.74427,306.64,0.41,0.37,2024-04-28,0219,N,VIIRS,n,2,280.4,1.32,N,2
38.32059,-6.71656,314.48,0.38,0.36,2024-04-28,0219,N,VIIRS,n,2,281.25,1.09,N,0
38.57023,-5.35069,307.63,0.39,0.36,2024-04-28,0219,N,VIIRS,n,2,277.68,1.19,N,0
38.6663,-4.04941,317.03,0.42,0.37,2024-04-28,0219,N,VIIRS,n,2,280.11,1.81,N,2
40.24515,-3.47283,322.54,0.42,0.37,2024-04-28,0219,N,VIIRS,n,2,281.86,1.43,N,2
37.35857,-5.86622,298.74,0.39,0.36,2024-04-28,0220,N,VIIRS,n,2,283.74,0.77,N,2
38.97292,-6.00409,335.92,0.52,0.41,2024-04-28,1341,N,VIIRS,n,2,300.85,6.12,D,0
38.97078,-6.00478,335.7,0.52,0.41,2024-04-28,1341,N,VIIRS,n,2,302.25,5.98,D,0
43.34581,-8.43747,330.57,0.46,0.39,2024-04-28,1342,N,VIIRS,n,2,299.4,3.38,D,2
43.52782,-5.73277,342.84,0.4,0.44,2024-04-28,1342,N,VIIRS,n,2,297.02,17.3,D,2
43.52627,-5.73214,306.71,0.51,0.41,2024-04-29,0159,N,VIIRS,n,2,282.16,2.03,N,2
43.34465,-8.43748,298.89,0.45,0.47,2024-04-29,0159,N,VIIRS,n,2,278.49,0.82,N,2
43.22309,-2.88015,307.6,0.41,0.37,2024-04-29,0159,N,VIIRS,n,2,280.17,1.17,N,2
43.54084,-5.83315,324.97,0.51,0.41,2024-04-29,0159,N,VIIRS,n,2,281.94,2.19,N,2
43.53703,-5.83393,309.42,0.51,0.41,2024-04-29,0159,N,VIIRS,n,2,278.54,2.19,N,2
43.34603,-8.43649,295.58,0.45,0.47,2024-04-29,0159,N,VIIRS,n,2,278.86,0.67,N,2
38.66521,-4.05054,308.79,0.41,0.37,2024-04-29,0200,N,VIIRS,n,2,275.8,1,N,2
40.24526,-3.47285,325.17,0.4,0.37,2024-04-29,0200,N,VIIRS,n,2,282.31,2.48,N,2
39.93734,-3.74697,297.86,0.41,0.37,2024-04-29,0200,N,VIIRS,n,2,277.34,1.22,N,2
37.05368,-3.71275,298.64,0.39,0.36,2024-04-29,0201,N,VIIRS,n,2,271.44,0.84,N,0
37.05701,-3.71202,303.87,0.39,0.36,2024-04-29,0201,N,VIIRS,n,2,271.6,0.84,N,0
39.48468,-6.56054,338.95,0.38,0.36,2024-04-29,1322,N,VIIRS,n,2,299.69,3.55,D,0
38.46925,-4.56738,341.28,0.4,0.37,2024-04-29,1322,N,VIIRS,n,2,300.85,5.5,D,0
43.5242,-5.72875,333.17,0.41,0.37,2024-04-29,1323,N,VIIRS,n,2,299.68,5.43,D,2
43.41189,-3.8395,305.51,0.45,0.47,2024-04-30,0140,N,VIIRS,n,2,280.81,0.49,N,0
41.47489,-1.48626,301.19,0.51,0.41,2024-04-30,0141,N,VIIRS,n,2,279.6,0.78,N,2
40.24493,-3.47639,329.48,0.4,0.44,2024-04-30,0141,N,VIIRS,n,2,282.91,2.71,N,2
36.18421,-5.39708,298.49,0.45,0.47,2024-04-30,0142,N,VIIRS,n,2,288.49,1.67,N,0
43.54038,-5.83508,301.03,0.5,0.65,2024-05-01,0121,N,VIIRS,n,2,278.01,1.16,N,2
43.54025,-5.82848,303.73,0.5,0.65,2024-05-01,0121,N,VIIRS,n,2,277.61,1.16,N,2
43.54092,-5.83466,304.75,0.5,0.65,2024-05-01,0121,N,VIIRS,n,2,278.14,2.8,N,2
43.54075,-5.82794,301.45,0.49,0.65,2024-05-01,0121,N,VIIRS,n,2,277.53,1.43,N,2
41.31259,1.66256,303.71,0.4,0.44,2024-05-01,0122,N,VIIRS,n,2,277.18,1.21,N,2
39.95254,-0.00323,297.79,0.46,0.47,2024-05-01,0122,N,VIIRS,n,2,287.24,1.36,N,2
40.57613,0.54301,298.64,0.44,0.46,2024-05-01,0122,N,VIIRS,n,2,283.89,0.75,N,2
40.57801,0.53896,295.28,0.44,0.46,2024-05-01,0122,N,VIIRS,n,2,283.22,0.81,N,0
37.56841,-0.92207,320.84,0.49,0.48,2024-05-01,0123,N,VIIRS,n,2,285.2,3.19,N,0
43.54433,-5.84455,307.47,0.55,0.51,2024-05-01,0302,N,VIIRS,n,2,276.74,1.44,N,2
43.52683,-5.73491,296.35,0.55,0.51,2024-05-01,0302,N,VIIRS,n,2,279.19,1.07,N,2
43.54584,-5.84445,307.43,0.55,0.51,2024-05-01,0302,N,VIIRS,n,2,276.75,1.91,N,2
39.93786,-3.74539,296.36,0.43,0.62,2024-05-01,0303,N,VIIRS,n,2,278.94,0.83,N,2
39.93549,-3.74503,297.57,0.43,0.62,2024-05-01,0303,N,VIIRS,n,2,279.03,0.73,N,2
41.40727,1.99867,325.58,0.38,0.36,2024-05-01,1245,N,VIIRS,l,2,299.48,2.88,D,2
41.31374,1.66318,325.7,0.39,0.36,2024-05-01,1245,N,VIIRS,n,2,291,2.17,D,2
42.39219,-2.53014,304.46,0.58,0.7,2024-05-02,0102,N,VIIRS,n,2,274.85,1.38,N,0
42.39229,-2.53759,298.84,0.58,0.7,2024-05-02,0102,N,VIIRS,n,2,274.51,1.38,N,0
41.47728,-1.48804,295.38,0.51,0.66,2024-05-02,0103,N,VIIRS,n,2,276.85,1.08,N,2
40.57666,0.53924,298.78,0.39,0.59,2024-05-02,0103,N,VIIRS,n,2,280.59,0.65,N,0
41.17547,1.22092,295.84,0.36,0.58,2024-05-02,0103,N,VIIRS,n,2,284.53,0.72,N,0
37.56954,-0.91909,317.83,0.44,0.63,2024-05-02,0104,N,VIIRS,n,2,282.72,1.84,N,2
42.39421,-2.5323,314.06,0.5,0.49,2024-05-02,0243,N,VIIRS,n,2,274.99,2.34,N,0
43.54289,-5.84587,307.48,0.51,0.41,2024-05-02,0243,N,VIIRS,n,2,275.08,1.57,N,0
43.52366,-5.73335,306.79,0.51,0.41,2024-05-02,0243,N,VIIRS,n,2,278.42,1.48,N,2
43.54653,-5.84426,303.33,0.51,0.41,2024-05-02,0243,N,VIIRS,n,2,276.15,1.57,N,2
41.31107,1.66021,316.43,0.42,0.61,2024-05-02,0243,N,VIIRS,n,2,280.47,2.19,N,2
43.52736,-5.73193,301.84,0.51,0.41,2024-05-02,0243,N,VIIRS,n,2,279.22,1.22,N,2
43.52676,-5.73186,314.1,0.51,0.41,2024-05-02,0243,N,VIIRS,n,2,280.16,1.28,N,2
43.53045,-5.73041,296.15,0.51,0.41,2024-05-02,0243,N,VIIRS,n,2,277.44,1.28,N,2
43.52607,-5.72569,296.57,0.51,0.41,2024-05-02,0243,N,VIIRS,n,2,277.74,1.22,N,2
37.57228,-0.91315,304.08,0.4,0.6,2024-05-02,0244,N,VIIRS,n,2,283.14,1.16,N,0
37.56835,-0.91693,330.51,0.4,0.6,2024-05-02,0244,N,VIIRS,n,2,285.13,2.62,N,2
38.37551,-0.54541,296.04,0.4,0.6,2024-05-02,0244,N,VIIRS,n,2,281.26,0.51,N,2
40.24548,-3.476,298.53,0.51,0.49,2024-05-02,0244,N,VIIRS,n,2,277.35,0.83,N,2
37.56714,-0.91602,326.27,0.4,0.6,2024-05-02,0244,N,VIIRS,n,2,284.66,1.16,N,2
40.24509,-3.47647,298.28,0.51,0.49,2024-05-02,0244,N,VIIRS,n,2,277.51,1.25,N,2
39.93618,-3.74667,298.4,0.5,0.49,2024-05-02,0244,N,VIIRS,n,2,276.46,1.17,N,2
37.35937,-5.86603,298.56,0.45,0.47,2024-05-02,0245,N,VIIRS,n,2,282.59,0.65,N,2
42.35981,-1.65408,326,0.45,0.47,2024-05-02,1226,N,VIIRS,n,2,294.12,1.63,D,0
42.35564,-1.65237,335.93,0.45,0.47,2024-05-02,1226,N,VIIRS,n,2,294.25,2.32,D,0
39.05451,-3.62256,329.32,0.34,0.56,2024-05-02,1226,N,VIIRS,n,2,294.01,1.81,D,0
38.56368,-3.07301,333.76,0.33,0.55,2024-05-02,1226,N,VIIRS,n,2,292.49,2.21,D,0
43.52634,-5.73488,295.74,0.39,0.36,2024-05-03,0224,N,VIIRS,n,2,274.65,0.88,N,2
43.34693,-8.43774,297.88,0.4,0.37,2024-05-03,0224,N,VIIRS,n,2,280.12,0.48,N,2
41.4044,1.99777,295.46,0.51,0.5,2024-05-03,0224,N,VIIRS,n,2,280.43,0.61,N,2
43.52306,-5.7359,309.67,0.39,0.36,2024-05-03,0224,N,VIIRS,n,2,274.64,0.88,N,2
41.31136,1.66259,318.83,0.5,0.49,2024-05-03,0224,N,VIIRS,n,2,282.61,1.87,N,2
39.93731,-3.74413,305.9,0.46,0.39,2024-05-03,0225,N,VIIRS,n,2,280.19,1.54,N,2
39.95247,-0.00327,297.05,0.44,0.46,2024-05-03,0225,N,VIIRS,n,2,286.84,1.27,N,2
40.24522,-3.4739,314.17,0.47,0.39,2024-05-03,0225,N,VIIRS,n,2,280.85,2.06,N,2
37.57095,-0.91319,295.36,0.45,0.47,2024-05-03,0226,N,VIIRS,n,2,282.29,1.1,N,2
37.35963,-5.86525,301.3,0.42,0.38,2024-05-03,0226,N,VIIRS,n,2,283.05,1.1,N,2
37.57727,-1.47119,299.38,0.42,0.45,2024-05-03,0226,N,VIIRS,n,2,280.77,0.28,N,0
37.56791,-0.91976,302.47,0.45,0.47,2024-05-03,0226,N,VIIRS,n,2,283.27,1.1,N,2
39.97982,-0.01438,327.78,0.37,0.58,2024-05-03,1207,N,VIIRS,l,2,297.99,4.55,D,0
42.67965,-1.32528,329.54,0.36,0.57,2024-05-03,1208,N,VIIRS,n,2,289.76,2.42,D,0
36.39642,-5.34101,341.91,0.41,0.45,2024-05-03,1347,N,VIIRS,n,2,299.2,5.35,D,0
37.20728,-6.31347,331.05,0.57,0.43,2024-05-03,1347,N,VIIRS,l,2,304.59,4.97,D,0
38.96471,-5.74933,336.74,0.42,0.45,2024-05-03,1347,N,VIIRS,n,2,299.57,1.8,D,0
38.96478,-5.75219,339.56,0.42,0.45,2024-05-03,1347,N,VIIRS,n,2,300.3,2.9,D,0
40.00971,-3.90072,296.93,0.39,0.36,2024-05-04,0206,N,VIIRS,n,2,281.42,0.68,N,0
40.24321,-3.47379,311.74,0.39,0.36,2024-05-04,0206,N,VIIRS,n,2,275.6,1.97,N,2
39.93518,-3.747,300.37,0.39,0.36,2024-05-04,0206,N,VIIRS,n,2,276.27,0.84,N,2
36.96705,-1.90571,307.07,0.41,0.37,2024-05-04,0207,N,VIIRS,n,2,287.86,1.09,N,2
36.18267,-5.39751,302.07,0.39,0.36,2024-05-04,0207,N,VIIRS,n,2,291.4,1.06,N,0
37.28974,-6.70692,302.46,0.42,0.38,2024-05-04,0207,N,VIIRS,n,2,283.49,2.05,N,0
37.28691,-6.71242,296.58,0.42,0.38,2024-05-04,0207,N,VIIRS,n,2,283.14,2.05,N,0
37.29037,-6.71168,327.97,0.42,0.38,2024-05-04,0207,N,VIIRS,n,2,284.47,2.05,N,0
37.35989,-5.86399,304.77,0.4,0.37,2024-05-04,0207,N,VIIRS,n,2,286.5,1.18,N,2
38.59713,-3.08843,331.96,0.5,0.41,2024-05-04,1328,N,VIIRS,l,2,304.92,2.74,D,0
39.5465,-0.53873,334.78,0.45,0.47,2024-05-04,1328,N,VIIRS,n,2,299.58,80.83,D,0
39.5474,-0.52816,345.78,0.45,0.47,2024-05-04,1328,N,VIIRS,n,2,300.24,128.22,D,0
39.54306,-0.52754,335.13,0.45,0.47,2024-05-04,1328,N,VIIRS,n,2,298,128.22,D,0
39.21197,-0.30876,333.12,0.46,0.47,2024-05-04,1328,N,VIIRS,n,2,305.1,1.78,D,0
39.7879,-3.15211,333.18,0.51,0.41,2024-05-04,1329,N,VIIRS,n,2,304.12,1.73,D,0
41.45527,1.97726,309.12,0.38,0.36,2024-05-05,0147,N,VIIRS,n,2,285.31,0.78,N,2
40.2455,-3.47333,310.49,0.51,0.41,2024-05-05,0147,N,VIIRS,n,2,286.94,1.94,N,2
40.57818,0.54127,300.54,0.39,0.36,2024-05-05,0147,N,VIIRS,n,2,285.54,0.41,N,2
41.47437,-1.48898,299.73,0.44,0.39,2024-05-05,0147,N,VIIRS,n,2,277.17,0.77,N,2
41.4076,1.99747,307.77,0.38,0.36,2024-05-05,0147,N,VIIRS,n,2,285.65,1.63,N,2
41.47336,2.18406,296.41,0.38,0.36,2024-05-05,0147,N,VIIRS,n,2,284.82,0.26,N,0
36.96672,-1.90459,310.78,0.42,0.38,2024-05-05,0148,N,VIIRS,n,2,290.3,1.22,N,2
37.56808,-1.70746,297.42,0.42,0.38,2024-05-05,0148,N,VIIRS,n,2,280.54,0.33,N,0
37.5668,-0.91714,311.08,0.4,0.37,2024-05-05,0148,N,VIIRS,n,2,287.17,0.48,N,2
36.96518,-1.90697,306.79,0.42,0.38,2024-05-05,0148,N,VIIRS,n,2,287.99,0.85,N,2
37.57018,-0.91648,299.53,0.4,0.37,2024-05-05,0148,N,VIIRS,n,2,288.03,0.48,N,2
43.54061,-5.83615,305.78,0.41,0.61,2024-05-06,0127,N,VIIRS,n,2,281.62,5.35,N,2
43.56142,-5.72633,295.57,0.41,0.6,2024-05-06,0127,N,VIIRS,n,2,281.04,0.38,N,2
43.55462,-5.8586,295.46,0.41,0.61,2024-05-06,0127,N,VIIRS,n,2,280.62,0.96,N,0
43.55895,-5.72507,296.32,0.41,0.6,2024-05-06,0127,N,VIIRS,n,2,280.86,0.36,N,2
43.55304,-5.8624,297.75,0.41,0.61,2024-05-06,0127,N,VIIRS,n,2,279.89,0.92,N,2
43.54041,-5.83085,353.6,0.41,0.61,2024-05-06,0127,N,VIIRS,n,2,283.69,5.71,N,2
43.52522,-5.73296,302.91,0.41,0.6,2024-05-06,0127,N,VIIRS,n,2,281.87,1.95,N,2
43.52502,-5.72781,295.19,0.41,0.6,2024-05-06,0127,N,VIIRS,n,2,281.66,1.04,N,2
41.31299,1.66375,315.69,0.51,0.41,2024-05-06,0128,N,VIIRS,n,2,286.98,1.37,N,2
41.31387,1.6633,308.42,0.51,0.41,2024-05-06,0128,N,VIIRS,n,2,286.6,1.83,N,2
41.45412,1.98023,305.29,0.49,0.41,2024-05-06,0128,N,VIIRS,n,2,282.72,1.19,N,2
37.86276,-0.83541,303.91,0.4,0.44,2024-05-06,0129,N,VIIRS,n,2,267.84,2.95,N,0
38.37563,-0.54492,301.87,0.4,0.44,2024-05-06,0129,N,VIIRS,n,2,289.01,0.91,N,2
37.86687,-0.8347,337.55,0.4,0.44,2024-05-06,0129,N,VIIRS,n,2,267.9,2.95,N,0
43.52213,-5.73301,311.86,0.33,0.55,2024-05-06,0308,N,VIIRS,n,2,280.45,0.96,N,2
43.52322,-5.73699,296.13,0.33,0.55,2024-05-06,0308,N,VIIRS,n,2,281.91,0.96,N,2
43.52696,-5.73053,302.24,0.33,0.55,2024-05-06,0308,N,VIIRS,n,2,281.53,0.73,N,2
43.52808,-5.73463,295.61,0.33,0.55,2024-05-06,0308,N,VIIRS,n,2,280.55,0.73,N,2
43.51899,-5.73498,302.72,0.33,0.55,2024-05-06,0308,N,VIIRS,n,2,279.85,0.83,N,2
36.39731,-5.33913,340.71,0.45,0.47,2024-05-06,1250,N,VIIRS,n,2,300.5,6,D,0
39.39418,-1.82113,333.88,0.43,0.38,2024-05-06,1251,N,VIIRS,n,2,303.03,1.43,D,0
43.53793,-5.83238,329.7,0.52,0.41,2024-05-06,1252,N,VIIRS,n,2,292.35,5.22,D,2
38.6936,-6.59437,325.75,0.74,0.76,2024-05-06,1431,N,VIIRS,l,2,297.68,2.57,D,0
40.24342,-3.47554,317.57,0.52,0.67,2024-05-07,0109,N,VIIRS,n,2,282.34,2.86,N,2
37.76724,-0.88859,298.12,0.36,0.58,2024-05-07,0110,N,VIIRS,n,2,284.13,0.37,N,0
37.57006,-0.91969,303.5,0.36,0.58,2024-05-07,0110,N,VIIRS,n,2,288.14,0.97,N,2
36.96381,-1.90528,296.61,0.41,0.6,2024-05-07,0110,N,VIIRS,n,2,286.51,0.41,N,0
38.66496,-4.05405,297.04,0.55,0.68,2024-05-07,0110,N,VIIRS,n,2,281.18,0.44,N,0
43.44315,-3.8435,300.09,0.48,0.48,2024-05-07,0249,N,VIIRS,n,2,282.59,1.06,N,2
41.18876,1.22826,299.22,0.48,0.65,2024-05-07,0249,N,VIIRS,n,2,282.32,1.01,N,0
41.1862,1.22685,305.11,0.48,0.65,2024-05-07,0249,N,VIIRS,n,2,282.9,1.3,N,0
39.93712,-3.74407,295.54,0.6,0.53,2024-05-07,0250,N,VIIRS,n,2,280.36,1.23,N,2
40.24664,-3.47637,308.68,0.61,0.53,2024-05-07,0250,N,VIIRS,n,2,281.26,2.92,N,2
40.24414,-3.47827,306.78,0.61,0.53,2024-05-07,0250,N,VIIRS,n,2,281.01,1.73,N,2
38.89455,-0.43817,331.28,0.47,0.64,2024-05-07,0250,N,VIIRS,n,2,283.93,1.86,N,0
38.67261,-4.047,300.8,0.62,0.54,2024-05-07,0250,N,VIIRS,n,2,282.27,2.7,N,2
38.98199,-5.93695,295.01,0.49,0.49,2024-05-07,0250,N,VIIRS,n,2,280.22,0.62,N,0
38.889,-0.44103,307.53,0.47,0.64,2024-05-07,0250,N,VIIRS,n,2,282.68,1.86,N,0
37.36068,-5.86251,295.09,0.54,0.51,2024-05-07,0251,N,VIIRS,n,2,285.07,0.27,N,2
38.5248,-7.22942,297.47,0.43,0.46,2024-05-07,0251,N,VIIRS,n,2,280.63,0.3,N,0
36.59857,-6.23604,301.95,0.54,0.51,2024-05-07,0251,N,VIIRS,n,2,286.69,0.56,N,0
37.33072,-6.89749,335.54,0.46,0.64,2024-05-07,1232,N,VIIRS,n,2,303.39,7.24,D,0
37.3293,-6.90255,350.02,0.46,0.64,2024-05-07,1232,N,VIIRS,n,2,305.2,5.45,D,0
37.33352,-6.90997,337.9,0.46,0.64,2024-05-07,1232,N,VIIRS,n,2,302.55,5.45,D,0
38.91063,-4.56285,330.18,0.32,0.54,2024-05-07,1232,N,VIIRS,n,2,283.97,3.23,D,0
38.90974,-4.56636,329.07,0.32,0.55,2024-05-07,1232,N,VIIRS,n,2,283.84,2.12,D,0
42.2474,-3.92512,341.05,0.49,0.49,2024-05-07,1233,N,VIIRS,n,2,288.31,6.12,D,0
41.18798,1.21646,309.88,0.53,0.67,2024-05-08,0050,N,VIIRS,n,2,282.01,1.76,N,0
43.52594,-5.73263,311.53,0.41,0.37,2024-05-08,0230,N,VIIRS,n,2,280.84,1.85,N,2
43.54029,-5.83302,297.97,0.41,0.37,2024-05-08,0230,N,VIIRS,n,2,279.69,1.43,N,2
41.31356,1.66332,304.52,0.59,0.53,2024-05-08,0231,N,VIIRS,n,2,283.57,1.38,N,2
41.40886,1.99643,295.92,0.61,0.54,2024-05-08,0231,N,VIIRS,n,2,281.92,0.81,N,2
41.47472,-1.48722,299.02,0.42,0.45,2024-05-08,0231,N,VIIRS,n,2,282.91,0.64,N,2
41.64652,-0.76782,298.39,0.45,0.47,2024-05-08,0231,N,VIIRS,n,2,282.37,0.46,N,0
36.96494,-1.90524,297.35,0.5,0.49,2024-05-08,0232,N,VIIRS,n,2,284.06,0.71,N,2
38.66606,-4.04625,306.52,0.54,0.42,2024-05-08,0232,N,VIIRS,n,2,280.35,1.7,N,2
38.67115,-4.05113,295.73,0.54,0.42,2024-05-08,0232,N,VIIRS,n,2,282.82,1.28,N,2
38.67499,-4.04996,332.68,0.54,0.42,2024-05-08,0232,N,VIIRS,n,2,284.06,7.81,N,2
38.18303,-1.54014,317.4,0.49,0.49,2024-05-08,0232,N,VIIRS,n,2,272.62,1.31,N,0
38.66733,-4.05236,306.14,0.54,0.42,2024-05-08,0232,N,VIIRS,n,2,280.88,1.28,N,2
38.57075,-1.443,336.19,0.39,0.6,2024-05-08,1213,N,VIIRS,l,2,307.07,3.19,D,0
40.2453,-3.47146,326.6,0.45,0.63,2024-05-08,1214,N,VIIRS,n,2,297.58,2.73,D,2
38.57419,-1.44217,343.21,0.43,0.62,2024-05-08,1353,N,VIIRS,n,2,307.57,5.11,D,0
41.95622,-1.41345,329.08,0.46,0.63,2024-05-08,1354,N,VIIRS,n,2,298.59,2.13,D,0
40.24412,-3.47226,336.56,0.35,0.56,2024-05-08,1354,N,VIIRS,n,2,305.62,3.78,D,2
39.28317,-3.47271,339.81,0.34,0.56,2024-05-08,1354,N,VIIRS,n,2,304.75,3.55,D,0
41.31312,1.65989,311.78,0.53,0.42,2024-05-09,0212,N,VIIRS,n,2,285.82,2.17,N,2
43.32717,-3.09839,296.9,0.38,0.36,2024-05-09,0212,N,VIIRS,n,2,283.64,0.36,N,0
43.44122,-3.84647,296.68,0.38,0.36,2024-05-09,0212,N,VIIRS,n,2,286.21,0.52,N,0
43.54213,-5.83017,312.68,0.41,0.37,2024-05-09,0212,N,VIIRS,n,2,276.14,1.64,N,2
43.53874,-5.83105,326.34,0.41,0.37,2024-05-09,0212,N,VIIRS,n,2,276.68,1.64,N,2
43.52507,-5.73071,298.59,0.41,0.37,2024-05-09,0212,N,VIIRS,n,2,270,1.01,N,2
43.34733,-8.43385,298.19,0.49,0.4,2024-05-09,0212,N,VIIRS,n,2,280.87,0.76,N,2
40.24467,-3.47294,327.17,0.39,0.36,2024-05-09,0212,N,VIIRS,n,2,285.96,1.65,N,2
41.4736,-1.48628,296.64,0.41,0.37,2024-05-09,0212,N,VIIRS,n,2,282.47,0.52,N,2
41.40524,1.9971,301.06,0.55,0.43,2024-05-09,0212,N,VIIRS,n,2,285.07,1.14,N,2
37.35933,-5.86645,306.25,0.38,0.36,2024-05-09,0213,N,VIIRS,n,2,284.1,0.8,N,2
39.93867,-3.74532,296.8,0.39,0.36,2024-05-09,0213,N,VIIRS,n,2,279.77,0.62,N,2
39.93538,-3.74624,301.13,0.39,0.36,2024-05-09,0213,N,VIIRS,n,2,280.19,0.72,N,2
36.96844,-1.90666,305.64,0.45,0.39,2024-05-09,0213,N,VIIRS,n,2,288.12,1.61,N,2
36.75987,-2.68645,300.45,0.43,0.38,2024-05-09,0213,N,VIIRS,n,2,285.26,0.21,N,0
37.58356,-5.95528,333.89,0.44,0.38,2024-05-09,1334,N,VIIRS,n,2,294.45,2.81,D,0
37.5834,-5.95846,336.87,0.44,0.38,2024-05-09,1334,N,VIIRS,n,2,295.24,2.48,D,0
39.99061,-4.52973,347.23,0.52,0.42,2024-05-09,1335,N,VIIRS,n,2,310.22,4.6,D,0
39.3143,-2.92471,335.33,0.41,0.45,2024-05-09,1335,N,VIIRS,n,2,304.03,1.89,D,0
39.99538,-4.5325,334.6,0.52,0.42,2024-05-09,1335,N,VIIRS,n,2,308.35,3.09,D,0
39.38034,-0.55775,346.95,0.54,0.51,2024-05-09,1335,N,VIIRS,n,2,293.82,5.15,D,0
39.99445,-4.53036,338.79,0.52,0.42,2024-05-09,1335,N,VIIRS,n,2,308.58,4.6,D,0
43.54171,-5.82953,322.44,0.4,0.44,2024-05-10,0153,N,VIIRS,n,2,275.21,2.82,N,2
41.454,1.97604,296.54,0.39,0.36,2024-05-10,0153,N,VIIRS,n,2,284.83,0.89,N,2
43.53761,-5.83032,337.81,0.4,0.44,2024-05-10,0153,N,VIIRS,n,2,274.28,2.82,N,2
43.53808,-5.83533,298.86,0.4,0.44,2024-05-10,0153,N,VIIRS,n,2,273.75,4.77,N,2
43.22323,-2.87732,311.46,0.45,0.39,2024-05-10,0153,N,VIIRS,n,2,279.53,1.59,N,2
43.52467,-5.73616,319.33,0.4,0.44,2024-05-10,0153,N,VIIRS,n,2,263.43,1.46,N,2
43.52422,-5.73131,295.78,0.4,0.44,2024-05-10,0153,N,VIIRS,n,2,262.5,0.4,N,2
42.96961,-5.85317,316.42,0.4,0.44,2024-05-10,0153,N,VIIRS,n,2,271.01,1.42,N,0
41.47419,-1.48627,303.73,0.4,0.37,2024-05-10,0153,N,VIIRS,n,2,277.09,1.01,N,2
41.3123,1.663,317.8,0.39,0.36,2024-05-10,0153,N,VIIRS,n,2,287.01,1.86,N,2
41.40553,1.99565,305.08,0.39,0.36,2024-05-10,0153,N,VIIRS,n,2,285.71,0.75,N,2
41.45322,1.98068,311.48,0.39,0.36,2024-05-10,0153,N,VIIRS,n,2,288.5,0.89,N,0
36.75819,-2.68804,298.65,0.4,0.37,2024-05-10,0154,N,VIIRS,n,2,283.52,0.43,N,0
36.9657,-1.90619,316.46,0.39,0.36,2024-05-10,0154,N,VIIRS,n,2,290.38,1.43,N,2
37.84412,-0.92521,296.46,0.38,0.36,2024-05-10,0154,N,VIIRS,n,2,283.06,0.35,N,0
38.89481,-6.49431,302.67,0.38,0.43,2024-05-10,0154,N,VIIRS,n,2,287.18,0.59,N,0
40.24399,-3.47521,307.85,0.45,0.39,2024-05-10,0154,N,VIIRS,n,2,277.92,1.43,N,2
39.93506,-3.74758,298.46,0.45,0.39,2024-05-10,0154,N,VIIRS,n,2,285.91,1.06,N,2
39.93578,-3.74546,309.38,0.45,0.39,2024-05-10,0154,N,VIIRS,n,2,287.66,1.42,N,2
38.22167,-0.83887,340.8,0.45,0.39,2024-05-10,1315,N,VIIRS,n,2,306.2,1.07,D,0
39.70138,-3.07708,337.69,0.4,0.37,2024-05-10,1316,N,VIIRS,n,2,298.99,2.44,D,0
39.7012,-3.07862,337.63,0.4,0.37,2024-05-10,1316,N,VIIRS,n,2,298.37,1.82,D,0
39.05375,-5.73923,334.8,0.39,0.36,2024-05-10,1316,N,VIIRS,l,2,306.32,3.08,D,0
39.44868,-2.77912,336.52,0.41,0.37,2024-05-10,1316,N,VIIRS,n,2,300.91,2.63,D,0
39.06225,-3.21499,342.49,0.4,0.37,2024-05-10,1316,N,VIIRS,n,2,313.55,2.85,D,0
38.22225,-5.8896,354.12,0.39,0.36,2024-05-10,1316,N,VIIRS,n,2,313.49,27.35,D,0
38.21967,-5.8843,348.65,0.39,0.36,2024-05-10,1316,N,VIIRS,n,2,318.54,28.15,D,0
38.21636,-5.88343,345.63,0.39,0.36,2024-05-10,1316,N,VIIRS,n,2,315.03,7.24,D,0
43.52635,-5.73286,339.32,0.39,0.36,2024-05-10,1317,N,VIIRS,n,2,297.01,5.41,D,2
43.57109,-7.47209,350.15,0.39,0.36,2024-05-10,1317,N,VIIRS,n,2,297.48,5.68,D,0
43.57439,-7.47301,342.28,0.39,0.36,2024-05-10,1317,N,VIIRS,n,2,295.92,5.68,D,0
43.52306,-5.73194,335.91,0.39,0.36,2024-05-10,1317,N,VIIRS,n,2,296.5,3.29,D,2
43.38122,-4.61421,333.88,0.4,0.37,2024-05-10,1317,N,VIIRS,n,2,304.51,6.75,D,0
43.3819,-4.60934,332.21,0.4,0.37,2024-05-10,1317,N,VIIRS,n,2,299.06,6.75,D,0
42.97199,-5.85548,348.07,0.38,0.36,2024-05-10,1317,N,VIIRS,n,2,308,13.39,D,0
42.97269,-5.85079,332.35,0.38,0.36,2024-05-10,1317,N,VIIRS,n,2,300.7,13.39,D,0
42.96871,-5.85456,338.63,0.38,0.36,2024-05-10,1317,N,VIIRS,n,2,306.44,6.76,D,0
43.17152,-2.56648,340.87,0.44,0.39,2024-05-10,1317,N,VIIRS,n,2,302.41,5.32,D,0
41.94262,-7.55806,336.03,0.4,0.37,2024-05-10,1317,N,VIIRS,n,2,299.86,6.9,D,0
42.71562,-6.93269,303.6,0.39,0.59,2024-05-11,0134,N,VIIRS,n,2,281.48,3.92,N,0
43.55256,-5.85923,296.06,0.35,0.56,2024-05-11,0134,N,VIIRS,n,2,284.56,0.77,N,2
43.54071,-5.83352,313.64,0.34,0.56,2024-05-11,0134,N,VIIRS,n,2,285.49,1.55,N,2
43.53032,-5.73039,297.21,0.34,0.56,2024-05-11,0134,N,VIIRS,n,2,284.51,0.75,N,2
43.5251,-5.73102,303.31,0.34,0.56,2024-05-11,0134,N,VIIRS,n,2,285.79,0.75,N,2
43.326,-3.10178,296.49,0.5,0.49,2024-05-11,0134,N,VIIRS,n,2,285.09,1.35,N,0
43.32806,-5.77446,295.34,0.34,0.56,2024-05-11,0134,N,VIIRS,n,2,284.06,0.31,N,2
42.72074,-6.93405,326.41,0.39,0.59,2024-05-11,0134,N,VIIRS,n,2,282.71,5.22,N,0
42.72058,-6.93025,340.5,0.39,0.59,2024-05-11,0134,N,VIIRS,n,2,283.08,4.7,N,0
42.72109,-6.93125,353.1,0.39,0.59,2024-05-11,0134,N,VIIRS,n,2,284.25,3.92,N,0
41.52768,1.80792,302.5,0.44,0.38,2024-05-11,0134,N,VIIRS,n,2,284.59,0.83,N,0
41.45553,1.97953,305.18,0.44,0.38,2024-05-11,0134,N,VIIRS,n,2,287.76,0.73,N,2
41.31218,1.66382,321.33,0.44,0.39,2024-05-11,0134,N,VIIRS,n,2,287.01,1.38,N,2
41.47686,-1.487,296.85,0.4,0.44,2024-05-11,0134,N,VIIRS,n,2,280.6,1.14,N,2
37.56835,-0.91658,305.48,0.51,0.41,2024-05-11,0135,N,VIIRS,n,2,284.02,1.01,N,2
39.66217,-0.24743,297.92,0.5,0.41,2024-05-11,0135,N,VIIRS,n,2,284.7,1.09,N,0
39.66266,-0.24813,301.01,0.5,0.41,2024-05-11,0135,N,VIIRS,n,2,284.35,1.01,N,0
39.93757,-3.74296,301.64,0.5,0.49,2024-05-11,0135,N,VIIRS,n,2,287.83,1.12,N,2
38.6685,-4.05225,299.84,0.5,0.49,2024-05-11,0135,N,VIIRS,n,2,287.3,1.98,N,2
39.95253,-0.00395,298.65,0.49,0.41,2024-05-11,0135,N,VIIRS,n,2,287.96,1.83,N,2
40.24301,-3.47557,314.18,0.49,0.48,2024-05-11,0135,N,VIIRS,n,2,286.96,2.96,N,2
37.35715,-6.67427,297.39,0.34,0.56,2024-05-11,0136,N,VIIRS,n,2,285.06,0.3,N,2
42.71954,-6.93629,302.73,0.36,0.57,2024-05-11,0314,N,VIIRS,n,2,272.19,0.88,N,0
43.52301,-5.73293,324.24,0.39,0.59,2024-05-11,0314,N,VIIRS,n,2,284.55,1.38,N,2
43.52816,-5.73013,299.4,0.39,0.59,2024-05-11,0314,N,VIIRS,n,2,284.9,1.38,N,2
40.24486,-3.47263,302.5,0.62,0.71,2024-05-11,0315,N,VIIRS,n,2,283.42,1.62,N,2
40.24859,-3.47653,295.92,0.62,0.71,2024-05-11,0315,N,VIIRS,n,2,283.33,1.44,N,0
36.85167,-4.0963,341.46,0.49,0.4,2024-05-11,1256,N,VIIRS,n,2,303.74,3.89,D,0
38.10303,-6.32682,333.52,0.39,0.44,2024-05-11,1257,N,VIIRS,n,2,299.6,2.07,D,0
41.31237,1.66339,334.98,0.41,0.37,2024-05-11,1257,N,VIIRS,l,2,308.44,2.77,D,2
42.72178,-6.92961,340.41,0.51,0.41,2024-05-11,1258,N,VIIRS,n,2,295.66,28.16,D,0
43.56354,-7.69308,342.4,0.53,0.42,2024-05-11,1258,N,VIIRS,n,2,301.52,22.5,D,0
43.56563,-7.69366,332.35,0.53,0.42,2024-05-11,1258,N,VIIRS,n,2,297.38,6,D,0
43.56186,-7.69236,344.83,0.53,0.42,2024-05-11,1258,N,VIIRS,n,2,301.02,19.23,D,0
42.72342,-6.93662,307.25,0.51,0.41,2024-05-11,1258,N,VIIRS,l,2,320.36,93.48,D,0
42.72457,-6.93106,345.99,0.51,0.41,2024-05-11,1258,N,VIIRS,n,2,298.35,65.95,D,0
42.71964,-6.9357,341.12,0.51,0.41,2024-05-11,1258,N,VIIRS,n,2,302.32,28.82,D,0
42.72554,-6.93063,332.93,0.51,0.41,2024-05-11,1258,N,VIIRS,n,2,295.68,134.56,D,0
42.72064,-6.93521,344.75,0.51,0.41,2024-05-11,1258,N,VIIRS,n,2,306.31,28.16,D,0
43.00381,-1.27656,341.96,0.38,0.36,2024-05-11,1258,N,VIIRS,n,2,300.87,5.61,D,0
42.80298,-6.45218,297.5,0.64,0.72,2024-05-12,0115,N,VIIRS,n,2,278.46,1.01,N,0
41.47329,-1.48761,306.64,0.35,0.57,2024-05-12,0115,N,VIIRS,n,2,286.01,0.65,N,2
41.15114,0.25187,297.06,0.56,0.52,2024-05-12,0115,N,VIIRS,n,2,285.23,1.8,N,0
41.14685,0.24394,333.42,0.56,0.52,2024-05-12,0115,N,VIIRS,n,2,287.04,1.8,N,0
41.14587,0.25815,295.61,0.56,0.51,2024-05-12,0115,N,VIIRS,n,2,284.53,0.74,N,0
41.15163,0.24468,298.3,0.56,0.52,2024-05-12,0115,N,VIIRS,n,2,285.73,1.8,N,0
40.24193,-3.47419,310.42,0.43,0.62,2024-05-12,0116,N,VIIRS,n,2,285.1,1.08,N,2
40.24771,-3.47362,304.44,0.43,0.62,2024-05-12,0116,N,VIIRS,n,2,286.19,1.08,N,2
39.93418,-3.74449,298.72,0.44,0.63,2024-05-12,0116,N,VIIRS,n,2,285.49,0.54,N,2
36.9657,-1.90637,306.88,0.33,0.56,2024-05-12,0117,N,VIIRS,n,2,288.8,0.76,N,2
41.31045,1.65926,298.79,0.6,0.7,2024-05-12,0255,N,VIIRS,n,2,275.48,2.1,N,2
41.408,1.99813,296.8,0.61,0.71,2024-05-12,0255,N,VIIRS,n,2,281.16,0.83,N,2
42.80537,-6.46542,318.75,0.45,0.47,2024-05-12,0256,N,VIIRS,n,2,280.86,3.17,N,0
42.80207,-6.45127,318.96,0.45,0.47,2024-05-12,0256,N,VIIRS,n,2,279.13,2.59,N,0
42.80138,-6.46789,328.65,0.45,0.47,2024-05-12,0256,N,VIIRS,n,2,279.35,3.17,N,0
40.24449,-3.47491,328,0.36,0.58,2024-05-12,0256,N,VIIRS,n,2,287.24,2.79,N,2
42.72649,-6.9363,306.9,0.43,0.46,2024-05-12,0256,N,VIIRS,n,2,278.08,1.37,N,0
42.72645,-6.93455,306.59,0.43,0.46,2024-05-12,0256,N,VIIRS,n,2,277.71,1.29,N,0
41.45559,1.98109,333.56,0.4,0.37,2024-05-12,1238,N,VIIRS,l,2,303.88,1.92,D,2
37.57434,-1.29621,340.43,0.39,0.44,2024-05-12,1238,N,VIIRS,n,2,300.68,4.57,D,0
37.57345,-1.30044,351.91,0.39,0.44,2024-05-12,1238,N,VIIRS,n,2,304.16,4.57,D,0
37.0814,-6.12465,332.18,0.35,0.57,2024-05-12,1238,N,VIIRS,l,2,304.53,3.67,D,0
39.87119,-0.12229,337.97,0.47,0.4,2024-05-12,1238,N,VIIRS,n,2,303.09,2.77,D,0
41.31309,1.66279,334.54,0.4,0.37,2024-05-12,1238,N,VIIRS,n,2,305.27,3.07,D,2
43.52622,-5.73478,327.59,0.47,0.48,2024-05-12,1239,N,VIIRS,n,2,273.23,3.82,D,2
42.26757,-1.09719,295.08,0.59,0.7,2024-05-13,0056,N,VIIRS,n,2,280.6,0.51,N,0
41.47423,-1.49007,295.02,0.61,0.71,2024-05-13,0056,N,VIIRS,n,2,283.55,1.14,N,2
40.24294,-3.47889,307.15,0.77,0.77,2024-05-13,0057,N,VIIRS,n,2,284.39,2.55,N,2
40.24266,-3.47295,301.25,0.77,0.77,2024-05-13,0057,N,VIIRS,n,2,283.79,1.97,N,2
40.00875,-3.90123,295.56,0.41,0.45,2024-05-13,0237,N,VIIRS,n,2,282.94,0.68,N,0
39.93783,-3.74628,299.9,0.42,0.45,2024-05-13,0237,N,VIIRS,n,2,281.41,1.25,N,2
43.44353,-3.84415,300.04,0.53,0.42,2024-05-13,0237,N,VIIRS,n,2,271.98,0.84,N,2
43.22472,-2.88032,295.49,0.39,0.44,2024-05-13,0237,N,VIIRS,n,2,272.5,0.63,N,2
43.52629,-5.73284,305.98,0.45,0.39,2024-05-13,0237,N,VIIRS,n,2,278.54,1.52,N,2
43.54171,-5.83189,296.27,0.45,0.39,2024-05-13,0237,N,VIIRS,n,2,278.76,0.91,N,2
42.27177,-1.09527,301.01,0.49,0.49,2024-05-13,0237,N,VIIRS,n,2,274.72,0.78,N,0
42.26741,-1.09699,296.48,0.49,0.49,2024-05-13,0237,N,VIIRS,n,2,273.86,0.78,N,0
42.52263,-2.7524,313.13,0.41,0.45,2024-05-13,0237,N,VIIRS,n,2,274.98,0.88,N,0
42.51867,-2.75412,299.25,0.41,0.45,2024-05-13,0237,N,VIIRS,n,2,273.37,0.88,N,0
41.47648,-1.48856,296.44,0.49,0.49,2024-05-13,0237,N,VIIRS,n,2,281.47,0.26,N,2
40.24669,-3.47633,301.87,0.42,0.45,2024-05-13,0237,N,VIIRS,n,2,280.03,2.4,N,2
37.84187,-4.91092,326.33,0.41,0.45,2024-05-13,0238,N,VIIRS,n,2,283.91,1.98,N,0
37.83786,-4.91228,301.96,0.41,0.45,2024-05-13,0238,N,VIIRS,n,2,282.98,0.57,N,0
36.18457,-5.39717,299.39,0.41,0.45,2024-05-13,0239,N,VIIRS,n,2,287.74,1.36,N,0
37.95756,-0.97379,341.15,0.32,0.55,2024-05-13,1219,N,VIIRS,n,2,291.92,3.34,D,0
43.53769,-5.83151,310.64,0.39,0.36,2024-05-14,0218,N,VIIRS,n,2,279.93,1.82,N,2
41.31429,1.6626,299.05,0.42,0.45,2024-05-14,0218,N,VIIRS,n,2,280.38,1.17,N,2
43.54099,-5.83057,321.02,0.39,0.36,2024-05-14,0218,N,VIIRS,n,2,281.45,1.82,N,2
40.3885,-3.79873,319.53,0.41,0.37,2024-05-14,0219,N,VIIRS,n,2,283.44,1.37,N,0
38.0879,-0.97483,299.66,0.55,0.43,2024-05-14,0219,N,VIIRS,n,2,286.72,0.61,N,0
40.38515,-3.79976,296.65,0.41,0.37,2024-05-14,0219,N,VIIRS,n,2,282.88,0.63,N,0
38.79021,-3.19626,330.17,0.68,0.74,2024-05-14,1201,N,VIIRS,n,2,300.25,2.51,D,0
37.06766,-5.98982,339.9,0.49,0.4,2024-05-14,1340,N,VIIRS,n,2,305.11,4.22,D,0
37.06684,-5.99284,338.11,0.49,0.4,2024-05-14,1340,N,VIIRS,n,2,304.95,1.41,D,0
39.07528,-3.73023,342.43,0.44,0.46,2024-05-14,1341,N,VIIRS,n,2,308.76,25.74,D,0
39.14299,-3.62632,341.13,0.45,0.47,2024-05-14,1341,N,VIIRS,n,2,303.23,3.13,D,0
43.52541,-5.73407,334.22,0.4,0.44,2024-05-14,1342,N,VIIRS,n,2,290.31,4.8,D,2
43.31676,-3.00444,297.97,0.41,0.37,2024-05-15,0159,N,VIIRS,n,2,281.96,0.58,N,0
43.41027,-3.84122,304.68,0.44,0.38,2024-05-15,0159,N,VIIRS,n,2,281.24,1.34,N,0
42.12769,-1.16048,310.86,0.38,0.36,2024-05-15,0159,N,VIIRS,n,2,281.55,1.11,N,0
41.4753,-1.48846,297.37,0.39,0.36,2024-05-15,0159,N,VIIRS,n,2,280.44,0.99,N,2
39.07486,-3.73059,301.15,0.4,0.37,2024-05-15,0200,N,VIIRS,n,2,280.45,0.82,N,0
36.96673,-1.90669,313.19,0.39,0.36,2024-05-15,0201,N,VIIRS,n,2,286.94,1.09,N,2
40.24454,-3.47322,337.71,0.44,0.38,2024-05-15,1322,N,VIIRS,n,2,307.01,4.35,D,2
40.01076,-6.10693,343.3,0.39,0.36,2024-05-15,1322,N,VIIRS,n,2,299.97,4.48,D,0
40.24506,-3.47168,336.73,0.44,0.38,2024-05-15,1322,N,VIIRS,n,2,307.46,4.23,D,2
42.00703,-6.14879,340.09,0.39,0.36,2024-05-15,1323,N,VIIRS,n,2,285.76,4.17,D,0
43.52656,-5.73212,335.41,0.41,0.37,2024-05-15,1323,N,VIIRS,n,2,283.27,4.36,D,2
39.66582,-0.24868,298.41,0.44,0.38,2024-05-16,0141,N,VIIRS,n,2,287.02,0.55,N,0
39.93538,-3.74518,298.97,0.41,0.45,2024-05-16,0141,N,VIIRS,n,2,279.87,0.91,N,2
40.24631,-3.47561,324.45,0.4,0.45,2024-05-16,0141,N,VIIRS,n,2,283.15,3.07,N,2
37.56865,-0.9203,321.91,0.44,0.39,2024-05-16,0142,N,VIIRS,n,2,288.6,1.71,N,2
41.31118,1.66159,306.54,0.4,0.44,2024-05-17,0121,N,VIIRS,n,2,284.4,1.24,N,2
39.66467,-0.24919,298.22,0.48,0.48,2024-05-17,0122,N,VIIRS,n,2,287.36,0.75,N,0
40.2446,-3.47724,311.37,0.36,0.57,2024-05-17,0122,N,VIIRS,n,2,282.42,1.31,N,2
40.24437,-3.47289,302.79,0.36,0.57,2024-05-17,0122,N,VIIRS,n,2,281.51,1.31,N,2
41.31278,1.65997,308.15,0.4,0.44,2024-05-17,0122,N,VIIRS,n,2,284.84,1,N,2
37.56902,-0.91888,303.22,0.49,0.49,2024-05-17,0123,N,VIIRS,n,2,288.37,0.66,N,2
41.31434,1.65852,295.46,0.7,0.75,2024-05-17,0302,N,VIIRS,n,2,280.46,2.69,N,2
37.56652,-0.91402,295.17,0.69,0.74,2024-05-17,0303,N,VIIRS,n,2,284.99,1.78,N,2
37.19913,-3.87129,331.83,0.44,0.46,2024-05-17,1244,N,VIIRS,l,2,303.72,1.84,D,0
36.96685,-1.90823,297.05,0.5,0.66,2024-05-18,0104,N,VIIRS,n,2,286.6,0.68,N,2
37.56733,-0.9234,298.04,0.45,0.63,2024-05-18,0104,N,VIIRS,n,2,286.26,1.68,N,0
39.66431,-0.2466,297.34,0.38,0.59,2024-05-18,0243,N,VIIRS,n,2,285.77,0.78,N,0
41.55505,-4.62375,298.54,0.41,0.45,2024-05-18,0243,N,VIIRS,n,2,274.36,0.66,N,0
39.93552,-3.74351,305.15,0.5,0.49,2024-05-18,0244,N,VIIRS,n,2,281.98,0.96,N,2
39.93767,-3.74666,301.58,0.5,0.49,2024-05-18,0244,N,VIIRS,n,2,280.58,1.54,N,2
37.56727,-0.91657,297.47,0.4,0.6,2024-05-18,0244,N,VIIRS,n,2,286.08,0.46,N,2
36.96611,-1.90739,299.23,0.36,0.58,2024-05-18,0244,N,VIIRS,n,2,286.48,0.68,N,2
40.24488,-3.47182,297.51,0.5,0.49,2024-05-18,0244,N,VIIRS,n,2,281.11,2.05,N,2
37.33814,-6.89896,341.29,0.56,0.69,2024-05-18,1225,N,VIIRS,n,2,297.74,4.39,D,0
37.33632,-6.90507,346.8,0.56,0.69,2024-05-18,1225,N,VIIRS,n,2,299.83,4.39,D,0
37.3284,-6.90863,342.29,0.56,0.69,2024-05-18,1225,N,VIIRS,n,2,299.88,6.46,D,0
37.33024,-6.90244,355.22,0.56,0.69,2024-05-18,1225,N,VIIRS,n,2,301.65,7.41,D,0
37.33207,-6.89633,341.38,0.56,0.69,2024-05-18,1225,N,VIIRS,n,2,300.25,7.41,D,0
37.326,-6.89367,356.47,0.56,0.69,2024-05-18,1225,N,VIIRS,l,2,299.11,7.41,D,0
37.32784,-6.8875,349.97,0.56,0.68,2024-05-18,1225,N,VIIRS,n,2,298.81,10.5,D,0
36.33747,-5.85029,357.53,0.52,0.67,2024-05-18,1225,N,VIIRS,l,2,299.08,8.08,D,0
36.33579,-5.8562,339.48,0.52,0.67,2024-05-18,1225,N,VIIRS,n,2,297.37,6.42,D,0
36.33915,-5.84441,341.87,0.52,0.67,2024-05-18,1225,N,VIIRS,n,2,298.2,8.08,D,0
36.34081,-5.83863,344.02,0.52,0.67,2024-05-18,1225,N,VIIRS,n,2,298.31,8.23,D,0
37.33449,-6.91124,341.67,0.56,0.69,2024-05-18,1225,N,VIIRS,n,2,299.66,6.79,D,0
37.3424,-6.90769,339.67,0.56,0.69,2024-05-18,1225,N,VIIRS,n,2,297.04,4.39,D,0
39.39687,-3.46654,346.29,0.33,0.55,2024-05-18,1226,N,VIIRS,n,2,307.98,3.98,D,0
41.31145,1.66117,306.71,0.5,0.49,2024-05-19,0224,N,VIIRS,n,2,284.32,1.88,N,2
41.31327,1.6626,307.89,0.5,0.49,2024-05-19,0224,N,VIIRS,n,2,285,1.56,N,2
43.52642,-5.72739,304.85,0.39,0.36,2024-05-19,0224,N,VIIRS,n,2,274.25,1.34,N,2
41.92529,0.17817,301.35,0.41,0.45,2024-05-19,0224,N,VIIRS,n,2,284.6,0.52,N,2
41.45503,1.97828,295.5,0.51,0.49,2024-05-19,0224,N,VIIRS,n,2,284.31,0.77,N,2
41.40635,1.99588,298.34,0.51,0.49,2024-05-19,0224,N,VIIRS,n,2,284.5,0.95,N,2
41.4544,1.9775,296.3,0.51,0.49,2024-05-19,0224,N,VIIRS,n,2,284.25,0.85,N,2
40.24329,-3.47783,296.68,0.46,0.39,2024-05-19,0225,N,VIIRS,n,2,283.28,1.38,N,2
40.24579,-3.47133,296.19,0.46,0.39,2024-05-19,0225,N,VIIRS,n,2,283.3,1.54,N,2
40.01011,-3.90117,296.51,0.45,0.39,2024-05-19,0225,N,VIIRS,n,2,284.14,0.86,N,0
40.24684,-3.47666,308.48,0.46,0.39,2024-05-19,0225,N,VIIRS,n,2,284.97,1.38,N,2
37.18556,-5.44976,295.3,0.44,0.38,2024-05-19,0226,N,VIIRS,n,2,282.62,0.33,N,0
37.18591,-5.45298,295.05,0.44,0.38,2024-05-19,0226,N,VIIRS,n,2,282.52,0.18,N,0
37.58144,-5.65148,330.64,0.41,0.45,2024-05-19,1347,N,VIIRS,l,2,302.72,1.87,D,0
40.96527,-5.49527,332.57,0.45,0.47,2024-05-19,1348,N,VIIRS,n,2,297.45,5.09,D,0
42.13012,-1.16162,295.84,0.39,0.36,2024-05-20,0205,N,VIIRS,n,2,282.49,0.63,N,0
43.54332,-5.83283,295.5,0.45,0.39,2024-05-20,0205,N,VIIRS,n,2,278.71,1.03,N,2
43.53052,-5.72695,299.33,0.45,0.39,2024-05-20,0205,N,VIIRS,n,2,282.1,1.11,N,2
43.53975,-5.83363,330.87,0.45,0.39,2024-05-20,0205,N,VIIRS,n,2,278.7,2.79,N,2
43.53907,-5.82798,295.9,0.45,0.39,2024-05-20,0205,N,VIIRS,n,2,277.02,2.79,N,2
43.52763,-5.73333,316.34,0.45,0.39,2024-05-20,0205,N,VIIRS,n,2,282.49,1.55,N,2
43.52696,-5.72781,299.52,0.45,0.39,2024-05-20,0205,N,VIIRS,n,2,283.44,1.55,N,2
43.52407,-5.73418,325.4,0.45,0.39,2024-05-20,0205,N,VIIRS,n,2,281.1,1.55,N,2
43.5234,-5.72862,308.85,0.45,0.39,2024-05-20,0205,N,VIIRS,n,2,281.1,1.55,N,2
41.40627,1.99648,299.01,0.47,0.4,2024-05-20,0205,N,VIIRS,n,2,276.91,1.83,N,2
40.24561,-3.47284,327,0.39,0.36,2024-05-20,0206,N,VIIRS,n,2,285.53,1.89,N,2
40.20772,-6.56098,295.96,0.44,0.39,2024-05-20,0206,N,VIIRS,n,2,282.55,0.48,N,0
40.2463,-3.47734,298.09,0.39,0.36,2024-05-20,0206,N,VIIRS,n,2,282.48,1.89,N,2
36.96827,-1.90729,298.66,0.41,0.37,2024-05-20,0207,N,VIIRS,n,2,287.71,0.71,N,2
37.36032,-6.67364,297.27,0.42,0.38,2024-05-20,0207,N,VIIRS,n,2,285.43,0.47,N,0
38.59576,-1.49775,344.21,0.39,0.44,2024-05-20,1328,N,VIIRS,n,2,308.19,6.22,D,0
43.52556,-5.73365,345.14,0.45,0.39,2024-05-20,1329,N,VIIRS,n,2,299.71,9.69,D,2
41.45615,1.98023,299.16,0.38,0.36,2024-05-21,0146,N,VIIRS,n,2,285.98,0.44,N,2
41.98613,2.72024,316.41,0.38,0.36,2024-05-21,0146,N,VIIRS,n,2,282.99,0.17,N,0
38.37561,-0.54461,302.19,0.4,0.37,2024-05-21,0147,N,VIIRS,n,2,288.31,0.76,N,2
41.40645,1.99781,311.98,0.38,0.36,2024-05-21,0147,N,VIIRS,n,2,287.13,1.5,N,2
41.31155,1.66084,312.69,0.39,0.36,2024-05-21,0147,N,VIIRS,n,2,285.47,1.81,N,2
41.47477,-1.49005,299.49,0.45,0.39,2024-05-21,0147,N,VIIRS,n,2,281.41,0.58,N,2
40.24624,-3.47646,318.74,0.52,0.41,2024-05-21,0147,N,VIIRS,n,2,284.53,2.13,N,2
40.24244,-3.47721,302.7,0.52,0.41,2024-05-21,0147,N,VIIRS,n,2,282.15,1.22,N,2
37.56677,-0.9191,307.15,0.4,0.37,2024-05-21,0148,N,VIIRS,n,2,287.92,1.02,N,2
36.96737,-1.90479,311.74,0.42,0.38,2024-05-21,0148,N,VIIRS,n,2,289.75,1.37,N,2
43.54575,-5.84387,302.95,0.42,0.61,2024-05-22,0127,N,VIIRS,n,2,279.83,1.98,N,2
43.53859,-5.83343,318.51,0.42,0.61,2024-05-22,0127,N,VIIRS,n,2,281.29,3.19,N,2
43.54471,-5.84377,305.1,0.42,0.61,2024-05-22,0127,N,VIIRS,n,2,280.07,1.27,N,2
43.53969,-5.83348,318.48,0.42,0.61,2024-05-22,0127,N,VIIRS,n,2,281.84,2.31,N,2
41.47561,-1.48686,295.34,0.48,0.48,2024-05-22,0128,N,VIIRS,n,2,278.76,0.71,N,2
39.66465,-0.24891,297.95,0.4,0.44,2024-05-22,0128,N,VIIRS,n,2,287.09,0.56,N,0
41.31124,1.6607,296.88,0.51,0.41,2024-05-22,0128,N,VIIRS,n,2,281.31,0.88,N,2
39.63633,-2.27685,297.42,0.5,0.49,2024-05-22,0128,N,VIIRS,n,2,279.05,0.96,N,0
38.03618,-1.2476,299.71,0.43,0.46,2024-05-22,0129,N,VIIRS,n,2,287.48,0.46,N,0
37.56596,-0.91961,317.46,0.41,0.45,2024-05-22,0129,N,VIIRS,n,2,289.3,1.36,N,2
38.37693,-0.54324,302.91,0.4,0.44,2024-05-22,0129,N,VIIRS,n,2,289.55,0.64,N,2
37.57013,-0.91943,299.92,0.41,0.45,2024-05-22,0129,N,VIIRS,n,2,289.74,1.5,N,2
40.24588,-3.4723,310.91,0.52,0.67,2024-05-22,0308,N,VIIRS,n,2,280.52,3.29,N,2
40.24685,-3.47521,310.93,0.52,0.66,2024-05-22,0308,N,VIIRS,n,2,280.36,2.28,N,2
38.50699,-7.18482,299.44,0.38,0.58,2024-05-22,0309,N,VIIRS,n,2,279.09,0.59,N,0
36.69311,-4.54569,347.13,0.41,0.45,2024-05-22,1250,N,VIIRS,n,2,306.05,4.5,D,0
41.30264,2.01185,338.74,0.39,0.36,2024-05-22,1251,N,VIIRS,n,2,302.11,4.76,D,0
41.47605,-1.48684,298.05,0.42,0.61,2024-05-23,0109,N,VIIRS,n,2,280.86,0.58,N,2
41.31467,1.66086,295.97,0.58,0.52,2024-05-23,0109,N,VIIRS,n,2,284.08,0.74,N,2
40.24531,-3.4774,319.57,0.53,0.67,2024-05-23,0109,N,VIIRS,n,2,284.67,2.87,N,2
38.66885,-4.05423,296.19,0.55,0.68,2024-05-23,0110,N,VIIRS,n,2,277.8,1.42,N,2
37.56782,-0.92058,311.24,0.37,0.58,2024-05-23,0110,N,VIIRS,n,2,283.52,1.43,N,2
43.52567,-5.73765,335.86,0.39,0.44,2024-05-23,0249,N,VIIRS,n,2,283.91,1.84,N,2
43.52456,-5.73274,299.09,0.39,0.44,2024-05-23,0249,N,VIIRS,n,2,281.53,1.84,N,2
43.52348,-5.728,298.71,0.39,0.44,2024-05-23,0249,N,VIIRS,n,2,280.87,0.71,N,2
43.52869,-5.73288,299.04,0.39,0.44,2024-05-23,0249,N,VIIRS,n,2,281.34,1.2,N,2
43.52763,-5.72803,295.82,0.39,0.44,2024-05-23,0249,N,VIIRS,n,2,282.97,1.2,N,2
43.52476,-5.73448,338.49,0.39,0.44,2024-05-23,0249,N,VIIRS,n,2,284.77,1.2,N,2
43.54376,-5.84022,304.33,0.39,0.44,2024-05-23,0249,N,VIIRS,n,2,280.12,0.94,N,0
43.52371,-5.72971,301.39,0.39,0.44,2024-05-23,0249,N,VIIRS,n,2,281.11,1.2,N,2
43.52847,-5.73109,300.04,0.39,0.44,2024-05-23,0249,N,VIIRS,n,2,282.17,1.84,N,2
36.96509,-1.90686,296.49,0.44,0.62,2024-05-23,0250,N,VIIRS,n,2,281.85,0.54,N,2
40.24533,-3.47379,316.34,0.6,0.53,2024-05-23,0250,N,VIIRS,n,2,284.25,3.32,N,2
38.83704,-2.55944,299.38,0.36,0.58,2024-05-23,0250,N,VIIRS,n,2,271.5,0.6,N,0
37.56514,-1.44373,300.41,0.45,0.63,2024-05-23,0250,N,VIIRS,n,2,272.22,0.48,N,0
28.61638,-17.87002,301.36,0.38,0.36,2024-05-23,0254,N,VIIRS,n,2,291.12,0.92,N,2
37.32515,-7.02866,335.89,0.47,0.64,2024-05-23,1231,N,VIIRS,n,2,282.9,7.56,D,0
37.55955,-5.96071,345.7,0.41,0.61,2024-05-23,1231,N,VIIRS,n,2,292.97,4.11,D,0
38.75791,-7.152,339.82,0.44,0.62,2024-05-23,1232,N,VIIRS,n,2,300.21,5.4,D,0
39.42352,-5.61156,340.44,0.47,0.64,2024-05-23,1412,N,VIIRS,n,2,305.28,5.36,D,0
43.34644,-8.43703,312.72,0.38,0.36,2024-05-24,0230,N,VIIRS,n,2,283.21,1.19,N,2
39.98106,-3.3169,328.27,0.55,0.43,2024-05-24,0231,N,VIIRS,n,2,282.04,4.81,N,0
40.24338,-3.47595,317.95,0.54,0.42,2024-05-24,0231,N,VIIRS,n,2,286.29,3.19,N,2
39.98486,-3.31542,330.91,0.55,0.43,2024-05-24,0231,N,VIIRS,n,2,284.73,4.86,N,0
37.64877,-4.46442,297.65,0.54,0.42,2024-05-24,0232,N,VIIRS,n,2,284.43,0.51,N,0
40.24535,-3.47111,333.51,0.45,0.63,2024-05-24,1213,N,VIIRS,l,2,304.31,4.9,D,2
38.39093,-1.37322,339.02,0.4,0.6,2024-05-24,1213,N,VIIRS,n,2,301.31,2.25,D,0
38.38999,-1.37686,335.59,0.4,0.6,2024-05-24,1213,N,VIIRS,n,2,302.46,2.18,D,0
37.57786,-5.18686,342.16,0.65,0.73,2024-05-24,1213,N,VIIRS,n,2,300.78,7.41,D,0
37.58195,-5.19726,353.19,0.65,0.73,2024-05-24,1213,N,VIIRS,n,2,301.85,7.41,D,0
39.15257,-3.62435,344.77,0.49,0.65,2024-05-24,1213,N,VIIRS,n,2,308.96,6.3,D,0
39.23433,-3.47761,357.17,0.48,0.65,2024-05-24,1213,N,VIIRS,l,2,298.86,8.09,D,0
39.24003,-3.48027,367,0.48,0.65,2024-05-24,1213,N,VIIRS,h,2,299.24,8.09,D,0
39.24159,-3.47487,357.21,0.48,0.65,2024-05-24,1213,N,VIIRS,l,2,299.2,8.09,D,0
39.02132,-5.528,367,0.61,0.71,2024-05-24,1213,N,VIIRS,h,2,300.58,16.56,D,0
39.01915,-5.53504,367,0.61,0.71,2024-05-24,1213,N,VIIRS,h,2,300.74,16.56,D,0
42.86709,-2.67125,325.37,0.35,0.57,2024-05-24,1214,N,VIIRS,l,2,297.99,2.63,D,0
39.15068,-3.62079,348.19,0.33,0.55,2024-05-24,1353,N,VIIRS,n,2,312.35,2.92,D,0
37.11149,-6.10804,345.65,0.46,0.47,2024-05-24,1353,N,VIIRS,n,2,312.94,6.25,D,0
39.15046,-3.62468,344.78,0.33,0.55,2024-05-24,1353,N,VIIRS,n,2,311.62,2.92,D,0
40.24623,-3.47496,337.32,0.34,0.56,2024-05-24,1354,N,VIIRS,l,2,308.28,4.4,D,2
41.92198,0.18068,304.05,0.46,0.39,2024-05-25,0211,N,VIIRS,n,2,285.4,0.73,N,2
43.20545,-2.77255,295.11,0.39,0.36,2024-05-25,0211,N,VIIRS,n,2,283.51,0.52,N,0
43.5514,-5.85816,297.5,0.41,0.37,2024-05-25,0211,N,VIIRS,n,2,282.9,0.89,N,2
43.53041,-5.72777,299.63,0.41,0.37,2024-05-25,0211,N,VIIRS,n,2,281.59,0.83,N,2
43.54121,-5.83449,298.57,0.41,0.37,2024-05-25,0211,N,VIIRS,n,2,282.53,1.18,N,2
43.54053,-5.82941,319.66,0.41,0.37,2024-05-25,0211,N,VIIRS,n,2,282.84,1.18,N,2
43.52701,-5.72866,299.36,0.41,0.37,2024-05-25,0211,N,VIIRS,n,2,282.98,0.83,N,2
43.53713,-5.83028,307.81,0.41,0.37,2024-05-25,0211,N,VIIRS,n,2,281.64,1.39,N,2
43.5243,-5.73455,309.99,0.41,0.37,2024-05-25,0211,N,VIIRS,n,2,281.68,1.07,N,2
43.52362,-5.72953,297.91,0.41,0.37,2024-05-25,0211,N,VIIRS,n,2,280.99,1.07,N,2
42.81252,-1.74236,298.99,0.4,0.37,2024-05-25,0211,N,VIIRS,n,2,282.17,0.78,N,2
40.24439,-3.47386,323.14,0.39,0.36,2024-05-25,0212,N,VIIRS,n,2,286.59,1.8,N,2
41.47697,-1.4893,298.13,0.41,0.37,2024-05-25,0212,N,VIIRS,n,2,284.74,0.32,N,2
40.57763,0.53917,296.59,0.49,0.4,2024-05-25,0212,N,VIIRS,n,2,284.54,1.05,N,0
40.24514,-3.47837,299.08,0.39,0.36,2024-05-25,0212,N,VIIRS,n,2,283.35,1.8,N,2
38.14745,-1.65782,300.1,0.44,0.39,2024-05-25,0213,N,VIIRS,n,2,286.38,0.55,N,0
36.86611,-6.01676,313.68,0.38,0.36,2024-05-25,0213,N,VIIRS,n,2,288.7,0.93,N,0
38.87045,-6.72646,367,0.42,0.38,2024-05-25,1334,N,VIIRS,h,2,311.87,6.82,D,0
38.67469,-4.04613,347.7,0.53,0.42,2024-05-25,1334,N,VIIRS,n,2,310.98,12.57,D,0
38.86761,-6.72088,334.12,0.42,0.38,2024-05-25,1334,N,VIIRS,n,2,307.51,6.82,D,0
38.88464,-6.75435,342.98,0.42,0.38,2024-05-25,1334,N,VIIRS,n,2,305.27,3.6,D,0
39.08665,-5.71526,339.38,0.46,0.39,2024-05-25,1334,N,VIIRS,l,2,313.79,3.06,D,0
40.16294,-6.69353,332.41,0.43,0.38,2024-05-25,1335,N,VIIRS,l,2,305.33,3.86,D,0
42.61413,-3.62507,296.86,0.48,0.4,2024-05-26,0153,N,VIIRS,n,2,279.99,1.03,N,0
42.61345,-3.61922,305.15,0.48,0.4,2024-05-26,0153,N,VIIRS,n,2,279.76,1.03,N,0
41.47627,2.18233,295.71,0.39,0.36,2024-05-26,0153,N,VIIRS,n,2,285.56,0.41,N,0
41.45687,1.97923,303.15,0.39,0.36,2024-05-26,0153,N,VIIRS,n,2,288.1,0.79,N,0
41.40844,1.99884,312.95,0.39,0.36,2024-05-26,0153,N,VIIRS,n,2,287.84,1.44,N,2
41.3157,1.6622,298.71,0.39,0.36,2024-05-26,0153,N,VIIRS,n,2,287.6,0.6,N,2
41.3124,1.66125,297.68,0.39,0.36,2024-05-26,0153,N,VIIRS,n,2,286.12,0.6,N,2
41.47566,-1.48585,307.15,0.4,0.37,2024-05-26,0153,N,VIIRS,n,2,287.77,1.24,N,2
40.57715,0.5422,303.45,0.38,0.36,2024-05-26,0153,N,VIIRS,n,2,284.89,0.66,N,2
40.43135,-3.90012,299.28,0.47,0.39,2024-05-26,0153,N,VIIRS,n,2,285.33,1.03,N,0
40.43071,-3.89463,301.46,0.47,0.39,2024-05-26,0153,N,VIIRS,n,2,285.03,0.81,N,0
40.24696,-3.47564,324.06,0.45,0.39,2024-05-26,0153,N,VIIRS,n,2,291.57,3.32,N,2
40.24571,-3.47702,312.05,0.45,0.39,2024-05-26,0153,N,VIIRS,n,2,289.05,2.34,N,2
39.66412,-0.24551,301.19,0.38,0.36,2024-05-26,0153,N,VIIRS,n,2,290.77,0.13,N,0
40.24504,-3.47172,307.57,0.45,0.39,2024-05-26,0153,N,VIIRS,n,2,287.58,1.31,N,2
38.66668,-4.05051,330.87,0.39,0.36,2024-05-26,1315,N,VIIRS,l,2,304.22,1.82,D,2
38.8201,-3.74183,347.59,0.39,0.36,2024-05-26,1315,N,VIIRS,n,2,313.02,8.23,D,0
38.81412,-3.7358,346.82,0.39,0.36,2024-05-26,1315,N,VIIRS,n,2,312.58,8.37,D,0
40.12461,-3.80231,340.3,0.39,0.36,2024-05-26,1316,N,VIIRS,n,2,309.49,2.66,D,0
40.24409,-3.47112,334.95,0.4,0.37,2024-05-26,1316,N,VIIRS,n,2,303.8,3.93,D,2
40.2441,-3.47081,328.38,0.49,0.49,2024-05-27,0134,N,VIIRS,n,2,290.73,2.78,N,2
41.45602,1.98034,297.39,0.44,0.38,2024-05-27,0134,N,VIIRS,n,2,271.95,0.66,N,2
41.31293,1.6644,298.29,0.45,0.39,2024-05-27,0134,N,VIIRS,n,2,268.87,1.05,N,2
41.47389,-1.4839,301.09,0.4,0.44,2024-05-27,0134,N,VIIRS,n,2,283.06,0.59,N,0
41.47627,-1.48582,305.22,0.4,0.44,2024-05-27,0134,N,VIIRS,n,2,283.32,0.98,N,2
37.35986,-7.15031,303.31,0.36,0.57,2024-05-27,0135,N,VIIRS,n,2,285.32,0.68,N,0
38.22117,-1.30093,297.23,0.54,0.42,2024-05-27,0135,N,VIIRS,n,2,282.72,0.49,N,0
37.35777,-6.67091,298.77,0.34,0.56,2024-05-27,0135,N,VIIRS,n,2,288.02,0.76,N,0
37.3652,-7.14966,301.47,0.36,0.57,2024-05-27,0135,N,VIIRS,n,2,285.84,0.53,N,0
37.36227,-7.14775,304.39,0.36,0.57,2024-05-27,0135,N,VIIRS,n,2,286.13,0.93,N,0
40.23833,-3.46693,295.55,0.61,0.71,2024-05-27,0314,N,VIIRS,n,2,284.41,1.49,N,0
40.24065,-3.47415,305.11,0.61,0.71,2024-05-27,0314,N,VIIRS,n,2,285.1,1.49,N,0
40.24132,-3.47277,310.41,0.61,0.71,2024-05-27,0314,N,VIIRS,n,2,286.28,2.82,N,2
37.61346,-4.77274,298.69,0.63,0.72,2024-05-27,0315,N,VIIRS,n,2,286.11,1.1,N,0
38.66021,-4.04608,297.11,0.64,0.72,2024-05-27,0315,N,VIIRS,n,2,284.67,0.65,N,0
37.60705,-4.77546,303.27,0.63,0.72,2024-05-27,0315,N,VIIRS,n,2,286,1.1,N,0
37.36699,-6.32328,350.64,0.41,0.45,2024-05-27,1256,N,VIIRS,n,2,314.35,5.23,D,0
37.37232,-5.89479,340.93,0.39,0.44,2024-05-27,1256,N,VIIRS,l,2,313.09,3.69,D,0
43.54029,-5.82378,322.04,0.6,0.71,2024-05-28,0114,N,VIIRS,n,2,281.33,3.09,N,0
39.78837,3.07752,342.06,0.39,0.44,2024-05-28,0115,N,VIIRS,n,2,281.93,16.2,N,0
42.09288,-0.61093,352.21,0.32,0.55,2024-05-28,0115,N,VIIRS,n,2,282.41,3.87,N,0
41.47411,-1.48223,300.78,0.35,0.57,2024-05-28,0115,N,VIIRS,n,2,283.58,0.84,N,0
41.47583,-1.48047,296.53,0.35,0.57,2024-05-28,0115,N,VIIRS,n,2,282.86,0.85,N,0
40.24429,-3.46771,297.31,0.44,0.62,2024-05-28,0115,N,VIIRS,n,2,269.76,0.9,N,2
39.79243,3.07822,310.44,0.39,0.44,2024-05-28,0115,N,VIIRS,n,2,278.56,1.45,N,0
39.79198,3.08286,298.66,0.39,0.44,2024-05-28,0115,N,VIIRS,n,2,279.46,0.98,N,0
39.78791,3.08216,321.3,0.39,0.44,2024-05-28,0115,N,VIIRS,n,2,279.58,6.94,N,0
36.76434,-2.76841,311.14,0.37,0.58,2024-05-28,0116,N,VIIRS,n,2,289.88,1.87,N,0
38.66813,-4.04772,304.68,0.46,0.63,2024-05-28,0116,N,VIIRS,n,2,288.41,1.63,N,2
36.76978,-2.7678,329.52,0.37,0.58,2024-05-28,0116,N,VIIRS,n,2,291.14,3.29,N,0
36.76952,-2.76357,310.84,0.37,0.58,2024-05-28,0116,N,VIIRS,n,2,289.74,1.83,N,0
36.76409,-2.76417,305.37,0.37,0.58,2024-05-28,0116,N,VIIRS,n,2,289.88,1.21,N,0
39.78285,3.08924,324.75,0.76,0.77,2024-05-28,0255,N,VIIRS,n,2,267.01,4.5,N,0
43.53052,-5.72587,302.76,0.46,0.47,2024-05-28,0255,N,VIIRS,n,2,282.8,0.86,N,2
43.52921,-5.72036,299.05,0.46,0.47,2024-05-28,0255,N,VIIRS,n,2,283.42,0.86,N,0
43.52632,-5.72771,307.86,0.46,0.47,2024-05-28,0255,N,VIIRS,n,2,284.71,0.86,N,2
43.52501,-5.72225,295.23,0.46,0.47,2024-05-28,0255,N,VIIRS,n,2,283.42,0.86,N,0
42.09409,-0.61204,296.46,0.44,0.62,2024-05-28,0255,N,VIIRS,n,2,279.58,1.88,N,0
42.09261,-0.607,315.63,0.44,0.62,2024-05-28,0255,N,VIIRS,n,2,280.24,1.79,N,0
41.30827,1.66871,309.03,0.59,0.7,2024-05-28,0255,N,VIIRS,n,2,284.15,1.89,N,0
41.3079,1.66875,306.83,0.59,0.7,2024-05-28,0255,N,VIIRS,n,2,284.14,1.34,N,0
39.78581,3.08068,295.9,0.76,0.77,2024-05-28,0255,N,VIIRS,n,2,266.71,3.41,N,0
39.77617,3.08551,367,0.76,0.77,2024-05-28,0255,N,VIIRS,h,2,267.33,7.95,N,0
39.77913,3.07694,311.51,0.76,0.77,2024-05-28,0255,N,VIIRS,n,2,267.38,12.91,N,0
39.77321,3.09404,301.58,0.76,0.77,2024-05-28,0255,N,VIIRS,n,2,265.24,7.95,N,0
39.78263,3.08187,340.27,0.76,0.77,2024-05-28,0255,N,VIIRS,n,2,267.52,8.73,N,0
39.77971,3.09045,332.43,0.76,0.77,2024-05-28,0255,N,VIIRS,n,2,266.4,8.73,N,0
39.77597,3.07808,320.67,0.76,0.77,2024-05-28,0255,N,VIIRS,n,2,266.65,4.06,N,0
39.77305,3.08666,314.02,0.76,0.77,2024-05-28,0255,N,VIIRS,n,2,264.82,4.06,N,0
40.24518,-3.46798,316.01,0.36,0.57,2024-05-28,0256,N,VIIRS,n,2,278.94,1.67,N,2
36.76569,-2.76278,323.7,0.48,0.65,2024-05-28,0257,N,VIIRS,n,2,290.41,2.07,N,0
36.76377,-2.7679,302.4,0.48,0.65,2024-05-28,0257,N,VIIRS,n,2,288.88,1.58,N,0
36.76223,-2.76257,315.96,0.48,0.65,2024-05-28,0257,N,VIIRS,n,2,289.89,1.58,N,0
37.46072,-6.06434,351.48,0.35,0.56,2024-05-28,1237,N,VIIRS,n,2,308.94,5.19,D,0
38.53889,-1.52839,335.53,0.39,0.44,2024-05-28,1237,N,VIIRS,l,2,307.53,1.46,D,0
36.33882,-5.85622,338.2,0.36,0.57,2024-05-28,1237,N,VIIRS,n,2,299.59,4.24,D,0
36.3429,-5.86225,335.71,0.36,0.57,2024-05-28,1237,N,VIIRS,n,2,300.24,3.15,D,0
37.57192,-1.30094,335.55,0.39,0.44,2024-05-28,1237,N,VIIRS,n,2,303.8,2.73,D,0
40.82628,0.60166,332.93,0.44,0.38,2024-05-28,1238,N,VIIRS,n,2,301.61,8.81,D,0
40.82534,0.59658,346.99,0.44,0.38,2024-05-28,1238,N,VIIRS,n,2,310.58,8.81,D,0
40.82343,0.58634,338.03,0.44,0.38,2024-05-28,1238,N,VIIRS,n,2,305.61,9.36,D,0
40.24332,-3.47281,337.53,0.44,0.46,2024-05-28,1238,N,VIIRS,l,2,308.74,4.06,D,2
40.03293,-3.70222,346.12,0.46,0.47,2024-05-28,1238,N,VIIRS,n,2,311.3,10.11,D,0
39.60262,-3.22539,337.23,0.44,0.46,2024-05-28,1238,N,VIIRS,l,2,312,1.73,D,0
40.81789,0.59554,342.66,0.44,0.38,2024-05-28,1238,N,VIIRS,n,2,303.76,10.01,D,0
40.81696,0.59046,333.65,0.44,0.38,2024-05-28,1238,N,VIIRS,n,2,300.94,7.39,D,0
40.82231,0.59971,338.51,0.44,0.38,2024-05-28,1238,N,VIIRS,n,2,301.95,10.01,D,0
40.82138,0.59461,350.95,0.44,0.38,2024-05-28,1238,N,VIIRS,n,2,305.05,10.01,D,0
40.82045,0.58954,351.32,0.44,0.38,2024-05-28,1238,N,VIIRS,n,2,308.61,7.39,D,0
40.82581,0.59879,356.04,0.44,0.38,2024-05-28,1238,N,VIIRS,n,2,309.22,19.06,D,0
40.82394,0.58855,348.74,0.44,0.38,2024-05-28,1238,N,VIIRS,n,2,311.46,6.86,D,0
43.53917,-5.83142,335.67,0.48,0.48,2024-05-28,1239,N,VIIRS,n,2,300.74,6.34,D,2
37.19008,-5.89052,367,0.53,0.67,2024-05-28,1418,N,VIIRS,h,2,306.95,10.2,D,0
40.0405,-3.71287,330.24,0.71,0.75,2024-05-28,1419,N,VIIRS,n,2,298.67,15.62,D,0
40.47332,-3.62135,335.69,0.72,0.76,2024-05-28,1419,N,VIIRS,n,2,299.6,4.34,D,0
40.03349,-3.70332,335.14,0.71,0.75,2024-05-28,1419,N,VIIRS,n,2,300.62,14.9,D,0
40.04056,-3.70351,367,0.71,0.75,2024-05-28,1419,N,VIIRS,h,2,300.17,14.9,D,0
40.03674,-3.70689,367,0.72,0.75,2024-05-28,1419,N,VIIRS,h,2,303.98,29.54,D,0
40.23909,-3.46355,303.68,0.77,0.77,2024-05-29,0056,N,VIIRS,n,2,285.43,1.67,N,0
39.69311,3.30334,311.69,0.34,0.56,2024-05-29,0056,N,VIIRS,n,2,282.78,0.77,N,0
40.57632,0.54771,299.21,0.48,0.65,2024-05-29,0056,N,VIIRS,n,2,286.68,0.7,N,0
39.69287,3.30726,295.94,0.34,0.56,2024-05-29,0056,N,VIIRS,n,2,282.62,0.77,N,0
41.66173,0.57516,322.29,0.61,0.53,2024-05-29,0236,N,VIIRS,n,2,283.09,2.31,N,0
43.52687,-5.72545,297.04,0.45,0.39,2024-05-29,0236,N,VIIRS,n,2,277.9,0.77,N,2
43.54874,-5.83886,313.04,0.44,0.39,2024-05-29,0236,N,VIIRS,n,2,278.65,1.88,N,0
43.53036,-5.72419,301.4,0.45,0.39,2024-05-29,0236,N,VIIRS,n,2,279.4,0.77,N,2
38.66854,-4.04339,307.29,0.43,0.46,2024-05-29,0237,N,VIIRS,n,2,288.46,1.69,N,2
38.66748,-4.03862,322.52,0.43,0.46,2024-05-29,0237,N,VIIRS,n,2,287.47,1.69,N,0
40.24756,-3.4647,321.47,0.42,0.45,2024-05-29,0237,N,VIIRS,n,2,290.5,2.23,N,0
40.24865,-3.46952,300.61,0.42,0.45,2024-05-29,0237,N,VIIRS,n,2,289.8,2.56,N,0
36.50426,-5.8176,336.34,0.63,0.72,2024-05-29,1218,N,VIIRS,n,2,300.94,4.35,D,0
38.59575,-1.84355,342.4,0.35,0.56,2024-05-29,1219,N,VIIRS,n,2,310.69,4.44,D,0
38.59477,-1.84736,338.35,0.35,0.56,2024-05-29,1219,N,VIIRS,n,2,307.09,3,D,0
39.02468,-5.54626,336.56,0.52,0.67,2024-05-29,1219,N,VIIRS,n,2,302.81,2.82,D,0
40.1089,-3.05273,339.42,0.36,0.58,2024-05-29,1219,N,VIIRS,n,2,307.95,5.26,D,0
40.24758,-3.4779,343.73,0.38,0.59,2024-05-29,1219,N,VIIRS,n,2,307.01,3.32,D,2
40.10777,-3.05693,345.86,0.36,0.58,2024-05-29,1219,N,VIIRS,n,2,307.65,4.54,D,0
36.50874,-5.8194,339.88,0.63,0.72,2024-05-29,1219,N,VIIRS,n,2,301.54,5.73,D,0
37.58409,-5.19967,349.16,0.54,0.68,2024-05-29,1219,N,VIIRS,n,2,303.99,7.73,D,0
37.58174,-5.19909,335.42,0.54,0.68,2024-05-29,1219,N,VIIRS,n,2,303.36,4.11,D,0
37.58765,-5.20206,338.55,0.54,0.68,2024-05-29,1219,N,VIIRS,n,2,304.05,4.11,D,0
43.53004,-5.7387,334.63,0.39,0.6,2024-05-29,1220,N,VIIRS,n,2,287.84,4,D,0
43.53127,-5.73438,326.25,0.39,0.59,2024-05-29,1220,N,VIIRS,n,2,287.96,4,D,0
43.53134,-5.73605,345.72,0.39,0.59,2024-05-29,1220,N,VIIRS,n,2,288.28,4.35,D,0
38.7942,-6.38901,345.73,0.56,0.52,2024-05-29,1359,N,VIIRS,n,2,316.28,14.56,D,0
38.86876,-6.99742,346.4,0.52,0.5,2024-05-29,1359,N,VIIRS,n,2,311.16,3.97,D,0
39.58228,-3.04169,367,0.43,0.62,2024-05-29,1400,N,VIIRS,h,2,310.57,16.11,D,0
40.24823,-3.47621,337.76,0.41,0.61,2024-05-29,1400,N,VIIRS,n,2,300.18,2.8,D,0
41.20208,0.19269,367,0.65,0.73,2024-05-29,1400,N,VIIRS,h,2,302.85,9.08,D,0
39.58241,-3.04331,367,0.43,0.62,2024-05-29,1400,N,VIIRS,h,2,310.39,16.59,D,0
43.52765,-5.72885,332.92,0.34,0.56,2024-05-29,1401,N,VIIRS,n,2,293.78,7.07,D,2
43.5274,-5.73327,367,0.34,0.56,2024-05-29,1401,N,VIIRS,h,2,295.17,7.07,D,2
43.52244,-5.72846,330.95,0.34,0.56,2024-05-29,1401,N,VIIRS,n,2,290.14,7.07,D,2
43.52716,-5.73779,332.89,0.34,0.56,2024-05-29,1401,N,VIIRS,n,2,291.45,8.99,D,2
43.44207,-3.84547,307.73,0.41,0.37,2024-06-04,0224,N,VIIRS,n,2,286.87,1,N,0
40.24323,-3.47629,298.21,0.46,0.39,2024-06-04,0224,N,VIIRS,n,2,287.22,0.63,N,2
40.24504,-3.48002,298.19,0.46,0.39,2024-06-04,0224,N,VIIRS,n,2,288,0.92,N,2
39.95121,-0.00437,304.23,0.44,0.46,2024-06-04,0224,N,VIIRS,n,2,290.25,1.52,N,2
39.95015,-0.00323,300.15,0.44,0.46,2024-06-04,0224,N,VIIRS,n,2,288.65,1.78,N,2
40.57845,0.54025,300.01,0.45,0.47,2024-06-04,0224,N,VIIRS,n,2,288.63,0.69,N,2
41.64013,0.62681,299.06,0.43,0.46,2024-06-04,0224,N,VIIRS,n,2,285.24,0.44,N,0
43.52706,-5.72794,308.17,0.39,0.36,2024-06-04,0224,N,VIIRS,n,2,286.52,0.83,N,2
43.34798,-8.43619,302.09,0.4,0.37,2024-06-04,0224,N,VIIRS,n,2,287.49,0.78,N,2
37.66219,-4.9257,300.44,0.44,0.39,2024-06-04,0225,N,VIIRS,n,2,288.47,0.4,N,0
38.32162,-6.72081,303.97,0.39,0.37,2024-06-04,0225,N,VIIRS,n,2,290.44,0.61,N,0
37.57101,-0.91654,296.65,0.44,0.46,2024-06-04,0225,N,VIIRS,n,2,265.76,0.74,N,2
36.10229,-5.64578,312.7,0.44,0.38,2024-06-04,0226,N,VIIRS,n,2,290.03,3.72,N,0
36.10337,-5.67141,343.06,0.44,0.38,2024-06-04,0226,N,VIIRS,n,2,297.85,9.55,N,0
36.10252,-5.66681,345.01,0.44,0.38,2024-06-04,0226,N,VIIRS,n,2,291.5,9.55,N,0
36.10603,-5.66602,347.33,0.44,0.38,2024-06-04,0226,N,VIIRS,n,2,294.65,9.32,N,0
36.10418,-5.65601,323.73,0.44,0.38,2024-06-04,0226,N,VIIRS,n,2,290.37,2.06,N,0
36.10323,-5.65088,345.27,0.44,0.38,2024-06-04,0226,N,VIIRS,n,2,293.09,3.72,N,0
36.10073,-5.65712,331.53,0.44,0.38,2024-06-04,0226,N,VIIRS,n,2,290.15,3.31,N,0
36.09979,-5.65207,345.37,0.44,0.38,2024-06-04,0226,N,VIIRS,n,2,293.05,11.77,N,0
36.09883,-5.64691,345.81,0.44,0.38,2024-06-04,0226,N,VIIRS,n,2,292.89,11.77,N,0
38.05972,-3.97611,352.28,0.66,0.73,2024-06-04,1206,N,VIIRS,n,2,297.87,11.14,D,0
38.8828,1.37524,367,0.34,0.56,2024-06-04,1206,N,VIIRS,h,2,309.81,11.2,D,0
38.88181,1.37143,334.71,0.34,0.56,2024-06-04,1206,N,VIIRS,n,2,298.53,11.2,D,0
38.05794,-3.97347,338.76,0.66,0.73,2024-06-04,1206,N,VIIRS,n,2,297.26,5.27,D,0
38.06446,-3.97624,334.84,0.66,0.73,2024-06-04,1206,N,VIIRS,n,2,297.14,5.96,D,0
42.64553,-1.99563,326.2,0.39,0.6,2024-06-04,1207,N,VIIRS,l,2,298.62,1.58,D,0
42.64545,-1.99696,328.18,0.39,0.6,2024-06-04,1207,N,VIIRS,n,2,297.61,2.3,D,0
37.42381,-5.92824,345,0.39,0.44,2024-06-04,1346,N,VIIRS,n,2,312.36,6.57,D,0
37.09959,-6.12925,339.3,0.57,0.43,2024-06-04,1346,N,VIIRS,l,2,309.39,14.05,D,0
36.84296,-2.14784,339.34,0.61,0.53,2024-06-04,1346,N,VIIRS,n,2,301.93,7.24,D,0
36.10854,-5.6639,336.16,0.39,0.44,2024-06-04,1346,N,VIIRS,n,2,309.2,2.62,D,0
36.10149,-5.6528,344.91,0.39,0.44,2024-06-04,1346,N,VIIRS,n,2,303.74,17.5,D,0
36.10451,-5.66314,345.12,0.39,0.44,2024-06-04,1346,N,VIIRS,n,2,314.1,25.45,D,0
36.10202,-5.64777,345.98,0.39,0.44,2024-06-04,1346,N,VIIRS,n,2,308.83,16.82,D,0
36.1081,-5.66811,334.11,0.39,0.44,2024-06-04,1346,N,VIIRS,n,2,300.88,2.62,D,0
36.10802,-5.66765,342.03,0.39,0.44,2024-06-04,1346,N,VIIRS,n,2,304.45,6.56,D,0
37.35742,-7.02743,330.71,0.52,0.41,2024-06-04,1346,N,VIIRS,l,2,301.34,2.37,D,0
36.10409,-5.66724,347.36,0.39,0.44,2024-06-04,1346,N,VIIRS,n,2,309.62,25.45,D,0
36.10609,-5.64818,353.53,0.39,0.44,2024-06-04,1346,N,VIIRS,n,2,305.41,16.82,D,0
39.70912,-4.25279,354.45,0.5,0.49,2024-06-04,1347,N,VIIRS,n,2,304.41,23.12,D,0
39.05931,-5.98773,343.46,0.4,0.45,2024-06-04,1347,N,VIIRS,n,2,307.69,6.4,D,0
43.52607,-5.72516,329.99,0.47,0.47,2024-06-04,1348,N,VIIRS,n,2,296.06,4.11,D,2
41.64624,-0.77068,298.72,0.39,0.37,2024-06-05,0205,N,VIIRS,n,2,287.59,0.43,N,0
40.57624,0.54115,306.62,0.43,0.38,2024-06-05,0205,N,VIIRS,n,2,290.05,1.02,N,2
43.44181,-3.84236,299.26,0.4,0.37,2024-06-05,0205,N,VIIRS,n,2,288.09,0.51,N,2
43.22443,-2.87883,296.95,0.39,0.36,2024-06-05,0205,N,VIIRS,n,2,286.56,0.62,N,2
43.54307,-5.78512,295.43,0.45,0.39,2024-06-05,0205,N,VIIRS,n,2,285.15,0.33,N,0
43.52919,-5.73095,305.55,0.45,0.39,2024-06-05,0205,N,VIIRS,n,2,287.1,0.82,N,2
43.52561,-5.73174,302.12,0.45,0.39,2024-06-05,0205,N,VIIRS,n,2,287.48,0.82,N,2
41.92204,0.17903,309.18,0.41,0.37,2024-06-05,0205,N,VIIRS,n,2,287.78,1.26,N,2
42.81245,-1.74254,295.81,0.38,0.36,2024-06-05,0205,N,VIIRS,n,2,284.49,0.61,N,2
43.34599,-8.43595,302.69,0.38,0.43,2024-06-05,0205,N,VIIRS,n,2,288.88,0.51,N,2
43.34591,-8.43733,303.22,0.38,0.43,2024-06-05,0205,N,VIIRS,n,2,288.55,0.7,N,2
41.9254,0.1801,309.33,0.41,0.37,2024-06-05,0205,N,VIIRS,n,2,288.4,1.26,N,2
41.47585,-1.48877,307.01,0.39,0.36,2024-06-05,0205,N,VIIRS,n,2,287.59,0.63,N,2
41.52918,1.80613,297.64,0.46,0.39,2024-06-05,0205,N,VIIRS,n,2,286.96,0.45,N,0
37.32971,-6.10749,312.06,0.41,0.37,2024-06-05,0206,N,VIIRS,n,2,289.2,1.18,N,0
36.9676,-1.90703,311.81,0.4,0.37,2024-06-05,0206,N,VIIRS,n,2,291.19,1.03,N,2
38.18284,-1.5431,296.85,0.4,0.37,2024-06-05,0206,N,VIIRS,n,2,285.02,0.28,N,0
37.35933,-6.67358,300.29,0.43,0.38,2024-06-05,0206,N,VIIRS,n,2,289.1,0.72,N,2
39.0161,-1.65208,297.61,0.4,0.37,2024-06-05,0206,N,VIIRS,n,2,286.97,0.48,N,0
36.10705,-5.67015,323.45,0.4,0.37,2024-06-05,0207,N,VIIRS,n,2,290.47,2.11,N,0
36.10455,-5.65289,305.48,0.4,0.37,2024-06-05,0207,N,VIIRS,n,2,288.52,0.91,N,0
40.91923,-5.52078,338.98,0.43,0.38,2024-06-05,1328,N,VIIRS,n,2,304.48,3.54,D,0
43.524,-5.73051,329.56,0.44,0.39,2024-06-05,1329,N,VIIRS,n,2,272.51,11.81,D,2
43.03371,-2.21762,299.13,0.49,0.41,2024-06-06,0146,N,VIIRS,n,2,281.06,0.43,N,2
43.03363,-2.21751,297.09,0.5,0.41,2024-06-06,0146,N,VIIRS,n,2,280.84,0.6,N,2
43.5443,-5.84509,297.81,0.49,0.48,2024-06-06,0146,N,VIIRS,n,2,280.24,1.16,N,2
43.53885,-5.83344,324.21,0.49,0.48,2024-06-06,0146,N,VIIRS,n,2,279.95,3.49,N,2
43.52682,-5.73721,300.83,0.48,0.48,2024-06-06,0146,N,VIIRS,n,2,273.56,2.27,N,2
43.52635,-5.73129,321.86,0.48,0.48,2024-06-06,0146,N,VIIRS,n,2,275.22,2.27,N,2
38.66466,-4.05003,305.07,0.53,0.42,2024-06-06,0147,N,VIIRS,n,2,285.52,1.34,N,2
38.04218,-1.01047,302.73,0.41,0.37,2024-06-06,0147,N,VIIRS,n,2,285.98,0.65,N,0
38.04293,-1.01324,296.05,0.41,0.37,2024-06-06,0147,N,VIIRS,n,2,285.92,0.83,N,0
38.37495,-0.54488,300.19,0.4,0.37,2024-06-06,0147,N,VIIRS,n,2,288.54,0.52,N,2
38.66851,-4.04928,298.48,0.53,0.42,2024-06-06,0147,N,VIIRS,n,2,287.63,1.34,N,2
38.11708,-1.27817,300.96,0.41,0.37,2024-06-06,0147,N,VIIRS,n,2,288.38,0.36,N,0
37.17651,-6.8943,308.35,0.47,0.48,2024-06-06,0148,N,VIIRS,n,2,290.37,1.24,N,0
36.76803,-2.77133,300.6,0.45,0.39,2024-06-06,0148,N,VIIRS,n,2,288.95,0.55,N,0
36.766,-2.77001,303.69,0.45,0.39,2024-06-06,0148,N,VIIRS,n,2,290.18,0.6,N,0
41.31295,1.66044,297.67,0.52,0.41,2024-06-07,0127,N,VIIRS,n,2,283.05,0.5,N,2
40.57558,0.54122,305.01,0.57,0.43,2024-06-07,0127,N,VIIRS,n,2,287.53,1.55,N,2
41.4539,1.97613,300.95,0.5,0.41,2024-06-07,0127,N,VIIRS,n,2,289.67,1.4,N,2
36.95818,-2.2168,310.97,0.47,0.48,2024-06-07,0129,N,VIIRS,n,2,278.05,6.43,N,0
36.95331,-2.21269,341.55,0.47,0.48,2024-06-07,0129,N,VIIRS,n,2,285.24,6.43,N,0
36.9557,-2.23849,314.94,0.47,0.48,2024-06-07,0129,N,VIIRS,n,2,278.31,5.46,N,0
36.95132,-2.23965,342.42,0.47,0.48,2024-06-07,0129,N,VIIRS,n,2,290.8,9.02,N,0
36.94059,-2.22057,307.64,0.47,0.48,2024-06-07,0129,N,VIIRS,n,2,272.04,1.36,N,0
36.9111,-2.24171,334.29,0.47,0.48,2024-06-07,0129,N,VIIRS,n,2,276.5,6.66,N,0
36.90574,-2.23196,329.1,0.47,0.48,2024-06-07,0129,N,VIIRS,n,2,285.62,4.43,N,0
36.90132,-2.2327,322.14,0.47,0.48,2024-06-07,0129,N,VIIRS,n,2,282.28,4.43,N,0
36.8939,-2.25015,324.68,0.47,0.48,2024-06-07,0129,N,VIIRS,n,2,277.31,5.07,N,0
36.96211,-2.22922,314,0.47,0.48,2024-06-07,0129,N,VIIRS,n,2,286.71,4.88,N,0
36.96257,-2.23459,314.79,0.47,0.48,2024-06-07,0129,N,VIIRS,n,2,282.62,2.42,N,0
36.96301,-2.23964,304.7,0.47,0.48,2024-06-07,0129,N,VIIRS,n,2,275.6,2.42,N,0
36.96603,-2.22276,337.59,0.47,0.48,2024-06-07,0129,N,VIIRS,n,2,285.74,4.88,N,0
36.96646,-2.22761,341.6,0.47,0.48,2024-06-07,0129,N,VIIRS,n,2,285.52,4.88,N,0
36.97523,-2.22532,303,0.47,0.48,2024-06-07,0129,N,VIIRS,n,2,275.79,10.5,N,0
36.97126,-2.23122,304.64,0.47,0.48,2024-06-07,0129,N,VIIRS,n,2,271.07,2,N,0
36.9704,-2.22145,340.27,0.47,0.48,2024-06-07,0129,N,VIIRS,n,2,282.75,10.5,N,0
36.97082,-2.22611,351.12,0.47,0.48,2024-06-07,0129,N,VIIRS,n,2,286.52,10.5,N,0
36.96124,-2.21928,317.64,0.47,0.48,2024-06-07,0129,N,VIIRS,n,2,275.7,2.26,N,0
36.96167,-2.22421,308.54,0.47,0.48,2024-06-07,0129,N,VIIRS,n,2,278.32,4.88,N,0
36.95774,-2.2307,309.35,0.47,0.48,2024-06-07,0129,N,VIIRS,n,2,276.41,2.65,N,0
36.95684,-2.22034,329.36,0.47,0.48,2024-06-07,0129,N,VIIRS,n,2,277.37,7.15,N,0
36.952,-2.21626,340.03,0.47,0.48,2024-06-07,0129,N,VIIRS,n,2,277.87,7.15,N,0
36.95156,-2.21117,329.51,0.47,0.48,2024-06-07,0129,N,VIIRS,n,2,279.83,3.8,N,0
36.95381,-2.23715,312.79,0.47,0.48,2024-06-07,0129,N,VIIRS,n,2,283.83,2.62,N,0
36.94941,-2.23826,338.89,0.47,0.48,2024-06-07,0129,N,VIIRS,n,2,282.1,10.53,N,0
36.95863,-2.22177,335.14,0.47,0.48,2024-06-07,0129,N,VIIRS,n,2,274.14,6.05,N,0
36.91093,-2.24042,337.17,0.73,0.76,2024-06-07,0309,N,VIIRS,n,2,284.45,8.24,N,0
36.97255,-2.23109,331.67,0.73,0.76,2024-06-07,0309,N,VIIRS,n,2,281.15,6.58,N,0
36.97594,-2.2415,299.14,0.73,0.76,2024-06-07,0309,N,VIIRS,n,2,280.4,6.14,N,0
36.96822,-2.21777,314.68,0.73,0.76,2024-06-07,0309,N,VIIRS,n,2,282.22,6.58,N,0
36.96762,-2.23958,331.15,0.73,0.76,2024-06-07,0309,N,VIIRS,n,2,286.18,7.4,N,0
36.96075,-2.21848,330.96,0.73,0.76,2024-06-07,0309,N,VIIRS,n,2,285.62,6.21,N,0
36.96455,-2.23014,312.58,0.73,0.76,2024-06-07,0309,N,VIIRS,n,2,284.37,6.21,N,0
36.96003,-2.23988,320.43,0.73,0.76,2024-06-07,0309,N,VIIRS,n,2,287.02,7.4,N,0
36.95363,-2.22029,309.52,0.73,0.76,2024-06-07,0309,N,VIIRS,n,2,285.71,6.21,N,0
36.97392,-2.22693,324.8,0.73,0.76,2024-06-07,0309,N,VIIRS,n,2,281.38,6.32,N,0
36.96922,-2.23622,338.37,0.73,0.76,2024-06-07,0309,N,VIIRS,n,2,285.89,6.32,N,0
36.96196,-2.21347,322.08,0.73,0.76,2024-06-07,0309,N,VIIRS,n,2,284.08,8.29,N,0
36.9663,-2.2271,311.45,0.73,0.76,2024-06-07,0309,N,VIIRS,n,2,284.26,6.32,N,0
36.96138,-2.23569,321.4,0.73,0.76,2024-06-07,0309,N,VIIRS,n,2,286.93,4.26,N,0
36.95835,-2.22623,306.61,0.73,0.76,2024-06-07,0309,N,VIIRS,n,2,285.83,4.26,N,0
36.95515,-2.21621,318.8,0.73,0.76,2024-06-07,0309,N,VIIRS,n,2,285.88,8.53,N,0
36.95393,-2.2364,310.77,0.73,0.76,2024-06-07,0309,N,VIIRS,n,2,287.13,4.26,N,0
36.93438,-2.22337,318.03,0.73,0.76,2024-06-07,0309,N,VIIRS,n,2,286.81,5.32,N,0
36.93159,-2.21469,310.62,0.73,0.76,2024-06-07,0309,N,VIIRS,n,2,285.84,5.32,N,0
36.91698,-2.24095,328.66,0.73,0.76,2024-06-07,0309,N,VIIRS,n,2,280.67,7.25,N,0
36.91416,-2.23222,341.68,0.73,0.76,2024-06-07,0309,N,VIIRS,n,2,287.26,9.47,N,0
36.90742,-2.23519,329.42,0.73,0.76,2024-06-07,0309,N,VIIRS,n,2,285.61,9.47,N,0
36.91017,-2.2437,308.14,0.73,0.76,2024-06-07,0309,N,VIIRS,n,2,280.65,7.25,N,0
36.90066,-2.23808,317.62,0.73,0.76,2024-06-07,0309,N,VIIRS,n,2,286.33,11.43,N,0
36.89937,-2.25788,306.81,0.73,0.76,2024-06-07,0309,N,VIIRS,n,2,279.71,7.52,N,0
36.89259,-2.2607,307.84,0.73,0.76,2024-06-07,0309,N,VIIRS,n,2,284.96,5.21,N,0
36.89333,-2.25754,309.07,0.73,0.76,2024-06-07,0309,N,VIIRS,n,2,284.6,4.94,N,0
36.89603,-2.26602,321.48,0.73,0.76,2024-06-07,0309,N,VIIRS,n,2,279.82,4.94,N,0
36.90146,-2.23478,329.32,0.73,0.76,2024-06-07,0309,N,VIIRS,n,2,286.82,8.24,N,0
36.90819,-2.23177,335.85,0.73,0.76,2024-06-07,0309,N,VIIRS,n,2,285.36,8.24,N,0
36.91794,-2.25984,345.88,0.49,0.4,2024-06-07,1249,N,VIIRS,n,2,306.92,53.54,D,0
36.92102,-2.24375,367,0.49,0.4,2024-06-07,1249,N,VIIRS,h,2,338.43,79.04,D,0
36.92,-2.2491,367,0.49,0.4,2024-06-07,1249,N,VIIRS,h,2,330.77,39.66,D,0
36.96374,-2.25121,344.76,0.48,0.4,2024-06-07,1249,N,VIIRS,n,2,311.57,7.78,D,0
36.96851,-2.24643,339.85,0.48,0.4,2024-06-07,1249,N,VIIRS,n,2,306.36,14.92,D,0
36.96745,-2.25189,352.17,0.48,0.4,2024-06-07,1249,N,VIIRS,n,2,316.98,14.92,D,0
36.96635,-2.25753,342.8,0.48,0.4,2024-06-07,1249,N,VIIRS,n,2,309.76,6.65,D,0
36.97117,-2.25255,353.5,0.48,0.4,2024-06-07,1249,N,VIIRS,n,2,306.97,14.92,D,0
36.91225,-2.26944,337.41,0.49,0.4,2024-06-07,1249,N,VIIRS,n,2,303.45,6.34,D,0
36.91064,-2.25782,367,0.49,0.4,2024-06-07,1249,N,VIIRS,h,2,303.67,20.2,D,0
36.91166,-2.25249,352.06,0.49,0.4,2024-06-07,1249,N,VIIRS,n,2,311.11,15.92,D,0
36.91737,-2.24276,367,0.49,0.4,2024-06-07,1249,N,VIIRS,h,2,315.31,22.87,D,0
36.91897,-2.25448,352.27,0.49,0.4,2024-06-07,1249,N,VIIRS,n,2,312.19,39.66,D,0
36.91327,-2.26413,367,0.49,0.4,2024-06-07,1249,N,VIIRS,h,2,312.66,20.2,D,0
36.91941,-2.23215,342,0.48,0.4,2024-06-07,1249,N,VIIRS,n,2,308.88,12.85,D,0
36.91269,-2.24713,339.45,0.49,0.4,2024-06-07,1249,N,VIIRS,n,2,308.23,15.92,D,0
36.91591,-2.27044,342.62,0.49,0.4,2024-06-07,1249,N,VIIRS,n,2,306.14,13.65,D,0
36.92467,-2.24478,345.28,0.49,0.4,2024-06-07,1249,N,VIIRS,n,2,305.91,79.04,D,0
36.92263,-2.25548,338.03,0.49,0.4,2024-06-07,1249,N,VIIRS,n,2,308.34,39.66,D,0
36.92058,-2.26618,332.96,0.49,0.4,2024-06-07,1249,N,VIIRS,l,2,307.71,53.54,D,0
36.91839,-2.23744,355.6,0.48,0.4,2024-06-07,1249,N,VIIRS,n,2,318.44,22.87,D,0
36.95871,-2.24758,337.59,0.48,0.4,2024-06-07,1249,N,VIIRS,l,2,309.87,4.31,D,0
36.95633,-2.2497,339.36,0.48,0.4,2024-06-07,1249,N,VIIRS,n,2,310.76,3.34,D,0
36.92204,-2.23844,347.62,0.48,0.4,2024-06-07,1249,N,VIIRS,n,2,315.82,79.04,D,0
36.91635,-2.24812,350.32,0.49,0.4,2024-06-07,1249,N,VIIRS,n,2,313.83,15.92,D,0
36.91531,-2.25349,346.86,0.49,0.4,2024-06-07,1249,N,VIIRS,n,2,311.76,15.92,D,0
36.91429,-2.25882,353.36,0.49,0.4,2024-06-07,1249,N,VIIRS,n,2,308.78,20.2,D,0
39.02035,-1.65605,316.38,0.42,0.61,2024-06-08,0109,N,VIIRS,n,2,286.95,1.91,N,0
42.19537,0.59271,297.89,0.42,0.61,2024-06-08,0248,N,VIIRS,n,2,278.14,0.69,N,0
39.01942,-1.65679,298.56,0.4,0.6,2024-06-08,0249,N,VIIRS,n,2,286.27,0.65,N,0
39.01826,-1.65257,300.63,0.4,0.6,2024-06-08,0249,N,VIIRS,n,2,285.97,0.65,N,0
37.35885,-5.86536,302.37,0.53,0.5,2024-06-08,0250,N,VIIRS,n,2,288.91,1.22,N,2
37.36172,-5.86391,299.8,0.53,0.5,2024-06-08,0250,N,VIIRS,n,2,288.44,0.26,N,2
38.28683,-1.60223,355.17,0.47,0.48,2024-06-08,1231,N,VIIRS,l,2,301.13,12.51,D,0
38.2794,-1.59411,339.08,0.47,0.48,2024-06-08,1231,N,VIIRS,n,2,302.94,8.79,D,0
38.28251,-1.60083,356.77,0.47,0.48,2024-06-08,1231,N,VIIRS,n,2,299.42,8.79,D,0
38.27819,-1.59942,341.59,0.47,0.48,2024-06-08,1231,N,VIIRS,n,2,302.07,8.79,D,0
38.66703,-4.04554,328.5,0.55,0.68,2024-06-08,1412,N,VIIRS,n,2,292.13,4.25,D,2
38.66726,-4.05039,309.78,0.53,0.42,2024-06-09,0231,N,VIIRS,n,2,285.81,1.17,N,2
38.93406,-6.337,299.9,0.43,0.38,2024-06-09,0231,N,VIIRS,n,2,285.65,0.62,N,0
37.568,-0.91598,301.6,0.53,0.5,2024-06-09,0231,N,VIIRS,n,2,289.7,2.09,N,2
36.96544,-1.90569,301.79,0.49,0.49,2024-06-09,0231,N,VIIRS,n,2,290.4,1.09,N,2
36.76492,-2.76989,305.2,0.45,0.47,2024-06-09,0231,N,VIIRS,n,2,289.42,0.39,N,0
38.29796,-1.02261,301.23,0.51,0.49,2024-06-09,0231,N,VIIRS,n,2,286.21,0.9,N,0
38.98832,-6.33452,297.64,0.43,0.38,2024-06-09,0231,N,VIIRS,n,2,285.79,0.5,N,0
40.57721,0.54194,303.86,0.49,0.4,2024-06-10,0211,N,VIIRS,n,2,289.59,0.83,N,2
43.54009,-5.82845,296.71,0.41,0.37,2024-06-10,0211,N,VIIRS,n,2,283.89,1.2,N,2
43.54077,-5.83356,328.05,0.41,0.37,2024-06-10,0211,N,VIIRS,n,2,286.05,2.91,N,2
43.551,-5.85738,313.55,0.41,0.37,2024-06-10,0211,N,VIIRS,n,2,284.52,1.34,N,2
43.52383,-5.73313,302.78,0.41,0.37,2024-06-10,0211,N,VIIRS,n,2,284.48,0.99,N,2
41.92502,0.17863,313.45,0.45,0.39,2024-06-10,0211,N,VIIRS,n,2,281.89,1.65,N,2
38.37953,-6.48475,298.31,0.39,0.37,2024-06-10,0212,N,VIIRS,n,2,285.75,0.48,N,2
39.57319,-2.46524,328.05,0.41,0.37,2024-06-10,0212,N,VIIRS,n,2,284.7,2.95,N,0
38.66589,-4.05184,336.39,0.39,0.36,2024-06-10,0212,N,VIIRS,n,2,286.38,4.14,N,2
38.66517,-4.04743,308.62,0.39,0.36,2024-06-10,0212,N,VIIRS,n,2,285.9,0.96,N,2
37.66341,-1.24258,320.69,0.46,0.39,2024-06-10,0212,N,VIIRS,n,2,287.95,2.1,N,0
37.56931,-0.91615,310.8,0.48,0.4,2024-06-10,0212,N,VIIRS,n,2,290.31,0.98,N,2
37.57063,-0.91685,320.23,0.48,0.4,2024-06-10,0212,N,VIIRS,n,2,291.23,2.75,N,2
36.96764,-1.90613,308.92,0.45,0.39,2024-06-10,0212,N,VIIRS,n,2,291.37,1.05,N,2
38.96755,-0.2568,331.36,0.59,0.7,2024-06-10,1153,N,VIIRS,n,2,288.36,4.01,D,0
38.96767,-0.25866,332.94,0.59,0.7,2024-06-10,1154,N,VIIRS,n,2,288.52,3.96,D,0
36.32488,-5.25603,335.01,0.44,0.39,2024-06-10,1333,N,VIIRS,n,2,301.99,4.59,D,0
43.54077,-5.83082,330.1,0.5,0.41,2024-06-10,1335,N,VIIRS,n,2,300.57,3.48,D,2
40.00946,-3.90293,296.63,0.47,0.39,2024-06-11,0153,N,VIIRS,n,2,284.73,0.53,N,0
37.66234,-4.92709,296.81,0.48,0.4,2024-06-11,0154,N,VIIRS,n,2,286.19,0.3,N,0
37.35878,-5.86458,298.01,0.53,0.42,2024-06-11,0154,N,VIIRS,n,2,287.27,0.38,N,2
37.36235,-5.93787,298.3,0.53,0.42,2024-06-11,0154,N,VIIRS,n,2,286.96,0.5,N,0
37.02411,-5.19799,295.95,0.49,0.4,2024-06-11,0154,N,VIIRS,n,2,284.47,0.43,N,0
43.34592,-8.43521,304.82,0.47,0.64,2024-06-12,0133,N,VIIRS,n,2,282.14,1.34,N,2
43.03614,-2.21742,297.03,0.46,0.47,2024-06-12,0133,N,VIIRS,n,2,281.98,0.86,N,2
41.47364,-1.489,299.66,0.41,0.45,2024-06-12,0133,N,VIIRS,n,2,283.74,0.72,N,2
41.44754,-0.06756,319.45,0.53,0.42,2024-06-12,0133,N,VIIRS,n,2,282.49,2.27,N,0
40.57635,0.53956,303.98,0.49,0.4,2024-06-12,0134,N,VIIRS,n,2,286.64,0.81,N,2
40.24571,-3.47719,302.3,0.5,0.49,2024-06-12,0134,N,VIIRS,n,2,285.48,1.29,N,2
37.18227,-6.8986,299.29,0.35,0.57,2024-06-12,0135,N,VIIRS,n,2,288.48,0.55,N,0
38.88724,-6.63245,337.33,0.4,0.44,2024-06-12,1256,N,VIIRS,l,2,307.4,2.11,D,0
43.53994,-5.8324,345.16,0.46,0.39,2024-06-12,1257,N,VIIRS,n,2,309.59,19.21,D,2
43.5285,-5.73104,341.81,0.46,0.39,2024-06-12,1257,N,VIIRS,n,2,302.5,7.36,D,2
41.45287,1.97978,296.29,0.47,0.48,2024-06-13,0114,N,VIIRS,n,2,284.7,0.55,N,2
41.45728,1.98053,295.16,0.47,0.48,2024-06-13,0114,N,VIIRS,n,2,284.68,0.55,N,0
41.45566,1.98052,302.19,0.47,0.48,2024-06-13,0114,N,VIIRS,n,2,284.94,0.63,N,2
43.53864,-5.83515,312.47,0.61,0.71,2024-06-13,0114,N,VIIRS,n,2,274.15,3,N,2
43.03395,-2.21867,295.33,0.4,0.6,2024-06-13,0114,N,VIIRS,n,2,280.37,0.3,N,2
41.47573,-1.48797,302.74,0.36,0.57,2024-06-13,0114,N,VIIRS,n,2,282.76,0.39,N,2
40.24521,-3.47757,320.97,0.44,0.63,2024-06-13,0115,N,VIIRS,n,2,285.44,3.12,N,2
39.95042,-0.00485,299.24,0.57,0.52,2024-06-13,0115,N,VIIRS,n,2,287.81,1.32,N,2
40.57814,0.54242,301.17,0.55,0.51,2024-06-13,0115,N,VIIRS,n,2,286.57,0.98,N,2
36.96543,-1.90466,299.74,0.34,0.56,2024-06-13,0116,N,VIIRS,n,2,288.24,1.13,N,2
43.54635,-5.84613,297.37,0.45,0.47,2024-06-13,0255,N,VIIRS,n,2,279.47,1.11,N,2
40.2436,-3.47624,326.11,0.36,0.57,2024-06-13,0255,N,VIIRS,n,2,285.54,2.54,N,2
40.24276,-3.47677,315.97,0.36,0.57,2024-06-13,0255,N,VIIRS,n,2,283.92,1.9,N,2
40.24781,-3.47453,306.72,0.36,0.57,2024-06-13,0255,N,VIIRS,n,2,282.64,0.92,N,2
43.5439,-5.84211,296.1,0.45,0.47,2024-06-13,0255,N,VIIRS,n,2,279.39,1.02,N,2
43.54514,-5.84745,299.85,0.45,0.47,2024-06-13,0255,N,VIIRS,n,2,279.33,0.95,N,2
36.33976,-5.86005,335.15,0.37,0.58,2024-06-13,1237,N,VIIRS,n,2,303.6,3.93,D,0
36.35111,-5.85999,340.9,0.36,0.58,2024-06-13,1237,N,VIIRS,n,2,303.44,3.21,D,0
37.7546,-1.34498,337.27,0.4,0.44,2024-06-13,1237,N,VIIRS,n,2,300.45,1.92,D,0
40.24706,-3.47329,335.94,0.45,0.47,2024-06-13,1238,N,VIIRS,n,2,304.43,5.34,D,2
38.45722,-4.92239,346.26,0.6,0.7,2024-06-13,1418,N,VIIRS,n,2,302.35,6.18,D,0
39.66359,-0.24951,299.67,0.53,0.67,2024-06-14,0056,N,VIIRS,n,2,288.91,0.78,N,0
40.24572,-3.47745,311.1,0.78,0.78,2024-06-14,0056,N,VIIRS,n,2,287.33,1.81,N,2
40.24516,-3.47377,300.71,0.78,0.78,2024-06-14,0056,N,VIIRS,n,2,286.01,1.76,N,2
37.36026,-5.86656,305.44,0.55,0.43,2024-06-14,0237,N,VIIRS,n,2,292.54,1.51,N,2
40.24681,-3.47258,310.47,0.41,0.45,2024-06-14,0237,N,VIIRS,n,2,288.36,1.65,N,2
40.24277,-3.47406,321.59,0.41,0.45,2024-06-14,0237,N,VIIRS,n,2,288.45,1.65,N,2
40.24384,-3.4788,301.84,0.41,0.45,2024-06-14,0237,N,VIIRS,n,2,287.45,1.65,N,2
40.00917,-3.90159,299.91,0.4,0.44,2024-06-14,0237,N,VIIRS,n,2,288.82,1.07,N,0
38.46135,-4.92777,297.36,0.39,0.44,2024-06-14,0237,N,VIIRS,n,2,284.59,0.9,N,0
36.18406,-5.39876,303.29,0.41,0.45,2024-06-14,0238,N,VIIRS,n,2,292.72,0.99,N,0
36.50129,-5.81009,340.08,0.63,0.72,2024-06-14,1218,N,VIIRS,n,2,297.48,4.39,D,0
39.98862,-6.25964,356.14,0.53,0.67,2024-06-14,1219,N,VIIRS,n,2,292.95,12.18,D,0
39.9896,-6.26119,367,0.53,0.67,2024-06-14,1219,N,VIIRS,h,2,294.4,12.39,D,0
39.9868,-6.26557,333.13,0.53,0.67,2024-06-14,1219,N,VIIRS,n,2,295.18,8.11,D,0
40.48869,-3.5879,347.26,0.38,0.59,2024-06-14,1219,N,VIIRS,n,2,303.54,3.7,D,0
40.24799,-3.47382,336.68,0.38,0.59,2024-06-14,1219,N,VIIRS,n,2,306.45,4.84,D,2
40.49388,-3.59027,367,0.38,0.59,2024-06-14,1219,N,VIIRS,h,2,298.08,6.49,D,0
40.24416,-3.47372,343.01,0.41,0.61,2024-06-14,1359,N,VIIRS,n,2,309.46,5.46,D,2
39.72186,-4.66825,367,0.35,0.57,2024-06-14,1359,N,VIIRS,h,2,314.18,17.07,D,0
39.72162,-4.67242,356.59,0.35,0.57,2024-06-14,1359,N,VIIRS,n,2,310.64,9.88,D,0
42.22047,-1.05111,350.19,0.56,0.69,2024-06-14,1400,N,VIIRS,n,2,296.71,28.21,D,0
42.21414,-1.04284,367,0.56,0.69,2024-06-14,1400,N,VIIRS,h,2,296.42,13.07,D,0
42.22059,-1.0434,367,0.56,0.69,2024-06-14,1400,N,VIIRS,h,2,296.19,28.21,D,0
43.44368,-3.84644,299.84,0.39,0.36,2024-06-15,0217,N,VIIRS,n,2,284.64,0.75,N,0
41.31308,1.66148,296.65,0.41,0.45,2024-06-15,0217,N,VIIRS,n,2,285.66,0.31,N,2
40.01034,-3.9007,301.42,0.4,0.37,2024-06-15,0218,N,VIIRS,n,2,290.4,0.51,N,0
41.21631,-4.33007,295.64,0.39,0.36,2024-06-15,0218,N,VIIRS,n,2,282.41,0.28,N,0
38.66703,-4.04955,303.62,0.41,0.37,2024-06-15,0218,N,VIIRS,n,2,289.79,1.46,N,2
40.24518,-3.47578,332.65,0.41,0.37,2024-06-15,0218,N,VIIRS,n,2,292.74,3.78,N,2
36.11606,-5.46055,302.5,0.4,0.37,2024-06-15,0219,N,VIIRS,n,2,273.74,0.56,N,0
37.36132,-5.86325,305.85,0.39,0.36,2024-06-15,0219,N,VIIRS,n,2,291.46,0.69,N,2
37.18533,-6.90402,303.59,0.38,0.36,2024-06-15,0219,N,VIIRS,n,2,293.26,0.5,N,0
36.71029,-6.21449,343.59,0.47,0.4,2024-06-15,1339,N,VIIRS,n,2,308.55,5.99,D,0
40.2467,-3.4746,341.59,0.46,0.47,2024-06-15,1340,N,VIIRS,n,2,312.13,5.53,D,2
38.54578,-0.11003,344.51,0.33,0.55,2024-06-15,1340,N,VIIRS,n,2,302.11,6.43,D,0
38.54665,-0.11109,354.69,0.33,0.55,2024-06-15,1340,N,VIIRS,n,2,302.02,5.12,D,0
41.45514,1.97652,300.36,0.42,0.37,2024-06-16,0158,N,VIIRS,n,2,287.14,0.67,N,2
41.47568,-1.48518,297.97,0.39,0.36,2024-06-16,0158,N,VIIRS,n,2,284.56,1.22,N,2
41.31293,1.661,316.77,0.41,0.37,2024-06-16,0158,N,VIIRS,n,2,288.78,2.27,N,2
41.40485,1.99675,297.8,0.42,0.37,2024-06-16,0158,N,VIIRS,n,2,287.48,1.1,N,2
41.52784,1.80407,295.61,0.41,0.37,2024-06-16,0158,N,VIIRS,n,2,285.58,0.36,N,0
38.66525,-4.0517,307.52,0.41,0.37,2024-06-16,0159,N,VIIRS,n,2,285.94,3.18,N,2
40.24536,-3.47447,329.57,0.41,0.37,2024-06-16,0159,N,VIIRS,n,2,292.96,2.17,N,2
40.24602,-3.47927,298.88,0.41,0.37,2024-06-16,0159,N,VIIRS,n,2,288.32,2.17,N,2
39.01115,-5.5263,321.98,0.46,0.39,2024-06-16,0159,N,VIIRS,n,2,288.62,1.58,N,0
38.6646,-4.04698,331.34,0.41,0.37,2024-06-16,0159,N,VIIRS,n,2,287.8,3.18,N,2
36.78099,-4.43774,309.32,0.41,0.37,2024-06-16,0200,N,VIIRS,n,2,294.05,1.05,N,0
37.22561,-6.74613,304.24,0.49,0.4,2024-06-16,0200,N,VIIRS,n,2,288.07,0.73,N,0
36.96573,-1.90597,315.53,0.38,0.36,2024-06-16,0200,N,VIIRS,n,2,293.77,1.65,N,2
36.11631,-5.45714,317.21,0.43,0.38,2024-06-16,0200,N,VIIRS,n,2,291.07,0.98,N,0
36.7776,-4.43851,316.82,0.41,0.37,2024-06-16,0200,N,VIIRS,n,2,294.09,3.95,N,0
36.77698,-4.43404,330.36,0.41,0.37,2024-06-16,0200,N,VIIRS,n,2,297.47,3.95,N,0
36.78038,-4.43328,317.41,0.41,0.37,2024-06-16,0200,N,VIIRS,n,2,295.2,1.05,N,0
42.19356,-1.33076,332.55,0.74,0.76,2024-06-16,1142,N,VIIRS,n,2,295.92,5.31,D,0
38.68148,-4.171,341.77,0.4,0.37,2024-06-16,1321,N,VIIRS,n,2,313.21,2.61,D,0
37.83895,-3.80676,343.07,0.41,0.37,2024-06-16,1321,N,VIIRS,l,2,315.16,3.66,D,0
37.83527,-3.78228,342.88,0.41,0.37,2024-06-16,1321,N,VIIRS,l,2,315.8,5.58,D,0
37.60064,-4.69488,341.95,0.39,0.36,2024-06-16,1321,N,VIIRS,l,2,316.69,3.22,D,0
38.68233,-4.19026,335.32,0.4,0.37,2024-06-16,1321,N,VIIRS,l,2,310.32,1.52,D,0
38.90324,-3.67811,340.01,0.42,0.37,2024-06-16,1321,N,VIIRS,l,2,312.58,2.33,D,0
40.49979,-3.68614,341.73,0.43,0.38,2024-06-16,1321,N,VIIRS,n,2,312.98,3.2,D,0
40.50044,-3.68392,343.71,0.43,0.38,2024-06-16,1321,N,VIIRS,n,2,310.97,4.03,D,0
42.19015,-1.33566,334.75,0.54,0.42,2024-06-16,1322,N,VIIRS,l,2,306.34,5.78,D,0
43.03592,-2.21897,303.81,0.39,0.44,2024-06-17,0139,N,VIIRS,n,2,286.03,0.8,N,2
43.53867,-5.83587,305.64,0.59,0.53,2024-06-17,0139,N,VIIRS,n,2,283.06,2.47,N,2
43.53818,-5.82833,300.84,0.59,0.53,2024-06-17,0139,N,VIIRS,n,2,280.73,1.33,N,2
43.03996,-2.2182,297.42,0.39,0.44,2024-06-17,0139,N,VIIRS,n,2,286.24,0.43,N,2
42.19385,-1.3345,325.48,0.52,0.42,2024-06-17,0139,N,VIIRS,n,2,289.69,2.78,N,0
42.19003,-1.33527,313.71,0.52,0.42,2024-06-17,0139,N,VIIRS,n,2,287.88,1.76,N,0
42.12228,-1.17536,316.95,0.51,0.41,2024-06-17,0139,N,VIIRS,n,2,289.18,2.39,N,0
41.45512,1.98134,302.29,0.4,0.37,2024-06-17,0139,N,VIIRS,n,2,289.56,0.95,N,2
40.57563,0.53861,302.75,0.43,0.38,2024-06-17,0140,N,VIIRS,n,2,289.88,1.1,N,2
41.47665,-1.4892,302.28,0.52,0.42,2024-06-17,0140,N,VIIRS,n,2,288.89,0.45,N,2
40.24587,-3.47566,328.83,0.41,0.45,2024-06-17,0140,N,VIIRS,n,2,292.87,3.46,N,2
37.17856,-6.89495,303.86,0.58,0.52,2024-06-17,0141,N,VIIRS,n,2,292.42,0.85,N,0
36.9649,-1.90554,306.42,0.48,0.4,2024-06-17,0141,N,VIIRS,n,2,292.32,1.31,N,2
37.90333,-1.81174,297.18,0.49,0.4,2024-06-17,0141,N,VIIRS,n,2,285.57,0.15,N,0
42.19106,-1.34084,297.52,0.77,0.78,2024-06-17,0319,N,VIIRS,n,2,284.32,1.34,N,0
42.19447,-1.33385,296.88,0.77,0.78,2024-06-17,0319,N,VIIRS,n,2,284.49,1.17,N,0
40.24829,-3.47814,300.55,0.71,0.75,2024-06-17,0320,N,VIIRS,n,2,287.06,2.78,N,0
40.2472,-3.47726,311.86,0.71,0.75,2024-06-17,0320,N,VIIRS,n,2,287.75,2.33,N,2
41.5986,-0.82149,346.15,0.39,0.37,2024-06-17,1303,N,VIIRS,n,2,311.39,6.06,D,0
41.31227,1.66491,332.21,0.45,0.39,2024-06-17,1303,N,VIIRS,l,2,305.43,3.35,D,2
43.55225,-5.8582,329.93,0.42,0.37,2024-06-17,1303,N,VIIRS,l,2,303.91,4.91,D,2
43.54091,-5.82991,330.92,0.41,0.37,2024-06-17,1303,N,VIIRS,n,2,298.2,2.91,D,2
43.5257,-5.73401,338.48,0.41,0.37,2024-06-17,1303,N,VIIRS,n,2,300,7.46,D,2
43.52322,-5.72786,326.2,0.41,0.37,2024-06-17,1303,N,VIIRS,l,2,298.97,3.88,D,2
42.19195,-1.33244,331.33,0.39,0.36,2024-06-17,1303,N,VIIRS,n,2,296.14,2.43,D,0
42.19069,-1.33478,300.45,0.59,0.53,2024-06-18,0120,N,VIIRS,n,2,288.82,0.56,N,0
41.31399,1.6633,311.11,0.41,0.45,2024-06-18,0121,N,VIIRS,n,2,291.06,1.63,N,2
41.4567,1.97895,301.58,0.4,0.44,2024-06-18,0121,N,VIIRS,n,2,290.1,0.51,N,2
41.45556,1.98052,303.42,0.4,0.44,2024-06-18,0121,N,VIIRS,n,2,291.1,0.51,N,2
40.5775,0.53946,304.54,0.45,0.47,2024-06-18,0121,N,VIIRS,n,2,291.27,1.35,N,2
40.24687,-3.47463,321.54,0.37,0.58,2024-06-18,0121,N,VIIRS,n,2,290.86,2.18,N,2
37.17964,-6.9009,303.01,0.53,0.67,2024-06-18,0122,N,VIIRS,n,2,290.15,1.56,N,0
37.17628,-6.89841,307.61,0.53,0.67,2024-06-18,0122,N,VIIRS,n,2,289.36,1.85,N,0
41.31682,1.65987,299.44,0.69,0.74,2024-06-18,0301,N,VIIRS,n,2,288.07,2.1,N,0
40.24643,-3.47723,312.8,0.42,0.61,2024-06-18,0301,N,VIIRS,n,2,288.08,1.38,N,2
40.24508,-3.47249,304.49,0.42,0.61,2024-06-18,0301,N,VIIRS,n,2,287.39,1.38,N,2
41.31537,1.66181,305.81,0.69,0.74,2024-06-18,0301,N,VIIRS,n,2,288.71,1.06,N,2
37.56725,-0.91983,302.17,0.67,0.74,2024-06-18,0302,N,VIIRS,n,2,289.19,1.92,N,2
37.25794,-5.36855,301.58,0.41,0.6,2024-06-18,0302,N,VIIRS,n,2,287.98,0.97,N,0
37.17716,-6.89099,302.32,0.34,0.56,2024-06-18,0302,N,VIIRS,n,2,288.51,1.15,N,0
36.75169,-5.16834,348.81,0.54,0.51,2024-06-18,1243,N,VIIRS,n,2,306.47,7.51,D,0
37.945,-4.66058,367,0.48,0.48,2024-06-18,1243,N,VIIRS,h,2,303.37,10.19,D,0
41.31253,1.65893,305.11,0.36,0.57,2024-06-19,0102,N,VIIRS,n,2,290.88,1.04,N,2
40.24551,-3.47604,307.33,0.65,0.73,2024-06-19,0102,N,VIIRS,n,2,283.39,3.53,N,2
40.24546,-3.48003,303.22,0.65,0.73,2024-06-19,0102,N,VIIRS,n,2,283.32,2.6,N,2
43.03651,-2.22183,298.48,0.48,0.48,2024-06-19,0242,N,VIIRS,n,2,283.63,0.74,N,2
41.40561,1.9968,304.64,0.42,0.61,2024-06-19,0242,N,VIIRS,n,2,290.42,0.53,N,2
41.31263,1.66051,314.52,0.41,0.61,2024-06-19,0242,N,VIIRS,n,2,290.88,1.69,N,2
40.2472,-3.47304,304.13,0.49,0.49,2024-06-19,0243,N,VIIRS,n,2,285.26,1.87,N,2
40.24588,-3.47566,324.07,0.49,0.49,2024-06-19,0243,N,VIIRS,n,2,287.5,3.19,N,2
40.24285,-3.47474,310.59,0.49,0.49,2024-06-19,0243,N,VIIRS,n,2,285.2,1.87,N,2
37.18067,-6.89789,299.32,0.39,0.44,2024-06-19,0244,N,VIIRS,n,2,288.44,0.59,N,0
37.18462,-6.8966,300.15,0.39,0.44,2024-06-19,0244,N,VIIRS,n,2,287.78,0.59,N,0
37.36241,-5.8653,298.33,0.43,0.46,2024-06-19,0244,N,VIIRS,n,2,287.12,0.68,N,2
40.24688,-3.47556,330.08,0.32,0.55,2024-06-19,1225,N,VIIRS,n,2,298.15,3.28,D,2
41.44156,2.23024,332.65,0.49,0.4,2024-06-19,1225,N,VIIRS,n,2,298.04,2.25,D,0
37.56908,-0.915,305.3,0.44,0.46,2024-06-20,0224,N,VIIRS,n,2,290.1,0.53,N,2
39.00388,-1.9283,307.63,0.55,0.43,2024-06-20,0224,N,VIIRS,n,2,285.98,2.29,N,0
37.56502,-0.91686,306.53,0.44,0.46,2024-06-20,0224,N,VIIRS,n,2,290.16,0.53,N,2
39.00307,-1.92852,305.96,0.55,0.43,2024-06-20,0224,N,VIIRS,n,2,285.48,1.54,N,0
39.0044,-1.93477,302.26,0.55,0.43,2024-06-20,0224,N,VIIRS,n,2,285.33,1.54,N,0
37.36243,-5.93792,297.57,0.41,0.37,2024-06-20,0225,N,VIIRS,n,2,285,0.29,N,0
36.96803,-1.90681,310.04,0.4,0.44,2024-06-20,0225,N,VIIRS,n,2,292.19,0.9,N,2
37.00157,-3.68946,322.54,0.5,0.41,2024-06-20,0225,N,VIIRS,n,2,282.39,2.48,N,0
36.99789,-3.69062,302.38,0.5,0.41,2024-06-20,0225,N,VIIRS,n,2,281.93,1.08,N,0
37.35866,-5.86407,306.17,0.42,0.37,2024-06-20,0225,N,VIIRS,n,2,286.19,1.29,N,2
38.00878,-0.79727,332.86,0.47,0.64,2024-06-20,1205,N,VIIRS,n,2,301.99,1.43,D,0
38.21494,-0.81261,340,0.37,0.58,2024-06-20,1346,N,VIIRS,n,2,305.32,3.03,D,0
41.4539,1.97862,302.06,0.46,0.39,2024-06-21,0204,N,VIIRS,n,2,289.56,0.92,N,2
41.40843,1.99774,299.91,0.46,0.39,2024-06-21,0204,N,VIIRS,n,2,288.45,0.54,N,2
41.31386,1.66211,312.84,0.45,0.39,2024-06-21,0204,N,VIIRS,n,2,289.84,1.55,N,2
41.95051,-0.36844,328.38,0.4,0.37,2024-06-21,0204,N,VIIRS,n,2,285.25,3.02,N,0
41.5287,1.80684,299.36,0.46,0.39,2024-06-21,0204,N,VIIRS,n,2,286.59,0.46,N,0
41.40487,1.99653,299.52,0.46,0.39,2024-06-21,0204,N,VIIRS,n,2,288.62,0.69,N,2
41.4738,-1.48788,303.11,0.39,0.36,2024-06-21,0205,N,VIIRS,n,2,284.57,0.9,N,2
40.24395,-3.47766,304.62,0.39,0.36,2024-06-21,0205,N,VIIRS,n,2,285.97,1.99,N,2
41.19595,1.2233,297.15,0.44,0.38,2024-06-21,0205,N,VIIRS,n,2,286.93,0.46,N,0
40.24327,-3.47315,325.99,0.39,0.36,2024-06-21,0205,N,VIIRS,n,2,287.21,1.65,N,2
40.57656,0.54178,306.34,0.43,0.38,2024-06-21,0205,N,VIIRS,n,2,289.01,1.1,N,2
37.18087,-6.89605,301.17,0.43,0.38,2024-06-21,0206,N,VIIRS,n,2,290.95,1.22,N,0
38.38765,-6.28423,330.23,0.43,0.38,2024-06-21,0206,N,VIIRS,n,2,284.53,7.15,N,0
36.96664,-1.9077,306.21,0.4,0.37,2024-06-21,0206,N,VIIRS,n,2,290.5,0.9,N,2
37.36057,-5.86327,304.49,0.41,0.37,2024-06-21,0206,N,VIIRS,n,2,289.19,0.85,N,2
37.26007,-5.36821,301.7,0.4,0.37,2024-06-21,0206,N,VIIRS,n,2,285.94,0.46,N,0
39.59328,2.63145,339.72,0.49,0.65,2024-06-21,1147,N,VIIRS,n,2,301.55,6.62,D,0
39.59144,2.62942,334.66,0.49,0.65,2024-06-21,1147,N,VIIRS,n,2,301.89,3.95,D,0
39.61422,2.68384,338.69,0.32,0.55,2024-06-21,1327,N,VIIRS,n,2,306.22,3.38,D,0
39.48548,-6.41962,335.09,0.4,0.37,2024-06-21,1327,N,VIIRS,l,2,309.73,1.95,D,0
38.38806,-6.27919,338.25,0.39,0.36,2024-06-21,1327,N,VIIRS,l,2,312.06,2.46,D,0
38.38743,-6.28367,337.04,0.39,0.36,2024-06-21,1327,N,VIIRS,l,2,310.53,2.46,D,0
39.21824,-0.53604,340.14,0.43,0.46,2024-06-21,1327,N,VIIRS,n,2,305.74,3.14,D,0
40.24468,-3.47208,338.78,0.49,0.4,2024-06-21,1328,N,VIIRS,l,2,310.93,6.06,D,2
41.92646,0.17979,331.81,0.5,0.49,2024-06-21,1328,N,VIIRS,n,2,299.92,2.53,D,2
43.44288,-3.84397,300.99,0.39,0.44,2024-06-22,0145,N,VIIRS,n,2,285.34,0.4,N,2
43.41039,-3.84141,307.57,0.39,0.44,2024-06-22,0145,N,VIIRS,n,2,285.49,1.17,N,0
41.95063,-0.36863,318.99,0.42,0.38,2024-06-22,0146,N,VIIRS,n,2,286.49,1.85,N,0
41.40587,1.99636,302.63,0.38,0.36,2024-06-22,0146,N,VIIRS,n,2,291.22,0.57,N,2
41.52754,1.80517,300.98,0.39,0.36,2024-06-22,0146,N,VIIRS,n,2,288.86,0.58,N,0
41.47437,-1.48743,304.21,0.45,0.39,2024-06-22,0146,N,VIIRS,n,2,287.85,0.89,N,2
41.95153,-0.36588,307.81,0.42,0.38,2024-06-22,0146,N,VIIRS,n,2,285.96,0.8,N,0
41.95219,-0.37097,299.91,0.42,0.38,2024-06-22,0146,N,VIIRS,n,2,285.43,0.87,N,0
41.92545,0.18039,303.57,0.41,0.37,2024-06-22,0146,N,VIIRS,n,2,287.25,1.36,N,2
40.57731,0.5421,313.14,0.4,0.37,2024-06-22,0146,N,VIIRS,n,2,292.4,1.04,N,2
40.24631,-3.4742,318.64,0.53,0.42,2024-06-22,0146,N,VIIRS,n,2,291.06,2.54,N,2
37.45757,-4.84441,307.06,0.57,0.43,2024-06-22,0147,N,VIIRS,n,2,290.73,1.01,N,0
36.96545,-1.90508,312.08,0.43,0.38,2024-06-22,0147,N,VIIRS,n,2,291.69,1.37,N,2
38.38547,-6.28144,296.99,0.46,0.47,2024-06-22,0147,N,VIIRS,n,2,286.15,0.42,N,0
38.39031,-6.28607,296.6,0.46,0.47,2024-06-22,0147,N,VIIRS,n,2,286.47,1.15,N,0
38.38983,-6.28078,298.54,0.46,0.47,2024-06-22,0147,N,VIIRS,n,2,286.41,0.42,N,0
38.38789,-6.28457,297.91,0.71,0.75,2024-06-22,0327,N,VIIRS,n,2,283.43,0.69,N,0
38.61996,-5.0377,367,0.4,0.37,2024-06-22,1308,N,VIIRS,l,2,333.79,106.74,D,0
38.62253,-5.04322,367,0.4,0.37,2024-06-22,1308,N,VIIRS,l,2,326.59,106.74,D,0
38.62332,-5.03862,367,0.4,0.37,2024-06-22,1308,N,VIIRS,h,2,340.21,106.74,D,0
40.24441,-3.47438,315.18,0.6,0.53,2024-06-23,0127,N,VIIRS,n,2,285.11,2.6,N,2
42.40092,-5.79437,302.39,0.42,0.61,2024-06-23,0127,N,VIIRS,n,2,282.45,0.66,N,0
41.95098,-0.36907,296.69,0.44,0.46,2024-06-23,0127,N,VIIRS,n,2,285.05,0.53,N,0
41.67529,0.60699,321.11,0.39,0.44,2024-06-23,0127,N,VIIRS,n,2,286.46,1.53,N,0
37.56675,-0.91773,301.29,0.42,0.45,2024-06-23,0128,N,VIIRS,n,2,286.82,1.7,N,2
38.36222,-0.4757,304.12,0.4,0.44,2024-06-23,0128,N,VIIRS,n,2,289.37,1.48,N,0
38.36267,-0.48029,319.62,0.4,0.44,2024-06-23,0128,N,VIIRS,n,2,289.42,1.48,N,0
38.36632,-0.47497,305.81,0.4,0.44,2024-06-23,0128,N,VIIRS,n,2,289.36,1.48,N,0
38.36678,-0.47956,320.58,0.4,0.44,2024-06-23,0128,N,VIIRS,n,2,290.14,1.48,N,0
38.37748,-0.54399,304.57,0.41,0.45,2024-06-23,0128,N,VIIRS,n,2,290.5,0.63,N,2
40.24715,-3.47493,310.41,0.51,0.66,2024-06-23,0308,N,VIIRS,n,2,285.12,2.59,N,2
37.36238,-5.86524,303.27,0.46,0.64,2024-06-23,0308,N,VIIRS,n,2,291.17,0.46,N,2
40.24734,-3.47532,309.03,0.5,0.66,2024-06-23,0308,N,VIIRS,n,2,284.87,1.22,N,2
37.5421,-5.10939,348.84,0.43,0.46,2024-06-23,1249,N,VIIRS,n,2,313.28,6.26,D,0
38.67639,-4.09443,352.41,0.55,0.43,2024-06-23,1250,N,VIIRS,n,2,309.04,15.21,D,0
41.31214,1.66387,335.53,0.39,0.36,2024-06-23,1250,N,VIIRS,n,2,302.27,4.13,D,2
38.67255,-4.09321,348.6,0.55,0.43,2024-06-23,1250,N,VIIRS,n,2,309.94,15.21,D,0
38.67606,-4.09592,348.1,0.55,0.43,2024-06-23,1250,N,VIIRS,n,2,308.37,6.4,D,0
41.61704,0.67763,325.53,0.33,0.56,2024-06-24,0108,N,VIIRS,n,2,287.28,1.88,N,0
41.98859,2.09077,296.74,0.57,0.52,2024-06-24,0108,N,VIIRS,n,2,284.56,1.12,N,0
42.36134,1.4652,307.37,0.62,0.54,2024-06-24,0108,N,VIIRS,n,2,283.73,2.15,N,0
42.3611,1.46379,312.18,0.62,0.54,2024-06-24,0108,N,VIIRS,n,2,283.88,2.25,N,0
41.01057,-5.65637,301.64,0.7,0.75,2024-06-24,0108,N,VIIRS,n,2,286.29,1.25,N,0
41.47619,-1.48909,302.1,0.43,0.62,2024-06-24,0108,N,VIIRS,n,2,287.16,0.85,N,2
41.47619,-1.48842,300.18,0.43,0.62,2024-06-24,0108,N,VIIRS,n,2,287.02,0.85,N,2
41.64087,0.62605,304.45,0.34,0.56,2024-06-24,0108,N,VIIRS,n,2,286.6,0.5,N,0
37.65068,-0.87087,303.12,0.37,0.58,2024-06-24,0109,N,VIIRS,n,2,286.43,0.51,N,0
37.41359,-1.57893,311.08,0.41,0.6,2024-06-24,0109,N,VIIRS,n,2,283.51,1.27,N,0
37.56606,-0.9216,300.16,0.37,0.58,2024-06-24,0109,N,VIIRS,n,2,286.57,0.49,N,0
37.57096,-0.921,301.24,0.37,0.58,2024-06-24,0109,N,VIIRS,n,2,287.53,1.16,N,2
38.37878,-0.54778,298.6,0.36,0.58,2024-06-24,0109,N,VIIRS,n,2,287.97,1.73,N,0
36.96509,-1.90845,301.3,0.42,0.61,2024-06-24,0109,N,VIIRS,n,2,287.64,0.85,N,2
37.35257,-5.09061,299.96,0.63,0.72,2024-06-24,0109,N,VIIRS,n,2,287.83,0.82,N,0
38.37679,-0.54704,302.96,0.36,0.58,2024-06-24,0109,N,VIIRS,n,2,288.56,1.48,N,2
37.86867,-0.80082,298.8,0.37,0.58,2024-06-24,0109,N,VIIRS,n,2,287,0.5,N,0
37.82297,-1.08357,305.77,0.38,0.59,2024-06-24,0109,N,VIIRS,n,2,286.75,0.86,N,0
37.80194,-1.0016,307.24,0.38,0.59,2024-06-24,0109,N,VIIRS,n,2,286.52,0.64,N,0
37.68447,-0.97724,299.41,0.38,0.59,2024-06-24,0109,N,VIIRS,n,2,286.59,0.42,N,0
37.62058,-0.73141,303.21,0.37,0.58,2024-06-24,0109,N,VIIRS,n,2,287.7,0.5,N,0
37.57156,-0.92204,300.85,0.37,0.58,2024-06-24,0109,N,VIIRS,n,2,287.72,0.49,N,2
41.95269,-0.37012,299,0.38,0.58,2024-06-24,0248,N,VIIRS,n,2,285.25,0.44,N,0
41.47559,-1.49047,299.84,0.34,0.56,2024-06-24,0248,N,VIIRS,n,2,287.43,0.53,N,2
42.3577,1.46126,304.45,0.45,0.63,2024-06-24,0248,N,VIIRS,n,2,280.8,1.19,N,0
41.98876,2.0913,295.12,0.49,0.65,2024-06-24,0248,N,VIIRS,n,2,282.95,0.55,N,0
41.92411,0.1755,329.48,0.4,0.6,2024-06-24,0248,N,VIIRS,n,2,287.86,1.56,N,0
41.92279,0.18013,298.88,0.4,0.6,2024-06-24,0248,N,VIIRS,n,2,286.98,1.56,N,2
42.91738,-8.00767,296.61,0.48,0.4,2024-06-24,0248,N,VIIRS,n,2,285.5,0.5,N,0
41.01156,-5.65055,308.18,0.44,0.46,2024-06-24,0249,N,VIIRS,n,2,286.97,1.52,N,0
41.27655,-3.48113,295.08,0.56,0.51,2024-06-24,0249,N,VIIRS,n,2,283.59,0.63,N,0
41.00951,-5.65259,308.72,0.44,0.46,2024-06-24,0249,N,VIIRS,n,2,287.37,1.25,N,0
40.24326,-3.47456,301.24,0.59,0.53,2024-06-24,0249,N,VIIRS,n,2,289.14,1.02,N,2
37.80058,-1.00216,298.97,0.45,0.63,2024-06-24,0249,N,VIIRS,n,2,286.29,0.48,N,0
42.28702,-8.72422,301.72,0.47,0.39,2024-06-24,0249,N,VIIRS,n,2,289.21,0.87,N,3
37.80193,-1.0022,301.14,0.46,0.63,2024-06-24,0249,N,VIIRS,n,2,286.23,0.64,N,0
42.16926,-8.6492,312.37,0.47,0.4,2024-06-24,0249,N,VIIRS,n,2,288.74,1.47,N,0
37.56684,-0.91828,302.93,0.47,0.64,2024-06-24,0249,N,VIIRS,n,2,286.52,0.71,N,2
37.57061,-0.91799,299.99,0.47,0.64,2024-06-24,0249,N,VIIRS,n,2,282.67,0.8,N,2
37.41329,-1.57891,300.82,0.44,0.62,2024-06-24,0250,N,VIIRS,n,2,286.26,0.69,N,0
37.36055,-5.86393,302.52,0.52,0.5,2024-06-24,0250,N,VIIRS,n,2,291.04,0.38,N,2
36.9551,-2.49714,328.39,0.4,0.6,2024-06-24,0250,N,VIIRS,n,2,286.03,2.82,N,0
37.17748,-6.89353,302.24,0.47,0.48,2024-06-24,0250,N,VIIRS,n,2,291.34,0.63,N,0
37.17752,-6.89207,303.35,0.47,0.48,2024-06-24,0250,N,VIIRS,n,2,291.53,1.64,N,0
28.9748,-13.54468,330.3,0.47,0.39,2024-06-24,0253,N,VIIRS,n,2,290.45,3.68,N,0
28.00625,-15.41971,315,0.41,0.37,2024-06-24,0253,N,VIIRS,n,2,291.02,0.96,N,0
28.00554,-15.41552,301.75,0.41,0.37,2024-06-24,0253,N,VIIRS,n,2,290.73,0.96,N,0
38.27768,-1.59931,343.06,0.48,0.48,2024-06-24,1231,N,VIIRS,n,2,299.23,7.35,D,0
39.47219,-0.42762,347.82,0.4,0.44,2024-06-24,1231,N,VIIRS,n,2,301.55,3.17,D,0
37.33266,-6.90073,332.26,0.47,0.64,2024-06-24,1231,N,VIIRS,l,2,303.95,4.11,D,0
40.24528,-3.47381,332.84,0.53,0.5,2024-06-24,1231,N,VIIRS,l,2,307.78,4.69,D,2
43.41282,-3.83772,329.24,0.47,0.47,2024-06-24,1232,N,VIIRS,n,2,301.31,5.21,D,0
37.6774,-5.69341,345.55,0.44,0.62,2024-06-24,1411,N,VIIRS,n,2,306.81,6.13,D,0
37.67788,-5.69322,345.79,0.44,0.62,2024-06-24,1411,N,VIIRS,n,2,307.21,4.36,D,0
37.22487,-5.93709,336.41,0.42,0.61,2024-06-24,1411,N,VIIRS,n,2,306.08,3.81,D,0
40.46976,-3.61588,335.71,0.59,0.7,2024-06-24,1412,N,VIIRS,n,2,302.39,3.74,D,0
43.52108,-5.72337,327.21,0.48,0.64,2024-06-24,1413,N,VIIRS,n,2,291.85,6.43,D,0
40.57825,0.53948,300.47,0.59,0.7,2024-06-25,0049,N,VIIRS,n,2,289.29,1,N,2
37.57073,-0.92274,299.31,0.68,0.74,2024-06-25,0050,N,VIIRS,n,2,286.15,0.8,N,2
43.03541,-2.22075,303.61,0.53,0.42,2024-06-25,0229,N,VIIRS,n,2,286.26,1.05,N,2
39.25792,-2.62723,322.39,0.4,0.44,2024-06-25,0230,N,VIIRS,n,2,288.82,2.38,N,0
40.24645,-3.47474,320.71,0.53,0.42,2024-06-25,0230,N,VIIRS,n,2,293.71,4.11,N,2
41.31321,1.65976,315.38,0.58,0.52,2024-06-25,0230,N,VIIRS,n,2,289.06,2.71,N,2
43.34835,-8.43562,310.74,0.38,0.36,2024-06-25,0230,N,VIIRS,n,2,288.89,1.06,N,2
41.95234,-0.36681,298.49,0.45,0.47,2024-06-25,0230,N,VIIRS,n,2,287.5,0.4,N,0
39.26188,-2.62576,310.2,0.4,0.44,2024-06-25,0230,N,VIIRS,n,2,288.85,0.95,N,0
37.36043,-5.86678,310.06,0.47,0.4,2024-06-25,0231,N,VIIRS,n,2,294.63,1.4,N,2
36.96648,-1.90569,303.77,0.49,0.48,2024-06-25,0231,N,VIIRS,n,2,291.22,1.37,N,2
38.97407,-3.77761,355.23,0.51,0.66,2024-06-25,1212,N,VIIRS,n,2,293.48,8.24,D,0
40.48891,-3.59025,330.93,0.46,0.63,2024-06-25,1213,N,VIIRS,n,2,300.33,3.76,D,0
40.4962,-3.56487,330.14,0.46,0.63,2024-06-25,1213,N,VIIRS,l,2,300.72,2.36,D,0
40.46405,-3.5665,340.03,0.46,0.63,2024-06-25,1213,N,VIIRS,n,2,302.37,3.74,D,0
40.24623,-3.47177,337.48,0.46,0.63,2024-06-25,1213,N,VIIRS,n,2,304,4.29,D,2
40.49375,-3.59018,333.98,0.46,0.63,2024-06-25,1213,N,VIIRS,n,2,299.74,3.87,D,0
42.629,-4.84803,336.95,0.46,0.63,2024-06-25,1213,N,VIIRS,n,2,296.67,9.07,D,0
40.24639,-3.47243,344.48,0.34,0.56,2024-06-25,1353,N,VIIRS,n,2,308.52,3.64,D,2
41.92633,0.18039,332.67,0.53,0.67,2024-06-25,1353,N,VIIRS,l,2,302.73,1.97,D,2
41.92182,0.18097,338.99,0.54,0.67,2024-06-25,1353,N,VIIRS,n,2,303.64,4.61,D,2
42.9213,-1.51266,298.7,0.4,0.37,2024-06-26,0211,N,VIIRS,n,2,287.45,0.48,N,0
43.03514,-2.21942,302.38,0.39,0.36,2024-06-26,0211,N,VIIRS,n,2,279.6,0.6,N,2
41.92544,0.18078,300.44,0.45,0.39,2024-06-26,0211,N,VIIRS,n,2,288.9,0.51,N,2
41.40607,1.99789,303.94,0.54,0.42,2024-06-26,0211,N,VIIRS,n,2,289.35,1.08,N,2
41.40561,1.99635,304,0.54,0.42,2024-06-26,0211,N,VIIRS,n,2,289.05,1.02,N,2
41.31278,1.65989,311.41,0.52,0.42,2024-06-26,0211,N,VIIRS,n,2,286.42,1.93,N,2
40.57788,0.54145,304.47,0.49,0.4,2024-06-26,0211,N,VIIRS,n,2,290.23,0.94,N,2
40.24392,-3.47345,327.96,0.39,0.36,2024-06-26,0211,N,VIIRS,n,2,294.02,1.86,N,2
40.24466,-3.47796,309.08,0.39,0.36,2024-06-26,0211,N,VIIRS,n,2,292.87,1.86,N,2
37.3638,-5.93996,319.6,0.39,0.36,2024-06-26,0212,N,VIIRS,n,2,290.68,0.83,N,0
37.26001,-5.37236,314.82,0.38,0.36,2024-06-26,0212,N,VIIRS,n,2,286.37,0.88,N,0
37.35927,-5.8647,310.6,0.39,0.36,2024-06-26,0212,N,VIIRS,n,2,291.62,0.63,N,2
36.96516,-1.90667,303.52,0.44,0.39,2024-06-26,0212,N,VIIRS,n,2,291.31,1.17,N,2
36.96866,-1.90564,306.49,0.44,0.39,2024-06-26,0212,N,VIIRS,n,2,292.41,1.04,N,2
37.9752,-4.33791,321.98,0.39,0.36,2024-06-26,0212,N,VIIRS,n,2,291.79,1.56,N,0
38.37962,-6.48412,295.58,0.4,0.37,2024-06-26,0212,N,VIIRS,n,2,281.01,0.38,N,2
37.56719,-0.91685,304.04,0.47,0.4,2024-06-26,0212,N,VIIRS,n,2,290.68,0.32,N,2
38.61612,-6.359,302.41,0.39,0.37,2024-06-26,0212,N,VIIRS,n,2,281.85,0.77,N,0
38.6175,-6.36131,301.02,0.39,0.37,2024-06-26,0212,N,VIIRS,n,2,281.95,0.34,N,0
38.67305,-4.109,300.23,0.39,0.36,2024-06-26,0212,N,VIIRS,n,2,290.04,0.28,N,0
38.37753,-0.54368,301.94,0.48,0.4,2024-06-26,0212,N,VIIRS,n,2,291.66,0.77,N,2
40.01075,-3.90183,301.94,0.39,0.36,2024-06-26,0212,N,VIIRS,n,2,290.65,0.82,N,0
41.31283,1.66352,315.02,0.39,0.36,2024-06-27,0152,N,VIIRS,n,2,289.01,0.92,N,2
41.47672,-1.48635,302.16,0.41,0.37,2024-06-27,0152,N,VIIRS,n,2,289.22,0.16,N,2
43.41055,-3.84009,307.91,0.5,0.41,2024-06-27,0152,N,VIIRS,n,2,288.1,0.98,N,0
42.81332,-1.74258,298.35,0.42,0.38,2024-06-27,0152,N,VIIRS,n,2,286.16,0.52,N,2
41.92383,0.17836,310.26,0.39,0.36,2024-06-27,0152,N,VIIRS,n,2,290.47,1.13,N,2
41.45457,1.97945,311.69,0.39,0.36,2024-06-27,0152,N,VIIRS,n,2,291.79,0.89,N,2
41.40628,1.99905,311.28,0.39,0.36,2024-06-27,0152,N,VIIRS,n,2,291.39,1.18,N,2
38.1732,-1.26898,314.58,0.39,0.36,2024-06-27,0153,N,VIIRS,n,2,278.95,0.83,N,0
36.96708,-1.90746,312.4,0.39,0.36,2024-06-27,0153,N,VIIRS,n,2,292.31,0.93,N,2
37.56759,-0.91994,317.5,0.39,0.36,2024-06-27,0153,N,VIIRS,n,2,292.8,1.01,N,2
40.24459,-3.47316,324.26,0.45,0.39,2024-06-27,0153,N,VIIRS,n,2,290.95,3.16,N,2
41.31243,1.66223,315.66,0.45,0.39,2024-06-28,0133,N,VIIRS,n,2,291.52,2.21,N,2
40.24463,-3.47518,320.51,0.5,0.49,2024-06-28,0134,N,VIIRS,n,2,290.76,3.69,N,2
40.57765,0.54077,307.79,0.49,0.4,2024-06-28,0134,N,VIIRS,n,2,293.25,1.12,N,2
40.24448,-3.48316,298.54,0.6,0.71,2024-06-28,0314,N,VIIRS,n,2,284.66,1.45,N,0
40.24232,-3.47637,296.87,0.6,0.71,2024-06-28,0314,N,VIIRS,n,2,284.56,1.45,N,2
41.31289,1.66313,333.44,0.41,0.37,2024-06-28,1256,N,VIIRS,l,2,306.48,2.05,D,2
42.41351,-2.02537,337.96,0.39,0.36,2024-06-28,1257,N,VIIRS,n,2,307.14,8.02,D,0
41.65958,0.95251,339.7,0.4,0.37,2024-06-28,1257,N,VIIRS,n,2,308.42,4.33,D,0
42.4153,-2.03568,336.96,0.39,0.36,2024-06-28,1257,N,VIIRS,n,2,305.68,16.54,D,0
42.41935,-2.03196,350.38,0.39,0.36,2024-06-28,1257,N,VIIRS,n,2,305.53,22.02,D,0
41.6321,0.70448,335.95,0.39,0.36,2024-06-28,1257,N,VIIRS,n,2,306.38,1.77,D,0
42.41606,-2.031,349.5,0.39,0.36,2024-06-28,1257,N,VIIRS,n,2,316,16.54,D,0
36.96807,-1.90685,305.77,0.34,0.56,2024-06-29,0116,N,VIIRS,n,2,290.38,0.63,N,2
37.37492,-5.406,318.74,0.34,0.56,2024-06-29,0256,N,VIIRS,n,2,285.84,1.51,N,0
38.95708,-0.34267,348.12,0.51,0.41,2024-06-29,1237,N,VIIRS,n,2,305.99,9.58,D,0
41.45606,1.97709,299.9,0.41,0.61,2024-06-30,0055,N,VIIRS,n,2,287.74,0.65,N,2
38.95956,-0.3457,309.41,0.53,0.67,2024-06-30,0056,N,VIIRS,n,2,289.31,1.81,N,0
38.95647,-0.34688,309.23,0.53,0.67,2024-06-30,0056,N,VIIRS,n,2,288.75,1.09,N,0
41.31269,1.6573,298.66,0.43,0.62,2024-06-30,0056,N,VIIRS,n,2,286.16,1.14,N,0
39.07658,-0.5522,315.69,0.54,0.68,2024-06-30,0056,N,VIIRS,n,2,289.29,1.2,N,0
39.07798,-0.55095,308.66,0.54,0.68,2024-06-30,0056,N,VIIRS,n,2,288.62,1.5,N,0
41.40833,1.99704,303.97,0.36,0.57,2024-06-30,0236,N,VIIRS,n,2,287.13,0.5,N,2
41.31332,1.66159,307.9,0.35,0.57,2024-06-30,0236,N,VIIRS,n,2,283.07,1.17,N,2
41.52056,1.60436,298.96,0.34,0.56,2024-06-30,0236,N,VIIRS,n,2,278.4,0.47,N,0
37.36138,-5.86517,302.97,0.55,0.43,2024-06-30,0237,N,VIIRS,n,2,289.4,1.18,N,2
38.95898,-0.34582,317.36,0.32,0.54,2024-06-30,0237,N,VIIRS,n,2,290.6,3.17,N,0
36.18166,-5.42756,300.78,0.4,0.45,2024-06-30,0238,N,VIIRS,n,2,289.98,1.17,N,2
41.17746,1.22947,344.04,0.43,0.46,2024-06-30,1219,N,VIIRS,n,2,299.06,9.69,D,0
37.27068,-5.86058,342.44,0.57,0.52,2024-06-30,1359,N,VIIRS,n,2,305.81,10.19,D,0
43.54307,-5.83927,298.01,0.39,0.36,2024-07-01,0217,N,VIIRS,n,2,284.57,1.25,N,0
43.53906,-5.83542,304,0.39,0.36,2024-07-01,0217,N,VIIRS,n,2,284.21,1.25,N,2
43.52349,-5.73062,301.14,0.39,0.36,2024-07-01,0217,N,VIIRS,n,2,285.88,0.69,N,2
43.32986,-5.77379,304.61,0.39,0.36,2024-07-01,0217,N,VIIRS,n,2,285.33,0.67,N,2
41.64961,-0.77051,299.53,0.48,0.4,2024-07-01,0217,N,VIIRS,n,2,286.84,0.4,N,0
43.53835,-5.83064,327.62,0.39,0.36,2024-07-01,0217,N,VIIRS,n,2,284.64,1.55,N,2
43.44395,-3.84306,305.72,0.39,0.36,2024-07-01,0217,N,VIIRS,n,2,286.02,0.7,N,2
41.47594,-1.48856,304.25,0.46,0.39,2024-07-01,0217,N,VIIRS,n,2,287.96,0.92,N,2
43.54166,-5.82971,314.79,0.39,0.36,2024-07-01,0217,N,VIIRS,n,2,285.13,1.55,N,2
43.5275,-5.73444,297.11,0.39,0.36,2024-07-01,0217,N,VIIRS,n,2,285.79,0.69,N,2
43.5268,-5.72969,304.3,0.39,0.36,2024-07-01,0217,N,VIIRS,n,2,287.14,0.69,N,2
43.54236,-5.8345,313.74,0.39,0.36,2024-07-01,0217,N,VIIRS,n,2,286,1.25,N,2
43.55322,-5.86134,296.09,0.39,0.36,2024-07-01,0217,N,VIIRS,n,2,285.11,0.47,N,2
43.5308,-5.7335,296.71,0.39,0.36,2024-07-01,0217,N,VIIRS,n,2,283.85,0.68,N,2
38.9506,-3.68486,297.24,0.42,0.38,2024-07-01,0218,N,VIIRS,n,2,284.67,0.65,N,0
40.03807,-4.42788,305.42,0.4,0.37,2024-07-01,0218,N,VIIRS,n,2,286.82,0.51,N,0
40.04138,-4.42691,297.17,0.4,0.37,2024-07-01,0218,N,VIIRS,n,2,286.28,0.51,N,0
40.01017,-3.90323,300.1,0.4,0.37,2024-07-01,0218,N,VIIRS,n,2,288.88,0.87,N,0
40.2451,-3.47528,330.24,0.41,0.37,2024-07-01,0218,N,VIIRS,n,2,291.38,3.95,N,2
37.36118,-5.86392,311.57,0.39,0.36,2024-07-01,0219,N,VIIRS,n,2,291.4,0.96,N,2
36.6829,-4.58251,304.07,0.42,0.37,2024-07-01,0219,N,VIIRS,n,2,292.06,0.28,N,0
36.17928,-5.42577,304.36,0.4,0.37,2024-07-01,0219,N,VIIRS,n,2,291.76,0.79,N,2
37.18135,-6.89623,303.72,0.38,0.36,2024-07-01,0219,N,VIIRS,n,2,291.88,1,N,0
39.52282,2.51845,328.21,0.47,0.64,2024-07-01,1340,N,VIIRS,n,2,292.77,3.32,D,0
41.40821,1.99757,305.96,0.42,0.38,2024-07-02,0158,N,VIIRS,n,2,289.67,1.08,N,2
42.19229,-1.33759,308.3,0.39,0.36,2024-07-02,0158,N,VIIRS,n,2,286.28,3.7,N,0
42.19159,-1.33294,328.7,0.39,0.36,2024-07-02,0158,N,VIIRS,n,2,289.65,4.28,N,0
41.5285,1.80379,304.61,0.41,0.37,2024-07-02,0158,N,VIIRS,n,2,287,0.55,N,0
41.4552,1.97623,305.37,0.42,0.37,2024-07-02,0158,N,VIIRS,n,2,289.26,1.41,N,2
38.37751,-0.5438,308.55,0.39,0.36,2024-07-02,0159,N,VIIRS,n,2,291.56,0.78,N,2
38.95771,-0.34763,318.33,0.39,0.36,2024-07-02,0159,N,VIIRS,n,2,290.77,1.18,N,0
39.59851,-3.14539,316.52,0.4,0.37,2024-07-02,0159,N,VIIRS,n,2,288.28,1.39,N,0
39.75436,-3.21137,328.69,0.4,0.37,2024-07-02,0159,N,VIIRS,n,2,288.46,4.65,N,0
40.24468,-3.47626,301.96,0.41,0.37,2024-07-02,0159,N,VIIRS,n,2,290.57,0.68,N,2
40.57854,0.54002,304.12,0.4,0.37,2024-07-02,0159,N,VIIRS,n,2,290.37,0.98,N,2
41.47535,-1.48849,310.63,0.39,0.36,2024-07-02,0159,N,VIIRS,n,2,288.81,1.19,N,2
41.31364,1.66356,316.46,0.41,0.37,2024-07-02,0159,N,VIIRS,n,2,290.6,2.02,N,2
37.2435,-1.87086,305.78,0.38,0.36,2024-07-02,0200,N,VIIRS,n,2,291.98,0.76,N,0
37.56787,-0.91887,311.19,0.39,0.36,2024-07-02,0200,N,VIIRS,n,2,292.21,1.17,N,2
36.96761,-1.90671,319,0.38,0.36,2024-07-02,0200,N,VIIRS,n,2,294.67,1.91,N,2
37.3596,-5.86469,306.83,0.45,0.39,2024-07-02,0200,N,VIIRS,n,2,293.27,0.55,N,2
37.68058,-5.96106,347.3,0.38,0.36,2024-07-02,1321,N,VIIRS,l,2,319.72,6.4,D,0
37.67991,-5.96539,353.1,0.38,0.36,2024-07-02,1321,N,VIIRS,n,2,315.73,21.83,D,0
37.7028,-4.66402,349.07,0.39,0.36,2024-07-02,1321,N,VIIRS,n,2,318.82,6.18,D,0
37.50943,-4.7194,349.29,0.39,0.36,2024-07-02,1321,N,VIIRS,l,2,320.87,11.81,D,0
37.74498,-1.34704,337.34,0.49,0.4,2024-07-02,1321,N,VIIRS,n,2,306,2.05,D,0
37.70614,-4.66477,344.2,0.39,0.36,2024-07-02,1321,N,VIIRS,l,2,317.89,7.3,D,0
38.90279,-3.6762,344.12,0.42,0.37,2024-07-02,1321,N,VIIRS,l,2,314.4,5.98,D,0
39.78337,-3.99749,354.92,0.41,0.37,2024-07-02,1321,N,VIIRS,n,2,318.86,9.76,D,0
37.67662,-5.9646,348.84,0.38,0.36,2024-07-02,1321,N,VIIRS,n,2,315.51,21.83,D,0
37.67728,-5.96027,349.05,0.38,0.36,2024-07-02,1321,N,VIIRS,l,2,319.64,6.4,D,0
37.83859,-3.80631,341.84,0.41,0.37,2024-07-02,1321,N,VIIRS,l,2,316.37,5.13,D,0
42.19021,-1.33165,337.69,0.55,0.42,2024-07-02,1322,N,VIIRS,n,2,298.92,5.2,D,0
40.99378,-5.63511,340.49,0.39,0.36,2024-07-02,1322,N,VIIRS,l,2,311.2,4.1,D,0
41.31438,1.66386,300.56,0.41,0.37,2024-07-03,0140,N,VIIRS,n,2,284.61,0.87,N,2
41.311,1.66305,302.11,0.41,0.37,2024-07-03,0140,N,VIIRS,n,2,285.01,0.87,N,2
41.47626,-1.49098,297.62,0.52,0.41,2024-07-03,0140,N,VIIRS,n,2,284.18,0.89,N,2
40.57548,0.54117,306.25,0.43,0.38,2024-07-03,0140,N,VIIRS,n,2,290.97,1.19,N,2
38.95754,-0.3452,302.64,0.44,0.38,2024-07-03,0140,N,VIIRS,n,2,290.34,0.76,N,0
37.50753,-4.72194,303.01,0.44,0.46,2024-07-03,0141,N,VIIRS,n,2,292.61,0.67,N,0
36.96604,-1.90589,315.38,0.48,0.4,2024-07-03,0141,N,VIIRS,n,2,294.2,2.08,N,2
38.37667,-0.54408,303.38,0.44,0.39,2024-07-03,0141,N,VIIRS,n,2,293.29,0.72,N,2
38.01966,-4.78539,339.02,0.44,0.39,2024-07-03,1302,N,VIIRS,l,2,313.56,3.33,D,0
38.3059,-5.26591,352.91,0.46,0.39,2024-07-03,1302,N,VIIRS,n,2,325.51,34.18,D,0
41.60048,-0.81924,337.7,0.4,0.37,2024-07-03,1303,N,VIIRS,l,2,311.19,4.26,D,0
42.22919,0.35731,335.86,0.42,0.38,2024-07-03,1303,N,VIIRS,n,2,304.43,2.43,D,0
41.68747,-0.97111,339.44,0.39,0.36,2024-07-03,1303,N,VIIRS,n,2,308.51,2.71,D,0
43.52466,-5.73112,309.99,0.5,0.66,2024-07-04,0120,N,VIIRS,n,2,285.83,2.03,N,2
43.03481,-2.22156,302.44,0.33,0.55,2024-07-04,0120,N,VIIRS,n,2,285.43,0.52,N,2
43.03996,-2.22099,296.76,0.33,0.55,2024-07-04,0120,N,VIIRS,n,2,285.46,0.43,N,2
43.52552,-5.73367,325.72,0.5,0.66,2024-07-04,0120,N,VIIRS,n,2,287.05,3.02,N,2
43.5391,-5.83277,335.71,0.51,0.66,2024-07-04,0120,N,VIIRS,n,2,285.61,4.95,N,2
43.53922,-5.83913,315.24,0.51,0.66,2024-07-04,0120,N,VIIRS,n,2,285.31,6.23,N,0
43.52479,-5.73725,307.36,0.5,0.66,2024-07-04,0120,N,VIIRS,n,2,286.3,2.84,N,2
43.54048,-5.83552,350.25,0.5,0.66,2024-07-04,0120,N,VIIRS,n,2,286.68,7.74,N,2
41.47684,-1.48947,299.08,0.59,0.53,2024-07-04,0121,N,VIIRS,n,2,287.03,1.28,N,2
40.57711,0.54247,306.5,0.45,0.47,2024-07-04,0121,N,VIIRS,n,2,292.29,1.31,N,2
40.15063,-3.90691,301.72,0.38,0.59,2024-07-04,0121,N,VIIRS,n,2,289.59,0.79,N,0
40.11838,-3.92407,309.64,0.38,0.59,2024-07-04,0121,N,VIIRS,n,2,290.09,0.85,N,0
42.55268,-6.77445,303.72,0.56,0.69,2024-07-04,0121,N,VIIRS,n,2,286.58,1.45,N,0
40.11814,-3.92136,301.44,0.38,0.59,2024-07-04,0121,N,VIIRS,n,2,290.23,1.08,N,0
41.45758,1.97802,301.26,0.39,0.44,2024-07-04,0121,N,VIIRS,n,2,290.78,1.33,N,0
42.22338,-1.10746,307.69,0.57,0.52,2024-07-04,0121,N,VIIRS,n,2,286.63,1.18,N,0
41.31485,1.65904,305.34,0.41,0.45,2024-07-04,0121,N,VIIRS,n,2,290.27,1.26,N,2
38.63927,-6.89497,302.69,0.54,0.68,2024-07-04,0122,N,VIIRS,n,2,292.03,0.81,N,0
36.96707,-1.9047,309.3,0.55,0.51,2024-07-04,0122,N,VIIRS,n,2,295.28,1.65,N,2
41.31369,1.66406,297.54,0.69,0.75,2024-07-04,0301,N,VIIRS,n,2,286.41,1.98,N,2
40.9447,-2.91447,295.94,0.44,0.62,2024-07-04,0301,N,VIIRS,n,2,283.56,0.37,N,0
42.2216,-1.10322,310.2,0.49,0.65,2024-07-04,0301,N,VIIRS,n,2,285.49,0.88,N,0
43.44223,-3.84631,299.59,0.33,0.56,2024-07-04,0301,N,VIIRS,n,2,286.5,0.48,N,0
43.52763,-5.73078,304.71,0.54,0.51,2024-07-04,0301,N,VIIRS,n,2,287.28,1.61,N,2
43.52599,-5.73114,307.54,0.54,0.51,2024-07-04,0301,N,VIIRS,n,2,287.11,1.3,N,2
43.53046,-5.729,298.84,0.54,0.51,2024-07-04,0301,N,VIIRS,n,2,286.36,1.3,N,2
42.55234,-6.7695,296.86,0.51,0.5,2024-07-04,0301,N,VIIRS,n,2,286.81,0.52,N,2
37.5673,-0.92005,311.81,0.68,0.74,2024-07-04,0302,N,VIIRS,n,2,291.29,1.77,N,2
37.57345,-0.91586,331.85,0.68,0.74,2024-07-04,0302,N,VIIRS,n,2,291.62,4.28,N,0
37.3585,-5.8663,306.37,0.39,0.59,2024-07-04,0303,N,VIIRS,n,2,294.76,0.99,N,2
41.55113,-4.87645,340.97,0.41,0.45,2024-07-04,1244,N,VIIRS,n,2,306.6,7.72,D,0
40.98653,-6.86938,350.11,0.52,0.5,2024-07-04,1244,N,VIIRS,n,2,319.19,33.07,D,0
39.36591,-0.42088,339.06,0.44,0.38,2024-07-04,1244,N,VIIRS,l,2,311.57,9,D,0
40.98492,-6.87605,331.64,0.52,0.5,2024-07-04,1244,N,VIIRS,l,2,304.46,33.07,D,0
41.55009,-4.88117,341.33,0.41,0.45,2024-07-04,1244,N,VIIRS,n,2,307.63,7.72,D,0
40.27501,-3.82294,353.29,0.39,0.44,2024-07-04,1244,N,VIIRS,n,2,313.06,7.7,D,0
39.86533,-5.91852,353.81,0.65,0.73,2024-07-04,1425,N,VIIRS,n,2,305.89,8.01,D,0
39.86497,-5.91873,353.13,0.65,0.73,2024-07-04,1425,N,VIIRS,n,2,304.8,8.34,D,0
41.66675,0.88508,300.17,0.39,0.59,2024-07-05,0102,N,VIIRS,n,2,288.07,0.34,N,0
40.57589,0.53958,306.61,0.4,0.6,2024-07-05,0102,N,VIIRS,n,2,291.39,0.81,N,2
39.66318,-0.24888,302.7,0.43,0.62,2024-07-05,0102,N,VIIRS,n,2,292.4,0.77,N,2
40.57779,0.54087,304.79,0.4,0.6,2024-07-05,0102,N,VIIRS,n,2,291.28,0.85,N,2
41.314,1.66031,300.79,0.35,0.57,2024-07-05,0102,N,VIIRS,n,2,289.75,0.55,N,2
38.66662,-4.0584,313.17,0.68,0.74,2024-07-05,0103,N,VIIRS,n,2,292.45,3.59,N,0
41.40536,1.99578,300.25,0.43,0.62,2024-07-05,0242,N,VIIRS,n,2,288.64,0.48,N,2
41.40775,1.9933,300.99,0.43,0.62,2024-07-05,0242,N,VIIRS,n,2,289.11,0.75,N,0
43.07353,-2.99564,299.98,0.45,0.47,2024-07-05,0242,N,VIIRS,n,2,287.77,0.52,N,0
41.31381,1.66139,304.05,0.42,0.61,2024-07-05,0242,N,VIIRS,n,2,289.24,0.69,N,2
38.37645,-0.54675,302.26,0.39,0.59,2024-07-05,0243,N,VIIRS,n,2,291.19,0.66,N,2
39.66616,-0.24837,301.2,0.37,0.58,2024-07-05,0243,N,VIIRS,n,2,290.82,0.54,N,0
36.84193,-5.07991,344.48,0.47,0.64,2024-07-05,1224,N,VIIRS,n,2,305.91,7.64,D,0
36.84348,-5.07438,367,0.47,0.64,2024-07-05,1224,N,VIIRS,h,2,306.34,7.64,D,0
38.664,-5.29518,353.43,0.43,0.62,2024-07-05,1225,N,VIIRS,n,2,307.64,34.86,D,0
38.64676,-5.30544,367,0.43,0.62,2024-07-05,1225,N,VIIRS,h,2,308.02,10.11,D,0
38.65188,-5.31647,343.57,0.43,0.62,2024-07-05,1225,N,VIIRS,n,2,307.08,3.37,D,0
38.65325,-5.31157,332.73,0.43,0.62,2024-07-05,1225,N,VIIRS,n,2,306.61,8.98,D,0
38.65718,-5.2976,352.83,0.43,0.62,2024-07-05,1225,N,VIIRS,n,2,306.66,8.05,D,0
38.65848,-5.29295,348.58,0.43,0.62,2024-07-05,1225,N,VIIRS,n,2,311.34,34.86,D,0
38.65979,-5.28827,367,0.43,0.62,2024-07-05,1225,N,VIIRS,h,2,303.32,34.86,D,0
38.64634,-5.31426,367,0.43,0.62,2024-07-05,1225,N,VIIRS,h,2,306.8,11.09,D,0
38.64773,-5.30933,367,0.43,0.62,2024-07-05,1225,N,VIIRS,h,2,308.48,14.18,D,0
38.64909,-5.30449,367,0.43,0.62,2024-07-05,1225,N,VIIRS,h,2,306.18,14.18,D,0
38.64541,-5.31036,367,0.43,0.62,2024-07-05,1225,N,VIIRS,h,2,305.79,10.11,D,0
38.66533,-5.29044,367,0.43,0.62,2024-07-05,1225,N,VIIRS,h,2,309.92,34.86,D,0
38.67529,-5.29877,344.2,0.43,0.62,2024-07-05,1225,N,VIIRS,n,2,302.19,17.79,D,0
38.67389,-5.30377,367,0.43,0.62,2024-07-05,1225,N,VIIRS,h,2,303.37,8.12,D,0
38.66691,-5.30674,334,0.43,0.62,2024-07-05,1225,N,VIIRS,n,2,303.93,8.12,D,0
38.66825,-5.30194,367,0.43,0.62,2024-07-05,1225,N,VIIRS,h,2,306.89,8.12,D,0
38.65741,-5.31869,332.45,0.43,0.62,2024-07-05,1225,N,VIIRS,l,2,303.91,3.37,D,0
38.66137,-5.30458,330.93,0.43,0.62,2024-07-05,1225,N,VIIRS,n,2,305.03,8.05,D,0
38.66267,-5.29991,340.77,0.43,0.62,2024-07-05,1225,N,VIIRS,n,2,306.32,8.05,D,0
38.64731,-5.29712,337.56,0.39,0.59,2024-07-05,1405,N,VIIRS,n,2,304.84,13.88,D,0
38.64708,-5.3017,367,0.39,0.59,2024-07-05,1405,N,VIIRS,h,2,309.92,22.31,D,0
38.66967,-5.29443,341.91,0.39,0.59,2024-07-05,1405,N,VIIRS,n,2,310.06,9.9,D,0
38.67541,-5.2909,349.77,0.39,0.59,2024-07-05,1405,N,VIIRS,n,2,307.33,43.06,D,0
38.67516,-5.29563,357.14,0.39,0.59,2024-07-05,1405,N,VIIRS,n,2,317.53,88.01,D,0
38.6809,-5.29206,367,0.39,0.59,2024-07-05,1405,N,VIIRS,h,2,304.33,43.06,D,0
38.68027,-5.29302,367,0.39,0.59,2024-07-05,1405,N,VIIRS,h,2,306.45,105.95,D,0
38.64661,-5.31074,346.16,0.39,0.59,2024-07-05,1405,N,VIIRS,n,2,311.55,6.63,D,0
38.65334,-5.2879,367,0.39,0.59,2024-07-05,1405,N,VIIRS,h,2,309.25,17.25,D,0
38.6531,-5.29261,367,0.39,0.59,2024-07-05,1405,N,VIIRS,h,2,307.75,6.17,D,0
38.65189,-5.31589,341.82,0.39,0.59,2024-07-05,1405,N,VIIRS,n,2,311.39,5.82,D,0
38.65166,-5.32036,340.33,0.39,0.59,2024-07-05,1405,N,VIIRS,n,2,308.7,5.95,D,0
38.65936,-5.27908,367,0.39,0.59,2024-07-05,1405,N,VIIRS,h,2,311.66,14.27,D,0
38.65912,-5.28366,367,0.39,0.59,2024-07-05,1405,N,VIIRS,h,2,309.93,17.25,D,0
38.65959,-5.27466,350.2,0.39,0.59,2024-07-05,1405,N,VIIRS,n,2,308.25,14.27,D,0
38.65888,-5.28829,342.37,0.39,0.59,2024-07-05,1405,N,VIIRS,n,2,309.82,17.25,D,0
38.65863,-5.29299,342.41,0.39,0.59,2024-07-05,1405,N,VIIRS,n,2,310.31,6.17,D,0
38.65839,-5.2977,339.6,0.39,0.59,2024-07-05,1405,N,VIIRS,n,2,311.02,6.17,D,0
38.65741,-5.31653,343.03,0.39,0.59,2024-07-05,1405,N,VIIRS,n,2,309.73,5.82,D,0
38.66534,-5.27093,367,0.39,0.59,2024-07-05,1405,N,VIIRS,h,2,310.3,15.46,D,0
38.66511,-5.27538,353.78,0.39,0.59,2024-07-05,1405,N,VIIRS,n,2,309.73,6.41,D,0
38.66488,-5.27982,334.02,0.39,0.59,2024-07-05,1405,N,VIIRS,n,2,308.17,6.41,D,0
38.67086,-5.2717,367,0.39,0.59,2024-07-05,1405,N,VIIRS,h,2,306.19,15.46,D,0
38.67063,-5.27621,348.76,0.39,0.59,2024-07-05,1405,N,VIIRS,n,2,306.33,6.41,D,0
38.64086,-5.31458,335.8,0.39,0.59,2024-07-05,1405,N,VIIRS,n,2,307.91,6.63,D,0
38.64132,-5.30558,355.36,0.39,0.59,2024-07-05,1405,N,VIIRS,n,2,312.68,22.31,D,0
38.64109,-5.31009,367,0.39,0.59,2024-07-05,1405,N,VIIRS,h,2,310.34,6.63,D,0
38.64155,-5.30108,367,0.39,0.59,2024-07-05,1405,N,VIIRS,h,2,308.84,22.31,D,0
37.3629,-4.98555,344.19,0.39,0.6,2024-07-05,1405,N,VIIRS,n,2,310.8,4.56,D,0
36.8455,-5.08289,341.74,0.38,0.59,2024-07-05,1405,N,VIIRS,n,2,307.74,5.33,D,0
36.84573,-5.07867,349,0.39,0.59,2024-07-05,1405,N,VIIRS,n,2,308.21,7.83,D,0
36.77123,-2.95614,336.79,0.5,0.66,2024-07-05,1405,N,VIIRS,n,2,302.36,4.22,D,0
38.64638,-5.3152,355.75,0.39,0.59,2024-07-05,1405,N,VIIRS,n,2,310.85,6.63,D,0
38.64684,-5.30623,357.97,0.39,0.59,2024-07-05,1405,N,VIIRS,n,2,311.74,22.31,D,0
38.65359,-5.28316,367,0.39,0.59,2024-07-05,1405,N,VIIRS,h,2,307.32,17.25,D,0
38.65777,-6.51138,339.8,0.33,0.56,2024-07-05,1405,N,VIIRS,l,2,314.5,4.76,D,0
42.41595,-1.88426,343.62,0.62,0.71,2024-07-05,1406,N,VIIRS,n,2,299.43,10.52,D,0
42.42044,-1.89055,347.93,0.62,0.71,2024-07-05,1406,N,VIIRS,n,2,299.74,11.49,D,0
42.68165,-8.04666,339.83,0.6,0.53,2024-07-05,1407,N,VIIRS,n,2,299.15,5.37,D,0
43.52378,-5.73307,311.28,0.39,0.36,2024-07-06,0223,N,VIIRS,n,2,287.5,1.16,N,2
43.53034,-5.73105,303.75,0.39,0.36,2024-07-06,0223,N,VIIRS,n,2,286.49,1.07,N,2
43.52956,-5.72632,300.43,0.39,0.36,2024-07-06,0223,N,VIIRS,n,2,286.11,0.57,N,2
43.52706,-5.73206,321.01,0.39,0.36,2024-07-06,0223,N,VIIRS,n,2,288.12,1.16,N,2
43.52783,-5.73679,297.26,0.39,0.36,2024-07-06,0223,N,VIIRS,n,2,284.52,1.16,N,2
43.52628,-5.72733,301.3,0.39,0.36,2024-07-06,0223,N,VIIRS,n,2,287.62,0.85,N,2
43.52455,-5.7378,303.89,0.39,0.36,2024-07-06,0223,N,VIIRS,n,2,287.31,1.16,N,2
41.9453,-6.94084,311.23,0.38,0.36,2024-07-06,0224,N,VIIRS,n,2,285.8,1.16,N,0
40.02426,-4.15777,305.6,0.44,0.38,2024-07-06,0224,N,VIIRS,n,2,292.05,0.74,N,0
38.62479,-5.4231,303.49,0.42,0.38,2024-07-06,0225,N,VIIRS,n,2,291.44,0.64,N,0
38.62646,-5.41263,309.68,0.42,0.38,2024-07-06,0225,N,VIIRS,n,2,290.98,1.13,N,0
38.62819,-5.42211,305.96,0.42,0.38,2024-07-06,0225,N,VIIRS,n,2,291.21,0.77,N,0
38.62905,-5.42685,302.52,0.42,0.38,2024-07-06,0225,N,VIIRS,n,2,291.06,0.77,N,0
38.62733,-5.41737,323.94,0.42,0.38,2024-07-06,0225,N,VIIRS,n,2,292.07,1.13,N,0
38.62987,-5.41166,307.37,0.42,0.38,2024-07-06,0225,N,VIIRS,n,2,290.84,1.13,N,0
38.63073,-5.41639,307.6,0.42,0.38,2024-07-06,0225,N,VIIRS,n,2,291.39,1.13,N,0
38.63327,-5.41068,301.83,0.42,0.38,2024-07-06,0225,N,VIIRS,n,2,291.15,0.59,N,0
38.63414,-5.41541,308.02,0.42,0.38,2024-07-06,0225,N,VIIRS,n,2,291.19,0.59,N,0
39.46288,-6.39414,300.45,0.39,0.36,2024-07-06,0225,N,VIIRS,n,2,289.95,0.41,N,0
39.45957,-6.39508,328.77,0.39,0.36,2024-07-06,0225,N,VIIRS,n,2,291.31,2.36,N,0
38.91941,-6.41171,338.44,0.4,0.37,2024-07-06,0225,N,VIIRS,n,2,292.39,5.17,N,0
37.86655,-4.74549,314.92,0.45,0.39,2024-07-06,0225,N,VIIRS,n,2,291.13,1.78,N,0
38.62392,-5.41835,313.07,0.42,0.38,2024-07-06,0225,N,VIIRS,n,2,291.25,1.27,N,0
36.96715,-1.90467,307.56,0.41,0.45,2024-07-06,0225,N,VIIRS,n,2,292.97,0.96,N,2
41.6368,-4.81429,345.39,0.57,0.69,2024-07-06,1207,N,VIIRS,n,2,294.87,8.36,D,0
40.03955,-3.68657,341.77,0.56,0.69,2024-07-06,1207,N,VIIRS,n,2,303.51,8.02,D,0
40.03858,-3.68361,330.58,0.56,0.69,2024-07-06,1207,N,VIIRS,l,2,301.48,7.36,D,0
38.5628,-5.82689,344.25,0.41,0.45,2024-07-06,1346,N,VIIRS,n,2,312.43,8.12,D,0
38.56327,-5.82212,347.51,0.41,0.45,2024-07-06,1346,N,VIIRS,n,2,314.79,8.12,D,0
37.1603,-5.86384,336.15,0.39,0.44,2024-07-06,1346,N,VIIRS,n,2,301.97,1.72,D,0
41.64656,-0.76824,299.64,0.39,0.37,2024-07-07,0205,N,VIIRS,n,2,285.54,0.51,N,0
41.47509,-1.48837,308.67,0.39,0.36,2024-07-07,0205,N,VIIRS,n,2,286.43,1.24,N,2
42.5518,-6.7707,299.73,0.48,0.4,2024-07-07,0205,N,VIIRS,n,2,283.18,0.89,N,2
42.9212,-1.51237,295.88,0.38,0.36,2024-07-07,0205,N,VIIRS,n,2,282.33,0.57,N,0
43.2237,-2.87792,300.81,0.39,0.36,2024-07-07,0205,N,VIIRS,n,2,284.81,0.36,N,2
40.57803,0.54136,304.1,0.43,0.38,2024-07-07,0205,N,VIIRS,n,2,290.14,1.12,N,2
40.24512,-3.47829,302.6,0.39,0.36,2024-07-07,0205,N,VIIRS,n,2,290.12,0.83,N,2
36.96698,-1.90749,314.15,0.4,0.37,2024-07-07,0206,N,VIIRS,n,2,295.54,1.68,N,2
37.36356,-5.925,299.84,0.41,0.37,2024-07-07,0206,N,VIIRS,n,2,289.67,0.49,N,0
37.35868,-5.86469,303.43,0.41,0.37,2024-07-07,0206,N,VIIRS,n,2,291.52,0.51,N,2
37.46581,-5.75918,306.17,0.4,0.37,2024-07-07,0206,N,VIIRS,n,2,290.21,0.66,N,0
37.47193,-5.75313,324.47,0.4,0.37,2024-07-07,0206,N,VIIRS,n,2,290.8,1.62,N,0
37.47531,-5.7524,308.35,0.4,0.37,2024-07-07,0206,N,VIIRS,n,2,290.51,1.62,N,0
36.93307,-2.16266,305.72,0.4,0.37,2024-07-07,0206,N,VIIRS,n,2,292.28,0.61,N,0
37.56778,-0.91959,304.17,0.42,0.38,2024-07-07,0206,N,VIIRS,n,2,293.18,0.84,N,2
38.92853,-6.32482,332.04,0.43,0.38,2024-07-07,0206,N,VIIRS,n,2,290.17,2.93,N,0
38.89507,-3.70558,304.52,0.38,0.36,2024-07-07,0206,N,VIIRS,n,2,291.6,0.71,N,0
37.73611,-3.96388,333.93,0.45,0.39,2024-07-07,1327,N,VIIRS,l,2,308.42,1.74,D,0
37.17476,-3.63767,349.08,0.45,0.39,2024-07-07,1327,N,VIIRS,n,2,308.75,16.21,D,0
37.20454,-3.67223,337.21,0.45,0.39,2024-07-07,1327,N,VIIRS,l,2,308.15,2.22,D,0
37.32282,-5.1952,346.94,0.41,0.37,2024-07-07,1327,N,VIIRS,l,2,320.63,4.43,D,0
41.92441,0.1803,332.66,0.51,0.49,2024-07-07,1328,N,VIIRS,l,2,302.83,6.17,D,2
43.52544,-5.72896,328.47,0.44,0.39,2024-07-07,1329,N,VIIRS,n,2,296.95,3.81,D,2
42.55286,-6.77066,301.55,0.53,0.5,2024-07-08,0146,N,VIIRS,n,2,284.15,1.16,N,2
40.91081,-2.5566,298.12,0.48,0.4,2024-07-08,0146,N,VIIRS,n,2,287.08,0.46,N,0
40.57608,0.53931,309.85,0.39,0.36,2024-07-08,0146,N,VIIRS,n,2,291.25,0.81,N,2
41.47566,-1.48932,301.76,0.45,0.39,2024-07-08,0146,N,VIIRS,n,2,289.54,0.37,N,2
41.40739,1.9995,311,0.38,0.36,2024-07-08,0146,N,VIIRS,n,2,290.75,1.07,N,2
41.45477,1.97657,299.54,0.38,0.36,2024-07-08,0146,N,VIIRS,n,2,289.48,0.88,N,2
41.5288,1.80625,303.33,0.39,0.36,2024-07-08,0146,N,VIIRS,n,2,289.02,0.56,N,0
43.32946,-5.77297,297.25,0.48,0.48,2024-07-08,0146,N,VIIRS,n,2,283.49,0.37,N,2
43.04066,-2.21975,304.84,0.49,0.41,2024-07-08,0146,N,VIIRS,n,2,284.92,1.15,N,2
43.5246,-5.73201,304.41,0.48,0.48,2024-07-08,0146,N,VIIRS,n,2,284.98,0.97,N,2
43.52905,-5.73112,302.71,0.48,0.48,2024-07-08,0146,N,VIIRS,n,2,285.93,0.97,N,2
43.53692,-5.83398,298.16,0.49,0.48,2024-07-08,0146,N,VIIRS,n,2,283.64,0.89,N,2
43.5414,-5.8333,341.63,0.49,0.48,2024-07-08,0146,N,VIIRS,n,2,286.63,6.14,N,2
43.55275,-5.86294,302.34,0.49,0.48,2024-07-08,0146,N,VIIRS,n,2,284.6,1.22,N,2
43.30663,-3.0251,297.59,0.54,0.42,2024-07-08,0146,N,VIIRS,n,2,285.32,0.83,N,2
43.31051,-3.02423,298.5,0.54,0.42,2024-07-08,0146,N,VIIRS,n,2,284.83,0.83,N,0
38.49488,-0.49718,331.59,0.4,0.37,2024-07-08,0147,N,VIIRS,n,2,291.95,2.56,N,0
38.49425,-0.49266,313.99,0.4,0.37,2024-07-08,0147,N,VIIRS,n,2,291.88,2.56,N,0
38.49152,-0.49795,334.15,0.4,0.37,2024-07-08,0147,N,VIIRS,n,2,292.33,3.77,N,0
38.04047,-1.19151,331.2,0.41,0.37,2024-07-08,0147,N,VIIRS,n,2,292.75,3.39,N,0
38.66571,-4.05326,297.4,0.53,0.42,2024-07-08,0147,N,VIIRS,n,2,287.12,2.73,N,2
38.66622,-4.05192,298.15,0.53,0.42,2024-07-08,0147,N,VIIRS,n,2,287.39,0.81,N,2
38.93224,-6.83704,295.74,0.49,0.48,2024-07-08,0147,N,VIIRS,n,2,285.35,0.49,N,0
40.06346,-3.2246,310.38,0.5,0.41,2024-07-08,0147,N,VIIRS,n,2,287.47,1.65,N,0
40.06434,-3.22483,324.21,0.5,0.41,2024-07-08,0147,N,VIIRS,n,2,288.37,3.34,N,0
38.49089,-0.49342,307.56,0.4,0.37,2024-07-08,0147,N,VIIRS,n,2,291.47,3.77,N,0
38.3764,-0.54553,307.16,0.4,0.37,2024-07-08,0147,N,VIIRS,n,2,292.64,0.92,N,2
37.73212,-3.16758,318.9,0.47,0.4,2024-07-08,0147,N,VIIRS,n,2,289.1,1.66,N,0
40.06723,-3.22389,310.79,0.5,0.41,2024-07-08,0147,N,VIIRS,n,2,286.49,1.65,N,0
37.35785,-6.67323,297.42,0.46,0.47,2024-07-08,0148,N,VIIRS,n,2,286.94,0.64,N,2
43.5267,-5.73337,296.02,0.53,0.67,2024-07-08,0326,N,VIIRS,n,2,283.01,1.02,N,2
40.25801,-4.96266,312.5,0.73,0.76,2024-07-08,0327,N,VIIRS,n,2,284.8,2.72,N,0
40.25973,-4.96764,297.34,0.73,0.76,2024-07-08,0327,N,VIIRS,n,2,286.13,3.73,N,0
40.2614,-4.96452,314.81,0.73,0.76,2024-07-08,0327,N,VIIRS,n,2,286.37,4.24,N,0
37.2338,-6.47836,338.92,0.46,0.39,2024-07-08,1308,N,VIIRS,l,2,309.96,4.29,D,0
39.46722,-0.38442,337.48,0.43,0.38,2024-07-08,1309,N,VIIRS,n,2,304.25,2.67,D,0
39.95969,-6.32413,342.79,0.42,0.38,2024-07-08,1309,N,VIIRS,n,2,315.99,3.87,D,0
39.97037,-0.0279,337.03,0.44,0.38,2024-07-08,1309,N,VIIRS,n,2,299.47,3.97,D,0
39.60418,-2.0503,355.27,0.39,0.36,2024-07-08,1309,N,VIIRS,n,2,318.14,23.39,D,0
39.4666,-0.38937,338.17,0.42,0.38,2024-07-08,1309,N,VIIRS,n,2,304.84,2.42,D,0
38.49084,-0.49306,335.76,0.41,0.37,2024-07-08,1309,N,VIIRS,n,2,299.85,2.17,D,0
43.40913,-3.83693,330.6,0.39,0.36,2024-07-08,1310,N,VIIRS,l,2,300.79,2.77,D,0
43.03675,-2.21807,296.91,0.55,0.51,2024-07-09,0127,N,VIIRS,n,2,282.65,0.9,N,2
41.3134,1.66328,315.82,0.51,0.41,2024-07-09,0127,N,VIIRS,n,2,292.71,1.68,N,2
38.33142,-6.13657,316.1,0.4,0.6,2024-07-09,0128,N,VIIRS,n,2,287.48,1.44,N,0
38.32583,-6.13702,318.51,0.4,0.6,2024-07-09,0128,N,VIIRS,n,2,288.61,3.47,N,0
38.49345,-0.49452,314.13,0.4,0.44,2024-07-09,0128,N,VIIRS,n,2,292.98,0.85,N,0
38.37548,-0.54539,302.54,0.4,0.44,2024-07-09,0128,N,VIIRS,n,2,292.14,0.9,N,2
38.3319,-6.14593,317.05,0.4,0.6,2024-07-09,0128,N,VIIRS,n,2,287.28,1.42,N,0
38.33166,-6.14126,301.59,0.4,0.6,2024-07-09,0128,N,VIIRS,n,2,286.79,1.42,N,0
38.32631,-6.14629,308.13,0.4,0.6,2024-07-09,0128,N,VIIRS,n,2,288.05,4.17,N,0
38.32607,-6.14166,350.16,0.4,0.6,2024-07-09,0128,N,VIIRS,n,2,290.51,4.17,N,0
38.4924,-0.49729,314.1,0.4,0.44,2024-07-09,0128,N,VIIRS,n,2,292.24,1.67,N,0
37.35965,-6.67702,300.98,0.42,0.61,2024-07-09,0129,N,VIIRS,n,2,288.22,0.94,N,0
37.3585,-6.67736,298.63,0.42,0.61,2024-07-09,0129,N,VIIRS,n,2,287.76,0.76,N,0
38.33519,-6.13762,299.84,0.43,0.62,2024-07-09,0309,N,VIIRS,n,2,284.66,0.8,N,0
38.32977,-6.14009,301.58,0.43,0.62,2024-07-09,0309,N,VIIRS,n,2,284.4,1.66,N,0
37.35984,-5.86464,299.59,0.47,0.64,2024-07-09,0309,N,VIIRS,n,2,288.64,0.46,N,2
41.31311,1.66455,337.12,0.39,0.36,2024-07-09,1250,N,VIIRS,l,2,309.16,2.27,D,2
38.55059,-6.36306,334.12,0.47,0.47,2024-07-09,1250,N,VIIRS,l,2,308.97,1.49,D,0
38.88792,-6.90662,356.28,0.49,0.48,2024-07-09,1250,N,VIIRS,n,2,306.12,22.41,D,0
39.9456,-4.95244,350.83,0.56,0.43,2024-07-09,1250,N,VIIRS,n,2,313.65,18.27,D,0
39.94427,-4.95888,345.48,0.56,0.43,2024-07-09,1250,N,VIIRS,n,2,313.18,7.27,D,0
39.94364,-4.95333,336.54,0.56,0.43,2024-07-09,1250,N,VIIRS,l,2,310.67,4.52,D,0
39.94886,-4.94826,338.34,0.56,0.43,2024-07-09,1250,N,VIIRS,l,2,310.35,8.86,D,0
39.9475,-4.95468,338.82,0.56,0.43,2024-07-09,1250,N,VIIRS,l,2,312.49,5.57,D,0
39.94614,-4.9611,340.34,0.56,0.43,2024-07-09,1250,N,VIIRS,l,2,311.6,5.57,D,0
40.35672,-3.5749,339.5,0.48,0.4,2024-07-09,1250,N,VIIRS,l,2,314.49,5.46,D,0
28.39545,-16.5434,340.54,0.49,0.4,2024-07-09,1428,N,VIIRS,n,2,311.84,21.68,D,0
43.52685,-5.7292,302.36,0.39,0.36,2024-07-17,0217,N,VIIRS,n,2,278.77,0.93,N,2
43.53914,-5.83464,297.99,0.39,0.36,2024-07-17,0217,N,VIIRS,n,2,276.86,1.55,N,2
43.53843,-5.82988,301.57,0.39,0.36,2024-07-17,0217,N,VIIRS,n,2,276.31,0.76,N,2
43.55658,-5.85954,298.57,0.39,0.36,2024-07-17,0217,N,VIIRS,n,2,274.3,0.66,N,0
43.41077,-3.83905,311.51,0.39,0.36,2024-07-17,0217,N,VIIRS,n,2,282.69,1.03,N,0
43.32992,-5.77436,298.04,0.39,0.36,2024-07-17,0217,N,VIIRS,n,2,269.55,0.64,N,2
43.52356,-5.73013,305.78,0.39,0.36,2024-07-17,0217,N,VIIRS,n,2,278.12,0.93,N,2
43.44275,-3.84395,303.64,0.39,0.36,2024-07-17,0217,N,VIIRS,n,2,285.27,0.78,N,2
41.31369,1.66388,303.81,0.42,0.45,2024-07-17,0218,N,VIIRS,n,2,286.88,1.93,N,2
40.01068,-3.90229,305,0.41,0.37,2024-07-17,0218,N,VIIRS,n,2,293.48,1.38,N,0
40.40672,-3.7046,304.89,0.41,0.37,2024-07-17,0218,N,VIIRS,n,2,292.47,0.77,N,0
42.55389,-6.76843,298.45,0.39,0.36,2024-07-17,0218,N,VIIRS,n,2,283.09,0.65,N,2
41.9249,0.18053,306.3,0.52,0.42,2024-07-17,0218,N,VIIRS,n,2,292.44,1.15,N,2
43.34681,-8.4364,300.36,0.43,0.38,2024-07-17,0218,N,VIIRS,n,2,279.27,0.79,N,2
37.35501,-5.41758,311.47,0.4,0.37,2024-07-17,0219,N,VIIRS,n,2,290.21,0.87,N,0
37.3593,-5.86409,313.55,0.39,0.36,2024-07-17,0219,N,VIIRS,n,2,294.22,1.37,N,2
41.15666,-0.81386,335.21,0.45,0.63,2024-07-17,1201,N,VIIRS,n,2,297.01,5.95,D,0
41.1583,-0.80826,340.58,0.45,0.63,2024-07-17,1201,N,VIIRS,n,2,297.63,6.95,D,0
41.15833,-0.81077,342.12,0.45,0.63,2024-07-17,1201,N,VIIRS,n,2,297.77,8.15,D,0
43.35805,-4.15163,325.68,0.55,0.68,2024-07-17,1201,N,VIIRS,n,2,293.19,2.71,D,0
43.52378,-5.72714,337.94,0.64,0.72,2024-07-17,1202,N,VIIRS,n,2,295.02,6.48,D,2
37.31878,-3.18742,342.95,0.45,0.47,2024-07-17,1340,N,VIIRS,n,2,311.72,5.55,D,0
37.3171,-3.18966,344.14,0.45,0.47,2024-07-17,1340,N,VIIRS,n,2,311.65,5.32,D,0
40.79613,-3.74278,347.11,0.46,0.47,2024-07-17,1341,N,VIIRS,n,2,309.71,4.46,D,0
39.91662,-3.63346,345.77,0.45,0.47,2024-07-17,1341,N,VIIRS,l,2,318.14,8.85,D,0
43.34544,-8.43321,331.41,0.46,0.39,2024-07-17,1342,N,VIIRS,l,2,303.52,2.49,D,2
43.52307,-5.72851,326.72,0.39,0.44,2024-07-17,1342,N,VIIRS,n,2,296.38,4.34,D,2
43.53161,-5.72816,300.56,0.51,0.41,2024-07-18,0159,N,VIIRS,n,2,288.98,0.71,N,2
40.61395,-3.14047,305.5,0.4,0.37,2024-07-18,0159,N,VIIRS,n,2,293.1,0.87,N,0
40.57634,0.54096,311.19,0.4,0.37,2024-07-18,0159,N,VIIRS,n,2,294.71,1.06,N,2
40.72126,0.84465,302.53,0.4,0.37,2024-07-18,0159,N,VIIRS,n,2,291.94,0.12,N,0
41.47489,-1.48698,310.33,0.39,0.36,2024-07-18,0159,N,VIIRS,n,2,295.15,1.41,N,2
41.47958,-1.33816,310.66,0.38,0.36,2024-07-18,0159,N,VIIRS,n,2,292.54,0.46,N,0
41.31201,1.65956,316.82,0.41,0.37,2024-07-18,0159,N,VIIRS,n,2,292.46,2.23,N,2
42.55132,-6.77145,301.71,0.55,0.43,2024-07-18,0159,N,VIIRS,n,2,289.15,0.72,N,2
41.40582,1.99596,310.82,0.42,0.38,2024-07-18,0159,N,VIIRS,n,2,293.43,1.62,N,2
43.33031,-5.77533,300.84,0.51,0.41,2024-07-18,0159,N,VIIRS,n,2,289.58,0.89,N,2
41.45545,1.98057,314.16,0.42,0.38,2024-07-18,0159,N,VIIRS,n,2,294.33,1.24,N,2
43.52402,-5.72975,315.73,0.51,0.41,2024-07-18,0159,N,VIIRS,n,2,289.8,4.24,N,2
43.04193,-2.2213,302.96,0.4,0.37,2024-07-18,0159,N,VIIRS,n,2,290.34,0.56,N,2
43.52782,-5.72899,328.74,0.51,0.41,2024-07-18,0159,N,VIIRS,n,2,291.42,4.24,N,2
43.52469,-5.73604,306.15,0.51,0.41,2024-07-18,0159,N,VIIRS,n,2,289.56,4.24,N,2
43.52849,-5.73522,328.91,0.51,0.41,2024-07-18,0159,N,VIIRS,n,2,291.7,4.24,N,2
37.92735,-0.99904,321.89,0.39,0.36,2024-07-18,0200,N,VIIRS,n,2,291.7,1.76,N,0
37.92807,-1.00336,315.8,0.39,0.36,2024-07-18,0200,N,VIIRS,n,2,292.53,1.76,N,0
38.67731,-6.47849,313.09,0.49,0.4,2024-07-18,0200,N,VIIRS,n,2,292.68,1.08,N,0
38.67359,-6.47915,305.45,0.49,0.4,2024-07-18,0200,N,VIIRS,n,2,292.12,1,N,0
36.96567,-1.90447,313.8,0.39,0.36,2024-07-18,0200,N,VIIRS,n,2,294.21,1.42,N,2
37.36139,-5.86744,312.57,0.45,0.39,2024-07-18,0200,N,VIIRS,n,2,295.47,1.65,N,2
38.6677,-4.05015,317.23,0.41,0.37,2024-07-18,0200,N,VIIRS,n,2,293.41,1.12,N,2
43.52975,-5.73377,314.51,0.74,0.76,2024-07-18,0339,N,VIIRS,n,2,287.38,2.44,N,2
43.52329,-5.72613,304.06,0.74,0.76,2024-07-18,0339,N,VIIRS,n,2,286.57,1.89,N,2
43.5265,-5.73503,318.8,0.74,0.76,2024-07-18,0339,N,VIIRS,n,2,287.5,4.71,N,2
43.52658,-5.72482,305.95,0.74,0.76,2024-07-18,0339,N,VIIRS,n,2,286.73,2.44,N,2
42.57719,-2.18848,331.74,0.77,0.78,2024-07-18,1142,N,VIIRS,n,2,298.72,3.77,D,0
42.57901,-2.18934,330.82,0.77,0.78,2024-07-18,1143,N,VIIRS,n,2,298.85,3.38,D,0
37.74258,-1.03681,336,0.51,0.41,2024-07-18,1321,N,VIIRS,n,2,304.44,2.77,D,0
37.74322,-1.031,337.38,0.51,0.41,2024-07-18,1321,N,VIIRS,n,2,305.15,2.77,D,0
42.57578,-2.19499,338.91,0.51,0.41,2024-07-18,1322,N,VIIRS,l,2,312.57,2.79,D,0
43.34686,-8.44047,297.55,0.39,0.59,2024-07-19,0140,N,VIIRS,n,2,286.83,0.79,N,0
43.52754,-5.7397,327.94,0.57,0.52,2024-07-19,0140,N,VIIRS,n,2,287.77,4.24,N,2
43.53191,-5.73213,299.54,0.57,0.52,2024-07-19,0140,N,VIIRS,n,2,288.16,1.41,N,2
43.52274,-5.74069,315.49,0.57,0.52,2024-07-19,0140,N,VIIRS,n,2,287.73,4.24,N,2
43.5271,-5.73295,331.89,0.57,0.52,2024-07-19,0140,N,VIIRS,n,2,290.38,3.9,N,2
43.52227,-5.73362,304.98,0.57,0.52,2024-07-19,0140,N,VIIRS,n,2,288.19,3.9,N,2
38.42849,-6.8913,313.12,0.59,0.52,2024-07-19,0141,N,VIIRS,n,2,293.54,2.06,N,0
38.42797,-6.88421,308.06,0.58,0.52,2024-07-19,0141,N,VIIRS,n,2,293.21,2.06,N,0
36.96745,-1.90804,308.26,0.48,0.4,2024-07-19,0141,N,VIIRS,n,2,295.24,1.21,N,2
41.64515,-4.69903,300.2,0.58,0.7,2024-07-19,0320,N,VIIRS,n,2,286.4,0.89,N,0
43.52143,-5.73231,297.27,0.46,0.63,2024-07-19,0320,N,VIIRS,n,2,286.87,1.14,N,2
43.52732,-5.73552,298.07,0.46,0.63,2024-07-19,0320,N,VIIRS,n,2,287.64,1.53,N,2
43.5256,-5.72988,329.7,0.46,0.63,2024-07-19,0320,N,VIIRS,n,2,287.59,3.04,N,2
37.3582,-6.66997,367,0.53,0.42,2024-07-19,1302,N,VIIRS,h,2,319.77,15.55,D,0
37.35722,-6.6689,356.8,0.53,0.42,2024-07-19,1302,N,VIIRS,n,2,321.22,24.23,D,0
37.35442,-6.66873,345.46,0.53,0.42,2024-07-19,1302,N,VIIRS,n,2,319.52,10.39,D,0
39.92662,-4.27387,349.02,0.41,0.37,2024-07-19,1303,N,VIIRS,n,2,322.1,26.52,D,0
38.88342,-6.98857,347.82,0.52,0.41,2024-07-19,1303,N,VIIRS,n,2,316.76,12.89,D,0
38.72617,-6.51645,356.9,0.5,0.41,2024-07-19,1303,N,VIIRS,n,2,319.92,53.13,D,0
38.7225,-6.51524,367,0.5,0.41,2024-07-19,1303,N,VIIRS,h,2,323.37,29.69,D,0
39.05623,-0.58467,346.28,0.39,0.36,2024-07-19,1303,N,VIIRS,n,2,313.42,4.24,D,0
39.05291,-0.5839,345.86,0.39,0.36,2024-07-19,1303,N,VIIRS,n,2,318.29,24.67,D,0
38.72759,-6.52899,367,0.5,0.41,2024-07-19,1303,N,VIIRS,h,2,320.58,25.82,D,0
39.92581,-4.27857,367,0.41,0.37,2024-07-19,1303,N,VIIRS,h,2,327.42,26.52,D,0
43.52604,-5.72906,342.68,0.41,0.37,2024-07-19,1304,N,VIIRS,n,2,306.18,7.05,D,2
43.52516,-5.73404,338.64,0.41,0.37,2024-07-19,1304,N,VIIRS,n,2,304.34,4.65,D,2
43.52267,-5.72794,337.34,0.41,0.37,2024-07-19,1304,N,VIIRS,n,2,304.82,3.43,D,2
43.54048,-5.8291,346.79,0.41,0.37,2024-07-19,1304,N,VIIRS,n,2,305.2,7.39,D,2
28.06838,-17.26692,347.23,0.44,0.46,2024-07-19,1441,N,VIIRS,n,2,319.78,11.98,D,0
28.47999,-13.89243,333.23,0.36,0.57,2024-07-19,1441,N,VIIRS,n,2,302.89,1.89,D,0
40.5775,0.53813,305.18,0.45,0.47,2024-07-20,0121,N,VIIRS,n,2,294.51,1.03,N,2
41.47507,-1.49044,303.81,0.58,0.52,2024-07-20,0121,N,VIIRS,n,2,293.56,0.45,N,2
40.71391,0.39977,338.95,0.45,0.47,2024-07-20,0121,N,VIIRS,n,2,295.49,4.99,N,0
43.2301,-2.88597,300.47,0.35,0.57,2024-07-20,0121,N,VIIRS,n,2,289.28,0.71,N,0
43.22457,-2.88207,310.01,0.35,0.57,2024-07-20,0121,N,VIIRS,n,2,289.64,1.25,N,2
42.55007,-6.77435,298.53,0.55,0.68,2024-07-20,0121,N,VIIRS,n,2,287.89,0.84,N,0
41.522,1.60476,324,0.41,0.45,2024-07-20,0121,N,VIIRS,n,2,291.06,1.38,N,0
41.31191,1.66053,309.71,0.4,0.44,2024-07-20,0121,N,VIIRS,n,2,293.11,1.56,N,2
36.96731,-1.90544,308.64,0.55,0.51,2024-07-20,0122,N,VIIRS,n,2,296.3,1.31,N,2
38.66906,-4.05617,305.8,0.37,0.58,2024-07-20,0122,N,VIIRS,n,2,295.29,2.16,N,2
43.52606,-5.72858,299.56,0.55,0.51,2024-07-20,0301,N,VIIRS,n,2,289.46,1.3,N,2
41.31661,1.65972,304.61,0.7,0.75,2024-07-20,0301,N,VIIRS,n,2,289.36,1.09,N,0
43.52777,-5.7353,305.17,0.55,0.51,2024-07-20,0301,N,VIIRS,n,2,289.41,1.3,N,2
37.33343,-5.39439,301.21,0.41,0.61,2024-07-20,0303,N,VIIRS,n,2,290.11,0.33,N,0
40.26362,-3.81176,339.63,0.38,0.43,2024-07-20,1244,N,VIIRS,l,2,313.45,3.66,D,0
39.63247,-6.29678,349.49,0.52,0.5,2024-07-20,1244,N,VIIRS,n,2,313.23,21.55,D,0
40.25996,-3.8483,339.32,0.38,0.44,2024-07-20,1244,N,VIIRS,l,2,312.12,1.38,D,0
40.25824,-3.84908,340.38,0.38,0.44,2024-07-20,1244,N,VIIRS,n,2,312.87,2.03,D,0
43.53856,-5.82685,332.75,0.4,0.44,2024-07-20,1245,N,VIIRS,n,2,292.13,3.11,D,0
43.41123,-3.83828,331.32,0.5,0.41,2024-07-20,1245,N,VIIRS,l,2,302.1,3.01,D,0
37.32972,-6.50472,356.2,0.6,0.7,2024-07-20,1424,N,VIIRS,n,2,306.21,20.53,D,0
37.32991,-6.49787,367,0.6,0.7,2024-07-20,1424,N,VIIRS,h,2,308.3,26.16,D,0
37.32683,-6.50747,367,0.6,0.7,2024-07-20,1424,N,VIIRS,h,2,306.37,15,D,0
37.32698,-6.5006,367,0.6,0.7,2024-07-20,1424,N,VIIRS,h,2,309.8,15,D,0
39.62791,-6.26356,339.81,0.63,0.72,2024-07-20,1425,N,VIIRS,n,2,305.09,86.42,D,0
39.62776,-6.27176,367,0.63,0.72,2024-07-20,1425,N,VIIRS,h,2,309.69,15.71,D,0
39.63602,-6.25185,367,0.64,0.72,2024-07-20,1425,N,VIIRS,l,2,326.07,123.5,D,0
39.63562,-6.28289,347.93,0.63,0.72,2024-07-20,1425,N,VIIRS,n,2,308.03,14.29,D,0
39.63573,-6.2748,349.52,0.63,0.72,2024-07-20,1425,N,VIIRS,n,2,307.28,19.66,D,0
39.63593,-6.25916,349.74,0.63,0.72,2024-07-20,1425,N,VIIRS,n,2,310.99,123.5,D,0
39.63612,-6.2443,337.68,0.64,0.72,2024-07-20,1425,N,VIIRS,n,2,302.33,99.21,D,0
39.63583,-6.26679,367,0.63,0.72,2024-07-20,1425,N,VIIRS,h,2,307.94,19.66,D,0
39.62875,-6.29054,348.61,0.63,0.72,2024-07-20,1425,N,VIIRS,n,2,307.36,13.45,D,0
39.62747,-6.28806,349.74,0.63,0.72,2024-07-20,1425,N,VIIRS,n,2,307.69,14.94,D,0
39.63494,-6.24936,367,0.63,0.72,2024-07-20,1425,N,VIIRS,h,2,321.35,222.04,D,0
39.63467,-6.26422,367,0.63,0.72,2024-07-20,1425,N,VIIRS,h,2,309.55,86.42,D,0
39.63452,-6.27219,348.84,0.63,0.72,2024-07-20,1425,N,VIIRS,n,2,308.14,15.71,D,0
39.63438,-6.28033,344.88,0.63,0.72,2024-07-20,1425,N,VIIRS,n,2,308.68,15.71,D,0
39.6417,-6.24999,345.99,0.63,0.72,2024-07-20,1425,N,VIIRS,n,2,303.69,14.39,D,0
39.64156,-6.25737,338.7,0.63,0.72,2024-07-20,1425,N,VIIRS,n,2,301.83,15.5,D,0
39.64114,-6.28055,333.73,0.63,0.72,2024-07-20,1425,N,VIIRS,l,2,303.74,7.53,D,0
39.62896,-6.27441,367,0.63,0.72,2024-07-20,1425,N,VIIRS,h,2,310.23,21.48,D,0
39.62907,-6.26614,352.33,0.63,0.72,2024-07-20,1425,N,VIIRS,n,2,305.94,21.48,D,0
39.62886,-6.28263,355.89,0.63,0.72,2024-07-20,1425,N,VIIRS,n,2,308.06,13.45,D,0
39.62761,-6.28006,367,0.63,0.72,2024-07-20,1425,N,VIIRS,h,2,309.17,15.71,D,0
39.1961,-3.62119,299.78,0.64,0.72,2024-07-21,0103,N,VIIRS,n,2,267.55,2.3,N,0
39.19758,-3.623,299.9,0.64,0.72,2024-07-21,0103,N,VIIRS,n,2,272.31,1.85,N,0
37.78957,-5.44163,302.43,0.79,0.78,2024-07-21,0103,N,VIIRS,n,2,291.7,0.7,N,0
42.85579,-1.66786,340.96,0.53,0.5,2024-07-21,0242,N,VIIRS,n,2,286.33,15.63,N,0
42.85538,-1.66161,327.8,0.53,0.5,2024-07-21,0242,N,VIIRS,n,2,284.41,10.22,N,0
42.85681,-1.66744,339.6,0.53,0.5,2024-07-21,0242,N,VIIRS,n,2,285.99,10.22,N,0
42.85429,-1.66195,317.44,0.53,0.5,2024-07-21,0242,N,VIIRS,n,2,284.05,6.43,N,0
41.3133,1.65837,302.36,0.42,0.61,2024-07-21,0243,N,VIIRS,n,2,280.3,1.68,N,2
42.15097,-1.23194,338.47,0.58,0.52,2024-07-21,0243,N,VIIRS,n,2,288.27,7.16,N,0
42.14635,-1.23403,342.57,0.58,0.52,2024-07-21,0243,N,VIIRS,n,2,287.92,10.51,N,0
42.68501,-7.71963,298.39,0.45,0.39,2024-07-21,0243,N,VIIRS,n,2,284.23,1.81,N,0
38.23793,-5.97676,346.01,0.42,0.45,2024-07-21,0244,N,VIIRS,n,2,290.49,5.89,N,0
36.96661,-1.90721,309.14,0.36,0.58,2024-07-21,0244,N,VIIRS,n,2,295.82,0.74,N,2
38.23074,-5.96409,303.68,0.42,0.45,2024-07-21,0244,N,VIIRS,n,2,288.81,11.25,N,0
38.23283,-5.97353,301.68,0.42,0.45,2024-07-21,0244,N,VIIRS,n,2,288.02,5.89,N,0
38.22865,-5.95464,367,0.42,0.45,2024-07-21,0244,N,VIIRS,h,2,296.48,22.97,N,0
37.56944,-0.91717,314.64,0.4,0.6,2024-07-21,0244,N,VIIRS,n,2,296.09,2.58,N,2
38.23689,-5.97205,355,0.42,0.45,2024-07-21,0244,N,VIIRS,n,2,293,5.89,N,0
38.66537,-4.05435,314.37,0.51,0.5,2024-07-21,0244,N,VIIRS,n,2,283.4,2.25,N,0
38.23167,-5.94846,309.19,0.42,0.45,2024-07-21,0244,N,VIIRS,n,2,289.22,35.7,N,0
38.23271,-5.95318,367,0.42,0.45,2024-07-21,0244,N,VIIRS,h,2,295.26,22.97,N,0
38.23375,-5.9579,345.97,0.42,0.45,2024-07-21,0244,N,VIIRS,n,2,293.36,22.97,N,0
38.2348,-5.96261,367,0.42,0.45,2024-07-21,0244,N,VIIRS,h,2,297.68,11.25,N,0
38.23584,-5.96733,355.19,0.42,0.45,2024-07-21,0244,N,VIIRS,n,2,291.96,11.25,N,0
38.22969,-5.95937,341.05,0.42,0.45,2024-07-21,0244,N,VIIRS,n,2,289.93,22.97,N,0
37.32988,-6.88454,348.2,0.56,0.68,2024-07-21,1225,N,VIIRS,n,2,305.79,5.63,D,0
36.34248,-5.83507,342.86,0.52,0.67,2024-07-21,1225,N,VIIRS,n,2,301.15,7.13,D,0
36.34084,-5.84084,354.93,0.52,0.67,2024-07-21,1225,N,VIIRS,n,2,301.22,7.13,D,0
36.33918,-5.84667,349.16,0.52,0.67,2024-07-21,1225,N,VIIRS,n,2,301.53,4.84,D,0
36.33752,-5.85254,339.35,0.52,0.67,2024-07-21,1225,N,VIIRS,n,2,301.18,4.84,D,0
36.34175,-5.86106,339.22,0.52,0.67,2024-07-21,1225,N,VIIRS,n,2,302.69,4.35,D,0
36.34112,-5.83732,347.88,0.52,0.67,2024-07-21,1225,N,VIIRS,n,2,301.03,10.38,D,0
36.33945,-5.84309,351.27,0.52,0.67,2024-07-21,1225,N,VIIRS,n,2,301.63,7.37,D,0
36.33775,-5.84892,344.56,0.52,0.67,2024-07-21,1225,N,VIIRS,n,2,301.46,7.37,D,0
36.34198,-5.85735,344.15,0.52,0.67,2024-07-21,1225,N,VIIRS,n,2,301.69,6.6,D,0
36.65944,-5.83031,347.86,0.51,0.66,2024-07-21,1225,N,VIIRS,n,2,299.79,5.94,D,0
36.65783,-5.83584,351.17,0.51,0.66,2024-07-21,1225,N,VIIRS,n,2,299.5,5.94,D,0
36.6653,-5.83291,350.64,0.51,0.66,2024-07-21,1225,N,VIIRS,n,2,299.26,7.81,D,0
36.66207,-5.84401,349.82,0.51,0.66,2024-07-21,1225,N,VIIRS,n,2,299.76,13.19,D,0
36.66369,-5.83845,357.18,0.51,0.66,2024-07-21,1225,N,VIIRS,l,2,299.16,7.81,D,0
38.84039,-0.50662,341.43,0.48,0.48,2024-07-21,1225,N,VIIRS,n,2,304.3,2.33,D,0
37.32985,-6.50396,349.92,0.53,0.67,2024-07-21,1225,N,VIIRS,n,2,305.92,8.26,D,0
37.32805,-6.89071,347.77,0.56,0.68,2024-07-21,1225,N,VIIRS,n,2,305.6,5.63,D,0
37.3323,-6.89953,339.44,0.56,0.69,2024-07-21,1225,N,VIIRS,n,2,305.77,3.3,D,0
37.33048,-6.90567,339.84,0.56,0.69,2024-07-21,1225,N,VIIRS,n,2,305.44,3.3,D,0
37.33838,-6.90218,341.36,0.56,0.69,2024-07-21,1225,N,VIIRS,n,2,304.92,3.3,D,0
37.33656,-6.90833,342.19,0.56,0.69,2024-07-21,1225,N,VIIRS,n,2,304.73,3.3,D,0
39.04272,-5.667,334.23,0.43,0.62,2024-07-21,1225,N,VIIRS,n,2,304.19,5.33,D,0
38.81539,-6.67815,335.91,0.49,0.65,2024-07-21,1225,N,VIIRS,l,2,306.35,3.46,D,0
38.82111,-6.68095,337.4,0.49,0.65,2024-07-21,1225,N,VIIRS,n,2,305.89,3.84,D,0
41.52715,-4.97807,338.83,0.34,0.56,2024-07-21,1226,N,VIIRS,n,2,306.71,1.43,D,0
41.70473,1.47386,337.31,0.51,0.41,2024-07-21,1226,N,VIIRS,n,2,310.74,3.4,D,0
40.04258,-4.26339,367,0.46,0.63,2024-07-21,1406,N,VIIRS,h,2,311.33,8.17,D,0
43.22491,-2.87969,305.31,0.44,0.38,2024-07-22,0224,N,VIIRS,n,2,287.24,0.79,N,2
43.41156,-3.83873,331.01,0.41,0.37,2024-07-22,0224,N,VIIRS,n,2,287.77,2.86,N,0
43.32967,-5.77527,307.69,0.39,0.36,2024-07-22,0224,N,VIIRS,n,2,287.44,1.12,N,2
43.52445,-5.73564,300.26,0.39,0.36,2024-07-22,0224,N,VIIRS,n,2,289.17,0.86,N,2
43.54071,-5.83485,309.41,0.39,0.36,2024-07-22,0224,N,VIIRS,n,2,288.14,2.15,N,2
43.44126,-3.84454,300.97,0.41,0.37,2024-07-22,0224,N,VIIRS,n,2,287.02,0.69,N,2
43.53994,-5.83013,328.33,0.39,0.36,2024-07-22,0224,N,VIIRS,n,2,287.96,2.15,N,2
43.52695,-5.72989,304.45,0.39,0.36,2024-07-22,0224,N,VIIRS,n,2,289.27,1.02,N,2
43.52773,-5.73463,310.58,0.39,0.36,2024-07-22,0224,N,VIIRS,n,2,288.94,1.01,N,2
43.54552,-5.84327,300.88,0.39,0.36,2024-07-22,0224,N,VIIRS,n,2,287.34,0.64,N,2
43.53023,-5.72888,306.74,0.39,0.36,2024-07-22,0224,N,VIIRS,n,2,287.46,1.02,N,2
40.57698,0.54128,304.96,0.45,0.47,2024-07-22,0224,N,VIIRS,n,2,292.31,0.91,N,2
42.64584,-7.9632,304.91,0.39,0.36,2024-07-22,0224,N,VIIRS,n,2,282.91,1.06,N,0
42.55188,-6.76889,303.73,0.38,0.36,2024-07-22,0224,N,VIIRS,n,2,287.1,0.53,N,2
41.31494,1.66032,314.19,0.5,0.49,2024-07-22,0224,N,VIIRS,n,2,292.22,2.4,N,2
41.31167,1.66095,311.92,0.49,0.49,2024-07-22,0224,N,VIIRS,n,2,291.16,2.32,N,2
43.34694,-8.43713,313.38,0.4,0.37,2024-07-22,0224,N,VIIRS,n,2,288.43,1.49,N,2
36.96875,-1.90691,310.82,0.41,0.45,2024-07-22,0225,N,VIIRS,n,2,294.86,1.94,N,2
37.35879,-5.86431,313.08,0.42,0.38,2024-07-22,0225,N,VIIRS,n,2,293.33,1.59,N,2
37.36115,-5.93737,303.53,0.42,0.38,2024-07-22,0225,N,VIIRS,n,2,291.49,0.36,N,0
37.36455,-5.9364,314.77,0.42,0.38,2024-07-22,0225,N,VIIRS,n,2,291.93,0.55,N,0
39.20806,-3.52791,334.19,0.58,0.7,2024-07-22,1207,N,VIIRS,l,2,305.36,5.45,D,0
39.29825,-5.21799,343.58,0.69,0.74,2024-07-22,1207,N,VIIRS,n,2,305.25,5.85,D,0
37.15583,-5.8998,348.87,0.39,0.44,2024-07-22,1346,N,VIIRS,n,2,315.35,6.03,D,0
39.23199,-3.45309,351.82,0.55,0.51,2024-07-22,1347,N,VIIRS,l,2,337.33,53.17,D,0
39.22722,-3.45258,347.7,0.55,0.51,2024-07-22,1347,N,VIIRS,n,2,311.22,53.17,D,0
43.41186,-3.83719,328.66,0.58,0.52,2024-07-22,1348,N,VIIRS,n,2,298.83,5.64,D,0
42.19208,-5.42844,354.78,0.47,0.48,2024-07-22,1348,N,VIIRS,n,2,308.48,21.6,D,0
43.40939,-3.83747,327.83,0.58,0.52,2024-07-22,1348,N,VIIRS,n,2,297.58,4.46,D,0
43.52347,-5.73342,347.56,0.47,0.48,2024-07-22,1348,N,VIIRS,n,2,303.02,9.36,D,2
43.52886,-5.73525,308.31,0.45,0.39,2024-07-23,0205,N,VIIRS,n,2,289.67,1.69,N,2
43.5253,-5.73611,316.61,0.45,0.39,2024-07-23,0205,N,VIIRS,n,2,291.23,1.69,N,2
43.52464,-5.73063,304.69,0.45,0.39,2024-07-23,0205,N,VIIRS,n,2,289.68,1.69,N,2
43.3296,-5.77633,302.63,0.45,0.39,2024-07-23,0205,N,VIIRS,n,2,289.39,0.97,N,2
42.16943,-1.11107,332.93,0.39,0.36,2024-07-23,0205,N,VIIRS,n,2,288.8,3.95,N,0
42.16614,-1.11207,308.46,0.39,0.36,2024-07-23,0205,N,VIIRS,n,2,287.39,1.12,N,0
42.05854,-1.10279,322.61,0.39,0.36,2024-07-23,0205,N,VIIRS,n,2,289.76,0.97,N,0
41.45665,1.9796,303.98,0.47,0.4,2024-07-23,0205,N,VIIRS,n,2,292.83,1.1,N,2
41.40717,1.99781,312.03,0.47,0.4,2024-07-23,0205,N,VIIRS,n,2,293.82,1.42,N,2
41.3133,1.66385,313.54,0.46,0.39,2024-07-23,0205,N,VIIRS,n,2,292.87,2.29,N,2
42.55297,-6.76982,302.49,0.48,0.4,2024-07-23,0205,N,VIIRS,n,2,291.42,0.75,N,2
40.57787,0.54043,305.98,0.43,0.38,2024-07-23,0205,N,VIIRS,n,2,294.64,0.66,N,2
43.5282,-5.72982,324.17,0.45,0.39,2024-07-23,0205,N,VIIRS,n,2,291.37,1.69,N,2
43.54021,-5.83003,328.33,0.45,0.39,2024-07-23,0205,N,VIIRS,n,2,290.03,4.63,N,2
43.53175,-5.72895,302.44,0.45,0.39,2024-07-23,0205,N,VIIRS,n,2,289.02,0.7,N,2
43.5458,-5.84611,309.42,0.45,0.39,2024-07-23,0205,N,VIIRS,n,2,289.74,1.3,N,2
43.41289,-3.83993,305.67,0.4,0.37,2024-07-23,0205,N,VIIRS,n,2,289.84,0.87,N,0
40.24502,-3.47643,307.09,0.39,0.36,2024-07-23,0206,N,VIIRS,n,2,295.66,1.01,N,2
40.57821,0.53894,305.46,0.43,0.38,2024-07-23,0206,N,VIIRS,n,2,293.98,0.97,N,2
38.37662,-0.54714,304.21,0.43,0.38,2024-07-23,0206,N,VIIRS,n,2,294.03,0.68,N,2
38.6758,-4.04886,307.82,0.39,0.36,2024-07-23,0206,N,VIIRS,n,2,295.57,1.4,N,2
38.24894,-6.3015,309.7,0.42,0.38,2024-07-23,0206,N,VIIRS,n,2,295.69,1.01,N,0
36.96559,-1.90697,306.79,0.41,0.37,2024-07-23,0207,N,VIIRS,n,2,295.42,1.92,N,2
37.3121,-5.43132,308.11,0.4,0.37,2024-07-23,0207,N,VIIRS,n,2,295.16,0.8,N,0
37.36017,-5.86586,318.23,0.4,0.37,2024-07-23,0207,N,VIIRS,n,2,299.27,2.38,N,2
38.74728,-0.00889,343.7,0.47,0.48,2024-07-23,1328,N,VIIRS,n,2,310.77,5.31,D,0
38.75164,-0.00998,340.13,0.47,0.48,2024-07-23,1328,N,VIIRS,n,2,307.99,4.68,D,0
43.52365,-5.73615,335.86,0.45,0.39,2024-07-23,1329,N,VIIRS,n,2,305.21,7.05,D,2
43.3458,-8.43532,333.97,0.39,0.36,2024-07-23,1329,N,VIIRS,l,2,306.52,2.83,D,2
42.46584,0.16025,329.46,0.41,0.37,2024-07-24,0146,N,VIIRS,n,2,294.38,2.83,N,0
42.46516,0.16528,335.59,0.41,0.37,2024-07-24,0146,N,VIIRS,n,2,292.92,2.83,N,0
42.46313,0.15437,322.47,0.41,0.37,2024-07-24,0146,N,VIIRS,n,2,295.83,3.21,N,0
42.46244,0.15949,309.63,0.41,0.37,2024-07-24,0146,N,VIIRS,n,2,295.68,2.83,N,0
42.45975,0.15347,326.98,0.41,0.37,2024-07-24,0146,N,VIIRS,n,2,294.46,3.52,N,0
42.45906,0.15853,333.56,0.41,0.37,2024-07-24,0146,N,VIIRS,n,2,298.27,2.79,N,0
42.455,0.1626,303.66,0.41,0.37,2024-07-24,0146,N,VIIRS,n,2,292.94,2.79,N,0
42.10608,-1.22191,329.43,0.44,0.39,2024-07-24,0146,N,VIIRS,n,2,292.61,5.57,N,0
41.47521,2.1825,305.25,0.38,0.36,2024-07-24,0146,N,VIIRS,n,2,294.53,0.54,N,0
41.40822,2.00029,304.44,0.38,0.36,2024-07-24,0146,N,VIIRS,n,2,293.47,0.47,N,2
41.40494,1.99939,305.41,0.38,0.36,2024-07-24,0146,N,VIIRS,n,2,293.8,0.82,N,2
42.46653,0.15518,335.38,0.41,0.37,2024-07-24,0146,N,VIIRS,n,2,294.42,3.21,N,0
43.52221,-5.73668,316.15,0.48,0.48,2024-07-24,0146,N,VIIRS,n,2,290.6,2.83,N,2
43.52616,-5.73,305.22,0.47,0.48,2024-07-24,0146,N,VIIRS,n,2,291.3,3.92,N,2
43.52663,-5.73585,346.11,0.48,0.48,2024-07-24,0146,N,VIIRS,n,2,293.58,3.92,N,2
43.41125,-3.84026,301.29,0.39,0.44,2024-07-24,0146,N,VIIRS,n,2,290.27,0.45,N,0
40.57557,0.53888,304.69,0.39,0.36,2024-07-24,0147,N,VIIRS,n,2,293.96,1.37,N,2
39.2374,-3.45379,302.3,0.5,0.41,2024-07-24,0147,N,VIIRS,n,2,291.33,0.33,N,0
36.1767,-5.4265,312.01,0.57,0.43,2024-07-24,0148,N,VIIRS,n,2,292.58,2.68,N,2
37.66269,-5.5322,327.44,0.4,0.44,2024-07-24,0148,N,VIIRS,n,2,299.4,3.05,N,0
36.9673,-1.90656,314.64,0.42,0.38,2024-07-24,0148,N,VIIRS,n,2,296.87,2.12,N,2
36.46054,-5.27088,306.37,0.57,0.43,2024-07-24,0148,N,VIIRS,n,2,295.21,1.96,N,0
43.54042,-5.83251,333.33,0.34,0.56,2024-07-30,0133,N,VIIRS,n,2,290.57,1.92,N,2
43.52489,-5.73403,302.99,0.34,0.56,2024-07-30,0133,N,VIIRS,n,2,290.48,1.18,N,2
43.52467,-5.7299,307.43,0.34,0.56,2024-07-30,0133,N,VIIRS,n,2,290.44,1,N,2
43.54018,-5.82787,304.96,0.34,0.56,2024-07-30,0133,N,VIIRS,n,2,289.23,1.92,N,2
43.34847,-8.43658,296.93,0.46,0.64,2024-07-30,0134,N,VIIRS,n,2,284.49,0.57,N,2
40.57606,0.54141,311.41,0.48,0.4,2024-07-30,0134,N,VIIRS,n,2,294.66,1.84,N,2
41.31189,1.66234,320.58,0.44,0.39,2024-07-30,0134,N,VIIRS,n,2,294.35,2.1,N,2
38.37558,-0.54406,305.43,0.5,0.41,2024-07-30,0135,N,VIIRS,n,2,294.92,1.13,N,2
39.64836,-2.02088,367,0.4,0.37,2024-07-30,1257,N,VIIRS,h,2,346.39,0,D,0
39.65169,-2.02178,367,0.4,0.37,2024-07-30,1257,N,VIIRS,h,2,356.01,0,D,0
39.65397,-2.00807,345.87,0.4,0.37,2024-07-30,1257,N,VIIRS,n,2,307.43,11.48,D,0
39.65321,-2.01265,348.8,0.4,0.37,2024-07-30,1257,N,VIIRS,n,2,306.25,11.48,D,0
39.65245,-2.01722,345.4,0.4,0.37,2024-07-30,1257,N,VIIRS,n,2,318.21,0,D,0
39.65564,-2.00689,335.57,0.4,0.37,2024-07-30,1257,N,VIIRS,l,2,309.45,4.22,D,0
39.65487,-2.01147,342.42,0.4,0.37,2024-07-30,1257,N,VIIRS,n,2,307.39,4.22,D,0
39.6541,-2.01603,350.82,0.4,0.37,2024-07-30,1257,N,VIIRS,n,2,302.93,66.8,D,0
39.65256,-2.02517,354,0.4,0.37,2024-07-30,1257,N,VIIRS,n,2,307.52,10.84,D,0
39.65179,-2.02975,344.77,0.4,0.37,2024-07-30,1257,N,VIIRS,n,2,307.87,10.84,D,0
41.97231,-4.7455,340.62,0.44,0.38,2024-07-30,1257,N,VIIRS,n,2,309.86,9.88,D,0
41.03911,-6.67616,335.95,0.54,0.42,2024-07-30,1257,N,VIIRS,n,2,303.33,3,D,0
39.05946,-6.63186,335.4,0.39,0.44,2024-07-30,1257,N,VIIRS,l,2,309.67,2.67,D,0
39.65589,-2.02608,338.34,0.4,0.37,2024-07-30,1257,N,VIIRS,n,2,302.65,10.84,D,0
39.65666,-2.02151,341.52,0.4,0.37,2024-07-30,1257,N,VIIRS,n,2,301.37,66.8,D,0
39.65743,-2.01694,339.9,0.4,0.37,2024-07-30,1257,N,VIIRS,n,2,302.21,66.8,D,0
39.63069,-2.00162,367,0.4,0.37,2024-07-30,1257,N,VIIRS,h,2,324.69,24.68,D,0
39.63145,-1.99705,349.2,0.4,0.37,2024-07-30,1257,N,VIIRS,n,2,318.59,20.2,D,0
39.63402,-2.00255,354.25,0.4,0.37,2024-07-30,1257,N,VIIRS,n,2,319.03,24.68,D,0
39.63326,-2.00712,351.15,0.4,0.37,2024-07-30,1257,N,VIIRS,l,2,331.06,24.68,D,0
39.63658,-2.00805,367,0.4,0.37,2024-07-30,1257,N,VIIRS,h,2,328.08,56.51,D,0
39.63735,-2.00347,367,0.4,0.37,2024-07-30,1257,N,VIIRS,l,2,332.11,56.51,D,0
39.63991,-2.00897,367,0.4,0.37,2024-07-30,1257,N,VIIRS,h,2,344.66,56.51,D,0
39.64143,-1.99982,339.84,0.4,0.37,2024-07-30,1257,N,VIIRS,n,2,308.76,11.15,D,0
39.63838,-2.01812,342.43,0.4,0.37,2024-07-30,1257,N,VIIRS,n,2,309.04,25.25,D,0
39.63762,-2.0227,334.81,0.4,0.37,2024-07-30,1257,N,VIIRS,l,2,308.56,4.2,D,0
39.64067,-2.00439,367,0.4,0.37,2024-07-30,1257,N,VIIRS,l,2,340.53,56.51,D,0
39.64323,-2.0099,367,0.4,0.37,2024-07-30,1257,N,VIIRS,h,2,355.54,77.45,D,0
39.64476,-2.00074,341.98,0.4,0.37,2024-07-30,1257,N,VIIRS,n,2,308.16,3.56,D,0
39.644,-2.00532,349.66,0.4,0.37,2024-07-30,1257,N,VIIRS,n,2,309.52,77.45,D,0
39.64171,-2.01904,342.12,0.4,0.37,2024-07-30,1257,N,VIIRS,l,2,315.76,114.15,D,0
39.64094,-2.02362,341.84,0.4,0.37,2024-07-30,1257,N,VIIRS,n,2,309.35,3.66,D,0
39.64247,-2.01447,367,0.4,0.37,2024-07-30,1257,N,VIIRS,l,2,334.84,114.15,D,0
39.64808,-2.00166,335.02,0.4,0.37,2024-07-30,1257,N,VIIRS,l,2,309.18,3.56,D,0
39.64732,-2.00624,352.74,0.4,0.37,2024-07-30,1257,N,VIIRS,n,2,306.21,77.45,D,0
39.64427,-2.02454,349.7,0.4,0.37,2024-07-30,1257,N,VIIRS,n,2,310.11,3.66,D,0
39.64351,-2.02912,337.57,0.4,0.37,2024-07-30,1257,N,VIIRS,l,2,308.98,3.66,D,0
39.64656,-2.01082,367,0.4,0.37,2024-07-30,1257,N,VIIRS,l,2,339.2,77.45,D,0
39.64579,-2.01539,367,0.4,0.37,2024-07-30,1257,N,VIIRS,l,2,371.77,114.15,D,0
39.64988,-2.01174,367,0.4,0.37,2024-07-30,1257,N,VIIRS,h,2,307.4,11.48,D,0
39.64912,-2.01631,367,0.4,0.37,2024-07-30,1257,N,VIIRS,h,2,368.02,0,D,0
39.65065,-2.00716,350.66,0.4,0.37,2024-07-30,1257,N,VIIRS,n,2,304.98,11.48,D,0
43.53991,-5.83158,338.68,0.45,0.39,2024-07-30,1258,N,VIIRS,n,2,306.89,5.18,D,2
41.23906,-3.39253,344.37,0.44,0.62,2024-07-31,0115,N,VIIRS,n,2,290.32,4.41,N,0
41.55441,-4.6221,305.49,0.51,0.66,2024-07-31,0115,N,VIIRS,n,2,287.15,1.03,N,0
41.31244,1.66538,303.29,0.48,0.48,2024-07-31,0115,N,VIIRS,n,2,292.88,0.94,N,2
41.31292,1.65943,304.14,0.48,0.48,2024-07-31,0115,N,VIIRS,n,2,293.45,0.94,N,2
42.03931,-1.27059,304.33,0.34,0.56,2024-07-31,0115,N,VIIRS,n,2,292.03,0.73,N,0
42.09331,-1.2947,317.09,0.34,0.56,2024-07-31,0115,N,VIIRS,n,2,293.34,1.69,N,0
42.09834,-1.29027,304.46,0.34,0.56,2024-07-31,0115,N,VIIRS,n,2,293.1,8.15,N,0
42.09857,-1.29442,367,0.34,0.56,2024-07-31,0115,N,VIIRS,h,2,301.83,8.15,N,0
41.23309,-3.38869,349.25,0.44,0.62,2024-07-31,0115,N,VIIRS,n,2,290.47,4.24,N,0
41.23289,-3.38352,299.37,0.44,0.62,2024-07-31,0115,N,VIIRS,n,2,288.26,4.24,N,0
42.5501,-6.77118,300.05,0.66,0.73,2024-07-31,0115,N,VIIRS,n,2,287.78,0.98,N,0
41.23925,-3.39756,299.45,0.44,0.62,2024-07-31,0115,N,VIIRS,n,2,286.92,4.41,N,0
42.0988,-1.29863,328.81,0.34,0.56,2024-07-31,0115,N,VIIRS,n,2,294.03,12.74,N,0
40.57553,0.54088,306.14,0.53,0.5,2024-07-31,0115,N,VIIRS,n,2,295.08,2.18,N,2
41.23331,-3.39423,326.54,0.44,0.62,2024-07-31,0115,N,VIIRS,n,2,287.68,4.41,N,0
38.68661,-0.36801,311.87,0.57,0.52,2024-07-31,0116,N,VIIRS,n,2,295.34,2.88,N,0
38.69376,-0.38121,305.6,0.57,0.52,2024-07-31,0116,N,VIIRS,n,2,293.59,2.48,N,0
38.68891,-0.38161,319.76,0.57,0.52,2024-07-31,0116,N,VIIRS,n,2,295.76,2.48,N,0
38.68839,-0.37471,322.07,0.57,0.52,2024-07-31,0116,N,VIIRS,n,2,296.59,2.76,N,0
38.68786,-0.36772,310.17,0.57,0.52,2024-07-31,0116,N,VIIRS,n,2,294.92,2.76,N,0
38.68352,-0.37473,312.16,0.57,0.52,2024-07-31,0116,N,VIIRS,n,2,294.06,1.73,N,0
38.68298,-0.36766,308.83,0.57,0.52,2024-07-31,0116,N,VIIRS,n,2,293.96,1.73,N,0
36.74342,-2.76385,303.85,0.37,0.58,2024-07-31,0116,N,VIIRS,n,2,293.6,0.29,N,0
36.97696,-3.1866,335.5,0.39,0.6,2024-07-31,0116,N,VIIRS,n,2,293.85,5.53,N,0
39.69337,-2.01983,304.83,0.36,0.57,2024-07-31,0116,N,VIIRS,n,2,288.76,0.52,N,0
39.68756,-2.01188,302.1,0.36,0.57,2024-07-31,0116,N,VIIRS,n,2,291,1.81,N,0
39.68733,-2.00761,301.77,0.36,0.57,2024-07-31,0116,N,VIIRS,n,2,289.75,0.38,N,0
39.682,-2.0082,301.13,0.36,0.57,2024-07-31,0116,N,VIIRS,n,2,288.4,0.38,N,0
38.69242,-0.38156,314.19,0.57,0.52,2024-07-31,0116,N,VIIRS,n,2,294.88,3.33,N,0
36.97718,-3.19031,341.98,0.39,0.6,2024-07-31,0116,N,VIIRS,n,2,294.26,7.84,N,0
36.97609,-3.18924,367,0.39,0.6,2024-07-31,0116,N,VIIRS,h,2,295.72,7.69,N,0
36.96461,-1.90582,311.48,0.33,0.56,2024-07-31,0116,N,VIIRS,n,2,296.19,1.16,N,2
38.68709,-0.375,324.65,0.57,0.52,2024-07-31,0116,N,VIIRS,n,2,297.48,3.33,N,0
38.68758,-0.38196,314.26,0.57,0.52,2024-07-31,0116,N,VIIRS,n,2,294.79,3.33,N,0
43.52401,-5.7339,300.13,0.47,0.47,2024-07-31,0255,N,VIIRS,n,2,289.85,1.05,N,2
42.5522,-6.76953,300.83,0.44,0.46,2024-07-31,0255,N,VIIRS,n,2,290.48,0.45,N,2
41.31097,1.66056,313.28,0.6,0.7,2024-07-31,0255,N,VIIRS,n,2,291.51,2.01,N,2
43.52235,-5.72936,300.46,0.47,0.47,2024-07-31,0255,N,VIIRS,n,2,289.88,1.72,N,2
41.23358,-3.3855,338.91,0.35,0.56,2024-07-31,0256,N,VIIRS,n,2,289.64,2.86,N,0
40.65369,-3.11705,345.27,0.37,0.58,2024-07-31,0256,N,VIIRS,n,2,295.39,3.77,N,0
40.65479,-3.12103,342.8,0.37,0.58,2024-07-31,0256,N,VIIRS,n,2,296.92,7.82,N,0
41.22839,-3.38692,303.22,0.35,0.56,2024-07-31,0256,N,VIIRS,n,2,287.87,2.86,N,0
41.22941,-3.39075,298.8,0.35,0.56,2024-07-31,0256,N,VIIRS,n,2,287.67,4.96,N,0
41.23243,-3.38119,321.82,0.35,0.56,2024-07-31,0256,N,VIIRS,n,2,288.47,2.86,N,0
41.23475,-3.38988,335.9,0.35,0.56,2024-07-31,0256,N,VIIRS,n,2,289.17,4.96,N,0
41.24193,-3.39329,307.02,0.35,0.56,2024-07-31,0256,N,VIIRS,n,2,286.93,1.09,N,0
41.24077,-3.38904,311.73,0.35,0.56,2024-07-31,0256,N,VIIRS,n,2,287.5,1.09,N,0
41.24077,-3.39155,342.27,0.35,0.56,2024-07-31,0256,N,VIIRS,n,2,289.77,3.57,N,0
41.23579,-3.3938,367,0.35,0.56,2024-07-31,0256,N,VIIRS,h,2,291.92,4.96,N,0
40.04436,-6.07811,303.55,0.55,0.51,2024-07-31,0256,N,VIIRS,n,2,293.16,1.79,N,0
40.04322,-6.08378,306.1,0.54,0.51,2024-07-31,0256,N,VIIRS,n,2,293.49,1.54,N,0
38.68745,-0.3681,303.52,0.57,0.69,2024-07-31,0256,N,VIIRS,n,2,292.92,1.35,N,0
38.69098,-0.37975,307.23,0.57,0.69,2024-07-31,0256,N,VIIRS,n,2,292.92,2.26,N,0
38.69314,-0.37905,302.17,0.57,0.69,2024-07-31,0256,N,VIIRS,n,2,292.15,0.69,N,0
40.64647,-3.11172,318.95,0.37,0.58,2024-07-31,0256,N,VIIRS,n,2,293.04,3.86,N,0
40.64752,-3.11554,304.98,0.37,0.58,2024-07-31,0256,N,VIIRS,n,2,293.23,3.77,N,0
40.65163,-3.10952,347.43,0.37,0.58,2024-07-31,0256,N,VIIRS,n,2,296.1,3.86,N,0
40.65263,-3.11317,323.88,0.37,0.58,2024-07-31,0256,N,VIIRS,n,2,294.28,3.77,N,0
37.57426,-1.29849,338.61,0.39,0.44,2024-07-31,1237,N,VIIRS,l,2,309.13,1.11,D,0
36.76021,-6.26932,340.06,0.37,0.58,2024-07-31,1237,N,VIIRS,n,2,309.32,2.78,D,0
37.12399,-5.43741,342.3,0.32,0.55,2024-07-31,1237,N,VIIRS,n,2,312.23,2.86,D,0
36.76195,-6.27224,340.8,0.37,0.58,2024-07-31,1237,N,VIIRS,n,2,308.85,3.2,D,0
37.12884,-5.43952,336.68,0.32,0.55,2024-07-31,1237,N,VIIRS,l,2,310.03,2.86,D,0
40.77039,-5.33081,343.13,0.52,0.5,2024-07-31,1238,N,VIIRS,n,2,316.05,12.01,D,0
37.2704,-6.51844,367,0.37,0.58,2024-07-31,1238,N,VIIRS,h,2,312.61,3.42,D,0
37.26933,-6.52254,335.73,0.37,0.58,2024-07-31,1238,N,VIIRS,n,2,310.32,3.42,D,0
37.34251,-6.26371,336.28,0.35,0.57,2024-07-31,1238,N,VIIRS,l,2,310.59,3.52,D,0
37.34967,-6.83671,367,0.38,0.59,2024-07-31,1238,N,VIIRS,h,2,309.9,5.46,D,0
38.18624,-6.39111,346.77,0.34,0.56,2024-07-31,1238,N,VIIRS,n,2,313.51,3.48,D,0
39.60762,-4.58118,344.73,0.51,0.49,2024-07-31,1238,N,VIIRS,n,2,314.24,22.73,D,0
40.35994,-3.44004,343.62,0.43,0.46,2024-07-31,1238,N,VIIRS,n,2,314.59,28.04,D,0
40.36107,-3.43499,367,0.43,0.46,2024-07-31,1238,N,VIIRS,l,2,331.38,28.04,D,0
40.36631,-3.4315,367,0.43,0.46,2024-07-31,1238,N,VIIRS,h,2,337.91,89.36,D,0
40.36744,-3.42646,343.46,0.43,0.46,2024-07-31,1238,N,VIIRS,n,2,313.12,89.36,D,0
40.36518,-3.43653,356.81,0.43,0.46,2024-07-31,1238,N,VIIRS,n,2,322.23,28.04,D,0
40.36404,-3.44159,345.02,0.43,0.46,2024-07-31,1238,N,VIIRS,n,2,315.51,28.04,D,0
40.37042,-3.43303,367,0.43,0.46,2024-07-31,1238,N,VIIRS,h,2,317.22,14.5,D,0
40.37155,-3.42798,343.01,0.43,0.46,2024-07-31,1238,N,VIIRS,n,2,311.35,14.5,D,0
40.36929,-3.43807,344.88,0.43,0.46,2024-07-31,1238,N,VIIRS,n,2,315.29,6.34,D,0
41.52325,1.1449,348.96,0.41,0.37,2024-07-31,1238,N,VIIRS,n,2,316.36,40.79,D,0
41.52662,1.1438,367,0.41,0.37,2024-07-31,1238,N,VIIRS,h,2,334.29,40.79,D,0
41.52999,1.14271,367,0.41,0.37,2024-07-31,1238,N,VIIRS,l,2,336.41,163.01,D,0
40.77321,-5.32321,367,0.52,0.5,2024-07-31,1238,N,VIIRS,h,2,317.8,15.87,D,0
40.77179,-5.32921,349.65,0.52,0.5,2024-07-31,1238,N,VIIRS,n,2,317.61,10.09,D,0
40.77185,-5.32484,367,0.52,0.5,2024-07-31,1238,N,VIIRS,h,2,319.43,12.01,D,0
37.33303,-4.86859,349.02,0.61,0.71,2024-07-31,1418,N,VIIRS,n,2,305.42,5.22,D,0
37.38209,-6.08617,367,0.52,0.67,2024-07-31,1418,N,VIIRS,h,2,308.05,16.81,D,0
37.37802,-6.08972,352.9,0.52,0.67,2024-07-31,1418,N,VIIRS,n,2,308.85,25.57,D,0
37.37823,-6.08384,367,0.52,0.67,2024-07-31,1418,N,VIIRS,h,2,316.69,57.98,D,0
37.37329,-5.86607,335.71,0.53,0.67,2024-07-31,1418,N,VIIRS,l,2,308.75,2,D,0
37.32968,-4.87154,342.65,0.61,0.71,2024-07-31,1418,N,VIIRS,n,2,305.09,2.68,D,0
40.36626,-3.41991,342.73,0.75,0.77,2024-07-31,1419,N,VIIRS,n,2,312.45,16.88,D,0
40.36626,-3.41201,367,0.75,0.77,2024-07-31,1419,N,VIIRS,h,2,312.36,133.65,D,0
40.35906,-3.42834,336.66,0.75,0.77,2024-07-31,1419,N,VIIRS,l,2,310.12,6.71,D,0
40.37144,-3.42069,349.19,0.75,0.77,2024-07-31,1419,N,VIIRS,n,2,313.48,178.79,D,0
40.37152,-3.40334,367,0.75,0.77,2024-07-31,1419,N,VIIRS,h,2,320.65,197.94,D,0
40.36415,-3.43798,335.9,0.75,0.77,2024-07-31,1419,N,VIIRS,n,2,310.83,12.3,D,0
40.3642,-3.42912,367,0.75,0.77,2024-07-31,1419,N,VIIRS,h,2,313.65,12.3,D,0
40.5714,-3.63325,335.49,0.73,0.76,2024-07-31,1419,N,VIIRS,l,2,307.31,2.4,D,0
40.38068,-3.4103,367,0.75,0.77,2024-07-31,1419,N,VIIRS,h,2,307.9,22.54,D,0
40.37347,-3.41999,349.86,0.75,0.77,2024-07-31,1419,N,VIIRS,n,2,312.58,16.88,D,0
40.37347,-3.40215,367,0.75,0.77,2024-07-31,1419,N,VIIRS,h,2,315.3,133.65,D,0
40.36626,-3.4284,354.32,0.75,0.77,2024-07-31,1419,N,VIIRS,n,2,313.6,16.88,D,0
40.5763,0.54037,307.37,0.48,0.64,2024-08-01,0056,N,VIIRS,n,2,296.04,1.64,N,2
41.31332,1.66056,310.7,0.42,0.61,2024-08-01,0056,N,VIIRS,n,2,294.32,0.82,N,2
40.57786,0.54084,308.15,0.48,0.64,2024-08-01,0056,N,VIIRS,n,2,296.13,1.11,N,2
41.31152,1.65946,312.25,0.35,0.57,2024-08-01,0237,N,VIIRS,n,2,294.55,0.91,N,2
41.31046,1.66334,303.69,0.35,0.57,2024-08-01,0237,N,VIIRS,n,2,293.65,0.91,N,2
42.12663,-4.95007,328.68,0.5,0.41,2024-08-01,0237,N,VIIRS,n,2,290.94,3.67,N,0
42.55295,-6.76628,304.15,0.43,0.38,2024-08-01,0237,N,VIIRS,n,2,291.42,0.81,N,2
38.60022,-6.63144,306.59,0.49,0.41,2024-08-01,0238,N,VIIRS,n,2,293.28,0.56,N,0
38.60386,-6.6302,312.31,0.49,0.41,2024-08-01,0238,N,VIIRS,n,2,293.48,1.35,N,0
38.37841,-0.54366,308.68,0.33,0.55,2024-08-01,0238,N,VIIRS,n,2,296.66,0.84,N,2
38.74968,-7.14559,334.14,0.62,0.72,2024-08-01,1219,N,VIIRS,n,2,306.98,2.5,D,0
36.33902,-5.83594,342.76,0.63,0.72,2024-08-01,1219,N,VIIRS,n,2,303.55,6.31,D,0
36.33692,-5.84293,336.36,0.63,0.72,2024-08-01,1219,N,VIIRS,n,2,304.4,6.31,D,0
36.33479,-5.85003,337.64,0.63,0.72,2024-08-01,1219,N,VIIRS,n,2,304.8,5.41,D,0
36.34328,-5.8457,344.02,0.63,0.72,2024-08-01,1219,N,VIIRS,n,2,302.52,6.31,D,0
36.34116,-5.85278,342.55,0.63,0.72,2024-08-01,1219,N,VIIRS,n,2,304.36,5.41,D,0
36.33902,-5.85993,346.86,0.63,0.72,2024-08-01,1219,N,VIIRS,n,2,304.34,5.41,D,0
36.33661,-5.83654,335.42,0.63,0.72,2024-08-01,1219,N,VIIRS,n,2,303.1,5.84,D,0
36.34299,-5.83924,346.65,0.63,0.72,2024-08-01,1219,N,VIIRS,n,2,303.59,5.84,D,0
36.34087,-5.84618,354.53,0.63,0.72,2024-08-01,1219,N,VIIRS,n,2,303.32,10.26,D,0
36.33871,-5.85323,356.26,0.63,0.72,2024-08-01,1219,N,VIIRS,n,2,304.5,10.26,D,0
36.33651,-5.86039,336.93,0.63,0.72,2024-08-01,1219,N,VIIRS,n,2,302.95,4.4,D,0
36.34287,-5.86319,341.03,0.63,0.72,2024-08-01,1219,N,VIIRS,n,2,304.72,6.67,D,0
36.35135,-5.85902,340.95,0.63,0.72,2024-08-01,1219,N,VIIRS,n,2,303.72,7.43,D,0
37.75767,-4.87266,341.98,0.51,0.66,2024-08-01,1219,N,VIIRS,l,2,314.26,7.62,D,0
37.75601,-4.87845,340.8,0.51,0.66,2024-08-01,1219,N,VIIRS,l,2,313.59,7.19,D,0
37.75721,-4.87518,345.05,0.51,0.66,2024-08-01,1219,N,VIIRS,n,2,313.71,7.8,D,0
38.81509,-6.65762,336.4,0.59,0.7,2024-08-01,1219,N,VIIRS,n,2,306.35,2.96,D,0
38.81328,-6.68631,336.29,0.59,0.7,2024-08-01,1219,N,VIIRS,l,2,307.16,8.18,D,0
38.75187,-7.13855,356.71,0.62,0.72,2024-08-01,1219,N,VIIRS,l,2,303.66,11.69,D,0
38.75586,-7.149,367,0.62,0.72,2024-08-01,1219,N,VIIRS,h,2,303.59,9.59,D,0
38.75802,-7.14201,357,0.62,0.72,2024-08-01,1219,N,VIIRS,l,2,303.96,14.83,D,0
41.44241,-5.12775,342.38,0.42,0.61,2024-08-01,1220,N,VIIRS,n,2,306.9,5.93,D,0
42.12531,-4.94955,333.9,0.39,0.59,2024-08-01,1220,N,VIIRS,l,2,304.83,3.62,D,0
38.08453,-3.58574,346.89,0.4,0.6,2024-08-01,1359,N,VIIRS,n,2,316.9,4.58,D,0
39.22564,-3.78657,367,0.4,0.6,2024-08-01,1400,N,VIIRS,h,2,316.01,14.43,D,0
40.73235,-3.57287,367,0.42,0.61,2024-08-01,1400,N,VIIRS,h,2,314.66,8.35,D,0
40.73259,-3.56724,355.83,0.42,0.61,2024-08-01,1400,N,VIIRS,n,2,315.64,8.35,D,0
40.73829,-3.56786,367,0.42,0.61,2024-08-01,1400,N,VIIRS,h,2,321.48,11.6,D,0
40.73804,-3.57356,356.65,0.42,0.61,2024-08-01,1400,N,VIIRS,n,2,312.02,11.6,D,0
41.44186,-5.12967,339.46,0.35,0.57,2024-08-01,1400,N,VIIRS,n,2,306.48,7.56,D,0
41.4886,-2.28742,367,0.49,0.65,2024-08-01,1400,N,VIIRS,h,2,312.13,22,D,0
41.48878,-2.28094,367,0.49,0.65,2024-08-01,1400,N,VIIRS,h,2,307.86,20.56,D,0
40.74375,-3.5738,343.45,0.42,0.61,2024-08-01,1400,N,VIIRS,n,2,313.55,11.6,D,0
40.744,-3.56819,367,0.42,0.61,2024-08-01,1400,N,VIIRS,h,2,311.83,11.6,D,0
39.28022,-2.80531,367,0.45,0.63,2024-08-01,1400,N,VIIRS,h,2,315.18,7.13,D,0
40.05025,-4.16136,367,0.38,0.59,2024-08-01,1400,N,VIIRS,h,2,316.52,5.94,D,0
40.5755,0.54275,307.49,0.39,0.44,2024-08-02,0218,N,VIIRS,n,2,296.33,1.2,N,2
41.44093,-5.13051,323.39,0.39,0.36,2024-08-02,0218,N,VIIRS,n,2,289.79,2.13,N,0
41.40477,1.99914,308.42,0.43,0.46,2024-08-02,0218,N,VIIRS,n,2,295.22,1.23,N,2
41.47476,-1.48839,305.33,0.46,0.39,2024-08-02,0218,N,VIIRS,n,2,292.98,0.94,N,2
43.34467,-8.43388,311.44,0.43,0.38,2024-08-02,0218,N,VIIRS,n,2,287.54,0.99,N,2
43.4435,-3.8428,298.59,0.39,0.36,2024-08-02,0218,N,VIIRS,n,2,274.85,0.54,N,2
43.34534,-8.43918,303.14,0.43,0.38,2024-08-02,0218,N,VIIRS,n,2,287.88,0.99,N,0
40.24451,-5.13204,331.03,0.39,0.36,2024-08-02,0219,N,VIIRS,n,2,297.79,20.94,N,0
40.25767,-5.12837,305.82,0.39,0.36,2024-08-02,0219,N,VIIRS,n,2,294.66,1.22,N,0
40.25033,-5.12565,304.89,0.39,0.36,2024-08-02,0219,N,VIIRS,n,2,294.33,25.39,N,0
40.24781,-5.13115,330.53,0.39,0.36,2024-08-02,0219,N,VIIRS,n,2,295.2,25.39,N,0
38.32182,-6.7154,308.32,0.38,0.36,2024-08-02,0219,N,VIIRS,n,2,293.27,1.73,N,0
37.28872,-4.95263,306.05,0.41,0.37,2024-08-02,0219,N,VIIRS,n,2,292.69,0.88,N,0
40.24705,-5.1266,367,0.39,0.36,2024-08-02,0219,N,VIIRS,h,2,338.58,25.39,N,0
40.24629,-5.12204,351.25,0.39,0.36,2024-08-02,0219,N,VIIRS,n,2,311.39,15.95,N,0
39.223,-3.78689,306.38,0.42,0.37,2024-08-02,0219,N,VIIRS,n,2,292.88,1.03,N,0
39.22639,-3.78591,309.2,0.42,0.37,2024-08-02,0219,N,VIIRS,n,2,292.74,0.99,N,0
40.24044,-5.12836,305.5,0.39,0.36,2024-08-02,0219,N,VIIRS,n,2,293.78,20.94,N,0
40.23818,-5.11475,314.4,0.39,0.36,2024-08-02,0219,N,VIIRS,n,2,295.08,8.97,N,0
40.24477,-5.11291,304.06,0.39,0.36,2024-08-02,0219,N,VIIRS,n,2,292.77,1.17,N,0
40.24553,-5.11749,332.85,0.39,0.36,2024-08-02,0219,N,VIIRS,n,2,296.13,15.95,N,0
40.23894,-5.11929,348.98,0.39,0.36,2024-08-02,0219,N,VIIRS,n,2,305.57,47.29,N,0
40.23969,-5.12382,356.51,0.39,0.36,2024-08-02,0219,N,VIIRS,n,2,304.03,47.29,N,0
40.24148,-5.11384,316.05,0.39,0.36,2024-08-02,0219,N,VIIRS,n,2,297.23,8.97,N,0
40.24223,-5.1184,367,0.39,0.36,2024-08-02,0219,N,VIIRS,h,2,334.83,47.29,N,0
40.24299,-5.12295,352.1,0.39,0.36,2024-08-02,0219,N,VIIRS,n,2,333.85,47.29,N,0
40.24375,-5.1275,345.34,0.39,0.36,2024-08-02,0219,N,VIIRS,n,2,317.37,20.94,N,0
37.28794,-4.94815,318.41,0.41,0.37,2024-08-02,0219,N,VIIRS,n,2,294.3,1.09,N,0
37.28536,-4.95356,327.63,0.41,0.37,2024-08-02,0219,N,VIIRS,n,2,293.93,2.25,N,0
37.36046,-5.86452,320.21,0.39,0.36,2024-08-02,0219,N,VIIRS,n,2,297.04,1.71,N,2
38.97647,-0.82111,354.48,0.51,0.66,2024-08-02,1200,N,VIIRS,n,2,300.03,19.11,D,0
38.65746,-3.99598,334.43,0.75,0.77,2024-08-02,1200,N,VIIRS,l,2,307.27,8.65,D,0
38.978,-0.81591,349.1,0.51,0.66,2024-08-02,1200,N,VIIRS,n,2,298.05,19.11,D,0
41.15588,-0.80178,335.71,0.45,0.63,2024-08-02,1201,N,VIIRS,n,2,298.14,6.87,D,0
37.18316,-5.9011,341.45,0.5,0.41,2024-08-02,1340,N,VIIRS,l,2,316.33,5.92,D,0
37.16942,-6.02447,344.83,0.49,0.4,2024-08-02,1340,N,VIIRS,l,2,316.19,5.62,D,0
37.1688,-6.03004,341.56,0.49,0.4,2024-08-02,1340,N,VIIRS,l,2,313.68,5.34,D,0
37.77921,-3.89337,345.69,0.42,0.45,2024-08-02,1340,N,VIIRS,n,2,315.67,3.99,D,0
41.97988,1.21893,367,0.43,0.62,2024-08-02,1341,N,VIIRS,h,2,304.43,25.36,D,0
40.8758,-2.82906,334.77,0.52,0.5,2024-08-02,1341,N,VIIRS,n,2,298.18,4.46,D,0
40.87626,-2.82285,330.35,0.52,0.5,2024-08-02,1341,N,VIIRS,n,2,296.7,4.46,D,0
43.34683,-8.43539,333.13,0.46,0.39,2024-08-02,1342,N,VIIRS,n,2,304.76,4.11,D,2
42.12851,-1.16133,301.05,0.38,0.36,2024-08-03,0159,N,VIIRS,n,2,289.57,0.57,N,0
41.47429,2.18304,302.1,0.43,0.38,2024-08-03,0159,N,VIIRS,n,2,291.86,0.6,N,0
41.40559,2.00013,312.8,0.42,0.38,2024-08-03,0159,N,VIIRS,n,2,292.05,0.88,N,2
42.55103,-6.77057,300.52,0.55,0.43,2024-08-03,0159,N,VIIRS,n,2,287.95,0.84,N,2
41.31366,1.66464,304.4,0.42,0.37,2024-08-03,0159,N,VIIRS,n,2,291.44,0.92,N,2
41.31028,1.66354,301.56,0.42,0.37,2024-08-03,0159,N,VIIRS,n,2,290.53,0.92,N,2
41.65159,-2.07633,305.11,0.39,0.36,2024-08-03,0159,N,VIIRS,n,2,286.16,0.59,N,0
41.47443,-1.48708,309.84,0.39,0.36,2024-08-03,0159,N,VIIRS,n,2,292.13,0.82,N,2
41.50791,-5.76645,302.22,0.49,0.4,2024-08-03,0159,N,VIIRS,n,2,289.4,0.53,N,0
40.57644,0.54036,310.55,0.4,0.37,2024-08-03,0159,N,VIIRS,n,2,294.75,1.11,N,2
38.37573,-0.54614,308.65,0.39,0.36,2024-08-03,0200,N,VIIRS,n,2,295.79,1.2,N,2
40.05624,-0.00085,308.13,0.39,0.36,2024-08-03,0200,N,VIIRS,n,2,294.78,0.68,N,0
40.05291,-0.0017,307.42,0.39,0.36,2024-08-03,0200,N,VIIRS,n,2,295.05,0.87,N,0
37.36111,-5.86704,309.16,0.45,0.39,2024-08-03,0200,N,VIIRS,n,2,295.92,1.32,N,2
39.95116,-0.00386,307.35,0.39,0.36,2024-08-03,0200,N,VIIRS,n,2,295.98,1.39,N,2
36.98382,-3.58776,304.16,0.39,0.36,2024-08-03,0201,N,VIIRS,n,2,293.42,0.78,N,0
36.98713,-3.58698,311.97,0.39,0.36,2024-08-03,0201,N,VIIRS,n,2,293.67,1.01,N,0
39.91727,-2.42662,367,0.47,0.4,2024-08-03,1322,N,VIIRS,h,2,318.23,11.78,D,0
40.01525,-6.10411,343.46,0.39,0.36,2024-08-03,1322,N,VIIRS,l,2,315.6,4.12,D,0
40.01591,-6.09961,340.74,0.39,0.36,2024-08-03,1322,N,VIIRS,l,2,315.72,5.4,D,0
40.0113,-6.1078,346.43,0.39,0.36,2024-08-03,1322,N,VIIRS,l,2,316.92,4.12,D,0
38.66716,-5.38805,351.07,0.39,0.36,2024-08-03,1322,N,VIIRS,n,2,323.62,10.66,D,0
43.3466,-8.43518,339.94,0.38,0.36,2024-08-03,1323,N,VIIRS,n,2,305.04,3.97,D,2
43.54065,-5.83513,325.55,0.57,0.52,2024-08-04,0140,N,VIIRS,n,2,289.63,3.81,N,2
41.47434,-1.4851,305.35,0.51,0.41,2024-08-04,0140,N,VIIRS,n,2,291.9,0.36,N,0
41.40649,1.99822,309.91,0.4,0.37,2024-08-04,0140,N,VIIRS,n,2,294.31,1.1,N,2
42.4087,1.12416,331.86,0.42,0.38,2024-08-04,0140,N,VIIRS,n,2,292.42,3.38,N,0
42.40931,1.11949,325.67,0.42,0.38,2024-08-04,0140,N,VIIRS,n,2,290.29,3.38,N,0
42.41217,1.12489,315.69,0.42,0.38,2024-08-04,0140,N,VIIRS,n,2,291.81,3.38,N,0
42.41044,1.12198,346,0.42,0.38,2024-08-04,0140,N,VIIRS,n,2,295.34,9.04,N,0
43.529,-5.72845,299.62,0.57,0.52,2024-08-04,0140,N,VIIRS,n,2,289.35,2.48,N,2
43.54018,-5.82765,311.08,0.57,0.52,2024-08-04,0140,N,VIIRS,n,2,288.53,3.81,N,2
40.57587,0.54169,311.21,0.42,0.38,2024-08-04,0141,N,VIIRS,n,2,296.11,1.51,N,2
38.37683,-0.54399,308.72,0.44,0.38,2024-08-04,0141,N,VIIRS,n,2,295.62,1.04,N,2
39.07325,-5.66986,306.35,0.51,0.49,2024-08-04,0141,N,VIIRS,n,2,294.79,1.33,N,0
39.07311,-5.66928,307.11,0.51,0.49,2024-08-04,0141,N,VIIRS,n,2,294.62,1.17,N,0
39.08029,-0.57832,330.21,0.44,0.39,2024-08-04,0141,N,VIIRS,n,2,294.78,5.69,N,0
39.66413,-0.24695,307.22,0.44,0.38,2024-08-04,0141,N,VIIRS,n,2,295.95,1.36,N,2
40.29344,-3.96522,317.77,0.69,0.75,2024-08-04,0321,N,VIIRS,n,2,289.63,3.62,N,0
40.2961,-3.97325,314.42,0.69,0.74,2024-08-04,0321,N,VIIRS,n,2,289.7,3.62,N,0
39.13256,-5.70705,303.16,0.62,0.71,2024-08-04,0321,N,VIIRS,n,2,292.43,0.71,N,0
40.15409,-6.67469,304.74,0.52,0.67,2024-08-04,0321,N,VIIRS,n,2,293.58,1.91,N,0
40.287,-3.96879,301.9,0.69,0.75,2024-08-04,0321,N,VIIRS,n,2,289.09,2.31,N,0
36.88039,-5.37618,327.18,0.75,0.77,2024-08-04,0322,N,VIIRS,n,2,292.45,4.2,N,0
38.86936,-1.11962,345.58,0.39,0.36,2024-08-04,1303,N,VIIRS,n,2,312.67,7.36,D,0
43.53907,-5.83357,335.23,0.41,0.37,2024-08-04,1304,N,VIIRS,l,2,307.32,4.93,D,2
43.53996,-5.82855,334.38,0.41,0.37,2024-08-04,1304,N,VIIRS,n,2,303.82,4.93,D,2
43.41034,-3.8389,347.32,0.39,0.36,2024-08-04,1304,N,VIIRS,n,2,305.22,3.41,D,0
43.53786,-5.8334,329.9,0.5,0.66,2024-08-05,0121,N,VIIRS,n,2,288.59,5.35,N,2
43.5443,-5.84589,298.91,0.5,0.66,2024-08-05,0121,N,VIIRS,n,2,288.38,3.15,N,2
40.5756,0.54209,310.09,0.44,0.46,2024-08-05,0122,N,VIIRS,n,2,295.39,1.57,N,2
37.36276,-5.92225,312.53,0.46,0.63,2024-08-05,0123,N,VIIRS,n,2,294.45,1.93,N,0
37.35979,-5.92227,314.88,0.46,0.63,2024-08-05,0123,N,VIIRS,n,2,295.19,1.15,N,0
41.31164,1.66103,307.8,0.71,0.75,2024-08-05,0301,N,VIIRS,n,2,291.45,2.21,N,2
41.31305,1.66095,306.33,0.71,0.75,2024-08-05,0302,N,VIIRS,n,2,291.42,2.39,N,2
37.36132,-5.86678,305.44,0.39,0.6,2024-08-05,0303,N,VIIRS,n,2,295.42,1.4,N,2
38.32001,-6.72124,307.89,0.34,0.56,2024-08-05,0303,N,VIIRS,n,2,293.21,1,N,0
38.27991,-5.70536,353.4,0.52,0.5,2024-08-05,1244,N,VIIRS,n,2,322.72,64.05,D,0
39.11084,-6.36356,354.4,0.54,0.51,2024-08-05,1244,N,VIIRS,n,2,325.51,59.01,D,0
39.10631,-6.36187,367,0.54,0.51,2024-08-05,1244,N,VIIRS,h,2,318.73,11.43,D,0
38.28039,-5.70348,346.28,0.52,0.5,2024-08-05,1244,N,VIIRS,l,2,318.73,45.45,D,0
39.03984,-0.55214,337.72,0.44,0.39,2024-08-05,1244,N,VIIRS,n,2,305.09,1.84,D,0
39.0414,-0.54984,336.07,0.44,0.39,2024-08-05,1244,N,VIIRS,n,2,304.84,1.82,D,0
40.73133,-3.59889,356.26,0.55,0.42,2024-08-05,1245,N,VIIRS,l,2,331.88,166.31,D,0
40.74031,-3.59508,367,0.55,0.42,2024-08-05,1245,N,VIIRS,h,2,340.32,303.75,D,0
40.73648,-3.59377,367,0.55,0.42,2024-08-05,1245,N,VIIRS,l,2,333.66,67.6,D,0
40.73898,-3.60154,339.73,0.55,0.42,2024-08-05,1245,N,VIIRS,n,2,310.97,27.04,D,0
40.72751,-3.59756,356.59,0.55,0.42,2024-08-05,1245,N,VIIRS,n,2,322.2,17.87,D,0
40.73266,-3.59247,350.98,0.55,0.42,2024-08-05,1245,N,VIIRS,n,2,325.01,67.6,D,0
43.52482,-5.73704,333.44,0.4,0.44,2024-08-05,1246,N,VIIRS,n,2,294.19,2.59,D,2
42.32597,-8.48146,332.73,0.51,0.66,2024-08-05,1426,N,VIIRS,n,2,294.82,3.3,D,0
42.09203,-7.97455,351.52,0.54,0.68,2024-08-05,1426,N,VIIRS,n,2,298.07,19.93,D,0
42.09217,-7.96676,345.38,0.54,0.68,2024-08-05,1426,N,VIIRS,n,2,296.59,19.93,D,0
42.08569,-7.97432,332.69,0.54,0.68,2024-08-05,1426,N,VIIRS,n,2,297.55,6.31,D,0
40.57544,0.54115,304.41,0.39,0.59,2024-08-06,0103,N,VIIRS,n,2,291.02,1.04,N,2
40.34734,-3.67604,310.51,0.65,0.73,2024-08-06,0103,N,VIIRS,n,2,293.96,2.63,N,0
41.30996,1.66327,301.51,0.42,0.61,2024-08-06,0243,N,VIIRS,n,2,289.29,1.06,N,2
41.40791,2.00008,302.25,0.44,0.62,2024-08-06,0243,N,VIIRS,n,2,290.48,0.51,N,2
41.31129,1.65868,302.89,0.42,0.61,2024-08-06,0243,N,VIIRS,n,2,289.62,1.06,N,2
37.36108,-5.86686,311.49,0.45,0.47,2024-08-06,0244,N,VIIRS,n,2,295.95,1.62,N,2
37.36187,-5.86301,308.07,0.45,0.47,2024-08-06,0244,N,VIIRS,n,2,295.7,1.21,N,2
36.55704,-6.0985,337.29,0.53,0.67,2024-08-06,1225,N,VIIRS,n,2,304.43,4.68,D,0
36.55877,-6.09258,340.12,0.53,0.67,2024-08-06,1225,N,VIIRS,n,2,302.51,3.93,D,0
37.32285,-6.88596,335.52,0.55,0.68,2024-08-06,1225,N,VIIRS,n,2,304.79,5.42,D,0
37.32103,-6.89206,351.67,0.55,0.68,2024-08-06,1225,N,VIIRS,n,2,306.16,5.77,D,0
37.3289,-6.88858,354.56,0.55,0.68,2024-08-06,1225,N,VIIRS,n,2,305.61,11.64,D,0
37.32708,-6.89471,351.55,0.55,0.68,2024-08-06,1225,N,VIIRS,n,2,305.26,5.17,D,0
37.32527,-6.90081,341.35,0.55,0.68,2024-08-06,1225,N,VIIRS,n,2,305.75,5.17,D,0
37.32951,-6.90957,367,0.55,0.68,2024-08-06,1225,N,VIIRS,h,2,305.45,9.48,D,0
37.33314,-6.89735,344.43,0.55,0.68,2024-08-06,1225,N,VIIRS,n,2,305.04,5.17,D,0
37.33134,-6.90342,347.55,0.55,0.68,2024-08-06,1225,N,VIIRS,n,2,305.03,5.17,D,0
37.33739,-6.90605,367,0.55,0.68,2024-08-06,1225,N,VIIRS,h,2,305.36,10.72,D,0
37.33558,-6.91217,348.38,0.55,0.68,2024-08-06,1225,N,VIIRS,n,2,305.06,7.36,D,0
38.20721,-6.40569,335.64,0.49,0.65,2024-08-06,1225,N,VIIRS,l,2,309.33,1.98,D,0
39.70879,-5.08695,367,0.39,0.59,2024-08-06,1226,N,VIIRS,h,2,308.87,9.87,D,0
39.70728,-5.09254,346.57,0.39,0.59,2024-08-06,1226,N,VIIRS,n,2,311.45,6.88,D,0
39.71278,-5.09389,367,0.39,0.59,2024-08-06,1226,N,VIIRS,h,2,308.84,12.58,D,0
39.7111,-5.10012,349.59,0.39,0.59,2024-08-06,1226,N,VIIRS,n,2,312.08,12.58,D,0
39.7164,-5.1022,367,0.39,0.59,2024-08-06,1226,N,VIIRS,h,2,313.4,12.58,D,0
39.71041,-5.08616,367,0.39,0.59,2024-08-06,1226,N,VIIRS,h,2,305.94,12.17,D,0
39.70892,-5.09151,352.61,0.39,0.59,2024-08-06,1226,N,VIIRS,n,2,309.66,10.2,D,0
39.70726,-5.09751,338.09,0.39,0.59,2024-08-06,1226,N,VIIRS,n,2,313.02,10.2,D,0
39.71265,-5.09929,367,0.39,0.59,2024-08-06,1226,N,VIIRS,h,2,310.74,10.2,D,0
39.71795,-5.10138,367,0.39,0.59,2024-08-06,1226,N,VIIRS,h,2,308.99,12.43,D,0
39.71631,-5.10728,354.05,0.39,0.59,2024-08-06,1226,N,VIIRS,n,2,310.51,9.25,D,0
41.83344,-2.501,342.53,0.51,0.49,2024-08-06,1226,N,VIIRS,n,2,308.61,6.43,D,0
39.70314,-5.08616,346.56,0.39,0.59,2024-08-06,1226,N,VIIRS,n,2,312.4,9.87,D,0
39.70438,-5.08158,367,0.39,0.59,2024-08-06,1226,N,VIIRS,h,2,308.67,9.87,D,0
39.69511,-5.09419,343.65,0.39,0.59,2024-08-06,1226,N,VIIRS,n,2,307.14,5.26,D,0
39.69644,-5.08926,352.9,0.39,0.59,2024-08-06,1226,N,VIIRS,n,2,308.28,5.26,D,0
39.69785,-5.08405,367,0.39,0.59,2024-08-06,1226,N,VIIRS,h,2,311.26,9.57,D,0
39.70039,-5.09634,353.04,0.39,0.59,2024-08-06,1226,N,VIIRS,n,2,311,6.88,D,0
39.70177,-5.09124,351.55,0.39,0.59,2024-08-06,1226,N,VIIRS,n,2,314.57,6.88,D,0
43.52569,-5.73418,335.51,0.33,0.55,2024-08-06,1227,N,VIIRS,n,2,293.42,3.87,D,2
37.01205,-4.87494,354.28,0.4,0.6,2024-08-06,1405,N,VIIRS,n,2,310.65,3.84,D,0
37.0118,-4.87963,337.56,0.4,0.6,2024-08-06,1405,N,VIIRS,l,2,310.45,3.84,D,0
37.01476,-4.87482,345.97,0.41,0.6,2024-08-06,1405,N,VIIRS,n,2,310.16,3.97,D,0
37.01453,-4.87959,347.65,0.41,0.6,2024-08-06,1405,N,VIIRS,n,2,311.11,3.97,D,0
39.71965,-5.10413,344.52,0.41,0.61,2024-08-06,1406,N,VIIRS,n,2,308.48,6.82,D,0
39.71984,-5.10012,337.29,0.41,0.61,2024-08-06,1406,N,VIIRS,n,2,307.91,5.35,D,0
39.71947,-5.10804,367,0.41,0.61,2024-08-06,1406,N,VIIRS,h,2,310.36,6.82,D,0
39.72004,-5.09573,367,0.41,0.61,2024-08-06,1406,N,VIIRS,h,2,307.98,5.35,D,0
39.71383,-5.10701,354.86,0.41,0.61,2024-08-06,1406,N,VIIRS,n,2,313.44,6.64,D,0
39.71401,-5.10299,341.39,0.41,0.61,2024-08-06,1406,N,VIIRS,n,2,310.89,6.64,D,0
39.71418,-5.09917,340.56,0.41,0.61,2024-08-06,1406,N,VIIRS,n,2,310.18,15.54,D,0
39.71436,-5.09532,356.3,0.41,0.61,2024-08-06,1406,N,VIIRS,n,2,312.87,15.54,D,0
39.71455,-5.09115,356.3,0.41,0.61,2024-08-06,1406,N,VIIRS,n,2,320.67,34.84,D,0
39.7089,-5.09008,336.52,0.41,0.61,2024-08-06,1406,N,VIIRS,l,2,311.52,34.84,D,0
39.70911,-5.08539,353.03,0.41,0.61,2024-08-06,1406,N,VIIRS,n,2,313.42,34.84,D,0
39.70937,-5.07984,367,0.42,0.61,2024-08-06,1406,N,VIIRS,h,2,313.64,39.41,D,0
39.7035,-5.08334,348.83,0.41,0.61,2024-08-06,1406,N,VIIRS,n,2,311.29,9.69,D,0
39.70374,-5.07811,347.25,0.42,0.61,2024-08-06,1406,N,VIIRS,n,2,307.03,8.32,D,0
39.69744,-5.09139,344.75,0.41,0.61,2024-08-06,1406,N,VIIRS,n,2,312.04,7.48,D,0
39.69783,-5.08275,354.46,0.41,0.61,2024-08-06,1406,N,VIIRS,n,2,313.24,9.69,D,0
39.69803,-5.0782,367,0.42,0.61,2024-08-06,1406,N,VIIRS,h,2,310.19,8.32,D,0
39.69196,-5.08638,356.42,0.41,0.61,2024-08-06,1406,N,VIIRS,n,2,308.67,39.64,D,0
39.69236,-5.07751,352.86,0.42,0.61,2024-08-06,1406,N,VIIRS,n,2,308.09,24.56,D,0
39.69215,-5.08203,367,0.41,0.61,2024-08-06,1406,N,VIIRS,h,2,318.2,39.64,D,0
43.03356,-2.22061,301.09,0.47,0.4,2024-08-07,0224,N,VIIRS,n,2,287.08,1.41,N,2
41.31102,1.66041,306.68,0.5,0.49,2024-08-07,0224,N,VIIRS,n,2,290.8,1.66,N,2
42.5512,-6.7686,305.36,0.38,0.36,2024-08-07,0224,N,VIIRS,n,2,289.31,0.87,N,2
39.70059,-5.07167,309.16,0.42,0.38,2024-08-07,0225,N,VIIRS,n,2,295.63,2.12,N,0
39.68657,-5.03461,305.79,0.42,0.38,2024-08-07,0225,N,VIIRS,n,2,293.12,1.39,N,0
39.67744,-5.03432,333.35,0.42,0.38,2024-08-07,0225,N,VIIRS,n,2,295.65,4.26,N,0
39.67403,-5.03535,338.53,0.42,0.38,2024-08-07,0225,N,VIIRS,n,2,293.54,4.26,N,0
39.71146,-5.05254,305.27,0.42,0.38,2024-08-07,0225,N,VIIRS,n,2,292.99,0.88,N,0
39.70397,-5.07049,306.45,0.42,0.38,2024-08-07,0225,N,VIIRS,n,2,294.59,1.02,N,0
39.70306,-5.06558,305.7,0.42,0.38,2024-08-07,0225,N,VIIRS,n,2,294.52,1.02,N,0
39.71989,-5.03969,331.04,0.42,0.38,2024-08-07,0225,N,VIIRS,n,2,296.32,6.45,N,0
39.72078,-5.04448,356.15,0.42,0.38,2024-08-07,0225,N,VIIRS,n,2,302.09,6.45,N,0
39.72166,-5.04931,330.04,0.42,0.38,2024-08-07,0225,N,VIIRS,n,2,298.52,5.21,N,0
39.72506,-5.04826,307.79,0.42,0.38,2024-08-07,0225,N,VIIRS,n,2,295.38,5.21,N,0
39.72418,-5.04346,335.04,0.42,0.38,2024-08-07,0225,N,VIIRS,n,2,296.6,6.45,N,0
39.7156,-5.03591,327.91,0.42,0.38,2024-08-07,0225,N,VIIRS,n,2,295.39,2.04,N,0
39.71396,-5.04657,320.19,0.42,0.38,2024-08-07,0225,N,VIIRS,n,2,295.11,5.65,N,0
39.70807,-5.05364,306.7,0.42,0.38,2024-08-07,0225,N,VIIRS,n,2,293.31,0.88,N,0
39.71357,-5.08361,316.61,0.42,0.38,2024-08-07,0225,N,VIIRS,n,2,296.38,2.38,N,0
39.70527,-5.01882,317.99,0.42,0.38,2024-08-07,0225,N,VIIRS,n,2,293.52,1.89,N,0
39.71308,-5.04175,328.07,0.42,0.38,2024-08-07,0225,N,VIIRS,n,2,296.52,5.65,N,0
39.7122,-5.03694,326.92,0.42,0.38,2024-08-07,0225,N,VIIRS,n,2,295.61,2.04,N,0
39.70955,-5.02254,304.05,0.42,0.38,2024-08-07,0225,N,VIIRS,n,2,293.56,0.77,N,0
37.56944,-0.91768,313.83,0.45,0.47,2024-08-07,0225,N,VIIRS,n,2,295.39,2.97,N,2
39.70615,-5.02361,317.58,0.42,0.38,2024-08-07,0225,N,VIIRS,n,2,295.17,2.78,N,0
39.70878,-5.03798,311.92,0.42,0.38,2024-08-07,0225,N,VIIRS,n,2,294.49,1.6,N,0
39.70867,-5.01773,309.74,0.42,0.38,2024-08-07,0225,N,VIIRS,n,2,293.15,0.77,N,0
39.71648,-5.04072,343.79,0.42,0.38,2024-08-07,0225,N,VIIRS,n,2,299.61,5.65,N,0
39.71737,-5.04553,367,0.42,0.38,2024-08-07,0225,N,VIIRS,h,2,301.31,5.65,N,0
37.36055,-5.86439,316.48,0.42,0.38,2024-08-07,0226,N,VIIRS,n,2,297.01,1.65,N,2
38.51244,-1.4688,341.48,0.48,0.64,2024-08-07,1206,N,VIIRS,n,2,307,3.07,D,0
38.51097,-1.46517,339.3,0.48,0.64,2024-08-07,1207,N,VIIRS,n,2,307.14,4.42,D,0
40.29854,-3.94063,353.35,0.54,0.51,2024-08-07,1347,N,VIIRS,n,2,313.71,8.65,D,0
39.94683,-4.40867,346.45,0.51,0.49,2024-08-07,1347,N,VIIRS,n,2,319.57,8.48,D,0
37.23203,-7.09421,334.17,0.52,0.42,2024-08-07,1347,N,VIIRS,l,2,306.58,3.14,D,0
41.31128,1.65953,303.63,0.46,0.39,2024-08-08,0205,N,VIIRS,n,2,292.82,1.03,N,2
41.31482,1.66074,308.72,0.46,0.39,2024-08-08,0205,N,VIIRS,n,2,294.22,1.16,N,2
41.92427,0.17753,308.24,0.41,0.37,2024-08-08,0205,N,VIIRS,n,2,293.43,0.73,N,2
41.57181,0.70225,301.2,0.43,0.38,2024-08-08,0205,N,VIIRS,n,2,290.14,0.47,N,0
42.55109,-6.76711,302.34,0.47,0.4,2024-08-08,0205,N,VIIRS,n,2,289.91,0.37,N,2
38.08511,-1.21829,317.77,0.41,0.37,2024-08-08,0206,N,VIIRS,n,2,294.96,1.35,N,0
38.0885,-1.21733,306.56,0.41,0.37,2024-08-08,0206,N,VIIRS,n,2,293.87,1.35,N,0
40.57563,0.54151,309.78,0.44,0.38,2024-08-08,0206,N,VIIRS,n,2,295.59,1.47,N,2
41.47502,-1.48672,309.25,0.39,0.36,2024-08-08,0206,N,VIIRS,n,2,294.28,1.03,N,2
37.3588,-5.86598,307.07,0.4,0.37,2024-08-08,0207,N,VIIRS,n,2,295.96,1.57,N,2
37.84764,-4.45558,326.58,0.39,0.36,2024-08-08,0207,N,VIIRS,n,2,294.51,2.68,N,0
37.13415,-6.29686,345.09,0.39,0.36,2024-08-08,1328,N,VIIRS,n,2,312.33,4.88,D,0
40.01239,-4.81527,345.04,0.44,0.39,2024-08-08,1328,N,VIIRS,l,2,317.37,7.19,D,0
40.03072,-3.62919,344.08,0.49,0.4,2024-08-08,1328,N,VIIRS,n,2,315.6,6.18,D,0
38.23917,-0.71936,338.25,0.43,0.46,2024-08-08,1328,N,VIIRS,l,2,309.76,1.2,D,0
38.11642,-1.26177,339.58,0.4,0.44,2024-08-08,1328,N,VIIRS,l,2,313.45,4.13,D,0
37.13747,-6.2976,345.45,0.39,0.36,2024-08-08,1328,N,VIIRS,n,2,312,4.88,D,0
37.26046,-2.00528,335.7,0.54,0.42,2024-08-08,1328,N,VIIRS,l,2,308.6,3.61,D,0
41.43616,-1.20336,339.36,0.44,0.46,2024-08-08,1329,N,VIIRS,l,2,311.37,5.75,D,0
40.48371,-3.61494,340.44,0.5,0.41,2024-08-08,1329,N,VIIRS,l,2,315.4,4.52,D,0
42.17692,-1.19866,332.6,0.44,0.38,2024-08-09,0146,N,VIIRS,n,2,293.09,4.04,N,0
43.3453,-8.43816,305.04,0.32,0.55,2024-08-09,0146,N,VIIRS,n,2,289.61,0.7,N,2
43.03477,-2.22216,298.46,0.49,0.4,2024-08-09,0146,N,VIIRS,n,2,288.39,0.35,N,2
42.55254,-6.76926,303.53,0.52,0.5,2024-08-09,0147,N,VIIRS,n,2,291.73,0.93,N,2
41.47368,-1.48584,308.94,0.44,0.39,2024-08-09,0147,N,VIIRS,n,2,294.19,1.37,N,2
41.31478,1.66113,311.7,0.39,0.36,2024-08-09,0147,N,VIIRS,n,2,295.3,1.29,N,2
41.40628,1.99674,317.37,0.38,0.36,2024-08-09,0147,N,VIIRS,n,2,295.68,1.63,N,2
41.31149,1.66025,315.42,0.39,0.36,2024-08-09,0147,N,VIIRS,n,2,294.82,1.29,N,2
38.66485,-4.05566,311.13,0.52,0.42,2024-08-09,0148,N,VIIRS,n,2,295.96,3.09,N,0
37.21747,-5.60331,307.39,0.4,0.44,2024-08-09,0148,N,VIIRS,n,2,293.4,0.82,N,0
39.24861,-5.8686,352.58,0.41,0.37,2024-08-09,1309,N,VIIRS,n,2,320.53,7.67,D,0
37.43201,-7.34738,351.7,0.48,0.4,2024-08-09,1309,N,VIIRS,n,2,317.79,14.29,D,0
39.24799,-5.86666,354.3,0.41,0.37,2024-08-09,1309,N,VIIRS,n,2,322.19,14,D,0
39.24715,-5.87137,345.51,0.41,0.37,2024-08-09,1309,N,VIIRS,l,2,318.51,6.85,D,0
39.25137,-5.86762,342.26,0.41,0.37,2024-08-09,1309,N,VIIRS,l,2,315.54,14,D,0
37.43565,-7.34844,339.16,0.48,0.4,2024-08-09,1309,N,VIIRS,l,2,314,3.95,D,0
39.09816,-3.13629,348.63,0.38,0.36,2024-08-09,1309,N,VIIRS,l,2,320.67,9.78,D,0
38.67064,-6.93517,348.47,0.45,0.39,2024-08-09,1309,N,VIIRS,l,2,322.88,7.81,D,0
38.67414,-6.93627,349.91,0.45,0.39,2024-08-09,1309,N,VIIRS,n,2,323.03,9.99,D,0
39.07846,-6.62617,347.24,0.43,0.38,2024-08-09,1309,N,VIIRS,l,2,318.91,4.46,D,0
39.07756,-6.63114,345.29,0.43,0.38,2024-08-09,1309,N,VIIRS,l,2,318.49,4.46,D,0
39.24522,-5.86763,349.36,0.41,0.37,2024-08-09,1309,N,VIIRS,l,2,320.03,7.67,D,0
39.24942,-5.86387,350.89,0.41,0.37,2024-08-09,1309,N,VIIRS,n,2,320.99,7.67,D,0
39.01852,-1.88448,350.19,0.39,0.36,2024-08-09,1309,N,VIIRS,n,2,318.05,14.45,D,0
42.17754,-1.19489,339.98,0.43,0.38,2024-08-09,1310,N,VIIRS,n,2,310.01,9.01,D,0
42.13401,-3.96006,353.96,0.38,0.36,2024-08-09,1310,N,VIIRS,n,2,320.06,26.71,D,0
40.26743,-3.74915,347.71,0.38,0.36,2024-08-09,1310,N,VIIRS,l,2,318.8,4.73,D,0
41.27472,1.27895,339.62,0.51,0.41,2024-08-09,1310,N,VIIRS,n,2,313.21,44.33,D,0
40.25756,-3.74659,346.65,0.38,0.36,2024-08-09,1310,N,VIIRS,l,2,319.87,4.22,D,0
40.26414,-3.7483,348.56,0.38,0.36,2024-08-09,1310,N,VIIRS,l,2,319.12,4.73,D,0
40.26085,-3.74744,349.74,0.38,0.36,2024-08-09,1310,N,VIIRS,n,2,319.12,4.22,D,0
40.66652,-4.55176,367,0.39,0.36,2024-08-09,1310,N,VIIRS,h,2,325.71,20.92,D,0
41.50004,-5.68883,333.83,0.39,0.6,2024-08-10,0128,N,VIIRS,n,2,292.31,6.84,N,0
41.47386,-1.48674,306.67,0.48,0.48,2024-08-10,0128,N,VIIRS,n,2,294.1,1.3,N,2
41.27576,1.27516,330.09,0.53,0.42,2024-08-10,0128,N,VIIRS,n,2,293.16,5.2,N,0
42.17913,-1.19522,316.56,0.47,0.48,2024-08-10,0128,N,VIIRS,n,2,292.85,1.83,N,0
42.17595,-1.19601,328.86,0.47,0.48,2024-08-10,0128,N,VIIRS,n,2,292.67,2.43,N,0
42.17473,-1.19595,309.41,0.47,0.48,2024-08-10,0128,N,VIIRS,n,2,291.57,1.83,N,0
42.5539,-6.76959,303.08,0.45,0.63,2024-08-10,0128,N,VIIRS,n,2,290.08,0.92,N,2
39.66278,-0.24691,306.49,0.39,0.44,2024-08-10,0128,N,VIIRS,n,2,296.16,0.63,N,2
40.57662,0.54267,307.94,0.56,0.43,2024-08-10,0128,N,VIIRS,n,2,295.42,1.7,N,2
41.501,-5.68542,367,0.39,0.59,2024-08-10,0128,N,VIIRS,h,2,294.24,9.4,N,0
41.49984,-5.68398,338.88,0.39,0.6,2024-08-10,0128,N,VIIRS,n,2,291.87,5.03,N,0
41.31311,1.66167,318.01,0.51,0.41,2024-08-10,0128,N,VIIRS,n,2,294.16,2.17,N,2
38.37572,-0.54426,308.68,0.39,0.44,2024-08-10,0129,N,VIIRS,n,2,296.29,1.12,N,2
37.56889,-0.92036,313.21,0.4,0.44,2024-08-10,0129,N,VIIRS,n,2,296.84,1.92,N,2
37.72713,-4.60196,307.96,0.32,0.54,2024-08-10,0129,N,VIIRS,n,2,295.71,0.63,N,0
43.52681,-5.73206,300.01,0.33,0.55,2024-08-10,0308,N,VIIRS,n,2,289.83,1.49,N,2
43.52573,-5.72805,300.85,0.33,0.55,2024-08-10,0308,N,VIIRS,n,2,290.18,0.54,N,2
42.1781,-1.19407,299.95,0.58,0.7,2024-08-10,0308,N,VIIRS,n,2,288.65,1.75,N,0
38.39175,-5.82477,317.77,0.45,0.63,2024-08-10,0309,N,VIIRS,n,2,292.02,2.03,N,0
37.03466,-5.77722,311,0.49,0.65,2024-08-10,0309,N,VIIRS,n,2,293.71,1.49,N,0
38.39236,-5.82589,311.1,0.45,0.63,2024-08-10,0309,N,VIIRS,n,2,291.77,1.87,N,0
38.39097,-5.82106,306.03,0.45,0.63,2024-08-10,0309,N,VIIRS,n,2,290.7,1.24,N,0
37.17564,-6.89272,336.09,0.43,0.62,2024-08-10,0309,N,VIIRS,n,2,294.18,3.03,N,0
37.03272,-5.77888,311.56,0.49,0.65,2024-08-10,0309,N,VIIRS,n,2,293.89,0.76,N,0
37.70895,-4.79069,341.24,0.4,0.44,2024-08-10,1250,N,VIIRS,l,2,313.31,6.85,D,0
38.7812,-6.77544,345.88,0.48,0.48,2024-08-10,1251,N,VIIRS,n,2,315.4,100.55,D,0
38.78548,-6.77709,345.89,0.48,0.48,2024-08-10,1251,N,VIIRS,l,2,316.77,38.94,D,0
41.31323,1.6629,339.42,0.39,0.36,2024-08-10,1251,N,VIIRS,l,2,312.71,3.39,D,2
41.62413,2.66764,336.04,0.4,0.37,2024-08-10,1251,N,VIIRS,l,2,307.46,3.12,D,0
40.03451,-3.63121,312.87,0.53,0.67,2024-08-11,0109,N,VIIRS,n,2,293.61,2.92,N,0
42.20739,-1.06692,307.7,0.4,0.6,2024-08-11,0109,N,VIIRS,n,2,293.47,4.17,N,0
42.20196,-1.07255,351.93,0.4,0.6,2024-08-11,0109,N,VIIRS,n,2,295.08,6.42,N,0
42.20504,-1.0723,351.52,0.4,0.6,2024-08-11,0109,N,VIIRS,n,2,295.23,8.16,N,0
42.20481,-1.06713,348.34,0.4,0.6,2024-08-11,0109,N,VIIRS,n,2,295.83,8.16,N,0
41.31295,1.65971,312.28,0.57,0.52,2024-08-11,0109,N,VIIRS,n,2,293.23,1.71,N,2
41.47458,-1.48742,309.26,0.42,0.61,2024-08-11,0109,N,VIIRS,n,2,294.59,0.92,N,2
40.57867,0.54036,307.09,0.32,0.55,2024-08-11,0109,N,VIIRS,n,2,294.17,0.85,N,2
40.03702,-3.63292,319.77,0.53,0.67,2024-08-11,0109,N,VIIRS,n,2,293.33,4.05,N,0
40.02425,-4.55693,316.39,0.59,0.7,2024-08-11,0109,N,VIIRS,n,2,293.16,1.83,N,0
42.2076,-1.07215,322.81,0.4,0.6,2024-08-11,0109,N,VIIRS,n,2,293.65,6.42,N,0
40.02008,-4.55401,310.91,0.59,0.7,2024-08-11,0109,N,VIIRS,n,2,292.84,2.4,N,0
40.02667,-4.55396,313.79,0.59,0.7,2024-08-11,0109,N,VIIRS,n,2,292.46,2.5,N,0
40.01765,-4.55704,306.84,0.59,0.7,2024-08-11,0109,N,VIIRS,n,2,292.85,1.27,N,0
40.02413,-4.54985,311.61,0.59,0.7,2024-08-11,0109,N,VIIRS,n,2,292.51,1.83,N,0
42.20177,-1.06744,338.79,0.4,0.6,2024-08-11,0109,N,VIIRS,n,2,294.76,4.17,N,0
40.03472,-3.63771,315.31,0.53,0.67,2024-08-11,0109,N,VIIRS,n,2,293.6,3.38,N,0
37.79681,-3.14897,319.52,0.48,0.65,2024-08-11,0110,N,VIIRS,n,2,296.79,2.36,N,0
37.79075,-3.14925,320.48,0.48,0.65,2024-08-11,0110,N,VIIRS,n,2,296.76,2.36,N,0
37.79098,-3.1547,309.24,0.48,0.65,2024-08-11,0110,N,VIIRS,n,2,296.41,2.36,N,0
41.47497,-1.48762,306.43,0.35,0.57,2024-08-11,0249,N,VIIRS,n,2,293.42,0.32,N,2
41.40803,1.99872,304.03,0.52,0.67,2024-08-11,0249,N,VIIRS,n,2,290.07,0.78,N,2
42.20315,-1.07231,311.48,0.35,0.57,2024-08-11,0249,N,VIIRS,n,2,294.08,1.65,N,0
42.20203,-1.06824,311.47,0.35,0.57,2024-08-11,0249,N,VIIRS,n,2,293.89,1.1,N,0
42.20305,-1.07224,310.59,0.35,0.57,2024-08-11,0249,N,VIIRS,n,2,293.71,1.54,N,0
42.20195,-1.06816,312.77,0.35,0.57,2024-08-11,0249,N,VIIRS,n,2,293.78,1.12,N,0
41.31635,1.66138,302.84,0.5,0.66,2024-08-11,0249,N,VIIRS,n,2,290.15,2.22,N,2
41.40721,1.99734,303.85,0.52,0.67,2024-08-11,0249,N,VIIRS,n,2,289.71,0.94,N,2
37.79298,-3.15037,313.9,0.36,0.58,2024-08-11,0250,N,VIIRS,n,2,297.59,2.2,N,0
37.41207,-6.3729,309.63,0.51,0.49,2024-08-11,0251,N,VIIRS,n,2,294.44,1.13,N,0
37.36006,-5.86426,306.7,0.54,0.51,2024-08-11,0251,N,VIIRS,n,2,296.56,1.05,N,2
38.0259,-3.37656,344.82,0.58,0.52,2024-08-11,1231,N,VIIRS,n,2,315.57,8.49,D,0
40.38949,-0.97416,367,0.39,0.44,2024-08-11,1232,N,VIIRS,l,2,327.58,138.67,D,0
40.39151,-0.96467,367,0.39,0.44,2024-08-11,1232,N,VIIRS,l,2,377.03,206.06,D,0
40.39252,-0.95986,335.78,0.39,0.44,2024-08-11,1232,N,VIIRS,n,2,306.79,41.44,D,0
40.3905,-0.96944,367,0.39,0.44,2024-08-11,1232,N,VIIRS,h,2,361.26,206.06,D,0
40.38755,-0.96335,367,0.39,0.44,2024-08-11,1232,N,VIIRS,l,2,327.42,52.75,D,0
40.38655,-0.96809,367,0.39,0.44,2024-08-11,1232,N,VIIRS,h,2,350.59,52.75,D,0
40.38258,-0.96687,339.85,0.39,0.44,2024-08-11,1232,N,VIIRS,n,2,308.88,52.75,D,0
40.3979,-0.97588,330.89,0.39,0.44,2024-08-11,1232,N,VIIRS,l,2,302.12,2.73,D,0
40.04658,-4.14523,349.7,0.57,0.52,2024-08-11,1232,N,VIIRS,n,2,312.96,5.23,D,0
41.27442,1.27454,338.22,0.46,0.39,2024-08-11,1232,N,VIIRS,n,2,307.62,2.91,D,0
38.77552,-6.75558,341.16,0.41,0.61,2024-08-11,1232,N,VIIRS,n,2,309.72,3.26,D,0
40.39647,-0.96119,334.26,0.39,0.44,2024-08-11,1232,N,VIIRS,n,2,306.07,41.44,D,0
40.39443,-0.97087,367,0.39,0.44,2024-08-11,1232,N,VIIRS,h,2,337.72,206.06,D,0
40.39544,-0.96606,367,0.39,0.44,2024-08-11,1232,N,VIIRS,h,2,349.18,206.06,D,0
37.32906,-6.90124,343.12,0.46,0.63,2024-08-11,1232,N,VIIRS,n,2,303,5.55,D,0
37.33329,-6.90865,335.84,0.46,0.64,2024-08-11,1232,N,VIIRS,n,2,302.89,4.23,D,0
39.0585,-0.57332,354.31,0.4,0.44,2024-08-11,1232,N,VIIRS,n,2,309.94,17.59,D,0
38.42567,-6.42953,367,0.41,0.6,2024-08-11,1232,N,VIIRS,h,2,314.98,28.68,D,0
40.39836,-0.97229,336.23,0.39,0.44,2024-08-11,1232,N,VIIRS,n,2,301.78,2.42,D,0
43.5275,-5.73388,346.57,0.55,0.51,2024-08-11,1233,N,VIIRS,n,2,304.11,9.61,D,2
42.87239,-2.64394,342.83,0.41,0.45,2024-08-11,1233,N,VIIRS,l,2,313.84,3.35,D,0
42.8713,-2.64887,345.46,0.41,0.45,2024-08-11,1233,N,VIIRS,n,2,313.67,3.35,D,0
42.8658,-2.67347,340.95,0.41,0.45,2024-08-11,1233,N,VIIRS,l,2,311.16,2.12,D,0
42.86839,-2.64229,340.05,0.41,0.45,2024-08-11,1233,N,VIIRS,l,2,313.27,3.35,D,0
43.52355,-5.73356,339.77,0.55,0.51,2024-08-11,1233,N,VIIRS,n,2,304.32,10.44,D,2
37.31187,-5.78132,338.73,0.44,0.63,2024-08-11,1412,N,VIIRS,n,2,306.71,3.37,D,0
38.77526,-6.76176,339.15,0.4,0.6,2024-08-11,1412,N,VIIRS,n,2,308.43,6.82,D,0
38.77548,-6.75703,352.85,0.4,0.6,2024-08-11,1412,N,VIIRS,n,2,309.71,8.33,D,0
38.76986,-6.7567,338.98,0.4,0.6,2024-08-11,1412,N,VIIRS,n,2,308.07,5.05,D,0
38.42965,-6.43071,352.08,0.42,0.61,2024-08-11,1412,N,VIIRS,n,2,311.74,5.07,D,0
38.42987,-6.42615,340.41,0.42,0.61,2024-08-11,1412,N,VIIRS,n,2,310.23,5.07,D,0
38.42395,-6.43022,343.33,0.42,0.61,2024-08-11,1412,N,VIIRS,n,2,312.32,4.4,D,0
37.31772,-5.7817,337.14,0.44,0.63,2024-08-11,1412,N,VIIRS,n,2,306.91,3.37,D,0
37.31796,-5.77652,348.43,0.44,0.63,2024-08-11,1412,N,VIIRS,n,2,306.85,7.79,D,0
42.2266,-1.99375,344.98,0.75,0.77,2024-08-11,1413,N,VIIRS,n,2,305.55,7.42,D,0
41.87425,-1.72242,335.91,0.77,0.77,2024-08-11,1413,N,VIIRS,n,2,305.22,3.35,D,0
41.87344,-1.72393,338.79,0.77,0.77,2024-08-11,1413,N,VIIRS,n,2,305.75,5.17,D,0
41.92383,0.1785,303.71,0.49,0.48,2024-08-12,0230,N,VIIRS,n,2,293.05,0.91,N,2
42.55108,-6.76881,305.4,0.4,0.37,2024-08-12,0231,N,VIIRS,n,2,290.56,0.65,N,2
39.30129,-5.26008,331.63,0.47,0.4,2024-08-12,0231,N,VIIRS,n,2,295.54,4.81,N,0
39.78905,-2.96008,317.39,0.39,0.44,2024-08-12,0231,N,VIIRS,n,2,292.54,1.63,N,0
41.65887,-6.34226,304.5,0.41,0.37,2024-08-12,0231,N,VIIRS,n,2,289.28,1.78,N,0
41.65974,-6.34708,300.01,0.41,0.37,2024-08-12,0231,N,VIIRS,n,2,288.58,1.78,N,0
41.658,-6.33747,329.69,0.41,0.37,2024-08-12,0231,N,VIIRS,n,2,292.86,2.07,N,0
41.67001,-6.36456,306.23,0.41,0.37,2024-08-12,0231,N,VIIRS,n,2,289.85,0.88,N,0
41.66723,-6.32946,309.88,0.41,0.37,2024-08-12,0231,N,VIIRS,n,2,292.64,9.03,N,0
41.66809,-6.33425,327.76,0.41,0.37,2024-08-12,0231,N,VIIRS,n,2,291.18,9.03,N,0
41.66972,-6.32354,314.05,0.41,0.37,2024-08-12,0231,N,VIIRS,n,2,291.63,4.34,N,0
41.67146,-6.33318,300.31,0.41,0.37,2024-08-12,0231,N,VIIRS,n,2,289.81,9.03,N,0
41.67059,-6.32837,349.01,0.41,0.37,2024-08-12,0231,N,VIIRS,n,2,306,9.03,N,0
41.02438,-2.42642,297.83,0.39,0.44,2024-08-12,0231,N,VIIRS,n,2,287.16,0.17,N,0
41.47404,-1.48595,305.64,0.42,0.45,2024-08-12,0231,N,VIIRS,n,2,294.49,0.66,N,2
38.89066,-6.60552,313.31,0.43,0.38,2024-08-12,0232,N,VIIRS,n,2,293.76,16.28,N,0
38.88975,-6.60061,307.73,0.43,0.38,2024-08-12,0232,N,VIIRS,n,2,292.66,20.9,N,0
38.88721,-6.60656,331.14,0.43,0.38,2024-08-12,0232,N,VIIRS,n,2,298.84,16.28,N,0
36.33794,-5.85583,337.87,0.75,0.77,2024-08-12,1212,N,VIIRS,n,2,301.91,4.88,D,0
36.33944,-5.83781,335.53,0.75,0.77,2024-08-12,1213,N,VIIRS,n,2,301.57,6.68,D,0
40.14208,-4.1023,337.5,0.48,0.65,2024-08-12,1213,N,VIIRS,n,2,306.82,1.88,D,0
37.43928,-6.12237,330.12,0.72,0.76,2024-08-12,1213,N,VIIRS,l,2,304.29,3.55,D,0
37.43813,-6.12216,330.62,0.72,0.76,2024-08-12,1213,N,VIIRS,l,2,304.03,2.39,D,0
38.88708,-6.60183,339.4,0.69,0.74,2024-08-12,1213,N,VIIRS,n,2,302.65,5.43,D,0
38.88752,-6.60277,340.97,0.69,0.74,2024-08-12,1213,N,VIIRS,n,2,302.65,5.64,D,0
39.04312,-6.75231,367,0.69,0.75,2024-08-12,1213,N,VIIRS,h,2,306.17,12.54,D,0
38.5111,-1.46856,335.59,0.4,0.6,2024-08-12,1213,N,VIIRS,l,2,308.94,2.62,D,0
39.0406,-6.76134,334.94,0.69,0.75,2024-08-12,1213,N,VIIRS,n,2,305.02,13.26,D,0
39.04057,-6.76019,335.6,0.7,0.75,2024-08-12,1213,N,VIIRS,n,2,304.54,12.54,D,0
39.04319,-6.75349,367,0.69,0.75,2024-08-12,1213,N,VIIRS,h,2,306.47,26.57,D,0
42.13966,-2.28611,335.48,0.35,0.56,2024-08-12,1214,N,VIIRS,n,2,296.31,3.33,D,0
38.88903,-6.60529,344.23,0.46,0.47,2024-08-12,1353,N,VIIRS,n,2,314.18,5.01,D,0
39.0403,-6.75058,341.64,0.45,0.47,2024-08-12,1353,N,VIIRS,l,2,315.93,4.54,D,0
37.20125,-5.58742,349.59,0.5,0.49,2024-08-12,1353,N,VIIRS,n,2,317.92,8.02,D,0
42.66425,-3.0299,343.97,0.38,0.59,2024-08-12,1354,N,VIIRS,n,2,296.89,3.72,D,0
40.60727,-4.25731,336.42,0.32,0.54,2024-08-12,1354,N,VIIRS,l,2,307.6,3.53,D,0
42.66997,-3.02525,340.47,0.38,0.59,2024-08-12,1354,N,VIIRS,n,2,298.66,14.26,D,0
42.66975,-3.03011,367,0.38,0.59,2024-08-12,1354,N,VIIRS,h,2,298.98,13.34,D,0
41.47441,-1.48888,305.65,0.41,0.37,2024-08-13,0212,N,VIIRS,n,2,289.25,1.13,N,2
37.56813,-0.91816,313.97,0.48,0.4,2024-08-13,0213,N,VIIRS,n,2,295.39,2.38,N,2
38.67271,-4.10621,305.05,0.39,0.36,2024-08-13,0213,N,VIIRS,n,2,292.38,0.4,N,0
38.88944,-6.60538,329.05,0.4,0.37,2024-08-13,0213,N,VIIRS,n,2,293.15,1.86,N,0
37.28846,-4.94508,306.49,0.39,0.36,2024-08-13,0213,N,VIIRS,n,2,292.27,0.6,N,0
37.3591,-5.86538,312.73,0.38,0.36,2024-08-13,0213,N,VIIRS,n,2,296,1.28,N,2
42.26176,-0.62324,338.64,0.58,0.52,2024-08-13,1335,N,VIIRS,n,2,298.23,6.36,D,0
42.55116,-6.76805,306.42,0.43,0.46,2024-08-14,0153,N,VIIRS,n,2,287.85,0.84,N,2
42.55247,-6.76906,306.02,0.43,0.46,2024-08-14,0153,N,VIIRS,n,2,288.52,1.28,N,2
40.57755,0.53984,310.06,0.38,0.36,2024-08-14,0153,N,VIIRS,n,2,292.98,1.38,N,2
40.24611,-3.47858,300.59,0.45,0.39,2024-08-14,0153,N,VIIRS,n,2,289.91,0.91,N,2
36.76555,-3.72727,349.23,0.42,0.38,2024-08-14,0154,N,VIIRS,n,2,303.57,19.25,N,0
36.76492,-3.72252,352.94,0.42,0.38,2024-08-14,0154,N,VIIRS,n,2,303.65,19.25,N,0
36.77594,-3.72516,351.31,0.42,0.38,2024-08-14,0154,N,VIIRS,n,2,304.54,14.12,N,0
36.77186,-3.72119,346.83,0.42,0.38,2024-08-14,0154,N,VIIRS,n,2,302.49,16.5,N,0
36.77156,-3.74598,345.39,0.42,0.38,2024-08-14,0154,N,VIIRS,n,2,300.27,20.7,N,0
36.77095,-3.74134,326.04,0.42,0.38,2024-08-14,0154,N,VIIRS,n,2,298.8,20.7,N,0
36.77309,-3.73052,367,0.42,0.38,2024-08-14,0154,N,VIIRS,h,2,362.25,77.12,N,0
36.77375,-3.73562,367,0.42,0.38,2024-08-14,0154,N,VIIRS,h,2,316.72,77.12,N,0
36.7744,-3.74054,354.31,0.42,0.38,2024-08-14,0154,N,VIIRS,n,2,309.94,20.7,N,0
36.77501,-3.74515,353.64,0.42,0.38,2024-08-14,0154,N,VIIRS,n,2,315.06,20.7,N,0
36.77533,-3.72056,311.68,0.42,0.38,2024-08-14,0154,N,VIIRS,n,2,297.6,14.12,N,0
36.77032,-3.73656,352.85,0.42,0.38,2024-08-14,0154,N,VIIRS,n,2,301.39,77.12,N,0
36.76965,-3.73139,349.3,0.42,0.38,2024-08-14,0154,N,VIIRS,n,2,319.11,77.12,N,0
36.77247,-3.72582,349.93,0.42,0.38,2024-08-14,0154,N,VIIRS,n,2,302.13,16.5,N,0
36.77656,-3.72992,350.51,0.42,0.38,2024-08-14,0154,N,VIIRS,n,2,307.93,13.52,N,0
36.77721,-3.73488,354.07,0.42,0.38,2024-08-14,0154,N,VIIRS,n,2,313.97,13.52,N,0
36.77785,-3.73971,354.6,0.42,0.38,2024-08-14,0154,N,VIIRS,n,2,307.97,12.46,N,0
36.769,-3.72648,348.41,0.42,0.38,2024-08-14,0154,N,VIIRS,n,2,304.59,16.5,N,0
36.76839,-3.72185,349.82,0.42,0.38,2024-08-14,0154,N,VIIRS,n,2,313.79,16.5,N,0
36.7662,-3.73222,322,0.42,0.38,2024-08-14,0154,N,VIIRS,n,2,297.7,4.86,N,0
39.80247,-2.42458,310.12,0.41,0.37,2024-08-14,0154,N,VIIRS,n,2,276.93,1.09,N,0
38.67581,-4.0639,302.48,0.45,0.39,2024-08-14,0154,N,VIIRS,n,2,290.8,0.68,N,0
37.29811,-6.03933,323.12,0.52,0.42,2024-08-14,0154,N,VIIRS,n,2,294.86,3.81,N,0
37.0049,-3.69097,346.2,0.42,0.38,2024-08-14,0154,N,VIIRS,n,2,294.33,9.95,N,0
37.00427,-3.6862,322.69,0.42,0.38,2024-08-14,0154,N,VIIRS,n,2,292.24,9.95,N,0
37.00144,-3.69167,330.13,0.42,0.38,2024-08-14,0154,N,VIIRS,n,2,287.83,9.95,N,0
37.00081,-3.68693,327.47,0.42,0.38,2024-08-14,0154,N,VIIRS,n,2,288.58,9.95,N,0
36.77848,-3.74445,367,0.42,0.38,2024-08-14,0154,N,VIIRS,h,2,311.36,12.46,N,0
36.77906,-3.74888,335.41,0.42,0.38,2024-08-14,0154,N,VIIRS,n,2,299.32,43.26,N,0
36.77879,-3.71991,346.35,0.42,0.38,2024-08-14,0154,N,VIIRS,n,2,301.48,14.12,N,0
36.7794,-3.72451,356.19,0.42,0.38,2024-08-14,0154,N,VIIRS,n,2,311.2,14.12,N,0
36.78002,-3.7292,329.56,0.42,0.38,2024-08-14,0154,N,VIIRS,n,2,298.47,13.52,N,0
36.79227,-3.74113,314.09,0.42,0.38,2024-08-14,0154,N,VIIRS,n,2,297.65,2.59,N,0
36.78945,-3.74676,330.42,0.42,0.38,2024-08-14,0154,N,VIIRS,n,2,308.95,27.22,N,0
36.78882,-3.74199,338.74,0.42,0.38,2024-08-14,0154,N,VIIRS,n,2,304.22,9.05,N,0
36.78818,-3.73713,310.11,0.42,0.38,2024-08-14,0154,N,VIIRS,n,2,297.22,9.05,N,0
36.78754,-3.73231,314.63,0.42,0.38,2024-08-14,0154,N,VIIRS,n,2,296.85,2.45,N,0
36.786,-3.74757,334.47,0.42,0.38,2024-08-14,0154,N,VIIRS,n,2,301.99,27.22,N,0
36.78537,-3.74282,347.67,0.42,0.38,2024-08-14,0154,N,VIIRS,n,2,305.34,9.05,N,0
36.7841,-3.73315,321.36,0.42,0.38,2024-08-14,0154,N,VIIRS,n,2,298.61,2.45,N,0
36.78347,-3.72836,324.87,0.42,0.38,2024-08-14,0154,N,VIIRS,n,2,298.87,2.45,N,0
36.78287,-3.72383,356.72,0.42,0.38,2024-08-14,0154,N,VIIRS,n,2,303.94,8.24,N,0
36.78226,-3.71924,335.6,0.42,0.38,2024-08-14,0154,N,VIIRS,n,2,299.74,8.24,N,0
36.78474,-3.73796,319.92,0.42,0.38,2024-08-14,0154,N,VIIRS,n,2,298.18,9.05,N,0
36.78252,-3.74817,328.61,0.42,0.38,2024-08-14,0154,N,VIIRS,n,2,322.03,43.26,N,0
36.78193,-3.74365,351.54,0.42,0.38,2024-08-14,0154,N,VIIRS,n,2,307.95,12.46,N,0
36.7813,-3.73888,321.59,0.42,0.38,2024-08-14,0154,N,VIIRS,n,2,301.71,12.46,N,0
36.78066,-3.73409,329,0.42,0.38,2024-08-14,0154,N,VIIRS,n,2,299.68,13.52,N,0
36.78746,-3.75253,341.16,0.39,0.36,2024-08-14,1315,N,VIIRS,l,2,314.21,6.06,D,0
37.00012,-3.68792,348.38,0.39,0.36,2024-08-14,1315,N,VIIRS,l,2,322.68,22.54,D,0
37,-3.66557,353.91,0.39,0.36,2024-08-14,1315,N,VIIRS,l,2,334.62,37.03,D,0
37.2108,-3.63561,339,0.39,0.36,2024-08-14,1315,N,VIIRS,l,2,313.77,2.68,D,0
37.00063,-3.66124,367,0.39,0.36,2024-08-14,1315,N,VIIRS,l,2,336.25,37.03,D,0
37.0033,-3.66633,356.36,0.39,0.36,2024-08-14,1315,N,VIIRS,n,2,324.79,37.03,D,0
37.00266,-3.67065,351.52,0.39,0.36,2024-08-14,1315,N,VIIRS,n,2,321.76,9.46,D,0
40.03202,-3.61332,333.57,0.4,0.37,2024-08-14,1316,N,VIIRS,l,2,308.09,1.53,D,0
40.04855,-3.84094,337.01,0.39,0.36,2024-08-14,1316,N,VIIRS,l,2,311.73,4.87,D,0
41.31239,1.66119,299.68,0.44,0.39,2024-08-15,0134,N,VIIRS,n,2,279.91,1.62,N,2
41.47581,-1.48677,304.21,0.4,0.44,2024-08-15,0134,N,VIIRS,n,2,288.34,0.97,N,2
43.03894,-2.21934,303.14,0.45,0.47,2024-08-15,0134,N,VIIRS,n,2,286.95,0.79,N,2
43.5522,-5.85984,298.49,0.34,0.56,2024-08-15,0134,N,VIIRS,n,2,285.53,0.51,N,2
43.54013,-5.82981,322.4,0.34,0.56,2024-08-15,0134,N,VIIRS,n,2,286.16,1.87,N,2
43.54036,-5.83426,305.03,0.34,0.56,2024-08-15,0134,N,VIIRS,n,2,285.8,2.21,N,2
43.52967,-5.72729,297.2,0.34,0.56,2024-08-15,0134,N,VIIRS,n,2,285.82,0.49,N,2
40.57637,0.5425,305.76,0.48,0.4,2024-08-15,0134,N,VIIRS,n,2,290.57,1.18,N,2
42.55413,-6.76715,298.34,0.38,0.58,2024-08-15,0134,N,VIIRS,n,2,285.22,0.84,N,0
43.52445,-5.7278,299.38,0.34,0.56,2024-08-15,0134,N,VIIRS,n,2,285.92,0.57,N,2
43.56096,-5.72389,298.77,0.34,0.56,2024-08-15,0134,N,VIIRS,n,2,285.79,0.39,N,2
36.92585,-3.39644,301.71,0.44,0.46,2024-08-15,0135,N,VIIRS,n,2,289.73,0.64,N,0
39.59505,-5.92652,302.15,0.32,0.55,2024-08-15,0135,N,VIIRS,n,2,288.58,0.61,N,0
38.37598,-0.54251,301.87,0.5,0.41,2024-08-15,0135,N,VIIRS,n,2,290.8,0.43,N,2
37.56913,-0.91679,304.57,0.51,0.41,2024-08-15,0135,N,VIIRS,n,2,291.15,1.99,N,2
43.53918,-5.83219,303.55,0.38,0.59,2024-08-15,0314,N,VIIRS,n,2,286.01,1.02,N,2
42.65613,-8.65062,304.49,0.6,0.53,2024-08-15,0314,N,VIIRS,n,2,287.32,0.89,N,0
37.82996,-4.58957,308.76,0.64,0.72,2024-08-15,0315,N,VIIRS,n,2,289.52,1.76,N,0
38.67154,-4.10581,313.21,0.64,0.72,2024-08-15,0315,N,VIIRS,n,2,288.96,1.16,N,0
37.82495,-4.58617,304.86,0.64,0.72,2024-08-15,0315,N,VIIRS,n,2,289.33,1.74,N,0
41.87748,0.41709,342.6,0.39,0.37,2024-08-15,1257,N,VIIRS,n,2,301.39,2.85,D,0
41.64687,-0.97481,339.49,0.38,0.36,2024-08-15,1257,N,VIIRS,n,2,302.86,2.72,D,0
41.66195,-0.80742,338.91,0.38,0.36,2024-08-15,1257,N,VIIRS,n,2,302.85,4.72,D,0
39.20183,-0.50185,351.58,0.38,0.36,2024-08-15,1257,N,VIIRS,n,2,309.97,7.34,D,0
41.20432,-1.30483,338.39,0.38,0.36,2024-08-15,1257,N,VIIRS,n,2,302.69,3.78,D,0
39.70781,-1.62049,338.49,0.39,0.36,2024-08-15,1257,N,VIIRS,n,2,307.14,5.67,D,0
39.19854,-0.501,339.18,0.38,0.36,2024-08-15,1257,N,VIIRS,n,2,308.51,2.06,D,0
42.6815,-4.27856,347.7,0.42,0.38,2024-08-15,1258,N,VIIRS,n,2,315.74,14.74,D,0
43.52358,-5.72751,337.27,0.45,0.39,2024-08-15,1258,N,VIIRS,n,2,304.92,8.56,D,2
43.52604,-5.73418,335.48,0.45,0.39,2024-08-15,1258,N,VIIRS,l,2,306.2,6.25,D,2
43.53734,-5.83152,337.63,0.45,0.39,2024-08-15,1258,N,VIIRS,n,2,303.58,4.43,D,2
41.84607,-4.97749,335.43,0.45,0.39,2024-08-15,1258,N,VIIRS,n,2,308.01,0.74,D,0
42.67812,-4.2774,340.41,0.42,0.38,2024-08-15,1258,N,VIIRS,l,2,311.15,14.74,D,0
43.29838,-3.01637,342.89,0.39,0.36,2024-08-15,1258,N,VIIRS,n,2,302.96,2.8,D,0
41.87869,0.41515,296.5,0.56,0.51,2024-08-16,0115,N,VIIRS,n,2,285.93,0.67,N,0
41.47532,-1.48868,302.55,0.35,0.56,2024-08-16,0115,N,VIIRS,n,2,287.68,0.59,N,2
41.47588,-1.48664,302.77,0.35,0.56,2024-08-16,0115,N,VIIRS,n,2,287.24,0.36,N,2
40.5773,0.54136,304.63,0.53,0.5,2024-08-16,0115,N,VIIRS,n,2,290.22,1.46,N,2
40.62187,-0.4158,296.49,0.6,0.53,2024-08-16,0115,N,VIIRS,n,2,283.1,0.72,N,0
43.54029,-5.83703,298.53,0.59,0.7,2024-08-16,0115,N,VIIRS,n,2,287.35,1.41,N,2
43.54022,-5.82929,310.96,0.59,0.7,2024-08-16,0115,N,VIIRS,n,2,287,1.41,N,2
43.52609,-5.73174,329.98,0.59,0.7,2024-08-16,0115,N,VIIRS,n,2,288.39,4.33,N,2
42.65833,-7.71899,301.15,0.73,0.76,2024-08-16,0115,N,VIIRS,n,2,286.2,2.42,N,0
42.65556,-7.72063,303.94,0.73,0.76,2024-08-16,0115,N,VIIRS,n,2,287.6,1.71,N,0
42.55096,-6.77012,302.33,0.66,0.73,2024-08-16,0115,N,VIIRS,n,2,287.79,0.98,N,2
41.87803,0.41556,299.48,0.56,0.51,2024-08-16,0115,N,VIIRS,n,2,286.15,0.81,N,0
38.66096,-6.32706,311.31,0.6,0.7,2024-08-16,0116,N,VIIRS,n,2,288,2.71,N,0
38.66756,-6.32688,300.58,0.6,0.7,2024-08-16,0116,N,VIIRS,n,2,288.17,0.83,N,0
38.66631,-4.05462,310.38,0.45,0.63,2024-08-16,0116,N,VIIRS,n,2,289.97,2.44,N,2
38.66453,-4.05383,301.86,0.45,0.63,2024-08-16,0116,N,VIIRS,n,2,288.29,1.55,N,2
38.6608,-6.32001,308.59,0.6,0.7,2024-08-16,0116,N,VIIRS,n,2,288.65,2.03,N,0
38.37625,-0.54728,301.71,0.58,0.52,2024-08-16,0116,N,VIIRS,n,2,289.61,0.62,N,2
38.66349,-6.32479,335.7,0.6,0.7,2024-08-16,0116,N,VIIRS,n,2,289.42,4.72,N,0
37.83138,-4.57494,301.45,0.47,0.64,2024-08-16,0116,N,VIIRS,n,2,290.68,0.39,N,0
41.3156,1.66352,304.72,0.6,0.71,2024-08-16,0255,N,VIIRS,n,2,284.85,1.29,N,2
43.52691,-5.73267,322.28,0.47,0.48,2024-08-16,0255,N,VIIRS,n,2,290.16,3.51,N,2
43.52555,-5.72698,327.1,0.47,0.48,2024-08-16,0255,N,VIIRS,n,2,289.94,3.37,N,2
43.54128,-5.83143,300.09,0.46,0.47,2024-08-16,0255,N,VIIRS,n,2,288.43,0.86,N,2
41.31524,1.66124,305.04,0.6,0.7,2024-08-16,0255,N,VIIRS,n,2,284.97,1.51,N,2
42.99326,-3.84234,299.93,0.59,0.53,2024-08-16,0255,N,VIIRS,n,2,279.25,1.38,N,0
41.87841,0.41564,307.64,0.5,0.66,2024-08-16,0255,N,VIIRS,n,2,284.98,1.1,N,0
40.05211,-4.5564,316.03,0.33,0.55,2024-08-16,0256,N,VIIRS,n,2,289.83,1.22,N,0
40.05302,-4.55478,307.73,0.33,0.55,2024-08-16,0256,N,VIIRS,n,2,290.01,0.96,N,0
38.67078,-4.10894,303.37,0.37,0.58,2024-08-16,0256,N,VIIRS,n,2,286.1,0.44,N,0
38.6675,-6.32108,322.33,0.58,0.52,2024-08-16,0257,N,VIIRS,n,2,288.49,3.42,N,0
37.2651,-6.46061,367,0.36,0.58,2024-08-16,1238,N,VIIRS,h,2,311.75,6.99,D,0
38.81112,-7.08952,346.96,0.36,0.57,2024-08-16,1238,N,VIIRS,n,2,311.13,19.73,D,0
38.81216,-7.08551,367,0.36,0.57,2024-08-16,1238,N,VIIRS,h,2,313.84,23.11,D,0
38.30651,-5.51893,343.52,0.61,0.53,2024-08-16,1238,N,VIIRS,n,2,313.9,4.13,D,0
41.31314,1.66205,330.22,0.4,0.37,2024-08-16,1238,N,VIIRS,l,2,301.5,2.35,D,2
40.41681,-3.70211,344.3,0.44,0.46,2024-08-16,1238,N,VIIRS,n,2,309.6,7.95,D,0
37.26407,-6.46458,367,0.36,0.58,2024-08-16,1238,N,VIIRS,h,2,315.03,6.99,D,0
42.86471,-2.67231,341.18,0.53,0.42,2024-08-16,1239,N,VIIRS,n,2,304.55,3.58,D,0
42.81009,-1.69535,337.13,0.49,0.4,2024-08-16,1239,N,VIIRS,n,2,303.63,3.69,D,0
42.43528,-2.27608,339.67,0.52,0.42,2024-08-16,1239,N,VIIRS,n,2,305.76,6.17,D,0
38.67006,-4.10413,367,0.68,0.74,2024-08-16,1419,N,VIIRS,h,2,317.15,38.62,D,0
38.4721,-3.59641,335.13,0.72,0.76,2024-08-16,1419,N,VIIRS,n,2,300.15,5.09,D,0
38.47501,-3.59718,346.62,0.72,0.76,2024-08-16,1419,N,VIIRS,n,2,301.87,6.83,D,0
38.30709,-5.51662,338.52,0.57,0.69,2024-08-16,1419,N,VIIRS,l,2,310.7,2.78,D,0
40.09571,-4.26054,339.77,0.68,0.74,2024-08-16,1419,N,VIIRS,n,2,311.2,3.21,D,0
38.67535,-4.10633,337.44,0.68,0.74,2024-08-16,1419,N,VIIRS,n,2,310.25,22.9,D,0
40.09425,-4.25815,340.81,0.68,0.74,2024-08-16,1419,N,VIIRS,n,2,311.49,3.92,D,0
38.66841,-4.10598,367,0.68,0.74,2024-08-16,1419,N,VIIRS,h,2,315.66,22.9,D,0
43.52375,-5.72878,329.46,0.59,0.7,2024-08-16,1420,N,VIIRS,n,2,297.15,5.09,D,2
40.5769,0.54082,304.02,0.47,0.64,2024-08-17,0056,N,VIIRS,n,2,289.85,0.69,N,2
40.57565,0.54119,303.99,0.47,0.64,2024-08-17,0056,N,VIIRS,n,2,289.47,1.03,N,2
41.31369,1.66183,306.47,0.42,0.61,2024-08-17,0056,N,VIIRS,n,2,288.15,1.08,N,2
39.66503,-0.24943,302.22,0.51,0.66,2024-08-17,0057,N,VIIRS,n,2,290.68,0.83,N,2
43.03444,-2.21884,301.84,0.42,0.45,2024-08-17,0236,N,VIIRS,n,2,285.44,0.87,N,2
43.03642,-2.22212,300.7,0.42,0.45,2024-08-17,0236,N,VIIRS,n,2,285.72,0.62,N,2
42.24994,-8.51072,319.09,0.4,0.37,2024-08-17,0237,N,VIIRS,n,2,294.15,1.7,N,0
41.40799,1.9997,306.17,0.37,0.58,2024-08-17,0237,N,VIIRS,n,2,288.39,0.49,N,2
41.31292,1.66085,321.51,0.36,0.57,2024-08-17,0237,N,VIIRS,n,2,290.32,2.03,N,2
42.25327,-8.50976,311.01,0.4,0.37,2024-08-17,0237,N,VIIRS,n,2,289.44,1.7,N,0
42.25075,-8.51541,314.98,0.4,0.37,2024-08-17,0237,N,VIIRS,n,2,290.79,1.7,N,0
42.24662,-8.51173,327.45,0.4,0.37,2024-08-17,0237,N,VIIRS,n,2,294.86,3.57,N,0
42.24581,-8.50708,307.75,0.4,0.37,2024-08-17,0237,N,VIIRS,n,2,288.39,0.84,N,0
40.00916,-3.90014,303.21,0.41,0.45,2024-08-17,0237,N,VIIRS,n,2,292.99,0.64,N,2
38.77983,-6.29214,320.79,0.51,0.41,2024-08-17,0238,N,VIIRS,n,2,295.69,2.66,N,3
38.37658,-0.54559,303.39,0.33,0.55,2024-08-17,0238,N,VIIRS,n,2,291.15,0.61,N,2
38.66743,-4.05178,303.59,0.43,0.46,2024-08-17,0238,N,VIIRS,n,2,291.08,1,N,2
38.66398,-4.05446,307.36,0.43,0.46,2024-08-17,0238,N,VIIRS,n,2,290.16,2.23,N,0
37.75941,-4.87655,350.26,0.51,0.66,2024-08-17,1219,N,VIIRS,n,2,311.6,9.88,D,0
37.75772,-4.88232,344.45,0.51,0.66,2024-08-17,1219,N,VIIRS,n,2,311.07,3.7,D,0
37.75599,-4.88821,342.01,0.51,0.66,2024-08-17,1219,N,VIIRS,n,2,311.12,3.7,D,0
37.75974,-4.8769,347.81,0.51,0.66,2024-08-17,1219,N,VIIRS,n,2,311.88,4,D,0
37.75808,-4.88269,341.2,0.51,0.66,2024-08-17,1219,N,VIIRS,l,2,311.61,4,D,0
37.75639,-4.88858,339.61,0.51,0.66,2024-08-17,1219,N,VIIRS,n,2,310.92,3.3,D,0
41.97499,-4.43128,367,0.37,0.58,2024-08-17,1220,N,VIIRS,h,2,302.04,8.44,D,0
43.5225,-5.72741,329.72,0.39,0.59,2024-08-17,1221,N,VIIRS,n,2,277.11,3.48,D,2
43.4561,-4.91515,332.69,0.36,0.57,2024-08-17,1221,N,VIIRS,n,2,287.29,4.56,D,0
43.45499,-4.91915,337.68,0.36,0.57,2024-08-17,1221,N,VIIRS,n,2,288.61,4.79,D,0
27.89695,-15.56188,349.67,0.43,0.38,2024-08-17,1357,N,VIIRS,l,2,320.56,19.37,D,0
27.89274,-15.5654,349.12,0.43,0.38,2024-08-17,1357,N,VIIRS,l,2,319.74,10.37,D,0
37.31971,-6.70014,341.52,0.53,0.5,2024-08-17,1359,N,VIIRS,l,2,315.48,4.72,D,0
37.31549,-6.6937,344.03,0.53,0.5,2024-08-17,1359,N,VIIRS,l,2,315.56,10.67,D,0
37.31503,-6.69976,343.82,0.53,0.5,2024-08-17,1359,N,VIIRS,l,2,315.88,4.72,D,0
37.31787,-6.6976,355.46,0.53,0.5,2024-08-17,1359,N,VIIRS,n,2,318.82,17.37,D,0
39.3178,-5.17882,337.57,0.34,0.56,2024-08-17,1400,N,VIIRS,l,2,310.67,15.91,D,0
39.31805,-5.17482,351.16,0.34,0.56,2024-08-17,1400,N,VIIRS,n,2,323.63,15.91,D,0
39.31831,-5.17082,367,0.34,0.56,2024-08-17,1400,N,VIIRS,h,2,314.64,22.68,D,0
39.78529,-4.90298,337.09,0.35,0.57,2024-08-17,1400,N,VIIRS,n,2,310.17,1.84,D,0
39.32399,-5.17213,367,0.34,0.56,2024-08-17,1400,N,VIIRS,h,2,325.41,85.19,D,0
39.78552,-4.89882,336.64,0.35,0.57,2024-08-17,1400,N,VIIRS,n,2,309.44,1.84,D,0
39.31881,-5.1716,367,0.34,0.56,2024-08-17,1400,N,VIIRS,h,2,319.91,32.32,D,0
39.32323,-5.17533,255.1,0.34,0.56,2024-08-17,1400,N,VIIRS,l,2,322.56,63.8,D,0
39.32349,-5.17133,367,0.34,0.56,2024-08-17,1400,N,VIIRS,h,2,325.17,86.05,D,0
43.52751,-5.72947,312.91,0.39,0.36,2024-08-18,0218,N,VIIRS,n,2,288.54,1.05,N,2
43.52823,-5.7342,303.4,0.39,0.36,2024-08-18,0218,N,VIIRS,n,2,288.1,1.05,N,2
43.54321,-5.83378,302.52,0.39,0.36,2024-08-18,0218,N,VIIRS,n,2,286.99,2.76,N,2
43.5308,-5.72853,305.04,0.39,0.36,2024-08-18,0218,N,VIIRS,n,2,287.14,0.74,N,2
43.5596,-5.7234,299.91,0.39,0.36,2024-08-18,0218,N,VIIRS,n,2,283.77,0.45,N,2
43.52422,-5.73041,316.82,0.39,0.36,2024-08-18,0218,N,VIIRS,n,2,287.96,1.05,N,2
41.31235,1.66146,297.42,0.42,0.45,2024-08-18,0218,N,VIIRS,n,2,270.71,0.86,N,2
41.72364,-6.47743,310.97,0.39,0.36,2024-08-18,0218,N,VIIRS,n,2,287.61,1.34,N,0
41.98784,-4.36311,300.37,0.39,0.36,2024-08-18,0218,N,VIIRS,n,2,282.19,0.64,N,0
41.72885,-6.4664,323.1,0.39,0.36,2024-08-18,0218,N,VIIRS,n,2,289.24,2.64,N,0
41.72694,-6.47653,310.9,0.39,0.36,2024-08-18,0218,N,VIIRS,n,2,289.51,1.42,N,0
43.5392,-5.82996,331.34,0.39,0.36,2024-08-18,0218,N,VIIRS,n,2,289.29,3.84,N,2
36.96636,-1.90776,306.76,0.53,0.42,2024-08-18,0219,N,VIIRS,n,2,294.48,1.69,N,2
40.352,-3.72062,311.41,0.41,0.37,2024-08-18,0219,N,VIIRS,n,2,292.08,1.18,N,0
40.24387,-3.47617,303.12,0.42,0.37,2024-08-18,0219,N,VIIRS,n,2,286.61,1.04,N,2
37.36138,-5.86274,306.88,0.39,0.36,2024-08-18,0219,N,VIIRS,n,2,296.32,1.83,N,2
38.37762,-0.54625,304.93,0.57,0.43,2024-08-18,0219,N,VIIRS,n,2,293.16,0.86,N,2
38.51265,-1.47009,336.62,0.57,0.69,2024-08-18,1200,N,VIIRS,n,2,301.76,3.77,D,0
37.1501,-6.19927,337.96,0.49,0.4,2024-08-18,1340,N,VIIRS,n,2,301.29,6.04,D,0
38.1516,-3.99964,367,0.42,0.45,2024-08-18,1340,N,VIIRS,h,2,311.59,8.36,D,0
38.15581,-4.00011,350.42,0.42,0.45,2024-08-18,1340,N,VIIRS,n,2,314.01,16.19,D,0
38.1521,-3.99777,343.2,0.42,0.45,2024-08-18,1340,N,VIIRS,n,2,311.1,9.52,D,0
38.15167,-4.00257,341.18,0.42,0.45,2024-08-18,1340,N,VIIRS,n,2,311.14,8.77,D,0
38.15631,-3.99825,347.82,0.42,0.45,2024-08-18,1340,N,VIIRS,n,2,313.05,9.52,D,0
41.38198,-3.95283,346.28,0.46,0.47,2024-08-18,1341,N,VIIRS,n,2,309.91,10.54,D,0
38.967,-6.62895,342.95,0.49,0.4,2024-08-18,1341,N,VIIRS,l,2,314.34,7.6,D,0
41.47632,-1.48852,306.46,0.39,0.36,2024-08-19,0159,N,VIIRS,n,2,289.58,1.09,N,2
43.54347,-5.83171,298.92,0.51,0.41,2024-08-19,0159,N,VIIRS,n,2,288.29,0.88,N,2
43.53967,-5.83253,338.62,0.51,0.41,2024-08-19,0159,N,VIIRS,n,2,289.6,6.65,N,2
43.52866,-5.73093,303.3,0.51,0.41,2024-08-19,0159,N,VIIRS,n,2,289.38,1.57,N,2
43.52488,-5.73175,323.59,0.51,0.41,2024-08-19,0159,N,VIIRS,n,2,289.61,1.57,N,2
43.52419,-5.7254,299.4,0.51,0.41,2024-08-19,0159,N,VIIRS,n,2,288.04,1.25,N,2
42.90369,-6.22044,327.36,0.53,0.42,2024-08-19,0159,N,VIIRS,n,2,282.05,7.18,N,0
42.55247,-6.76712,303.12,0.55,0.43,2024-08-19,0159,N,VIIRS,n,2,289.27,0.7,N,2
41.3133,1.66326,317.02,0.42,0.37,2024-08-19,0159,N,VIIRS,n,2,292.83,2.1,N,2
41.64636,-0.76771,295.73,0.38,0.36,2024-08-19,0159,N,VIIRS,n,2,279.51,0.4,N,0
42.90296,-6.21344,323.43,0.53,0.42,2024-08-19,0159,N,VIIRS,n,2,281.57,7.18,N,0
38.15893,-3.95435,313.66,0.4,0.37,2024-08-19,0200,N,VIIRS,n,2,295.84,1.71,N,0
37.61497,-5.99861,320.98,0.45,0.39,2024-08-19,0200,N,VIIRS,n,2,297.58,3.45,N,0
37.61562,-6.00376,329.9,0.45,0.39,2024-08-19,0200,N,VIIRS,n,2,297.42,3.45,N,0
38.13429,-3.92739,318.26,0.4,0.37,2024-08-19,0200,N,VIIRS,n,2,297,1.94,N,0
38.13556,-3.93636,333.37,0.4,0.37,2024-08-19,0200,N,VIIRS,n,2,299.68,5.06,N,0
38.13619,-3.94084,338.25,0.4,0.37,2024-08-19,0200,N,VIIRS,n,2,300.35,5.62,N,0
38.13828,-3.93102,311.92,0.4,0.37,2024-08-19,0200,N,VIIRS,n,2,297.87,1.7,N,0
38.13891,-3.93551,309.57,0.4,0.37,2024-08-19,0200,N,VIIRS,n,2,297.7,1.7,N,0
38.13764,-3.92654,335.15,0.4,0.37,2024-08-19,0200,N,VIIRS,n,2,299.18,3.83,N,0
38.13955,-3.94001,320.72,0.4,0.37,2024-08-19,0200,N,VIIRS,n,2,298.64,1.81,N,0
38.1429,-3.93918,310.25,0.4,0.37,2024-08-19,0200,N,VIIRS,n,2,296.47,1.81,N,0
38.14612,-3.96198,318.91,0.4,0.37,2024-08-19,0200,N,VIIRS,n,2,296.43,2.64,N,0
38.14948,-3.96121,340.02,0.4,0.37,2024-08-19,0200,N,VIIRS,n,2,299.34,4.97,N,0
38.15089,-3.94665,308.59,0.4,0.37,2024-08-19,0200,N,VIIRS,n,2,295.51,2.08,N,0
38.15958,-3.95897,306.58,0.4,0.37,2024-08-19,0200,N,VIIRS,n,2,295.95,1.71,N,0
38.15828,-3.94976,335.37,0.4,0.37,2024-08-19,0200,N,VIIRS,n,2,296.92,3.77,N,0
38.16296,-3.95825,318.92,0.4,0.37,2024-08-19,0200,N,VIIRS,n,2,296.1,1.97,N,0
38.67238,-4.1073,332.32,0.41,0.37,2024-08-19,0200,N,VIIRS,n,2,293.74,3.08,N,0
38.37627,-0.54492,311.84,0.39,0.37,2024-08-19,0200,N,VIIRS,n,2,294.53,1.18,N,2
40.24487,-3.47554,306.49,0.4,0.37,2024-08-19,0200,N,VIIRS,n,2,293.09,0.86,N,2
37.51345,-6.07881,305.49,0.46,0.39,2024-08-19,0201,N,VIIRS,n,2,295.35,1.19,N,0
36.96671,-1.90648,318.98,0.39,0.36,2024-08-19,0201,N,VIIRS,n,2,296.7,1.89,N,2
37.44268,-5.34925,306.73,0.43,0.38,2024-08-19,0201,N,VIIRS,n,2,294.81,0.85,N,0
43.52665,-5.72629,315.22,0.75,0.77,2024-08-19,0339,N,VIIRS,n,2,286.43,2.28,N,2
43.52133,-5.72546,315.03,0.75,0.77,2024-08-19,0339,N,VIIRS,n,2,286.29,2.59,N,0
43.54251,-5.83063,297.71,0.74,0.76,2024-08-19,0339,N,VIIRS,n,2,286.74,1.19,N,2
42.90845,-6.21813,321.76,0.75,0.77,2024-08-19,0339,N,VIIRS,n,2,282.07,6.92,N,0
42.90146,-6.22094,335.18,0.75,0.77,2024-08-19,0339,N,VIIRS,n,2,281.1,6.92,N,0
38.55561,-6.40871,344.78,0.38,0.36,2024-08-19,1322,N,VIIRS,l,2,318.57,14.3,D,0
39.85347,-3.24706,352.43,0.44,0.39,2024-08-19,1322,N,VIIRS,n,2,321.79,25.19,D,0
39.84994,-3.24632,354.28,0.44,0.39,2024-08-19,1322,N,VIIRS,n,2,318.74,25.19,D,0
41.8783,0.41902,337.92,0.45,0.47,2024-08-19,1322,N,VIIRS,n,2,308.81,2.91,D,0
43.44118,-3.84161,337.23,0.46,0.39,2024-08-19,1323,N,VIIRS,n,2,305.72,4.92,D,0
42.90877,-6.20763,350.92,0.4,0.37,2024-08-19,1323,N,VIIRS,n,2,303.23,52.7,D,0
42.90479,-6.2115,367,0.4,0.37,2024-08-19,1323,N,VIIRS,l,2,333.61,21.06,D,0
42.90414,-6.21616,353.85,0.4,0.37,2024-08-19,1323,N,VIIRS,n,2,322.97,21.06,D,0
42.90609,-6.20204,334.33,0.4,0.37,2024-08-19,1323,N,VIIRS,n,2,301.7,52.7,D,0
42.90543,-6.20681,367,0.4,0.37,2024-08-19,1323,N,VIIRS,h,2,347.25,52.7,D,0
43.52402,-5.73314,334.66,0.41,0.37,2024-08-19,1323,N,VIIRS,n,2,303.83,4.19,D,2
43.52468,-5.72812,336.46,0.41,0.37,2024-08-19,1323,N,VIIRS,n,2,304.52,4.29,D,2
42.90747,-6.21706,338.59,0.4,0.37,2024-08-19,1323,N,VIIRS,l,2,310.86,21.06,D,0
41.47598,-1.48998,302.47,0.51,0.41,2024-08-20,0140,N,VIIRS,n,2,289.53,0.92,N,2
41.11275,1.17834,311.44,0.41,0.37,2024-08-20,0140,N,VIIRS,n,2,293.84,1.19,N,0
42.89778,-6.20837,310.29,0.59,0.53,2024-08-20,0140,N,VIIRS,n,2,282.74,3.04,N,0
42.90314,-6.21533,295,0.59,0.53,2024-08-20,0140,N,VIIRS,n,2,282.25,1.14,N,0
43.03351,-2.21989,299.21,0.57,0.43,2024-08-20,0140,N,VIIRS,n,2,285.64,0.91,N,2
43.49216,-5.82037,339.63,0.57,0.52,2024-08-20,0140,N,VIIRS,n,2,292.58,27.79,N,0
43.49081,-5.82122,341.72,0.57,0.52,2024-08-20,0140,N,VIIRS,n,2,289.71,13.32,N,0
43.49565,-5.82085,338.32,0.57,0.52,2024-08-20,0140,N,VIIRS,n,2,288.76,7.06,N,0
43.524,-5.73276,312.5,0.56,0.52,2024-08-20,0140,N,VIIRS,n,2,288.29,2.42,N,2
43.52444,-5.73949,303.37,0.57,0.52,2024-08-20,0140,N,VIIRS,n,2,287.4,1.4,N,2
43.5288,-5.73206,300.98,0.56,0.52,2024-08-20,0140,N,VIIRS,n,2,288.34,1.68,N,2
43.54013,-5.8313,312.47,0.57,0.52,2024-08-20,0140,N,VIIRS,n,2,288.47,2.21,N,2
42.55105,-6.77067,301.21,0.62,0.54,2024-08-20,0140,N,VIIRS,n,2,287.83,0.98,N,2
42.43632,-6.08769,296.28,0.58,0.52,2024-08-20,0140,N,VIIRS,n,2,285.02,1.21,N,0
42.43584,-6.08064,298.96,0.57,0.52,2024-08-20,0140,N,VIIRS,n,2,285.02,1.21,N,0
41.45604,1.98004,309.36,0.4,0.37,2024-08-20,0140,N,VIIRS,n,2,292.9,1.24,N,2
36.9904,-5.91405,316.39,0.49,0.49,2024-08-20,0142,N,VIIRS,n,2,293.58,2.14,N,0
36.96588,-1.90547,312.3,0.47,0.4,2024-08-20,0142,N,VIIRS,n,2,295.29,1.7,N,2
43.52892,-5.72979,301.74,0.46,0.64,2024-08-20,0320,N,VIIRS,n,2,287.78,0.9,N,2
43.54179,-5.83079,298.43,0.46,0.63,2024-08-20,0320,N,VIIRS,n,2,287.22,0.75,N,2
43.54066,-5.83148,298.61,0.45,0.63,2024-08-20,0320,N,VIIRS,n,2,287.22,0.45,N,2
42.89816,-6.20691,306.83,0.46,0.63,2024-08-20,0320,N,VIIRS,n,2,283.54,1.48,N,0
42.8996,-6.21169,305.26,0.46,0.63,2024-08-20,0320,N,VIIRS,n,2,282.11,2.47,N,0
43.4929,-5.8176,342.77,0.46,0.63,2024-08-20,0320,N,VIIRS,n,2,287.73,9.29,N,0
43.49457,-5.82313,367,0.46,0.63,2024-08-20,0320,N,VIIRS,h,2,288.76,14.35,N,0
39.61734,-3.35446,340.96,0.39,0.36,2024-08-20,1303,N,VIIRS,l,2,314.5,5.23,D,0
39.26836,-1.90908,339.76,0.38,0.36,2024-08-20,1303,N,VIIRS,l,2,311.68,2.79,D,0
38.89996,-2.13974,342.76,0.38,0.36,2024-08-20,1303,N,VIIRS,n,2,311.51,3.97,D,0
38.90065,-2.13535,340.2,0.38,0.36,2024-08-20,1303,N,VIIRS,l,2,311.58,4.4,D,0
38.89668,-2.13891,335.25,0.38,0.36,2024-08-20,1303,N,VIIRS,l,2,310.23,3.04,D,0
37.12895,-6.15561,331.7,0.51,0.41,2024-08-20,1303,N,VIIRS,n,2,301.42,3.32,D,0
40.36232,-3.70787,340.78,0.39,0.36,2024-08-20,1303,N,VIIRS,l,2,314.87,2.96,D,0
40.28209,-3.78285,340.71,0.4,0.37,2024-08-20,1303,N,VIIRS,l,2,314.16,1.96,D,0
40.09906,-4.28218,340.31,0.41,0.37,2024-08-20,1303,N,VIIRS,l,2,313.51,3.85,D,0
39.87487,-2.66192,342.56,0.39,0.36,2024-08-20,1303,N,VIIRS,l,2,313.52,2.74,D,0
42.90231,-6.21636,335.08,0.42,0.38,2024-08-20,1304,N,VIIRS,n,2,301.52,3.32,D,0
42.89986,-6.20996,348.65,0.42,0.38,2024-08-20,1304,N,VIIRS,n,2,311.39,32.61,D,0
42.8989,-6.21524,333.92,0.42,0.38,2024-08-20,1304,N,VIIRS,l,2,305.47,8.35,D,0
42.90613,-6.19537,331.77,0.42,0.38,2024-08-20,1304,N,VIIRS,n,2,306.62,19.86,D,0
42.90521,-6.2004,356.06,0.42,0.38,2024-08-20,1304,N,VIIRS,l,2,334.79,19.86,D,0
42.90179,-6.19933,367,0.42,0.38,2024-08-20,1304,N,VIIRS,h,2,314.25,12.75,D,0
42.90428,-6.20555,342.32,0.42,0.38,2024-08-20,1304,N,VIIRS,n,2,315.97,12.57,D,0
41.48262,-5.17725,343.14,0.41,0.37,2024-08-20,1304,N,VIIRS,n,2,315.35,5.91,D,0
42.87241,-2.71013,338.2,0.38,0.36,2024-08-20,1304,N,VIIRS,n,2,306.46,3.96,D,0
42.89837,-6.19831,333.63,0.42,0.38,2024-08-20,1304,N,VIIRS,n,2,301.71,12.75,D,0
42.89741,-6.2036,351.25,0.42,0.38,2024-08-20,1304,N,VIIRS,n,2,311.05,32.61,D,0
41.45672,1.97982,303.91,0.39,0.44,2024-08-21,0121,N,VIIRS,n,2,292.7,0.9,N,2
42.55085,-6.76837,297.37,0.55,0.68,2024-08-21,0121,N,VIIRS,n,2,286.72,1.23,N,2
40.24304,-3.47779,302.58,0.36,0.57,2024-08-21,0122,N,VIIRS,n,2,291.55,0.88,N,2
40.24281,-3.47348,304.79,0.36,0.57,2024-08-21,0122,N,VIIRS,n,2,291.4,0.88,N,2
40.05872,-4.0563,333.85,0.38,0.59,2024-08-21,0122,N,VIIRS,n,2,293.59,5.76,N,0
40.05849,-4.05179,328.05,0.38,0.59,2024-08-21,0122,N,VIIRS,n,2,292.96,2.03,N,0
40.05302,-4.05234,308.75,0.38,0.59,2024-08-21,0122,N,VIIRS,n,2,291.54,2.03,N,0
40.36044,-3.51586,327.81,0.36,0.57,2024-08-21,0122,N,VIIRS,n,2,292.83,4.23,N,0
40.36022,-3.51183,332.65,0.36,0.57,2024-08-21,0122,N,VIIRS,n,2,292.01,3.31,N,0
41.48141,-5.17715,308.98,0.45,0.63,2024-08-21,0122,N,VIIRS,n,2,288.32,1.43,N,0
37.65197,-5.01512,307.33,0.41,0.61,2024-08-21,0123,N,VIIRS,n,2,292.91,0.97,N,0
37.64859,-5.01722,308.27,0.41,0.61,2024-08-21,0123,N,VIIRS,n,2,292.67,1.19,N,0
37.64632,-5.01565,305.32,0.41,0.61,2024-08-21,0123,N,VIIRS,n,2,292.69,0.97,N,0
40.2472,-3.47392,308.32,0.44,0.62,2024-08-21,0302,N,VIIRS,n,2,290.97,0.83,N,2
40.35824,-3.51164,314.01,0.43,0.62,2024-08-21,0302,N,VIIRS,n,2,290.56,1.33,N,0
41.48538,-5.17872,305.24,0.33,0.56,2024-08-21,0302,N,VIIRS,n,2,289.25,1.09,N,0
40.05471,-4.05466,310.53,0.41,0.61,2024-08-21,0302,N,VIIRS,n,2,290.88,1.5,N,0
40.06005,-4.05211,303.87,0.41,0.61,2024-08-21,0302,N,VIIRS,n,2,290.79,1.8,N,0
40.05338,-4.04992,313.99,0.41,0.61,2024-08-21,0302,N,VIIRS,n,2,290.9,1.5,N,0
40.06138,-4.05685,306.42,0.41,0.61,2024-08-21,0302,N,VIIRS,n,2,291.02,1.04,N,0
40.05871,-4.04735,327.92,0.41,0.61,2024-08-21,0302,N,VIIRS,n,2,291.66,1.8,N,0
37.2663,-5.11549,302.84,0.43,0.62,2024-08-21,0303,N,VIIRS,n,2,291.61,1.03,N,0
37.2649,-5.11746,308.82,0.43,0.62,2024-08-21,0303,N,VIIRS,n,2,291.4,0.74,N,0
37.63166,-5.02255,317.78,0.43,0.62,2024-08-21,0303,N,VIIRS,n,2,291.55,1.02,N,0
37.65475,-5.01758,305.04,0.43,0.62,2024-08-21,0303,N,VIIRS,n,2,291.21,0.78,N,0
39.11269,-5.99785,311.8,0.35,0.57,2024-08-21,0303,N,VIIRS,n,2,290.08,1.72,N,0
39.11477,-6.00569,310.66,0.35,0.57,2024-08-21,0303,N,VIIRS,n,2,289.76,2.43,N,0
39.11373,-6.00178,325.51,0.35,0.57,2024-08-21,0303,N,VIIRS,n,2,290.98,1.72,N,0
37.68205,-4.98986,367,0.49,0.49,2024-08-21,1244,N,VIIRS,h,2,306.81,12.16,D,0
36.77468,-5.95127,344.29,0.58,0.52,2024-08-21,1244,N,VIIRS,n,2,306.68,5.5,D,0
36.77516,-5.95162,341.77,0.58,0.52,2024-08-21,1244,N,VIIRS,n,2,306.55,5.95,D,0
37.68405,-4.99293,346.46,0.49,0.49,2024-08-21,1244,N,VIIRS,n,2,304.46,9.2,D,0
37.6853,-4.98754,350.73,0.49,0.49,2024-08-21,1244,N,VIIRS,n,2,304.36,13.07,D,0
43.02938,-5.4398,343.34,0.39,0.44,2024-08-21,1245,N,VIIRS,n,2,312.92,55.27,D,0
40.98277,-4.36468,340.96,0.39,0.44,2024-08-21,1245,N,VIIRS,n,2,311.12,3.15,D,0
41.85029,0.85209,337.78,0.39,0.36,2024-08-21,1245,N,VIIRS,l,2,311.43,3.18,D,0
37.27674,-5.86644,367,0.66,0.73,2024-08-21,1425,N,VIIRS,h,2,298.04,17.62,D,0
37.51621,-5.07679,343.18,0.72,0.76,2024-08-21,1425,N,VIIRS,n,2,296.47,5.23,D,0
37.28358,-5.86661,367,0.66,0.73,2024-08-21,1425,N,VIIRS,h,2,297.43,28.04,D,0
37.27659,-5.87408,349.23,0.65,0.73,2024-08-21,1425,N,VIIRS,n,2,297.35,17.62,D,0
37.28344,-5.87422,353.96,0.65,0.73,2024-08-21,1425,N,VIIRS,n,2,296.45,28.04,D,0
43.037,-2.22126,297.61,0.56,0.69,2024-08-22,0102,N,VIIRS,n,2,287.45,0.95,N,2
40.24205,-3.47815,310.82,0.63,0.72,2024-08-22,0103,N,VIIRS,n,2,286.24,3.81,N,2
41.26062,-2.62813,296.34,0.58,0.7,2024-08-22,0103,N,VIIRS,n,2,284.78,0.41,N,0
43.34579,-8.43844,306.51,0.42,0.38,2024-08-22,0243,N,VIIRS,n,2,289.1,0.87,N,2
40.24675,-3.47672,312.11,0.51,0.49,2024-08-22,0243,N,VIIRS,n,2,292.3,1.79,N,2
37.56672,-0.91586,305.74,0.4,0.6,2024-08-22,0244,N,VIIRS,n,2,291.01,1.12,N,2
37.57233,-0.91523,310.04,0.4,0.6,2024-08-22,0244,N,VIIRS,n,2,291.9,1.87,N,0
37.3856,-5.88664,323.35,0.45,0.47,2024-08-22,0244,N,VIIRS,n,2,294.25,2.44,N,0
36.96589,-1.90506,303.46,0.37,0.58,2024-08-22,0244,N,VIIRS,n,2,289.72,0.95,N,2
37.57184,-0.91288,311.34,0.4,0.6,2024-08-22,0244,N,VIIRS,n,2,291.3,1.12,N,2
39.9286,-3.3178,345.51,0.62,0.54,2024-08-22,1226,N,VIIRS,n,2,304.58,6.42,D,0
42.86593,-2.67126,330.42,0.49,0.49,2024-08-22,1226,N,VIIRS,l,2,305.42,4.38,D,0
42.40681,-7.04355,367,0.41,0.6,2024-08-22,1227,N,VIIRS,h,2,305.24,7.25,D,0
42.45501,-6.03519,330.91,0.36,0.58,2024-08-22,1227,N,VIIRS,n,2,300.96,0.93,D,0
39.01191,-5.68741,345.18,0.38,0.59,2024-08-22,1406,N,VIIRS,n,2,306.26,5.51,D,0
40.03109,-5.80942,367,0.38,0.59,2024-08-22,1406,N,VIIRS,h,2,313.36,15.41,D,0
40.63125,-3.70172,337.74,0.5,0.66,2024-08-22,1406,N,VIIRS,n,2,303.88,11.91,D,0
40.63144,-3.69542,357.17,0.5,0.66,2024-08-22,1406,N,VIIRS,n,2,305.88,11.91,D,0
40.63163,-3.68911,367,0.5,0.66,2024-08-22,1406,N,VIIRS,h,2,307.18,33.78,D,0
40.63181,-3.68313,367,0.5,0.66,2024-08-22,1406,N,VIIRS,h,2,305.49,33.78,D,0
40.03085,-5.81413,367,0.38,0.59,2024-08-22,1406,N,VIIRS,h,2,313.26,14.48,D,0
40.65043,-3.67824,339.86,0.5,0.66,2024-08-22,1406,N,VIIRS,n,2,287.97,57.25,D,0
40.6441,-3.68402,341.85,0.5,0.66,2024-08-22,1406,N,VIIRS,n,2,307.45,54.9,D,0
37.24187,-5.73618,339.69,0.36,0.58,2024-08-22,1406,N,VIIRS,n,2,304.64,2.3,D,0
40.64428,-3.67802,367,0.5,0.66,2024-08-22,1406,N,VIIRS,h,2,310.96,57.25,D,0
37.37595,-5.33625,335.86,0.39,0.59,2024-08-22,1406,N,VIIRS,n,2,304.04,1.79,D,0
38.79747,-6.57529,338.89,0.34,0.56,2024-08-22,1406,N,VIIRS,n,2,306.92,77.51,D,0
38.79676,-6.58727,346.57,0.34,0.56,2024-08-22,1406,N,VIIRS,n,2,316.44,23.7,D,0
38.79724,-6.57927,367,0.34,0.56,2024-08-22,1406,N,VIIRS,l,2,338.12,79.23,D,0
38.797,-6.58327,367,0.34,0.56,2024-08-22,1406,N,VIIRS,l,2,331.76,79.23,D,0
38.80221,-6.58372,367,0.34,0.56,2024-08-22,1406,N,VIIRS,h,2,316.3,79.23,D,0
38.80174,-6.59164,367,0.34,0.56,2024-08-22,1406,N,VIIRS,h,2,311.61,23.7,D,0
40.63795,-3.68363,354.02,0.5,0.66,2024-08-22,1406,N,VIIRS,n,2,311.83,33.78,D,0
40.63813,-3.67777,348.56,0.5,0.66,2024-08-22,1406,N,VIIRS,n,2,303.42,51.33,D,0
40.63777,-3.68955,367,0.5,0.66,2024-08-22,1406,N,VIIRS,h,2,304.51,33.78,D,0
38.80198,-6.58768,355.52,0.34,0.56,2024-08-22,1406,N,VIIRS,n,2,313.06,23.7,D,0
39.01215,-5.68295,367,0.38,0.59,2024-08-22,1406,N,VIIRS,h,2,307.07,9.18,D,0
39.01209,-5.68271,355.98,0.38,0.59,2024-08-22,1406,N,VIIRS,n,2,306.35,9.1,D,0
39.01187,-5.68719,352.57,0.38,0.59,2024-08-22,1406,N,VIIRS,n,2,306.68,6.35,D,0
39.92846,-3.31836,336.61,0.52,0.67,2024-08-22,1406,N,VIIRS,n,2,305.44,4.09,D,0
40.02539,-5.81316,367,0.38,0.59,2024-08-22,1406,N,VIIRS,h,2,316.3,14.48,D,0
40.02563,-5.80847,339.18,0.38,0.59,2024-08-22,1406,N,VIIRS,n,2,311.13,15.41,D,0
42.9039,-6.20362,367,0.39,0.59,2024-08-22,1407,N,VIIRS,h,2,331.26,61.15,D,0
42.90374,-6.2074,367,0.39,0.59,2024-08-22,1407,N,VIIRS,h,2,341.1,61.15,D,0
42.15541,-3.10254,367,0.55,0.68,2024-08-22,1407,N,VIIRS,l,2,335.61,201.78,D,0
42.15513,-3.11526,367,0.55,0.68,2024-08-22,1407,N,VIIRS,h,2,311.37,82.97,D,0
42.15557,-3.09585,367,0.55,0.68,2024-08-22,1407,N,VIIRS,h,2,329.73,201.78,D,0
42.90358,-6.21118,340.76,0.38,0.59,2024-08-22,1407,N,VIIRS,n,2,312.28,21.5,D,0
43.52371,-5.72615,335.7,0.41,0.61,2024-08-22,1407,N,VIIRS,n,2,296.83,6.27,D,2
42.16338,-3.11205,355.24,0.55,0.68,2024-08-22,1407,N,VIIRS,n,2,298.06,20.12,D,0
42.16351,-3.10512,356.19,0.55,0.68,2024-08-22,1407,N,VIIRS,n,2,297.6,20.12,D,0
42.15714,-3.10433,367,0.55,0.68,2024-08-22,1407,N,VIIRS,l,2,339.66,124.7,D,0
42.15737,-3.09081,346.71,0.55,0.68,2024-08-22,1407,N,VIIRS,n,2,297.55,197.2,D,0
42.15692,-3.117,367,0.55,0.68,2024-08-22,1407,N,VIIRS,h,2,305.61,26.12,D,0
42.15726,-3.09749,367,0.55,0.68,2024-08-22,1407,N,VIIRS,h,2,343.44,197.2,D,0
43.52917,-5.7318,330.85,0.41,0.61,2024-08-22,1407,N,VIIRS,n,2,294.5,4.94,D,2
43.52599,-5.7291,330.78,0.41,0.61,2024-08-22,1407,N,VIIRS,n,2,298.24,5.12,D,2
42.15059,-3.11466,340.4,0.55,0.68,2024-08-22,1407,N,VIIRS,n,2,305.58,26.12,D,0
42.1507,-3.10819,354.8,0.55,0.68,2024-08-22,1407,N,VIIRS,n,2,309.08,124.7,D,0
42.15081,-3.10182,367,0.55,0.68,2024-08-22,1407,N,VIIRS,h,2,302.27,124.7,D,0
42.15527,-3.10883,320.29,0.55,0.68,2024-08-22,1407,N,VIIRS,l,2,323.15,82.97,D,0
42.40454,-7.04272,332,0.34,0.56,2024-08-22,1407,N,VIIRS,n,2,302.49,2.93,D,0
43.53912,-5.83032,332.4,0.39,0.36,2024-08-23,0224,N,VIIRS,n,2,290.39,6.78,N,2
43.52608,-5.72996,317.15,0.39,0.36,2024-08-23,0224,N,VIIRS,n,2,289.08,2.67,N,2
43.52686,-5.7347,330.45,0.39,0.36,2024-08-23,0224,N,VIIRS,n,2,291.01,4.01,N,2
43.55438,-5.86031,305.55,0.39,0.36,2024-08-23,0224,N,VIIRS,n,2,289.54,0.85,N,0
41.40773,1.99736,305.07,0.51,0.5,2024-08-23,0224,N,VIIRS,n,2,292.61,1.12,N,2
42.551,-6.76691,300.62,0.38,0.36,2024-08-23,0224,N,VIIRS,n,2,282.61,0.9,N,2
41.45542,1.9801,308.34,0.51,0.5,2024-08-23,0224,N,VIIRS,n,2,292.9,1.2,N,2
43.5511,-5.86133,306.6,0.39,0.36,2024-08-23,0224,N,VIIRS,n,2,288.5,0.85,N,2
43.54318,-5.83402,301.8,0.39,0.36,2024-08-23,0224,N,VIIRS,n,2,288.97,6.78,N,2
43.52936,-5.72893,308.29,0.39,0.36,2024-08-23,0224,N,VIIRS,n,2,288.7,1.1,N,2
39.92956,-3.31655,299.65,0.48,0.4,2024-08-23,0225,N,VIIRS,n,2,287.39,0.3,N,0
38.37637,-0.54519,303.62,0.45,0.47,2024-08-23,0225,N,VIIRS,n,2,285.94,0.58,N,2
40.24586,-3.47368,325.6,0.47,0.39,2024-08-23,0225,N,VIIRS,n,2,294.83,3.18,N,2
39.93088,-3.31707,297.95,0.48,0.4,2024-08-23,0225,N,VIIRS,n,2,287.25,0.45,N,0
36.96626,-1.90647,308.94,0.42,0.45,2024-08-23,0226,N,VIIRS,n,2,294.9,0.97,N,2
40.09884,-4.25831,335.34,0.52,0.5,2024-08-23,1347,N,VIIRS,n,2,302.71,6.41,D,0
40.09838,-4.26438,347.64,0.52,0.5,2024-08-23,1347,N,VIIRS,n,2,303.61,9.43,D,0
40.36523,-4.43991,338.12,0.51,0.49,2024-08-23,1347,N,VIIRS,n,2,308.95,4.6,D,0
37.34357,-6.92503,338.78,0.53,0.42,2024-08-23,1347,N,VIIRS,l,2,311.12,6.82,D,0
37.34436,-6.92118,340.69,0.53,0.42,2024-08-23,1347,N,VIIRS,n,2,311,3.97,D,0
41.40729,1.99645,305.14,0.48,0.4,2024-08-24,0205,N,VIIRS,n,2,293.54,1.09,N,2
42.55171,-6.77057,306,0.47,0.4,2024-08-24,0205,N,VIIRS,n,2,289.83,0.78,N,2
41.45692,1.97816,303.1,0.47,0.4,2024-08-24,0205,N,VIIRS,n,2,292.88,1.46,N,0
41.92173,0.18026,306.54,0.41,0.37,2024-08-24,0205,N,VIIRS,n,2,292.23,1,N,2
41.92511,0.18134,309.06,0.41,0.37,2024-08-24,0205,N,VIIRS,n,2,292.65,0.84,N,2
43.03492,-2.22151,309.14,0.38,0.36,2024-08-24,0205,N,VIIRS,n,2,290.22,0.92,N,2
43.5255,-5.73136,303.53,0.45,0.39,2024-08-24,0205,N,VIIRS,n,2,291.94,1.26,N,2
43.53749,-5.83118,329.78,0.45,0.39,2024-08-24,0205,N,VIIRS,n,2,290.31,3.77,N,2
43.52905,-5.73056,302.2,0.45,0.39,2024-08-24,0205,N,VIIRS,n,2,291.25,0.83,N,2
43.54173,-5.83595,304.6,0.45,0.39,2024-08-24,0205,N,VIIRS,n,2,291.02,1.04,N,2
43.5424,-5.84154,302.46,0.45,0.39,2024-08-24,0205,N,VIIRS,n,2,290.55,1.04,N,0
43.54106,-5.83034,334.07,0.45,0.39,2024-08-24,0205,N,VIIRS,n,2,291.77,3.62,N,2
43.30962,-3.0263,308.69,0.39,0.36,2024-08-24,0205,N,VIIRS,n,2,291.51,0.56,N,0
42.27559,3.17524,311.88,0.51,0.41,2024-08-24,0205,N,VIIRS,n,2,292.39,1.01,N,0
42.27685,3.16919,303.93,0.51,0.41,2024-08-24,0205,N,VIIRS,n,2,291.87,1.01,N,0
38.37672,-0.54216,306.99,0.43,0.38,2024-08-24,0206,N,VIIRS,n,2,294.48,0.76,N,2
42.02654,-7.19305,305.51,0.49,0.4,2024-08-24,0206,N,VIIRS,n,2,290.36,2.16,N,0
41.47619,-1.48813,309.53,0.39,0.36,2024-08-24,0206,N,VIIRS,n,2,293.14,0.57,N,2
40.24413,-3.47472,329.79,0.39,0.36,2024-08-24,0206,N,VIIRS,n,2,295.69,2.99,N,2
39.66357,-0.24732,305.55,0.42,0.38,2024-08-24,0206,N,VIIRS,n,2,295.02,0.94,N,2
42.02283,-7.19371,334.24,0.49,0.4,2024-08-24,0206,N,VIIRS,n,2,298.17,3.22,N,0
42.01913,-7.19443,304.4,0.49,0.4,2024-08-24,0206,N,VIIRS,n,2,289.04,3.22,N,0
37.21107,-5.64946,302.51,0.4,0.37,2024-08-24,0207,N,VIIRS,n,2,292.09,0.4,N,0
36.96744,-1.90672,315.56,0.41,0.37,2024-08-24,0207,N,VIIRS,n,2,295.68,2.07,N,2
27.80742,-15.46717,330.98,0.38,0.59,2024-08-24,1326,N,VIIRS,l,2,305.87,1.43,D,0
37.01787,-3.01749,347.27,0.48,0.4,2024-08-24,1327,N,VIIRS,n,2,312.42,18.6,D,0
40.37946,-3.7118,337.72,0.49,0.4,2024-08-24,1328,N,VIIRS,l,2,308.96,1.85,D,0
37.20654,-5.5987,342.55,0.4,0.37,2024-08-24,1328,N,VIIRS,l,2,315.68,5.98,D,0
37.25557,-5.72397,342.59,0.4,0.37,2024-08-24,1328,N,VIIRS,l,2,316.36,5.8,D,0
40.13969,-3.23967,339.11,0.51,0.41,2024-08-24,1328,N,VIIRS,l,2,311.62,27.18,D,0
37.01952,-3.0202,346.24,0.48,0.4,2024-08-24,1328,N,VIIRS,n,2,310.62,32.4,D,0
37.20844,-5.43117,354.44,0.41,0.37,2024-08-24,1328,N,VIIRS,n,2,320.39,26.12,D,0
40.24469,-3.47372,339.33,0.5,0.41,2024-08-24,1328,N,VIIRS,l,2,312.68,3.8,D,2
42.02382,-7.19154,338.1,0.4,0.37,2024-08-24,1329,N,VIIRS,n,2,302.03,8.2,D,0
41.92611,0.18163,330.38,0.52,0.5,2024-08-24,1329,N,VIIRS,l,2,303.86,3.38,D,2
42.55265,-6.76758,303.79,0.52,0.5,2024-08-25,0146,N,VIIRS,n,2,285.59,1.53,N,2
40.24366,-3.4766,322.44,0.51,0.41,2024-08-25,0147,N,VIIRS,n,2,293.89,2.65,N,2
41.47644,-1.48697,301.44,0.44,0.39,2024-08-25,0147,N,VIIRS,n,2,279.81,0.79,N,2
36.62373,-6.07147,303.98,0.41,0.45,2024-08-25,0148,N,VIIRS,n,2,292.46,0.63,N,0
36.96796,-1.90614,311.36,0.42,0.38,2024-08-25,0148,N,VIIRS,n,2,294.18,1.09,N,2
38.3749,-0.54264,306.03,0.4,0.37,2024-08-25,0148,N,VIIRS,n,2,295.14,1.18,N,2
39.64344,-3.19286,339.78,0.38,0.36,2024-08-25,1309,N,VIIRS,l,2,313.08,5.63,D,0
39.64606,-3.19813,342.76,0.38,0.36,2024-08-25,1309,N,VIIRS,n,2,310.44,4.25,D,0
40.26526,-3.74864,343.39,0.38,0.36,2024-08-25,1310,N,VIIRS,l,2,314.38,2.96,D,0
40.26197,-3.74779,341.93,0.38,0.36,2024-08-25,1310,N,VIIRS,l,2,313.36,2.96,D,0
40.25869,-3.74693,338.46,0.38,0.36,2024-08-25,1310,N,VIIRS,l,2,313.41,3.43,D,0
40.50432,-3.98597,339.26,0.38,0.36,2024-08-25,1310,N,VIIRS,l,2,313.9,1.94,D,0
40.24569,-3.47515,339.01,0.38,0.36,2024-08-25,1310,N,VIIRS,l,2,309.49,5.04,D,2
43.5399,-5.83243,338.62,0.41,0.61,2024-08-26,0127,N,VIIRS,n,2,286.41,3.83,N,2
42.79124,-6.57057,367,0.45,0.63,2024-08-26,0127,N,VIIRS,h,2,292.77,15.02,N,0
42.79104,-6.56519,296.48,0.44,0.63,2024-08-26,0127,N,VIIRS,n,2,282.72,6.82,N,0
43.52464,-5.72947,325.76,0.41,0.6,2024-08-26,0127,N,VIIRS,n,2,286.26,2.3,N,2
42.78945,-6.57429,367,0.45,0.63,2024-08-26,0127,N,VIIRS,h,2,286.84,22.47,N,0
42.78927,-6.56869,355.99,0.45,0.63,2024-08-26,0127,N,VIIRS,n,2,286.94,15.79,N,0
42.79144,-6.5762,327.95,0.45,0.63,2024-08-26,0127,N,VIIRS,n,2,284.42,15.02,N,0
40.24246,-3.4723,311.23,0.59,0.53,2024-08-26,0128,N,VIIRS,n,2,289.78,4.48,N,2
39.6646,-0.24862,303.33,0.39,0.44,2024-08-26,0128,N,VIIRS,n,2,291.75,0.6,N,2
42.5547,-6.76855,301.32,0.45,0.63,2024-08-26,0128,N,VIIRS,n,2,285.89,1.03,N,0
38.37669,-0.54423,305.97,0.39,0.44,2024-08-26,0129,N,VIIRS,n,2,292.77,0.74,N,2
37.20481,-3.74149,308.97,0.56,0.52,2024-08-26,0129,N,VIIRS,n,2,291.33,1.22,N,0
37.20961,-3.7409,317.04,0.56,0.52,2024-08-26,0129,N,VIIRS,n,2,291.7,2.08,N,0
42.786,-6.57395,309.06,0.63,0.54,2024-08-26,0308,N,VIIRS,n,2,282.47,2.67,N,0
42.56215,-8.53024,298.97,0.51,0.5,2024-08-26,0308,N,VIIRS,n,2,284.34,0.76,N,0
40.2436,-3.47783,308.61,0.52,0.67,2024-08-26,0308,N,VIIRS,n,2,288.32,1.3,N,2
40.24181,-3.47193,299.01,0.52,0.67,2024-08-26,0308,N,VIIRS,n,2,288.09,1.3,N,2
43.54081,-5.83075,299.97,0.32,0.55,2024-08-26,0308,N,VIIRS,n,2,285,0.58,N,2
43.55372,-5.85859,298.76,0.32,0.55,2024-08-26,0308,N,VIIRS,n,2,285.63,0.43,N,2
43.5264,-5.73613,304.98,0.33,0.55,2024-08-26,0308,N,VIIRS,n,2,286.51,1.04,N,2
43.52425,-5.72814,327.84,0.33,0.55,2024-08-26,0308,N,VIIRS,n,2,285.41,1.38,N,2
43.53014,-5.72958,302.58,0.33,0.55,2024-08-26,0308,N,VIIRS,n,2,284.92,1.38,N,2
43.52628,-5.72506,296.32,0.33,0.55,2024-08-26,0308,N,VIIRS,n,2,283.21,0.29,N,2
43.52732,-5.72885,307.08,0.33,0.55,2024-08-26,0308,N,VIIRS,n,2,286.78,0.52,N,2
43.55951,-5.72574,297.87,0.33,0.55,2024-08-26,0308,N,VIIRS,n,2,285,0.4,N,2
42.79085,-6.572,344.95,0.63,0.54,2024-08-26,0308,N,VIIRS,n,2,286.49,9.24,N,0
42.56251,-8.5299,296.95,0.51,0.5,2024-08-26,0308,N,VIIRS,n,2,284.14,0.77,N,0
43.52844,-5.73292,298.17,0.33,0.55,2024-08-26,0308,N,VIIRS,n,2,284.99,0.52,N,2
43.53218,-5.72648,298.33,0.33,0.55,2024-08-26,0308,N,VIIRS,n,2,284.97,0.52,N,2
37.86126,-4.6091,336.32,0.39,0.44,2024-08-26,1250,N,VIIRS,l,2,309.4,1.47,D,0
37.78504,-4.93044,340.81,0.41,0.45,2024-08-26,1250,N,VIIRS,n,2,310.1,4.44,D,0
36.98117,-5.62499,343.33,0.46,0.47,2024-08-26,1250,N,VIIRS,n,2,305.48,3.34,D,0
40.18213,-4.13659,344.77,0.51,0.41,2024-08-26,1251,N,VIIRS,n,2,308.88,11,D,0
39.88903,-5.50745,339.42,0.39,0.44,2024-08-26,1251,N,VIIRS,n,2,308.56,2.36,D,0
40.17476,-4.13413,347.97,0.51,0.41,2024-08-26,1251,N,VIIRS,n,2,317.47,10.24,D,0
40.17844,-4.13535,367,0.51,0.41,2024-08-26,1251,N,VIIRS,h,2,318.44,11,D,0
41.71446,0.35542,339.57,0.38,0.36,2024-08-26,1251,N,VIIRS,n,2,301.45,4.03,D,0
41.71376,0.35084,340.33,0.38,0.36,2024-08-26,1251,N,VIIRS,n,2,298.26,4.03,D,0
41.73588,-1.19762,343.7,0.4,0.37,2024-08-26,1251,N,VIIRS,n,2,302.41,4.07,D,0
42.83841,-2.73963,337.24,0.42,0.38,2024-08-26,1251,N,VIIRS,n,2,300.56,1.43,D,0
43.52283,-5.72453,331.91,0.51,0.41,2024-08-26,1252,N,VIIRS,n,2,298.43,1.37,D,2
43.54015,-5.83174,335.39,0.52,0.41,2024-08-26,1252,N,VIIRS,n,2,301.72,4.42,D,2
43.52609,-5.72618,334.37,0.51,0.41,2024-08-26,1252,N,VIIRS,n,2,299.6,5.68,D,2
37.31635,-6.65469,367,0.72,0.76,2024-08-26,1431,N,VIIRS,h,2,298.61,32.71,D,0
37.30923,-6.65439,331.2,0.72,0.76,2024-08-26,1431,N,VIIRS,n,2,296.27,1.72,D,0
43.03531,-2.21975,296.82,0.47,0.64,2024-08-27,0108,N,VIIRS,n,2,285.73,0.66,N,2
43.0413,-2.21931,301.94,0.47,0.64,2024-08-27,0108,N,VIIRS,n,2,286.04,0.66,N,2
41.61415,0.61048,302.21,0.33,0.55,2024-08-27,0109,N,VIIRS,n,2,290.23,0.43,N,0
39.66425,-0.24803,304.33,0.35,0.57,2024-08-27,0109,N,VIIRS,n,2,289.57,0.43,N,2
38.66694,-4.05495,302.84,0.55,0.68,2024-08-27,0110,N,VIIRS,n,2,291.16,1.38,N,2
43.53864,-5.83091,302.27,0.39,0.44,2024-08-27,0249,N,VIIRS,n,2,287.29,0.57,N,2
41.74068,-1.1473,297.95,0.36,0.57,2024-08-27,0249,N,VIIRS,n,2,287.94,0.26,N,0
43.5436,-5.83388,302.21,0.39,0.44,2024-08-27,0249,N,VIIRS,n,2,288.14,1.19,N,2
38.67157,-4.04859,305.39,0.62,0.54,2024-08-27,0250,N,VIIRS,n,2,292.09,4.27,N,2
38.67645,-4.04696,335.04,0.62,0.54,2024-08-27,0250,N,VIIRS,n,2,292.25,7.43,N,0
38.37923,-0.54314,300.84,0.48,0.64,2024-08-27,0250,N,VIIRS,n,2,289.05,0.71,N,2
40.24619,-3.47558,316.57,0.61,0.53,2024-08-27,0250,N,VIIRS,n,2,292.71,2.75,N,2
37.19584,-5.84253,356.32,0.41,0.61,2024-08-27,1231,N,VIIRS,n,2,304.68,4.61,D,0
37.19276,-5.83958,347.37,0.41,0.61,2024-08-27,1231,N,VIIRS,n,2,304.63,2.84,D,0
37.19815,-5.84176,337.43,0.41,0.61,2024-08-27,1231,N,VIIRS,n,2,303.26,2.84,D,0
41.31706,2.10229,346.44,0.43,0.38,2024-08-27,1232,N,VIIRS,n,2,300,5.52,D,0
41.31363,2.1034,347.1,0.43,0.38,2024-08-27,1232,N,VIIRS,n,2,302.14,5.95,D,0
38.34522,-5.64289,333.96,0.37,0.58,2024-08-27,1232,N,VIIRS,l,2,308.95,1.59,D,0
39.744,-3.09389,336.94,0.51,0.49,2024-08-27,1232,N,VIIRS,n,2,304.56,2.88,D,0
43.54026,-5.83351,328.19,0.56,0.51,2024-08-27,1233,N,VIIRS,l,2,300.02,3.05,D,2
42.1793,-5.12948,343.82,0.56,0.52,2024-08-27,1233,N,VIIRS,n,2,309.98,7.15,D,0
42.18387,-5.13148,343.8,0.56,0.52,2024-08-27,1233,N,VIIRS,n,2,308.6,7.15,D,0
42.60598,-8.25415,329.15,0.39,0.59,2024-08-27,1233,N,VIIRS,n,2,294.88,0.86,D,0
38.88054,-6.28018,355.11,0.43,0.62,2024-08-27,1412,N,VIIRS,n,2,306.35,7.55,D,0
37.19497,-5.83759,340.92,0.44,0.62,2024-08-27,1412,N,VIIRS,n,2,303.1,2.45,D,0
38.87477,-6.26707,367,0.43,0.62,2024-08-27,1412,N,VIIRS,h,2,311.03,31,D,0
38.88055,-6.2673,367,0.43,0.62,2024-08-27,1412,N,VIIRS,h,2,305.5,31,D,0
38.88031,-6.27225,348.88,0.43,0.62,2024-08-27,1412,N,VIIRS,n,2,306.26,11.49,D,0
38.88008,-6.27716,353.01,0.43,0.62,2024-08-27,1412,N,VIIRS,n,2,307.63,11.49,D,0
38.87536,-6.26513,367,0.43,0.62,2024-08-27,1412,N,VIIRS,h,2,310.45,24.24,D,0
38.87516,-6.27012,354.24,0.43,0.62,2024-08-27,1412,N,VIIRS,n,2,307.68,12.13,D,0
38.88115,-6.26538,367,0.43,0.62,2024-08-27,1412,N,VIIRS,h,2,302.48,24.24,D,0
38.88094,-6.27035,367,0.43,0.62,2024-08-27,1412,N,VIIRS,h,2,304.7,12.13,D,0
38.88074,-6.27527,338.35,0.43,0.62,2024-08-27,1412,N,VIIRS,n,2,306.89,12.13,D,0
42.84113,-6.42314,367,0.45,0.63,2024-08-27,1413,N,VIIRS,h,2,302.25,59.74,D,0
41.9633,-8.00737,341.02,0.37,0.58,2024-08-27,1413,N,VIIRS,n,2,298.4,3.09,D,0
42.84288,-6.42386,367,0.45,0.63,2024-08-27,1413,N,VIIRS,h,2,305.53,54.44,D,0
42.8427,-6.42888,335.34,0.45,0.63,2024-08-27,1413,N,VIIRS,n,2,309.44,54.44,D,0
43.34763,-8.43531,308.16,0.38,0.36,2024-08-28,0230,N,VIIRS,n,2,284.44,0.91,N,2
41.40845,1.99754,301.12,0.61,0.54,2024-08-28,0230,N,VIIRS,n,2,289.16,0.97,N,2
42.55267,-6.76871,298.41,0.4,0.37,2024-08-28,0231,N,VIIRS,n,2,280.96,0.59,N,2
41.47717,-1.488,301.03,0.42,0.45,2024-08-28,0231,N,VIIRS,n,2,290.56,0.86,N,2
40.24373,-3.47231,325.16,0.54,0.42,2024-08-28,0231,N,VIIRS,n,2,294.62,3.68,N,2
38.87586,-6.39122,306.97,0.44,0.38,2024-08-28,0231,N,VIIRS,n,2,293.08,0.67,N,0
36.96802,-1.90588,305.16,0.5,0.49,2024-08-28,0232,N,VIIRS,n,2,293.26,1.7,N,2
37.32668,-5.56117,333.88,0.68,0.74,2024-08-28,1213,N,VIIRS,n,2,296.26,3.78,D,0
37.32644,-5.56254,333.97,0.68,0.74,2024-08-28,1213,N,VIIRS,n,2,296.56,4.01,D,0
38.95682,-5.88759,346.07,0.64,0.72,2024-08-28,1213,N,VIIRS,n,2,301.22,6.81,D,0
38.95391,-5.88784,342.9,0.64,0.72,2024-08-28,1213,N,VIIRS,n,2,300.76,5.08,D,0
41.99604,-4.32759,367,0.44,0.62,2024-08-28,1214,N,VIIRS,h,2,308.48,19.26,D,0
41.99456,-4.33268,367,0.44,0.62,2024-08-28,1214,N,VIIRS,h,2,303.37,19.26,D,0
37.41958,-5.07186,355.51,0.53,0.5,2024-08-28,1353,N,VIIRS,n,2,306.31,12.69,D,0
38.89317,-5.71194,343.62,0.51,0.49,2024-08-28,1353,N,VIIRS,n,2,309.81,18.97,D,0
38.89366,-5.70582,347.3,0.51,0.49,2024-08-28,1353,N,VIIRS,n,2,311.42,18.97,D,0
38.88857,-5.71145,342.02,0.51,0.49,2024-08-28,1353,N,VIIRS,n,2,306.77,4.59,D,0
38.88906,-5.70534,342.13,0.51,0.49,2024-08-28,1353,N,VIIRS,n,2,305.28,4.59,D,0
37.68923,-5.32875,331.07,0.52,0.5,2024-08-28,1353,N,VIIRS,l,2,302.06,3.91,D,0
37.4149,-5.07134,350.31,0.53,0.5,2024-08-28,1353,N,VIIRS,n,2,306.5,12.69,D,0
40.90929,-4.79379,335.78,0.6,0.53,2024-08-28,1354,N,VIIRS,l,2,307.21,63.42,D,0
40.24478,-3.47513,334.23,0.35,0.56,2024-08-28,1354,N,VIIRS,l,2,304.27,2.06,D,2
40.91468,-4.78702,347.04,0.6,0.53,2024-08-28,1354,N,VIIRS,n,2,317.99,63.42,D,0
43.54568,-5.84372,297.17,0.41,0.37,2024-08-29,0211,N,VIIRS,n,2,284.08,1.66,N,2
42.19456,-8.275,302.01,0.47,0.4,2024-08-29,0212,N,VIIRS,n,2,289.1,1.38,N,0
41.4763,-1.48795,304.06,0.41,0.37,2024-08-29,0212,N,VIIRS,n,2,291.16,0.69,N,2
41.18008,1.23026,338.4,0.52,0.41,2024-08-29,0212,N,VIIRS,n,2,294.8,10.91,N,0
41.1838,1.23158,309.38,0.52,0.41,2024-08-29,0212,N,VIIRS,n,2,291.37,10.91,N,0
39.99109,-6.26713,305.83,0.4,0.37,2024-08-29,0212,N,VIIRS,n,2,289.49,0.94,N,0
39.99254,-6.26854,305.89,0.4,0.37,2024-08-29,0212,N,VIIRS,n,2,288.81,0.63,N,0
42.19512,-8.27701,314.85,0.47,0.4,2024-08-29,0212,N,VIIRS,n,2,291.59,1.85,N,0
42.19524,-8.28092,306.47,0.47,0.4,2024-08-29,0212,N,VIIRS,n,2,289.87,1.38,N,0
38.37716,-6.48391,301.61,0.39,0.36,2024-08-29,0213,N,VIIRS,n,2,291.25,0.46,N,0
37.1263,-5.76747,323.67,0.38,0.36,2024-08-29,0213,N,VIIRS,n,2,291.04,1.84,N,0
37.46125,-5.22332,336.36,0.46,0.39,2024-08-29,1334,N,VIIRS,n,2,305.28,6.53,D,0
40.01284,-4.81555,339.06,0.51,0.41,2024-08-29,1335,N,VIIRS,n,2,303.5,4.57,D,0
41.45489,1.98119,310.5,0.39,0.36,2024-08-30,0153,N,VIIRS,n,2,292.89,1.31,N,2
41.18169,1.22692,308.4,0.39,0.36,2024-08-30,0153,N,VIIRS,n,2,291.24,4.54,N,0
41.18094,1.23149,335.05,0.39,0.36,2024-08-30,0153,N,VIIRS,n,2,294.15,7.75,N,0
42.55111,-6.76706,302.39,0.43,0.46,2024-08-30,0153,N,VIIRS,n,2,285.75,0.99,N,2
38.99388,-5.89285,303.4,0.54,0.42,2024-08-30,0154,N,VIIRS,n,2,291.55,1.87,N,0
38.37526,-0.5459,310.51,0.38,0.36,2024-08-30,0154,N,VIIRS,n,2,291.89,1.36,N,2
36.96785,-1.90566,310.62,0.39,0.36,2024-08-30,0154,N,VIIRS,n,2,293.58,1.05,N,2
37.36061,-5.92303,310.06,0.52,0.42,2024-08-30,0154,N,VIIRS,n,2,293.27,1.73,N,0
37.89994,-4.51368,313.03,0.46,0.39,2024-08-30,0154,N,VIIRS,n,2,292.14,1.2,N,0
38.98998,-5.89354,322.97,0.54,0.42,2024-08-30,0154,N,VIIRS,n,2,290.78,1.87,N,0
37.3215,-5.67868,337.3,0.39,0.36,2024-08-30,1315,N,VIIRS,l,2,309.33,3.85,D,0
37.29802,-5.68303,339.42,0.39,0.36,2024-08-30,1315,N,VIIRS,n,2,307.97,2.9,D,0
40.24356,-3.47282,331.53,0.4,0.37,2024-08-30,1316,N,VIIRS,l,2,302.45,3.51,D,2
43.33681,-3.10341,339.99,0.43,0.38,2024-08-30,1317,N,VIIRS,n,2,288.92,7.97,D,0
41.31224,1.66032,308.77,0.44,0.39,2024-08-31,0134,N,VIIRS,n,2,288.68,1.91,N,2
39.96378,-4.43725,325.75,0.54,0.51,2024-08-31,0134,N,VIIRS,n,2,287.92,4.42,N,0
41.18127,1.22747,319.49,0.46,0.39,2024-08-31,0134,N,VIIRS,n,2,291.29,2.53,N,0
39.96623,-4.44042,304.84,0.57,0.69,2024-08-31,0315,N,VIIRS,n,2,282.57,3.46,N,0
40.24557,-3.47386,333.62,0.42,0.38,2024-08-31,1257,N,VIIRS,n,2,299.9,2.77,D,2
41.31127,1.66144,333.07,0.41,0.37,2024-08-31,1257,N,VIIRS,n,2,303.26,2.83,D,2
43.29677,-3.01564,325.59,0.39,0.36,2024-08-31,1258,N,VIIRS,n,2,290.48,2.07,D,0
41.45185,1.98277,302.36,0.46,0.47,2024-09-01,0115,N,VIIRS,n,2,287.67,1.4,N,0
40.24276,-3.47675,298.07,0.43,0.62,2024-09-01,0115,N,VIIRS,n,2,267.32,0.93,N,2
40.24306,-3.47398,300.92,0.43,0.62,2024-09-01,0115,N,VIIRS,n,2,267.38,1.42,N,2
41.31032,1.66389,296.8,0.48,0.48,2024-09-01,0115,N,VIIRS,n,2,282.67,1.41,N,2
40.24425,-3.47266,305.71,0.36,0.58,2024-09-01,0256,N,VIIRS,n,2,281.91,1.47,N,2
40.24536,-3.47675,295.8,0.36,0.58,2024-09-01,0256,N,VIIRS,n,2,281.23,1.36,N,2
38.67488,-4.06236,304.8,0.37,0.58,2024-09-01,0256,N,VIIRS,n,2,280.46,0.93,N,0
40.01095,-3.89865,299.07,0.35,0.57,2024-09-01,0256,N,VIIRS,n,2,286.15,0.36,N,0
39.13047,-5.62706,344.83,0.59,0.53,2024-09-01,1238,N,VIIRS,n,2,295.59,7.93,D,0
43.52825,-5.72712,327.08,0.47,0.47,2024-09-01,1239,N,VIIRS,n,2,296.22,3.28,D,2
37.43928,-5.97607,351.42,0.53,0.67,2024-09-01,1418,N,VIIRS,n,2,289.99,4.34,D,0
41.31429,1.6632,301.94,0.42,0.61,2024-09-02,0056,N,VIIRS,n,2,288.57,0.58,N,2
40.24617,-3.47699,307.25,0.76,0.77,2024-09-02,0056,N,VIIRS,n,2,285.19,1.97,N,2
40.24654,-3.47298,301.11,0.76,0.77,2024-09-02,0056,N,VIIRS,n,2,284.8,2.43,N,2
41.40638,1.9976,302.08,0.37,0.58,2024-09-02,0236,N,VIIRS,n,2,288.64,0.4,N,2
41.31232,1.66348,312.05,0.35,0.57,2024-09-02,0237,N,VIIRS,n,2,287.93,1.38,N,2
41.31339,1.65954,301.77,0.35,0.57,2024-09-02,0237,N,VIIRS,n,2,288.72,1.66,N,2
40.01194,-3.90093,298.26,0.41,0.45,2024-09-02,0237,N,VIIRS,n,2,288.17,0.7,N,0
40.24619,-3.47571,318.6,0.42,0.45,2024-09-02,0237,N,VIIRS,n,2,289.49,2.08,N,2
37.62191,-4.83047,303.05,0.41,0.45,2024-09-02,0238,N,VIIRS,n,2,289.85,0.93,N,0
38.66586,-4.04882,304.92,0.43,0.46,2024-09-02,0238,N,VIIRS,n,2,289.32,1.17,N,2
37.62292,-4.83508,312.67,0.41,0.45,2024-09-02,0238,N,VIIRS,n,2,290.15,0.93,N,0
36.80128,-5.80758,334.66,0.61,0.71,2024-09-02,1219,N,VIIRS,n,2,299.64,5.4,D,0
37.35534,-5.36698,335.74,0.56,0.69,2024-09-02,1219,N,VIIRS,n,2,300.86,5,D,0
40.24636,-3.47412,335.98,0.37,0.58,2024-09-02,1219,N,VIIRS,n,2,298.31,3.1,D,2
40.2438,-3.47574,322.41,0.42,0.37,2024-09-03,0218,N,VIIRS,n,2,292.17,3,N,2
40.57524,0.54003,301.72,0.38,0.44,2024-09-03,0218,N,VIIRS,n,2,287.98,0.83,N,2
43.34523,-8.43493,296.74,0.43,0.38,2024-09-03,0218,N,VIIRS,n,2,286.04,0.59,N,2
42.55252,-6.77057,298.28,0.39,0.36,2024-09-03,0218,N,VIIRS,n,2,286.73,0.88,N,2
36.96692,-1.90533,308.8,0.52,0.42,2024-09-03,0219,N,VIIRS,n,2,294.25,1.82,N,2
39.4191,-3.80332,300.03,0.42,0.37,2024-09-03,0219,N,VIIRS,n,2,284.39,0.76,N,0
38.94667,-2.01776,295.64,0.48,0.4,2024-09-03,0219,N,VIIRS,n,2,256.07,0.65,N,0
38.37709,-0.54643,302.9,0.57,0.43,2024-09-03,0219,N,VIIRS,n,2,290.96,0.88,N,2
38.66508,-4.05205,310.56,0.42,0.37,2024-09-03,0219,N,VIIRS,n,2,291.06,1.29,N,2
38.94682,-2.01214,367,0.59,0.7,2024-09-03,1200,N,VIIRS,h,2,294.94,23.78,D,0
37.12074,-5.62711,336.74,0.51,0.41,2024-09-03,1340,N,VIIRS,l,2,310.35,2.15,D,0
36.64866,-6.22305,336.76,0.48,0.4,2024-09-03,1340,N,VIIRS,l,2,310.95,2.41,D,0
37.04778,-5.63601,336.95,0.51,0.41,2024-09-03,1340,N,VIIRS,l,2,310.25,3.77,D,0
37.1225,-5.62511,343.29,0.51,0.41,2024-09-03,1340,N,VIIRS,n,2,311.29,5.74,D,0
40.01429,-4.81803,338.86,0.4,0.44,2024-09-03,1341,N,VIIRS,l,2,309.86,3.13,D,0
41.40646,2.00109,303.31,0.42,0.38,2024-09-04,0159,N,VIIRS,n,2,287.94,0.72,N,2
42.01256,-8.09246,309.59,0.42,0.45,2024-09-04,0159,N,VIIRS,n,2,283.14,1.07,N,0
42.0167,-8.09147,339.23,0.42,0.45,2024-09-04,0159,N,VIIRS,n,2,285.08,20.59,N,0
42.02039,-8.08542,306.68,0.42,0.45,2024-09-04,0159,N,VIIRS,n,2,281.12,20.59,N,0
42.02133,-8.09579,295.68,0.42,0.45,2024-09-04,0159,N,VIIRS,n,2,281.06,5.06,N,0
42.02086,-8.09056,345.81,0.42,0.45,2024-09-04,0159,N,VIIRS,n,2,297.91,20.59,N,0
42.02454,-8.0846,319.61,0.42,0.45,2024-09-04,0159,N,VIIRS,n,2,281.16,8.27,N,0
42.02502,-8.08972,344.03,0.42,0.45,2024-09-04,0159,N,VIIRS,n,2,289.04,8.27,N,0
42.02871,-8.08381,323.89,0.42,0.45,2024-09-04,0159,N,VIIRS,n,2,280.9,8.27,N,0
42.02918,-8.08895,339.04,0.42,0.45,2024-09-04,0159,N,VIIRS,n,2,282.92,8.27,N,0
42.02966,-8.09419,328.28,0.42,0.45,2024-09-04,0159,N,VIIRS,n,2,281.2,4,N,0
42.11613,-8.67357,296.75,0.45,0.47,2024-09-04,0159,N,VIIRS,n,2,285.66,0.57,N,0
41.18193,1.22756,318.76,0.41,0.37,2024-09-04,0159,N,VIIRS,n,2,268.28,3.73,N,0
41.18108,1.23234,331.32,0.41,0.37,2024-09-04,0159,N,VIIRS,n,2,265.52,3.73,N,0
41.31247,1.66085,307.31,0.42,0.37,2024-09-04,0159,N,VIIRS,n,2,278.16,1.28,N,2
41.40739,1.99604,302.11,0.42,0.38,2024-09-04,0159,N,VIIRS,n,2,287.83,0.78,N,0
43.54059,-5.83541,298.18,0.52,0.41,2024-09-04,0159,N,VIIRS,n,2,285.99,3.06,N,2
43.53989,-5.82892,328.73,0.52,0.41,2024-09-04,0159,N,VIIRS,n,2,287.65,3.06,N,2
43.5444,-5.83466,300.95,0.52,0.41,2024-09-04,0159,N,VIIRS,n,2,285.62,3.06,N,2
38.37792,-0.54433,308.57,0.39,0.36,2024-09-04,0200,N,VIIRS,n,2,292.51,0.81,N,2
38.94666,-2.01386,339.98,0.38,0.36,2024-09-04,0200,N,VIIRS,n,2,292.92,27.57,N,0
36.96546,-1.90639,306.24,0.39,0.36,2024-09-04,0200,N,VIIRS,n,2,293.15,0.99,N,2
38.94994,-2.01302,323.36,0.38,0.36,2024-09-04,0200,N,VIIRS,n,2,289.57,2.26,N,0
40.24599,-3.47412,311.26,0.4,0.37,2024-09-04,0200,N,VIIRS,n,2,273.55,1.26,N,2
36.96875,-1.90556,305.63,0.39,0.36,2024-09-04,0200,N,VIIRS,n,2,293.58,1.03,N,2
37.36031,-6.6721,301.38,0.48,0.4,2024-09-04,0200,N,VIIRS,n,2,290.45,0.43,N,0
38.66547,-4.04987,298.72,0.41,0.37,2024-09-04,0200,N,VIIRS,n,2,287.85,1.63,N,2
42.02452,-8.09285,310.18,0.66,0.73,2024-09-04,0339,N,VIIRS,n,2,281.82,5.6,N,0
42.01793,-8.09558,315.64,0.66,0.73,2024-09-04,0339,N,VIIRS,n,2,282.07,2.72,N,0
42.01563,-8.08876,300.63,0.66,0.73,2024-09-04,0339,N,VIIRS,n,2,280.93,2.72,N,0
42.01924,-8.08341,337.98,0.66,0.73,2024-09-04,0339,N,VIIRS,n,2,282.23,10.77,N,0
42.02179,-8.09114,335.5,0.66,0.73,2024-09-04,0339,N,VIIRS,n,2,284.5,8.41,N,0
42.01516,-8.09372,313.75,0.66,0.73,2024-09-04,0339,N,VIIRS,n,2,281.97,8.41,N,0
43.52668,-5.73118,295.37,0.74,0.76,2024-09-04,0339,N,VIIRS,n,2,283.09,0.7,N,2
43.52364,-5.72271,295.3,0.74,0.76,2024-09-04,0339,N,VIIRS,n,2,281.99,0.7,N,0
43.52046,-5.72503,299.07,0.74,0.76,2024-09-04,0339,N,VIIRS,n,2,282.15,2.17,N,0
42.03093,-8.08958,307,0.66,0.73,2024-09-04,0339,N,VIIRS,n,2,280.16,5.6,N,0
42.02843,-8.08215,318.7,0.66,0.73,2024-09-04,0339,N,VIIRS,n,2,280.59,5.6,N,0
42.02207,-8.08557,355.82,0.66,0.73,2024-09-04,0339,N,VIIRS,n,2,285.12,5.6,N,0
37.22673,-5.75509,340.25,0.38,0.36,2024-09-04,1321,N,VIIRS,l,2,314.15,2.28,D,0
37.12164,-5.75355,339.88,0.38,0.36,2024-09-04,1321,N,VIIRS,n,2,314.68,2.16,D,0
40.24393,-3.47508,335.44,0.44,0.38,2024-09-04,1322,N,VIIRS,n,2,304.12,2.62,D,2
41.82146,-6.27026,333.5,0.39,0.36,2024-09-04,1323,N,VIIRS,l,2,307.33,2.14,D,0
42.00997,-8.10472,340.82,0.39,0.36,2024-09-04,1323,N,VIIRS,n,2,290.72,88.55,D,0
42.01398,-8.10105,367,0.39,0.36,2024-09-04,1323,N,VIIRS,h,2,342.16,157.71,D,0
42.0373,-8.08362,335.94,0.39,0.36,2024-09-04,1323,N,VIIRS,n,2,298.94,29.08,D,0
42.03256,-8.09188,336.29,0.39,0.36,2024-09-04,1323,N,VIIRS,l,2,306.83,4.01,D,0
42.03329,-8.08728,336.48,0.39,0.36,2024-09-04,1323,N,VIIRS,l,2,307.31,29.08,D,0
42.02855,-8.09557,351.96,0.39,0.36,2024-09-04,1323,N,VIIRS,n,2,322,44.53,D,0
42.02929,-8.09095,355.18,0.39,0.36,2024-09-04,1323,N,VIIRS,n,2,309.93,44.53,D,0
42.03074,-8.08174,331.3,0.39,0.36,2024-09-04,1323,N,VIIRS,n,2,294.64,18.06,D,0
42.02601,-8.09002,345.9,0.39,0.36,2024-09-04,1323,N,VIIRS,n,2,319.72,44.53,D,0
42.02674,-8.08541,352.85,0.39,0.36,2024-09-04,1323,N,VIIRS,n,2,308.44,18.06,D,0
42.02528,-8.09464,367,0.39,0.36,2024-09-04,1323,N,VIIRS,h,2,351.8,44.53,D,0
42.01325,-8.10564,367,0.39,0.36,2024-09-04,1323,N,VIIRS,h,2,347.09,88.55,D,0
42.01543,-8.09185,337.58,0.39,0.36,2024-09-04,1323,N,VIIRS,n,2,304.61,5.33,D,0
42.01726,-8.10197,367,0.39,0.36,2024-09-04,1323,N,VIIRS,h,2,339.47,97.34,D,0
42.02127,-8.09831,367,0.39,0.36,2024-09-04,1323,N,VIIRS,l,2,356.21,97.34,D,0
42.01871,-8.09278,339.28,0.39,0.36,2024-09-04,1323,N,VIIRS,n,2,296.94,26.08,D,0
42.022,-8.0937,351.36,0.39,0.36,2024-09-04,1323,N,VIIRS,n,2,309.58,26.08,D,0
42.2224,-8.20825,348.24,0.37,0.58,2024-09-05,0140,N,VIIRS,n,2,258.41,5.67,N,0
42.22224,-8.2046,367,0.37,0.58,2024-09-05,0140,N,VIIRS,h,2,259.19,5.67,N,0
42.22207,-8.20097,331.83,0.37,0.58,2024-09-05,0140,N,VIIRS,n,2,256.85,2.52,N,0
42.22189,-8.19737,297.37,0.37,0.58,2024-09-05,0140,N,VIIRS,n,2,252.9,2.52,N,0
42.21734,-8.21615,323.82,0.37,0.58,2024-09-05,0140,N,VIIRS,n,2,256.22,4.4,N,0
42.217,-8.209,323.73,0.37,0.58,2024-09-05,0140,N,VIIRS,n,2,255.49,1.73,N,0
42.21684,-8.20551,311.67,0.37,0.58,2024-09-05,0140,N,VIIRS,n,2,254.17,1.73,N,0
42.21667,-8.20204,309.53,0.37,0.58,2024-09-05,0140,N,VIIRS,n,2,252.84,1.06,N,0
41.31319,1.66358,319.54,0.4,0.37,2024-09-05,0140,N,VIIRS,n,2,289.57,1.3,N,2
42.22151,-8.22308,331.19,0.37,0.58,2024-09-05,0140,N,VIIRS,n,2,259.23,4.89,N,0
42.22037,-8.20107,331.26,0.37,0.58,2024-09-05,0140,N,VIIRS,n,2,254.43,5.26,N,0
42.22055,-8.20461,367,0.37,0.58,2024-09-05,0140,N,VIIRS,h,2,259.53,9.07,N,0
42.22074,-8.20819,342.02,0.37,0.58,2024-09-05,0140,N,VIIRS,n,2,256.82,9.07,N,0
42.22093,-8.21184,337.5,0.37,0.58,2024-09-05,0140,N,VIIRS,n,2,255.47,6.4,N,0
42.2211,-8.21533,333.92,0.37,0.58,2024-09-05,0140,N,VIIRS,n,2,255.52,6.4,N,0
42.22129,-8.21897,330.53,0.37,0.58,2024-09-05,0140,N,VIIRS,n,2,257.9,4.89,N,0
41.45339,1.98115,311.59,0.4,0.37,2024-09-05,0140,N,VIIRS,n,2,289.27,1.02,N,2
41.40577,1.99877,306.03,0.4,0.37,2024-09-05,0140,N,VIIRS,n,2,288.51,0.78,N,2
42.22811,-8.2139,326.02,0.37,0.58,2024-09-05,0140,N,VIIRS,n,2,261.74,5.18,N,0
42.22793,-8.21005,306.18,0.37,0.58,2024-09-05,0140,N,VIIRS,n,2,260.92,5.18,N,0
42.22775,-8.20623,299.43,0.37,0.58,2024-09-05,0140,N,VIIRS,n,2,260.56,5.67,N,0
42.22311,-8.22334,333.8,0.37,0.58,2024-09-05,0140,N,VIIRS,n,2,262.47,7.67,N,0
40.88874,-3.56033,298.97,0.42,0.45,2024-09-05,0140,N,VIIRS,n,2,282.8,0.66,N,0
40.57645,0.544,304.87,0.42,0.38,2024-09-05,0140,N,VIIRS,n,2,289.61,1.13,N,0
40.78828,-0.41113,295.88,0.46,0.39,2024-09-05,0140,N,VIIRS,n,2,282.12,0.25,N,0
41.98951,-8.10316,302.68,0.36,0.58,2024-09-05,0140,N,VIIRS,n,2,260.34,1.41,N,0
42.00614,-8.11145,295.34,0.36,0.58,2024-09-05,0140,N,VIIRS,n,2,248.71,0.61,N,0
41.18105,1.22667,312.67,0.41,0.37,2024-09-05,0140,N,VIIRS,n,2,288.96,5.23,N,0
41.1804,1.23154,326.27,0.41,0.37,2024-09-05,0140,N,VIIRS,n,2,290.9,5.23,N,0
42.22292,-8.21916,346.44,0.37,0.58,2024-09-05,0140,N,VIIRS,n,2,262.54,7.67,N,0
42.22274,-8.2154,367,0.37,0.58,2024-09-05,0140,N,VIIRS,h,2,259.87,5.18,N,0
42.22258,-8.21186,355.29,0.37,0.58,2024-09-05,0140,N,VIIRS,n,2,259.26,5.18,N,0
37.47167,-5.68214,312.2,0.49,0.48,2024-09-05,0141,N,VIIRS,n,2,290.72,1.46,N,0
39.99472,-0.23692,337.81,0.44,0.38,2024-09-05,0141,N,VIIRS,n,2,289.71,4.88,N,0
40.2457,-3.47601,325.71,0.4,0.45,2024-09-05,0141,N,VIIRS,n,2,289.87,3.42,N,2
38.37549,-0.54584,302.79,0.44,0.38,2024-09-05,0141,N,VIIRS,n,2,290.86,0.86,N,2
37.51808,-4.57446,304.03,0.43,0.46,2024-09-05,0141,N,VIIRS,n,2,289.72,0.52,N,0
37.51874,-4.57616,304.79,0.43,0.46,2024-09-05,0141,N,VIIRS,n,2,289.78,0.69,N,0
42.22633,-8.22245,334.33,0.38,0.59,2024-09-05,0321,N,VIIRS,n,2,281.25,12.03,N,0
42.22483,-8.21722,367,0.38,0.59,2024-09-05,0321,N,VIIRS,h,2,290.19,7.98,N,0
42.223,-8.2108,367,0.38,0.59,2024-09-05,0321,N,VIIRS,h,2,286.81,7.98,N,0
42.22115,-8.20433,367,0.38,0.59,2024-09-05,0321,N,VIIRS,h,2,286.28,3.56,N,0
42.21927,-8.19777,305.04,0.38,0.59,2024-09-05,0321,N,VIIRS,n,2,282.47,3.56,N,0
42.22812,-8.2116,349.23,0.38,0.59,2024-09-05,0321,N,VIIRS,n,2,283.81,5.26,N,0
42.22639,-8.2054,344.26,0.38,0.59,2024-09-05,0321,N,VIIRS,n,2,284.75,5.26,N,0
42.22967,-8.21719,304.07,0.38,0.59,2024-09-05,0321,N,VIIRS,n,2,279.58,3.53,N,0
42.22452,-8.19867,312.16,0.38,0.59,2024-09-05,0321,N,VIIRS,n,2,281.98,1.83,N,0
42.22272,-8.19223,301.69,0.38,0.59,2024-09-05,0321,N,VIIRS,n,2,281.89,1.83,N,0
42.22437,-8.21926,367,0.38,0.59,2024-09-05,0321,N,VIIRS,h,2,294.72,7.29,N,0
42.22264,-8.21305,355.11,0.38,0.59,2024-09-05,0321,N,VIIRS,n,2,284.53,6.16,N,0
42.22083,-8.20655,355.79,0.38,0.59,2024-09-05,0321,N,VIIRS,n,2,284.73,6.16,N,0
42.22575,-8.22419,308.38,0.38,0.59,2024-09-05,0321,N,VIIRS,n,2,279.45,7.29,N,0
42.219,-8.19998,313.21,0.38,0.59,2024-09-05,0321,N,VIIRS,n,2,282.79,1.73,N,0
42.21731,-8.19393,295.59,0.38,0.59,2024-09-05,0321,N,VIIRS,n,2,282.14,1.73,N,0
42.21918,-8.22178,325.62,0.38,0.59,2024-09-05,0321,N,VIIRS,n,2,283.63,7.29,N,0
42.22044,-8.22626,299.7,0.38,0.59,2024-09-05,0321,N,VIIRS,n,2,281.23,7.29,N,0
42.21762,-8.21616,314.07,0.38,0.59,2024-09-05,0321,N,VIIRS,n,2,283.03,6.16,N,0
42.21592,-8.21006,300.84,0.38,0.59,2024-09-05,0321,N,VIIRS,n,2,281.78,6.16,N,0
42.21408,-8.20347,298.99,0.38,0.59,2024-09-05,0321,N,VIIRS,n,2,281.56,1.73,N,0
42.2126,-8.21928,304.22,0.38,0.59,2024-09-05,0321,N,VIIRS,n,2,281.9,0.98,N,0
42.00393,-8.11417,320.77,0.39,0.6,2024-09-05,0321,N,VIIRS,n,2,279.32,1.69,N,0
42.00254,-8.10931,297.14,0.39,0.6,2024-09-05,0321,N,VIIRS,n,2,278.24,2.1,N,0
41.99014,-8.10765,333.72,0.39,0.6,2024-09-05,0321,N,VIIRS,n,2,280.81,16.31,N,0
42.22858,-8.20968,326.94,0.38,0.59,2024-09-05,0321,N,VIIRS,n,2,281.05,7.98,N,0
42.23019,-8.21531,308.35,0.38,0.59,2024-09-05,0321,N,VIIRS,n,2,279.79,7.98,N,0
42.22679,-8.20343,311.96,0.38,0.59,2024-09-05,0321,N,VIIRS,n,2,282.13,3.56,N,0
42.22488,-8.19671,306.03,0.38,0.59,2024-09-05,0321,N,VIIRS,n,2,281.58,3.56,N,0
42.22308,-8.19044,296.32,0.38,0.59,2024-09-05,0321,N,VIIRS,n,2,282.08,2.33,N,0
41.9886,-8.10227,352.33,0.39,0.6,2024-09-05,0321,N,VIIRS,n,2,287.96,16.51,N,0
41.98321,-8.1043,319.8,0.39,0.6,2024-09-05,0321,N,VIIRS,n,2,279.74,2.56,N,0
41.9892,-8.10329,367,0.39,0.6,2024-09-05,0321,N,VIIRS,h,2,293.52,14.46,N,0
41.98381,-8.10531,328.02,0.39,0.6,2024-09-05,0321,N,VIIRS,n,2,279.77,14.46,N,0
40.24186,-3.47111,298.2,0.73,0.76,2024-09-05,0321,N,VIIRS,n,2,283.44,1.53,N,0
36.96665,-1.90513,332.46,0.39,0.36,2024-09-05,1302,N,VIIRS,l,2,307.12,2.6,D,2
37.5145,-5.54159,343.31,0.47,0.4,2024-09-05,1303,N,VIIRS,n,2,311.79,10.98,D,0
38.7192,-7.22187,338.72,0.53,0.42,2024-09-05,1303,N,VIIRS,n,2,311.24,3.3,D,0
37.50833,-5.53403,339.27,0.47,0.4,2024-09-05,1303,N,VIIRS,l,2,310.23,2.69,D,0
37.50731,-5.53935,342,0.47,0.4,2024-09-05,1303,N,VIIRS,n,2,310.8,2.69,D,0
37.51551,-5.53629,351.66,0.47,0.4,2024-09-05,1303,N,VIIRS,n,2,314.26,10.98,D,0
41.89529,-7.47806,319.1,0.59,0.7,2024-09-06,0121,N,VIIRS,n,2,282.98,3.6,N,0
43.54092,-5.83052,316.58,0.5,0.66,2024-09-06,0121,N,VIIRS,n,2,279.24,2.16,N,2
43.53477,-5.83073,304.43,0.5,0.66,2024-09-06,0121,N,VIIRS,n,2,279.65,1.41,N,0
43.52655,-5.73059,309.11,0.49,0.65,2024-09-06,0121,N,VIIRS,n,2,282.01,2.12,N,2
43.52043,-5.73099,295.85,0.49,0.65,2024-09-06,0121,N,VIIRS,n,2,280.49,1.18,N,2
43.53601,-5.83531,295.78,0.5,0.66,2024-09-06,0121,N,VIIRS,n,2,278.52,2.37,N,2
43.53585,-5.82883,311.36,0.5,0.66,2024-09-06,0121,N,VIIRS,n,2,279.36,1.66,N,0
43.5271,-5.72878,306.16,0.49,0.65,2024-09-06,0121,N,VIIRS,n,2,282.16,1.07,N,2
43.52099,-5.72915,303.52,0.49,0.65,2024-09-06,0121,N,VIIRS,n,2,280.18,1.07,N,0
41.89944,-7.48081,304.95,0.59,0.7,2024-09-06,0121,N,VIIRS,n,2,280.99,2.05,N,0
41.89708,-7.94714,298.22,0.62,0.72,2024-09-06,0121,N,VIIRS,n,2,275.03,1.69,N,0
41.89286,-7.48116,303.43,0.59,0.7,2024-09-06,0121,N,VIIRS,n,2,280.41,2.17,N,0
41.89035,-7.94547,299.05,0.62,0.72,2024-09-06,0121,N,VIIRS,n,2,274.77,1.69,N,0
41.8952,-7.94228,319.65,0.62,0.72,2024-09-06,0121,N,VIIRS,n,2,276.71,2.24,N,0
40.24392,-3.47492,332.58,0.36,0.57,2024-09-06,0122,N,VIIRS,n,2,289.84,2.96,N,2
40.03999,-4.4877,312.34,0.4,0.6,2024-09-06,0122,N,VIIRS,n,2,284.29,0.91,N,0
40.03673,-4.48939,322.17,0.4,0.6,2024-09-06,0122,N,VIIRS,n,2,283.42,2.65,N,0
37.17362,-6.89761,301.15,0.52,0.66,2024-09-06,0123,N,VIIRS,n,2,290.45,1.85,N,0
36.96582,-1.90752,306.29,0.55,0.51,2024-09-06,0123,N,VIIRS,n,2,292.15,1.03,N,2
43.52625,-5.72966,298.85,0.55,0.51,2024-09-06,0301,N,VIIRS,n,2,282.51,1.79,N,2
43.52464,-5.73005,297.23,0.55,0.51,2024-09-06,0301,N,VIIRS,n,2,281.86,1.25,N,2
40.03857,-4.48662,302.72,0.39,0.59,2024-09-06,0302,N,VIIRS,n,2,283.52,2.24,N,0
40.03733,-4.48219,311.87,0.39,0.59,2024-09-06,0302,N,VIIRS,n,2,281.39,2.24,N,0
40.03838,-4.48864,315.99,0.39,0.59,2024-09-06,0302,N,VIIRS,n,2,284.48,1.98,N,0
38.67699,-4.12565,296.87,0.44,0.63,2024-09-06,0302,N,VIIRS,n,2,286.54,0.48,N,0
41.89664,-7.47867,307.3,0.5,0.49,2024-09-06,0302,N,VIIRS,n,2,281.01,1.83,N,0
40.24637,-3.47624,302.64,0.43,0.62,2024-09-06,0302,N,VIIRS,n,2,285.76,1.93,N,2
40.24497,-3.47137,303.98,0.43,0.62,2024-09-06,0302,N,VIIRS,n,2,284.8,1.42,N,2
40.04254,-4.47965,335.96,0.39,0.59,2024-09-06,0302,N,VIIRS,n,2,284.17,2.24,N,0
40.04132,-4.47528,296.17,0.39,0.59,2024-09-06,0302,N,VIIRS,n,2,281.31,2.68,N,0
40.03981,-4.49107,296.45,0.39,0.59,2024-09-06,0302,N,VIIRS,n,2,283.39,1.23,N,0
37.17686,-6.89083,309.33,0.35,0.57,2024-09-06,0303,N,VIIRS,n,2,289.91,0.8,N,0
38.56598,-2.41831,344.6,0.53,0.42,2024-09-06,1244,N,VIIRS,n,2,305.61,6.48,D,0
38.21026,-1.73046,338.16,0.51,0.41,2024-09-06,1244,N,VIIRS,n,2,308.88,2.21,D,0
37.30502,-6.08099,340.5,0.57,0.52,2024-09-06,1244,N,VIIRS,n,2,309.43,5.55,D,0
37.3039,-6.08243,339.76,0.57,0.52,2024-09-06,1244,N,VIIRS,n,2,308.86,3.09,D,0
38.6148,-0.59627,341.35,0.45,0.39,2024-09-06,1244,N,VIIRS,n,2,307.13,5.73,D,0
37.745,-4.81772,342.1,0.48,0.48,2024-09-06,1244,N,VIIRS,n,2,310.02,3.75,D,0
37.46355,-6.93355,354.11,0.63,0.54,2024-09-06,1244,N,VIIRS,n,2,310.02,32.19,D,0
38.56534,-2.41613,342.45,0.53,0.42,2024-09-06,1244,N,VIIRS,n,2,305.75,5.55,D,0
39.0141,-1.88067,338.91,0.5,0.41,2024-09-06,1244,N,VIIRS,n,2,306.1,4.71,D,0
37.06892,-4.91733,335.32,0.73,0.76,2024-09-06,1424,N,VIIRS,n,2,304.9,7.81,D,0
37.06906,-4.90821,349.88,0.73,0.76,2024-09-06,1424,N,VIIRS,n,2,306.55,7.81,D,0
37.07141,-4.91445,356.48,0.73,0.76,2024-09-06,1424,N,VIIRS,n,2,305.69,10.52,D,0
41.31057,1.66245,310.8,0.35,0.57,2024-09-07,0102,N,VIIRS,n,2,289.46,1.47,N,2
41.18101,1.22816,322.59,0.37,0.58,2024-09-07,0102,N,VIIRS,n,2,290.3,1.91,N,0
40.2416,-3.47194,296.46,0.63,0.72,2024-09-07,0103,N,VIIRS,n,2,283,1.62,N,2
40.57532,0.54114,307.43,0.39,0.59,2024-09-07,0103,N,VIIRS,n,2,292.02,1.12,N,2
40.24342,-3.47364,306.37,0.63,0.72,2024-09-07,0103,N,VIIRS,n,2,284.25,1.75,N,2
36.17809,-5.42665,299.06,0.77,0.77,2024-09-07,0104,N,VIIRS,n,2,287.32,0.99,N,2
43.33039,-5.775,297.16,0.51,0.41,2024-09-07,0243,N,VIIRS,n,2,283.34,0.95,N,2
40.24237,-3.4717,295.24,0.5,0.49,2024-09-07,0243,N,VIIRS,n,2,284.32,1.76,N,2
40.24376,-3.47747,309.61,0.5,0.49,2024-09-07,0243,N,VIIRS,n,2,285.59,1.76,N,2
43.34718,-8.43437,296.74,0.42,0.38,2024-09-07,0243,N,VIIRS,n,2,284.28,0.3,N,2
41.31443,1.66519,302.67,0.42,0.61,2024-09-07,0243,N,VIIRS,n,2,289.44,1.33,N,2
41.31281,1.66028,307.38,0.42,0.61,2024-09-07,0243,N,VIIRS,n,2,289.89,1.69,N,2
43.55331,-5.85663,297.91,0.5,0.41,2024-09-07,0243,N,VIIRS,n,2,283.73,0.75,N,2
37.17539,-6.89201,306.29,0.4,0.44,2024-09-07,0244,N,VIIRS,n,2,289.8,0.8,N,0
37.18032,-6.8951,301.62,0.4,0.44,2024-09-07,0244,N,VIIRS,n,2,291.4,1.26,N,0
37.85952,-4.51602,332.36,0.41,0.6,2024-09-07,1225,N,VIIRS,l,2,304.59,2.38,D,0
38.48885,-5.47642,338.5,0.44,0.62,2024-09-07,1225,N,VIIRS,n,2,303.49,10.51,D,0
38.48933,-5.47996,367,0.44,0.62,2024-09-07,1225,N,VIIRS,h,2,307.25,14.68,D,0
38.48747,-5.48143,367,0.44,0.62,2024-09-07,1225,N,VIIRS,h,2,306.14,10.94,D,0
37.8479,-4.60209,343.89,0.41,0.61,2024-09-07,1225,N,VIIRS,n,2,303.33,2.93,D,0
40.24641,-3.47186,331.48,0.63,0.54,2024-09-07,1226,N,VIIRS,n,2,304.09,4.18,D,2
42.64798,-1.99741,335.72,0.46,0.47,2024-09-07,1226,N,VIIRS,n,2,294.95,2.78,D,0
42.37613,-5.33397,340.57,0.34,0.56,2024-09-07,1226,N,VIIRS,n,2,295.8,5.19,D,0
43.54155,-5.83007,334.26,0.33,0.55,2024-09-07,1227,N,VIIRS,n,2,293.11,2.74,D,2
39.7939,-5.25918,339.21,0.41,0.6,2024-09-07,1406,N,VIIRS,n,2,304.25,2.74,D,0
38.74244,-2.74533,335.02,0.54,0.68,2024-09-07,1406,N,VIIRS,n,2,302.14,3.9,D,0
43.52274,-5.73334,327.6,0.41,0.6,2024-09-07,1407,N,VIIRS,n,2,295.83,4.1,D,2
43.53148,-5.72614,301.55,0.39,0.36,2024-09-08,0224,N,VIIRS,n,2,284.98,0.62,N,2
41.4747,-1.48602,298.01,0.53,0.42,2024-09-08,0224,N,VIIRS,n,2,286.5,0.88,N,2
41.47573,-1.4855,296.92,0.53,0.42,2024-09-08,0224,N,VIIRS,n,2,285.64,0.18,N,0
42.55376,-6.76744,295.39,0.38,0.36,2024-09-08,0224,N,VIIRS,n,2,282.64,0.84,N,2
41.64736,-0.76754,299.11,0.56,0.43,2024-09-08,0224,N,VIIRS,n,2,287.61,0.61,N,0
43.34551,-8.43721,301.32,0.4,0.37,2024-09-08,0224,N,VIIRS,n,2,284.81,0.66,N,2
41.92241,0.18106,312,0.41,0.45,2024-09-08,0224,N,VIIRS,n,2,284.2,1.03,N,2
43.33097,-5.77259,299.73,0.39,0.36,2024-09-08,0224,N,VIIRS,n,2,284.29,0.65,N,0
43.52241,-5.73393,295.03,0.39,0.36,2024-09-08,0224,N,VIIRS,n,2,284.28,0.83,N,2
43.53871,-5.83325,317.92,0.39,0.36,2024-09-08,0224,N,VIIRS,n,2,284.91,1.17,N,2
43.52491,-5.72818,301.79,0.39,0.36,2024-09-08,0224,N,VIIRS,n,2,285.23,0.83,N,2
43.52569,-5.73291,314.78,0.39,0.36,2024-09-08,0224,N,VIIRS,n,2,286.63,0.83,N,2
43.542,-5.83223,299.16,0.39,0.36,2024-09-08,0224,N,VIIRS,n,2,286.81,1.17,N,2
43.54354,-5.84167,295.04,0.39,0.36,2024-09-08,0224,N,VIIRS,n,2,284.2,0.47,N,0
43.52819,-5.72715,296.29,0.39,0.36,2024-09-08,0224,N,VIIRS,n,2,285.58,0.62,N,2
43.52897,-5.7319,301.88,0.39,0.36,2024-09-08,0224,N,VIIRS,n,2,284.35,0.62,N,2
43.54928,-5.75047,296.16,0.39,0.36,2024-09-08,0224,N,VIIRS,n,2,282.09,0.22,N,0
40.24494,-3.47691,314.11,0.46,0.39,2024-09-08,0225,N,VIIRS,n,2,289.04,2.26,N,2
38.86572,-6.52065,328.09,0.4,0.37,2024-09-08,0225,N,VIIRS,n,2,287.39,2.55,N,0
39.3814,-3.21443,297.21,0.49,0.4,2024-09-08,0225,N,VIIRS,n,2,286.6,0.57,N,0
40.2439,-3.47156,305.77,0.46,0.39,2024-09-08,0225,N,VIIRS,n,2,287.29,1.45,N,2
37.17557,-6.89193,299.76,0.4,0.37,2024-09-08,0226,N,VIIRS,n,2,289.04,0.31,N,0
39.14697,-5.71485,344.17,0.74,0.76,2024-09-08,1207,N,VIIRS,n,2,294.07,5.74,D,0
37.46798,-6.13666,344.44,0.39,0.44,2024-09-08,1346,N,VIIRS,n,2,311.7,5.78,D,0
37.23524,-5.75426,356.49,0.4,0.44,2024-09-08,1346,N,VIIRS,n,2,314.29,7.97,D,0
38.48682,-5.45537,353.44,0.43,0.46,2024-09-08,1347,N,VIIRS,n,2,309.45,25.54,D,0
39.1483,-5.71672,336.25,0.42,0.45,2024-09-08,1347,N,VIIRS,n,2,302.8,3.09,D,0
38.49062,-5.46074,355.09,0.43,0.46,2024-09-08,1347,N,VIIRS,n,2,311.2,25.54,D,0
38.49106,-5.45584,337.28,0.43,0.46,2024-09-08,1347,N,VIIRS,n,2,303.38,25.54,D,0
38.48594,-5.46512,331.86,0.43,0.46,2024-09-08,1347,N,VIIRS,l,2,305.76,3.41,D,0
38.49017,-5.46578,334.54,0.43,0.46,2024-09-08,1347,N,VIIRS,l,2,308.57,3.41,D,0
40.08858,-6.27121,334.13,0.41,0.45,2024-09-08,1347,N,VIIRS,l,2,305.72,3.12,D,0
39.15248,-5.71749,344.87,0.42,0.45,2024-09-08,1347,N,VIIRS,n,2,310.9,8.84,D,0
43.52456,-5.73305,329.68,0.47,0.48,2024-09-08,1348,N,VIIRS,n,2,297.51,3.59,D,2
41.45321,1.97901,303.71,0.47,0.4,2024-09-09,0205,N,VIIRS,n,2,290.23,0.74,N,2
40.57713,0.54316,305.04,0.43,0.38,2024-09-09,0205,N,VIIRS,n,2,292.78,0.92,N,2
41.4754,-1.48656,305.26,0.39,0.36,2024-09-09,0205,N,VIIRS,n,2,286.21,1.21,N,2
41.64833,-0.76604,298.48,0.4,0.37,2024-09-09,0205,N,VIIRS,n,2,286.46,0.51,N,0
42.55095,-6.76661,298.8,0.48,0.4,2024-09-09,0205,N,VIIRS,n,2,282.89,0.85,N,2
41.31364,1.66306,313.74,0.46,0.39,2024-09-09,0205,N,VIIRS,n,2,290.25,2.08,N,2
41.45679,1.98024,302.4,0.47,0.4,2024-09-09,0205,N,VIIRS,n,2,289.76,0.74,N,2
43.33027,-5.77287,299.47,0.45,0.39,2024-09-09,0205,N,VIIRS,n,2,285.73,0.85,N,2
43.52583,-5.73167,303.13,0.45,0.39,2024-09-09,0205,N,VIIRS,n,2,287.01,1.29,N,2
43.53793,-5.83188,330.01,0.45,0.39,2024-09-09,0205,N,VIIRS,n,2,287.02,8.06,N,2
43.52939,-5.73085,309.19,0.45,0.39,2024-09-09,0205,N,VIIRS,n,2,286.4,1.29,N,2
43.5415,-5.83104,320.06,0.45,0.39,2024-09-09,0205,N,VIIRS,n,2,287.89,8.06,N,2
43.55136,-5.85197,300.14,0.45,0.39,2024-09-09,0205,N,VIIRS,n,2,285.33,0.4,N,0
43.41194,-3.83653,321.72,0.4,0.37,2024-09-09,0205,N,VIIRS,n,2,286.24,2.09,N,0
43.41262,-3.84145,323.52,0.4,0.37,2024-09-09,0205,N,VIIRS,n,2,286.08,2.09,N,0
43.44091,-3.84429,301.92,0.4,0.37,2024-09-09,0205,N,VIIRS,n,2,287.83,0.61,N,2
40.00901,-3.89928,300.52,0.39,0.36,2024-09-09,0206,N,VIIRS,n,2,289.29,0.46,N,0
38.37643,-0.54527,306.96,0.43,0.38,2024-09-09,0206,N,VIIRS,n,2,294.25,1.03,N,2
38.89904,-6.17824,306.35,0.42,0.38,2024-09-09,0206,N,VIIRS,n,2,288.03,0.36,N,0
38.89559,-6.17899,309.99,0.42,0.38,2024-09-09,0206,N,VIIRS,n,2,287.93,1.09,N,0
38.66547,-4.04903,312.3,0.39,0.36,2024-09-09,0206,N,VIIRS,n,2,286.36,0.92,N,2
38.66614,-4.05344,307.36,0.39,0.36,2024-09-09,0206,N,VIIRS,n,2,287.83,1.69,N,2
40.24435,-3.47445,329.67,0.39,0.36,2024-09-09,0206,N,VIIRS,n,2,292.35,3.61,N,2
36.96582,-1.90408,314.59,0.41,0.37,2024-09-09,0207,N,VIIRS,n,2,295.02,1.26,N,2
37.17558,-6.89433,302.23,0.43,0.38,2024-09-09,0207,N,VIIRS,n,2,291.6,0.83,N,0
37.35897,-6.67501,300.18,0.42,0.38,2024-09-09,0207,N,VIIRS,n,2,289.55,0.68,N,2
37.33916,-5.68694,339.21,0.4,0.37,2024-09-09,1327,N,VIIRS,l,2,313.06,3.78,D,0
40.04631,-6.07329,345.58,0.41,0.37,2024-09-09,1328,N,VIIRS,n,2,313.17,7.03,D,0
40.24588,-3.47228,338.14,0.5,0.41,2024-09-09,1328,N,VIIRS,n,2,312.47,4.12,D,2
39.16178,-6.65281,335.72,0.39,0.36,2024-09-09,1328,N,VIIRS,l,2,310.24,10.88,D,0
41.31185,1.65942,302.1,0.39,0.36,2024-09-10,0146,N,VIIRS,n,2,289.89,1.08,N,2
42.55268,-6.7702,302.4,0.52,0.5,2024-09-10,0146,N,VIIRS,n,2,285.72,0.84,N,2
41.47607,-1.48467,296.44,0.45,0.39,2024-09-10,0146,N,VIIRS,n,2,285.69,1.08,N,0
41.31116,1.66399,312.28,0.39,0.36,2024-09-10,0146,N,VIIRS,n,2,289.89,1.08,N,2
41.40659,1.99702,315.8,0.38,0.36,2024-09-10,0146,N,VIIRS,n,2,291.67,1.53,N,2
40.24626,-3.47398,321.08,0.51,0.41,2024-09-10,0147,N,VIIRS,n,2,290.51,2.15,N,2
38.87649,-6.34373,299.5,0.45,0.47,2024-09-10,0147,N,VIIRS,n,2,289.39,0.84,N,0
38.3761,-0.54516,309.39,0.4,0.37,2024-09-10,0147,N,VIIRS,n,2,293.42,0.96,N,2
40.24246,-3.47474,306.49,0.51,0.41,2024-09-10,0147,N,VIIRS,n,2,288.9,2.15,N,2
39.6637,-0.24838,304.19,0.4,0.37,2024-09-10,0147,N,VIIRS,n,2,293.02,0.75,N,2
40.57515,0.54078,302.7,0.39,0.36,2024-09-10,0147,N,VIIRS,n,2,291.53,0.83,N,2
36.17813,-5.42622,302.71,0.57,0.43,2024-09-10,0148,N,VIIRS,n,2,291.56,1.7,N,2
36.96793,-1.90632,316.93,0.42,0.38,2024-09-10,0148,N,VIIRS,n,2,294.25,2.08,N,2
36.17439,-5.34392,351.56,0.43,0.38,2024-09-10,1308,N,VIIRS,n,2,308.23,13.21,D,0
39.12334,-0.27954,334.98,0.43,0.38,2024-09-10,1309,N,VIIRS,n,2,301.9,4.73,D,0
37.69827,-4.60182,340.42,0.4,0.37,2024-09-10,1309,N,VIIRS,l,2,312.03,2.56,D,0
37.49241,-5.59263,338.82,0.42,0.38,2024-09-10,1309,N,VIIRS,l,2,312.67,4.15,D,0
37.79423,-3.78425,337.9,0.39,0.36,2024-09-10,1309,N,VIIRS,l,2,310.45,1.86,D,0
37.31755,-5.0807,346.31,0.41,0.37,2024-09-10,1309,N,VIIRS,n,2,313.02,4.24,D,0
38.28433,-6.15991,336.23,0.43,0.38,2024-09-10,1309,N,VIIRS,l,2,309.01,2.74,D,0
40.29744,-3.70936,337.87,0.38,0.36,2024-09-10,1309,N,VIIRS,l,2,311.35,1.63,D,0
39.9537,-4.92569,350,0.39,0.36,2024-09-10,1309,N,VIIRS,n,2,314.09,6.41,D,0
39.95445,-4.92116,341.45,0.39,0.36,2024-09-10,1309,N,VIIRS,n,2,310.83,5.38,D,0
39.95182,-4.92731,345.89,0.39,0.36,2024-09-10,1309,N,VIIRS,n,2,315.34,5.17,D,0
39.95256,-4.92277,352.3,0.39,0.36,2024-09-10,1309,N,VIIRS,n,2,316.05,11.97,D,0
38.28004,-6.16365,338.23,0.43,0.38,2024-09-10,1309,N,VIIRS,l,2,308.71,2.74,D,0
38.2792,-6.14817,337.39,0.43,0.38,2024-09-10,1309,N,VIIRS,l,2,308.93,0.83,D,0
38.28006,-6.14339,338.77,0.43,0.38,2024-09-10,1309,N,VIIRS,n,2,309.22,1.4,D,0
39.97626,-6.31339,342.26,0.42,0.37,2024-09-10,1309,N,VIIRS,n,2,307.24,14.75,D,0
38.28263,-6.14923,344.91,0.43,0.38,2024-09-10,1309,N,VIIRS,n,2,309.35,4.79,D,0
42.55451,-6.76885,299.14,0.46,0.63,2024-09-11,0127,N,VIIRS,n,2,283.61,0.32,N,0
43.52616,-5.7294,304.81,0.41,0.61,2024-09-11,0127,N,VIIRS,n,2,284.42,0.86,N,2
43.53568,-5.82801,295.72,0.41,0.61,2024-09-11,0127,N,VIIRS,n,2,281.7,0.61,N,0
43.53588,-5.83349,298.32,0.41,0.61,2024-09-11,0127,N,VIIRS,n,2,282.31,0.61,N,0
43.54137,-5.82745,298.87,0.41,0.61,2024-09-11,0127,N,VIIRS,n,2,282.85,1.44,N,2
43.54159,-5.83313,318.53,0.41,0.61,2024-09-11,0127,N,VIIRS,n,2,284.69,1.44,N,2
41.31268,1.66294,314.28,0.51,0.41,2024-09-11,0127,N,VIIRS,n,2,290.47,1.8,N,2
43.54271,-5.8333,301.19,0.42,0.61,2024-09-11,0127,N,VIIRS,n,2,283.57,1.02,N,2
41.31118,1.66277,310.54,0.51,0.41,2024-09-11,0127,N,VIIRS,n,2,289.8,2.27,N,2
42.55171,-6.76841,303.56,0.46,0.63,2024-09-11,0127,N,VIIRS,n,2,283.63,1.03,N,2
41.47534,-1.48723,300.46,0.48,0.48,2024-09-11,0128,N,VIIRS,n,2,285.58,1.2,N,2
40.57619,0.53856,300.98,0.56,0.43,2024-09-11,0128,N,VIIRS,n,2,290.1,1.52,N,2
40.24692,-3.47172,304.92,0.59,0.53,2024-09-11,0128,N,VIIRS,n,2,289.02,1.39,N,2
40.24203,-3.47242,302.85,0.59,0.53,2024-09-11,0128,N,VIIRS,n,2,288.32,1.28,N,2
38.77404,-3.80585,300.37,0.59,0.53,2024-09-11,0128,N,VIIRS,n,2,286.5,0.75,N,0
38.37795,-0.54367,306.37,0.4,0.44,2024-09-11,0128,N,VIIRS,n,2,293.16,1.18,N,2
38.66051,-6.5511,304.95,0.42,0.61,2024-09-11,0128,N,VIIRS,n,2,287.94,0.73,N,0
37.17423,-6.8968,303.08,0.42,0.61,2024-09-11,0129,N,VIIRS,n,2,288.85,1.13,N,0
36.96822,-1.90529,304.82,0.45,0.47,2024-09-11,0129,N,VIIRS,n,2,292.6,0.98,N,2
40.24288,-3.47436,315.88,0.52,0.67,2024-09-11,0308,N,VIIRS,n,2,287.69,2.57,N,2
40.24287,-3.47416,314.79,0.52,0.67,2024-09-11,0308,N,VIIRS,n,2,288.17,1.58,N,2
38.05452,-1.21724,335.5,0.43,0.38,2024-09-11,1250,N,VIIRS,l,2,306.88,1.81,D,0
38.93533,-3.22467,336.88,0.49,0.4,2024-09-11,1250,N,VIIRS,n,2,309.49,3.5,D,0
38.7103,-0.96813,335.42,0.41,0.37,2024-09-11,1250,N,VIIRS,n,2,306.71,2.43,D,0
37.30608,-6.08406,343.68,0.48,0.48,2024-09-11,1250,N,VIIRS,n,2,302.8,4.97,D,0
42.01253,-4.55855,335.44,0.49,0.4,2024-09-11,1251,N,VIIRS,n,2,298.12,6.28,D,0
41.37966,-6.16196,340.58,0.39,0.44,2024-09-11,1251,N,VIIRS,n,2,305,2.83,D,0
38.33146,-6.39743,347.83,0.75,0.77,2024-09-11,1431,N,VIIRS,n,2,301.4,6.56,D,0
38.33353,-6.39665,353.12,0.75,0.77,2024-09-11,1431,N,VIIRS,n,2,302.22,14.48,D,0
38.3262,-6.43094,343.12,0.75,0.77,2024-09-11,1431,N,VIIRS,n,2,296.14,9.73,D,0
38.32396,-6.43161,337.65,0.75,0.77,2024-09-11,1431,N,VIIRS,n,2,294.42,6.23,D,0
40.01448,-4.18212,300.13,0.57,0.69,2024-09-12,0109,N,VIIRS,n,2,283.37,0.84,N,0
38.37837,-0.54557,303.65,0.35,0.57,2024-09-12,0109,N,VIIRS,n,2,289.79,0.79,N,2
36.96747,-1.90674,304.95,0.41,0.61,2024-09-12,0110,N,VIIRS,n,2,290.36,0.87,N,2
36.96544,-1.90506,302.87,0.41,0.61,2024-09-12,0110,N,VIIRS,n,2,290.03,1.05,N,2
37.17855,-6.89861,298.54,0.77,0.77,2024-09-12,0110,N,VIIRS,n,2,287.59,2.17,N,0
37.56578,-0.91978,302.01,0.37,0.58,2024-09-12,0110,N,VIIRS,n,2,290.51,0.54,N,2
43.54012,-5.83329,305.58,0.39,0.44,2024-09-12,0249,N,VIIRS,n,2,282.73,1.63,N,2
38.3775,-0.54565,300.72,0.47,0.64,2024-09-12,0250,N,VIIRS,n,2,289.11,0.82,N,2
36.96637,-1.90481,301.71,0.44,0.62,2024-09-12,0250,N,VIIRS,n,2,290.07,0.93,N,2
40.01401,-4.18425,295.28,0.56,0.52,2024-09-12,0250,N,VIIRS,n,2,271.31,0.81,N,0
35.88056,-5.34801,306.77,0.62,0.54,2024-09-12,0251,N,VIIRS,n,2,289.26,1.31,N,0
35.87922,-5.34788,304.89,0.62,0.54,2024-09-12,0251,N,VIIRS,n,2,289.24,1.44,N,0
39.43708,-1.94553,340.8,0.46,0.47,2024-09-12,1231,N,VIIRS,n,2,295.11,5.63,D,0
38.29818,-1.52704,338.73,0.46,0.47,2024-09-12,1231,N,VIIRS,n,2,303.65,3.95,D,0
36.91289,-5.70829,331.59,0.41,0.61,2024-09-12,1231,N,VIIRS,n,2,299.08,2.28,D,0
36.7374,-6.30012,333.02,0.45,0.63,2024-09-12,1231,N,VIIRS,n,2,299.73,2.87,D,0
37.47852,-6.14041,330.94,0.42,0.61,2024-09-12,1231,N,VIIRS,l,2,302.27,1.38,D,0
39.81972,-4.42427,338.67,0.6,0.53,2024-09-12,1232,N,VIIRS,n,2,298.07,4.03,D,0
37.12839,-6.19532,337.34,0.42,0.61,2024-09-12,1411,N,VIIRS,n,2,301.83,4.11,D,0
40.01706,-6.09502,343.39,0.44,0.63,2024-09-12,1412,N,VIIRS,n,2,298.6,4.32,D,0
37.13015,-6.19847,331.16,0.42,0.61,2024-09-12,1412,N,VIIRS,n,2,300.27,2.94,D,0
41.18428,1.22669,348.21,0.54,0.67,2024-09-13,0050,N,VIIRS,n,2,287.61,6.17,N,0
41.18033,1.22595,343.42,0.54,0.68,2024-09-13,0050,N,VIIRS,n,2,288.3,5.05,N,0
41.17795,1.22627,328.17,0.54,0.67,2024-09-13,0050,N,VIIRS,n,2,286.19,4.34,N,0
41.2451,0.74684,300.1,0.54,0.5,2024-09-13,0230,N,VIIRS,n,2,282.48,0.8,N,0
41.47536,-1.48597,297.84,0.41,0.45,2024-09-13,0230,N,VIIRS,n,2,283.22,0.44,N,2
41.24193,0.73959,309.19,0.53,0.5,2024-09-13,0230,N,VIIRS,n,2,283.82,1.99,N,0
41.17998,1.2333,321.98,0.57,0.52,2024-09-13,0230,N,VIIRS,n,2,285.67,1.85,N,0
41.17932,1.23433,309.78,0.57,0.52,2024-09-13,0230,N,VIIRS,n,2,284.84,2.43,N,0
41.181,1.22776,318.83,0.57,0.52,2024-09-13,0230,N,VIIRS,n,2,286.93,2.43,N,0
43.34811,-8.43623,303.71,0.38,0.36,2024-09-13,0230,N,VIIRS,n,2,285.51,1.07,N,2
41.3098,1.6619,295.89,0.59,0.53,2024-09-13,0230,N,VIIRS,n,2,284.7,1.19,N,2
41.31445,1.66404,302.45,0.59,0.53,2024-09-13,0230,N,VIIRS,n,2,285.93,1.19,N,2
36.96538,-1.90374,304.22,0.5,0.49,2024-09-13,0231,N,VIIRS,n,2,291.47,1.09,N,2
38.8943,-5.69218,305.74,0.46,0.39,2024-09-13,0231,N,VIIRS,n,2,287.59,1.79,N,0
40.24484,-3.47315,316.45,0.54,0.42,2024-09-13,0231,N,VIIRS,n,2,287.65,3.05,N,2
38.37635,-0.54678,303.95,0.54,0.51,2024-09-13,0231,N,VIIRS,n,2,289.76,0.92,N,2
38.37853,-0.54633,300.16,0.54,0.51,2024-09-13,0231,N,VIIRS,n,2,289.54,1.44,N,2
38.8933,-5.68697,328,0.46,0.39,2024-09-13,0231,N,VIIRS,n,2,287.67,2,N,0
37.35955,-5.86736,310.56,0.48,0.4,2024-09-13,0232,N,VIIRS,n,2,291.41,1.15,N,2
37.40905,-5.64676,338.45,0.69,0.74,2024-09-13,1212,N,VIIRS,n,2,301.99,5.34,D,0
37.64438,-4.99016,338.55,0.63,0.72,2024-09-13,1212,N,VIIRS,n,2,303.75,5.71,D,0
37.07692,-5.67081,333.31,0.71,0.75,2024-09-13,1212,N,VIIRS,n,2,302.8,4.98,D,0
38.90908,-5.71275,340.07,0.63,0.72,2024-09-13,1213,N,VIIRS,n,2,298.46,7.95,D,0
38.90535,-5.70916,340.05,0.63,0.72,2024-09-13,1213,N,VIIRS,n,2,300.02,8.27,D,0
37.58014,-5.52963,350.97,0.5,0.49,2024-09-13,1353,N,VIIRS,n,2,311.88,4.06,D,0
38.78164,-5.6048,355.57,0.51,0.49,2024-09-13,1353,N,VIIRS,n,2,313.45,20.93,D,0
38.9122,-6.0925,344.97,0.48,0.48,2024-09-13,1353,N,VIIRS,n,2,306.58,5.15,D,0
38.911,-6.42219,333.22,0.46,0.47,2024-09-13,1353,N,VIIRS,l,2,305.32,3.6,D,0
40.24533,-3.47484,337.92,0.34,0.56,2024-09-13,1353,N,VIIRS,n,2,305.53,1.87,D,2
40.39617,-6.31857,330.45,0.49,0.48,2024-09-13,1353,N,VIIRS,n,2,299.49,76.17,D,0
37.40739,-5.62131,344.62,0.49,0.49,2024-09-13,1353,N,VIIRS,n,2,312.6,12.74,D,0
37.40694,-5.62696,342.36,0.49,0.49,2024-09-13,1353,N,VIIRS,l,2,314.25,9.55,D,0
37.57559,-5.52913,338.73,0.5,0.49,2024-09-13,1353,N,VIIRS,l,2,310.02,4.06,D,0
37.40579,-5.62464,348.39,0.49,0.49,2024-09-13,1353,N,VIIRS,n,2,317.05,18.46,D,0
40.40103,-6.31457,333.97,0.49,0.49,2024-09-13,1353,N,VIIRS,n,2,303,90.45,D,0
40.39666,-6.31247,367,0.49,0.49,2024-09-13,1353,N,VIIRS,l,2,332.95,76.17,D,0
38.78096,-5.60114,344.23,0.51,0.5,2024-09-13,1353,N,VIIRS,n,2,310.79,13.57,D,0
38.78051,-5.60714,338.33,0.51,0.49,2024-09-13,1353,N,VIIRS,n,2,312,13.57,D,0
43.54338,-5.83734,303.51,0.41,0.37,2024-09-14,0211,N,VIIRS,n,2,284.01,0.76,N,2
43.22414,-2.87899,298.61,0.39,0.36,2024-09-14,0211,N,VIIRS,n,2,282.6,0.46,N,2
43.55968,-5.72366,303.34,0.41,0.37,2024-09-14,0211,N,VIIRS,n,2,285.51,0.52,N,2
43.55359,-5.861,302.93,0.41,0.37,2024-09-14,0211,N,VIIRS,n,2,285.31,1,N,2
43.52916,-5.73151,295.41,0.41,0.37,2024-09-14,0211,N,VIIRS,n,2,283.22,0.58,N,2
43.52848,-5.7265,295.43,0.41,0.37,2024-09-14,0211,N,VIIRS,n,2,283.9,0.58,N,2
43.5393,-5.83313,322.21,0.41,0.37,2024-09-14,0211,N,VIIRS,n,2,285.4,2.41,N,2
43.52509,-5.72737,300.65,0.41,0.37,2024-09-14,0211,N,VIIRS,n,2,284.41,0.58,N,2
41.92439,0.1772,298.02,0.46,0.39,2024-09-14,0211,N,VIIRS,n,2,283.91,0.69,N,2
41.45511,1.98039,306.29,0.54,0.42,2024-09-14,0211,N,VIIRS,n,2,287.07,1.48,N,2
41.40649,1.99644,301.46,0.55,0.42,2024-09-14,0211,N,VIIRS,n,2,286.19,1.2,N,2
41.31332,1.66052,313.73,0.53,0.42,2024-09-14,0211,N,VIIRS,n,2,287.15,2.38,N,2
41.64624,-0.7691,299.51,0.43,0.38,2024-09-14,0211,N,VIIRS,n,2,282.61,0.61,N,0
42.55309,-6.76783,301.54,0.42,0.38,2024-09-14,0211,N,VIIRS,n,2,284.57,0.83,N,2
42.36921,-5.76997,303.06,0.4,0.37,2024-09-14,0211,N,VIIRS,n,2,278.47,0.76,N,0
41.47459,-1.48887,301.93,0.41,0.37,2024-09-14,0211,N,VIIRS,n,2,282.2,0.81,N,2
40.24553,-3.47381,325.91,0.39,0.36,2024-09-14,0212,N,VIIRS,n,2,287.72,2.53,N,2
40.57564,0.54068,302.04,0.49,0.4,2024-09-14,0212,N,VIIRS,n,2,287.03,1.18,N,2
41.65762,-5.26523,328.69,0.39,0.36,2024-09-14,0212,N,VIIRS,n,2,284.96,8.76,N,0
41.66093,-5.26437,319.88,0.39,0.36,2024-09-14,0212,N,VIIRS,n,2,279.55,1.26,N,0
41.89888,-7.93519,295.84,0.45,0.39,2024-09-14,0212,N,VIIRS,n,2,284.18,0.97,N,0
38.66537,-4.05127,297.11,0.39,0.36,2024-09-14,0212,N,VIIRS,n,2,285.52,1.13,N,2
38.37634,-0.54634,306.38,0.48,0.4,2024-09-14,0212,N,VIIRS,n,2,287.28,1.19,N,2
38.37814,-0.54348,299.13,0.48,0.4,2024-09-14,0212,N,VIIRS,n,2,285.85,0.49,N,2
40.009,-3.89936,298.92,0.39,0.36,2024-09-14,0212,N,VIIRS,n,2,286.26,0.69,N,2
37.35941,-5.86389,314.74,0.38,0.36,2024-09-14,0213,N,VIIRS,n,2,288.21,0.86,N,2
37.57496,-5.52184,338.95,0.45,0.39,2024-09-14,1334,N,VIIRS,n,2,308.88,19.62,D,0
37.39349,-5.36676,342,0.45,0.39,2024-09-14,1334,N,VIIRS,n,2,307.35,3.58,D,0
37.1395,-6.24346,338.7,0.42,0.38,2024-09-14,1334,N,VIIRS,n,2,307.59,4.2,D,0
37.14011,-6.23872,335.82,0.42,0.38,2024-09-14,1334,N,VIIRS,l,2,305.89,4.2,D,0
40.04359,-6.17365,344.58,0.45,0.39,2024-09-14,1334,N,VIIRS,n,2,307.45,5.12,D,0
37.57853,-5.52251,337.88,0.45,0.39,2024-09-14,1334,N,VIIRS,n,2,307.02,19.62,D,0
37.57434,-5.52694,347.51,0.45,0.39,2024-09-14,1334,N,VIIRS,n,2,312.32,19.62,D,0
42.00156,-6.82118,356.3,0.45,0.39,2024-09-14,1335,N,VIIRS,n,2,329.23,18.3,D,0
43.52492,-5.72824,308.93,0.4,0.44,2024-09-15,0152,N,VIIRS,n,2,285.43,1.47,N,2
41.45469,1.98006,313.36,0.39,0.36,2024-09-15,0152,N,VIIRS,n,2,290.76,1.71,N,2
42.5508,-6.76902,299.12,0.44,0.46,2024-09-15,0152,N,VIIRS,n,2,281.37,0.91,N,2
43.52539,-5.73322,309.99,0.4,0.44,2024-09-15,0152,N,VIIRS,n,2,285.64,1.47,N,2
43.22573,-2.88029,295.15,0.46,0.39,2024-09-15,0152,N,VIIRS,n,2,283.7,0.54,N,2
43.52903,-5.72754,305.91,0.4,0.44,2024-09-15,0152,N,VIIRS,n,2,284.65,1.47,N,2
41.40626,1.99969,314.3,0.39,0.36,2024-09-15,0152,N,VIIRS,n,2,288.46,1.27,N,2
43.52948,-5.73236,322.03,0.4,0.44,2024-09-15,0152,N,VIIRS,n,2,283.92,1.47,N,2
43.53883,-5.83299,337.84,0.4,0.45,2024-09-15,0152,N,VIIRS,n,2,286.98,6.68,N,2
43.55359,-5.85647,310.08,0.41,0.45,2024-09-15,0152,N,VIIRS,n,2,285.59,1.26,N,2
41.31364,1.66221,319.99,0.39,0.36,2024-09-15,0152,N,VIIRS,n,2,289.26,1.84,N,2
42.13016,-1.15927,314.07,0.4,0.37,2024-09-15,0152,N,VIIRS,n,2,282.85,1.36,N,0
41.92305,0.17733,327.41,0.39,0.36,2024-09-15,0152,N,VIIRS,n,2,284.98,1.48,N,2
41.92634,0.17822,298.92,0.39,0.36,2024-09-15,0152,N,VIIRS,n,2,284.94,1.48,N,2
40.00909,-3.90102,299.51,0.46,0.39,2024-09-15,0153,N,VIIRS,n,2,289.03,1.11,N,2
41.47466,-1.48928,307.62,0.4,0.37,2024-09-15,0153,N,VIIRS,n,2,283.69,1.12,N,2
41.94575,-6.94108,324.05,0.44,0.46,2024-09-15,0153,N,VIIRS,n,2,281.38,2.97,N,0
40.57521,0.54205,311.39,0.38,0.36,2024-09-15,0153,N,VIIRS,n,2,289.68,1.19,N,2
40.85704,-5.21521,300.07,0.53,0.42,2024-09-15,0153,N,VIIRS,n,2,280.09,0.76,N,0
40.85317,-5.21591,327.22,0.53,0.42,2024-09-15,0153,N,VIIRS,n,2,281.26,3.72,N,0
40.85696,-5.21608,297.23,0.53,0.42,2024-09-15,0153,N,VIIRS,n,2,279.93,1.84,N,0
40.85308,-5.21678,322.22,0.53,0.42,2024-09-15,0153,N,VIIRS,n,2,280.48,1.84,N,0
40.24633,-3.4736,308.25,0.45,0.39,2024-09-15,0153,N,VIIRS,n,2,287.58,1.25,N,2
40.24277,-3.47438,312.5,0.45,0.39,2024-09-15,0153,N,VIIRS,n,2,288.41,1.86,N,2
39.66233,-0.246,302.3,0.38,0.36,2024-09-15,0153,N,VIIRS,n,2,291.35,0.44,N,2
39.07825,-5.84215,320.66,0.54,0.42,2024-09-15,0153,N,VIIRS,n,2,288.3,2.66,N,0
38.37705,-0.5434,311.63,0.38,0.36,2024-09-15,0153,N,VIIRS,n,2,291.04,1.41,N,2
38.66642,-4.05185,300.04,0.45,0.39,2024-09-15,0153,N,VIIRS,n,2,288.94,0.76,N,2
37.18096,-6.89819,303.96,0.39,0.44,2024-09-15,0154,N,VIIRS,n,2,292.55,1.66,N,0
36.17673,-5.42816,301.78,0.48,0.4,2024-09-15,0154,N,VIIRS,n,2,290.87,1.2,N,0
43.52558,-5.73205,297.61,0.63,0.72,2024-09-15,0332,N,VIIRS,n,2,284.45,1.22,N,2
37.36384,-5.91641,336.9,0.4,0.37,2024-09-15,1315,N,VIIRS,l,2,311.54,2.74,D,0
37.07328,-3.68522,344.85,0.39,0.36,2024-09-15,1315,N,VIIRS,n,2,308.05,2.55,D,0
37.56686,-5.51301,355.13,0.39,0.36,2024-09-15,1315,N,VIIRS,n,2,311.39,10.35,D,0
37.8077,-4.26061,339.16,0.38,0.36,2024-09-15,1315,N,VIIRS,n,2,310.95,1.27,D,0
37.81099,-4.26139,336.21,0.38,0.36,2024-09-15,1315,N,VIIRS,l,2,311.08,1.68,D,0
38.28212,-6.16088,342.17,0.4,0.37,2024-09-15,1315,N,VIIRS,n,2,307.46,3.99,D,0
38.28544,-6.16181,346.84,0.4,0.37,2024-09-15,1315,N,VIIRS,n,2,309.83,4.8,D,0
38.9683,-6.47796,344.07,0.4,0.37,2024-09-15,1315,N,VIIRS,n,2,313.47,3.8,D,0
40.30422,-3.45431,338.13,0.4,0.37,2024-09-15,1315,N,VIIRS,l,2,311.61,2.84,D,0
40.39959,-6.31105,342.62,0.39,0.36,2024-09-15,1316,N,VIIRS,l,2,315.88,24.23,D,0
43.52645,-5.72752,334.92,0.39,0.36,2024-09-15,1316,N,VIIRS,n,2,300.21,3.26,D,2
43.53878,-5.82959,325.09,0.39,0.36,2024-09-15,1316,N,VIIRS,l,2,299.24,1.71,D,2
41.92302,0.1805,337.24,0.54,0.42,2024-09-15,1316,N,VIIRS,l,2,310.13,9.21,D,2
43.22549,-2.88098,299.05,0.49,0.49,2024-09-16,0133,N,VIIRS,n,2,283.31,1.03,N,2
43.52079,-5.73287,297.01,0.34,0.56,2024-09-16,0133,N,VIIRS,n,2,281.45,0.55,N,2
43.52581,-5.72805,300.07,0.34,0.56,2024-09-16,0133,N,VIIRS,n,2,283.79,0.44,N,2
43.52603,-5.73231,295.22,0.34,0.56,2024-09-16,0133,N,VIIRS,n,2,283.07,0.44,N,2
43.53105,-5.72741,298.26,0.34,0.56,2024-09-16,0133,N,VIIRS,n,2,283.45,0.44,N,2
43.53127,-5.73158,295.26,0.34,0.56,2024-09-16,0133,N,VIIRS,n,2,282.1,0.44,N,2
43.56251,-5.72419,301.16,0.34,0.56,2024-09-16,0133,N,VIIRS,n,2,284.48,0.72,N,2
43.54177,-5.83124,332.96,0.35,0.56,2024-09-16,0133,N,VIIRS,n,2,283.69,2.51,N,2
42.55272,-6.76976,307,0.38,0.59,2024-09-16,0133,N,VIIRS,n,2,285.26,0.83,N,2
42.55272,-6.77099,296.32,0.38,0.59,2024-09-16,0133,N,VIIRS,n,2,282.89,0.71,N,2
43.03923,-2.21906,304.59,0.45,0.47,2024-09-16,0133,N,VIIRS,n,2,282.64,0.98,N,2
41.31342,1.65994,313.36,0.45,0.39,2024-09-16,0134,N,VIIRS,n,2,288.41,1.19,N,2
41.45529,1.98187,306.72,0.44,0.38,2024-09-16,0134,N,VIIRS,n,2,290.44,1.25,N,2
42.15891,-8.30544,304.08,0.45,0.63,2024-09-16,0134,N,VIIRS,n,2,287.72,1.52,N,0
42.15302,-8.30626,321.86,0.45,0.63,2024-09-16,0134,N,VIIRS,n,2,289.75,1.52,N,0
42.15317,-8.31067,303.1,0.45,0.63,2024-09-16,0134,N,VIIRS,n,2,288.45,1.52,N,0
42.15287,-8.30182,298.9,0.45,0.63,2024-09-16,0134,N,VIIRS,n,2,287.04,1.47,N,0
42.14744,-8.31655,299.99,0.45,0.63,2024-09-16,0134,N,VIIRS,n,2,287.29,0.44,N,0
42.08584,-7.42342,303.05,0.41,0.6,2024-09-16,0134,N,VIIRS,n,2,288.7,1.46,N,0
42.07988,-7.41617,301.76,0.41,0.6,2024-09-16,0134,N,VIIRS,n,2,287.54,0.81,N,0
42.07429,-7.41825,306.99,0.41,0.6,2024-09-16,0134,N,VIIRS,n,2,285.83,0.81,N,0
41.31462,1.66212,313.76,0.45,0.39,2024-09-16,0134,N,VIIRS,n,2,288.78,1.55,N,2
41.31274,1.66534,298.03,0.45,0.39,2024-09-16,0134,N,VIIRS,n,2,286.77,1.19,N,2
42.07782,-7.4143,307.38,0.41,0.6,2024-09-16,0134,N,VIIRS,n,2,286.96,0.83,N,0
41.47479,-1.48964,297.54,0.4,0.44,2024-09-16,0134,N,VIIRS,n,2,283.17,0.83,N,2
40.24474,-3.47472,320.02,0.49,0.49,2024-09-16,0134,N,VIIRS,n,2,289.75,2.98,N,2
40.24778,-3.47495,310.08,0.49,0.48,2024-09-16,0134,N,VIIRS,n,2,288.21,1.59,N,2
40.24328,-3.47563,306.85,0.49,0.48,2024-09-16,0134,N,VIIRS,n,2,287.16,1.5,N,2
39.57253,-2.44808,317.75,0.43,0.46,2024-09-16,0134,N,VIIRS,n,2,280.74,1.73,N,0
39.56831,-2.44877,338.53,0.43,0.46,2024-09-16,0134,N,VIIRS,n,2,280.33,5.59,N,0
39.53019,-2.50044,338.09,0.43,0.46,2024-09-16,0134,N,VIIRS,n,2,285.76,4.71,N,0
39.52974,-2.49541,312.09,0.43,0.46,2024-09-16,0134,N,VIIRS,n,2,282.38,4.71,N,0
39.52597,-2.50116,334.86,0.43,0.46,2024-09-16,0134,N,VIIRS,n,2,282.98,4.71,N,0
39.52552,-2.49615,312.46,0.43,0.46,2024-09-16,0134,N,VIIRS,n,2,282.52,4.71,N,0
39.52638,-2.49737,337.81,0.43,0.46,2024-09-16,0134,N,VIIRS,n,2,287.16,10.35,N,0
38.37569,-0.54494,300.65,0.5,0.41,2024-09-16,0134,N,VIIRS,n,2,290.01,1.32,N,2
39.53111,-2.5024,302.52,0.71,0.75,2024-09-16,0314,N,VIIRS,n,2,281.27,5.86,N,0
43.52811,-5.73332,297.73,0.38,0.59,2024-09-16,0314,N,VIIRS,n,2,282.55,1.55,N,2
43.52673,-5.72855,302.13,0.38,0.59,2024-09-16,0314,N,VIIRS,n,2,283.17,0.68,N,2
43.5216,-5.73136,295.21,0.38,0.59,2024-09-16,0314,N,VIIRS,n,2,281.14,0.68,N,2
42.09043,-7.42222,297.21,0.35,0.57,2024-09-16,0314,N,VIIRS,n,2,284.39,0.78,N,0
42.08919,-7.41771,296.84,0.35,0.57,2024-09-16,0314,N,VIIRS,n,2,282.96,0.62,N,0
42.08518,-7.42372,306.45,0.35,0.57,2024-09-16,0314,N,VIIRS,n,2,288.49,1.93,N,0
42.08387,-7.41893,297.81,0.35,0.57,2024-09-16,0314,N,VIIRS,n,2,284.05,1.06,N,0
40.24283,-3.47307,310.82,0.61,0.71,2024-09-16,0314,N,VIIRS,n,2,285.61,1.9,N,2
39.57143,-2.44399,296.99,0.72,0.75,2024-09-16,0314,N,VIIRS,n,2,279.72,1.31,N,0
39.52764,-2.49774,350.84,0.71,0.75,2024-09-16,0314,N,VIIRS,n,2,283.73,7.9,N,0
39.52842,-2.49424,334.99,0.72,0.75,2024-09-16,0314,N,VIIRS,n,2,282.99,5.86,N,0
38.66678,-4.04687,298.38,0.64,0.72,2024-09-16,0315,N,VIIRS,n,2,284.53,2.05,N,2
39.86463,-1.27683,333.21,0.39,0.36,2024-09-16,1256,N,VIIRS,n,2,304.9,5.22,D,0
37.41742,-1.61447,339.38,0.4,0.37,2024-09-16,1256,N,VIIRS,n,2,303.09,1.36,D,0
37.58151,-1.18385,338.46,0.4,0.37,2024-09-16,1256,N,VIIRS,n,2,302.75,2.68,D,0
37.29465,-5.79432,344.66,0.39,0.44,2024-09-16,1256,N,VIIRS,n,2,312.51,2.24,D,0
37.29639,-5.79285,347.52,0.39,0.44,2024-09-16,1256,N,VIIRS,n,2,310.14,3.31,D,0
38.09539,-1.89394,338.93,0.41,0.37,2024-09-16,1256,N,VIIRS,n,2,304.53,2.28,D,0
38.26128,-1.47491,348.23,0.4,0.37,2024-09-16,1256,N,VIIRS,n,2,312.24,5.87,D,0
38.29783,-1.52678,343.02,0.4,0.37,2024-09-16,1256,N,VIIRS,n,2,313.77,3.71,D,0
38.9327,-5.66572,345.95,0.53,0.42,2024-09-16,1256,N,VIIRS,l,2,317.17,14.73,D,0
38.93647,-5.66701,348.97,0.53,0.42,2024-09-16,1256,N,VIIRS,n,2,317.9,14.73,D,0
42.00736,-7.16329,367,0.54,0.42,2024-09-16,1257,N,VIIRS,h,2,342.27,95.12,D,0
42.38677,-5.59122,344.94,0.46,0.39,2024-09-16,1257,N,VIIRS,n,2,310.23,6.84,D,0
42.39031,-5.59247,343.02,0.46,0.39,2024-09-16,1257,N,VIIRS,n,2,307.75,6.84,D,0
41.99087,-8.11296,334.81,0.4,0.44,2024-09-16,1257,N,VIIRS,n,2,304.43,4.05,D,0
41.99488,-8.11418,345.76,0.4,0.44,2024-09-16,1257,N,VIIRS,n,2,306.97,4.05,D,0
42.69559,-5.58776,340.17,0.46,0.39,2024-09-16,1257,N,VIIRS,n,2,304.19,2.81,D,0
42.6424,-6.22666,367,0.48,0.4,2024-09-16,1257,N,VIIRS,h,2,355.53,192.71,D,0
42.64354,-6.2209,335.18,0.48,0.4,2024-09-16,1257,N,VIIRS,n,2,306.41,35.2,D,0
41.31219,1.66502,329.98,0.41,0.37,2024-09-16,1257,N,VIIRS,l,2,304.09,1.97,D,2
42.09356,-2.8786,367,0.4,0.37,2024-09-16,1257,N,VIIRS,h,2,333.91,117.49,D,0
42.09688,-2.87961,330.51,0.4,0.37,2024-09-16,1257,N,VIIRS,n,2,303.7,117.49,D,0
42.09611,-2.88414,330.7,0.4,0.37,2024-09-16,1257,N,VIIRS,n,2,300.63,117.49,D,0
41.99737,-7.15254,347.09,0.54,0.42,2024-09-16,1257,N,VIIRS,n,2,318.78,19.07,D,0
41.9959,-7.15945,350.57,0.54,0.42,2024-09-16,1257,N,VIIRS,l,2,327.56,50.05,D,0
42.00123,-7.15362,367,0.54,0.42,2024-09-16,1257,N,VIIRS,h,2,337.35,101.27,D,0
41.99974,-7.16066,367,0.54,0.42,2024-09-16,1257,N,VIIRS,h,2,352.15,164.52,D,0
42.00358,-7.16185,367,0.54,0.42,2024-09-16,1257,N,VIIRS,h,2,353.37,164.52,D,0
42.00507,-7.1548,344.72,0.54,0.42,2024-09-16,1257,N,VIIRS,n,2,315.43,101.27,D,0
42.01111,-7.16488,341.61,0.54,0.42,2024-09-16,1257,N,VIIRS,n,2,300.41,95.12,D,0
42.64849,-6.2349,367,0.49,0.4,2024-09-16,1257,N,VIIRS,h,2,342.01,454.34,D,0
42.64486,-6.23367,367,0.49,0.4,2024-09-16,1257,N,VIIRS,l,2,379.74,192.71,D,0
42.64719,-6.22204,332.24,0.48,0.4,2024-09-16,1257,N,VIIRS,n,2,302.96,35.2,D,0
42.64603,-6.22781,367,0.48,0.4,2024-09-16,1257,N,VIIRS,h,2,378.85,192.71,D,0
42.64124,-6.23245,345.96,0.49,0.4,2024-09-16,1257,N,VIIRS,n,2,309.14,192.71,D,0
43.53878,-5.82892,338.18,0.45,0.39,2024-09-16,1258,N,VIIRS,n,2,292.27,9.05,D,2
43.118,-6.92307,341.32,0.51,0.41,2024-09-16,1258,N,VIIRS,n,2,297.94,14.22,D,0
43.54018,-5.83259,318.95,0.6,0.71,2024-09-17,0114,N,VIIRS,n,2,280.64,3.07,N,2
42.64002,-6.24705,312.86,0.62,0.72,2024-09-17,0114,N,VIIRS,n,2,280.76,4.09,N,0
42.6399,-6.23744,321.69,0.62,0.72,2024-09-17,0114,N,VIIRS,n,2,278.08,2.9,N,0
42.64662,-6.23664,304.06,0.62,0.72,2024-09-17,0114,N,VIIRS,n,2,280.65,2.9,N,0
42.64674,-6.24639,298.74,0.62,0.72,2024-09-17,0114,N,VIIRS,n,2,281.96,4.09,N,0
42.64175,-6.24142,342.7,0.62,0.72,2024-09-17,0114,N,VIIRS,n,2,282.85,8.7,N,0
42.66195,-6.24132,314.94,0.62,0.72,2024-09-17,0114,N,VIIRS,n,2,283.17,2.44,N,0
42.66203,-6.25251,299.04,0.63,0.72,2024-09-17,0114,N,VIIRS,n,2,280.39,2.44,N,0
42.66209,-6.26117,302.12,0.63,0.72,2024-09-17,0114,N,VIIRS,n,2,280.54,1.63,N,0
43.52199,-5.73203,300.32,0.59,0.7,2024-09-17,0114,N,VIIRS,n,2,279.52,1.1,N,2
43.52207,-5.73954,302.21,0.59,0.7,2024-09-17,0114,N,VIIRS,n,2,279.85,1.1,N,2
43.52859,-5.73178,295.83,0.59,0.7,2024-09-17,0114,N,VIIRS,n,2,279.89,1.1,N,2
43.5363,-5.83066,312.18,0.6,0.7,2024-09-17,0114,N,VIIRS,n,2,278.86,2.37,N,2
43.54984,-5.85439,295.33,0.6,0.71,2024-09-17,0114,N,VIIRS,n,2,280.87,1.3,N,0
43.52633,-5.73346,308.7,0.59,0.7,2024-09-17,0114,N,VIIRS,n,2,280.71,2.14,N,2
43.5536,-5.85637,297.88,0.6,0.71,2024-09-17,0114,N,VIIRS,n,2,281.42,0.89,N,2
39.52898,-2.49653,327.31,0.38,0.59,2024-09-17,0115,N,VIIRS,n,2,283.2,3.76,N,0
39.52372,-2.50165,296.26,0.38,0.59,2024-09-17,0115,N,VIIRS,n,2,281.77,1.26,N,0
39.5235,-2.49718,299.62,0.38,0.59,2024-09-17,0115,N,VIIRS,n,2,281.73,1.15,N,0
41.99562,-7.15822,345.86,0.69,0.74,2024-09-17,0115,N,VIIRS,n,2,288.08,6.02,N,0
41.98607,-7.16513,304.86,0.69,0.74,2024-09-17,0115,N,VIIRS,n,2,283.07,1.68,N,0
41.99308,-7.15303,349.71,0.69,0.74,2024-09-17,0115,N,VIIRS,n,2,286.93,7,N,0
41.99308,-7.16511,323.14,0.69,0.74,2024-09-17,0115,N,VIIRS,n,2,283.35,12.7,N,0
42.00008,-7.15175,316.31,0.69,0.74,2024-09-17,0115,N,VIIRS,n,2,285.34,7,N,0
40.24688,-3.47414,313.43,0.44,0.62,2024-09-17,0115,N,VIIRS,n,2,287.59,1.15,N,2
40.24107,-3.47472,297.22,0.44,0.62,2024-09-17,0115,N,VIIRS,n,2,285.48,0.65,N,2
39.57074,-2.45197,296.6,0.38,0.59,2024-09-17,0115,N,VIIRS,n,2,283.61,1.01,N,0
39.5705,-2.44746,300.27,0.38,0.59,2024-09-17,0115,N,VIIRS,n,2,283.47,0.74,N,0
39.52921,-2.50106,336.68,0.38,0.59,2024-09-17,0115,N,VIIRS,n,2,283.69,5.42,N,0
41.99557,-7.14684,305.23,0.69,0.74,2024-09-17,0115,N,VIIRS,n,2,284.37,6.02,N,0
41.98862,-7.15648,320.61,0.69,0.74,2024-09-17,0115,N,VIIRS,n,2,284.36,6.02,N,0
41.98868,-7.16967,303.18,0.69,0.74,2024-09-17,0115,N,VIIRS,n,2,281.16,8.44,N,0
41.31092,1.66106,309.7,0.48,0.48,2024-09-17,0115,N,VIIRS,n,2,286.49,1.53,N,2
41.47248,-1.48777,299.77,0.35,0.57,2024-09-17,0115,N,VIIRS,n,2,285.24,0.53,N,2
40.57405,0.54311,300.56,0.54,0.51,2024-09-17,0115,N,VIIRS,n,2,288.38,1.01,N,2
40.57748,0.54206,304.48,0.54,0.51,2024-09-17,0115,N,VIIRS,n,2,289.6,1.17,N,2
38.66564,-4.05223,298.91,0.46,0.63,2024-09-17,0116,N,VIIRS,n,2,287.12,0.86,N,2
36.96597,-1.90739,304.07,0.34,0.56,2024-09-17,0116,N,VIIRS,n,2,290.57,0.76,N,2
37.82843,-4.55434,306.34,0.48,0.65,2024-09-17,0116,N,VIIRS,n,2,289.67,0.8,N,0
37.82756,-4.55368,306.17,0.48,0.64,2024-09-17,0116,N,VIIRS,n,2,289.31,0.6,N,0
37.57084,-0.91505,303.66,0.6,0.53,2024-09-17,0116,N,VIIRS,n,2,290.72,1.23,N,2
41.99062,-7.15791,355.29,0.43,0.46,2024-09-17,0255,N,VIIRS,n,2,302.17,17.28,N,0
43.52579,-5.73182,302.7,0.46,0.47,2024-09-17,0255,N,VIIRS,n,2,284.17,1.61,N,2
43.55157,-5.86028,305.07,0.46,0.47,2024-09-17,0255,N,VIIRS,n,2,284.23,0.71,N,2
41.31087,1.66167,307.83,0.59,0.7,2024-09-17,0255,N,VIIRS,n,2,281.84,3.3,N,2
41.10594,1.18346,299.59,0.57,0.69,2024-09-17,0255,N,VIIRS,n,2,286.34,1.39,N,0
41.1045,1.18438,302.39,0.57,0.69,2024-09-17,0255,N,VIIRS,n,2,286.7,0.74,N,0
42.66371,-6.24591,352.13,0.46,0.47,2024-09-17,0255,N,VIIRS,n,2,298.69,26.64,N,0
42.66257,-6.24104,356.73,0.46,0.47,2024-09-17,0255,N,VIIRS,n,2,298.79,26.64,N,0
42.66139,-6.236,296.25,0.46,0.47,2024-09-17,0255,N,VIIRS,n,2,283.96,2.6,N,0
42.64457,-6.24298,345.53,0.46,0.47,2024-09-17,0255,N,VIIRS,n,2,290.22,7.1,N,0
42.64338,-6.23791,342.18,0.46,0.47,2024-09-17,0255,N,VIIRS,n,2,287.72,7.1,N,0
42.64814,-6.2582,298.6,0.46,0.47,2024-09-17,0255,N,VIIRS,n,2,283.1,0.99,N,0
42.64697,-6.2532,311.97,0.46,0.47,2024-09-17,0255,N,VIIRS,n,2,285.05,1.47,N,0
42.64576,-6.24807,296.25,0.46,0.47,2024-09-17,0255,N,VIIRS,n,2,284.44,1.47,N,0
42.63914,-6.23951,295.05,0.46,0.47,2024-09-17,0255,N,VIIRS,n,2,280.82,7.1,N,0
41.99802,-7.15393,315.52,0.43,0.46,2024-09-17,0255,N,VIIRS,n,2,286.57,1.26,N,0
41.99689,-7.14908,300.99,0.43,0.46,2024-09-17,0255,N,VIIRS,n,2,282.48,1.26,N,0
41.99493,-7.15994,338.38,0.43,0.46,2024-09-17,0255,N,VIIRS,n,2,287.17,11.7,N,0
41.99388,-7.15538,367,0.43,0.46,2024-09-17,0255,N,VIIRS,h,2,296.67,41.48,N,0
41.99281,-7.15077,341.95,0.43,0.46,2024-09-17,0255,N,VIIRS,n,2,313.97,41.48,N,0
41.99085,-7.16164,338.5,0.43,0.46,2024-09-17,0255,N,VIIRS,n,2,289.63,11.7,N,0
41.98982,-7.15717,356.71,0.43,0.46,2024-09-17,0255,N,VIIRS,n,2,297.15,41.48,N,0
41.98877,-7.15267,341.37,0.43,0.46,2024-09-17,0255,N,VIIRS,n,2,295.11,41.48,N,0
41.99885,-7.15483,306.4,0.43,0.46,2024-09-17,0255,N,VIIRS,n,2,285.35,7.36,N,0
41.99775,-7.14995,299.84,0.43,0.46,2024-09-17,0255,N,VIIRS,n,2,283.4,16.2,N,0
41.99468,-7.15613,367,0.43,0.46,2024-09-17,0255,N,VIIRS,h,2,296.1,7.36,N,0
41.99364,-7.15152,354.4,0.43,0.46,2024-09-17,0255,N,VIIRS,n,2,311.95,16.2,N,0
41.99574,-7.16078,297.29,0.43,0.46,2024-09-17,0255,N,VIIRS,n,2,282.94,7.36,N,0
41.99257,-7.14683,301.02,0.43,0.46,2024-09-17,0255,N,VIIRS,n,2,284.68,16.2,N,0
41.98652,-7.15953,328.15,0.43,0.46,2024-09-17,0255,N,VIIRS,n,2,282.6,17.28,N,0
41.98854,-7.14878,303.89,0.43,0.46,2024-09-17,0255,N,VIIRS,n,2,283.52,43.51,N,0
41.99164,-7.16242,319.78,0.43,0.46,2024-09-17,0255,N,VIIRS,n,2,283.12,17.28,N,0
41.98959,-7.15342,333.89,0.43,0.46,2024-09-17,0255,N,VIIRS,n,2,304.58,43.51,N,0
37.36082,-5.86374,307.36,0.32,0.55,2024-09-17,0256,N,VIIRS,n,2,291,0.89,N,2
40.24438,-3.4771,304.27,0.36,0.57,2024-09-17,0256,N,VIIRS,n,2,286.14,1.86,N,2
39.56902,-2.44958,316.4,0.42,0.61,2024-09-17,0256,N,VIIRS,n,2,282.95,1.11,N,0
40.24329,-3.47303,313.76,0.36,0.57,2024-09-17,0256,N,VIIRS,n,2,286.65,1.54,N,2
39.5719,-2.44957,308.92,0.42,0.61,2024-09-17,0256,N,VIIRS,n,2,283.27,1.48,N,0
39.53024,-2.49685,333.95,0.42,0.61,2024-09-17,0256,N,VIIRS,n,2,283.46,2.87,N,0
39.52483,-2.49927,343.28,0.42,0.61,2024-09-17,0256,N,VIIRS,n,2,282.46,3.93,N,0
38.28703,-1.56151,333.37,0.39,0.44,2024-09-17,1237,N,VIIRS,n,2,300.85,2.12,D,0
38.25929,-1.4735,331.41,0.39,0.44,2024-09-17,1237,N,VIIRS,n,2,300.98,2.27,D,0
40.24348,-3.47436,337.09,0.44,0.46,2024-09-17,1238,N,VIIRS,n,2,306.6,2.04,D,2
39.32402,-5.50801,341.12,0.58,0.52,2024-09-17,1238,N,VIIRS,n,2,310.32,15.28,D,0
39.04356,-5.73389,331.83,0.61,0.53,2024-09-17,1238,N,VIIRS,l,2,305.39,6.48,D,0
39.52734,-2.49834,344.79,0.41,0.45,2024-09-17,1238,N,VIIRS,n,2,306.77,10.54,D,0
42.16916,0.88651,337.04,0.42,0.37,2024-09-17,1238,N,VIIRS,n,2,301.23,2.28,D,0
40.53258,-3.31354,339.08,0.43,0.46,2024-09-17,1238,N,VIIRS,n,2,302.7,1.89,D,0
39.32516,-5.50689,348.35,0.58,0.52,2024-09-17,1238,N,VIIRS,n,2,312.35,14.81,D,0
41.31261,1.66139,330.49,0.41,0.37,2024-09-17,1238,N,VIIRS,n,2,302.2,1.58,D,2
43.52771,-5.7334,339.88,0.47,0.48,2024-09-17,1239,N,VIIRS,n,2,295.4,6.82,D,2
42.64283,-6.24129,343.43,0.52,0.5,2024-09-17,1239,N,VIIRS,n,2,306.78,14.82,D,0
43.52485,-5.72523,331.98,0.47,0.48,2024-09-17,1239,N,VIIRS,n,2,296.74,3.39,D,2
43.52908,-5.72716,326.83,0.47,0.48,2024-09-17,1239,N,VIIRS,n,2,295.14,3.39,D,2
43.52776,-5.73275,342.23,0.47,0.48,2024-09-17,1239,N,VIIRS,n,2,296.43,7.74,D,2
43.52482,-5.72592,337.48,0.47,0.48,2024-09-17,1239,N,VIIRS,n,2,297.45,6.82,D,2
39.07216,-5.84646,343.22,0.55,0.68,2024-09-17,1418,N,VIIRS,n,2,305.84,5.52,D,0
43.52911,-5.72529,328.96,0.58,0.7,2024-09-17,1419,N,VIIRS,n,2,292.67,5.76,D,2
43.33367,-3.10959,313.42,0.75,0.77,2024-09-18,0055,N,VIIRS,n,2,283.53,2.69,N,0
39.52933,-2.50002,295.32,0.68,0.74,2024-09-18,0056,N,VIIRS,n,2,282.72,0.51,N,0
40.24509,-3.4764,306.8,0.77,0.77,2024-09-18,0056,N,VIIRS,n,2,286.15,2.19,N,2
40.24505,-3.48252,295.82,0.77,0.77,2024-09-18,0056,N,VIIRS,n,2,285.34,2.08,N,0
43.32919,-5.77375,297.95,0.45,0.39,2024-09-18,0236,N,VIIRS,n,2,284.03,0.55,N,2
43.34494,-8.43744,297.1,0.39,0.36,2024-09-18,0236,N,VIIRS,n,2,286.53,0.54,N,2
42.55324,-6.76953,300.39,0.43,0.38,2024-09-18,0236,N,VIIRS,n,2,284.59,0.57,N,2
42.2074,-7.39356,299.55,0.42,0.37,2024-09-18,0236,N,VIIRS,n,2,282.71,5.31,N,0
42.20403,-7.39472,336.64,0.42,0.37,2024-09-18,0236,N,VIIRS,n,2,287.93,5.31,N,0
42.20155,-7.40072,323.99,0.42,0.37,2024-09-18,0236,N,VIIRS,n,2,284.67,2.3,N,0
42.20063,-7.39575,323.91,0.42,0.37,2024-09-18,0236,N,VIIRS,n,2,285.03,3.02,N,0
43.52698,-5.73212,334.49,0.45,0.39,2024-09-18,0236,N,VIIRS,n,2,289.39,4.29,N,2
43.52592,-5.72668,296.08,0.45,0.39,2024-09-18,0236,N,VIIRS,n,2,285.96,4.29,N,2
43.53095,-5.72716,295.98,0.45,0.39,2024-09-18,0236,N,VIIRS,n,2,285.51,1.45,N,2
43.52851,-5.73387,328.13,0.45,0.39,2024-09-18,0236,N,VIIRS,n,2,288.42,5.08,N,2
43.52746,-5.72839,310.88,0.45,0.39,2024-09-18,0236,N,VIIRS,n,2,287.5,1.45,N,2
43.52502,-5.73513,314.41,0.45,0.39,2024-09-18,0236,N,VIIRS,n,2,286.87,1.8,N,2
43.52398,-5.72968,295.58,0.45,0.39,2024-09-18,0236,N,VIIRS,n,2,285.41,0.78,N,2
43.34824,-8.43637,302.88,0.39,0.36,2024-09-18,0236,N,VIIRS,n,2,286.73,0.54,N,2
41.99109,-6.96155,330.06,0.43,0.38,2024-09-18,0237,N,VIIRS,n,2,283.53,9.63,N,0
42.00905,-6.95483,321.22,0.43,0.38,2024-09-18,0237,N,VIIRS,n,2,283.13,21.36,N,0
42.00811,-6.9498,348.34,0.43,0.38,2024-09-18,0237,N,VIIRS,n,2,288.08,21.36,N,0
42.00558,-6.95575,343.33,0.43,0.38,2024-09-18,0237,N,VIIRS,n,2,310.6,21.36,N,0
42.00464,-6.95077,334.5,0.43,0.38,2024-09-18,0237,N,VIIRS,n,2,289.41,21.36,N,0
42.0037,-6.94575,329.81,0.43,0.38,2024-09-18,0237,N,VIIRS,n,2,283.82,1.95,N,0
42.00651,-6.96071,317.7,0.43,0.38,2024-09-18,0237,N,VIIRS,n,2,285.2,3.58,N,0
42.00273,-6.94062,299.43,0.43,0.38,2024-09-18,0237,N,VIIRS,n,2,281.23,1.95,N,0
42.00493,-6.97169,320.59,0.43,0.38,2024-09-18,0237,N,VIIRS,n,2,284.97,11.81,N,0
42.00399,-6.9667,335.33,0.43,0.38,2024-09-18,0237,N,VIIRS,n,2,288.21,3.85,N,0
42.00306,-6.9617,345.86,0.43,0.38,2024-09-18,0237,N,VIIRS,n,2,294.08,3.85,N,0
42.00025,-6.94678,334.42,0.43,0.38,2024-09-18,0237,N,VIIRS,n,2,290.48,10.19,N,0
41.99931,-6.94176,320.9,0.43,0.38,2024-09-18,0237,N,VIIRS,n,2,282.38,10.19,N,0
42.00211,-6.95669,314.46,0.43,0.38,2024-09-18,0237,N,VIIRS,n,2,288.21,2.18,N,0
42.00118,-6.95171,308.94,0.43,0.38,2024-09-18,0237,N,VIIRS,n,2,285.76,2.18,N,0
42.0015,-6.97277,338.73,0.43,0.38,2024-09-18,0237,N,VIIRS,n,2,291.57,11.81,N,0
41.99771,-6.95265,323.55,0.43,0.38,2024-09-18,0237,N,VIIRS,n,2,291.21,2.18,N,0
41.99679,-6.94775,345.78,0.43,0.38,2024-09-18,0237,N,VIIRS,n,2,294.52,10.19,N,0
42.00055,-6.96776,317.01,0.43,0.38,2024-09-18,0237,N,VIIRS,n,2,286.2,3.85,N,0
41.9996,-6.9627,308.22,0.43,0.38,2024-09-18,0237,N,VIIRS,n,2,287.45,3.85,N,0
41.99865,-6.95764,316.19,0.43,0.38,2024-09-18,0237,N,VIIRS,n,2,288.69,2.18,N,0
42.00329,-6.96854,325.58,0.43,0.38,2024-09-18,0237,N,VIIRS,n,2,287.22,7.57,N,0
42.00236,-6.96352,339.81,0.43,0.38,2024-09-18,0237,N,VIIRS,n,2,291.38,2.53,N,0
41.99959,-6.94854,325.94,0.43,0.38,2024-09-18,0237,N,VIIRS,n,2,288.52,4.26,N,0
41.99866,-6.94357,342.27,0.43,0.38,2024-09-18,0237,N,VIIRS,n,2,289.17,10.29,N,0
42.00421,-6.97353,317.87,0.43,0.38,2024-09-18,0237,N,VIIRS,n,2,284.84,7.57,N,0
42.00143,-6.95849,319.33,0.43,0.38,2024-09-18,0237,N,VIIRS,n,2,289.02,2.53,N,0
42.0005,-6.95348,306,0.43,0.38,2024-09-18,0237,N,VIIRS,n,2,286.57,4.26,N,0
42.00078,-6.97462,328.23,0.43,0.38,2024-09-18,0237,N,VIIRS,n,2,286.03,7.57,N,0
41.99986,-6.96963,322.77,0.43,0.38,2024-09-18,0237,N,VIIRS,n,2,287.61,7.57,N,0
41.99704,-6.9544,328.17,0.43,0.38,2024-09-18,0237,N,VIIRS,n,2,293.11,4.26,N,0
41.99613,-6.9495,334.95,0.43,0.38,2024-09-18,0237,N,VIIRS,n,2,293.98,4.26,N,0
41.99522,-6.94464,328.8,0.43,0.38,2024-09-18,0237,N,VIIRS,n,2,287.54,10.29,N,0
41.99892,-6.96455,302.22,0.43,0.38,2024-09-18,0237,N,VIIRS,n,2,286.03,2.53,N,0
41.99797,-6.95946,307.91,0.43,0.38,2024-09-18,0237,N,VIIRS,n,2,286.55,2.53,N,0
41.99453,-6.96049,347.8,0.43,0.38,2024-09-18,0237,N,VIIRS,n,2,289.76,9.63,N,0
41.9936,-6.95545,353.08,0.43,0.38,2024-09-18,0237,N,VIIRS,n,2,301.99,25.29,N,0
41.99269,-6.95055,345.69,0.43,0.38,2024-09-18,0237,N,VIIRS,n,2,296.02,25.29,N,0
41.99548,-6.96561,296.79,0.43,0.38,2024-09-18,0237,N,VIIRS,n,2,283.62,9.63,N,0
41.99016,-6.95655,336.87,0.43,0.38,2024-09-18,0237,N,VIIRS,n,2,308.44,25.29,N,0
41.98925,-6.95163,309.58,0.43,0.38,2024-09-18,0237,N,VIIRS,n,2,284.51,25.29,N,0
40.24677,-3.47493,321.27,0.42,0.45,2024-09-18,0237,N,VIIRS,n,2,288.54,2.29,N,2
40.24271,-3.47643,305.52,0.42,0.45,2024-09-18,0237,N,VIIRS,n,2,286.87,1.23,N,2
39.52706,-2.49761,313.68,0.49,0.48,2024-09-18,0237,N,VIIRS,n,2,284.99,1.17,N,0
40.25628,-6.20163,328.12,0.48,0.4,2024-09-18,0237,N,VIIRS,n,2,287.85,3.39,N,0
40.25519,-6.19616,306.42,0.48,0.4,2024-09-18,0237,N,VIIRS,n,2,287.53,1.76,N,0
37.39342,-5.18393,314.34,0.4,0.44,2024-09-18,0238,N,VIIRS,n,2,288.22,1.56,N,0
37.35904,-5.86757,306.9,0.56,0.43,2024-09-18,0238,N,VIIRS,n,2,290.07,1.39,N,2
40.24528,-3.47387,337.13,0.38,0.59,2024-09-18,1219,N,VIIRS,n,2,297.62,2.91,D,2
41.99316,-6.94216,323.86,0.5,0.65,2024-09-18,1220,N,VIIRS,l,2,324.07,63.26,D,0
42.00063,-6.93936,367,0.5,0.65,2024-09-18,1220,N,VIIRS,h,2,297.27,243.49,D,0
41.99628,-6.9536,343.38,0.5,0.66,2024-09-18,1220,N,VIIRS,n,2,300.88,137.19,D,0
41.99874,-6.94554,367,0.5,0.65,2024-09-18,1220,N,VIIRS,l,2,332.72,137.19,D,0
41.99481,-7.15486,333.91,0.51,0.66,2024-09-18,1220,N,VIIRS,n,2,299.44,15.61,D,0
42.00509,-7.14299,367,0.51,0.66,2024-09-18,1220,N,VIIRS,h,2,298.12,100.59,D,0
42.00074,-7.15732,349.06,0.51,0.66,2024-09-18,1220,N,VIIRS,n,2,303.04,40.44,D,0
42.00307,-7.14965,208,0.51,0.66,2024-09-18,1220,N,VIIRS,l,2,318.17,100.59,D,0
41.9992,-7.14403,367,0.51,0.66,2024-09-18,1220,N,VIIRS,h,2,300.66,100.36,D,0
41.99699,-7.15114,344.01,0.51,0.66,2024-09-18,1220,N,VIIRS,n,2,313.19,83.14,D,0
42.00534,-7.1458,367,0.51,0.66,2024-09-18,1220,N,VIIRS,h,2,305.82,100.36,D,0
42.0032,-7.15272,208,0.51,0.66,2024-09-18,1220,N,VIIRS,l,2,303.14,83.14,D,0
41.99694,-7.14785,367,0.51,0.66,2024-09-18,1220,N,VIIRS,h,2,311.4,44.93,D,0
41.995,-6.93615,367,0.5,0.65,2024-09-18,1220,N,VIIRS,h,2,296.77,66.6,D,0
41.99081,-6.94983,341.94,0.5,0.66,2024-09-18,1220,N,VIIRS,n,2,304.16,63.26,D,0
38.66685,-6.348,336.91,0.56,0.52,2024-09-18,1359,N,VIIRS,n,2,304.33,5.09,D,0
42.00359,-7.14898,367,0.55,0.51,2024-09-18,1400,N,VIIRS,h,2,311.23,14.29,D,0
40.24721,-3.4733,330.63,0.42,0.61,2024-09-18,1400,N,VIIRS,n,2,300.1,3.28,D,2
41.99822,-6.94427,350.39,0.57,0.52,2024-09-18,1400,N,VIIRS,n,2,313.64,23.61,D,0
42.003,-6.9452,346.36,0.57,0.52,2024-09-18,1400,N,VIIRS,n,2,308.5,11.53,D,0
41.99889,-7.1477,356.63,0.55,0.51,2024-09-18,1400,N,VIIRS,n,2,318.26,14.29,D,0
42.00405,-7.14248,337.88,0.55,0.51,2024-09-18,1400,N,VIIRS,n,2,303.76,14.29,D,0
43.30862,-3.02389,299.18,0.4,0.37,2024-09-19,0217,N,VIIRS,n,2,286.98,0.42,N,2
43.04832,-2.19079,295.24,0.42,0.38,2024-09-19,0217,N,VIIRS,n,2,284.96,0.39,N,0
43.56001,-5.72327,300.07,0.39,0.36,2024-09-19,0217,N,VIIRS,n,2,288.23,0.55,N,2
43.54848,-5.76121,295.93,0.39,0.36,2024-09-19,0217,N,VIIRS,n,2,285.2,0.27,N,0
43.55273,-5.85933,304.09,0.39,0.36,2024-09-19,0217,N,VIIRS,n,2,288.39,0.81,N,2
43.54188,-5.83254,306.2,0.39,0.36,2024-09-19,0217,N,VIIRS,n,2,288.77,1.48,N,2
43.52702,-5.73261,316.96,0.39,0.36,2024-09-19,0217,N,VIIRS,n,2,288.95,1.86,N,2
43.52631,-5.72786,306.19,0.39,0.36,2024-09-19,0217,N,VIIRS,n,2,288.56,1.01,N,2
43.53858,-5.83347,321.91,0.39,0.36,2024-09-19,0217,N,VIIRS,n,2,288.11,1.48,N,2
43.52372,-5.73355,320.56,0.39,0.36,2024-09-19,0217,N,VIIRS,n,2,288.47,1.86,N,2
41.92429,0.17969,295.46,0.52,0.42,2024-09-19,0217,N,VIIRS,n,2,285.24,0.92,N,2
43.27855,-7.83314,297.8,0.42,0.37,2024-09-19,0217,N,VIIRS,n,2,284.35,0.41,N,0
41.40813,1.99723,301.87,0.43,0.46,2024-09-19,0217,N,VIIRS,n,2,286.23,0.74,N,2
41.39481,2.03568,295.77,0.43,0.46,2024-09-19,0217,N,VIIRS,n,2,284.88,0.38,N,0
41.40694,2.00077,302.05,0.43,0.46,2024-09-19,0217,N,VIIRS,n,2,285.75,1.01,N,2
41.39498,2.0342,297.32,0.43,0.46,2024-09-19,0217,N,VIIRS,n,2,285.12,0.39,N,0
41.31486,1.66178,311.84,0.41,0.45,2024-09-19,0217,N,VIIRS,n,2,287.41,1.39,N,2
42.92766,-7.93635,336.37,0.42,0.37,2024-09-19,0217,N,VIIRS,n,2,289.02,10.93,N,0
41.31084,1.66019,307.68,0.41,0.45,2024-09-19,0217,N,VIIRS,n,2,285.58,1.39,N,2
42.93179,-7.94082,320.94,0.42,0.37,2024-09-19,0217,N,VIIRS,n,2,286.23,33.55,N,0
42.92835,-7.94157,328.27,0.42,0.37,2024-09-19,0217,N,VIIRS,n,2,304.85,33.55,N,0
42.55351,-6.76788,296.36,0.39,0.36,2024-09-19,0218,N,VIIRS,n,2,285.29,0.54,N,2
41.997,-7.14863,298.22,0.4,0.37,2024-09-19,0218,N,VIIRS,n,2,285.03,0.74,N,0
42.00434,-7.15153,299.23,0.4,0.37,2024-09-19,0218,N,VIIRS,n,2,286.44,1.43,N,0
41.47392,-1.48672,299.93,0.46,0.39,2024-09-19,0218,N,VIIRS,n,2,285.53,0.73,N,2
38.3194,-6.71923,302.2,0.38,0.36,2024-09-19,0219,N,VIIRS,n,2,288.09,0.73,N,0
37.36053,-5.86389,308.47,0.39,0.36,2024-09-19,0219,N,VIIRS,n,2,281.98,0.97,N,2
36.95383,-4.12812,330.98,0.43,0.38,2024-09-19,0219,N,VIIRS,n,2,287.37,7.26,N,0
36.95293,-4.12324,304.51,0.43,0.38,2024-09-19,0219,N,VIIRS,n,2,284.63,2.46,N,0
38.32269,-6.71839,309.63,0.38,0.36,2024-09-19,0219,N,VIIRS,n,2,288.53,0.88,N,0
42.51391,-2.02085,325.9,0.47,0.64,2024-09-19,1201,N,VIIRS,n,2,289.88,3.69,D,0
38.85625,-6.45889,333.75,0.49,0.4,2024-09-19,1340,N,VIIRS,n,2,302.41,3.39,D,0
39.91347,-4.24064,332.43,0.42,0.45,2024-09-19,1340,N,VIIRS,n,2,291.89,4.21,D,0
42.18482,-8.03557,336.12,0.46,0.39,2024-09-19,1341,N,VIIRS,n,2,293.79,4.13,D,0
43.34388,-8.43781,304.54,0.45,0.47,2024-09-20,0158,N,VIIRS,n,2,284.14,1.08,N,2
39.95248,-0.00391,302.36,0.39,0.36,2024-09-20,0159,N,VIIRS,n,2,288.9,0.79,N,2
41.47464,-1.48693,297.15,0.39,0.36,2024-09-20,0159,N,VIIRS,n,2,279.01,0.47,N,2
40.91486,-5.70932,315.13,0.48,0.4,2024-09-20,0159,N,VIIRS,n,2,268.16,2.55,N,0
40.2458,-3.47333,313.39,0.41,0.37,2024-09-20,0159,N,VIIRS,n,2,281.14,1.49,N,2
37.36084,-7.06932,298.54,0.5,0.41,2024-09-20,0200,N,VIIRS,n,2,287.4,0.37,N,0
37.36008,-7.06891,300.73,0.5,0.41,2024-09-20,0200,N,VIIRS,n,2,287.69,0.65,N,0
37.39064,-6.34505,340.39,0.39,0.36,2024-09-20,1321,N,VIIRS,n,2,304.19,4.73,D,0
37.46954,-6.34022,337.31,0.38,0.36,2024-09-20,1321,N,VIIRS,n,2,307.71,1.95,D,0
43.29585,-2.46209,332.35,0.51,0.41,2024-09-20,1322,N,VIIRS,n,2,292.74,4.77,D,0
40.47568,-3.684,326.26,0.4,0.37,2024-09-21,1303,N,VIIRS,n,2,293.9,2.13,D,0
43.53815,-5.83338,328.33,0.5,0.66,2024-09-22,0120,N,VIIRS,n,2,282.8,3.6,N,2
41.47721,-1.49018,295.29,0.58,0.52,2024-09-22,0121,N,VIIRS,n,2,284.92,0.41,N,2
41.31204,1.66195,311.64,0.4,0.44,2024-09-22,0121,N,VIIRS,n,2,286.54,1.73,N,2
40.24663,-3.4741,320.01,0.36,0.57,2024-09-22,0121,N,VIIRS,n,2,286.49,3.01,N,2
37.52249,-4.67711,297.92,0.4,0.6,2024-09-22,0122,N,VIIRS,n,2,285.27,0.36,N,0
37.36044,-6.67422,296.08,0.51,0.66,2024-09-22,0122,N,VIIRS,n,2,285.82,0.43,N,0
38.37525,-0.54482,301.52,0.48,0.48,2024-09-22,0122,N,VIIRS,n,2,288.6,1.16,N,2
40.24406,-3.47603,312.32,0.43,0.62,2024-09-22,0302,N,VIIRS,n,2,285.28,1.8,N,2
38.04877,-1.11388,299.02,0.64,0.72,2024-09-22,0302,N,VIIRS,n,2,285.68,1.11,N,0
38.37551,-0.54603,296.77,0.67,0.74,2024-09-22,0302,N,VIIRS,n,2,285.63,0.74,N,2
40.33925,-3.8083,340.76,0.38,0.43,2024-09-22,1244,N,VIIRS,n,2,292.25,3.81,D,0
41.47642,-1.48915,296.37,0.51,0.66,2024-09-23,0102,N,VIIRS,n,2,282.84,0.62,N,2
43.52732,-5.72856,314.31,0.5,0.41,2024-09-23,0242,N,VIIRS,n,2,285.46,0.97,N,2
43.54295,-5.84092,296.89,0.5,0.41,2024-09-23,0242,N,VIIRS,n,2,283.65,0.65,N,0
43.554,-5.85601,295.32,0.5,0.41,2024-09-23,0242,N,VIIRS,n,2,284.26,0.76,N,0
43.531,-5.72716,301.63,0.5,0.41,2024-09-23,0242,N,VIIRS,n,2,284.23,0.97,N,2
43.54169,-5.83488,298.58,0.5,0.41,2024-09-23,0242,N,VIIRS,n,2,285.19,0.65,N,2
43.34892,-8.43594,295.56,0.42,0.37,2024-09-23,0242,N,VIIRS,n,2,285.28,0.88,N,2
43.54255,-5.84161,295.74,0.5,0.41,2024-09-23,0242,N,VIIRS,n,2,283.54,0.9,N,0
43.52741,-5.72898,314.77,0.51,0.41,2024-09-23,0242,N,VIIRS,n,2,285.28,1.33,N,2
43.53109,-5.72758,298.86,0.51,0.41,2024-09-23,0242,N,VIIRS,n,2,284.07,1.33,N,2
39.93747,-3.74511,302.48,0.49,0.49,2024-09-23,0243,N,VIIRS,n,2,285.01,1.02,N,2
37.35991,-5.86641,300.98,0.44,0.46,2024-09-23,0244,N,VIIRS,n,2,279.42,0.76,N,2
36.96814,-1.90472,304.49,0.36,0.57,2024-09-23,0244,N,VIIRS,n,2,290.09,0.59,N,2
43.52133,-5.73482,326.87,0.33,0.55,2024-09-23,1226,N,VIIRS,n,2,296.53,2.79,D,2
43.52728,-5.73326,349.93,0.33,0.55,2024-09-23,1226,N,VIIRS,n,2,294.6,2.79,D,2
43.52626,-5.73707,327.12,0.33,0.55,2024-09-23,1226,N,VIIRS,n,2,293.21,2.79,D,2
43.54014,-5.82942,330,0.34,0.56,2024-09-23,1226,N,VIIRS,n,2,292.3,3.75,D,2
38.9249,-6.97434,342.58,0.64,0.54,2024-09-23,1405,N,VIIRS,n,2,299.53,8.62,D,0
38.92287,-6.97532,349.86,0.64,0.54,2024-09-23,1405,N,VIIRS,n,2,299.9,8.77,D,0
43.52804,-5.73468,336.03,0.4,0.6,2024-09-23,1407,N,VIIRS,n,2,283.83,7.23,D,2
43.41092,-3.83904,330.24,0.41,0.37,2024-09-24,0223,N,VIIRS,n,2,286.74,3.57,N,0
38.3754,-0.54391,298.99,0.45,0.47,2024-09-24,0224,N,VIIRS,n,2,284.03,1.09,N,2
39.93748,-3.74606,307.97,0.45,0.39,2024-09-24,0224,N,VIIRS,n,2,282.52,1.2,N,2
40.24549,-3.47858,296.7,0.46,0.39,2024-09-24,0224,N,VIIRS,n,2,284.52,1.35,N,2
40.24446,-3.47328,324.13,0.46,0.39,2024-09-24,0224,N,VIIRS,n,2,287.72,2.85,N,2
37.36182,-5.86506,302.27,0.42,0.38,2024-09-24,0225,N,VIIRS,n,2,288.55,0.58,N,2
37.35972,-5.8627,305.29,0.42,0.38,2024-09-24,0225,N,VIIRS,n,2,288.31,1.1,N,2
43.53839,-5.82983,327.29,0.55,0.68,2024-09-24,1207,N,VIIRS,n,2,292.84,4.01,D,2
36.79405,-5.80157,353.96,0.39,0.44,2024-09-24,1346,N,VIIRS,n,2,302.33,6.23,D,0
43.31778,-3.00366,301.48,0.39,0.36,2024-09-25,0204,N,VIIRS,n,2,281.81,0.37,N,0
43.22507,-2.87791,307.43,0.39,0.36,2024-09-25,0204,N,VIIRS,n,2,282.2,0.78,N,2
41.51895,-1.31265,295.39,0.39,0.36,2024-09-25,0205,N,VIIRS,n,2,278.79,0.87,N,0
41.92421,0.17843,304.28,0.41,0.37,2024-09-25,0205,N,VIIRS,n,2,284.96,1.05,N,2
41.47599,2.18394,297.66,0.48,0.4,2024-09-25,0205,N,VIIRS,n,2,286.07,0.74,N,0
41.45501,1.98126,308.25,0.47,0.4,2024-09-25,0205,N,VIIRS,n,2,286.46,0.75,N,2
41.40649,1.99773,307.28,0.47,0.4,2024-09-25,0205,N,VIIRS,n,2,286.92,1.21,N,2
41.31263,1.66135,312.6,0.46,0.39,2024-09-25,0205,N,VIIRS,n,2,285.93,2.2,N,2
36.96596,-1.90569,301.45,0.4,0.37,2024-09-25,0206,N,VIIRS,n,2,277.72,1.04,N,2
38.37879,-0.5442,304.5,0.42,0.38,2024-09-25,0206,N,VIIRS,n,2,290.51,1.14,N,2
37.35094,-6.63503,301.31,0.42,0.38,2024-09-25,0206,N,VIIRS,n,2,286.54,0.54,N,0
37.23628,-5.6249,338.76,0.4,0.37,2024-09-25,1327,N,VIIRS,n,2,290.39,4.76,D,0
43.53619,-5.83361,298.54,0.72,0.76,2024-09-28,0107,N,VIIRS,n,2,279.5,1.26,N,2
43.54333,-5.83376,297.14,0.72,0.76,2024-09-28,0107,N,VIIRS,n,2,280.17,1.26,N,0
40.24725,-3.47862,296.83,0.53,0.67,2024-09-28,0108,N,VIIRS,n,2,280.9,1.33,N,2
40.24706,-3.47193,295.09,0.53,0.67,2024-09-28,0108,N,VIIRS,n,2,280.49,1.33,N,2
42.09963,-5.21713,306.52,0.67,0.74,2024-09-28,0108,N,VIIRS,n,2,274.94,1.18,N,0
41.31168,1.66392,297.15,0.59,0.52,2024-09-28,0108,N,VIIRS,n,2,286.03,0.7,N,2
38.37585,-0.54442,302.63,0.36,0.57,2024-09-28,0109,N,VIIRS,n,2,290.13,0.53,N,2
43.34644,-8.43502,302.84,0.46,0.39,2024-09-28,0248,N,VIIRS,n,2,282.35,1.07,N,2
43.52451,-5.72923,302.93,0.39,0.44,2024-09-28,0248,N,VIIRS,n,2,283,0.94,N,2
43.5433,-5.83381,303.56,0.38,0.44,2024-09-28,0248,N,VIIRS,n,2,282.55,0.68,N,0
43.53841,-5.83085,302.02,0.39,0.44,2024-09-28,0248,N,VIIRS,n,2,281.84,0.68,N,2
41.31263,1.65964,303.95,0.49,0.65,2024-09-28,0248,N,VIIRS,n,2,285.11,1.59,N,2
41.48663,0.32908,295.82,0.42,0.61,2024-09-28,0248,N,VIIRS,n,2,282.17,0.39,N,0
41.19623,1.22676,302.42,0.47,0.64,2024-09-28,0248,N,VIIRS,n,2,284.24,0.92,N,0
43.34695,-8.43372,298.36,0.46,0.39,2024-09-28,0248,N,VIIRS,n,2,281.93,0.33,N,2
42.09546,-5.2207,302.24,0.44,0.46,2024-09-28,0249,N,VIIRS,n,2,275.81,1.63,N,0
42.0977,-5.2186,335.65,0.44,0.46,2024-09-28,0249,N,VIIRS,n,2,278.28,4.17,N,0
42.09426,-5.21546,305.06,0.44,0.46,2024-09-28,0249,N,VIIRS,n,2,274.96,1.11,N,0
39.93855,-3.74614,296.96,0.59,0.53,2024-09-28,0249,N,VIIRS,n,2,281.14,1.05,N,2
40.24544,-3.47588,318.28,0.59,0.53,2024-09-28,0249,N,VIIRS,n,2,283.97,3.31,N,2
41.47462,-1.48831,296.27,0.35,0.56,2024-09-28,0249,N,VIIRS,n,2,280.05,0.44,N,2
36.71872,-4.50069,302.67,0.32,0.55,2024-09-28,0250,N,VIIRS,n,2,289.06,0.58,N,0
37.35998,-5.86739,297.03,0.53,0.5,2024-09-28,0250,N,VIIRS,n,2,284.76,0.59,N,2
37.43455,-6.3594,367,0.4,0.6,2024-09-28,1411,N,VIIRS,h,2,302.57,7.49,D,0
43.41125,-3.83684,299.84,0.45,0.39,2024-09-29,0229,N,VIIRS,n,2,262.45,0.39,N,0
38.37752,-0.54163,300.49,0.53,0.5,2024-09-29,0230,N,VIIRS,n,2,287.08,0.51,N,2
39.93651,-3.74661,304.1,0.52,0.42,2024-09-29,0230,N,VIIRS,n,2,280.44,0.93,N,2
41.9241,0.17931,297.24,0.48,0.48,2024-09-29,0230,N,VIIRS,n,2,280.32,0.81,N,2
41.40541,1.99979,299.48,0.6,0.53,2024-09-29,0230,N,VIIRS,n,2,285.03,0.68,N,2
41.40814,1.99971,296.54,0.6,0.53,2024-09-29,0230,N,VIIRS,n,2,284.48,0.87,N,2
41.31386,1.66561,301.24,0.58,0.52,2024-09-29,0230,N,VIIRS,n,2,284.16,0.86,N,0
42.31602,-3.65541,343.64,0.48,0.4,2024-09-29,0230,N,VIIRS,n,2,272.21,10.46,N,0
40.24412,-3.47633,326.44,0.53,0.42,2024-09-29,0230,N,VIIRS,n,2,283.95,3.41,N,2
40.24549,-3.47419,327.27,0.53,0.42,2024-09-29,0230,N,VIIRS,n,2,285.25,3.58,N,2
37.35994,-5.86751,300.41,0.47,0.4,2024-09-29,0231,N,VIIRS,n,2,289.98,0.76,N,2
36.96584,-1.90394,304.35,0.49,0.48,2024-09-29,0231,N,VIIRS,n,2,290.05,0.98,N,2
37.59534,-5.08916,298.25,0.5,0.41,2024-09-29,0231,N,VIIRS,n,2,286.46,0.78,N,0
37.59468,-5.08536,297.5,0.5,0.41,2024-09-29,0231,N,VIIRS,n,2,286.45,0.53,N,0
39.28458,-5.6922,328.36,0.45,0.39,2024-09-29,0231,N,VIIRS,n,2,283.26,3.41,N,0
37.77763,-4.45201,336.6,0.6,0.7,2024-09-29,1212,N,VIIRS,n,2,301.01,4.6,D,0
37.66195,-5.51379,333.45,0.68,0.74,2024-09-29,1212,N,VIIRS,n,2,298.9,5.55,D,0
42.31414,-3.65324,342.38,0.41,0.6,2024-09-29,1213,N,VIIRS,n,2,292.37,3.99,D,0
37.60696,-5.06751,330.51,0.52,0.5,2024-09-29,1352,N,VIIRS,l,2,305.18,6.32,D,0
38.92411,-6.47189,344.9,0.46,0.47,2024-09-29,1352,N,VIIRS,n,2,310.37,6.67,D,0
38.16899,-6.25235,344.19,0.46,0.47,2024-09-29,1352,N,VIIRS,n,2,311.3,12.94,D,0
38.16874,-6.24966,349.43,0.46,0.47,2024-09-29,1352,N,VIIRS,n,2,310.35,12.06,D,0
37.44308,-6.0993,342.33,0.46,0.47,2024-09-29,1352,N,VIIRS,n,2,306.65,4.34,D,0
37.06378,-5.62203,356.91,0.48,0.48,2024-09-29,1352,N,VIIRS,n,2,309.66,14.99,D,0
40.24644,-3.47439,344.29,0.34,0.56,2024-09-29,1353,N,VIIRS,n,2,303.47,3.74,D,2
43.0395,-2.21902,301.34,0.39,0.36,2024-09-30,0210,N,VIIRS,n,2,283.5,0.68,N,2
40.01007,-3.90198,301.08,0.39,0.36,2024-09-30,0211,N,VIIRS,n,2,285.3,0.45,N,2
40.5742,0.54347,303.61,0.49,0.4,2024-09-30,0211,N,VIIRS,n,2,289.92,1.1,N,0
39.93639,-3.74457,318.1,0.39,0.36,2024-09-30,0211,N,VIIRS,n,2,285.64,1.7,N,2
40.2437,-3.47875,299.1,0.39,0.36,2024-09-30,0211,N,VIIRS,n,2,284.44,0.74,N,2
41.45356,1.97953,303.4,0.54,0.42,2024-09-30,0211,N,VIIRS,n,2,287.61,1.18,N,2
41.92237,0.17957,308.6,0.45,0.39,2024-09-30,0211,N,VIIRS,n,2,284.56,1.31,N,2
41.92357,0.18107,310.4,0.45,0.39,2024-09-30,0211,N,VIIRS,n,2,284.44,0.61,N,2
40.24295,-3.47424,324.57,0.39,0.36,2024-09-30,0211,N,VIIRS,n,2,287.84,2.62,N,2
41.47456,-1.48691,305.07,0.41,0.37,2024-09-30,0211,N,VIIRS,n,2,284.93,0.98,N,2
41.45278,1.97888,301.82,0.54,0.42,2024-09-30,0211,N,VIIRS,n,2,287,1.23,N,2
37.3909,-5.39053,337.83,0.38,0.36,2024-09-30,0212,N,VIIRS,n,2,288.2,5.09,N,0
37.35897,-5.86665,312.8,0.39,0.36,2024-09-30,0212,N,VIIRS,n,2,292.24,1.27,N,2
37.36291,-5.93755,319.38,0.39,0.36,2024-09-30,0212,N,VIIRS,n,2,289.16,1.33,N,0
37.42485,-6.37418,301.61,0.39,0.36,2024-09-30,0212,N,VIIRS,n,2,287.68,0.44,N,0
36.96785,-1.90688,308.59,0.45,0.39,2024-09-30,0212,N,VIIRS,n,2,291.13,1.5,N,2
38.37474,-0.54278,301.98,0.48,0.4,2024-09-30,0212,N,VIIRS,n,2,288.82,0.52,N,2
41.58643,0.48309,345.18,0.46,0.63,2024-09-30,1154,N,VIIRS,n,2,295.61,7.87,D,0
42.67702,-1.47491,367,0.52,0.67,2024-09-30,1154,N,VIIRS,h,2,294.25,16.11,D,0
42.67527,-1.48059,367,0.52,0.67,2024-09-30,1154,N,VIIRS,h,2,294.7,16.11,D,0
42.67498,-1.47605,367,0.52,0.67,2024-09-30,1154,N,VIIRS,h,2,294.9,20.75,D,0
42.67324,-1.4816,328.73,0.52,0.67,2024-09-30,1154,N,VIIRS,n,2,293.16,8.79,D,0
42.68062,-1.4798,367,0.52,0.67,2024-09-30,1154,N,VIIRS,h,2,294.49,11.41,D,0
37.53542,-5.30895,342.92,0.45,0.39,2024-09-30,1333,N,VIIRS,n,2,312.4,2.53,D,0
37.39075,-5.39104,338.48,0.45,0.39,2024-09-30,1333,N,VIIRS,n,2,313.25,3.03,D,0
37.20821,-4.0519,343.48,0.5,0.41,2024-09-30,1333,N,VIIRS,n,2,309.48,10.57,D,0
37.28292,-5.79235,338.65,0.43,0.38,2024-09-30,1333,N,VIIRS,n,2,313.11,2.06,D,0
38.79382,-6.33202,350.42,0.43,0.38,2024-09-30,1334,N,VIIRS,n,2,311.67,2.24,D,0
38.79319,-6.33694,343.15,0.43,0.38,2024-09-30,1334,N,VIIRS,n,2,311.59,2.24,D,0
39.80948,-5.09446,341.08,0.49,0.4,2024-09-30,1334,N,VIIRS,n,2,302.57,12.61,D,0
38.83486,-6.43337,347.48,0.43,0.38,2024-09-30,1334,N,VIIRS,n,2,310.2,8.01,D,0
38.79446,-6.32708,342.53,0.43,0.38,2024-09-30,1334,N,VIIRS,n,2,311.63,3.17,D,0
38.83138,-6.43268,341.37,0.43,0.38,2024-09-30,1334,N,VIIRS,n,2,309.97,3.73,D,0
41.47647,-1.48794,300.84,0.41,0.37,2024-10-01,0152,N,VIIRS,n,2,285.08,1.13,N,2
40.57681,0.54221,308.86,0.38,0.36,2024-10-01,0152,N,VIIRS,n,2,291.13,0.98,N,2
41.4734,-1.48519,299.41,0.41,0.37,2024-10-01,0152,N,VIIRS,n,2,285.28,0.52,N,0
41.31247,1.66338,324.44,0.39,0.36,2024-10-01,0152,N,VIIRS,n,2,290.08,1.84,N,2
41.47407,-1.49003,295.32,0.41,0.37,2024-10-01,0152,N,VIIRS,n,2,285.31,0.62,N,2
41.45413,1.97939,301.6,0.39,0.36,2024-10-01,0152,N,VIIRS,n,2,289.52,0.77,N,2
41.47396,2.18189,301.13,0.39,0.36,2024-10-01,0152,N,VIIRS,n,2,289.22,0.65,N,0
40.24392,-3.4759,330.33,0.45,0.39,2024-10-01,0152,N,VIIRS,n,2,290.21,3.66,N,2
37.39144,-5.39335,302.91,0.5,0.41,2024-10-01,0153,N,VIIRS,n,2,287.91,0.64,N,0
36.9667,-1.90477,317.62,0.39,0.36,2024-10-01,0153,N,VIIRS,n,2,292.64,1.71,N,2
39.93513,-3.74485,310.65,0.46,0.39,2024-10-01,0153,N,VIIRS,n,2,285.95,1.41,N,2
39.93546,-3.74334,308.97,0.46,0.39,2024-10-01,0153,N,VIIRS,n,2,286.62,1.2,N,2
40.05092,-4.11945,298.27,0.48,0.4,2024-10-01,0153,N,VIIRS,n,2,283.22,0.5,N,0
37.41303,-6.25883,338.35,0.4,0.37,2024-10-01,1314,N,VIIRS,l,2,309.89,3.73,D,0
39.60884,-7.46161,335.39,0.41,0.37,2024-10-01,1315,N,VIIRS,n,2,301.06,2.38,D,0
39.6105,-7.45213,337.5,0.41,0.37,2024-10-01,1315,N,VIIRS,n,2,301.06,5.54,D,0
39.60295,-7.47494,340.27,0.41,0.37,2024-10-01,1315,N,VIIRS,n,2,302.18,2.79,D,0
39.86541,-6.83285,353.36,0.4,0.37,2024-10-01,1315,N,VIIRS,n,2,304.83,4.69,D,0
39.62322,-7.46083,339.88,0.41,0.37,2024-10-01,1315,N,VIIRS,n,2,300.58,2.46,D,0
39.61733,-7.47418,337.29,0.41,0.37,2024-10-01,1315,N,VIIRS,n,2,300.26,4.21,D,0
39.619,-7.46459,344.16,0.41,0.37,2024-10-01,1315,N,VIIRS,n,2,300.77,2.46,D,0
38.33451,-6.11909,342.78,0.4,0.37,2024-10-01,1315,N,VIIRS,n,2,305.83,5.49,D,0
39.61984,-7.45983,336.28,0.41,0.37,2024-10-01,1315,N,VIIRS,n,2,300.8,2.46,D,0
40.24458,-3.47554,336.06,0.4,0.37,2024-10-01,1315,N,VIIRS,n,2,304.39,3.5,D,2
39.61228,-7.48273,345.24,0.41,0.37,2024-10-01,1315,N,VIIRS,n,2,300.13,3.13,D,0
39.61311,-7.47795,342.23,0.41,0.37,2024-10-01,1315,N,VIIRS,n,2,300.53,3.13,D,0
39.61478,-7.46839,337.08,0.41,0.37,2024-10-01,1315,N,VIIRS,n,2,300.48,3.16,D,0
39.61562,-7.4636,346.97,0.41,0.37,2024-10-01,1315,N,VIIRS,n,2,300.39,2.39,D,0
39.61727,-7.45411,339.45,0.41,0.37,2024-10-01,1315,N,VIIRS,n,2,300.91,4.65,D,0
39.60973,-7.47694,348.02,0.41,0.37,2024-10-01,1315,N,VIIRS,n,2,300.78,3.13,D,0
39.6114,-7.46739,336.93,0.41,0.37,2024-10-01,1315,N,VIIRS,n,2,300.1,3.16,D,0
39.61223,-7.46261,336.6,0.41,0.37,2024-10-01,1315,N,VIIRS,n,2,300.63,2.39,D,0
39.61306,-7.45786,338,0.41,0.37,2024-10-01,1315,N,VIIRS,n,2,300.33,2.39,D,0
39.60634,-7.47594,345.16,0.41,0.37,2024-10-01,1315,N,VIIRS,n,2,300.79,2.79,D,0
39.60889,-7.48174,348.26,0.41,0.37,2024-10-01,1315,N,VIIRS,n,2,301.17,3.13,D,0
39.60207,-7.45962,337.02,0.41,0.37,2024-10-01,1315,N,VIIRS,n,2,300.8,2.48,D,0
39.60291,-7.45487,348.42,0.41,0.37,2024-10-01,1315,N,VIIRS,n,2,299.31,2.48,D,0
39.60373,-7.45013,336.05,0.41,0.37,2024-10-01,1315,N,VIIRS,n,2,298.49,3.95,D,0
39.59952,-7.45388,348.66,0.41,0.37,2024-10-01,1315,N,VIIRS,n,2,299.99,2.48,D,0
39.65933,-7.00673,355.2,0.4,0.37,2024-10-01,1315,N,VIIRS,n,2,303.78,5.79,D,0
39.66013,-7.00207,341.51,0.4,0.37,2024-10-01,1315,N,VIIRS,n,2,303.16,3.73,D,0
39.65598,-7.00575,357.22,0.4,0.37,2024-10-01,1315,N,VIIRS,l,2,303.16,5.79,D,0
39.65438,-7.01509,349.98,0.4,0.37,2024-10-01,1315,N,VIIRS,n,2,301.68,3.43,D,0
39.65518,-7.01042,349.88,0.4,0.37,2024-10-01,1315,N,VIIRS,n,2,302.91,5.79,D,0
39.65678,-7.00109,351.67,0.4,0.37,2024-10-01,1315,N,VIIRS,n,2,303.5,3.73,D,0
39.65264,-7.00477,356.63,0.4,0.37,2024-10-01,1315,N,VIIRS,l,2,303.05,5.44,D,0
39.65343,-7.0001,356.61,0.4,0.37,2024-10-01,1315,N,VIIRS,l,2,303.41,6.23,D,0
39.65184,-7.00943,351.67,0.4,0.37,2024-10-01,1315,N,VIIRS,n,2,302.82,5.44,D,0
39.65009,-6.99912,341.83,0.4,0.37,2024-10-01,1315,N,VIIRS,n,2,302.61,6.23,D,0
39.60379,-7.47016,341.77,0.41,0.37,2024-10-01,1315,N,VIIRS,n,2,301.66,5.91,D,0
39.64674,-6.99814,342.44,0.4,0.37,2024-10-01,1315,N,VIIRS,n,2,301.13,7.89,D,0
39.6442,-6.99251,355.41,0.4,0.37,2024-10-01,1315,N,VIIRS,n,2,304.21,7.89,D,0
39.64499,-6.98786,349.74,0.4,0.37,2024-10-01,1315,N,VIIRS,n,2,304.88,13.35,D,0
39.64738,-6.97395,337.22,0.4,0.37,2024-10-01,1315,N,VIIRS,n,2,303.78,3.46,D,0
39.64324,-6.97761,356.51,0.4,0.37,2024-10-01,1315,N,VIIRS,l,2,303.96,5.4,D,0
39.63924,-7.00086,355.47,0.4,0.37,2024-10-01,1315,N,VIIRS,n,2,304.81,8.64,D,0
39.64005,-6.9962,355.55,0.4,0.37,2024-10-01,1315,N,VIIRS,n,2,304.93,13.28,D,0
39.64085,-6.99154,355.38,0.4,0.37,2024-10-01,1315,N,VIIRS,n,2,305.64,13.28,D,0
39.64165,-6.98688,354.19,0.4,0.37,2024-10-01,1315,N,VIIRS,n,2,304.89,6.88,D,0
39.64244,-6.98225,337.8,0.4,0.37,2024-10-01,1315,N,VIIRS,n,2,303.03,6.88,D,0
39.64403,-6.97299,337.78,0.4,0.37,2024-10-01,1315,N,VIIRS,n,2,304.32,5.4,D,0
39.6367,-6.99524,350.35,0.4,0.37,2024-10-01,1315,N,VIIRS,n,2,304.55,13.28,D,0
39.6375,-6.99057,355.89,0.4,0.37,2024-10-01,1315,N,VIIRS,n,2,305.56,13.28,D,0
39.6383,-6.98591,338.7,0.4,0.37,2024-10-01,1315,N,VIIRS,n,2,303.6,6.88,D,0
39.6391,-6.98128,349.25,0.4,0.37,2024-10-01,1315,N,VIIRS,n,2,302.91,6.88,D,0
39.60629,-7.45586,345.83,0.41,0.37,2024-10-01,1315,N,VIIRS,n,2,300.02,2.38,D,0
39.60546,-7.46061,339.4,0.41,0.37,2024-10-01,1315,N,VIIRS,n,2,300.74,2.38,D,0
41.63508,-4.68575,330.34,0.39,0.36,2024-10-01,1315,N,VIIRS,n,2,300.48,1.79,D,0
39.63989,-6.97665,354.5,0.4,0.37,2024-10-01,1315,N,VIIRS,n,2,304.41,5.4,D,0
39.63334,-6.99428,336.26,0.4,0.37,2024-10-01,1315,N,VIIRS,n,2,303.21,3.14,D,0
39.63415,-6.98962,349.03,0.4,0.37,2024-10-01,1315,N,VIIRS,n,2,303.94,3.14,D,0
39.63654,-6.97569,338.74,0.4,0.37,2024-10-01,1315,N,VIIRS,n,2,302.71,2.97,D,0
39.81331,-5.66297,344.26,0.39,0.36,2024-10-01,1315,N,VIIRS,n,2,300.58,1.75,D,0
39.78076,-3.92251,335.07,0.39,0.36,2024-10-01,1315,N,VIIRS,n,2,307.33,1.4,D,0
39.87926,-2.93644,341.54,0.4,0.37,2024-10-01,1315,N,VIIRS,n,2,303.82,4.1,D,0
39.87123,-2.94428,342.48,0.4,0.37,2024-10-01,1315,N,VIIRS,n,2,305.81,5.42,D,0
39.34913,-4.098,344.55,0.39,0.36,2024-10-01,1315,N,VIIRS,l,2,314.62,59.64,D,0
38.6936,-6.96364,331.79,0.41,0.37,2024-10-01,1315,N,VIIRS,l,2,305.51,1.37,D,0
39.87208,-6.83474,331.01,0.4,0.37,2024-10-01,1315,N,VIIRS,l,2,305.74,15.58,D,0
39.87286,-6.83013,336.22,0.4,0.37,2024-10-01,1315,N,VIIRS,n,2,303.61,15.58,D,0
39.86953,-6.82919,338.56,0.4,0.37,2024-10-01,1315,N,VIIRS,n,2,306.03,15.58,D,0
39.60967,-7.45687,346.57,0.41,0.37,2024-10-01,1315,N,VIIRS,n,2,300.79,2.38,D,0
42.75958,-1.92004,331.91,0.45,0.39,2024-10-01,1316,N,VIIRS,n,2,294.59,3.6,D,0
40.57767,0.5414,304.84,0.49,0.4,2024-10-02,0133,N,VIIRS,n,2,288.66,1.02,N,2
41.31146,1.6644,314.95,0.45,0.39,2024-10-02,0133,N,VIIRS,n,2,286.74,1.9,N,2
41.47546,-1.48855,302.12,0.41,0.45,2024-10-02,0133,N,VIIRS,n,2,281.74,1.38,N,2
38.3013,-0.61064,300.92,0.51,0.41,2024-10-02,0134,N,VIIRS,n,2,288.54,0.77,N,0
40.24412,-3.47668,307.76,0.5,0.49,2024-10-02,0134,N,VIIRS,n,2,280.09,1.27,N,2
39.93822,-3.74207,297.15,0.51,0.49,2024-10-02,0134,N,VIIRS,n,2,285.03,0.6,N,2
38.30198,-0.61653,303.47,0.51,0.41,2024-10-02,0134,N,VIIRS,n,2,287.91,0.77,N,0
39.95107,-0.00573,307.04,0.5,0.41,2024-10-02,0134,N,VIIRS,n,2,289.84,1.74,N,2
36.96735,-1.9074,304.8,0.57,0.43,2024-10-02,0134,N,VIIRS,n,2,291.51,0.97,N,2
36.96807,-1.90761,303.79,0.57,0.43,2024-10-02,0134,N,VIIRS,n,2,291.35,1.59,N,2
37.01122,-3.50016,367,0.75,0.77,2024-10-02,0315,N,VIIRS,h,2,281.27,12.42,N,0
37.01512,-3.49702,356.63,0.75,0.77,2024-10-02,0315,N,VIIRS,n,2,280.23,12.53,N,0
37.00804,-3.49913,333.9,0.75,0.77,2024-10-02,0315,N,VIIRS,n,2,277.81,7.13,N,0
37.01768,-3.49614,305.08,0.75,0.77,2024-10-02,0315,N,VIIRS,n,2,276.38,12.42,N,0
37.01701,-3.5028,296.6,0.75,0.77,2024-10-02,0315,N,VIIRS,n,2,276.11,8.31,N,0
37.00885,-3.49278,297.92,0.75,0.77,2024-10-02,0315,N,VIIRS,n,2,277.32,9.22,N,0
37.95189,-1.39494,343.36,0.4,0.37,2024-10-02,1255,N,VIIRS,n,2,304.45,2.8,D,0
37.55297,-1.79582,337.32,0.41,0.37,2024-10-02,1255,N,VIIRS,n,2,304.78,2.2,D,0
37.97459,-1.36364,342.74,0.4,0.37,2024-10-02,1255,N,VIIRS,n,2,304.7,2.27,D,0
37.96341,-1.3887,349.29,0.4,0.37,2024-10-02,1255,N,VIIRS,n,2,304.98,3.09,D,0
37.96717,-1.36628,343.61,0.4,0.37,2024-10-02,1255,N,VIIRS,n,2,305.16,3.3,D,0
38.25111,-1.60392,335.94,0.4,0.37,2024-10-02,1255,N,VIIRS,n,2,302.71,2.59,D,0
38.31708,-1.87711,345.63,0.41,0.37,2024-10-02,1255,N,VIIRS,n,2,301.58,3.21,D,0
37.95522,-1.39587,351.02,0.4,0.37,2024-10-02,1255,N,VIIRS,n,2,304.48,2.8,D,0
37.55455,-1.78667,339.87,0.41,0.37,2024-10-02,1255,N,VIIRS,n,2,303.6,2.35,D,0
37.54959,-1.79491,337.73,0.41,0.37,2024-10-02,1255,N,VIIRS,n,2,304.47,2.2,D,0
37.55038,-1.79032,341.53,0.41,0.37,2024-10-02,1255,N,VIIRS,n,2,303.18,2.2,D,0
37.95599,-1.39135,348.6,0.4,0.37,2024-10-02,1255,N,VIIRS,n,2,304.38,2.8,D,0
37.97126,-1.36271,340.13,0.4,0.37,2024-10-02,1255,N,VIIRS,n,2,304.65,2.27,D,0
37.94704,-1.40303,343.56,0.4,0.37,2024-10-02,1255,N,VIIRS,n,2,303.83,2.62,D,0
37.95447,-1.40038,337,0.4,0.37,2024-10-02,1255,N,VIIRS,n,2,304.16,3.58,D,0
37.94446,-1.39761,338.44,0.4,0.37,2024-10-02,1255,N,VIIRS,n,2,304.11,2.62,D,0
37.96008,-1.38777,347.58,0.4,0.37,2024-10-02,1255,N,VIIRS,n,2,304.87,3.09,D,0
37.96793,-1.36178,337.26,0.4,0.37,2024-10-02,1255,N,VIIRS,n,2,304.14,2.07,D,0
38.56824,-1.22719,339.75,0.39,0.36,2024-10-02,1256,N,VIIRS,n,2,297.85,6.34,D,0
38.56493,-1.22631,356.55,0.39,0.36,2024-10-02,1256,N,VIIRS,l,2,300.87,6.34,D,0
38.5675,-1.23168,357.33,0.39,0.36,2024-10-02,1256,N,VIIRS,l,2,301.21,6.34,D,0
38.57081,-1.23256,352.78,0.39,0.36,2024-10-02,1256,N,VIIRS,n,2,302.38,5.68,D,0
38.57006,-1.23705,340.65,0.39,0.36,2024-10-02,1256,N,VIIRS,n,2,301.87,2.36,D,0
38.56675,-1.23617,348.99,0.39,0.36,2024-10-02,1256,N,VIIRS,n,2,301.25,10.13,D,0
41.47528,-1.48947,296.08,0.36,0.57,2024-10-03,0114,N,VIIRS,n,2,284.26,0.84,N,2
41.93016,-0.42028,308.9,0.63,0.54,2024-10-03,0114,N,VIIRS,n,2,283.43,3.5,N,0
41.8689,-1.20102,298.96,0.35,0.56,2024-10-03,0114,N,VIIRS,n,2,283.16,0.36,N,0
41.93522,-0.41965,338.6,0.63,0.54,2024-10-03,0114,N,VIIRS,n,2,286.09,10.19,N,0
41.93476,-0.41191,296.18,0.63,0.54,2024-10-03,0114,N,VIIRS,n,2,283.64,10.19,N,0
41.93597,-0.41478,367,0.45,0.63,2024-10-03,0254,N,VIIRS,h,2,288.96,8.9,N,0
41.93052,-0.41772,343.24,0.45,0.63,2024-10-03,0254,N,VIIRS,n,2,282.42,8.9,N,0
41.93751,-0.42003,295.78,0.45,0.63,2024-10-03,0254,N,VIIRS,n,2,282.46,8.9,N,0
41.93004,-0.41775,329.66,0.45,0.63,2024-10-03,0254,N,VIIRS,n,2,282.14,8.99,N,0
41.93551,-0.41485,367,0.45,0.63,2024-10-03,0254,N,VIIRS,h,2,287.74,8.99,N,0
41.93707,-0.42007,323.54,0.45,0.63,2024-10-03,0254,N,VIIRS,n,2,282.8,16.5,N,0
40.00977,-3.90112,300.36,0.34,0.56,2024-10-03,0255,N,VIIRS,n,2,286.08,0.72,N,2
37.86789,-0.83997,342.84,0.56,0.43,2024-10-03,1236,N,VIIRS,n,2,301.93,6.68,D,0
39.51568,2.77281,348.5,0.4,0.37,2024-10-03,1237,N,VIIRS,n,2,301.36,5.23,D,0
39.61378,2.66527,341.38,0.4,0.37,2024-10-03,1237,N,VIIRS,n,2,299.9,2.37,D,0
39.63958,2.67255,337.88,0.4,0.37,2024-10-03,1237,N,VIIRS,n,2,302.42,2.78,D,0
39.68345,2.70397,336.91,0.4,0.37,2024-10-03,1237,N,VIIRS,n,2,298.72,2.88,D,0
41.09003,1.16568,336.12,0.42,0.38,2024-10-03,1237,N,VIIRS,n,2,296.84,3.16,D,0
41.31289,1.66106,327.57,0.41,0.37,2024-10-03,1237,N,VIIRS,n,2,299.99,2.35,D,2
39.54667,-3.62985,337.58,0.47,0.48,2024-10-03,1237,N,VIIRS,n,2,298.08,8.94,D,0
41.93322,-0.41778,342.31,0.46,0.39,2024-10-03,1238,N,VIIRS,n,2,296.12,7.9,D,0
37.48809,-5.91725,351.52,0.52,0.67,2024-10-03,1417,N,VIIRS,n,2,296.54,8.36,D,0
37.49097,-5.91401,367,0.52,0.67,2024-10-03,1417,N,VIIRS,h,2,297.04,12.26,D,0
37.48827,-5.91122,332.35,0.52,0.67,2024-10-03,1417,N,VIIRS,n,2,296.11,9.88,D,0
41.31391,1.66007,299.33,0.43,0.62,2024-10-04,0055,N,VIIRS,n,2,285.13,0.62,N,2
40.57389,0.54048,299.11,0.49,0.65,2024-10-04,0055,N,VIIRS,n,2,286.7,1.37,N,2
43.52589,-5.72789,296.37,0.44,0.38,2024-10-04,0235,N,VIIRS,n,2,284.52,0.51,N,2
43.542,-5.83081,303.7,0.44,0.38,2024-10-04,0235,N,VIIRS,n,2,283.27,1.47,N,2
41.47608,-1.48886,296.77,0.48,0.48,2024-10-04,0236,N,VIIRS,n,2,281.52,0.8,N,2
41.31426,1.66398,319.37,0.35,0.56,2024-10-04,0236,N,VIIRS,n,2,286.81,1.55,N,2
41.17416,1.22127,299.35,0.33,0.55,2024-10-04,0236,N,VIIRS,n,2,289.13,0.75,N,0
36.96687,-1.90605,304.88,0.59,0.53,2024-10-04,0237,N,VIIRS,n,2,290.44,1.25,N,2
37.35894,-5.862,301.18,0.55,0.42,2024-10-04,0237,N,VIIRS,n,2,289.6,1.34,N,2
37.35944,-5.86683,305.26,0.55,0.42,2024-10-04,0237,N,VIIRS,n,2,290.94,0.9,N,2
38.68,-6.88136,338.06,0.62,0.72,2024-10-04,1218,N,VIIRS,n,2,290.43,5.91,D,0
37.27447,-6.57902,330.92,0.66,0.73,2024-10-04,1218,N,VIIRS,n,2,291.57,4.2,D,0
38.59759,-6.55579,328.85,0.6,0.71,2024-10-04,1218,N,VIIRS,n,2,291.21,5.45,D,0
38.60297,-6.55675,332.33,0.6,0.71,2024-10-04,1218,N,VIIRS,n,2,291.71,5.61,D,0
37.55024,-5.4949,343.21,0.6,0.53,2024-10-04,1358,N,VIIRS,n,2,300.01,13.09,D,0
40.24455,-3.47739,305.79,0.41,0.37,2024-10-05,0217,N,VIIRS,n,2,286.01,2.47,N,2
41.31397,1.66174,298.87,0.41,0.45,2024-10-05,0217,N,VIIRS,n,2,267.75,0.43,N,2
41.40558,2.00061,298.89,0.42,0.45,2024-10-05,0217,N,VIIRS,n,2,283.74,1.07,N,2
41.45581,1.97955,299.68,0.42,0.45,2024-10-05,0217,N,VIIRS,n,2,282.33,0.96,N,2
40.2437,-3.47264,327.65,0.41,0.37,2024-10-05,0217,N,VIIRS,n,2,287.02,2.13,N,2
39.93537,-3.74329,319.04,0.41,0.37,2024-10-05,0218,N,VIIRS,n,2,286.97,1.28,N,2
40.00928,-3.90085,300.89,0.4,0.37,2024-10-05,0218,N,VIIRS,n,2,286.96,0.97,N,2
40.35574,-3.01686,327.76,0.61,0.71,2024-10-05,1200,N,VIIRS,n,2,277.51,4.92,D,0
37.43462,-5.36625,341.29,0.52,0.41,2024-10-05,1339,N,VIIRS,n,2,301.64,6.1,D,0
38.92481,-5.96504,340.61,0.51,0.41,2024-10-05,1340,N,VIIRS,n,2,292.43,3.71,D,0
38.92597,-5.96302,339.57,0.51,0.41,2024-10-05,1340,N,VIIRS,n,2,291.48,5.08,D,0
38.87113,-6.68724,343.3,0.47,0.4,2024-10-05,1340,N,VIIRS,n,2,295.15,29.09,D,0
41.92151,0.18011,326.47,0.37,0.58,2024-10-05,1340,N,VIIRS,l,2,296.53,1.76,D,2
41.31139,1.65963,296.42,0.41,0.37,2024-10-06,0158,N,VIIRS,n,2,275.65,0.68,N,2
41.47452,-1.48663,301.74,0.39,0.36,2024-10-06,0158,N,VIIRS,n,2,282.42,1.04,N,2
40.27552,-3.41177,321.57,0.41,0.37,2024-10-06,0159,N,VIIRS,n,2,284.94,2.52,N,0
37.08403,-5.5947,302.36,0.44,0.39,2024-10-06,0159,N,VIIRS,n,2,289.14,0.47,N,0
36.9651,-1.90476,314.1,0.38,0.36,2024-10-06,0159,N,VIIRS,n,2,291.67,1.58,N,2
39.54616,-2.86456,323.89,0.39,0.37,2024-10-06,0159,N,VIIRS,n,2,282.5,1.97,N,0
40.27618,-3.41659,326.89,0.41,0.37,2024-10-06,0159,N,VIIRS,n,2,285.22,2.52,N,0
39.9367,-3.74503,311.76,0.41,0.37,2024-10-06,0159,N,VIIRS,n,2,284.32,1.51,N,2
37.19894,-5.66386,330.98,0.38,0.36,2024-10-06,1320,N,VIIRS,n,2,279.44,3.42,D,0
37.52958,-5.47101,330.63,0.38,0.36,2024-10-06,1320,N,VIIRS,n,2,281.04,4.23,D,0
38.9184,-6.50932,337.84,0.38,0.36,2024-10-06,1321,N,VIIRS,n,2,299.9,3.03,D,0
38.89339,-5.89671,345.6,0.38,0.36,2024-10-06,1321,N,VIIRS,n,2,297.35,4.32,D,0
38.86795,-6.56965,336.4,0.38,0.36,2024-10-06,1321,N,VIIRS,n,2,299.94,6.09,D,0
38.91279,-6.82874,332.03,0.39,0.36,2024-10-06,1321,N,VIIRS,n,2,294.75,3.16,D,0
38.9095,-6.82788,335.86,0.39,0.36,2024-10-06,1321,N,VIIRS,n,2,297.13,3.16,D,0
38.92169,-6.51016,334.14,0.38,0.36,2024-10-06,1321,N,VIIRS,n,2,296.19,3.03,D,0
38.9088,-6.8323,338.5,0.39,0.36,2024-10-06,1321,N,VIIRS,n,2,298.8,3.07,D,0
38.91209,-6.83315,332.25,0.39,0.36,2024-10-06,1321,N,VIIRS,n,2,295.47,3.07,D,0
38.33875,-6.10811,342.19,0.38,0.36,2024-10-06,1321,N,VIIRS,n,2,300.97,8.04,D,0
43.54014,-5.83368,332.74,0.4,0.37,2024-10-06,1322,N,VIIRS,n,2,296.14,3.61,D,2
42.55385,-6.76912,296.01,0.32,0.55,2024-10-07,0139,N,VIIRS,n,2,285.01,0.7,N,2
41.45484,1.97862,299.56,0.4,0.37,2024-10-07,0139,N,VIIRS,n,2,288.28,0.63,N,2
41.31367,1.66117,308.49,0.41,0.37,2024-10-07,0139,N,VIIRS,n,2,285.3,1.65,N,2
41.40632,1.99956,300.59,0.4,0.37,2024-10-07,0139,N,VIIRS,n,2,288.39,0.61,N,2
43.35417,-8.45323,302.33,0.4,0.6,2024-10-07,0139,N,VIIRS,n,2,284.16,0.44,N,0
39.94983,-0.00505,300.19,0.44,0.39,2024-10-07,0140,N,VIIRS,n,2,286.77,0.85,N,2
36.96638,-1.90528,297.36,0.49,0.4,2024-10-07,0140,N,VIIRS,n,2,271.48,0.76,N,2
37.75674,-4.52169,332.31,0.44,0.39,2024-10-07,1301,N,VIIRS,n,2,296.26,3.02,D,0
43.53763,-5.83247,330.84,0.42,0.37,2024-10-07,1303,N,VIIRS,n,2,294.67,2.66,D,2
43.54324,-5.83787,296.11,0.51,0.66,2024-10-08,0120,N,VIIRS,n,2,283.31,1.14,N,0
43.54312,-5.83108,295.18,0.51,0.66,2024-10-08,0120,N,VIIRS,n,2,284.22,1.14,N,2
43.5369,-5.83139,315.03,0.51,0.66,2024-10-08,0120,N,VIIRS,n,2,283.84,1.14,N,2
43.03857,-2.21973,297.68,0.33,0.56,2024-10-08,0120,N,VIIRS,n,2,284.92,0.33,N,2
43.2251,-2.8787,303.92,0.36,0.58,2024-10-08,0120,N,VIIRS,n,2,286.37,0.52,N,2
43.22532,-2.88326,305.35,0.36,0.58,2024-10-08,0120,N,VIIRS,n,2,285.59,0.52,N,2
43.52476,-5.73271,304.8,0.51,0.66,2024-10-08,0120,N,VIIRS,n,2,283.72,2.18,N,2
43.53939,-5.82935,309.86,0.51,0.66,2024-10-08,0120,N,VIIRS,n,2,284.36,1.74,N,2
43.53954,-5.83598,308.75,0.51,0.66,2024-10-08,0120,N,VIIRS,n,2,284.64,2.72,N,2
39.9351,-3.74443,303.19,0.38,0.59,2024-10-08,0121,N,VIIRS,n,2,283.17,1.13,N,2
36.96454,-1.907,301.06,0.56,0.52,2024-10-08,0122,N,VIIRS,n,2,290.65,0.72,N,2
36.67298,-6.378,297.27,0.49,0.65,2024-10-08,0122,N,VIIRS,n,2,285.89,1.07,N,0
36.67323,-6.38381,316.12,0.5,0.65,2024-10-08,0122,N,VIIRS,n,2,286.31,2.17,N,0
43.55094,-5.86369,303.71,0.53,0.5,2024-10-08,0300,N,VIIRS,n,2,284.66,0.74,N,0
43.53868,-5.83467,307.1,0.53,0.5,2024-10-08,0300,N,VIIRS,n,2,284.77,1.48,N,2
41.30972,1.66421,297.98,0.68,0.74,2024-10-08,0300,N,VIIRS,n,2,281.17,2.47,N,2
41.31116,1.66005,306.23,0.68,0.74,2024-10-08,0300,N,VIIRS,n,2,281.76,2.83,N,2
43.33361,-3.10593,297.34,0.36,0.57,2024-10-08,0300,N,VIIRS,n,2,285.51,0.33,N,0
43.52788,-5.73262,297.15,0.54,0.5,2024-10-08,0300,N,VIIRS,n,2,284.62,0.83,N,2
43.52624,-5.72611,295.09,0.54,0.5,2024-10-08,0300,N,VIIRS,n,2,284.68,0.83,N,2
43.5234,-5.73466,299.89,0.54,0.5,2024-10-08,0300,N,VIIRS,n,2,285.84,0.83,N,2
39.79467,3.07285,349.41,0.38,0.36,2024-10-08,1243,N,VIIRS,n,2,302.91,6.52,D,0
39.79535,3.07731,337.8,0.38,0.36,2024-10-08,1243,N,VIIRS,n,2,299.53,6.52,D,0
39.79864,3.07646,367,0.38,0.36,2024-10-08,1243,N,VIIRS,h,2,365.17,151,D,0
39.79796,3.07201,367,0.38,0.36,2024-10-08,1243,N,VIIRS,h,2,334.06,151,D,0
39.79932,3.08092,333.66,0.38,0.36,2024-10-08,1243,N,VIIRS,n,2,297.94,45.68,D,0
39.79728,3.06755,349.25,0.38,0.36,2024-10-08,1243,N,VIIRS,n,2,303.52,79.31,D,0
39.80125,3.07116,367,0.38,0.36,2024-10-08,1243,N,VIIRS,h,2,331.49,151,D,0
39.80057,3.06671,367,0.38,0.36,2024-10-08,1243,N,VIIRS,h,2,335.55,79.31,D,0
39.80193,3.07562,346.53,0.38,0.36,2024-10-08,1243,N,VIIRS,n,2,300.66,151,D,0
39.80453,3.07032,367,0.38,0.36,2024-10-08,1243,N,VIIRS,h,2,293.79,4.41,D,0
39.80521,3.07477,344.1,0.38,0.36,2024-10-08,1243,N,VIIRS,n,2,295.23,4.41,D,0
39.80851,3.07393,338.46,0.38,0.36,2024-10-08,1243,N,VIIRS,n,2,291.42,4.41,D,0
39.80782,3.06948,341.55,0.38,0.36,2024-10-08,1243,N,VIIRS,n,2,294.03,4.41,D,0
39.81043,3.06418,327.77,0.38,0.36,2024-10-08,1243,N,VIIRS,n,2,290.33,2.25,D,0
27.97916,-15.58243,333.73,0.45,0.39,2024-10-08,1421,N,VIIRS,n,2,302.4,2.99,D,0
41.31224,1.66311,306.89,0.36,0.57,2024-10-09,0101,N,VIIRS,n,2,281.29,1.75,N,2
43.54277,-5.83118,303.58,0.49,0.41,2024-10-09,0242,N,VIIRS,n,2,287.69,1.37,N,2
41.31124,1.66472,296.96,0.41,0.61,2024-10-09,0242,N,VIIRS,n,2,276.47,1.05,N,2
41.3125,1.66032,303.27,0.41,0.61,2024-10-09,0242,N,VIIRS,n,2,276.21,1.05,N,2
41.40762,2.00002,301.63,0.42,0.61,2024-10-09,0242,N,VIIRS,n,2,283.65,0.66,N,2
41.40467,1.99962,297.59,0.42,0.61,2024-10-09,0242,N,VIIRS,n,2,282.92,0.52,N,2
43.53913,-5.83257,310.19,0.49,0.41,2024-10-09,0242,N,VIIRS,n,2,287.29,1.25,N,2
43.52317,-5.73498,299.91,0.5,0.41,2024-10-09,0242,N,VIIRS,n,2,287.23,2.19,N,2
43.52682,-5.73359,329.08,0.5,0.41,2024-10-09,0242,N,VIIRS,n,2,287.74,2.19,N,2
43.52559,-5.72752,299.85,0.5,0.41,2024-10-09,0242,N,VIIRS,n,2,286.61,0.95,N,2
43.54519,-5.84306,305.86,0.49,0.4,2024-10-09,0242,N,VIIRS,n,2,287.28,0.97,N,2
41.41258,0.76411,326.81,0.57,0.43,2024-10-09,1225,N,VIIRS,n,2,294.28,1.93,D,0
40.57788,0.54102,299.01,0.72,0.75,2024-10-10,0042,N,VIIRS,n,2,287.71,1.6,N,2
39.95124,-0.00529,304.15,0.76,0.77,2024-10-10,0043,N,VIIRS,n,2,290.46,1.46,N,2
41.29682,1.22875,297.49,0.46,0.47,2024-10-10,0223,N,VIIRS,n,2,285.27,0.26,N,0
42.55201,-6.76892,297.8,0.38,0.36,2024-10-10,0223,N,VIIRS,n,2,283.12,0.6,N,2
39.95166,-0.00267,309.64,0.43,0.46,2024-10-10,0223,N,VIIRS,n,2,292.66,1.66,N,2
43.5276,-5.73285,307.86,0.39,0.36,2024-10-10,0223,N,VIIRS,n,2,282.25,0.86,N,2
43.3475,-8.43739,296.47,0.4,0.37,2024-10-10,0223,N,VIIRS,n,2,284.52,0.47,N,2
41.311,1.66185,299.1,0.48,0.48,2024-10-10,0223,N,VIIRS,n,2,287.23,0.77,N,2
43.52683,-5.72812,299.21,0.39,0.36,2024-10-10,0223,N,VIIRS,n,2,283.15,0.86,N,2
43.54516,-5.84133,303.55,0.38,0.36,2024-10-10,0223,N,VIIRS,n,2,282.89,0.56,N,2
41.40545,2.00021,303.21,0.5,0.49,2024-10-10,0223,N,VIIRS,n,2,288.21,0.98,N,2
41.4081,2.0007,299.75,0.5,0.49,2024-10-10,0223,N,VIIRS,n,2,287.86,0.76,N,2
41.92247,0.18086,300.84,0.4,0.44,2024-10-10,0223,N,VIIRS,n,2,283.56,0.71,N,2
43.53708,-5.8339,316.7,0.38,0.36,2024-10-10,0223,N,VIIRS,n,2,281.88,1.34,N,2
43.52355,-5.72913,298.28,0.39,0.36,2024-10-10,0223,N,VIIRS,n,2,280.43,0.86,N,2
43.52431,-5.73385,315.1,0.39,0.36,2024-10-10,0223,N,VIIRS,n,2,282.98,0.86,N,2
43.54189,-5.84234,295.29,0.38,0.36,2024-10-10,0223,N,VIIRS,n,2,283.05,0.56,N,2
43.54036,-5.83291,331.81,0.38,0.36,2024-10-10,0223,N,VIIRS,n,2,286.81,6.86,N,2
36.9676,-1.90583,299.16,0.4,0.44,2024-10-10,0224,N,VIIRS,n,2,286.05,0.72,N,2
40.00819,-3.89894,296.11,0.44,0.39,2024-10-10,0224,N,VIIRS,n,2,283.81,0.36,N,0
39.39809,-0.33991,340.36,0.41,0.6,2024-10-10,1205,N,VIIRS,n,2,298.47,3.81,D,0
39.40598,-0.34965,329.2,0.41,0.6,2024-10-10,1205,N,VIIRS,n,2,296.6,2.65,D,0
39.40192,-0.34263,326.52,0.41,0.6,2024-10-10,1205,N,VIIRS,n,2,296.09,2.65,D,0
39.39658,-0.34021,334.1,0.41,0.6,2024-10-10,1205,N,VIIRS,n,2,297.99,2.73,D,0
39.35231,-0.39701,326.87,0.41,0.61,2024-10-10,1205,N,VIIRS,n,2,295.58,2.87,D,0
39.34694,-0.39457,330.76,0.41,0.61,2024-10-10,1205,N,VIIRS,n,2,295.52,2.87,D,0
39.34823,-0.38992,356.75,0.41,0.61,2024-10-10,1205,N,VIIRS,n,2,297.67,8.69,D,0
39.30468,-0.3078,353.41,0.41,0.61,2024-10-10,1205,N,VIIRS,n,2,293.59,3.43,D,0
39.30595,-0.30321,325.64,0.41,0.61,2024-10-10,1205,N,VIIRS,n,2,293.28,3.43,D,0
39.29548,-0.31916,352.83,0.41,0.61,2024-10-10,1205,N,VIIRS,n,2,293.87,7.02,D,0
39.29676,-0.31456,346.86,0.41,0.61,2024-10-10,1205,N,VIIRS,n,2,295.18,13.67,D,0
39.2807,-0.30733,329.25,0.41,0.61,2024-10-10,1205,N,VIIRS,n,2,292.59,4.08,D,0
39.29739,-0.3211,325.66,0.41,0.61,2024-10-10,1205,N,VIIRS,n,2,291.73,4.95,D,0
39.30116,-0.30727,327.19,0.41,0.61,2024-10-10,1205,N,VIIRS,n,2,290.08,2.25,D,0
39.29865,-0.31648,367,0.41,0.61,2024-10-10,1205,N,VIIRS,h,2,296.5,7.28,D,0
39.2933,-0.31406,329.25,0.41,0.61,2024-10-10,1205,N,VIIRS,n,2,294.61,7.28,D,0
39.28512,-0.29996,330.84,0.41,0.61,2024-10-10,1205,N,VIIRS,n,2,293.49,3.62,D,0
39.24258,-0.30143,348.56,0.41,0.61,2024-10-10,1205,N,VIIRS,n,2,295.7,5.34,D,0
39.2464,-0.28759,367,0.41,0.61,2024-10-10,1205,N,VIIRS,h,2,297.87,8.6,D,0
39.22754,-0.26872,335.51,0.41,0.61,2024-10-10,1205,N,VIIRS,n,2,295.34,5.29,D,0
27.98042,-15.58159,345.01,0.42,0.45,2024-10-10,1343,N,VIIRS,n,2,308.31,20.62,D,0
27.97955,-15.58595,338.57,0.42,0.45,2024-10-10,1343,N,VIIRS,n,2,300.84,20.62,D,0
38.32569,-1.68801,352.64,0.33,0.55,2024-10-10,1345,N,VIIRS,n,2,294.25,4.54,D,0
38.33084,-1.6884,348.68,0.33,0.55,2024-10-10,1345,N,VIIRS,n,2,292.32,3.25,D,0
38.33057,-1.69247,328.15,0.33,0.55,2024-10-10,1345,N,VIIRS,n,2,291.11,3.25,D,0
39.42208,-0.34441,330.8,0.4,0.6,2024-10-10,1346,N,VIIRS,n,2,297.5,1.17,D,0
39.401,-0.34899,334.68,0.4,0.6,2024-10-10,1346,N,VIIRS,n,2,297.36,3.63,D,0
39.29991,-0.35577,335.24,0.39,0.6,2024-10-10,1346,N,VIIRS,n,2,296.14,3.04,D,0
40.5756,0.54174,306.13,0.43,0.38,2024-10-11,0204,N,VIIRS,n,2,284.57,1.11,N,2
43.53878,-5.83239,339.32,0.46,0.39,2024-10-11,0204,N,VIIRS,n,2,284.62,12.76,N,2
43.52722,-5.7357,299.79,0.46,0.39,2024-10-11,0204,N,VIIRS,n,2,283.03,4.79,N,2
43.52296,-5.73093,301.64,0.46,0.39,2024-10-11,0204,N,VIIRS,n,2,283.08,2.17,N,2
42.81382,-1.74404,296.96,0.38,0.36,2024-10-11,0204,N,VIIRS,n,2,280.65,0.63,N,2
43.35165,-8.45019,297.16,0.39,0.44,2024-10-11,0204,N,VIIRS,n,2,282.65,0.47,N,0
41.31322,1.66457,314.57,0.45,0.39,2024-10-11,0204,N,VIIRS,n,2,282.24,1.85,N,2
41.4747,-1.48886,301.2,0.39,0.36,2024-10-11,0204,N,VIIRS,n,2,280.33,0.74,N,2
43.54239,-5.83156,344.53,0.46,0.39,2024-10-11,0204,N,VIIRS,n,2,283.72,12.76,N,2
43.55305,-5.85876,295.83,0.46,0.39,2024-10-11,0204,N,VIIRS,n,2,283.17,0.46,N,2
43.32753,-3.11668,296.34,0.39,0.36,2024-10-11,0204,N,VIIRS,n,2,285.88,0.7,N,0
43.53014,-5.72927,299.06,0.46,0.39,2024-10-11,0204,N,VIIRS,n,2,283.04,4.79,N,2
43.52655,-5.73009,343.62,0.46,0.39,2024-10-11,0204,N,VIIRS,n,2,288.35,4.79,N,2
40.0771,-3.90235,309.59,0.39,0.36,2024-10-11,0205,N,VIIRS,n,2,280.08,1.24,N,0
39.93447,-3.74288,299.79,0.39,0.36,2024-10-11,0205,N,VIIRS,n,2,281.38,0.92,N,2
41.45308,1.98141,297.21,0.39,0.36,2024-10-12,0145,N,VIIRS,n,2,277.99,0.93,N,2
41.31152,1.66218,304.72,0.39,0.36,2024-10-12,0145,N,VIIRS,n,2,266.62,1.09,N,2
40.57531,0.54395,301.59,0.4,0.37,2024-10-12,0146,N,VIIRS,n,2,280.85,0.66,N,0
43.52662,-5.7264,332.93,0.39,0.36,2024-10-12,1309,N,VIIRS,n,2,274.65,2.79,D,2
41.45527,1.98151,301.15,0.51,0.41,2024-10-13,0126,N,VIIRS,n,2,284.04,1.11,N,2
43.34473,-8.43731,296.15,0.57,0.69,2024-10-13,0126,N,VIIRS,n,2,286.09,0.48,N,2
43.34337,-8.43647,296.13,0.57,0.69,2024-10-13,0126,N,VIIRS,n,2,285.93,0.67,N,2
43.03637,-2.21785,296.2,0.56,0.51,2024-10-13,0126,N,VIIRS,n,2,285.53,0.94,N,2
43.55388,-5.85883,309.68,0.43,0.62,2024-10-13,0126,N,VIIRS,n,2,286.58,1.25,N,2
43.54136,-5.83165,303.59,0.43,0.62,2024-10-13,0126,N,VIIRS,n,2,286.12,0.82,N,2
43.52626,-5.73017,317.02,0.42,0.61,2024-10-13,0126,N,VIIRS,n,2,286.64,2.17,N,2
43.52052,-5.73065,295.92,0.42,0.61,2024-10-13,0126,N,VIIRS,n,2,285.38,0.41,N,2
41.31075,1.66176,300.38,0.52,0.42,2024-10-13,0127,N,VIIRS,n,2,275.68,1.72,N,2
40.5761,0.54356,304.1,0.38,0.43,2024-10-13,0127,N,VIIRS,n,2,287.48,1.24,N,0
36.96808,-1.9069,298.72,0.46,0.47,2024-10-13,0128,N,VIIRS,n,2,282.91,0.89,N,2
43.03685,-2.22084,295.53,0.48,0.64,2024-10-13,0306,N,VIIRS,n,2,284.32,0.29,N,2
43.30968,-3.02581,297.34,0.43,0.62,2024-10-13,0306,N,VIIRS,n,2,287.1,0.37,N,0
43.41359,-3.83963,303.57,0.39,0.59,2024-10-13,0306,N,VIIRS,n,2,285.92,0.93,N,0
43.55301,-5.85753,298.83,0.63,0.54,2024-10-13,0307,N,VIIRS,n,2,286.59,1.06,N,2
43.55333,-5.8595,296.35,0.62,0.54,2024-10-13,0307,N,VIIRS,n,2,286.35,0.95,N,2
43.52378,-5.72978,315.42,0.63,0.54,2024-10-13,0307,N,VIIRS,n,2,285.93,3.27,N,2
37.95522,-1.40858,337.9,0.44,0.38,2024-10-13,1249,N,VIIRS,n,2,289.91,2.88,D,0
37.95628,-1.38273,335.97,0.44,0.38,2024-10-13,1249,N,VIIRS,n,2,292.29,2.84,D,0
37.95718,-1.37783,335.16,0.44,0.38,2024-10-13,1249,N,VIIRS,n,2,289.94,1.51,D,0
37.96051,-1.39975,335.77,0.44,0.38,2024-10-13,1249,N,VIIRS,n,2,293.23,3.3,D,0
43.53888,-5.82893,331.56,0.53,0.42,2024-10-13,1251,N,VIIRS,n,2,294.73,4.8,D,2
39.93439,-3.7427,297.24,0.58,0.52,2024-10-14,0249,N,VIIRS,n,2,284.25,1.28,N,2
37.35087,-6.63603,321.54,0.47,0.48,2024-10-14,0250,N,VIIRS,n,2,286.51,2.31,N,0
27.98043,-15.58531,337.41,0.38,0.36,2024-10-14,1408,N,VIIRS,n,2,300.24,2.64,D,0
43.4418,-3.84399,296.68,0.45,0.39,2024-10-15,0229,N,VIIRS,n,2,273.08,0.56,N,2
39.93703,-3.74322,298.78,0.52,0.41,2024-10-15,0230,N,VIIRS,n,2,282.87,0.88,N,2
39.93546,-3.74324,298.44,0.52,0.41,2024-10-15,0230,N,VIIRS,n,2,282.11,0.55,N,2
41.40809,1.99908,303.29,0.53,0.42,2024-10-16,0210,N,VIIRS,n,2,287.62,1.1,N,2
39.79193,3.06767,367,0.39,0.59,2024-10-16,1153,N,VIIRS,h,2,296.5,8.41,D,0
39.7879,3.07442,341.29,0.39,0.59,2024-10-16,1153,N,VIIRS,n,2,293.47,8.41,D,0
39.78671,3.07005,367,0.39,0.59,2024-10-16,1153,N,VIIRS,h,2,295.68,8.41,D,0
39.22295,-0.30356,325.88,0.59,0.7,2024-10-16,1153,N,VIIRS,n,2,287.89,3.36,D,0
39.79717,3.06534,367,0.39,0.59,2024-10-16,1153,N,VIIRS,h,2,296.87,17.29,D,0
39.79312,3.07203,342.39,0.39,0.59,2024-10-16,1153,N,VIIRS,n,2,294.29,8.41,D,0
39.79014,3.07776,367,0.41,0.61,2024-10-16,1333,N,VIIRS,h,2,295.05,30.7,D,0
39.78788,3.06447,329.8,0.41,0.61,2024-10-16,1333,N,VIIRS,n,2,294.29,3.19,D,0
39.14967,-0.31263,330.18,0.54,0.51,2024-10-16,1333,N,VIIRS,n,2,291.99,4.11,D,0
39.20892,-0.28133,340.68,0.54,0.51,2024-10-16,1333,N,VIIRS,n,2,292.15,6.86,D,0
39.3171,-0.31486,327.66,0.54,0.51,2024-10-16,1333,N,VIIRS,n,2,293.08,3.58,D,0
39.78859,3.07932,351.45,0.41,0.61,2024-10-16,1333,N,VIIRS,n,2,293.45,27.89,D,0
39.78836,3.07437,352.25,0.41,0.61,2024-10-16,1333,N,VIIRS,n,2,299.62,20.52,D,0
39.78812,3.06942,333.28,0.41,0.61,2024-10-16,1333,N,VIIRS,n,2,294.3,20.52,D,0
39.14871,-0.31022,328.89,0.54,0.51,2024-10-16,1333,N,VIIRS,n,2,292.18,5.04,D,0
39.79519,3.06247,367,0.41,0.61,2024-10-16,1333,N,VIIRS,h,2,295.23,13.78,D,0
39.78951,3.0629,353.11,0.41,0.61,2024-10-16,1333,N,VIIRS,n,2,294.66,13.3,D,0
39.78993,3.0728,342.14,0.41,0.61,2024-10-16,1333,N,VIIRS,n,2,298.4,30.7,D,0
39.78972,3.06785,367,0.41,0.61,2024-10-16,1333,N,VIIRS,h,2,296,13.3,D,0
39.95207,-0.00384,303.14,0.38,0.36,2024-10-17,0152,N,VIIRS,n,2,291.88,0.78,N,2
40.57713,0.54296,307.27,0.38,0.36,2024-10-17,0152,N,VIIRS,n,2,288.33,1.2,N,2
41.31338,1.66262,318.13,0.39,0.36,2024-10-17,0152,N,VIIRS,n,2,290.23,1.93,N,2
41.40773,2.00053,304.37,0.39,0.36,2024-10-17,0152,N,VIIRS,n,2,288.95,0.43,N,2
41.45519,1.97802,303.86,0.39,0.36,2024-10-17,0152,N,VIIRS,n,2,288.76,0.57,N,2
39.66367,-0.24721,302.17,0.39,0.36,2024-10-17,0152,N,VIIRS,n,2,290.12,0.57,N,0
36.96553,-1.90593,312.01,0.39,0.36,2024-10-17,0153,N,VIIRS,n,2,291.42,1.35,N,2
38.44148,-6.21618,354.73,0.4,0.37,2024-10-17,1314,N,VIIRS,n,2,296.28,22.09,D,0
38.43995,-6.22524,338.6,0.4,0.37,2024-10-17,1314,N,VIIRS,n,2,291.42,2.55,D,0
38.44101,-6.23969,335.73,0.4,0.37,2024-10-17,1314,N,VIIRS,n,2,290.47,3.03,D,0
38.44177,-6.23517,346,0.4,0.37,2024-10-17,1314,N,VIIRS,n,2,291.26,3.03,D,0
38.42328,-6.22065,339.11,0.4,0.37,2024-10-17,1314,N,VIIRS,n,2,292.07,3.12,D,0
38.08797,-1.36101,336.67,0.43,0.38,2024-10-17,1314,N,VIIRS,n,2,298.13,3.82,D,0
38.0845,-1.36026,343.61,0.43,0.38,2024-10-17,1314,N,VIIRS,n,2,297.88,5.05,D,0
38.43919,-6.22976,346.19,0.4,0.37,2024-10-17,1314,N,VIIRS,n,2,292.07,2.55,D,0
38.44482,-6.21709,355.17,0.4,0.37,2024-10-17,1314,N,VIIRS,n,2,296.35,22.09,D,0
38.44329,-6.22615,338.62,0.4,0.37,2024-10-17,1314,N,VIIRS,n,2,292.2,2.55,D,0
38.43967,-6.20618,344.62,0.4,0.37,2024-10-17,1314,N,VIIRS,n,2,293.2,18.86,D,0
38.43557,-6.20981,356.32,0.4,0.37,2024-10-17,1314,N,VIIRS,l,2,294.02,18.86,D,0
38.43252,-6.22792,335.27,0.4,0.37,2024-10-17,1314,N,VIIRS,n,2,291.14,4.09,D,0
38.4269,-6.24052,337.63,0.4,0.37,2024-10-17,1314,N,VIIRS,n,2,291.94,1.96,D,0
38.42766,-6.23602,346.51,0.4,0.37,2024-10-17,1314,N,VIIRS,n,2,293.16,6.11,D,0
38.42995,-6.22249,339.92,0.4,0.37,2024-10-17,1314,N,VIIRS,n,2,291.94,12.27,D,0
38.42509,-6.23058,336.8,0.4,0.37,2024-10-17,1314,N,VIIRS,n,2,292.85,6.11,D,0
38.44739,-6.22254,342.66,0.4,0.37,2024-10-17,1314,N,VIIRS,n,2,293.51,7.15,D,0
38.45148,-6.21893,358.03,0.4,0.37,2024-10-17,1314,N,VIIRS,l,2,292.17,7.15,D,0
38.44815,-6.21801,356.26,0.4,0.37,2024-10-17,1314,N,VIIRS,n,2,295.94,7.15,D,0
38.43661,-6.22433,338.09,0.4,0.37,2024-10-17,1314,N,VIIRS,n,2,291.51,4.09,D,0
38.44225,-6.21163,336.01,0.4,0.37,2024-10-17,1314,N,VIIRS,n,2,293.2,8.68,D,0
38.43357,-6.24237,336.39,0.4,0.37,2024-10-17,1314,N,VIIRS,n,2,292.65,4.42,D,0
43.52065,-5.73599,297.27,0.35,0.57,2024-10-18,0132,N,VIIRS,n,2,281.88,0.64,N,2
43.52268,-5.73676,306.17,0.35,0.57,2024-10-18,0132,N,VIIRS,n,2,283.08,1.28,N,2
43.52752,-5.72739,300.87,0.35,0.57,2024-10-18,0132,N,VIIRS,n,2,283.65,1.23,N,2
43.53841,-5.83362,313.76,0.35,0.57,2024-10-18,0132,N,VIIRS,n,2,281.44,3.12,N,2
43.53817,-5.829,327.66,0.35,0.57,2024-10-18,0132,N,VIIRS,n,2,282.11,2.57,N,2
43.52574,-5.73096,296.19,0.35,0.57,2024-10-18,0132,N,VIIRS,n,2,282.96,0.84,N,2
43.52594,-5.73528,308.7,0.35,0.57,2024-10-18,0132,N,VIIRS,n,2,284.82,0.84,N,2
43.53583,-5.83287,295.21,0.35,0.57,2024-10-18,0132,N,VIIRS,n,2,280.87,0.88,N,0
43.54093,-5.82754,298.84,0.35,0.57,2024-10-18,0132,N,VIIRS,n,2,281.1,1.58,N,2
43.54116,-5.83236,330.3,0.35,0.57,2024-10-18,0132,N,VIIRS,n,2,283.99,1.58,N,2
43.55312,-5.85902,297.25,0.36,0.57,2024-10-18,0132,N,VIIRS,n,2,281.84,0.63,N,2
40.57772,0.54018,302.86,0.49,0.4,2024-10-18,0133,N,VIIRS,n,2,286.36,1.02,N,2
41.45476,1.97917,304.56,0.44,0.39,2024-10-18,0133,N,VIIRS,n,2,286.05,0.92,N,2
41.47526,-1.48685,299.29,0.41,0.45,2024-10-18,0133,N,VIIRS,n,2,279.99,1.02,N,2
40.57687,0.53917,298.89,0.49,0.4,2024-10-18,0133,N,VIIRS,n,2,286.2,1.28,N,2
36.96811,-1.9058,310.82,0.38,0.43,2024-10-18,0134,N,VIIRS,n,2,287.5,1.37,N,2
43.52287,-5.73435,298.35,0.38,0.58,2024-10-18,0313,N,VIIRS,n,2,282.51,1.54,N,2
43.5267,-5.72708,302.58,0.38,0.59,2024-10-18,0313,N,VIIRS,n,2,282.92,0.79,N,2
43.51952,-5.73448,309.03,0.38,0.58,2024-10-18,0313,N,VIIRS,n,2,281.18,0.95,N,2
43.52332,-5.7272,308.2,0.38,0.58,2024-10-18,0313,N,VIIRS,n,2,281.58,0.95,N,2
43.52161,-5.72984,295.39,0.38,0.59,2024-10-18,0313,N,VIIRS,n,2,281.19,0.79,N,2
38.66667,-4.04716,303.64,0.63,0.72,2024-10-18,0314,N,VIIRS,n,2,278.3,1.46,N,2
37.34895,-6.63361,311.18,0.51,0.66,2024-10-18,0314,N,VIIRS,n,2,282.65,1.91,N,0
38.66513,-4.049,299.16,0.63,0.72,2024-10-18,0314,N,VIIRS,n,2,278.71,2,N,2
37.34892,-6.63341,312.84,0.51,0.66,2024-10-18,0315,N,VIIRS,n,2,282.58,1.15,N,0
38.66889,-3.99097,346.91,0.47,0.4,2024-10-18,1255,N,VIIRS,n,2,295.48,7.25,D,0
39.13903,-0.27602,342.68,0.38,0.36,2024-10-18,1255,N,VIIRS,n,2,300.7,7.92,D,0
39.15205,-0.30236,330.39,0.38,0.36,2024-10-18,1255,N,VIIRS,n,2,298.21,1.8,D,0
39.19584,-0.26304,327.46,0.38,0.36,2024-10-18,1255,N,VIIRS,n,2,300.63,1.21,D,0
39.19515,-0.26746,332.96,0.38,0.36,2024-10-18,1255,N,VIIRS,n,2,299.62,1.21,D,0
39.25671,-0.37333,332.16,0.38,0.36,2024-10-18,1255,N,VIIRS,n,2,300.19,4.05,D,0
39.29622,-0.38356,326.12,0.38,0.36,2024-10-18,1255,N,VIIRS,n,2,298.91,1.36,D,0
40.30134,-2.91208,337.04,0.41,0.37,2024-10-18,1256,N,VIIRS,n,2,291.88,2.74,D,0
40.30218,-2.90727,346.3,0.41,0.37,2024-10-18,1256,N,VIIRS,n,2,292.97,2.74,D,0
40.29964,-2.90146,344.89,0.41,0.37,2024-10-18,1256,N,VIIRS,n,2,293.48,4.24,D,0
39.39233,-0.37504,326.86,0.38,0.36,2024-10-18,1256,N,VIIRS,n,2,297.99,2.14,D,0
41.31174,1.66255,305.82,0.49,0.49,2024-10-19,0114,N,VIIRS,n,2,283.01,1.43,N,2
40.57647,0.54311,299.88,0.55,0.51,2024-10-19,0114,N,VIIRS,n,2,285.09,0.99,N,2
40.57618,0.54314,300.26,0.55,0.51,2024-10-19,0114,N,VIIRS,n,2,285.04,0.87,N,2
39.0762,-0.25407,310.82,0.59,0.53,2024-10-19,0115,N,VIIRS,n,2,286.05,2.18,N,0
39.07805,-0.25489,310.29,0.59,0.53,2024-10-19,0115,N,VIIRS,n,2,286.42,1.9,N,0
41.31497,1.66456,307.43,0.58,0.7,2024-10-19,0254,N,VIIRS,n,2,281.08,1.98,N,2
41.78783,-1.15213,329.43,0.49,0.41,2024-10-19,1237,N,VIIRS,n,2,289.06,3.78,D,0
39.03529,-3.19306,340.5,0.46,0.47,2024-10-19,1237,N,VIIRS,n,2,289.37,4.71,D,0
41.31257,1.66232,326.76,0.41,0.37,2024-10-19,1237,N,VIIRS,n,2,297.39,2.06,D,2
41.87632,1.7146,337.92,0.4,0.37,2024-10-19,1237,N,VIIRS,n,2,292.9,3.23,D,0
41.94724,1.17096,344.46,0.42,0.37,2024-10-19,1237,N,VIIRS,n,2,293.12,2.43,D,0
41.40753,1.99979,295.48,0.36,0.57,2024-10-20,0235,N,VIIRS,n,2,273.24,0.44,N,2
39.9385,-3.74608,297.96,0.41,0.45,2024-10-20,0236,N,VIIRS,n,2,282.21,0.67,N,2
43.34656,-8.43697,307.52,0.39,0.36,2024-10-20,0236,N,VIIRS,n,2,272.65,1.02,N,2
37.35905,-5.86302,306.81,0.55,0.42,2024-10-20,0237,N,VIIRS,n,2,286,1.41,N,2
37.2141,-6.89837,324.53,0.49,0.41,2024-10-20,0237,N,VIIRS,n,2,286.06,2.97,N,0
37.17781,-6.89209,301.35,0.5,0.41,2024-10-20,0237,N,VIIRS,n,2,287.1,0.88,N,0
43.53722,-5.82931,338.29,0.4,0.6,2024-10-20,1219,N,VIIRS,n,2,288.97,2.39,D,2
43.52898,-5.73249,331.28,0.4,0.6,2024-10-20,1219,N,VIIRS,n,2,289.65,4.22,D,2
27.97818,-15.3943,336.47,0.43,0.38,2024-10-20,1356,N,VIIRS,n,2,306.07,1.68,D,0
38.42082,-6.19708,340.71,0.56,0.51,2024-10-20,1358,N,VIIRS,n,2,288.51,4.77,D,0
43.56081,-5.72386,297.51,0.39,0.36,2024-10-21,0217,N,VIIRS,n,2,286.58,0.36,N,2
43.03488,-2.22138,318.41,0.41,0.37,2024-10-21,0217,N,VIIRS,n,2,286.02,1.33,N,2
43.55942,-5.726,295.75,0.39,0.36,2024-10-21,0217,N,VIIRS,n,2,285.72,0.3,N,2
43.52897,-5.72957,310.5,0.39,0.36,2024-10-21,0217,N,VIIRS,n,2,287.29,1.31,N,2
43.54051,-5.83073,333.83,0.39,0.36,2024-10-21,0217,N,VIIRS,n,2,289.11,3.33,N,2
43.52567,-5.73049,329.99,0.39,0.36,2024-10-21,0217,N,VIIRS,n,2,289.05,2.27,N,2
43.52637,-5.73526,314.2,0.39,0.36,2024-10-21,0217,N,VIIRS,n,2,288.73,1.93,N,2
43.5372,-5.83166,311,0.39,0.36,2024-10-21,0217,N,VIIRS,n,2,284.78,3.33,N,2
43.52307,-5.73619,316.78,0.39,0.36,2024-10-21,0217,N,VIIRS,n,2,286.8,1.93,N,2
43.3288,-5.77505,296.22,0.39,0.36,2024-10-21,0217,N,VIIRS,n,2,284.77,0.46,N,2
41.40506,1.99915,295.82,0.42,0.45,2024-10-21,0217,N,VIIRS,n,2,275.3,0.65,N,2
41.31308,1.66063,317.14,0.41,0.45,2024-10-21,0217,N,VIIRS,n,2,286.53,1.83,N,2
41.31421,1.66456,310.33,0.41,0.45,2024-10-21,0217,N,VIIRS,n,2,285.27,2.36,N,2
41.80053,-1.30961,311.73,0.45,0.39,2024-10-21,0217,N,VIIRS,n,2,285.36,1.38,N,0
42.55342,-6.7683,300.1,0.4,0.37,2024-10-21,0217,N,VIIRS,n,2,284.25,0.72,N,2
41.47518,-1.48978,299.3,0.45,0.39,2024-10-21,0217,N,VIIRS,n,2,283.63,0.63,N,2
40.57766,0.54451,297.67,0.56,0.43,2024-10-21,0217,N,VIIRS,n,2,284.23,1.09,N,0
40.24649,-3.47735,295.13,0.41,0.37,2024-10-21,0217,N,VIIRS,n,2,284.52,0.79,N,2
40.01028,-3.89907,298.09,0.4,0.37,2024-10-21,0217,N,VIIRS,n,2,285.34,0.62,N,0
39.97058,-4.03488,299.42,0.4,0.37,2024-10-21,0218,N,VIIRS,n,2,282.14,1.27,N,0
39.97392,-4.03389,318.54,0.4,0.37,2024-10-21,0218,N,VIIRS,n,2,285.31,1.27,N,0
39.93737,-3.74524,309.16,0.41,0.37,2024-10-21,0218,N,VIIRS,n,2,284.73,1.3,N,2
38.37946,-6.48407,296.66,0.38,0.36,2024-10-21,0218,N,VIIRS,n,2,285.38,0.45,N,2
37.57245,-4.76149,313.37,0.4,0.37,2024-10-21,0218,N,VIIRS,n,2,285.76,1.48,N,0
37.36142,-5.86334,299.74,0.39,0.36,2024-10-21,0218,N,VIIRS,n,2,288.66,0.39,N,2
37.26936,-5.55962,304.05,0.39,0.36,2024-10-21,0218,N,VIIRS,n,2,286.69,0.7,N,0
37.18091,-6.89524,300.48,0.38,0.36,2024-10-21,0218,N,VIIRS,n,2,290.33,0.79,N,0
37.17694,-6.89175,307.05,0.38,0.36,2024-10-21,0218,N,VIIRS,n,2,289.25,0.96,N,0
38.32833,-1.67883,328.64,0.61,0.71,2024-10-21,1159,N,VIIRS,n,2,289.98,5.76,D,0
39.89447,-3.86084,349.63,0.69,0.74,2024-10-21,1200,N,VIIRS,n,2,293.13,8.41,D,0
41.62052,0.21095,334.15,0.4,0.6,2024-10-21,1200,N,VIIRS,n,2,287.79,4.28,D,0
41.452,-1.39297,333.5,0.48,0.65,2024-10-21,1200,N,VIIRS,n,2,288.8,2.99,D,0
39.89434,-3.86037,349.49,0.69,0.75,2024-10-21,1200,N,VIIRS,n,2,293.37,10.85,D,0
38.1332,-1.03851,334.47,0.58,0.52,2024-10-21,1339,N,VIIRS,n,2,297.45,4.86,D,0
37.50648,-5.32076,334.25,0.52,0.42,2024-10-21,1339,N,VIIRS,n,2,298.83,5.72,D,0
36.8758,-6.11029,329.89,0.47,0.4,2024-10-21,1339,N,VIIRS,n,2,299.65,1.23,D,0
38.29894,-6.14755,329.31,0.49,0.4,2024-10-21,1339,N,VIIRS,n,2,298.1,1.93,D,0
40.04316,-4.48674,340.08,0.41,0.45,2024-10-21,1340,N,VIIRS,n,2,294.19,5.47,D,0
38.8345,-5.84424,334.54,0.51,0.41,2024-10-21,1340,N,VIIRS,n,2,298.03,3.43,D,0
38.90371,-6.28535,344.13,0.49,0.4,2024-10-21,1340,N,VIIRS,n,2,302.96,6.76,D,0
38.88325,-6.60061,328.19,0.48,0.4,2024-10-21,1340,N,VIIRS,n,2,297.52,1.05,D,0
39.85582,-4.70051,344.28,0.39,0.44,2024-10-21,1340,N,VIIRS,n,2,301.67,11.7,D,0
39.85536,-4.7052,337.54,0.39,0.44,2024-10-21,1340,N,VIIRS,n,2,296.07,11.7,D,0
39.85989,-4.70113,346.19,0.39,0.44,2024-10-21,1340,N,VIIRS,n,2,292.44,11.7,D,0
39.85944,-4.70583,334.74,0.39,0.44,2024-10-21,1340,N,VIIRS,n,2,293.55,11.7,D,0
41.48386,0.35008,328.23,0.37,0.58,2024-10-21,1340,N,VIIRS,n,2,289.06,1.55,D,0
42.88775,-7.53567,301.62,0.41,0.45,2024-10-22,0158,N,VIIRS,n,2,281.98,0.63,N,0
41.45495,1.97971,304.7,0.42,0.37,2024-10-22,0158,N,VIIRS,n,2,285.4,1.01,N,2
41.40605,1.99849,311.24,0.42,0.37,2024-10-22,0158,N,VIIRS,n,2,285.35,1.09,N,2
41.63877,0.46094,300.27,0.39,0.36,2024-10-22,0158,N,VIIRS,n,2,282.81,0.71,N,0
42.55255,-6.76762,296.12,0.57,0.43,2024-10-22,0158,N,VIIRS,n,2,281.59,0.82,N,2
42.55148,-6.76835,298.36,0.56,0.43,2024-10-22,0158,N,VIIRS,n,2,281.69,0.9,N,2
41.31427,1.66272,308.73,0.41,0.37,2024-10-22,0158,N,VIIRS,n,2,284.66,0.9,N,2
41.3109,1.66167,297.26,0.41,0.37,2024-10-22,0158,N,VIIRS,n,2,282.7,0.9,N,2
41.64718,-0.76973,295.84,0.38,0.36,2024-10-22,0158,N,VIIRS,n,2,285.02,0.3,N,0
40.57768,0.54094,303.35,0.39,0.37,2024-10-22,0158,N,VIIRS,n,2,285.2,0.44,N,2
39.95197,-0.00328,299.36,0.39,0.36,2024-10-22,0158,N,VIIRS,n,2,287.1,1.04,N,2
36.96812,-1.90648,306.54,0.38,0.36,2024-10-22,0159,N,VIIRS,n,2,288.1,1.25,N,2
39.93718,-3.74311,310.5,0.41,0.37,2024-10-22,0159,N,VIIRS,n,2,286.17,1.12,N,2
38.37922,-6.4839,296.66,0.49,0.41,2024-10-22,0159,N,VIIRS,n,2,284.07,0.54,N,2
39.76097,-0.17798,333.27,0.78,0.78,2024-10-22,1141,N,VIIRS,n,2,279.77,6.71,D,0
39.75869,-0.17706,325.4,0.78,0.78,2024-10-22,1141,N,VIIRS,n,2,278.87,3.96,D,0
37.57343,-7.20396,355.61,0.39,0.36,2024-10-22,1320,N,VIIRS,n,2,303.4,5.68,D,0
37.42372,-6.02438,329.86,0.38,0.36,2024-10-22,1320,N,VIIRS,n,2,298.03,1.28,D,0
37.54549,-5.46598,337.85,0.38,0.36,2024-10-22,1320,N,VIIRS,n,2,298.26,2.86,D,0
37.56604,-7.20667,347.63,0.39,0.36,2024-10-22,1320,N,VIIRS,n,2,301.23,5.44,D,0
37.5653,-7.21109,340.97,0.39,0.36,2024-10-22,1320,N,VIIRS,n,2,300.72,4.73,D,0
37.56163,-7.23315,339.22,0.39,0.36,2024-10-22,1320,N,VIIRS,n,2,302.14,2.77,D,0
37.5609,-7.23758,337.69,0.39,0.36,2024-10-22,1320,N,VIIRS,n,2,300.82,2.8,D,0
37.56016,-7.24201,340.92,0.39,0.37,2024-10-22,1320,N,VIIRS,n,2,301.13,2.8,D,0
37.56936,-7.20752,356.83,0.39,0.36,2024-10-22,1320,N,VIIRS,l,2,301.82,5.44,D,0
37.57416,-7.19953,335.61,0.39,0.36,2024-10-22,1320,N,VIIRS,n,2,302.17,2.04,D,0
37.5679,-7.21637,346.43,0.39,0.36,2024-10-22,1320,N,VIIRS,n,2,300.53,4.73,D,0
37.56496,-7.23402,342.31,0.39,0.36,2024-10-22,1320,N,VIIRS,n,2,301.23,2.77,D,0
37.56423,-7.23845,353.96,0.39,0.36,2024-10-22,1320,N,VIIRS,n,2,301.52,2.8,D,0
37.57122,-7.21723,338.21,0.39,0.36,2024-10-22,1320,N,VIIRS,n,2,299.36,2.81,D,0
41.57823,0.85034,329.69,0.45,0.47,2024-10-22,1321,N,VIIRS,n,2,290.68,3.26,D,0
38.67491,-7.15103,343.92,0.39,0.36,2024-10-22,1321,N,VIIRS,n,2,302.88,5.34,D,0
38.86177,-6.83476,339.61,0.39,0.36,2024-10-22,1321,N,VIIRS,n,2,299.81,3.33,D,0
38.72685,-6.26287,339.3,0.38,0.36,2024-10-22,1321,N,VIIRS,n,2,302.36,3.06,D,0
38.31811,-5.62884,331.25,0.38,0.36,2024-10-22,1321,N,VIIRS,n,2,297.61,2.06,D,0
38.86507,-6.83562,330.41,0.39,0.36,2024-10-22,1321,N,VIIRS,n,2,297.79,1.17,D,0
39.06963,-5.58566,334.52,0.39,0.36,2024-10-22,1321,N,VIIRS,n,2,300.51,3.21,D,0
39.16695,-5.84707,333.53,0.38,0.36,2024-10-22,1321,N,VIIRS,n,2,300.83,2.39,D,0
41.5791,0.84794,328.41,0.45,0.47,2024-10-22,1321,N,VIIRS,n,2,290.4,3.22,D,0
42.48732,-3.40196,318.24,0.44,0.46,2024-10-23,0139,N,VIIRS,n,2,279.6,14.34,N,0
42.55216,-6.76768,306.35,0.32,0.55,2024-10-23,0139,N,VIIRS,n,2,282.64,0.62,N,2
41.40702,1.99814,297.78,0.4,0.37,2024-10-23,0139,N,VIIRS,n,2,284.69,0.58,N,2
41.31336,1.6646,308.83,0.41,0.37,2024-10-23,0139,N,VIIRS,n,2,284.54,1.46,N,2
42.48688,-3.39685,325.46,0.44,0.46,2024-10-23,0139,N,VIIRS,n,2,285.5,14.34,N,0
42.49644,-3.35764,354,0.43,0.46,2024-10-23,0139,N,VIIRS,n,2,286.71,17.62,N,0
43.52593,-5.72751,315.36,0.58,0.52,2024-10-23,0139,N,VIIRS,n,2,284.24,1.57,N,2
43.53731,-5.82993,326.71,0.59,0.53,2024-10-23,0139,N,VIIRS,n,2,283.53,2.76,N,2
43.5422,-5.82919,307.3,0.59,0.53,2024-10-23,0139,N,VIIRS,n,2,284.19,1.02,N,2
43.54314,-5.8442,303.31,0.59,0.53,2024-10-23,0139,N,VIIRS,n,2,283.87,1.8,N,2
43.56005,-5.72312,296.36,0.58,0.52,2024-10-23,0139,N,VIIRS,n,2,284.51,0.34,N,2
36.96851,-1.90497,306.46,0.49,0.4,2024-10-23,0141,N,VIIRS,n,2,288.62,1.72,N,2
37.17791,-6.89281,300.27,0.58,0.52,2024-10-23,0141,N,VIIRS,n,2,288.68,0.96,N,0
36.96582,-1.90458,310.33,0.49,0.4,2024-10-23,0141,N,VIIRS,n,2,288.58,1.78,N,2
43.52705,-5.73225,296.99,0.45,0.63,2024-10-23,0319,N,VIIRS,n,2,284.13,0.9,N,2
43.52541,-5.7268,312.25,0.45,0.63,2024-10-23,0319,N,VIIRS,n,2,283.18,0.9,N,2
43.54243,-5.847,296.26,0.44,0.62,2024-10-23,0319,N,VIIRS,n,2,283.08,0.64,N,0
42.49273,-3.35923,333.36,0.62,0.71,2024-10-23,0319,N,VIIRS,n,2,277.57,5.07,N,0
42.49883,-3.35553,341.88,0.62,0.71,2024-10-23,0319,N,VIIRS,n,2,280.39,5.07,N,0
42.48412,-3.39944,301.5,0.61,0.71,2024-10-23,0319,N,VIIRS,n,2,278.06,0.88,N,0
42.48511,-3.39577,297.63,0.61,0.71,2024-10-23,0319,N,VIIRS,n,2,277.59,1.89,N,0
38.62026,-5.41485,347.89,0.46,0.39,2024-10-23,1302,N,VIIRS,n,2,297.05,6.48,D,0
37.49748,-5.31102,335.26,0.47,0.4,2024-10-23,1302,N,VIIRS,n,2,299.85,4.55,D,0
37.50109,-5.31207,347.51,0.47,0.4,2024-10-23,1302,N,VIIRS,n,2,300.17,4.55,D,0
37.50115,-5.309,333.28,0.47,0.4,2024-10-23,1302,N,VIIRS,n,2,298.97,2.99,D,0
37.50013,-5.31428,337.16,0.47,0.4,2024-10-23,1302,N,VIIRS,n,2,299.8,4.09,D,0
37.50476,-5.31005,333.6,0.47,0.4,2024-10-23,1302,N,VIIRS,n,2,298.4,2.99,D,0
38.2233,-5.6664,330.91,0.48,0.4,2024-10-23,1302,N,VIIRS,n,2,297.45,18.07,D,0
38.22226,-5.67175,338.25,0.48,0.4,2024-10-23,1302,N,VIIRS,n,2,302.47,18.07,D,0
38.63578,-3.95816,335.43,0.42,0.37,2024-10-23,1302,N,VIIRS,n,2,297.23,5.21,D,0
38.67154,-3.97789,339.89,0.42,0.37,2024-10-23,1302,N,VIIRS,n,2,298.05,2.81,D,0
38.67069,-3.98267,349.58,0.42,0.37,2024-10-23,1302,N,VIIRS,n,2,298.2,2.81,D,0
38.66649,-4.00646,341.03,0.42,0.37,2024-10-23,1302,N,VIIRS,n,2,297,2.02,D,0
38.83981,-3.82221,331.73,0.41,0.37,2024-10-23,1302,N,VIIRS,n,2,295.08,3.03,D,0
38.61771,-5.40853,330.67,0.46,0.39,2024-10-23,1302,N,VIIRS,n,2,296.4,6.48,D,0
38.61671,-5.41375,327.48,0.46,0.39,2024-10-23,1302,N,VIIRS,l,2,297.63,6.48,D,0
38.61028,-6.76936,347.12,0.52,0.42,2024-10-23,1302,N,VIIRS,n,2,299.29,11.02,D,0
39.0474,-5.55705,331.3,0.46,0.39,2024-10-23,1302,N,VIIRS,n,2,298.71,3.95,D,0
39.0464,-5.5623,331.53,0.46,0.39,2024-10-23,1302,N,VIIRS,n,2,297.43,3.05,D,0
38.98409,-5.96772,345.25,0.48,0.4,2024-10-23,1302,N,VIIRS,n,2,294.29,4.51,D,0
39.1746,-5.84271,336.43,0.47,0.4,2024-10-23,1302,N,VIIRS,n,2,297.15,4.75,D,0
40.93321,0.29609,331.75,0.41,0.37,2024-10-23,1302,N,VIIRS,n,2,283.7,4.42,D,0
41.62599,0.21336,332.42,0.41,0.37,2024-10-23,1302,N,VIIRS,n,2,292.07,1.88,D,0
42.48795,-3.39716,331.99,0.39,0.36,2024-10-23,1303,N,VIIRS,n,2,295.85,10.58,D,0
42.49462,-3.35535,330.03,0.39,0.36,2024-10-23,1303,N,VIIRS,n,2,295.56,2.95,D,0
41.53611,-4.68592,347.94,0.41,0.37,2024-10-23,1303,N,VIIRS,n,2,296.82,6.12,D,0
43.54037,-5.83216,339.58,0.42,0.37,2024-10-23,1303,N,VIIRS,n,2,297.44,4.14,D,2
43.5261,-5.73112,326.08,0.41,0.37,2024-10-23,1303,N,VIIRS,n,2,293.92,3.76,D,2
41.26161,-4.8812,341.55,0.41,0.37,2024-10-23,1303,N,VIIRS,n,2,298.67,23.82,D,0
43.527,-5.7261,331.56,0.41,0.37,2024-10-23,1303,N,VIIRS,n,2,295.95,5.39,D,2
40.9433,-5.65207,336.69,0.44,0.38,2024-10-23,1303,N,VIIRS,n,2,296.51,3.14,D,0
42.71351,-5.38548,329.09,0.41,0.37,2024-10-23,1303,N,VIIRS,n,2,289.75,1.52,D,0
42.49791,-3.3563,330.05,0.39,0.36,2024-10-23,1303,N,VIIRS,n,2,289.39,2.53,D,0
42.48312,-3.39842,313.57,0.38,0.59,2024-10-24,0120,N,VIIRS,n,2,278.05,1.68,N,0
42.55309,-6.76912,299.89,0.56,0.69,2024-10-24,0120,N,VIIRS,n,2,282.8,0.71,N,2
41.3125,1.66296,307.88,0.41,0.45,2024-10-24,0120,N,VIIRS,n,2,285.45,1.19,N,2
42.49781,-3.35956,314.66,0.38,0.59,2024-10-24,0120,N,VIIRS,n,2,280.05,2.69,N,0
42.4976,-3.3549,315.01,0.38,0.59,2024-10-24,0120,N,VIIRS,n,2,279.92,1.95,N,0
42.48858,-3.3976,353.27,0.38,0.59,2024-10-24,0120,N,VIIRS,n,2,281.58,6.91,N,0
42.55336,-6.77004,297.68,0.56,0.69,2024-10-24,0120,N,VIIRS,n,2,282.79,0.77,N,2
43.55821,-5.72521,298.14,0.5,0.66,2024-10-24,0120,N,VIIRS,n,2,286.12,0.65,N,2
43.55949,-5.72469,298.74,0.5,0.66,2024-10-24,0120,N,VIIRS,n,2,286.22,0.59,N,2
43.53711,-5.82928,335.59,0.51,0.66,2024-10-24,0120,N,VIIRS,n,2,285.76,3.85,N,2
43.53727,-5.83588,301.82,0.51,0.66,2024-10-24,0120,N,VIIRS,n,2,284.87,3.89,N,2
43.52872,-5.7325,348.77,0.5,0.66,2024-10-24,0120,N,VIIRS,n,2,286.86,8.06,N,2
43.52858,-5.72637,306.42,0.5,0.66,2024-10-24,0120,N,VIIRS,n,2,286.73,3.83,N,2
43.52254,-5.73312,305.16,0.5,0.66,2024-10-24,0120,N,VIIRS,n,2,285.23,1.82,N,2
43.2235,-2.87869,303.6,0.36,0.57,2024-10-24,0120,N,VIIRS,n,2,285.37,0.61,N,2
43.03769,-2.21925,295.85,0.33,0.56,2024-10-24,0120,N,VIIRS,n,2,285.25,0.22,N,2
39.95161,-0.0021,313.87,0.48,0.48,2024-10-24,0121,N,VIIRS,n,2,286.54,2.39,N,2
39.66293,-0.24845,297.26,0.49,0.48,2024-10-24,0121,N,VIIRS,n,2,285.41,0.52,N,0
37.71783,-4.71319,311.26,0.41,0.6,2024-10-24,0121,N,VIIRS,n,2,284.69,1.08,N,0
40.57715,0.54375,300.27,0.46,0.47,2024-10-24,0121,N,VIIRS,n,2,285.35,0.61,N,0
43.08276,-2.99606,295.16,0.37,0.58,2024-10-24,0300,N,VIIRS,n,2,284.8,0.23,N,0
41.30993,1.66455,302.07,0.69,0.74,2024-10-24,0300,N,VIIRS,n,2,282.68,1.99,N,2
41.31269,1.65901,304.19,0.69,0.74,2024-10-24,0300,N,VIIRS,n,2,282.4,2.7,N,2
43.54181,-5.83106,302.13,0.53,0.5,2024-10-24,0300,N,VIIRS,n,2,286.93,1.5,N,2
43.52635,-5.73071,333.25,0.54,0.51,2024-10-24,0300,N,VIIRS,n,2,288.49,6.26,N,2
42.48483,-3.3956,302.69,0.37,0.58,2024-10-24,0301,N,VIIRS,n,2,280.17,0.64,N,0
43.34631,-8.43744,304.79,0.41,0.45,2024-10-24,0301,N,VIIRS,n,2,287.35,0.74,N,2
39.95149,-0.00409,301.65,0.63,0.72,2024-10-24,0301,N,VIIRS,n,2,282.94,1.6,N,2
39.94662,-0.0001,301,0.63,0.72,2024-10-24,0301,N,VIIRS,n,2,282.27,1.61,N,0
42.48613,-3.40027,296.5,0.37,0.58,2024-10-24,0301,N,VIIRS,n,2,280.54,0.64,N,0
37.1753,-6.89328,302.07,0.34,0.56,2024-10-24,0302,N,VIIRS,n,2,286.06,0.87,N,0
37.35962,-5.86366,300.61,0.38,0.59,2024-10-24,0302,N,VIIRS,n,2,285.59,0.49,N,2
37.17397,-6.89199,302.29,0.34,0.56,2024-10-24,0302,N,VIIRS,n,2,286.14,0.33,N,0
37.20487,-3.68818,328.31,0.45,0.47,2024-10-24,1243,N,VIIRS,n,2,297.54,3.78,D,0
39.28656,-4.20681,342.37,0.43,0.46,2024-10-24,1243,N,VIIRS,n,2,296.06,7.49,D,0
38.69074,-6.71728,335.77,0.59,0.53,2024-10-24,1243,N,VIIRS,n,2,287.78,10.07,D,0
38.4063,-5.70286,329.85,0.53,0.5,2024-10-24,1243,N,VIIRS,n,2,290.26,2.62,D,0
38.40334,-5.69977,331.48,0.53,0.5,2024-10-24,1243,N,VIIRS,n,2,291.14,5.95,D,0
38.40783,-3.52793,328.18,0.41,0.45,2024-10-24,1243,N,VIIRS,n,2,292.83,1.75,D,0
37.44338,-1.87411,340.09,0.54,0.42,2024-10-24,1243,N,VIIRS,n,2,299.79,5.82,D,0
39.04176,-6.00068,329.22,0.53,0.5,2024-10-24,1243,N,VIIRS,n,2,291.75,4.51,D,0
42.68832,-1.97173,326.35,0.45,0.39,2024-10-24,1244,N,VIIRS,n,2,291,2.9,D,0
41.92892,-1.71827,332.7,0.45,0.39,2024-10-24,1244,N,VIIRS,n,2,292.18,4.14,D,0
41.92994,-1.71297,333.07,0.45,0.39,2024-10-24,1244,N,VIIRS,n,2,292.64,3.99,D,0
42.09429,-0.85258,338.07,0.42,0.38,2024-10-24,1244,N,VIIRS,n,2,290.58,1.99,D,0
41.35884,-1.57974,330.18,0.46,0.39,2024-10-24,1244,N,VIIRS,n,2,293.77,4.77,D,0
42.63745,-1.75792,335.48,0.44,0.39,2024-10-24,1244,N,VIIRS,n,2,291.84,6.62,D,0
43.52526,-5.7342,343.45,0.41,0.45,2024-10-24,1244,N,VIIRS,n,2,292.09,5.5,D,2
40.57686,0.54171,299.27,0.4,0.6,2024-10-25,0102,N,VIIRS,n,2,280.96,0.73,N,2
39.95264,-0.0058,303.6,0.43,0.62,2024-10-25,0102,N,VIIRS,n,2,282.35,0.99,N,2
36.96679,-1.9049,303.64,0.36,0.57,2024-10-25,0243,N,VIIRS,n,2,285.13,0.78,N,2
38.90049,-6.86657,337.3,0.51,0.66,2024-10-25,1225,N,VIIRS,n,2,290.31,4.2,D,0
39.07333,-6.61387,329.31,0.49,0.65,2024-10-25,1225,N,VIIRS,n,2,287.58,1.81,D,0
37.16721,-3.63637,328.97,0.46,0.64,2024-10-25,1404,N,VIIRS,n,2,290.06,3.19,D,0
38.86315,-6.83591,340.93,0.32,0.54,2024-10-25,1405,N,VIIRS,n,2,292.91,3.47,D,0
38.86493,-6.83369,327.27,0.64,0.54,2024-10-25,1405,N,VIIRS,n,2,292.55,4.27,D,0
43.5443,-5.83587,295.93,0.38,0.36,2024-10-26,0223,N,VIIRS,n,2,279.78,1.55,N,0
43.5242,-5.73311,301.69,0.39,0.36,2024-10-26,0223,N,VIIRS,n,2,280.48,2.95,N,2
43.54026,-5.83217,326,0.39,0.36,2024-10-26,0223,N,VIIRS,n,2,281.44,1.55,N,2
43.52671,-5.72738,299.19,0.39,0.36,2024-10-26,0223,N,VIIRS,n,2,281.61,2.95,N,2
43.52748,-5.73211,349.04,0.39,0.36,2024-10-26,0223,N,VIIRS,n,2,283.62,2.95,N,2
38.12449,-0.76549,302.41,0.43,0.46,2024-10-26,0224,N,VIIRS,n,2,285.31,0.75,N,0
39.93697,-3.74522,305.81,0.45,0.39,2024-10-26,0224,N,VIIRS,n,2,280.75,1.52,N,2
40.02354,-3.8487,298.59,0.45,0.39,2024-10-26,0224,N,VIIRS,n,2,279.76,0.6,N,0
36.96704,-1.90691,299.33,0.4,0.44,2024-10-26,0225,N,VIIRS,n,2,287.14,1.23,N,2
37.17598,-6.8933,301.97,0.4,0.37,2024-10-26,0225,N,VIIRS,n,2,285.21,1.22,N,0
43.55432,-5.85946,295.97,0.46,0.39,2024-10-27,0204,N,VIIRS,n,2,281.74,0.82,N,0
43.54004,-5.83323,328.02,0.46,0.39,2024-10-27,0204,N,VIIRS,n,2,283.62,5.84,N,2
43.52769,-5.7314,297.46,0.46,0.39,2024-10-27,0204,N,VIIRS,n,2,281.77,0.84,N,2
43.32957,-5.77623,297.22,0.46,0.39,2024-10-27,0204,N,VIIRS,n,2,280.19,0.83,N,2
41.40541,1.99641,300.46,0.47,0.39,2024-10-27,0204,N,VIIRS,n,2,281.51,1.17,N,2
41.31113,1.66264,306.44,0.45,0.39,2024-10-27,0204,N,VIIRS,n,2,281.79,1.61,N,2
43.55416,-5.85888,296.36,0.46,0.39,2024-10-27,0204,N,VIIRS,n,2,281.73,0.79,N,0
39.93677,-3.74385,310.36,0.39,0.36,2024-10-27,0205,N,VIIRS,n,2,280.11,1.27,N,2
37.17732,-6.89599,299.05,0.43,0.38,2024-10-27,0206,N,VIIRS,n,2,283.05,1.02,N,0
39.93813,-3.74449,296.78,0.54,0.42,2024-10-28,0146,N,VIIRS,n,2,279.7,1.08,N,2
37.17625,-6.89372,295.19,0.48,0.48,2024-10-28,0147,N,VIIRS,n,2,283,0.62,N,0
36.96523,-1.90387,303.88,0.43,0.38,2024-10-28,0147,N,VIIRS,n,2,283.15,0.96,N,2
37.1779,-6.89455,296.6,0.48,0.48,2024-10-28,0147,N,VIIRS,n,2,283.4,0.99,N,0
43.5279,-5.73161,313.51,0.53,0.67,2024-10-28,0325,N,VIIRS,n,2,282.65,2.15,N,2
38.43342,-6.22471,338.97,0.44,0.38,2024-10-28,1308,N,VIIRS,n,2,292.94,4.23,D,0
39.18717,-5.81031,338.07,0.42,0.37,2024-10-28,1308,N,VIIRS,n,2,291.73,4.52,D,0
38.4464,-6.23372,344.45,0.44,0.38,2024-10-28,1308,N,VIIRS,n,2,291.45,2.5,D,0
38.44293,-6.2327,341.31,0.44,0.38,2024-10-28,1308,N,VIIRS,n,2,292.43,4.22,D,0
38.44383,-6.2278,339.89,0.44,0.38,2024-10-28,1308,N,VIIRS,n,2,292.45,6.73,D,0
43.53915,-5.83286,332.56,0.39,0.36,2024-10-28,1310,N,VIIRS,n,2,293.19,3.35,D,2
43.54376,-5.83228,296.01,0.43,0.62,2024-10-29,0126,N,VIIRS,n,2,280.71,0.68,N,2
43.53801,-5.83272,341.13,0.43,0.62,2024-10-29,0126,N,VIIRS,n,2,280.78,4.96,N,2
43.5286,-5.73128,295.96,0.42,0.61,2024-10-29,0126,N,VIIRS,n,2,280.85,0.89,N,2
42.55224,-6.77024,299.52,0.47,0.64,2024-10-29,0127,N,VIIRS,n,2,280.57,0.82,N,2
42.55389,-6.76818,298.1,0.47,0.64,2024-10-29,0127,N,VIIRS,n,2,280.42,0.82,N,2
41.31241,1.66231,297.91,0.52,0.42,2024-10-29,0127,N,VIIRS,n,2,284.88,0.94,N,2
43.34643,-8.43666,301.01,0.46,0.39,2024-10-30,0248,N,VIIRS,n,2,284.8,0.85,N,2
38.31479,-1.4204,327.86,0.47,0.48,2024-10-30,1230,N,VIIRS,n,2,290.44,3.21,D,0
39.42143,-0.37965,342.28,0.39,0.44,2024-10-30,1231,N,VIIRS,n,2,293.89,6.73,D,0
39.74983,3.1587,336.68,0.43,0.38,2024-10-30,1231,N,VIIRS,n,2,294.65,2.08,D,0
43.34767,-8.43438,301.17,0.38,0.36,2024-10-31,0229,N,VIIRS,n,2,283.86,0.9,N,2
43.34438,-8.43532,309.39,0.38,0.36,2024-10-31,0229,N,VIIRS,n,2,284.22,0.9,N,2
43.33107,-5.77593,296.25,0.4,0.37,2024-10-31,0229,N,VIIRS,n,2,284.22,0.46,N,0
43.52442,-5.72816,297.29,0.4,0.37,2024-10-31,0229,N,VIIRS,n,2,284.88,0.6,N,2
43.52529,-5.73309,301.85,0.4,0.37,2024-10-31,0229,N,VIIRS,n,2,285.16,0.6,N,2
43.54357,-5.83612,296.09,0.4,0.37,2024-10-31,0229,N,VIIRS,n,2,284.68,0.37,N,0
43.54444,-5.84102,301.23,0.4,0.37,2024-10-31,0229,N,VIIRS,n,2,284.3,0.37,N,2
43.55951,-5.72683,295.85,0.4,0.37,2024-10-31,0229,N,VIIRS,n,2,283.79,0.27,N,0
42.55244,-6.76801,300.91,0.39,0.36,2024-10-31,0230,N,VIIRS,n,2,284.19,0.78,N,2
28.51627,-13.89391,346.31,0.43,0.38,2024-10-31,1350,N,VIIRS,n,2,303.07,3.77,D,0
28.51923,-13.85099,349.15,0.43,0.38,2024-10-31,1350,N,VIIRS,n,2,303.81,4.04,D,0
28.52034,-13.85009,341.52,0.43,0.38,2024-10-31,1350,N,VIIRS,n,2,304.08,3.21,D,0
28.51958,-13.85439,335.32,0.43,0.38,2024-10-31,1350,N,VIIRS,n,2,303.87,3.21,D,0
43.33004,-5.77423,302.04,0.41,0.37,2024-11-01,0210,N,VIIRS,n,2,282.83,0.87,N,2
43.44201,-3.84224,299.63,0.39,0.36,2024-11-01,0210,N,VIIRS,n,2,285.61,0.68,N,2
43.56057,-5.72395,296.6,0.41,0.37,2024-11-01,0210,N,VIIRS,n,2,284.73,0.45,N,2
43.08178,-2.99552,307.98,0.38,0.36,2024-11-01,0210,N,VIIRS,n,2,284.22,0.81,N,0
43.52348,-5.72976,305.83,0.41,0.37,2024-11-01,0210,N,VIIRS,n,2,284.48,0.66,N,2
43.53718,-5.83133,296.95,0.41,0.37,2024-11-01,0210,N,VIIRS,n,2,282.77,0.63,N,2
43.52417,-5.73482,332.57,0.41,0.37,2024-11-01,0210,N,VIIRS,n,2,288.05,6.79,N,2
43.52689,-5.7289,309.01,0.41,0.37,2024-11-01,0210,N,VIIRS,n,2,286.98,0.91,N,2
43.52757,-5.73394,299.38,0.41,0.37,2024-11-01,0210,N,VIIRS,n,2,284.95,0.82,N,2
43.54128,-5.83558,304.7,0.41,0.37,2024-11-01,0210,N,VIIRS,n,2,284.35,0.99,N,2
43.54059,-5.83046,326.09,0.41,0.37,2024-11-01,0210,N,VIIRS,n,2,285.76,2.64,N,2
43.53028,-5.72801,297.77,0.41,0.37,2024-11-01,0210,N,VIIRS,n,2,284.53,0.91,N,2
43.55156,-5.85949,299,0.41,0.37,2024-11-01,0210,N,VIIRS,n,2,283.85,0.64,N,2
41.45485,1.98002,299,0.53,0.42,2024-11-01,0211,N,VIIRS,n,2,285.53,0.92,N,2
41.31206,1.66488,298.88,0.52,0.42,2024-11-01,0211,N,VIIRS,n,2,284.78,1.04,N,2
37.92666,-4.03983,298.72,0.39,0.36,2024-11-01,0212,N,VIIRS,n,2,282.54,0.45,N,0
38.37588,-0.54693,296.81,0.48,0.4,2024-11-01,0212,N,VIIRS,n,2,285.45,0.48,N,2
36.96686,-1.90615,309.63,0.44,0.39,2024-11-01,0212,N,VIIRS,n,2,289.17,1.16,N,2
38.20646,-0.89429,332.39,0.67,0.73,2024-11-01,1153,N,VIIRS,n,2,287.88,6.23,D,0
38.2015,-0.89313,330.83,0.67,0.73,2024-11-01,1153,N,VIIRS,n,2,287.83,4.6,D,0
38.03876,-0.76608,337.32,0.5,0.49,2024-11-01,1333,N,VIIRS,n,2,293.18,7.11,D,0
38.03943,-0.76823,342.03,0.5,0.49,2024-11-01,1333,N,VIIRS,n,2,292.71,6.04,D,0
43.52431,-5.73632,333.71,0.5,0.41,2024-11-01,1335,N,VIIRS,n,2,295.54,6.34,D,2
43.52398,-5.73782,330.98,0.5,0.41,2024-11-01,1335,N,VIIRS,n,2,295.46,3.08,D,2
43.31435,-3.00562,296.58,0.47,0.4,2024-11-02,0151,N,VIIRS,n,2,281.44,0.81,N,0
43.54017,-5.83425,317.11,0.41,0.45,2024-11-02,0152,N,VIIRS,n,2,284.72,2.66,N,2
43.5397,-5.829,323.91,0.41,0.45,2024-11-02,0152,N,VIIRS,n,2,284.15,2.66,N,2
43.55086,-5.85897,299.32,0.41,0.45,2024-11-02,0152,N,VIIRS,n,2,283.22,0.59,N,2
43.55983,-5.72663,298.6,0.41,0.45,2024-11-02,0152,N,VIIRS,n,2,283.57,0.53,N,2
43.31507,-3.00632,301.02,0.47,0.4,2024-11-02,0152,N,VIIRS,n,2,281.82,0.8,N,0
42.1594,-1.72954,320.35,0.42,0.38,2024-11-02,0152,N,VIIRS,n,2,282.98,2.13,N,0
39.93803,-3.74705,296.58,0.46,0.39,2024-11-02,0152,N,VIIRS,n,2,281.71,1.08,N,2
43.5226,-5.73325,299.7,0.41,0.45,2024-11-02,0152,N,VIIRS,n,2,283.91,1.18,N,2
43.22543,-2.87807,298.57,0.46,0.39,2024-11-02,0152,N,VIIRS,n,2,283.34,0.9,N,2
43.52627,-5.72742,307.27,0.41,0.45,2024-11-02,0152,N,VIIRS,n,2,285.79,1.05,N,2
43.52673,-5.73247,314.92,0.41,0.45,2024-11-02,0152,N,VIIRS,n,2,284.8,1.05,N,2
43.33019,-5.77377,295.38,0.41,0.45,2024-11-02,0152,N,VIIRS,n,2,283.12,0.56,N,2
43.5304,-5.72663,296.15,0.41,0.45,2024-11-02,0152,N,VIIRS,n,2,284.09,1.05,N,2
37.17511,-6.89578,296.71,0.39,0.44,2024-11-02,0153,N,VIIRS,n,2,284.98,0.79,N,0
36.96776,-1.9051,313.08,0.39,0.36,2024-11-02,0153,N,VIIRS,n,2,289.61,2.01,N,2
38.37703,-0.54608,301.58,0.38,0.36,2024-11-02,0153,N,VIIRS,n,2,286.02,0.57,N,2
37.27644,-6.5691,346.93,0.41,0.37,2024-11-02,1314,N,VIIRS,n,2,295.36,5.85,D,0
36.53904,-6.10657,335.76,0.41,0.37,2024-11-02,1314,N,VIIRS,n,2,293.09,4.15,D,0
38.29586,-6.7831,336.24,0.41,0.37,2024-11-02,1314,N,VIIRS,n,2,293.87,2.29,D,0
37.56082,-6.05715,337.49,0.4,0.37,2024-11-02,1314,N,VIIRS,n,2,294.13,14.35,D,0
38.20428,-1.36076,327.61,0.43,0.38,2024-11-02,1314,N,VIIRS,n,2,294.98,2.45,D,0
37.38173,-6.52853,335.39,0.41,0.37,2024-11-02,1314,N,VIIRS,n,2,292.53,4.95,D,0
37.38332,-6.51936,338.99,0.41,0.37,2024-11-02,1314,N,VIIRS,n,2,292.67,7.65,D,0
38.78088,-6.80813,335.01,0.41,0.37,2024-11-02,1315,N,VIIRS,n,2,292.81,2.45,D,0
38.78008,-6.81275,340.79,0.41,0.37,2024-11-02,1315,N,VIIRS,n,2,293.46,2.45,D,0
42.24867,-5.29739,333.9,0.38,0.36,2024-11-02,1315,N,VIIRS,n,2,294.28,6.19,D,0
42.24538,-5.2965,342.01,0.38,0.36,2024-11-02,1315,N,VIIRS,n,2,295.5,6.19,D,0
38.99581,-6.4373,337.99,0.4,0.37,2024-11-02,1315,N,VIIRS,n,2,295.38,3.03,D,0
38.78104,-6.82759,336.29,0.41,0.37,2024-11-02,1315,N,VIIRS,n,2,292.67,6.54,D,0
38.77848,-6.82199,356.86,0.41,0.37,2024-11-02,1315,N,VIIRS,l,2,294.4,4.95,D,0
38.77928,-6.81736,335.4,0.41,0.37,2024-11-02,1315,N,VIIRS,n,2,293.13,4.95,D,0
42.48096,-5.35683,338.46,0.39,0.36,2024-11-02,1316,N,VIIRS,n,2,291.81,3.61,D,0
43.04069,-6.20867,329.72,0.38,0.36,2024-11-02,1316,N,VIIRS,n,2,285.19,5.22,D,0
43.52533,-5.72706,298.1,0.52,0.42,2024-11-07,0158,N,VIIRS,n,2,285.56,2.56,N,2
43.34727,-8.4374,297.96,0.46,0.47,2024-11-07,0158,N,VIIRS,n,2,283.03,0.61,N,2
43.08161,-2.99644,296.04,0.42,0.38,2024-11-07,0158,N,VIIRS,n,2,282.99,0.39,N,0
43.51833,-5.73509,295.46,0.52,0.42,2024-11-07,0158,N,VIIRS,n,2,284.86,0.58,N,2
43.52217,-5.73434,297.97,0.52,0.42,2024-11-07,0158,N,VIIRS,n,2,285.46,2.56,N,2
43.526,-5.73354,333.39,0.52,0.42,2024-11-07,0158,N,VIIRS,n,2,288.5,2.56,N,2
43.52916,-5.72631,298.01,0.52,0.42,2024-11-07,0158,N,VIIRS,n,2,286.09,0.68,N,2
43.52983,-5.73265,295.89,0.52,0.42,2024-11-07,0158,N,VIIRS,n,2,284.74,0.68,N,2
43.54008,-5.8306,338.84,0.53,0.42,2024-11-07,0158,N,VIIRS,n,2,287.76,7.97,N,2
43.56051,-5.72656,295.99,0.52,0.42,2024-11-07,0158,N,VIIRS,n,2,285.69,0.55,N,2
43.22369,-2.88073,307.49,0.42,0.37,2024-11-07,0158,N,VIIRS,n,2,284.95,0.72,N,2
43.22712,-2.87989,298.86,0.42,0.37,2024-11-07,0158,N,VIIRS,n,2,284.73,0.44,N,0
36.96797,-1.90629,312.48,0.38,0.36,2024-11-07,0159,N,VIIRS,n,2,289.76,0.96,N,2
38.66552,-4.04899,306.45,0.41,0.37,2024-11-07,0159,N,VIIRS,n,2,282.19,0.82,N,2
37.83463,-1.01835,298.23,0.39,0.36,2024-11-07,0159,N,VIIRS,n,2,285.38,0.39,N,0
39.93764,-3.74302,304.84,0.41,0.37,2024-11-07,0159,N,VIIRS,n,2,283.98,0.93,N,2
38.37513,-0.54272,299.84,0.39,0.36,2024-11-07,0159,N,VIIRS,n,2,285.61,0.56,N,2
37.36015,-5.86753,297.42,0.46,0.39,2024-11-07,0200,N,VIIRS,n,2,286.58,0.51,N,2
43.53903,-5.83329,296.73,0.72,0.75,2024-11-07,0338,N,VIIRS,n,2,284.98,1.71,N,2
37.06758,-3.91993,335.5,0.4,0.37,2024-11-07,1320,N,VIIRS,n,2,296.93,3.1,D,0
37.74622,-5.32419,331.03,0.39,0.36,2024-11-07,1320,N,VIIRS,n,2,289.93,3.14,D,0
39.94406,-2.99211,335.81,0.44,0.39,2024-11-07,1321,N,VIIRS,n,2,288.32,3.49,D,0
40.80986,-5.64962,337.51,0.39,0.36,2024-11-07,1321,N,VIIRS,n,2,293.03,2.81,D,0
38.94431,-6.06091,345.38,0.38,0.36,2024-11-07,1321,N,VIIRS,n,2,302.25,18.58,D,0
38.94101,-6.06009,328.51,0.38,0.36,2024-11-07,1321,N,VIIRS,n,2,295.5,1.88,D,0
38.33461,-1.30982,325.96,0.49,0.41,2024-11-07,1321,N,VIIRS,n,2,293.43,2.54,D,0
43.53879,-5.83233,325.74,0.4,0.37,2024-11-07,1322,N,VIIRS,n,2,297.24,2.27,D,2
43.52391,-5.7363,337.31,0.4,0.37,2024-11-07,1322,N,VIIRS,n,2,297.42,9.67,D,2
43.52525,-5.72637,330.74,0.4,0.37,2024-11-07,1322,N,VIIRS,n,2,295.15,2.09,D,2
41.45438,1.97817,301.59,0.4,0.37,2024-11-08,0139,N,VIIRS,n,2,284.49,0.72,N,2
41.86789,-1.20108,299.35,0.51,0.41,2024-11-08,0139,N,VIIRS,n,2,282.16,0.73,N,0
41.40593,1.99811,301.04,0.4,0.37,2024-11-08,0139,N,VIIRS,n,2,284.6,0.64,N,2
43.03613,-2.21859,298.64,0.39,0.44,2024-11-08,0139,N,VIIRS,n,2,284.92,0.34,N,2
41.47455,-1.48841,299.51,0.52,0.42,2024-11-08,0139,N,VIIRS,n,2,282.23,0.93,N,2
41.31318,1.66027,316.05,0.41,0.37,2024-11-08,0139,N,VIIRS,n,2,285.42,1.44,N,2
39.93711,-3.74196,298.16,0.43,0.46,2024-11-08,0140,N,VIIRS,n,2,281.17,0.57,N,2
40.57596,0.54362,303.78,0.43,0.38,2024-11-08,0140,N,VIIRS,n,2,286.49,0.97,N,2
39.94932,-0.00457,300.3,0.44,0.38,2024-11-08,0140,N,VIIRS,n,2,286.84,1.03,N,0
38.66325,-4.05423,298.41,0.43,0.46,2024-11-08,0140,N,VIIRS,n,2,280.2,0.5,N,2
38.37706,-0.54269,299.01,0.45,0.39,2024-11-08,0140,N,VIIRS,n,2,286.34,0.59,N,2
41.80847,-4.56375,331.75,0.4,0.37,2024-11-08,1303,N,VIIRS,n,2,289.51,3.39,D,0
41.05679,-5.80906,328.91,0.44,0.38,2024-11-08,1303,N,VIIRS,n,2,291.26,3.3,D,0
41.0533,-5.80797,356.58,0.44,0.38,2024-11-08,1303,N,VIIRS,n,2,296.17,18.08,D,0
43.52681,-5.7317,311.34,0.51,0.66,2024-11-09,0120,N,VIIRS,n,2,284.84,2,N,2
43.52694,-5.73791,314.12,0.51,0.66,2024-11-09,0120,N,VIIRS,n,2,284.46,2,N,2
43.52075,-5.73842,299.63,0.51,0.66,2024-11-09,0120,N,VIIRS,n,2,283.08,1.07,N,0
43.52062,-5.73202,299.05,0.51,0.66,2024-11-09,0120,N,VIIRS,n,2,282.83,1.07,N,2
43.52866,-5.72992,305.54,0.51,0.66,2024-11-09,0120,N,VIIRS,n,2,285,1.83,N,2
43.52264,-5.73675,329.18,0.51,0.66,2024-11-09,0120,N,VIIRS,n,2,284.51,4.99,N,2
43.52247,-5.73028,301.89,0.51,0.66,2024-11-09,0120,N,VIIRS,n,2,283.23,1.83,N,2
41.45315,1.98214,296.22,0.4,0.44,2024-11-09,0120,N,VIIRS,n,2,285.53,0.95,N,0
41.31474,1.66127,302.83,0.41,0.45,2024-11-09,0120,N,VIIRS,n,2,283.9,0.78,N,2
41.31059,1.66057,300.07,0.41,0.45,2024-11-09,0120,N,VIIRS,n,2,282.78,0.91,N,2
39.95024,-0.00214,296.74,0.48,0.48,2024-11-09,0121,N,VIIRS,n,2,286.07,1.05,N,2
40.57742,0.53955,296.77,0.46,0.47,2024-11-09,0121,N,VIIRS,n,2,284.7,1.18,N,2
39.95214,-0.00252,302.91,0.48,0.48,2024-11-09,0121,N,VIIRS,n,2,287.41,1.55,N,2
36.96664,-1.90729,301.15,0.56,0.52,2024-11-09,0122,N,VIIRS,n,2,287.53,1.56,N,2
43.53997,-5.83242,331.83,0.53,0.5,2024-11-09,0300,N,VIIRS,n,2,283.21,4.08,N,2
43.52754,-5.73072,297.45,0.54,0.51,2024-11-09,0300,N,VIIRS,n,2,284.43,1.93,N,2
43.52927,-5.72983,298.59,0.54,0.51,2024-11-09,0300,N,VIIRS,n,2,283.78,1.08,N,2
43.56038,-5.72229,295.8,0.54,0.51,2024-11-09,0300,N,VIIRS,n,2,283.62,0.48,N,0
43.52481,-5.73196,302.86,0.54,0.51,2024-11-09,0300,N,VIIRS,n,2,284.68,1.08,N,2
41.31138,1.66334,305.55,0.69,0.74,2024-11-09,0300,N,VIIRS,n,2,282.21,1.93,N,2
39.95281,-0.00053,295.5,0.63,0.72,2024-11-09,0301,N,VIIRS,n,2,283.87,1.25,N,2
38.31067,-1.49932,328.7,0.5,0.41,2024-11-09,1243,N,VIIRS,n,2,293.48,2,D,0
43.54047,-5.82882,327.34,0.41,0.45,2024-11-09,1244,N,VIIRS,n,2,284.22,2.3,D,2
40.88803,-4.93466,326.96,0.43,0.46,2024-11-09,1244,N,VIIRS,n,2,290.83,2.04,D,0
43.52612,-5.7371,331.96,0.41,0.45,2024-11-09,1244,N,VIIRS,n,2,290.32,4.08,D,2
40.88762,-4.93668,326.81,0.43,0.46,2024-11-09,1244,N,VIIRS,n,2,291.46,2.11,D,0
43.52211,-5.73556,333.89,0.41,0.45,2024-11-09,1244,N,VIIRS,n,2,293.17,4.93,D,2
40.57729,0.54039,301.38,0.4,0.6,2024-11-10,0102,N,VIIRS,n,2,282.57,0.87,N,2
39.16965,-3.02452,308.2,0.61,0.71,2024-11-10,0102,N,VIIRS,n,2,279.22,3.18,N,0
39.66617,-0.24652,295.8,0.44,0.62,2024-11-10,0102,N,VIIRS,n,2,285.12,0.63,N,0
39.95113,-0.0061,302.22,0.43,0.62,2024-11-10,0102,N,VIIRS,n,2,285.74,1.32,N,2
36.17873,-5.42934,297.42,0.79,0.78,2024-11-10,0103,N,VIIRS,n,2,286.12,0.8,N,0
37.5686,-0.91973,300.41,0.46,0.64,2024-11-10,0103,N,VIIRS,n,2,284.92,0.94,N,2
36.1785,-5.42773,297.82,0.79,0.78,2024-11-10,0103,N,VIIRS,n,2,286.32,1.16,N,2
40.57777,0.54276,295.45,0.38,0.59,2024-11-10,0242,N,VIIRS,n,2,282.17,0.57,N,2
41.10543,1.18507,296.17,0.4,0.6,2024-11-10,0242,N,VIIRS,n,2,282.02,0.61,N,0
41.40603,1.99971,298.78,0.42,0.61,2024-11-10,0242,N,VIIRS,n,2,281.65,0.52,N,2
41.4084,1.99882,298.41,0.42,0.61,2024-11-10,0242,N,VIIRS,n,2,281.55,0.54,N,2
39.95108,-0.00415,296.67,0.37,0.58,2024-11-10,0242,N,VIIRS,n,2,285.37,0.83,N,2
39.17093,-3.02379,332.23,0.55,0.51,2024-11-10,0243,N,VIIRS,n,2,280.32,2.88,N,0
37.35983,-5.8628,300.37,0.43,0.46,2024-11-10,0243,N,VIIRS,n,2,285.88,0.54,N,2
38.31951,-6.7171,306.68,0.57,0.43,2024-11-10,0243,N,VIIRS,n,2,278.14,1.96,N,0
38.32191,-6.71595,302.06,0.57,0.43,2024-11-10,0243,N,VIIRS,n,2,277.6,1.23,N,0
38.37589,-0.54413,296.25,0.38,0.59,2024-11-10,0243,N,VIIRS,n,2,283.66,0.46,N,2
38.37709,-0.54171,296.42,0.38,0.59,2024-11-10,0243,N,VIIRS,n,2,283.25,0.43,N,2
39.93533,-3.74417,297.92,0.48,0.48,2024-11-10,0243,N,VIIRS,n,2,278.18,1.07,N,2
41.24601,-0.14087,333.77,0.42,0.45,2024-11-10,1225,N,VIIRS,n,2,284.98,2.58,D,0
38.25254,-6.01952,341.04,0.35,0.57,2024-11-10,1405,N,VIIRS,n,2,279,4.78,D,0
40.57555,0.54136,295.92,0.72,0.75,2024-11-11,0043,N,VIIRS,n,2,282.16,0.99,N,2
40.5765,0.54276,295.88,0.44,0.46,2024-11-11,0223,N,VIIRS,n,2,283.77,0.82,N,2
41.11032,1.18047,307.73,0.46,0.47,2024-11-11,0223,N,VIIRS,n,2,281.55,0.52,N,0
43.52656,-5.72892,299.58,0.39,0.36,2024-11-11,0223,N,VIIRS,n,2,282.73,8.68,N,2
43.34684,-8.43755,304.09,0.4,0.37,2024-11-11,0223,N,VIIRS,n,2,285.7,0.69,N,2
41.40518,1.9992,298.59,0.5,0.49,2024-11-11,0223,N,VIIRS,n,2,281.64,0.78,N,2
41.45485,1.97775,297.22,0.5,0.49,2024-11-11,0223,N,VIIRS,n,2,282.68,0.58,N,2
43.54412,-5.83732,299.3,0.38,0.36,2024-11-11,0223,N,VIIRS,n,2,284.88,0.44,N,2
43.53061,-5.73264,300.04,0.39,0.36,2024-11-11,0223,N,VIIRS,n,2,283.42,0.89,N,2
43.52733,-5.73364,336.34,0.39,0.36,2024-11-11,0223,N,VIIRS,n,2,287.66,8.68,N,2
38.10619,-3.77063,313.91,0.48,0.4,2024-11-11,0224,N,VIIRS,n,2,282.35,1.09,N,0
39.93699,-3.74602,305.52,0.45,0.39,2024-11-11,0224,N,VIIRS,n,2,280.98,0.87,N,2
36.96675,-1.90679,299.32,0.4,0.44,2024-11-11,0224,N,VIIRS,n,2,285.3,0.56,N,2
39.48243,-6.65044,315.78,0.39,0.36,2024-11-11,0224,N,VIIRS,n,2,281.64,1.42,N,0
37.216,-3.73016,328.27,0.69,0.74,2024-11-11,1205,N,VIIRS,n,2,289.67,3.92,D,0
38.25947,-5.50423,325.48,0.78,0.78,2024-11-11,1206,N,VIIRS,n,2,287.35,4.4,D,0
37.21505,-3.73334,345.85,0.5,0.49,2024-11-11,1345,N,VIIRS,n,2,295.26,6.96,D,0
37.33641,-6.89546,335.91,0.52,0.41,2024-11-11,1346,N,VIIRS,n,2,299.67,3.54,D,0
39.48288,-6.64718,329.14,0.56,0.43,2024-11-11,1346,N,VIIRS,n,2,292.44,3.77,D,0
38.27703,-6.01646,328.3,0.39,0.44,2024-11-11,1346,N,VIIRS,n,2,290.36,2.73,D,0
39.02458,-5.9104,327.11,0.4,0.44,2024-11-11,1346,N,VIIRS,n,2,290.85,2.81,D,0
38.92287,-6.82859,344.1,0.54,0.42,2024-11-11,1346,N,VIIRS,n,2,295.06,7.19,D,0
38.9239,-6.82696,337.11,0.54,0.42,2024-11-11,1346,N,VIIRS,n,2,295.34,8.29,D,0
38.36444,-7.24779,327.13,0.51,0.41,2024-11-11,1346,N,VIIRS,n,2,296.7,4.21,D,0
38.34235,-5.85549,367,0.4,0.44,2024-11-11,1346,N,VIIRS,h,2,295.34,9.3,D,0
43.34513,-8.43626,296.28,0.39,0.44,2024-11-12,0204,N,VIIRS,n,2,281.86,0.6,N,2
41.47429,-1.48595,307.97,0.39,0.36,2024-11-12,0204,N,VIIRS,n,2,280.83,0.59,N,2
38.37564,-0.54282,298.13,0.42,0.38,2024-11-12,0205,N,VIIRS,n,2,284.37,0.56,N,2
38.66792,-4.04927,297.89,0.39,0.36,2024-11-12,0205,N,VIIRS,n,2,278.55,0.55,N,2
39.93795,-3.74267,297.23,0.39,0.36,2024-11-12,0205,N,VIIRS,n,2,279.54,0.43,N,2
37.36132,-5.86465,299.45,0.41,0.37,2024-11-12,0206,N,VIIRS,n,2,285.05,0.86,N,2
36.96611,-1.90447,314.03,0.4,0.37,2024-11-12,0206,N,VIIRS,n,2,286.71,1.74,N,2
28.66361,-17.85295,299.13,0.45,0.63,2024-11-12,0208,N,VIIRS,n,2,286.52,0.8,N,0
36.45539,-5.41317,343.35,0.4,0.37,2024-11-12,1326,N,VIIRS,n,2,294.59,4.17,D,0
36.78002,-4.51046,335.46,0.42,0.38,2024-11-12,1326,N,VIIRS,n,2,293.68,4.32,D,0
39.07495,-5.7511,329.23,0.4,0.37,2024-11-12,1327,N,VIIRS,n,2,291.34,2.52,D,0
39.29565,-6.77046,327.4,0.39,0.36,2024-11-12,1327,N,VIIRS,n,2,293,2.06,D,0
39.24796,-6.45095,331.53,0.39,0.36,2024-11-12,1327,N,VIIRS,n,2,295.31,9.44,D,0
39.24462,-6.45017,343.2,0.39,0.36,2024-11-12,1327,N,VIIRS,n,2,301.19,9.44,D,0
39.24525,-6.4456,330.04,0.39,0.36,2024-11-12,1327,N,VIIRS,n,2,294.89,9.38,D,0
39.09255,-5.82704,327.94,0.4,0.37,2024-11-12,1327,N,VIIRS,n,2,290.08,3.31,D,0
39.12523,-5.55913,326.51,0.41,0.37,2024-11-12,1327,N,VIIRS,n,2,290.9,1.47,D,0
39.06404,-5.95926,330.08,0.4,0.37,2024-11-12,1327,N,VIIRS,n,2,291.77,1.76,D,0
39.02171,-5.96403,325.3,0.4,0.37,2024-11-12,1327,N,VIIRS,n,2,291.02,1.45,D,0
39.00639,-5.84616,341.24,0.4,0.37,2024-11-12,1327,N,VIIRS,n,2,292.68,3.81,D,0
39.01867,-5.67615,330.88,0.41,0.37,2024-11-12,1327,N,VIIRS,n,2,292.43,2.39,D,0
39.01899,-5.67776,331.67,0.41,0.37,2024-11-12,1327,N,VIIRS,n,2,292.59,5.75,D,0
39.0156,-5.677,345.99,0.41,0.37,2024-11-12,1327,N,VIIRS,n,2,295.73,5.75,D,0
38.91917,-5.89975,327.67,0.4,0.37,2024-11-12,1327,N,VIIRS,n,2,294.69,2.51,D,0
38.73583,-5.65848,339.22,0.4,0.37,2024-11-12,1327,N,VIIRS,n,2,293.58,5.2,D,0
37.20348,-3.81193,330.98,0.44,0.39,2024-11-12,1327,N,VIIRS,n,2,295.14,2.75,D,0
43.52697,-5.72864,304.83,0.49,0.48,2024-11-13,0145,N,VIIRS,n,2,276.21,1.15,N,2
43.3463,-8.43439,307.19,0.33,0.55,2024-11-13,0145,N,VIIRS,n,2,280.08,1.21,N,2
37.55972,-6.06622,335.85,0.44,0.39,2024-11-13,1308,N,VIIRS,n,2,289.33,4.69,D,0
43.22634,-2.88519,295.23,0.6,0.53,2024-11-14,0126,N,VIIRS,n,2,278.11,0.82,N,0
41.31395,1.66145,304.3,0.52,0.42,2024-11-14,0127,N,VIIRS,n,2,282.26,1.31,N,2
41.78633,-1.15313,343.15,0.4,0.37,2024-11-14,1250,N,VIIRS,n,2,290.48,4.69,D,0
43.52361,-5.7281,325.8,0.73,0.76,2024-11-15,0107,N,VIIRS,n,2,280.72,3.41,N,2
43.53749,-5.83156,308.56,0.74,0.76,2024-11-15,0107,N,VIIRS,n,2,279.52,1.88,N,2
43.52358,-5.73739,312.51,0.73,0.76,2024-11-15,0107,N,VIIRS,n,2,280.9,3.41,N,2
43.53985,-5.83572,295.1,0.74,0.76,2024-11-15,0107,N,VIIRS,n,2,279.9,1.7,N,2
43.53995,-5.82517,295.38,0.74,0.76,2024-11-15,0107,N,VIIRS,n,2,279.55,0.95,N,0
43.52645,-5.7321,325.92,0.73,0.76,2024-11-15,0107,N,VIIRS,n,2,281.65,2.87,N,2
43.51931,-5.73214,299.41,0.73,0.76,2024-11-15,0107,N,VIIRS,n,2,279.28,2.87,N,2
43.52565,-5.7288,304.22,0.39,0.44,2024-11-15,0248,N,VIIRS,n,2,281.58,0.98,N,2
43.5541,-5.85651,298.88,0.57,0.43,2024-11-15,0248,N,VIIRS,n,2,280.08,1.05,N,0
43.5267,-5.73349,298.86,0.38,0.44,2024-11-15,0248,N,VIIRS,n,2,281.27,0.98,N,2
41.19713,1.22906,305.9,0.47,0.64,2024-11-15,0248,N,VIIRS,n,2,280.03,0.93,N,0
37.35949,-5.86565,296.07,0.52,0.5,2024-11-15,0250,N,VIIRS,n,2,281.32,0.84,N,2
36.80736,-4.17308,342.57,0.35,0.57,2024-11-15,1230,N,VIIRS,n,2,291.4,3.04,D,0
43.54057,-5.83366,338.44,0.57,0.52,2024-11-15,1232,N,VIIRS,n,2,286.96,5.11,D,2
43.5249,-5.73379,335.68,0.57,0.52,2024-11-15,1232,N,VIIRS,n,2,286.24,6.67,D,2
43.52487,-5.73468,332.59,0.57,0.52,2024-11-15,1232,N,VIIRS,n,2,286.22,4.84,D,2
43.52595,-5.73298,295.96,0.4,0.37,2024-11-16,0229,N,VIIRS,n,2,277.03,0.9,N,2
41.31074,1.66354,307.39,0.58,0.52,2024-11-16,0229,N,VIIRS,n,2,282.68,1.3,N,2
41.31464,1.66446,298.89,0.58,0.52,2024-11-16,0229,N,VIIRS,n,2,282.08,1.09,N,2
43.52261,-5.73408,295.78,0.4,0.37,2024-11-16,0229,N,VIIRS,n,2,275.98,0.85,N,2
43.53989,-5.83204,306.6,0.4,0.37,2024-11-16,0229,N,VIIRS,n,2,275.2,1.19,N,2
43.52508,-5.72807,295.4,0.4,0.37,2024-11-16,0229,N,VIIRS,n,2,275.46,0.9,N,2
43.03435,-2.21968,298.28,0.52,0.42,2024-11-16,0229,N,VIIRS,n,2,282.01,1.04,N,2
43.4444,-3.84545,298.26,0.45,0.39,2024-11-16,0229,N,VIIRS,n,2,281.54,0.96,N,0
43.44225,-3.84511,313.38,0.45,0.39,2024-11-16,0229,N,VIIRS,n,2,283.41,1.44,N,2
41.31005,1.66236,295.39,0.58,0.52,2024-11-16,0229,N,VIIRS,n,2,281.76,1.21,N,2
36.96682,-1.90525,297.22,0.48,0.48,2024-11-16,0231,N,VIIRS,n,2,286.46,0.75,N,2
41.69927,0.65997,328.32,0.53,0.5,2024-11-16,1212,N,VIIRS,n,2,277.28,5.68,D,0
41.31403,1.66124,311.13,0.52,0.41,2024-11-17,0210,N,VIIRS,n,2,283.39,2.15,N,2
43.03359,-2.21991,297.66,0.39,0.36,2024-11-17,0210,N,VIIRS,n,2,278.72,0.91,N,2
41.40543,2.00133,296.52,0.53,0.42,2024-11-17,0210,N,VIIRS,n,2,281.78,0.54,N,2
41.45465,1.9793,297.83,0.53,0.42,2024-11-17,0210,N,VIIRS,n,2,280.32,0.93,N,2
41.45611,1.98002,295.33,0.53,0.42,2024-11-17,0210,N,VIIRS,n,2,279.32,0.58,N,2
38.37557,-0.54427,296.31,0.47,0.4,2024-11-17,0211,N,VIIRS,n,2,284.16,0.88,N,2
40.57576,0.54334,305.45,0.48,0.4,2024-11-17,0211,N,VIIRS,n,2,284.36,0.81,N,2
36.96718,-1.90483,311.89,0.44,0.39,2024-11-17,0212,N,VIIRS,n,2,288.37,1.62,N,2
37.27532,-2.06861,298.93,0.43,0.38,2024-11-17,0212,N,VIIRS,n,2,281.56,0.73,N,0
41.47358,-1.48631,299.83,0.41,0.37,2024-11-18,0152,N,VIIRS,n,2,278.64,1.04,N,2
41.45637,1.98136,296.68,0.39,0.36,2024-11-18,0152,N,VIIRS,n,2,280.5,0.58,N,2
41.45308,1.98042,300.97,0.39,0.36,2024-11-18,0152,N,VIIRS,n,2,282.15,0.58,N,2
41.4049,1.99999,302.71,0.39,0.36,2024-11-18,0152,N,VIIRS,n,2,281.88,0.45,N,2
41.31364,1.66253,314.36,0.39,0.36,2024-11-18,0152,N,VIIRS,n,2,284.48,1.38,N,2
40.57484,0.54162,303.94,0.38,0.36,2024-11-18,0152,N,VIIRS,n,2,284.22,0.61,N,2
40.57812,0.5425,299.37,0.38,0.36,2024-11-18,0152,N,VIIRS,n,2,285.01,0.61,N,2
36.96613,-1.90537,302.47,0.39,0.36,2024-11-18,0153,N,VIIRS,n,2,288,0.66,N,2
37.8468,-1.40292,330.65,0.42,0.38,2024-11-18,1314,N,VIIRS,n,2,295.11,4.41,D,0
38.25878,-1.63246,332.79,0.42,0.38,2024-11-18,1314,N,VIIRS,n,2,298.22,3.47,D,0
38.21508,-6.7157,337.24,0.41,0.37,2024-11-18,1314,N,VIIRS,n,2,292.38,4.59,D,0
36.80609,-4.17105,341.58,0.38,0.36,2024-11-18,1314,N,VIIRS,n,2,291.74,4.09,D,0
36.80542,-4.17533,331.25,0.38,0.36,2024-11-18,1314,N,VIIRS,n,2,288.38,4.09,D,0
36.80938,-4.17184,327.38,0.38,0.36,2024-11-18,1314,N,VIIRS,n,2,287.76,4.09,D,0
37.66826,-0.85323,332.39,0.44,0.38,2024-11-18,1314,N,VIIRS,n,2,293.78,2.31,D,0
37.91759,-1.47069,326.05,0.42,0.38,2024-11-18,1314,N,VIIRS,n,2,294.72,2.78,D,0
42.91147,-2.6355,325.25,0.43,0.38,2024-11-18,1315,N,VIIRS,n,2,285.42,4.76,D,0
41.47847,-1.36968,327.56,0.46,0.39,2024-11-18,1315,N,VIIRS,n,2,287.56,2.84,D,0
41.15049,-5.21661,337.85,0.38,0.36,2024-11-18,1315,N,VIIRS,n,2,291.04,3.65,D,0
40.85704,-6.30321,338.24,0.39,0.36,2024-11-18,1315,N,VIIRS,n,2,290.46,3.25,D,0
42.55324,-6.76846,298.84,0.39,0.59,2024-11-19,0133,N,VIIRS,n,2,278.27,0.54,N,2
41.70236,-1.02712,317.19,0.39,0.44,2024-11-19,0133,N,VIIRS,n,2,279.46,2.18,N,0
40.57586,0.54066,307.3,0.49,0.4,2024-11-19,0133,N,VIIRS,n,2,284.55,1.27,N,2
41.47434,-1.48516,295.22,0.41,0.45,2024-11-19,0133,N,VIIRS,n,2,278.78,0.46,N,0
41.31266,1.66268,315.57,0.45,0.39,2024-11-19,0133,N,VIIRS,n,2,283.93,1.92,N,2
38.37586,-0.54424,299.78,0.52,0.41,2024-11-19,0134,N,VIIRS,n,2,285.65,0.96,N,2
38.13273,-1.83559,338.3,0.41,0.37,2024-11-19,1255,N,VIIRS,n,2,290.75,2.96,D,0
38.81164,-2.60951,336.41,0.42,0.38,2024-11-19,1255,N,VIIRS,n,2,292.28,3.29,D,0
38.33392,-1.29503,352.14,0.4,0.37,2024-11-19,1255,N,VIIRS,n,2,296.02,6.15,D,0
38.33059,-1.29414,339.68,0.4,0.37,2024-11-19,1255,N,VIIRS,n,2,295.03,6.15,D,0
38.25876,-1.63466,333.85,0.4,0.37,2024-11-19,1255,N,VIIRS,n,2,296.72,3.22,D,0
42.28473,-2.12752,329.34,0.39,0.36,2024-11-19,1256,N,VIIRS,n,2,288.59,1.82,D,0
41.13296,-0.20364,333.25,0.38,0.36,2024-11-19,1256,N,VIIRS,n,2,289.69,5.16,D,0
41.13228,-0.20819,329.59,0.38,0.36,2024-11-19,1256,N,VIIRS,n,2,289.99,3.8,D,0
41.78871,-1.13961,328.34,0.38,0.36,2024-11-19,1256,N,VIIRS,n,2,286.99,2.31,D,0
43.53992,-5.83016,340.69,0.46,0.39,2024-11-19,1257,N,VIIRS,n,2,280.16,7.48,D,2
37.36734,-5.93432,298.12,0.58,0.7,2024-11-20,0115,N,VIIRS,n,2,282.71,0.38,N,0
37.36594,-5.93681,296.55,0.58,0.7,2024-11-20,0115,N,VIIRS,n,2,283.05,0.47,N,0
36.72058,-2.71739,295.3,0.47,0.64,2024-11-20,0256,N,VIIRS,n,2,282.57,1.01,N,0
37.66409,-4.92489,303.97,0.35,0.56,2024-11-20,0256,N,VIIRS,n,2,283.1,0.5,N,0
36.95034,-2.32529,331.47,0.47,0.47,2024-11-20,1236,N,VIIRS,n,2,303.8,24.49,D,0
36.94917,-2.33055,340.65,0.47,0.47,2024-11-20,1236,N,VIIRS,n,2,299.04,8.66,D,0
36.94796,-2.33599,334.78,0.47,0.48,2024-11-20,1236,N,VIIRS,n,2,297.45,8.66,D,0
36.95596,-2.32057,353.15,0.47,0.47,2024-11-20,1236,N,VIIRS,n,2,300.8,24.49,D,0
37.51854,-1.84807,340.13,0.43,0.46,2024-11-20,1236,N,VIIRS,n,2,296.44,3.64,D,0
37.51928,-1.84641,345.77,0.43,0.46,2024-11-20,1236,N,VIIRS,n,2,296.67,5.98,D,0
36.94826,-2.31394,339.73,0.47,0.47,2024-11-20,1236,N,VIIRS,n,2,298.67,7.28,D,0
36.94352,-2.33532,326.1,0.47,0.48,2024-11-20,1236,N,VIIRS,n,2,297.58,2.64,D,0
36.94704,-2.31947,367,0.47,0.47,2024-11-20,1236,N,VIIRS,h,2,304.51,13.42,D,0
36.95275,-2.31437,338.63,0.47,0.47,2024-11-20,1236,N,VIIRS,n,2,298.67,11.52,D,0
36.95152,-2.31996,350.25,0.47,0.47,2024-11-20,1236,N,VIIRS,n,2,305.72,24.49,D,0
38.71563,-1.66808,337.72,0.4,0.44,2024-11-20,1237,N,VIIRS,n,2,284.21,2.64,D,0
39.20911,-4.20999,330.92,0.52,0.5,2024-11-20,1237,N,VIIRS,n,2,283.16,2.43,D,0
41.5755,0.43732,332.18,0.44,0.38,2024-11-20,1237,N,VIIRS,n,2,277.81,3.34,D,0
39.07518,-5.78822,337.37,0.54,0.67,2024-11-20,1417,N,VIIRS,n,2,288.04,7.23,D,0
36.94924,-2.32521,338.43,0.67,0.74,2024-11-21,0056,N,VIIRS,n,2,286.54,4.28,N,0
36.94942,-2.33268,300.95,0.67,0.74,2024-11-21,0056,N,VIIRS,n,2,284.07,4.28,N,0
36.94851,-2.32165,298.79,0.67,0.74,2024-11-21,0056,N,VIIRS,n,2,284.56,3.24,N,0
36.94864,-2.32894,339.89,0.67,0.74,2024-11-21,0056,N,VIIRS,n,2,286.9,3.24,N,0
41.92442,0.18239,313.82,0.56,0.52,2024-11-21,0235,N,VIIRS,n,2,270.44,1.59,N,2
36.95017,-2.3258,303.75,0.55,0.51,2024-11-21,0237,N,VIIRS,n,2,284.47,0.58,N,0
36.95997,-2.32799,354.69,0.41,0.61,2024-11-21,1217,N,VIIRS,n,2,304.3,23.74,D,0
36.96124,-2.32325,340.46,0.41,0.61,2024-11-21,1217,N,VIIRS,n,2,293.53,23.74,D,0
36.95868,-2.33285,339.47,0.41,0.61,2024-11-21,1217,N,VIIRS,n,2,296.69,11.83,D,0
36.96035,-2.31729,367,0.41,0.61,2024-11-21,1217,N,VIIRS,h,2,306.44,43.05,D,0
36.959,-2.3222,367,0.41,0.61,2024-11-21,1217,N,VIIRS,h,2,297.49,31.21,D,0
36.95769,-2.327,367,0.41,0.61,2024-11-21,1217,N,VIIRS,h,2,309.19,31.21,D,0
36.95639,-2.3318,346.58,0.41,0.61,2024-11-21,1217,N,VIIRS,n,2,299.9,18.8,D,0
36.95675,-2.3176,367,0.41,0.61,2024-11-21,1217,N,VIIRS,h,2,304.63,17.13,D,0
36.95541,-2.32267,339.92,0.41,0.61,2024-11-21,1217,N,VIIRS,n,2,293.67,5.64,D,0
36.95411,-2.32753,336.43,0.41,0.61,2024-11-21,1217,N,VIIRS,n,2,297.66,5.64,D,0
36.9625,-2.31848,367,0.41,0.61,2024-11-21,1217,N,VIIRS,h,2,292.82,13.68,D,0
36.9599,-2.32017,341.95,0.44,0.62,2024-11-21,1358,N,VIIRS,n,2,290.77,15.53,D,0
36.95968,-2.32526,336.87,0.44,0.62,2024-11-21,1358,N,VIIRS,n,2,291.69,6.08,D,0
36.96049,-2.32272,341.75,0.44,0.62,2024-11-21,1358,N,VIIRS,n,2,292.65,7.8,D,0
36.95393,-2.32294,343.22,0.44,0.62,2024-11-21,1358,N,VIIRS,n,2,298.5,6.08,D,0
36.95475,-2.32059,350.92,0.44,0.62,2024-11-21,1358,N,VIIRS,n,2,300.75,7.8,D,0
36.96133,-2.30591,335.66,0.44,0.62,2024-11-21,1358,N,VIIRS,n,2,286.84,7.52,D,0
43.52922,-5.72882,332.77,0.39,0.36,2024-11-22,0217,N,VIIRS,n,2,281.19,2.93,N,2
43.03567,-2.22036,297.12,0.41,0.37,2024-11-22,0217,N,VIIRS,n,2,279.66,1.27,N,2
43.55965,-5.72526,296.94,0.39,0.36,2024-11-22,0217,N,VIIRS,n,2,280.16,0.55,N,2
43.52592,-5.72975,325.16,0.39,0.36,2024-11-22,0217,N,VIIRS,n,2,281.64,2.93,N,2
43.54073,-5.82998,317.51,0.39,0.36,2024-11-22,0217,N,VIIRS,n,2,282.98,2.22,N,2
43.52663,-5.73451,299.51,0.39,0.36,2024-11-22,0217,N,VIIRS,n,2,282.23,0.8,N,2
43.52332,-5.73544,331.48,0.39,0.36,2024-11-22,0217,N,VIIRS,n,2,283.15,5.45,N,2
43.53743,-5.8309,298.23,0.39,0.36,2024-11-22,0217,N,VIIRS,n,2,279.79,0.77,N,2
43.52262,-5.73067,297.06,0.39,0.36,2024-11-22,0217,N,VIIRS,n,2,280.08,0.64,N,2
43.32882,-5.77329,297.66,0.39,0.36,2024-11-22,0217,N,VIIRS,n,2,280.52,1.28,N,2
43.34695,-8.4352,296.68,0.44,0.38,2024-11-22,0217,N,VIIRS,n,2,278.07,0.33,N,2
36.96651,-2.32152,299.53,0.49,0.4,2024-11-22,0218,N,VIIRS,n,2,282.3,3.89,N,0
36.96285,-2.32253,326.24,0.49,0.4,2024-11-22,0218,N,VIIRS,n,2,283.58,3.89,N,0
36.9654,-2.31597,320.55,0.49,0.4,2024-11-22,0218,N,VIIRS,n,2,283.2,3.3,N,0
36.95741,-2.3251,321.57,0.49,0.4,2024-11-22,0218,N,VIIRS,n,2,283.46,2.19,N,0
36.96004,-2.31883,296.47,0.49,0.4,2024-11-22,0218,N,VIIRS,n,2,282.83,5.37,N,0
36.96112,-2.32435,316.59,0.49,0.4,2024-11-22,0218,N,VIIRS,n,2,283.37,5.37,N,0
36.96373,-2.31793,342.12,0.49,0.4,2024-11-22,0218,N,VIIRS,n,2,287.28,5.37,N,0
36.96025,-2.32888,295.06,0.49,0.4,2024-11-22,0218,N,VIIRS,n,2,282.96,2.36,N,0
36.95914,-2.32334,327.75,0.49,0.4,2024-11-22,0218,N,VIIRS,n,2,284.23,2.36,N,0
36.96176,-2.31706,324.31,0.49,0.4,2024-11-22,0218,N,VIIRS,n,2,284.85,3.3,N,0
37.8582,-0.88003,329.92,0.59,0.53,2024-11-22,1339,N,VIIRS,n,2,291.07,4.02,D,0
37.26125,-6.78785,327.34,0.45,0.39,2024-11-22,1339,N,VIIRS,n,2,288.47,1.67,D,0
43.52839,-5.72888,300.82,0.52,0.42,2024-11-23,0158,N,VIIRS,n,2,272.22,1,N,2
43.53913,-5.83364,328.11,0.53,0.42,2024-11-23,0158,N,VIIRS,n,2,272.28,5.09,N,2
43.52904,-5.73524,296.42,0.52,0.42,2024-11-23,0158,N,VIIRS,n,2,273.06,1,N,2
43.52391,-5.73652,312.07,0.52,0.42,2024-11-23,0158,N,VIIRS,n,2,272.67,1.79,N,2
43.52521,-5.73607,323.31,0.52,0.42,2024-11-23,0158,N,VIIRS,n,2,274.57,2.11,N,2
43.52454,-5.72965,295.44,0.52,0.42,2024-11-23,0158,N,VIIRS,n,2,270.7,2.11,N,2
43.54216,-5.83309,297.54,0.53,0.42,2024-11-23,0158,N,VIIRS,n,2,272.1,1.54,N,2
41.64667,-0.76981,295.5,0.38,0.36,2024-11-23,0158,N,VIIRS,n,2,275.82,0.48,N,0
43.34444,-8.43585,301.07,0.46,0.47,2024-11-23,0158,N,VIIRS,n,2,276.16,0.73,N,2
43.5383,-5.83386,327.2,0.53,0.42,2024-11-23,0158,N,VIIRS,n,2,270.54,5.9,N,2
43.52774,-5.73565,309.03,0.52,0.42,2024-11-23,0158,N,VIIRS,n,2,273.81,1.79,N,2
43.52705,-5.72927,308.9,0.52,0.42,2024-11-23,0158,N,VIIRS,n,2,271.99,2.64,N,2
37.34429,-6.94993,330.33,0.39,0.36,2024-11-23,1320,N,VIIRS,n,2,293.71,3.01,D,0
39.09603,-5.76078,329.07,0.39,0.36,2024-11-23,1321,N,VIIRS,n,2,289.81,2.56,D,0
39.1156,-5.53569,339.58,0.39,0.36,2024-11-23,1321,N,VIIRS,n,2,289.92,2.86,D,0
43.03471,-2.22041,300.31,0.39,0.44,2024-11-24,0139,N,VIIRS,n,2,280.04,0.51,N,2
40.96844,-4.29601,343.78,0.47,0.47,2024-11-24,0140,N,VIIRS,n,2,272.73,14.8,N,0
40.96893,-4.30166,302.68,0.47,0.48,2024-11-24,0140,N,VIIRS,n,2,261.65,14.8,N,0
40.96835,-4.30092,326.12,0.47,0.48,2024-11-24,0140,N,VIIRS,n,2,262.86,13.41,N,0
37.33078,-2.13959,295.21,0.5,0.41,2024-11-24,0140,N,VIIRS,n,2,281.71,0.56,N,0
40.96794,-4.29036,295.48,0.47,0.47,2024-11-24,0140,N,VIIRS,n,2,263.22,1.18,N,0
37.56743,-0.91709,298.42,0.45,0.39,2024-11-24,0140,N,VIIRS,n,2,286.66,0.5,N,2
40.97228,-4.2946,297.43,0.47,0.48,2024-11-24,0140,N,VIIRS,n,2,261,0.7,N,0
40.96788,-4.29527,333,0.47,0.48,2024-11-24,0140,N,VIIRS,n,2,267.35,14.27,N,0
36.96582,-1.9048,309.8,0.49,0.4,2024-11-24,0141,N,VIIRS,n,2,288.28,1.81,N,2
43.35117,-8.44902,306.53,0.34,0.56,2024-11-24,0319,N,VIIRS,n,2,285.18,0.88,N,0
43.35404,-8.44482,303.43,0.34,0.56,2024-11-24,0319,N,VIIRS,n,2,285.57,0.34,N,0
43.35509,-8.44872,296.66,0.34,0.56,2024-11-24,0319,N,VIIRS,n,2,284.74,0.34,N,0
43.35607,-8.44654,297.03,0.34,0.56,2024-11-24,0319,N,VIIRS,n,2,285.43,0.52,N,0
40.97374,-4.29442,301.42,0.62,0.71,2024-11-24,0320,N,VIIRS,n,2,270.18,0.71,N,0
40.96917,-4.29473,367,0.62,0.71,2024-11-24,0320,N,VIIRS,h,2,280.23,20.36,N,0
40.96758,-4.29787,367,0.62,0.71,2024-11-24,0320,N,VIIRS,h,2,279.01,16.63,N,0
37.12545,-2.29454,335.94,0.39,0.36,2024-11-24,1301,N,VIIRS,n,2,294.58,2.34,D,0
37.68879,-1.18831,348.3,0.38,0.36,2024-11-24,1302,N,VIIRS,n,2,295.38,2.37,D,0
37.69208,-1.18911,340.17,0.38,0.36,2024-11-24,1302,N,VIIRS,n,2,295.14,2.37,D,0
40.86409,-0.25912,344.48,0.4,0.37,2024-11-24,1302,N,VIIRS,n,2,289.34,6.62,D,0
42.36608,-4.77445,332.77,0.4,0.37,2024-11-24,1303,N,VIIRS,n,2,278.38,2.95,D,0
42.24754,-5.2476,343.94,0.41,0.37,2024-11-24,1303,N,VIIRS,n,2,290.78,11.29,D,0
42.48811,-2.35813,320.73,0.34,0.56,2024-11-25,0120,N,VIIRS,n,2,279.9,1.24,N,0
41.31186,1.66448,303.56,0.41,0.45,2024-11-25,0120,N,VIIRS,n,2,284.33,1.73,N,2
42.48293,-2.3589,305.15,0.34,0.56,2024-11-25,0120,N,VIIRS,n,2,279.93,0.86,N,0
40.5746,0.54183,295.59,0.46,0.47,2024-11-25,0121,N,VIIRS,n,2,284.35,0.9,N,2
37.56602,-0.9172,296.05,0.5,0.49,2024-11-25,0122,N,VIIRS,n,2,284.76,0.33,N,2
38.37802,-0.54581,296.8,0.45,0.63,2024-11-26,0102,N,VIIRS,n,2,285.81,0.8,N,2
41.19801,1.22633,301.1,0.38,0.58,2024-11-26,0102,N,VIIRS,n,2,282.16,1.05,N,0
41.1871,1.22517,317.73,0.38,0.58,2024-11-26,0102,N,VIIRS,n,2,283.01,1.52,N,0
40.57518,0.54254,296.01,0.4,0.6,2024-11-26,0102,N,VIIRS,n,2,283.45,0.47,N,2
36.96754,-1.90493,297.69,0.52,0.66,2024-11-26,0103,N,VIIRS,n,2,286.64,0.65,N,2
41.40735,1.99787,296.99,0.42,0.61,2024-11-26,0242,N,VIIRS,n,2,279.49,0.73,N,2
38.37464,-0.54267,295.62,0.38,0.59,2024-11-26,0243,N,VIIRS,n,2,285.08,0.58,N,2
36.96525,-1.90627,296.19,0.36,0.57,2024-11-26,0243,N,VIIRS,n,2,286,0.69,N,2
37.289,-1.94896,337.97,0.63,0.54,2024-11-26,1224,N,VIIRS,n,2,286.42,8.23,D,0
38.9344,1.45307,339.29,0.39,0.44,2024-11-26,1224,N,VIIRS,n,2,291.35,4.88,D,0
38.93449,1.4542,340.44,0.39,0.44,2024-11-26,1224,N,VIIRS,n,2,290.23,4.55,D,0
42.17955,3.05843,326.81,0.45,0.39,2024-11-26,1225,N,VIIRS,n,2,288.63,1.61,D,0
41.31711,0.04697,325.97,0.41,0.45,2024-11-26,1225,N,VIIRS,n,2,280.36,1.88,D,0
43.5405,-5.8324,345.04,0.34,0.56,2024-11-26,1226,N,VIIRS,n,2,287.41,3.89,D,2
43.53692,-5.83241,326.79,0.34,0.56,2024-11-26,1226,N,VIIRS,n,2,284.37,2.34,D,2
42.55102,-6.76663,296.5,0.38,0.36,2024-11-27,0223,N,VIIRS,n,2,275.04,0.59,N,2
43.32918,-5.77474,298.82,0.39,0.36,2024-11-27,0223,N,VIIRS,n,2,277.3,0.85,N,2
43.52637,-5.72903,305.02,0.39,0.36,2024-11-27,0223,N,VIIRS,n,2,283.15,1.08,N,2
43.52713,-5.73375,296.87,0.39,0.36,2024-11-27,0223,N,VIIRS,n,2,282.1,0.49,N,2
43.5599,-5.72366,299.06,0.39,0.36,2024-11-27,0223,N,VIIRS,n,2,281.61,0.63,N,2
43.53919,-5.82899,303.08,0.39,0.36,2024-11-27,0223,N,VIIRS,n,2,270.47,0.95,N,2
37.35911,-5.8642,297.71,0.42,0.37,2024-11-27,0225,N,VIIRS,n,2,281.85,0.84,N,2
38.3199,-6.71848,305.43,0.39,0.36,2024-11-27,0225,N,VIIRS,n,2,279.99,1.39,N,0
41.27,-0.12738,334.5,0.35,0.57,2024-11-27,1206,N,VIIRS,n,2,285.57,2.31,D,0
38.78987,-2.34244,330.48,0.53,0.67,2024-11-27,1206,N,VIIRS,n,2,285.68,3.34,D,0
39.032,-5.89662,329.74,0.4,0.45,2024-11-27,1346,N,VIIRS,n,2,289.13,3.29,D,0
38.24477,-1.68459,331.56,0.33,0.55,2024-11-27,1346,N,VIIRS,n,2,291.12,2.4,D,0
38.08593,-6.24988,326.19,0.57,0.43,2024-11-27,1346,N,VIIRS,n,2,289.3,3.26,D,0
42.45486,-2.72083,336.56,0.32,0.54,2024-11-27,1347,N,VIIRS,n,2,284.04,2.94,D,0
42.45799,-2.71398,342.82,0.32,0.54,2024-11-27,1347,N,VIIRS,n,2,284.49,3.29,D,0
42.45248,-2.72139,325.48,0.32,0.54,2024-11-27,1347,N,VIIRS,n,2,283.54,4.28,D,0
42.46042,-2.71343,327.88,0.32,0.54,2024-11-27,1347,N,VIIRS,n,2,283.59,2.23,D,0
41.45632,1.97865,297.02,0.46,0.39,2024-11-28,0204,N,VIIRS,n,2,279.66,0.56,N,2
41.40591,2.00065,303.89,0.47,0.39,2024-11-28,0204,N,VIIRS,n,2,279.9,0.95,N,2
43.53991,-5.83285,341.24,0.46,0.39,2024-11-28,0204,N,VIIRS,n,2,285.22,5.57,N,2
43.56016,-5.72365,296.47,0.46,0.39,2024-11-28,0204,N,VIIRS,n,2,282.72,0.41,N,2
43.55407,-5.85907,298.07,0.46,0.39,2024-11-28,0204,N,VIIRS,n,2,283.54,0.67,N,0
43.52791,-5.73104,307.18,0.46,0.39,2024-11-28,0204,N,VIIRS,n,2,284,1.8,N,2
43.30745,-3.02385,306.46,0.39,0.36,2024-11-28,0204,N,VIIRS,n,2,281.58,0.87,N,2
42.81433,-1.74213,300.58,0.38,0.36,2024-11-28,0204,N,VIIRS,n,2,277,0.64,N,2
43.32876,-5.77192,296.3,0.45,0.39,2024-11-28,0204,N,VIIRS,n,2,280.55,0.29,N,2
40.57552,0.54326,311.27,0.43,0.38,2024-11-28,0205,N,VIIRS,n,2,283.36,1.18,N,0
41.64671,-0.76711,295.82,0.39,0.36,2024-11-28,0205,N,VIIRS,n,2,276.74,0.58,N,0
41.47478,-1.48868,306.53,0.39,0.36,2024-11-28,0205,N,VIIRS,n,2,277.75,0.83,N,2
37.35969,-5.86338,296.93,0.41,0.37,2024-11-28,0206,N,VIIRS,n,2,283.5,0.59,N,2
36.9662,-1.90412,311.49,0.4,0.37,2024-11-28,0206,N,VIIRS,n,2,287.15,1.48,N,2
38.0826,-0.80348,329.15,0.79,0.78,2024-11-28,1147,N,VIIRS,n,2,286.37,5.02,D,0
37.21708,-7.28531,332.68,0.38,0.36,2024-11-28,1327,N,VIIRS,n,2,291.03,2.72,D,0
38.32007,-4.97049,327.07,0.42,0.38,2024-11-28,1327,N,VIIRS,n,2,289.61,4.51,D,0
38.30523,-5.89526,340.57,0.4,0.37,2024-11-28,1327,N,VIIRS,n,2,292.9,5.45,D,0
39.10966,-5.55794,338.1,0.41,0.37,2024-11-28,1327,N,VIIRS,n,2,290.79,4.59,D,0
43.52676,-5.73196,332.82,0.44,0.38,2024-11-28,1329,N,VIIRS,n,2,292.05,5.14,D,2
43.38361,-6.39045,332.29,0.42,0.38,2024-11-28,1329,N,VIIRS,n,2,290.24,3.14,D,0
43.52258,-5.7366,330.26,0.44,0.38,2024-11-28,1329,N,VIIRS,n,2,294.06,5.24,D,2
43.55458,-5.8612,295.32,0.49,0.49,2024-11-29,0145,N,VIIRS,n,2,281.46,0.75,N,0
43.53858,-5.83189,333.16,0.49,0.49,2024-11-29,0145,N,VIIRS,n,2,281.76,6.01,N,2
43.56173,-5.72336,296.5,0.49,0.48,2024-11-29,0145,N,VIIRS,n,2,283.17,0.63,N,0
42.29335,-5.88186,295.55,0.48,0.48,2024-11-29,0146,N,VIIRS,n,2,274.31,0.94,N,0
40.57584,0.54299,307.1,0.4,0.37,2024-11-29,0146,N,VIIRS,n,2,284.05,0.88,N,2
41.47601,-1.48553,298.44,0.45,0.39,2024-11-29,0146,N,VIIRS,n,2,277.72,0.5,N,0
41.40765,1.99673,302.02,0.38,0.36,2024-11-29,0146,N,VIIRS,n,2,279.54,0.64,N,2
42.29105,-5.88221,297.61,0.48,0.48,2024-11-29,0146,N,VIIRS,n,2,274.61,0.54,N,0
36.96568,-1.90588,303.6,0.43,0.38,2024-11-29,0147,N,VIIRS,n,2,285.56,1.08,N,2
38.37667,-0.54586,296.1,0.4,0.37,2024-11-29,0147,N,VIIRS,n,2,283.64,0.42,N,2
36.96915,-1.90517,298.79,0.43,0.38,2024-11-29,0147,N,VIIRS,n,2,285.44,0.92,N,2
36.74816,-3.00384,327.88,0.46,0.39,2024-11-29,0147,N,VIIRS,n,2,285.27,3.25,N,0
36.74751,-2.99871,298.97,0.46,0.39,2024-11-29,0147,N,VIIRS,n,2,283.82,3.25,N,0
43.52612,-5.72908,297.88,0.53,0.67,2024-11-29,0326,N,VIIRS,n,2,280.94,0.92,N,2
38.13115,-1.32208,334.32,0.4,0.37,2024-11-29,1308,N,VIIRS,n,2,293.54,4.51,D,0
38.17211,-3.60466,331.39,0.39,0.36,2024-11-29,1308,N,VIIRS,n,2,290.76,2.04,D,0
42.59917,-0.17397,334.86,0.46,0.39,2024-11-29,1309,N,VIIRS,n,2,290.81,9.44,D,0
42.78578,-1.7712,336.67,0.41,0.37,2024-11-29,1309,N,VIIRS,n,2,285.63,4.24,D,0
38.93852,-5.88524,334.92,0.42,0.38,2024-11-29,1309,N,VIIRS,n,2,292.69,3.55,D,0
40.60213,-0.97875,327.64,0.42,0.37,2024-11-29,1309,N,VIIRS,n,2,287.39,2.02,D,0
43.53843,-5.83136,329.12,0.39,0.36,2024-11-29,1310,N,VIIRS,n,2,292.88,1.95,D,2
43.30855,-3.0272,295.82,0.61,0.53,2024-11-30,0126,N,VIIRS,n,2,283.45,0.76,N,2
43.08103,-6.20919,297.79,0.44,0.62,2024-11-30,0127,N,VIIRS,n,2,277.12,1.01,N,0
40.5777,0.54168,303.36,0.57,0.43,2024-11-30,0127,N,VIIRS,n,2,284.81,1.14,N,2
41.47395,-1.48486,295.75,0.49,0.49,2024-11-30,0127,N,VIIRS,n,2,279.41,1.08,N,0
43.07502,-6.20465,319,0.44,0.62,2024-11-30,0127,N,VIIRS,n,2,274.89,2.35,N,0
43.07524,-6.21081,304.25,0.44,0.62,2024-11-30,0127,N,VIIRS,n,2,276.56,2.88,N,0
43.0795,-6.20467,310.71,0.44,0.62,2024-11-30,0127,N,VIIRS,n,2,275.62,1.39,N,0
43.07966,-6.20984,308.8,0.44,0.62,2024-11-30,0127,N,VIIRS,n,2,276.86,1.39,N,0
37.99294,-1.1084,346.97,0.43,0.46,2024-11-30,0128,N,VIIRS,n,2,286.81,24.74,N,0
36.96444,-1.90598,296.05,0.46,0.47,2024-11-30,0128,N,VIIRS,n,2,285.71,0.57,N,2
36.96881,-1.90544,298.41,0.46,0.47,2024-11-30,0128,N,VIIRS,n,2,286.43,0.55,N,2
43.07703,-6.19877,316.7,0.63,0.54,2024-11-30,0307,N,VIIRS,n,2,272.62,3.44,N,0
43.07604,-6.1977,322.45,0.63,0.54,2024-11-30,0307,N,VIIRS,n,2,273.22,3.04,N,0
43.41073,-3.84089,308.2,0.39,0.6,2024-11-30,0307,N,VIIRS,n,2,277.37,1.47,N,0
43.40938,-3.83618,296.42,0.4,0.6,2024-11-30,0307,N,VIIRS,n,2,276.93,0.91,N,0
43.52285,-5.73317,298.83,0.32,0.55,2024-11-30,0307,N,VIIRS,n,2,276.64,1.04,N,2
37.99131,-1.09789,302.11,0.77,0.77,2024-11-30,0308,N,VIIRS,n,2,281.03,14.96,N,0
37.99413,-1.10628,367,0.76,0.77,2024-11-30,0308,N,VIIRS,h,2,285.51,14.96,N,0
38.00015,-1.10931,295.37,0.76,0.77,2024-11-30,0308,N,VIIRS,n,2,280.98,3.06,N,0
37.99072,-1.10458,367,0.77,0.77,2024-11-30,0308,N,VIIRS,h,2,282.92,15.39,N,0
37.99349,-1.11297,311.12,0.76,0.77,2024-11-30,0308,N,VIIRS,n,2,281.66,15.39,N,0
37.99738,-1.10091,324.28,0.77,0.77,2024-11-30,0308,N,VIIRS,n,2,281.7,3.06,N,0
38.4893,-1.67497,326.6,0.44,0.38,2024-11-30,1249,N,VIIRS,n,2,293.08,1.29,D,0
37.03143,-3.91643,326.59,0.38,0.43,2024-11-30,1249,N,VIIRS,n,2,291.84,1.65,D,0
38.48184,-1.15447,326.09,0.43,0.38,2024-11-30,1249,N,VIIRS,l,2,296.77,2.4,D,0
39.38411,-3.79178,328.41,0.51,0.41,2024-11-30,1250,N,VIIRS,n,2,290.04,3.14,D,0
41.04002,-1.25865,344.98,0.41,0.37,2024-11-30,1250,N,VIIRS,n,2,290.89,2.57,D,0
38.94223,-5.88909,326.79,0.44,0.46,2024-11-30,1250,N,VIIRS,n,2,292.25,3.76,D,0
38.23492,-5.91632,327.07,0.45,0.47,2024-11-30,1250,N,VIIRS,n,2,293.44,2.18,D,0
39.32905,-0.42218,337.2,0.4,0.37,2024-11-30,1250,N,VIIRS,n,2,291.86,3.33,D,0
38.23312,-5.91814,329.31,0.45,0.47,2024-11-30,1250,N,VIIRS,n,2,294.08,2.97,D,0
38.35433,-5.58442,336.2,0.43,0.46,2024-11-30,1250,N,VIIRS,n,2,292.84,3.69,D,0
38.66825,-4.05164,296.2,0.61,0.53,2024-12-01,0249,N,VIIRS,n,2,276.51,1.75,N,2
43.53876,-5.8334,304.06,0.4,0.37,2024-12-02,0230,N,VIIRS,n,2,277.94,1.43,N,2
43.54209,-5.8323,303.89,0.4,0.37,2024-12-02,0230,N,VIIRS,n,2,279.74,1.75,N,2
38.48127,-1.15671,331.83,0.39,0.59,2024-12-02,1212,N,VIIRS,n,2,291.81,3.52,D,0
39.68503,-0.25871,328.22,0.33,0.55,2024-12-02,1212,N,VIIRS,n,2,287.25,1.71,D,0
39.68652,-0.25906,327.09,0.33,0.55,2024-12-02,1212,N,VIIRS,n,2,286.99,1.54,D,0
41.13768,0.03411,328.21,0.58,0.52,2024-12-02,1213,N,VIIRS,n,2,282.92,4.1,D,0
28.51638,-13.853,342.35,0.43,0.38,2024-12-02,1350,N,VIIRS,n,2,301.72,2.53,D,0
38.48135,-1.15789,343.76,0.44,0.62,2024-12-02,1352,N,VIIRS,n,2,281.93,4.79,D,0
43.52404,-5.73215,303.88,0.41,0.37,2024-12-03,0211,N,VIIRS,n,2,269,1.04,N,2
38.37914,-6.48465,298.17,0.39,0.37,2024-12-03,0212,N,VIIRS,n,2,282.69,0.47,N,0
36.17994,-5.42601,296.33,0.38,0.36,2024-12-03,0213,N,VIIRS,n,2,281.49,0.12,N,2
36.52706,-6.06315,334.78,0.39,0.36,2024-12-03,0213,N,VIIRS,n,2,285.87,5.55,N,0
38.2524,-1.67033,333.52,0.72,0.76,2024-12-03,1153,N,VIIRS,n,2,287.93,5.07,D,0
38.25118,-1.67031,333.53,0.72,0.76,2024-12-03,1153,N,VIIRS,n,2,288.37,7.04,D,0
38.25039,-1.66464,341.3,0.45,0.47,2024-12-03,1333,N,VIIRS,n,2,296.05,9.02,D,0
38.25425,-1.67058,340.01,0.45,0.47,2024-12-03,1333,N,VIIRS,n,2,295.03,8.12,D,0
41.28855,0.22953,336.14,0.61,0.53,2024-12-03,1334,N,VIIRS,n,2,284.33,3.59,D,0
37.23486,-3.79374,335.49,0.38,0.36,2024-12-04,1314,N,VIIRS,n,2,291,4.88,D,0
37.61026,-5.68578,332.37,0.39,0.36,2024-12-04,1315,N,VIIRS,n,2,290.9,2.82,D,0
38.48188,-1.16591,345.25,0.44,0.38,2024-12-04,1315,N,VIIRS,n,2,288.07,7.92,D,0
39.13772,-5.71198,326.82,0.39,0.36,2024-12-04,1315,N,VIIRS,n,2,288.96,1.35,D,0
39.82637,-5.87168,338.9,0.39,0.36,2024-12-04,1315,N,VIIRS,n,2,291.46,5.55,D,0
40.08554,-6.12751,325.57,0.39,0.36,2024-12-04,1315,N,VIIRS,n,2,288.61,1.93,D,0
41.06457,0.65279,330.26,0.55,0.43,2024-12-04,1315,N,VIIRS,n,2,287.64,3.84,D,0
43.52653,-5.73296,336.84,0.39,0.36,2024-12-04,1316,N,VIIRS,n,2,276.28,5,D,2
36.96819,-1.9058,298.05,0.57,0.43,2024-12-05,0135,N,VIIRS,n,2,284.46,1.29,N,2
37.12251,-2.30038,357.03,0.43,0.38,2024-12-05,1256,N,VIIRS,l,2,295.8,12.79,D,0
37.09551,-2.20913,337.64,0.42,0.38,2024-12-05,1256,N,VIIRS,n,2,294.21,3.6,D,0
37.1032,-2.20628,340.56,0.42,0.38,2024-12-05,1256,N,VIIRS,n,2,293.22,11.59,D,0
39.28785,-2.89951,339.31,0.42,0.38,2024-12-05,1256,N,VIIRS,n,2,286.9,5.22,D,0
38.37499,-1.69989,329.93,0.4,0.37,2024-12-05,1256,N,VIIRS,n,2,289.65,3.11,D,0
38.05675,-1.72695,330.17,0.4,0.37,2024-12-05,1256,N,VIIRS,n,2,289.8,2.92,D,0
37.10663,-2.20721,343.55,0.42,0.38,2024-12-05,1256,N,VIIRS,n,2,294.42,8.88,D,0
37.02482,-6.48012,333.51,0.43,0.46,2024-12-05,1256,N,VIIRS,n,2,289.37,3.07,D,0
37.10839,-2.21752,344.75,0.42,0.38,2024-12-05,1256,N,VIIRS,n,2,293.31,6.05,D,0
37.12679,-2.29656,336.91,0.43,0.38,2024-12-05,1256,N,VIIRS,n,2,293.9,3.65,D,0
41.48512,0.42375,329.42,0.39,0.36,2024-12-05,1257,N,VIIRS,n,2,286.15,2.72,D,0
41.48362,0.42639,337.34,0.39,0.36,2024-12-05,1257,N,VIIRS,n,2,286.75,3.77,D,0
40.75489,-6.62318,336.4,0.55,0.42,2024-12-05,1257,N,VIIRS,n,2,284.94,5.41,D,0
41.7807,-1.06878,329.32,0.38,0.36,2024-12-05,1257,N,VIIRS,n,2,286.7,1.81,D,0
41.68149,0.18438,325.24,0.39,0.36,2024-12-05,1257,N,VIIRS,n,2,281.18,1.77,D,0
36.19105,-5.40624,313.77,0.52,0.67,2024-12-06,0116,N,VIIRS,n,2,281.73,3.12,N,0
36.18429,-5.39752,295.34,0.36,0.57,2024-12-06,0257,N,VIIRS,n,2,284.03,1.11,N,2
36.93873,-3.21134,332.66,0.51,0.49,2024-12-06,1237,N,VIIRS,n,2,290.44,4.66,D,0
38.32641,-1.67931,331.73,0.4,0.44,2024-12-06,1237,N,VIIRS,n,2,283.76,1.77,D,0
38.25774,-1.66118,346.22,0.4,0.44,2024-12-06,1237,N,VIIRS,n,2,294.92,11.78,D,0
38.25376,-1.65986,339.21,0.4,0.44,2024-12-06,1237,N,VIIRS,n,2,292.61,3.4,D,0
43.52642,-5.73086,302.8,0.44,0.39,2024-12-07,0236,N,VIIRS,n,2,282.25,1.18,N,2
43.52609,-5.73573,298.88,0.44,0.39,2024-12-07,0236,N,VIIRS,n,2,279.29,0.79,N,2
43.52503,-5.73031,298.82,0.44,0.39,2024-12-07,0236,N,VIIRS,n,2,282.54,0.79,N,2
43.5285,-5.72904,295.32,0.44,0.39,2024-12-07,0236,N,VIIRS,n,2,282.45,0.79,N,2
43.52294,-5.7321,295.52,0.44,0.39,2024-12-07,0236,N,VIIRS,n,2,281.66,1.16,N,2
43.52989,-5.7296,295.08,0.44,0.39,2024-12-07,0236,N,VIIRS,n,2,281.53,1.18,N,2
38.37685,-0.54327,302.07,0.32,0.55,2024-12-07,0237,N,VIIRS,n,2,286.45,0.6,N,2
43.53952,-5.82922,329,0.4,0.6,2024-12-07,1220,N,VIIRS,n,2,284.5,2.23,D,2
36.57668,-5.22841,337.03,0.62,0.54,2024-12-07,1358,N,VIIRS,n,2,285.3,5.4,D,0
41.45556,1.97812,306.92,0.42,0.45,2024-12-08,0217,N,VIIRS,n,2,278.96,1.02,N,2
41.40628,1.99866,299,0.42,0.46,2024-12-08,0217,N,VIIRS,n,2,279.26,0.55,N,2
43.52578,-5.73178,303.95,0.39,0.36,2024-12-08,0217,N,VIIRS,n,2,267.81,1.17,N,2
40.57122,-2.99206,300.64,0.42,0.38,2024-12-08,0218,N,VIIRS,n,2,275.33,0.81,N,0
38.24566,-1.18738,299.65,0.53,0.42,2024-12-08,0218,N,VIIRS,n,2,279.99,0.73,N,0
41.18826,1.22676,305.83,0.4,0.44,2024-12-08,0218,N,VIIRS,n,2,279.12,0.8,N,0
36.72869,-3.55424,315.73,0.45,0.39,2024-12-08,0219,N,VIIRS,n,2,287.06,1.29,N,0
36.72775,-3.54929,297.76,0.45,0.39,2024-12-08,0219,N,VIIRS,n,2,286.03,0.9,N,0
36.19022,-5.40203,299.81,0.4,0.37,2024-12-08,0219,N,VIIRS,n,2,273.76,0.43,N,0
36.96818,-1.90639,301.51,0.52,0.41,2024-12-08,0219,N,VIIRS,n,2,286.48,1.17,N,2
39.08299,-5.77359,339.33,0.52,0.42,2024-12-08,1340,N,VIIRS,n,2,288.72,6.02,D,0
36.73211,-3.54666,341.74,0.42,0.45,2024-12-08,1340,N,VIIRS,n,2,293.85,14.79,D,0
41.40774,1.99955,295.62,0.42,0.38,2024-12-09,0159,N,VIIRS,n,2,275.04,0.36,N,2
41.65058,1.08003,325.84,0.4,0.37,2024-12-09,0159,N,VIIRS,n,2,275.8,1.55,N,0
41.65141,1.07533,298.55,0.4,0.37,2024-12-09,0159,N,VIIRS,n,2,274.43,1.55,N,0
41.45474,1.97822,299.65,0.42,0.38,2024-12-09,0159,N,VIIRS,n,2,279.05,0.55,N,2
39.95187,-0.00431,295.77,0.39,0.36,2024-12-09,0159,N,VIIRS,n,2,283.73,1.1,N,2
41.52814,1.80567,297.05,0.41,0.37,2024-12-09,0159,N,VIIRS,n,2,272.4,0.6,N,0
38.10514,-1.30393,309.3,0.39,0.36,2024-12-09,0200,N,VIIRS,n,2,280.44,0.92,N,0
36.86389,-2.45176,296.81,0.38,0.36,2024-12-09,0200,N,VIIRS,n,2,272.02,0.89,N,0
36.9675,-1.90571,311.39,0.38,0.36,2024-12-09,0200,N,VIIRS,n,2,284.16,1.5,N,2
39.09184,-5.82415,330.89,0.39,0.36,2024-12-09,1321,N,VIIRS,n,2,284.72,1.85,D,0
36.35574,-5.86404,329.94,0.38,0.36,2024-12-09,1321,N,VIIRS,n,2,290.36,2.8,D,0
37.1449,-4.02224,329.67,0.4,0.37,2024-12-09,1321,N,VIIRS,n,2,286.17,2.37,D,0
38.5256,-7.05726,341.62,0.39,0.36,2024-12-09,1321,N,VIIRS,n,2,285.43,1.96,D,0
39.49915,-0.36007,328.85,0.57,0.43,2024-12-09,1321,N,VIIRS,n,2,285.21,3.55,D,0
39.09513,-5.82495,335.39,0.39,0.36,2024-12-09,1321,N,VIIRS,n,2,285.39,3.63,D,0
40.24454,-3.47601,302.46,0.41,0.45,2024-12-10,0140,N,VIIRS,n,2,276.1,1.03,N,2
42.59662,-3.46184,295.59,0.44,0.46,2024-12-10,0140,N,VIIRS,n,2,273.83,0.52,N,0
36.96829,-1.90486,298.17,0.48,0.4,2024-12-10,0141,N,VIIRS,n,2,282.12,1.18,N,2
37.35121,-6.63202,307.95,0.62,0.71,2024-12-10,0321,N,VIIRS,n,2,274.8,1.58,N,0
37.35222,-6.6303,301.27,0.62,0.71,2024-12-10,0321,N,VIIRS,n,2,274.31,2.38,N,0
27.84822,-15.40257,303.69,0.35,0.57,2024-12-10,0325,N,VIIRS,n,2,286.03,2.2,N,3
27.84743,-15.40191,326.25,0.35,0.57,2024-12-10,0325,N,VIIRS,n,2,287.28,3.14,N,3
27.84658,-15.39834,304.27,0.35,0.57,2024-12-10,0325,N,VIIRS,n,2,287.51,2.51,N,3
27.84738,-15.39895,323.09,0.35,0.57,2024-12-10,0325,N,VIIRS,n,2,287.41,2.88,N,3
38.74953,-1.66725,327.31,0.38,0.36,2024-12-10,1302,N,VIIRS,n,2,282.48,2.94,D,0
38.08492,-1.31211,335.04,0.38,0.36,2024-12-10,1302,N,VIIRS,n,2,291.19,3.24,D,0
37.75946,-1.30855,341.2,0.38,0.36,2024-12-10,1302,N,VIIRS,n,2,290.37,3.89,D,0
37.10243,-2.21221,336.41,0.39,0.36,2024-12-10,1302,N,VIIRS,n,2,290.32,9.27,D,0
37.10503,-2.2174,342.62,0.39,0.36,2024-12-10,1302,N,VIIRS,n,2,292.18,5.22,D,0
37.11048,-2.20517,336.56,0.39,0.36,2024-12-10,1302,N,VIIRS,n,2,290.91,9.21,D,0
37.12081,-2.28953,339.06,0.39,0.36,2024-12-10,1302,N,VIIRS,n,2,291.35,2.89,D,0
37.11938,-2.29827,338.1,0.39,0.36,2024-12-10,1302,N,VIIRS,n,2,290.87,3.63,D,0
37.12413,-2.29034,345.16,0.39,0.36,2024-12-10,1302,N,VIIRS,n,2,291.35,2.89,D,0
37.12341,-2.29473,345.08,0.39,0.36,2024-12-10,1302,N,VIIRS,n,2,291.25,2.89,D,0
37.19074,-3.69844,329.68,0.42,0.38,2024-12-10,1302,N,VIIRS,n,2,288,1.61,D,0
37.28332,-3.75136,338.39,0.42,0.38,2024-12-10,1302,N,VIIRS,n,2,287.13,4.28,D,0
37.27754,-3.78391,339.09,0.42,0.38,2024-12-10,1302,N,VIIRS,n,2,285.31,2.68,D,0
37.28355,-3.79035,340.76,0.42,0.38,2024-12-10,1302,N,VIIRS,n,2,286.86,11.88,D,0
41.62386,0.04409,336.42,0.41,0.37,2024-12-10,1303,N,VIIRS,n,2,284.38,4.99,D,0
40.7408,-5.98327,343.8,0.45,0.39,2024-12-10,1303,N,VIIRS,n,2,284.49,7.75,D,0
39.11726,-5.81213,325.79,0.46,0.39,2024-12-10,1303,N,VIIRS,n,2,285.89,2.28,D,0
40.05594,-3.84291,335.92,0.4,0.37,2024-12-10,1303,N,VIIRS,n,2,287.58,1.42,D,0
40.0622,-5.77751,337.22,0.45,0.39,2024-12-10,1303,N,VIIRS,n,2,284.52,4,D,0
41.64447,0.67793,327.27,0.43,0.38,2024-12-10,1303,N,VIIRS,n,2,280.6,1.75,D,0
42.57843,-5.82098,330,0.42,0.38,2024-12-10,1304,N,VIIRS,n,2,276.3,3.08,D,0
42.35503,-4.776,346.03,0.4,0.37,2024-12-10,1304,N,VIIRS,n,2,283.63,5.86,D,0
37.66091,-4.92686,304.14,0.41,0.61,2024-12-11,0122,N,VIIRS,n,2,274.89,1.29,N,0
37.34956,-6.63629,303.02,0.35,0.57,2024-12-11,0303,N,VIIRS,n,2,276.1,1.32,N,0
37.34857,-6.63249,295.2,0.35,0.57,2024-12-11,0303,N,VIIRS,n,2,275.75,0.98,N,0
38.43045,-1.74124,331.27,0.51,0.41,2024-12-11,1244,N,VIIRS,n,2,278.26,3.53,D,0
38.4567,-1.72649,325.19,0.5,0.41,2024-12-11,1244,N,VIIRS,n,2,281.65,3.16,D,0
38.93404,1.45367,331.72,0.4,0.37,2024-12-11,1244,N,VIIRS,n,2,281.57,2.25,D,0
38.99992,-5.91286,332.88,0.52,0.5,2024-12-11,1244,N,VIIRS,n,2,285.96,4.41,D,0
42.13035,-8.34822,329.66,0.57,0.52,2024-12-11,1245,N,VIIRS,n,2,279.25,22.26,D,0
42.12556,-8.34693,337.55,0.57,0.52,2024-12-11,1245,N,VIIRS,n,2,279.41,22.26,D,0
42.12886,-8.35413,337.52,0.57,0.52,2024-12-11,1245,N,VIIRS,n,2,279.64,22.26,D,0
40.24252,-3.47561,315.17,0.64,0.72,2024-12-12,0102,N,VIIRS,n,2,273.5,2.48,N,2
40.24176,-3.47235,296.23,0.64,0.72,2024-12-12,0103,N,VIIRS,n,2,271.42,3.26,N,2
40.2439,-3.47343,321.79,0.5,0.49,2024-12-12,0243,N,VIIRS,n,2,275.61,4.54,N,2
43.34579,-8.43417,305.69,0.42,0.37,2024-12-12,0243,N,VIIRS,n,2,276.04,0.83,N,2
38.08583,-1.31326,329.45,0.55,0.51,2024-12-12,1225,N,VIIRS,n,2,288.07,2.91,D,0
39.10233,-4.85061,329.7,0.4,0.6,2024-12-12,1225,N,VIIRS,n,2,276.65,2.94,D,0
39.10178,-4.8514,332.57,0.4,0.6,2024-12-12,1225,N,VIIRS,n,2,275.93,3.05,D,0
41.3312,0.14753,332.82,0.4,0.44,2024-12-12,1226,N,VIIRS,n,2,275.31,2.76,D,0
43.52412,-5.72719,329.01,0.33,0.55,2024-12-12,1226,N,VIIRS,n,2,287.17,2.3,D,2
43.52304,-5.73115,333.02,0.33,0.55,2024-12-12,1226,N,VIIRS,n,2,285.89,2.3,D,2
43.52901,-5.72974,320.4,0.39,0.36,2024-12-13,0224,N,VIIRS,n,2,278.18,1.38,N,2
43.52323,-5.7365,319.08,0.39,0.36,2024-12-13,0224,N,VIIRS,n,2,276.27,1.62,N,2
43.44361,-3.84369,310.73,0.41,0.37,2024-12-13,0224,N,VIIRS,n,2,278.48,1.65,N,2
43.54272,-5.83456,301.33,0.39,0.36,2024-12-13,0224,N,VIIRS,n,2,276.71,0.6,N,2
43.22393,-2.87885,301.98,0.44,0.38,2024-12-13,0224,N,VIIRS,n,2,277.03,0.81,N,2
43.53868,-5.83086,307.77,0.39,0.36,2024-12-13,0224,N,VIIRS,n,2,275.35,1.22,N,2
43.52573,-5.73076,306.21,0.39,0.36,2024-12-13,0224,N,VIIRS,n,2,277.43,1.38,N,2
43.52651,-5.73549,304.72,0.39,0.36,2024-12-13,0224,N,VIIRS,n,2,278.02,1.24,N,2
43.54195,-5.82985,296.84,0.39,0.36,2024-12-13,0224,N,VIIRS,n,2,276.16,0.6,N,2
38.08527,-1.31504,342.74,0.49,0.65,2024-12-13,1206,N,VIIRS,n,2,288,4.78,D,0
41.30011,0.21052,334.29,0.33,0.56,2024-12-13,1207,N,VIIRS,n,2,281.67,2.47,D,0
41.47662,-1.48691,295.94,0.39,0.36,2024-12-14,0205,N,VIIRS,n,2,275.65,1.04,N,2
42.81422,-1.74349,305.67,0.38,0.36,2024-12-14,0205,N,VIIRS,n,2,273.7,0.94,N,2
43.34605,-8.43698,306.06,0.57,0.43,2024-12-14,0205,N,VIIRS,n,2,275.36,1.3,N,2
41.45507,1.97911,309.7,0.47,0.4,2024-12-14,0205,N,VIIRS,n,2,279.68,1.35,N,2
41.45553,1.97838,305.5,0.47,0.4,2024-12-14,0205,N,VIIRS,n,2,279.14,1.1,N,2
41.40628,1.99644,305.05,0.47,0.4,2024-12-14,0205,N,VIIRS,n,2,278.16,0.66,N,2
40.24379,-3.47409,324.12,0.39,0.36,2024-12-14,0206,N,VIIRS,n,2,276.47,3.44,N,2
40.01743,-4.18568,308.39,0.39,0.36,2024-12-14,0206,N,VIIRS,n,2,268.16,0.91,N,0
38.37546,-0.54214,296.9,0.43,0.38,2024-12-14,0206,N,VIIRS,n,2,280.35,0.58,N,2
36.96722,-1.90487,310.33,0.4,0.37,2024-12-14,0206,N,VIIRS,n,2,283.65,1.5,N,2
38.18121,-0.98523,348.25,0.79,0.78,2024-12-14,1147,N,VIIRS,n,2,284.11,9.59,D,0
37.55457,-4.77448,329.44,0.42,0.38,2024-12-14,1327,N,VIIRS,n,2,284.76,3.22,D,0
37.55518,-4.76971,345.64,0.42,0.38,2024-12-14,1327,N,VIIRS,n,2,286.77,8,D,0
40.19018,-4.26558,339,0.46,0.39,2024-12-14,1328,N,VIIRS,n,2,282.57,3.93,D,0
40.19051,-4.26177,339.36,0.46,0.39,2024-12-14,1328,N,VIIRS,n,2,283.02,8.21,D,0
38.18155,-0.98469,336.99,0.41,0.45,2024-12-14,1328,N,VIIRS,n,2,291.39,3.55,D,0
38.18262,-0.9872,336.92,0.41,0.45,2024-12-14,1328,N,VIIRS,n,2,288.81,3.92,D,0
40.19083,-4.26016,325.74,0.46,0.39,2024-12-14,1328,N,VIIRS,n,2,282.71,3.04,D,0
41.71672,-5.20826,330.6,0.44,0.39,2024-12-14,1329,N,VIIRS,n,2,280.63,3.41,D,0
41.72028,-5.2089,331.22,0.44,0.39,2024-12-14,1329,N,VIIRS,n,2,281.81,6.02,D,0
43.34412,-8.43675,311.89,0.32,0.55,2024-12-15,0146,N,VIIRS,n,2,275.71,0.98,N,2
43.53891,-5.83334,338.41,0.48,0.48,2024-12-15,0146,N,VIIRS,n,2,279.01,5.99,N,2
41.45439,1.97715,303.03,0.38,0.36,2024-12-15,0146,N,VIIRS,n,2,277.37,1.35,N,2
40.24403,-3.4747,321.47,0.52,0.41,2024-12-15,0147,N,VIIRS,n,2,276.19,3.24,N,2
39.11913,-0.55658,327.8,0.4,0.37,2024-12-15,0147,N,VIIRS,n,2,279.17,2.62,N,0
41.03284,-5.43281,306.56,0.44,0.46,2024-12-15,0147,N,VIIRS,n,2,271.02,1.04,N,0
36.73655,-3.52678,335.42,0.39,0.36,2024-12-15,1308,N,VIIRS,n,2,287.79,3.27,D,0
39.11971,-0.55515,327.33,0.42,0.38,2024-12-15,1309,N,VIIRS,n,2,287.17,2.01,D,0
40.24455,-3.47243,329.8,0.38,0.36,2024-12-15,1309,N,VIIRS,n,2,287.32,2.88,D,2
40.15874,-4.41346,327.55,0.39,0.36,2024-12-15,1309,N,VIIRS,n,2,285.04,1.41,D,0
40.18636,-4.26154,339.12,0.39,0.36,2024-12-15,1309,N,VIIRS,n,2,283.8,5.15,D,0
43.52457,-5.72985,331.03,0.39,0.36,2024-12-15,1310,N,VIIRS,n,2,287.56,2.1,D,2
41.64132,-0.75394,327.28,0.43,0.38,2024-12-15,1310,N,VIIRS,n,2,286.64,1.37,D,0
43.52381,-5.73458,338.65,0.39,0.36,2024-12-15,1310,N,VIIRS,n,2,289.96,8.66,D,2
43.53925,-5.83479,306.46,0.42,0.61,2024-12-16,0127,N,VIIRS,n,2,277.97,1.49,N,2
43.52977,-5.7348,309.26,0.41,0.61,2024-12-16,0127,N,VIIRS,n,2,277.22,3.29,N,2
43.52958,-5.72984,306.46,0.41,0.61,2024-12-16,0127,N,VIIRS,n,2,278.98,2.5,N,2
43.52409,-5.7356,328.91,0.41,0.61,2024-12-16,0127,N,VIIRS,n,2,279.92,3.29,N,2
43.53905,-5.82939,311.21,0.42,0.61,2024-12-16,0127,N,VIIRS,n,2,277.22,1.49,N,2
43.5239,-5.73036,329.75,0.41,0.61,2024-12-16,0127,N,VIIRS,n,2,278.41,2.5,N,2
38.66645,-4.05737,296.85,0.62,0.54,2024-12-16,0128,N,VIIRS,n,2,272.2,1.29,N,2
40.45013,-3.87158,331.25,0.63,0.54,2024-12-16,0128,N,VIIRS,n,2,274.96,5.17,N,0
40.44938,-3.87283,322.97,0.63,0.54,2024-12-16,0128,N,VIIRS,n,2,274.54,3.36,N,0
41.47375,-1.4865,296.58,0.48,0.48,2024-12-16,0128,N,VIIRS,n,2,274.49,0.55,N,2
39.11686,-0.55456,295.91,0.41,0.45,2024-12-16,0128,N,VIIRS,n,2,277.45,0.63,N,0
40.4544,-3.87218,297.59,0.63,0.54,2024-12-16,0128,N,VIIRS,n,2,273.1,0.85,N,0
40.24296,-3.47472,308.7,0.59,0.53,2024-12-16,0128,N,VIIRS,n,2,275.15,2.48,N,2
36.96687,-1.9053,306.91,0.45,0.47,2024-12-16,0129,N,VIIRS,n,2,283.24,1.31,N,2
43.52743,-5.73137,347.46,0.32,0.55,2024-12-16,0308,N,VIIRS,n,2,280.41,2.1,N,2
40.24239,-3.47218,297.51,0.51,0.66,2024-12-16,0308,N,VIIRS,n,2,272.97,1.59,N,2
43.52369,-5.73779,324.34,0.32,0.55,2024-12-16,0308,N,VIIRS,n,2,279.21,4.56,N,2
43.55648,-5.86004,314.78,0.32,0.54,2024-12-16,0308,N,VIIRS,n,2,277.88,1.77,N,0
43.52263,-5.73382,319.6,0.32,0.55,2024-12-16,0308,N,VIIRS,n,2,278.08,2.1,N,2
40.24414,-3.47798,300.31,0.51,0.66,2024-12-16,0308,N,VIIRS,n,2,273.4,2.18,N,2
43.52639,-5.72748,299.36,0.32,0.55,2024-12-16,0308,N,VIIRS,n,2,279.46,2.1,N,2
39.05673,-5.67717,325.39,0.42,0.45,2024-12-16,1250,N,VIIRS,n,2,283.89,2.51,D,0
38.62645,-6.78948,336.28,0.48,0.48,2024-12-16,1250,N,VIIRS,n,2,287.24,3.98,D,0
39.62333,-0.34828,330.52,0.4,0.37,2024-12-16,1250,N,VIIRS,n,2,288.85,3.62,D,0
38.28534,-1.68803,347.91,0.44,0.38,2024-12-16,1250,N,VIIRS,n,2,289.65,11.96,D,0
38.33239,-1.6914,331.11,0.44,0.38,2024-12-16,1250,N,VIIRS,n,2,289.73,3.41,D,0
38.33889,-4.8267,326.27,0.39,0.44,2024-12-16,1250,N,VIIRS,n,2,282.7,1.87,D,0
39.15428,-5.57745,331.44,0.41,0.45,2024-12-16,1250,N,VIIRS,n,2,284.51,3.15,D,0
40.24532,-3.4742,327.93,0.48,0.4,2024-12-16,1251,N,VIIRS,n,2,287.19,3.07,D,2
41.29953,0.21097,335.83,0.39,0.36,2024-12-16,1251,N,VIIRS,n,2,285.22,3.08,D,0
41.37178,0.41568,333.82,0.38,0.36,2024-12-16,1251,N,VIIRS,n,2,285.06,2.31,D,0
41.61706,0.24137,329.79,0.38,0.36,2024-12-16,1251,N,VIIRS,n,2,285.67,2.17,D,0
41.66503,0.28535,336.35,0.38,0.36,2024-12-16,1251,N,VIIRS,n,2,285.66,5.37,D,0
41.72984,0.26501,328.04,0.38,0.36,2024-12-16,1251,N,VIIRS,n,2,285.83,2,D,0
42.36483,-4.61746,328.24,0.49,0.4,2024-12-16,1251,N,VIIRS,n,2,284.06,2.41,D,0
42.14473,-5.80277,328.17,0.55,0.43,2024-12-16,1251,N,VIIRS,n,2,282.28,2.52,D,0
42.4627,-4.69846,329.61,0.49,0.4,2024-12-16,1251,N,VIIRS,n,2,283.39,4.62,D,0
41.56051,0.35576,334.01,0.38,0.36,2024-12-16,1251,N,VIIRS,n,2,284.43,3.17,D,0
41.6858,0.70873,332.75,0.38,0.36,2024-12-16,1251,N,VIIRS,n,2,285.08,2.02,D,0
43.52593,-5.73048,341.28,0.51,0.41,2024-12-16,1252,N,VIIRS,n,2,292.39,11.25,D,2
43.52467,-5.73663,338.68,0.51,0.41,2024-12-16,1252,N,VIIRS,n,2,290.41,11.25,D,2
28.15669,-16.79263,330.31,0.48,0.4,2024-12-16,1428,N,VIIRS,n,2,301.74,5.52,D,0
28.15486,-16.7894,344.23,0.48,0.4,2024-12-16,1428,N,VIIRS,n,2,302.35,5.79,D,0
28.15854,-16.78995,338.43,0.48,0.4,2024-12-16,1428,N,VIIRS,n,2,301.32,5.91,D,0
28.15725,-16.78797,327.95,0.48,0.4,2024-12-16,1428,N,VIIRS,n,2,300.12,5.52,D,0
38.37663,-0.54492,300.02,0.36,0.57,2024-12-17,0109,N,VIIRS,n,2,281.08,0.62,N,2
36.58713,-5.99394,301.19,0.69,0.74,2024-12-17,0110,N,VIIRS,n,2,276.42,1.88,N,0
36.96548,-1.90572,300.97,0.41,0.61,2024-12-17,0110,N,VIIRS,n,2,283.45,0.76,N,2
36.96645,-1.90518,297.6,0.44,0.62,2024-12-17,0250,N,VIIRS,n,2,282.11,0.6,N,2
38.4401,-1.74969,353.48,0.47,0.48,2024-12-17,1231,N,VIIRS,n,2,283.57,8.59,D,0
40.06244,4.08346,328.38,0.4,0.37,2024-12-17,1231,N,VIIRS,n,2,288.6,2.61,D,0
38.43888,-1.75203,334.9,0.47,0.48,2024-12-17,1231,N,VIIRS,n,2,281.71,10.93,D,0
39.46599,-1.49841,337.14,0.44,0.46,2024-12-17,1232,N,VIIRS,n,2,284.07,4.98,D,0
38.8486,-5.7099,336.27,0.37,0.58,2024-12-17,1232,N,VIIRS,n,2,283.05,2.87,D,0
39.97876,-6.89293,328.51,0.4,0.6,2024-12-17,1412,N,VIIRS,n,2,282.65,2.15,D,0
37.74732,-5.94289,326.24,0.44,0.62,2024-12-17,1412,N,VIIRS,n,2,285.06,1.79,D,0
43.33088,-5.77502,297.87,0.41,0.37,2024-12-18,0230,N,VIIRS,n,2,281.51,0.34,N,2
43.54334,-5.83472,302.41,0.4,0.37,2024-12-18,0230,N,VIIRS,n,2,283.23,1.79,N,2
43.53913,-5.83094,326.64,0.4,0.37,2024-12-18,0230,N,VIIRS,n,2,283.18,1.79,N,2
38.66653,-4.05019,305.94,0.54,0.42,2024-12-18,0231,N,VIIRS,n,2,277.06,2.41,N,2
39.59267,2.65643,295.85,0.37,0.58,2024-12-18,0231,N,VIIRS,n,2,280.48,0.42,N,0
40.24566,-3.47643,312.19,0.53,0.42,2024-12-18,0231,N,VIIRS,n,2,270.58,1.94,N,2
40.24486,-3.47694,309.88,0.53,0.42,2024-12-18,0231,N,VIIRS,n,2,269.85,2.59,N,2
38.28598,-1.7111,331.17,0.42,0.61,2024-12-18,1213,N,VIIRS,n,2,285.73,3.79,D,0
28.51918,-13.85265,345.7,0.42,0.38,2024-12-18,1351,N,VIIRS,n,2,297.73,3.36,D,0
28.51845,-13.8569,350.46,0.42,0.38,2024-12-18,1351,N,VIIRS,n,2,298.67,3.28,D,0
38.35452,-1.68141,328.5,0.41,0.61,2024-12-18,1353,N,VIIRS,n,2,285.47,2.1,D,0
43.52926,-5.73122,298.91,0.41,0.37,2024-12-19,0211,N,VIIRS,n,2,284.05,1.19,N,2
43.53949,-5.83288,331.29,0.41,0.37,2024-12-19,0211,N,VIIRS,n,2,286.83,5.8,N,2
43.52655,-5.73713,321.44,0.41,0.37,2024-12-19,0211,N,VIIRS,n,2,285.63,1.76,N,2
43.52588,-5.73214,336.47,0.41,0.37,2024-12-19,0211,N,VIIRS,n,2,286.22,3.3,N,2
43.5252,-5.72712,300.49,0.41,0.37,2024-12-19,0211,N,VIIRS,n,2,285.02,3.3,N,2
43.52317,-5.73804,325.09,0.41,0.37,2024-12-19,0211,N,VIIRS,n,2,284.43,1.76,N,2
43.52249,-5.73302,324.76,0.41,0.37,2024-12-19,0211,N,VIIRS,n,2,284.21,3.3,N,2
43.3293,-5.77474,296.81,0.41,0.37,2024-12-19,0211,N,VIIRS,n,2,283.06,0.63,N,2
36.18348,-5.39621,299.06,0.38,0.36,2024-12-19,0213,N,VIIRS,n,2,288.86,0.98,N,2
38.66866,-4.04984,307.09,0.39,0.36,2024-12-19,0213,N,VIIRS,n,2,264.45,1.07,N,2
38.66537,-4.05072,313.92,0.39,0.36,2024-12-19,0213,N,VIIRS,n,2,264.5,1.07,N,2
38.66463,-4.04631,313.64,0.39,0.36,2024-12-19,0213,N,VIIRS,n,2,263.99,1.07,N,0
43.52484,-5.73703,295.04,0.4,0.44,2024-12-20,0152,N,VIIRS,n,2,280,0.58,N,2
43.55117,-5.86328,299.07,0.41,0.45,2024-12-20,0152,N,VIIRS,n,2,276.71,1.01,N,2
43.53804,-5.83187,341.91,0.41,0.45,2024-12-20,0152,N,VIIRS,n,2,279.19,5.42,N,2
43.55334,-5.86047,303.03,0.41,0.45,2024-12-20,0152,N,VIIRS,n,2,277.76,1.07,N,2
43.52437,-5.73216,297.81,0.4,0.44,2024-12-20,0152,N,VIIRS,n,2,279.34,1.09,N,2
40.24589,-3.47237,312.11,0.45,0.39,2024-12-20,0153,N,VIIRS,n,2,276.42,1.51,N,2
39.95251,-0.00345,297.22,0.38,0.36,2024-12-20,0153,N,VIIRS,n,2,284.7,0.69,N,2
40.24234,-3.47315,296.87,0.45,0.39,2024-12-20,0153,N,VIIRS,n,2,273.86,1.51,N,2
38.37572,-0.54629,299.97,0.38,0.36,2024-12-20,0154,N,VIIRS,n,2,283.28,1,N,2
37.98117,-1.15906,309.97,0.39,0.36,2024-12-20,0154,N,VIIRS,n,2,279.88,0.91,N,0
36.96738,-1.90646,298.26,0.39,0.36,2024-12-20,0154,N,VIIRS,n,2,284.31,0.37,N,2
36.80085,-3.47322,297.72,0.42,0.38,2024-12-20,0154,N,VIIRS,n,2,283.56,0.51,N,0
40.44714,-5.77536,327.23,0.38,0.36,2024-12-20,1316,N,VIIRS,n,2,282.72,2.22,D,0
41.56705,0.45209,329.54,0.56,0.43,2024-12-20,1316,N,VIIRS,n,2,286.75,4.07,D,0
40.44386,-5.77447,330.48,0.38,0.36,2024-12-20,1316,N,VIIRS,n,2,283.53,2.05,D,0
43.53875,-5.83311,343.65,0.35,0.56,2024-12-21,0133,N,VIIRS,n,2,279.44,4.25,N,2
43.5285,-5.73342,305.6,0.34,0.56,2024-12-21,0133,N,VIIRS,n,2,279.23,1.26,N,2
43.52829,-5.72938,304.9,0.34,0.56,2024-12-21,0133,N,VIIRS,n,2,280.89,1.25,N,2
40.24549,-3.4773,304.46,0.49,0.49,2024-12-21,0134,N,VIIRS,n,2,274.35,2.92,N,2
37.36323,-5.93689,305.77,0.62,0.54,2024-12-21,0135,N,VIIRS,n,2,276.05,1.76,N,0
36.96504,-1.9057,297.3,0.56,0.43,2024-12-21,0135,N,VIIRS,n,2,281.84,1.53,N,2
40.24646,-3.47273,301.78,0.61,0.71,2024-12-21,0315,N,VIIRS,n,2,273.32,2.17,N,2
37.09808,-2.21387,336.4,0.42,0.38,2024-12-21,1256,N,VIIRS,n,2,291.67,2.2,D,0
37.0989,-2.20921,356.67,0.42,0.38,2024-12-21,1256,N,VIIRS,l,2,292.27,11.63,D,0
37.10149,-2.21478,344.22,0.42,0.38,2024-12-21,1256,N,VIIRS,n,2,290.43,6.67,D,0
37.10833,-2.21661,341.93,0.42,0.38,2024-12-21,1256,N,VIIRS,n,2,290.36,2.52,D,0
37.11987,-2.29326,337.82,0.42,0.38,2024-12-21,1256,N,VIIRS,n,2,290.08,4.06,D,0
37.11904,-2.29795,344.94,0.42,0.38,2024-12-21,1256,N,VIIRS,n,2,291.31,3.35,D,0
37.1259,-2.29969,352.27,0.42,0.38,2024-12-21,1256,N,VIIRS,n,2,290.61,14.73,D,0
37.27866,-3.77957,345.23,0.47,0.4,2024-12-21,1256,N,VIIRS,n,2,288.44,5.13,D,0
37.28225,-3.78059,341.38,0.47,0.4,2024-12-21,1256,N,VIIRS,n,2,288.04,4.76,D,0
38.31883,-1.67189,343.06,0.4,0.37,2024-12-21,1256,N,VIIRS,n,2,295.59,23.51,D,0
39.77542,-3.07442,336.52,0.42,0.37,2024-12-21,1257,N,VIIRS,n,2,287.94,3.35,D,0
40.24388,-3.47543,331.45,0.42,0.38,2024-12-21,1257,N,VIIRS,n,2,286.25,3.1,D,2
41.49353,0.81392,334.38,0.4,0.37,2024-12-21,1257,N,VIIRS,n,2,283.97,2.74,D,0
43.54644,-5.84221,297.47,0.6,0.71,2024-12-22,0115,N,VIIRS,n,2,278.5,1.41,N,2
43.53973,-5.83431,313.23,0.6,0.71,2024-12-22,0115,N,VIIRS,n,2,279.68,1.41,N,2
41.45549,1.98084,295.92,0.46,0.47,2024-12-22,0115,N,VIIRS,n,2,278.75,0.63,N,2
40.24693,-3.47312,306.49,0.44,0.62,2024-12-22,0115,N,VIIRS,n,2,274.61,2.89,N,2
36.96846,-1.90607,301.29,0.34,0.56,2024-12-22,0116,N,VIIRS,n,2,280.83,0.83,N,2
43.52725,-5.73044,301.11,0.46,0.47,2024-12-22,0255,N,VIIRS,n,2,273.05,1.22,N,2
40.24472,-3.47512,320.86,0.36,0.57,2024-12-22,0256,N,VIIRS,n,2,277.33,1.95,N,2
39.24612,-0.38591,328.14,0.5,0.41,2024-12-22,1238,N,VIIRS,n,2,280.92,3.06,D,0
40.24669,-3.47341,325.24,0.44,0.46,2024-12-22,1238,N,VIIRS,n,2,285.38,2.96,D,2
42.36388,1.45053,327.54,0.4,0.37,2024-12-22,1239,N,VIIRS,n,2,283.34,4.48,D,0
40.24607,-3.47889,296.68,0.77,0.77,2024-12-23,0057,N,VIIRS,n,2,275.27,2.1,N,2
41.45327,1.97905,300.47,0.36,0.58,2024-12-23,0237,N,VIIRS,n,2,280.99,0.87,N,2
41.64358,0.48955,297.52,0.61,0.53,2024-12-23,0237,N,VIIRS,n,2,278.13,1.16,N,0
40.24311,-3.47336,315.25,0.42,0.45,2024-12-23,0237,N,VIIRS,n,2,275.99,3.02,N,2
36.96835,-1.90624,296.49,0.6,0.53,2024-12-23,0238,N,VIIRS,n,2,281.86,1.44,N,2
36.96642,-1.90632,296.28,0.6,0.53,2024-12-23,0238,N,VIIRS,n,2,281.72,0.79,N,2
37.75017,-1.10352,330.47,0.33,0.55,2024-12-23,1219,N,VIIRS,n,2,290.14,1.86,D,0
37.2421,-3.74739,345.51,0.47,0.64,2024-12-23,1219,N,VIIRS,n,2,288.49,4.69,D,0
37.24631,-3.74676,367,0.47,0.64,2024-12-23,1219,N,VIIRS,h,2,291.11,8.98,D,0
40.24534,-3.47465,325.05,0.38,0.58,2024-12-23,1220,N,VIIRS,n,2,279.63,1.65,D,2
40.24624,-3.47467,329.03,0.42,0.61,2024-12-23,1400,N,VIIRS,n,2,286.77,2.29,D,2
40.26101,-6.30922,354.1,0.59,0.53,2024-12-23,1400,N,VIIRS,n,2,291.31,25.63,D,0
40.25797,-6.3094,336.9,0.59,0.53,2024-12-23,1400,N,VIIRS,n,2,287.32,7.67,D,0
40.26284,-6.31054,345.03,0.59,0.53,2024-12-23,1400,N,VIIRS,n,2,287.45,27.09,D,0
43.55162,-5.85388,296.2,0.39,0.36,2024-12-24,0218,N,VIIRS,n,2,278.36,0.64,N,0
43.54145,-5.83191,320.71,0.39,0.36,2024-12-24,0218,N,VIIRS,n,2,280.92,2.2,N,2
43.54216,-5.83667,297.7,0.39,0.36,2024-12-24,0218,N,VIIRS,n,2,278.86,0.6,N,2
43.53815,-5.83285,313.06,0.39,0.36,2024-12-24,0218,N,VIIRS,n,2,278.91,1.63,N,2
41.45493,1.98045,298.64,0.43,0.46,2024-12-24,0218,N,VIIRS,n,2,276,0.85,N,2
42.0541,-1.69816,343.58,0.44,0.39,2024-12-24,0218,N,VIIRS,n,2,279.9,4.99,N,0
42.05062,-1.69938,328.91,0.44,0.39,2024-12-24,0218,N,VIIRS,n,2,278.33,4.99,N,0
40.24694,-3.47525,308.77,0.41,0.37,2024-12-24,0218,N,VIIRS,n,2,276.05,1.56,N,2
40.24356,-3.47628,312.46,0.41,0.37,2024-12-24,0218,N,VIIRS,n,2,275.08,1.56,N,2
36.96703,-1.90555,302.68,0.52,0.42,2024-12-24,0219,N,VIIRS,n,2,281.81,1.59,N,2
39.22816,-0.57563,328.48,0.33,0.55,2024-12-24,1341,N,VIIRS,n,2,290.67,1.41,D,0
39.23143,-3.70029,329.27,0.45,0.47,2024-12-24,1341,N,VIIRS,n,2,285.67,3.24,D,0
40.51109,-4.29951,318.29,0.43,0.38,2024-12-25,0200,N,VIIRS,n,2,275.44,1.64,N,0
40.24419,-3.47603,327.25,0.4,0.37,2024-12-25,0200,N,VIIRS,n,2,280.77,2.26,N,2
40.15253,-4.5019,326.61,0.43,0.38,2024-12-25,0200,N,VIIRS,n,2,275.39,3.05,N,0
39.46094,-0.42815,305.44,0.39,0.36,2024-12-25,0200,N,VIIRS,n,2,278.47,0.82,N,0
38.69234,-1.43433,300.95,0.38,0.36,2024-12-25,0200,N,VIIRS,n,2,275.12,1.19,N,0
36.96626,-1.90611,314.36,0.39,0.36,2024-12-25,0201,N,VIIRS,n,2,282.14,1.75,N,2
36.6781,-6.4007,318.47,0.46,0.39,2024-12-25,0201,N,VIIRS,n,2,277.71,1.86,N,0
41.92609,0.1808,325.28,0.43,0.46,2024-12-25,1323,N,VIIRS,n,2,283.55,1.95,D,2
43.52576,-5.72995,334.65,0.41,0.37,2024-12-25,1323,N,VIIRS,n,2,292.26,5.38,D,2
43.34613,-8.43515,305.6,0.39,0.59,2024-12-26,0140,N,VIIRS,n,2,279.32,0.59,N,2
38.3761,-0.54257,300.5,0.44,0.38,2024-12-26,0141,N,VIIRS,n,2,283.09,0.63,N,2
40.24543,-3.47364,324.81,0.41,0.45,2024-12-26,0141,N,VIIRS,n,2,281.04,2.23,N,2
38.37561,-0.54639,297.2,0.44,0.38,2024-12-26,0141,N,VIIRS,n,2,282.08,0.97,N,2
36.96688,-1.90557,308.08,0.48,0.4,2024-12-26,0142,N,VIIRS,n,2,284.68,1.82,N,2
43.34399,-8.43569,312.06,0.35,0.56,2024-12-26,0320,N,VIIRS,n,2,279.38,0.84,N,2
40.2434,-3.47482,306.57,0.73,0.76,2024-12-26,0321,N,VIIRS,n,2,276.86,1.99,N,2
40.2448,-3.47057,296.08,0.73,0.76,2024-12-26,0321,N,VIIRS,n,2,275.51,2.13,N,2
37.27899,-3.78364,336.52,0.42,0.37,2024-12-26,1303,N,VIIRS,n,2,290.04,6.93,D,0
37.28159,-3.78914,338.38,0.42,0.38,2024-12-26,1303,N,VIIRS,n,2,290.87,2.56,D,0
37.94534,-2.08512,338.57,0.39,0.36,2024-12-26,1303,N,VIIRS,n,2,290.41,6,D,0
38.67942,-2.68061,330.81,0.39,0.36,2024-12-26,1303,N,VIIRS,n,2,291.13,4.65,D,0
38.6316,-6.01905,325.36,0.48,0.4,2024-12-26,1303,N,VIIRS,n,2,290.71,2.13,D,0
39.02179,-5.87806,342.63,0.46,0.39,2024-12-26,1303,N,VIIRS,n,2,289.52,5.89,D,0
39.04691,-5.82451,329.36,0.46,0.39,2024-12-26,1303,N,VIIRS,n,2,288.93,2.72,D,0
39.04845,-5.82183,325.2,0.46,0.39,2024-12-26,1303,N,VIIRS,n,2,288.36,2.44,D,0
39.73241,-3.15973,336.17,0.39,0.36,2024-12-26,1303,N,VIIRS,n,2,289.05,3.48,D,0
39.98925,-2.78991,333.88,0.39,0.36,2024-12-26,1303,N,VIIRS,n,2,288.36,5.54,D,0
40.24566,-3.47215,328.25,0.39,0.36,2024-12-26,1303,N,VIIRS,n,2,289.45,3.3,D,2
40.24574,-3.47491,329.03,0.36,0.57,2024-12-27,0122,N,VIIRS,n,2,279.94,2.55,N,2
38.44622,-5.21474,325.84,0.43,0.62,2024-12-27,0122,N,VIIRS,n,2,274.4,2.16,N,0
36.9674,-1.90761,295.61,0.55,0.51,2024-12-27,0123,N,VIIRS,n,2,282.56,1.36,N,2
40.24309,-3.47375,316.04,0.43,0.62,2024-12-27,0302,N,VIIRS,n,2,277.28,1.65,N,2
38.4481,-5.21522,304.74,0.4,0.6,2024-12-27,0303,N,VIIRS,n,2,274.47,1.2,N,0
37.11587,-2.6191,328,0.39,0.44,2024-12-27,1244,N,VIIRS,n,2,290.87,1.8,D,0
40.42608,-1.07004,328.17,0.44,0.39,2024-12-27,1245,N,VIIRS,n,2,286.24,4.19,D,0
41.27774,1.38781,345.54,0.39,0.36,2024-12-27,1245,N,VIIRS,n,2,287.28,5.19,D,0
40.95498,-2.93733,331.38,0.51,0.41,2024-12-27,1245,N,VIIRS,n,2,286.18,7.56,D,0
42.20222,3.08685,325.56,0.39,0.36,2024-12-27,1245,N,VIIRS,n,2,286.16,2.91,D,0
42.15968,-1.63246,327.06,0.44,0.38,2024-12-27,1245,N,VIIRS,n,2,284.27,2,D,0
41.45419,1.98207,298.04,0.34,0.56,2024-12-28,0103,N,VIIRS,n,2,277.07,0.7,N,0
40.24252,-3.47647,303.72,0.64,0.72,2024-12-28,0103,N,VIIRS,n,2,274.99,1.55,N,2
40.24756,-3.47391,302.13,0.64,0.72,2024-12-28,0103,N,VIIRS,n,2,275.6,1.5,N,2
36.57063,-6.01883,350.27,0.52,0.67,2024-12-28,1225,N,VIIRS,n,2,287.51,5.56,D,0
40.43587,0.42793,325.36,0.4,0.44,2024-12-28,1226,N,VIIRS,n,2,287.21,1.72,D,0
39.08355,-5.57988,336.11,0.43,0.62,2024-12-28,1226,N,VIIRS,n,2,286.6,2.42,D,0
43.53791,-5.83177,334.28,0.33,0.55,2024-12-28,1227,N,VIIRS,n,2,285.71,2.26,D,2
39.00893,-5.87577,342.68,0.37,0.58,2024-12-28,1406,N,VIIRS,n,2,289.47,3.39,D,0
38.91928,-6.64154,357.07,0.34,0.56,2024-12-28,1406,N,VIIRS,n,2,291.21,4.09,D,0
41.45517,1.98033,300.14,0.51,0.49,2024-12-29,0224,N,VIIRS,n,2,276.41,1.34,N,2
43.41041,-3.84149,300.21,0.41,0.37,2024-12-29,0224,N,VIIRS,n,2,279.84,0.46,N,0
41.10555,1.18656,320.98,0.48,0.48,2024-12-29,0224,N,VIIRS,n,2,277.75,2.13,N,0
40.2441,-3.47619,325.38,0.46,0.39,2024-12-29,0225,N,VIIRS,n,2,276.25,2.35,N,2
36.96466,-1.9045,299.38,0.41,0.45,2024-12-29,0226,N,VIIRS,n,2,283.43,0.86,N,2
37.34895,-6.63267,296.49,0.4,0.37,2024-12-29,0226,N,VIIRS,n,2,279.02,0.58,N,0
37.34974,-6.63716,295.73,0.4,0.37,2024-12-29,0226,N,VIIRS,n,2,278.76,0.58,N,0
36.96737,-1.90684,295.28,0.41,0.45,2024-12-29,0226,N,VIIRS,n,2,282.85,0.63,N,2
42.11528,-6.92461,337.29,0.4,0.44,2024-12-29,1348,N,VIIRS,n,2,280.27,9.88,D,0
43.53972,-5.82967,328.6,0.45,0.39,2024-12-30,0205,N,VIIRS,n,2,280.06,3.47,N,2
43.52756,-5.72959,304.47,0.45,0.39,2024-12-30,0205,N,VIIRS,n,2,280.95,1.95,N,2
40.24388,-3.47527,320.5,0.39,0.36,2024-12-30,0206,N,VIIRS,n,2,277.05,2.76,N,2
40.24582,-3.47268,312.53,0.39,0.36,2024-12-30,0206,N,VIIRS,n,2,275,1.3,N,2
41.45498,1.98132,297.26,0.47,0.4,2024-12-30,0206,N,VIIRS,n,2,276.15,0.85,N,2
38.14711,-1.0207,302.21,0.42,0.37,2024-12-30,0207,N,VIIRS,n,2,276.09,0.63,N,0
38.15051,-1.01972,296.63,0.42,0.37,2024-12-30,0207,N,VIIRS,n,2,276.19,0.63,N,0
36.96766,-1.90626,310.26,0.41,0.37,2024-12-30,0207,N,VIIRS,n,2,284.47,1.04,N,2
38.99784,-5.728,329.18,0.41,0.37,2024-12-30,1328,N,VIIRS,n,2,288.39,2.59,D,0
37.42917,-6.63056,327.55,0.39,0.36,2024-12-30,1328,N,VIIRS,n,2,290.45,1.92,D,0
38.96929,-5.91521,339.21,0.41,0.37,2024-12-30,1328,N,VIIRS,n,2,287.95,5.73,D,0
40.08685,-5.81427,325.49,0.42,0.37,2024-12-30,1329,N,VIIRS,n,2,284.12,2.03,D,0
43.22414,-2.45962,337.69,0.4,0.44,2024-12-30,1329,N,VIIRS,n,2,285.79,2.98,D,0
43.04097,-2.21876,301.23,0.49,0.4,2024-12-31,0146,N,VIIRS,n,2,272.91,0.72,N,2
43.54039,-5.82978,337.59,0.48,0.48,2024-12-31,0146,N,VIIRS,n,2,279.97,5.11,N,2
43.52774,-5.72926,301.69,0.47,0.48,2024-12-31,0146,N,VIIRS,n,2,278.87,1.56,N,2
40.24612,-3.47351,312.8,0.51,0.41,2024-12-31,0147,N,VIIRS,n,2,275.08,2.62,N,2
40.24431,-3.47374,313.13,0.51,0.41,2024-12-31,0147,N,VIIRS,n,2,275.02,2.99,N,2
38.66867,-4.04886,296.79,0.52,0.42,2024-12-31,0148,N,VIIRS,n,2,271.37,1.52,N,2
38.74615,-5.56325,331.03,0.41,0.37,2024-12-31,1309,N,VIIRS,n,2,288.13,3.04,D,0
38.82461,-6.22133,345.07,0.42,0.38,2024-12-31,1309,N,VIIRS,n,2,289.19,4.99,D,0
38.74585,-5.56498,329.07,0.41,0.37,2024-12-31,1309,N,VIIRS,n,2,287.43,2.63,D,0
39.24551,-4.21574,342.35,0.39,0.36,2024-12-31,1310,N,VIIRS,n,2,286.95,5.65,D,0
39.2488,-4.21661,330.22,0.39,0.36,2024-12-31,1310,N,VIIRS,n,2,286.29,5.65,D,0
38.93659,-6.79362,331.47,0.44,0.38,2024-12-31,1310,N,VIIRS,n,2,289.14,3.54,D,0
40.24432,-3.47471,328.21,0.38,0.36,2024-12-31,1310,N,VIIRS,n,2,287.24,2.08,D,2
43.54038,-5.83048,330.79,0.39,0.36,2024-12-31,1311,N,VIIRS,n,2,289.31,2.64,D,2
