latitude,longitude,bright_ti4,scan,track,acq_date,acq_time,satellite,instrument,confidence,version,bright_ti5,frp,daynight,type
38.48499,-1.37426,313.17,0.48,0.4,2024-01-01,0141,N20,VIIRS,n,2,267.87,1.74,N,0
37.43216,-1.91282,326.16,0.39,0.36,2024-01-01,1302,N20,VIIRS,n,2,292.64,1.22,D,0
39.93797,-3.54054,344.04,0.4,0.37,2024-01-01,1303,N20,VIIRS,n,2,286.92,3.29,D,0
40.24403,-3.47542,326.46,0.39,0.36,2024-01-01,1303,N20,VIIRS,n,2,285.56,1.89,D,2
39.64626,-3.79404,338.58,0.4,0.37,2024-01-01,1303,N20,VIIRS,n,2,286.86,2.49,D,0
43.52546,-5.73189,327.12,0.41,0.37,2024-01-01,1304,N20,VIIRS,n,2,272.04,4.06,D,2
41.31429,1.66045,304.5,0.41,0.45,2024-01-02,0121,N20,VIIRS,n,2,272.46,1.29,N,2
38.87567,-0.4751,317.69,0.49,0.48,2024-01-02,0122,N20,VIIRS,n,2,271.54,1.15,N,0
38.8712,-0.47568,303.42,0.49,0.48,2024-01-02,0122,N20,VIIRS,n,2,271.68,1.15,N,0
41.31264,1.65995,301.55,0.72,0.75,2024-01-02,0301,N20,VIIRS,n,2,273.74,1.72,N,2
28.61591,-17.86937,302.14,0.43,0.38,2024-01-02,0306,N20,VIIRS,n,2,292.05,2.15,N,2
37.06439,-5.63361,338.22,0.57,0.52,2024-01-02,1244,N20,VIIRS,n,2,291.34,6.78,D,0
39.59016,-1.85238,330.22,0.49,0.4,2024-01-02,1244,N20,VIIRS,n,2,283.84,3.6,D,0
39.59172,-1.85132,325.86,0.49,0.41,2024-01-02,1244,N20,VIIRS,n,2,283.89,3.21,D,0
38.8173,-3.25067,339,0.39,0.44,2024-01-02,1244,N20,VIIRS,n,2,288.76,3.66,D,0
37.85038,-4.78777,327.69,0.49,0.49,2024-01-02,1244,N20,VIIRS,n,2,284.3,3.11,D,0
37.06282,-5.63718,329.42,0.67,0.74,2024-01-02,1424,N20,VIIRS,n,2,287.68,5.92,D,0
41.31182,1.65864,307.52,0.42,0.61,2024-01-03,0243,N20,VIIRS,n,2,275.09,1.52,N,2
43.54495,-5.84767,300.15,0.5,0.41,2024-01-03,0243,N20,VIIRS,n,2,276.55,1.18,N,2
39.85495,-0.13064,328.57,0.45,0.47,2024-01-03,1225,N20,VIIRS,n,2,290.88,2.59,D,0
43.22562,-2.87699,296.23,0.44,0.38,2024-01-04,0224,N20,VIIRS,n,2,278.33,0.77,N,2
40.24363,-3.47698,295.75,0.46,0.39,2024-01-04,0224,N20,VIIRS,n,2,274.43,1.27,N,2
41.45742,1.97667,295.55,0.51,0.49,2024-01-04,0224,N20,VIIRS,n,2,277.25,0.94,N,0
36.17989,-5.42156,299.12,0.45,0.39,2024-01-04,0226,N20,VIIRS,n,2,285.87,1.1,N,0
41.13033,1.02475,326.08,0.63,0.54,2024-01-04,1207,N20,VIIRS,n,2,286.19,4.8,D,0
41.13171,1.02396,325.55,0.63,0.54,2024-01-04,1207,N20,VIIRS,n,2,286.65,3.95,D,0
43.54305,-5.83043,301.11,0.46,0.39,2024-01-05,0205,N20,VIIRS,n,2,277.01,1.15,N,2
43.52752,-5.7304,298.79,0.45,0.39,2024-01-05,0205,N20,VIIRS,n,2,277.47,0.92,N,2
43.52575,-5.73238,296.85,0.45,0.39,2024-01-05,0205,N20,VIIRS,n,2,277.27,1.08,N,2
43.53947,-5.83128,309.08,0.46,0.39,2024-01-05,0205,N20,VIIRS,n,2,278.22,1.15,N,2
36.18074,-5.42001,297.43,0.39,0.36,2024-01-05,0207,N20,VIIRS,n,2,284.52,0.48,N,0
36.1842,-5.39684,299.18,0.39,0.36,2024-01-05,0207,N20,VIIRS,n,2,288.61,0.95,N,0
41.31286,1.65991,314.14,0.39,0.36,2024-01-06,0146,N20,VIIRS,n,2,277.12,1.74,N,2
41.4549,1.98013,299.66,0.38,0.36,2024-01-06,0146,N20,VIIRS,n,2,272.28,0.59,N,2
40.24636,-3.47573,317.16,0.52,0.42,2024-01-06,0147,N20,VIIRS,n,2,276.97,2.98,N,2
40.96182,-6.48573,295.08,0.5,0.49,2024-01-06,0147,N20,VIIRS,n,2,272.59,0.63,N,0
40.24494,-3.47501,315.74,0.52,0.42,2024-01-06,0147,N20,VIIRS,n,2,278.2,2.78,N,2
36.9666,-1.90776,308.44,0.42,0.38,2024-01-06,0148,N20,VIIRS,n,2,279.3,0.98,N,2
43.529,-5.73276,298.03,0.54,0.68,2024-01-06,0326,N20,VIIRS,n,2,276.82,1.69,N,2
43.52696,-5.72641,311.21,0.54,0.68,2024-01-06,0326,N20,VIIRS,n,2,276.87,1.69,N,2
38.66258,-4.04671,335.1,0.39,0.36,2024-01-06,1309,N20,VIIRS,n,2,286.79,7.67,D,0
38.66586,-4.04757,340.92,0.39,0.36,2024-01-06,1309,N20,VIIRS,n,2,283.71,7.67,D,2
41.31365,1.6593,310.89,0.52,0.41,2024-01-07,0127,N20,VIIRS,n,2,278.72,1.27,N,2
41.45515,1.98059,306.89,0.5,0.41,2024-01-07,0127,N20,VIIRS,n,2,280.51,1.25,N,2
43.46236,-5.06137,297.22,0.39,0.59,2024-01-07,0127,N20,VIIRS,n,2,277.26,0.65,N,0
41.45493,1.98,304.63,0.5,0.41,2024-01-07,0127,N20,VIIRS,n,2,280.35,1.58,N,2
40.24376,-3.4739,302.99,0.6,0.53,2024-01-07,0128,N20,VIIRS,n,2,273.27,1.29,N,2
40.24568,-3.47466,313.57,0.6,0.53,2024-01-07,0128,N20,VIIRS,n,2,275.21,3.1,N,2
38.66683,-4.04882,304.93,0.62,0.54,2024-01-07,0128,N20,VIIRS,n,2,265.25,2.95,N,2
36.96664,-1.90811,301.88,0.46,0.47,2024-01-07,0129,N20,VIIRS,n,2,276.84,0.91,N,2
36.18524,-5.3997,297.09,0.35,0.57,2024-01-07,0129,N20,VIIRS,n,2,284.97,1.04,N,0
43.52639,-5.72706,313.13,0.33,0.55,2024-01-07,0307,N20,VIIRS,n,2,277.15,0.92,N,2
38.66196,-4.04774,298.46,0.54,0.68,2024-01-07,0309,N20,VIIRS,n,2,269.27,2.23,N,2
39.28027,-0.54647,329.57,0.4,0.37,2024-01-07,1250,N20,VIIRS,n,2,289.84,2.4,D,0
41.11132,1.03641,333.12,0.38,0.36,2024-01-07,1250,N20,VIIRS,n,2,294.13,15.66,D,0
38.11617,-1.32064,329.5,0.43,0.38,2024-01-07,1250,N20,VIIRS,n,2,290.29,3.25,D,0
38.22555,-1.46262,325.66,0.44,0.38,2024-01-07,1250,N20,VIIRS,n,2,288.89,3.29,D,0
40.2435,-3.47567,331.4,0.48,0.4,2024-01-07,1250,N20,VIIRS,n,2,286.06,3.03,D,2
43.52329,-5.73138,335.97,0.52,0.42,2024-01-07,1251,N20,VIIRS,n,2,282.28,7.69,D,2
41.3136,1.66087,299.05,0.59,0.53,2024-01-08,0109,N20,VIIRS,n,2,276.96,1.56,N,2
40.24432,-3.47817,318.55,0.54,0.68,2024-01-08,0109,N20,VIIRS,n,2,272.54,3.3,N,2
40.24769,-3.47671,315.2,0.54,0.68,2024-01-08,0109,N20,VIIRS,n,2,274.61,2.57,N,2
43.55276,-5.85882,299.82,0.39,0.44,2024-01-08,0249,N20,VIIRS,n,2,277.73,0.83,N,2
40.24298,-3.47369,311.48,0.6,0.53,2024-01-08,0249,N20,VIIRS,n,2,274.04,3.99,N,2
41.31449,1.6622,315.36,0.5,0.66,2024-01-08,0249,N20,VIIRS,n,2,278.62,2.07,N,2
43.52139,-5.73512,295.73,0.39,0.44,2024-01-08,0249,N20,VIIRS,n,2,276.51,0.7,N,2
43.54388,-5.83754,297.52,0.39,0.44,2024-01-08,0249,N20,VIIRS,n,2,276.34,0.66,N,2
43.53032,-5.72983,297,0.39,0.44,2024-01-08,0249,N20,VIIRS,n,2,277.15,0.96,N,2
43.52749,-5.73615,308.77,0.39,0.44,2024-01-08,0249,N20,VIIRS,n,2,277.9,0.97,N,2
43.52643,-5.73144,298.37,0.39,0.44,2024-01-08,0249,N20,VIIRS,n,2,278.39,0.96,N,2
43.52528,-5.73352,324.96,0.39,0.44,2024-01-08,0249,N20,VIIRS,n,2,280.09,2.54,N,2
28.61772,-17.87007,300.31,0.39,0.36,2024-01-08,0253,N20,VIIRS,n,2,287.86,0.94,N,2
38.7158,-0.9821,338.25,0.44,0.46,2024-01-08,1231,N20,VIIRS,n,2,287.34,4.01,D,0
39.0071,1.57292,331.2,0.49,0.4,2024-01-08,1231,N20,VIIRS,n,2,288.08,6.79,D,0
41.68876,0.2573,353.83,0.5,0.41,2024-01-08,1232,N20,VIIRS,n,2,285.02,7.98,D,0
41.70197,0.71412,326.22,0.48,0.4,2024-01-08,1232,N20,VIIRS,n,2,285.63,2.61,D,0
43.54204,-5.83413,306.47,0.4,0.37,2024-01-09,0230,N20,VIIRS,n,2,276.3,1.11,N,2
43.52375,-5.73113,299.56,0.4,0.37,2024-01-09,0230,N20,VIIRS,n,2,275.28,0.76,N,2
43.52707,-5.73001,307.63,0.4,0.37,2024-01-09,0230,N20,VIIRS,n,2,273.93,0.76,N,2
43.55385,-5.86116,302.37,0.4,0.37,2024-01-09,0230,N20,VIIRS,n,2,275.81,0.82,N,2
41.31421,1.6628,302.69,0.59,0.53,2024-01-09,0230,N20,VIIRS,n,2,270.42,1.32,N,2
41.31468,1.66306,300.22,0.59,0.53,2024-01-09,0230,N20,VIIRS,n,2,270.43,1.93,N,2
43.53786,-5.83036,297.17,0.4,0.37,2024-01-09,0230,N20,VIIRS,n,2,273.57,0.81,N,2
40.24668,-3.47572,320.43,0.39,0.36,2024-01-10,0212,N20,VIIRS,n,2,278.22,2.08,N,2
40.2434,-3.47663,305.84,0.39,0.36,2024-01-10,0212,N20,VIIRS,n,2,275.12,1.33,N,2
40.24473,-3.47255,312.85,0.45,0.39,2024-01-11,0153,N20,VIIRS,n,2,277.98,2,N,2
40.24539,-3.47787,312.11,0.45,0.39,2024-01-11,0153,N20,VIIRS,n,2,276.41,2,N,2
39.86848,-0.11494,330.73,0.5,0.41,2024-01-11,1315,N20,VIIRS,n,2,286.83,4.37,D,0
37.14312,-5.84283,328.39,0.4,0.37,2024-01-11,1315,N20,VIIRS,n,2,287.44,1.34,D,0
37.52655,-5.87802,333.02,0.4,0.37,2024-01-11,1315,N20,VIIRS,n,2,289.36,3.22,D,0
39.86475,-0.11424,330.18,0.5,0.41,2024-01-11,1315,N20,VIIRS,n,2,287.63,4.37,D,0
40.10506,-6.48565,342.03,0.39,0.36,2024-01-11,1316,N20,VIIRS,n,2,285.24,4.12,D,0
28.05508,-16.63953,367,0.37,0.58,2024-01-11,1453,N20,VIIRS,h,2,306.62,132.87,D,0
28.05447,-16.64717,351.11,0.37,0.58,2024-01-11,1453,N20,VIIRS,n,2,308.57,103.3,D,0
28.05477,-16.64336,367,0.37,0.58,2024-01-11,1453,N20,VIIRS,l,2,363.88,132.87,D,0
40.24519,-3.47933,298.58,0.5,0.49,2024-01-12,0134,N20,VIIRS,n,2,271.12,1.76,N,2
40.24471,-3.4734,301.59,0.5,0.49,2024-01-12,0134,N20,VIIRS,n,2,273.17,1.68,N,2
37.18169,-6.89903,296.6,0.36,0.57,2024-01-12,0135,N20,VIIRS,n,2,283.31,0.74,N,2
37.18145,-6.89497,303.26,0.36,0.57,2024-01-12,0135,N20,VIIRS,n,2,280.42,0.74,N,0
28.05529,-16.64373,367,0.48,0.48,2024-01-12,0318,N20,VIIRS,h,2,325.54,117.93,N,0
28.05632,-16.64859,340.72,0.48,0.48,2024-01-12,0318,N20,VIIRS,n,2,297.2,108.6,N,0
28.05091,-16.64462,297.01,0.48,0.48,2024-01-12,0318,N20,VIIRS,n,2,286.15,0.86,N,0
28.06845,-16.64124,301.36,0.48,0.48,2024-01-12,0318,N20,VIIRS,n,2,287.77,0.5,N,0
41.90987,2.85475,328.69,0.45,0.39,2024-01-12,1257,N20,VIIRS,n,2,287.14,2.32,D,0
43.52347,-5.72937,330.89,0.46,0.39,2024-01-12,1258,N20,VIIRS,n,2,286.13,2.77,D,2
43.53952,-5.83162,336.97,0.46,0.39,2024-01-12,1258,N20,VIIRS,n,2,288.16,9.24,D,2
43.52593,-5.73607,326.93,0.46,0.39,2024-01-12,1258,N20,VIIRS,n,2,286.72,3.95,D,2
43.52242,-5.73487,327.6,0.46,0.39,2024-01-12,1258,N20,VIIRS,n,2,286.7,3.28,D,2
28.05639,-16.64167,339.37,0.38,0.43,2024-01-12,1434,N20,VIIRS,n,2,306.63,11.79,D,0
28.05243,-16.6408,336.72,0.38,0.43,2024-01-12,1434,N20,VIIRS,l,2,308.12,11.79,D,0
41.60522,2.02165,297.38,0.47,0.48,2024-01-13,0115,N20,VIIRS,n,2,273.79,0.74,N,0
40.24915,-3.47899,312.38,0.45,0.63,2024-01-13,0115,N20,VIIRS,n,2,273.63,2.8,N,2
41.313,1.66135,307.83,0.6,0.71,2024-01-13,0255,N20,VIIRS,n,2,275.43,2.09,N,2
41.31184,1.66102,309.2,0.6,0.71,2024-01-13,0255,N20,VIIRS,n,2,275.87,2.47,N,2
28.0566,-16.64562,352.59,0.42,0.38,2024-01-13,0300,N20,VIIRS,n,2,305.77,15.41,N,0
28.05317,-16.64628,298.95,0.42,0.38,2024-01-13,0300,N20,VIIRS,n,2,287.49,15.41,N,0
39.08579,-0.52285,344.4,0.52,0.41,2024-01-13,1237,N20,VIIRS,n,2,282.24,7.03,D,0
28.05641,-16.64384,337.23,0.39,0.36,2024-01-13,1415,N20,VIIRS,n,2,285.16,2.89,D,0
28.05311,-16.6432,345.99,0.39,0.36,2024-01-13,1415,N20,VIIRS,n,2,291.38,5.39,D,0
41.19356,1.21687,296.37,0.46,0.63,2024-01-14,0056,N20,VIIRS,n,2,270.22,0.48,N,0
41.19498,1.21525,307.23,0.46,0.63,2024-01-14,0056,N20,VIIRS,n,2,268.55,1.16,N,0
40.33531,-1.1056,314.54,0.6,0.71,2024-01-14,0056,N20,VIIRS,n,2,271.82,1.93,N,0
40.33414,-1.10778,315.55,0.6,0.71,2024-01-14,0056,N20,VIIRS,n,2,272.29,2.21,N,0
43.34711,-8.4361,295.87,0.39,0.36,2024-01-14,0236,N20,VIIRS,n,2,268.52,0.48,N,2
28.05394,-16.64343,326.75,0.49,0.4,2024-01-14,1357,N20,VIIRS,n,2,275.6,2.86,D,0
36.17777,-5.42728,296.97,0.4,0.37,2024-01-15,0219,N20,VIIRS,n,2,276.89,0.79,N,2
28.05729,-16.64257,298,0.47,0.48,2024-01-15,0222,N20,VIIRS,n,2,285.69,2.03,N,0
28.05779,-16.6474,324.83,0.47,0.48,2024-01-15,0222,N20,VIIRS,n,2,286.01,2.03,N,0
41.31393,1.65952,306.97,0.41,0.37,2024-01-16,0159,N20,VIIRS,n,2,280.96,1,N,2
41.45517,1.97966,308.51,0.42,0.37,2024-01-16,0159,N20,VIIRS,n,2,281.46,1.49,N,2
36.96639,-1.9044,306.67,0.38,0.36,2024-01-16,0200,N20,VIIRS,n,2,274.45,1.15,N,2
43.53972,-5.83284,299.64,0.59,0.53,2024-01-17,0139,N20,VIIRS,n,2,259.8,2.26,N,2
36.91062,-2.0553,297.24,0.49,0.4,2024-01-17,0141,N20,VIIRS,n,2,283.02,0.59,N,0
36.93655,-2.05076,326.62,0.49,0.4,2024-01-17,0141,N20,VIIRS,n,2,282.97,1.7,N,0
36.96674,-1.90541,310,0.48,0.4,2024-01-17,0141,N20,VIIRS,n,2,286.97,1.49,N,2
36.94025,-2.05006,297.95,0.49,0.4,2024-01-17,0141,N20,VIIRS,n,2,282.28,1.7,N,0
38.95873,-0.58974,296.75,0.45,0.39,2024-01-17,0141,N20,VIIRS,n,2,283.21,1.14,N,0
37.37665,-2.12848,306.93,0.5,0.41,2024-01-17,0141,N20,VIIRS,n,2,281.77,1.18,N,0
28.05627,-16.6441,299.58,0.59,0.53,2024-01-17,0325,N20,VIIRS,n,2,288.25,0.82,N,0
28.05587,-16.64389,300.55,0.59,0.53,2024-01-17,0325,N20,VIIRS,n,2,288.4,0.97,N,0
39.09239,-0.56362,329.6,0.39,0.36,2024-01-17,1302,N20,VIIRS,n,2,294.28,1.82,D,0
39.2905,-0.43599,330.16,0.39,0.36,2024-01-17,1302,N20,VIIRS,n,2,295.69,3.01,D,0
37.15763,-1.86179,331.42,0.39,0.36,2024-01-17,1302,N20,VIIRS,n,2,296.53,2.59,D,0
41.56943,0.34641,344.62,0.42,0.37,2024-01-17,1303,N20,VIIRS,n,2,289.37,12.2,D,0
41.60471,-0.83402,332.74,0.39,0.37,2024-01-17,1303,N20,VIIRS,n,2,285.46,1.91,D,0
41.4332,-1.35163,325.48,0.39,0.36,2024-01-17,1303,N20,VIIRS,n,2,285.48,1.32,D,0
39.41351,-0.43101,330.05,0.39,0.36,2024-01-17,1303,N20,VIIRS,n,2,293.81,2.52,D,0
40.45867,0.42925,329.49,0.41,0.37,2024-01-17,1303,N20,VIIRS,n,2,293.98,3.44,D,0
41.56601,0.34722,338.46,0.42,0.37,2024-01-17,1303,N20,VIIRS,n,2,288.62,5.38,D,0
40.57773,0.54057,297.29,0.45,0.47,2024-01-18,0121,N20,VIIRS,n,2,283,0.68,N,2
41.85101,3.07803,297.41,0.53,0.42,2024-01-18,0121,N20,VIIRS,n,2,284.36,1.43,N,0
41.45626,1.97808,302.35,0.4,0.44,2024-01-18,0121,N20,VIIRS,n,2,284.42,1.18,N,2
41.31325,1.66294,312.43,0.41,0.45,2024-01-18,0121,N20,VIIRS,n,2,284.88,1.29,N,2
41.18706,1.22176,306.82,0.43,0.46,2024-01-18,0121,N20,VIIRS,n,2,283.07,0.89,N,0
41.18659,1.2268,296.01,0.43,0.46,2024-01-18,0121,N20,VIIRS,n,2,283.02,0.89,N,0
41.17447,1.21959,298.03,0.43,0.46,2024-01-18,0121,N20,VIIRS,n,2,287.92,0.83,N,0
40.24635,-3.4759,310.97,0.37,0.58,2024-01-18,0121,N20,VIIRS,n,2,277.2,1.19,N,2
41.85489,3.07858,317.05,0.53,0.42,2024-01-18,0121,N20,VIIRS,n,2,284.42,1.43,N,0
43.52496,-5.73279,299.54,0.51,0.66,2024-01-18,0121,N20,VIIRS,n,2,280.32,2.56,N,2
43.52478,-5.73796,300.57,0.51,0.66,2024-01-18,0121,N20,VIIRS,n,2,281.25,1.91,N,2
43.53079,-5.73115,304.08,0.51,0.66,2024-01-18,0121,N20,VIIRS,n,2,282.46,2.27,N,2
43.53909,-5.83371,297.58,0.51,0.66,2024-01-18,0121,N20,VIIRS,n,2,279.77,0.97,N,2
42.4312,-2.99851,303.83,0.36,0.58,2024-01-18,0121,N20,VIIRS,n,2,278.28,0.87,N,0
43.03585,-2.22357,298.9,0.41,0.61,2024-01-18,0301,N20,VIIRS,n,2,273.42,0.96,N,0
41.31625,1.65759,299.62,0.71,0.75,2024-01-18,0301,N20,VIIRS,n,2,280.8,1.54,N,0
38.16156,-0.74468,345.41,0.47,0.4,2024-01-18,1243,N20,VIIRS,n,2,285.97,5.59,D,0
38.39299,-1.59559,335.8,0.51,0.41,2024-01-18,1244,N20,VIIRS,n,2,295.62,4.84,D,0
40.53574,-1.01804,326.22,0.45,0.39,2024-01-18,1244,N20,VIIRS,n,2,285.9,3.79,D,0
41.11024,1.06537,328.1,0.39,0.36,2024-01-18,1244,N20,VIIRS,n,2,292.49,2.45,D,0
41.54684,0.38214,325.6,0.4,0.37,2024-01-18,1244,N20,VIIRS,n,2,289.35,1.24,D,0
41.31176,1.65973,299.74,0.42,0.61,2024-01-19,0242,N20,VIIRS,n,2,270.49,1.03,N,2
43.53998,-5.82907,331.82,0.34,0.56,2024-01-19,1226,N20,VIIRS,n,2,284.96,2.85,D,2
42.1736,-1.75288,330.57,0.5,0.41,2024-01-20,0224,N20,VIIRS,n,2,273.41,4.52,N,0
43.22561,-2.88097,314.91,0.44,0.38,2024-01-20,0224,N20,VIIRS,n,2,274.69,1.4,N,2
41.91779,2.77972,336.64,0.54,0.51,2024-01-20,0224,N20,VIIRS,n,2,273.91,4.02,N,0
41.91873,2.77966,334.21,0.54,0.51,2024-01-20,0224,N20,VIIRS,n,2,273.16,5.9,N,0
43.55416,-5.86327,297.97,0.39,0.36,2024-01-20,0224,N20,VIIRS,n,2,274.08,1.04,N,2
43.52952,-5.73275,322.62,0.39,0.36,2024-01-20,0224,N20,VIIRS,n,2,273.4,2.39,N,2
43.54232,-5.83242,300.93,0.39,0.36,2024-01-20,0224,N20,VIIRS,n,2,276.68,2.02,N,2
43.52625,-5.73374,300.07,0.39,0.36,2024-01-20,0224,N20,VIIRS,n,2,276.63,1.72,N,2
43.52549,-5.72904,297.72,0.39,0.36,2024-01-20,0224,N20,VIIRS,n,2,276.06,1.72,N,2
43.53905,-5.83342,328.98,0.39,0.36,2024-01-20,0224,N20,VIIRS,n,2,275.84,2.02,N,2
43.52299,-5.73475,330.26,0.39,0.36,2024-01-20,0224,N20,VIIRS,n,2,276.16,1.72,N,2
41.49002,-5.00269,297.28,0.4,0.37,2024-01-20,0224,N20,VIIRS,n,2,270.53,1.02,N,0
36.96842,-1.90544,298.53,0.41,0.45,2024-01-20,0225,N20,VIIRS,n,2,282.12,1.04,N,2
42.05822,-1.79056,332.24,0.41,0.6,2024-01-20,1207,N20,VIIRS,n,2,276.98,2.65,D,0
43.53849,-5.8283,338.36,0.57,0.69,2024-01-20,1208,N20,VIIRS,n,2,284.1,5.12,D,2
43.52512,-5.72774,341.8,0.56,0.69,2024-01-20,1208,N20,VIIRS,n,2,285.91,6.09,D,2
43.52824,-5.73051,341.28,0.56,0.69,2024-01-20,1208,N20,VIIRS,n,2,285.51,5.88,D,2
43.52474,-5.73153,331.25,0.46,0.47,2024-01-20,1348,N20,VIIRS,n,2,286.37,3.8,D,2
42.50375,-5.51997,325.97,0.46,0.47,2024-01-20,1348,N20,VIIRS,n,2,282.6,3.14,D,0
40.57771,0.54039,298.14,0.43,0.38,2024-01-21,0205,N20,VIIRS,n,2,279.76,0.86,N,2
40.94241,-0.23603,295.31,0.41,0.37,2024-01-21,0205,N20,VIIRS,n,2,274.94,0.47,N,0
40.94575,-0.23502,305.79,0.41,0.37,2024-01-21,0205,N20,VIIRS,n,2,275.12,0.54,N,0
41.48526,-0.53406,305.81,0.4,0.37,2024-01-21,0205,N20,VIIRS,n,2,272.64,1.06,N,0
41.64597,-0.76806,301.67,0.39,0.36,2024-01-21,0205,N20,VIIRS,n,2,272.97,0.61,N,0
41.98514,-1.2737,319.18,0.39,0.36,2024-01-21,0205,N20,VIIRS,n,2,269.89,1.75,N,0
41.40824,1.99681,295.08,0.47,0.4,2024-01-21,0205,N20,VIIRS,n,2,276.42,0.93,N,2
43.34588,-8.4576,316.39,0.39,0.44,2024-01-21,0205,N20,VIIRS,n,2,280.59,1.49,N,0
40.26279,-3.86046,301.08,0.39,0.36,2024-01-21,0206,N20,VIIRS,n,2,275.73,1.13,N,0
40.26609,-3.85963,313.12,0.39,0.36,2024-01-21,0206,N20,VIIRS,n,2,275.31,1.13,N,0
37.33476,-6.51787,303.49,0.42,0.38,2024-01-21,0207,N20,VIIRS,n,2,279.46,0.89,N,0
37.3354,-6.52264,299.25,0.42,0.38,2024-01-21,0207,N20,VIIRS,n,2,279.13,0.73,N,0
40.24392,-3.4731,327.25,0.49,0.4,2024-01-21,1328,N20,VIIRS,n,2,288.97,3.39,D,2
38.30873,-6.18823,328.08,0.39,0.37,2024-01-21,1328,N20,VIIRS,n,2,288.19,1.85,D,0
43.16779,-3.77717,329.87,0.52,0.41,2024-01-21,1329,N20,VIIRS,n,2,284.6,4.01,D,0
43.27895,-3.74947,308.02,0.39,0.44,2024-01-22,0146,N20,VIIRS,n,2,276.63,1.11,N,0
43.3073,-3.02502,295.59,0.54,0.42,2024-01-22,0146,N20,VIIRS,n,2,282.22,0.85,N,0
40.57537,0.5419,296.73,0.39,0.37,2024-01-22,0146,N20,VIIRS,n,2,277.85,0.54,N,0
41.31196,1.66021,314.63,0.39,0.36,2024-01-22,0146,N20,VIIRS,n,2,278.15,1.91,N,2
41.40738,1.99663,306.18,0.38,0.36,2024-01-22,0146,N20,VIIRS,n,2,276.78,1.12,N,2
41.45414,1.9809,298.17,0.38,0.36,2024-01-22,0146,N20,VIIRS,n,2,279.1,0.57,N,2
43.26392,-3.7709,298.39,0.39,0.44,2024-01-22,0146,N20,VIIRS,n,2,277.06,0.66,N,0
43.26441,-3.76877,298.76,0.39,0.44,2024-01-22,0146,N20,VIIRS,n,2,278.58,0.65,N,0
43.27847,-3.74441,295.22,0.39,0.44,2024-01-22,0146,N20,VIIRS,n,2,273.44,0.52,N,0
40.24508,-3.47591,314.96,0.52,0.42,2024-01-22,0147,N20,VIIRS,n,2,276.11,2.61,N,2
36.96911,-1.90653,303.04,0.42,0.38,2024-01-22,0148,N20,VIIRS,n,2,280.95,0.51,N,2
37.17871,-6.89605,296.24,0.48,0.48,2024-01-22,0148,N20,VIIRS,n,2,282.31,0.66,N,0
43.1845,-3.66323,313.16,0.69,0.75,2024-01-22,0326,N20,VIIRS,n,2,275.73,5.54,N,0
43.18608,-3.66781,334.15,0.69,0.75,2024-01-22,0326,N20,VIIRS,n,2,275.98,8.06,N,0
37.28025,-3.7483,336.58,0.39,0.36,2024-01-22,1308,N20,VIIRS,n,2,285.92,2.51,D,0
38.16053,-1.02921,326.05,0.4,0.37,2024-01-22,1309,N20,VIIRS,n,2,291.61,1.33,D,0
38.30024,-1.51253,337.25,0.39,0.36,2024-01-22,1309,N20,VIIRS,n,2,293.24,5.04,D,0
38.32967,-1.30169,330.99,0.4,0.37,2024-01-22,1309,N20,VIIRS,n,2,293.32,3.6,D,0
41.31319,1.65866,301.01,0.52,0.41,2024-01-23,0127,N20,VIIRS,n,2,278.83,1.13,N,2
40.24686,-3.47625,308.02,0.6,0.53,2024-01-23,0128,N20,VIIRS,n,2,276.84,2.36,N,2
36.18024,-5.425,305.85,0.35,0.57,2024-01-23,0129,N20,VIIRS,n,2,284.07,1.16,N,2
36.19463,-5.40299,320.16,0.35,0.57,2024-01-23,0129,N20,VIIRS,n,2,281.33,0.96,N,0
36.1945,-5.40359,313.48,0.35,0.57,2024-01-23,0129,N20,VIIRS,n,2,281.12,0.85,N,0
43.5255,-5.73655,309.26,0.32,0.55,2024-01-23,0307,N20,VIIRS,n,2,277.48,0.84,N,2
43.52919,-5.73011,295.86,0.32,0.55,2024-01-23,0307,N20,VIIRS,n,2,274.56,0.84,N,2
40.24674,-3.47471,313.62,0.52,0.67,2024-01-23,0308,N20,VIIRS,n,2,276.67,2.22,N,2
36.1925,-5.39765,322.78,0.54,0.68,2024-01-23,0309,N20,VIIRS,n,2,281.62,4.07,N,0
40.75012,0.47647,343.77,0.39,0.36,2024-01-23,1250,N20,VIIRS,n,2,291.37,7.17,D,0
39.25145,-6.4538,326.6,0.46,0.47,2024-01-23,1250,N20,VIIRS,n,2,286.73,3.44,D,0
37.61174,-2.03328,325.45,0.47,0.4,2024-01-23,1250,N20,VIIRS,n,2,297.43,1.98,D,0
36.4758,-5.41048,330.16,0.47,0.48,2024-01-23,1250,N20,VIIRS,n,2,289.35,3.98,D,0
43.28308,-2.54405,331.63,0.41,0.37,2024-01-23,1251,N20,VIIRS,n,2,287.55,3.29,D,0
43.2559,-5.42924,328.86,0.51,0.41,2024-01-23,1251,N20,VIIRS,n,2,288.92,2.97,D,0
41.94511,-0.45128,335.01,0.39,0.36,2024-01-23,1251,N20,VIIRS,n,2,287.99,1.22,D,0
43.53805,-5.83121,335.89,0.53,0.42,2024-01-23,1251,N20,VIIRS,n,2,287.77,5.91,D,2
41.52314,-1.45148,332.74,0.41,0.37,2024-01-23,1251,N20,VIIRS,n,2,291.79,3.76,D,0
42.30195,-2.71896,295.52,0.51,0.66,2024-01-24,0108,N20,VIIRS,n,2,277.72,0.82,N,0
43.54401,-5.83793,305.92,0.74,0.76,2024-01-24,0108,N20,VIIRS,n,2,281.81,2.22,N,2
40.24614,-3.47414,296.03,0.54,0.68,2024-01-24,0109,N20,VIIRS,n,2,275.31,2.1,N,2
40.24957,-3.47969,299.41,0.54,0.68,2024-01-24,0109,N20,VIIRS,n,2,274.42,1.57,N,2
39.95303,-0.00482,295.67,0.35,0.57,2024-01-24,0109,N20,VIIRS,n,2,282.36,0.99,N,2
36.97091,-1.90808,295.99,0.42,0.61,2024-01-24,0110,N20,VIIRS,n,2,280.1,0.45,N,2
41.31414,1.65986,306.58,0.5,0.66,2024-01-24,0249,N20,VIIRS,n,2,279.59,1.88,N,2
40.24419,-3.47596,310.96,0.6,0.53,2024-01-24,0249,N20,VIIRS,n,2,280.31,2.45,N,2
41.31044,1.65872,303.24,0.5,0.66,2024-01-24,0249,N20,VIIRS,n,2,279,0.95,N,2
40.24299,-3.47654,307.46,0.6,0.53,2024-01-24,0249,N20,VIIRS,n,2,278.97,2.61,N,2
28.61893,-17.872,299.74,0.39,0.36,2024-01-24,0253,N20,VIIRS,n,2,289.28,0.74,N,2
38.18447,-0.78736,352.85,0.44,0.46,2024-01-24,1231,N20,VIIRS,n,2,301.72,34.95,D,0
38.29767,-1.51404,340.77,0.47,0.48,2024-01-24,1231,N20,VIIRS,n,2,297.41,5.46,D,0
37.26642,-6.71842,326.71,0.47,0.64,2024-01-24,1231,N20,VIIRS,n,2,292,2.24,D,0
38.70309,-1.99158,331.3,0.49,0.49,2024-01-24,1231,N20,VIIRS,n,2,293.89,3.4,D,0
39.57311,-0.65826,332.87,0.4,0.44,2024-01-24,1231,N20,VIIRS,n,2,295.32,2.3,D,0
39.20716,-4.44124,326.91,0.32,0.54,2024-01-24,1231,N20,VIIRS,n,2,288.04,2.03,D,0
37.26776,-6.71625,329.29,0.47,0.64,2024-01-24,1231,N20,VIIRS,n,2,291.8,2.16,D,0
38.18454,-0.78526,342.67,0.44,0.46,2024-01-24,1231,N20,VIIRS,n,2,302.05,33.94,D,0
40.97094,-0.21333,326.2,0.54,0.42,2024-01-24,1232,N20,VIIRS,n,2,292.8,3.66,D,0
42.98781,-1.99268,343.28,0.39,0.44,2024-01-24,1232,N20,VIIRS,n,2,291.9,13.02,D,0
42.98394,-1.991,350.84,0.39,0.44,2024-01-24,1232,N20,VIIRS,n,2,295.74,13.02,D,0
42.98491,-1.98657,330.5,0.39,0.44,2024-01-24,1232,N20,VIIRS,n,2,292.33,13.02,D,0
41.33283,-1.69305,327.12,0.41,0.45,2024-01-24,1232,N20,VIIRS,n,2,289.87,2.76,D,0
43.35102,-6.5874,345.24,0.63,0.54,2024-01-24,1233,N20,VIIRS,n,2,293.38,7.84,D,0
42.98219,-1.99622,339.34,0.75,0.77,2024-01-24,1413,N20,VIIRS,n,2,289.82,15.01,D,0
42.98209,-1.98528,326.62,0.75,0.77,2024-01-24,1413,N20,VIIRS,n,2,288.22,8.93,D,0
43.3491,-6.5857,328.49,0.44,0.62,2024-01-24,1413,N20,VIIRS,n,2,293.16,5.16,D,0
43.34931,-6.57878,342.57,0.44,0.62,2024-01-24,1413,N20,VIIRS,n,2,291.82,5.81,D,0
43.34883,-6.58404,343.33,0.44,0.62,2024-01-24,1413,N20,VIIRS,n,2,295.24,4.5,D,0
43.34908,-6.57701,328.71,0.44,0.62,2024-01-24,1413,N20,VIIRS,n,2,291.49,4.5,D,0
43.12679,-3.8234,326.45,0.61,0.71,2024-01-24,1413,N20,VIIRS,n,2,290.83,2.58,D,0
42.98612,-2.01916,351.63,0.75,0.77,2024-01-24,1413,N20,VIIRS,n,2,290.2,15.46,D,0
42.98948,-2.01543,355.46,0.75,0.77,2024-01-24,1413,N20,VIIRS,n,2,289.33,15.78,D,0
41.31455,1.65828,300.2,0.53,0.67,2024-01-25,0050,N20,VIIRS,n,2,281.07,1.03,N,2
43.52625,-5.72681,299.72,0.4,0.37,2024-01-25,0230,N20,VIIRS,n,2,284.05,1.51,N,2
43.54296,-5.8406,295.28,0.4,0.37,2024-01-25,0230,N20,VIIRS,n,2,280.6,0.32,N,2
43.52293,-5.72793,326.37,0.4,0.37,2024-01-25,0230,N20,VIIRS,n,2,282.25,1.51,N,2
41.31496,1.65906,305.79,0.59,0.53,2024-01-25,0230,N20,VIIRS,n,2,280.87,2.62,N,2
43.53791,-5.83195,301.83,0.4,0.37,2024-01-25,0230,N20,VIIRS,n,2,280.38,0.97,N,2
43.22489,-2.88202,299.07,0.5,0.41,2024-01-25,0230,N20,VIIRS,n,2,282.28,0.73,N,2
43.52048,-5.73396,298.72,0.4,0.37,2024-01-25,0230,N20,VIIRS,n,2,281.28,0.64,N,2
43.0355,-2.22374,298.28,0.53,0.42,2024-01-25,0230,N20,VIIRS,n,2,279.61,1.23,N,0
41.31483,1.65996,309.42,0.59,0.53,2024-01-25,0230,N20,VIIRS,n,2,281.35,1.41,N,2
43.52713,-5.73173,333.67,0.4,0.37,2024-01-25,0230,N20,VIIRS,n,2,289.13,17.68,N,2
43.54123,-5.83085,323.31,0.4,0.37,2024-01-25,0230,N20,VIIRS,n,2,283.42,2.08,N,2
40.24507,-3.4751,317.56,0.53,0.42,2024-01-25,0231,N20,VIIRS,n,2,282.04,2.74,N,2
39.93662,-3.74638,300.72,0.52,0.42,2024-01-25,0231,N20,VIIRS,n,2,278.81,1.04,N,2
36.96659,-1.90578,297.64,0.49,0.49,2024-01-25,0231,N20,VIIRS,n,2,284.02,0.78,N,2
38.95152,-0.44343,338.09,0.35,0.57,2024-01-25,1212,N20,VIIRS,n,2,296.28,3.58,D,0
38.94815,-0.44065,352.19,0.35,0.57,2024-01-25,1212,N20,VIIRS,n,2,296.76,4.42,D,0
39.57512,-0.65842,334.51,0.35,0.57,2024-01-25,1213,N20,VIIRS,n,2,296.3,2.98,D,0
39.56183,-0.30861,330.62,0.34,0.56,2024-01-25,1213,N20,VIIRS,n,2,292.5,2.23,D,0
39.57228,-0.65586,333.27,0.35,0.57,2024-01-25,1213,N20,VIIRS,n,2,295.73,2.16,D,0
42.04324,2.43428,329.72,0.43,0.46,2024-01-25,1213,N20,VIIRS,n,2,291.95,2.53,D,0
42.43587,-6.37984,347.74,0.55,0.68,2024-01-25,1214,N20,VIIRS,n,2,291.97,11.63,D,0
43.52414,-5.72848,336.68,0.48,0.64,2024-01-25,1214,N20,VIIRS,n,2,291.31,4.89,D,2
43.2344,-6.08237,335.99,0.51,0.66,2024-01-25,1214,N20,VIIRS,n,2,291.62,4.06,D,0
43.26912,-4.14413,327.42,0.41,0.61,2024-01-25,1214,N20,VIIRS,n,2,286.3,2.63,D,0
43.26936,-4.14395,326.13,0.41,0.61,2024-01-25,1214,N20,VIIRS,n,2,286.35,2.39,D,0
42.4377,-6.37401,333.09,0.55,0.68,2024-01-25,1214,N20,VIIRS,n,2,287.48,8.9,D,0
42.25531,-6.34826,367,0.56,0.69,2024-01-25,1214,N20,VIIRS,h,2,290.28,13.35,D,0
43.12034,-1.87173,332.77,0.32,0.55,2024-01-25,1214,N20,VIIRS,n,2,290.23,2.73,D,0
42.25565,-6.35431,334.04,0.5,0.49,2024-01-25,1354,N20,VIIRS,n,2,286.75,8.22,D,0
42.25077,-6.35837,336.73,0.5,0.49,2024-01-25,1354,N20,VIIRS,n,2,295.29,51.45,D,0
42.43438,-6.37676,331.68,0.51,0.49,2024-01-25,1354,N20,VIIRS,n,2,291.83,33.62,D,0
43.11003,-3.77761,354.1,0.35,0.57,2024-01-25,1354,N20,VIIRS,n,2,288.79,5.33,D,0
43.10977,-3.77896,338.66,0.35,0.57,2024-01-25,1354,N20,VIIRS,n,2,288.69,3.92,D,0
43.10995,-3.77546,328.74,0.35,0.57,2024-01-25,1354,N20,VIIRS,n,2,286.17,3.28,D,0
43.06281,-3.55964,327.04,0.36,0.57,2024-01-25,1354,N20,VIIRS,n,2,287.52,1.56,D,0
42.43842,-6.38425,343.79,0.51,0.49,2024-01-25,1354,N20,VIIRS,n,2,287.36,6.55,D,0
42.25166,-6.34646,344.3,0.5,0.49,2024-01-25,1354,N20,VIIRS,n,2,301.32,172.21,D,0
43.11511,-3.78134,325.55,0.35,0.57,2024-01-25,1354,N20,VIIRS,n,2,289.26,3.33,D,0
43.2695,-4.14453,326.86,0.33,0.56,2024-01-25,1354,N20,VIIRS,n,2,289.9,1.76,D,0
43.53981,-5.83158,314.6,0.41,0.37,2024-01-26,0211,N20,VIIRS,n,2,272.91,1.91,N,2
43.25445,-3.76438,320.41,0.38,0.36,2024-01-26,0211,N20,VIIRS,n,2,281.23,1.71,N,0
41.45582,1.97822,295.34,0.54,0.42,2024-01-26,0211,N20,VIIRS,n,2,280.57,0.7,N,2
41.40512,1.99882,296.69,0.54,0.42,2024-01-26,0211,N20,VIIRS,n,2,278.92,0.71,N,2
41.31219,1.66239,310.11,0.53,0.42,2024-01-26,0211,N20,VIIRS,n,2,284.3,2.09,N,2
43.53939,-5.83096,312.87,0.41,0.37,2024-01-26,0211,N20,VIIRS,n,2,271.5,1.92,N,2
43.55362,-5.85894,296.31,0.41,0.37,2024-01-26,0211,N20,VIIRS,n,2,277.81,0.61,N,2
43.23827,-3.77018,297.94,0.38,0.36,2024-01-26,0211,N20,VIIRS,n,2,278.66,0.77,N,0
42.814,-1.74283,302.24,0.4,0.37,2024-01-26,0211,N20,VIIRS,n,2,277.07,0.89,N,2
39.93569,-3.74388,311.41,0.39,0.36,2024-01-26,0212,N20,VIIRS,n,2,278.86,1.13,N,2
40.24393,-3.47542,317.15,0.39,0.36,2024-01-26,0212,N20,VIIRS,n,2,274.1,2.02,N,2
36.96764,-1.90472,313.21,0.45,0.39,2024-01-26,0213,N20,VIIRS,n,2,285.83,1.86,N,2
37.92727,-5.76762,303.63,0.39,0.36,2024-01-26,0213,N20,VIIRS,n,2,275.97,0.5,N,0
39.21681,-5.5217,327.67,0.46,0.39,2024-01-26,1334,N20,VIIRS,n,2,291.01,2.05,D,0
37.49334,-2.42173,325.18,0.41,0.45,2024-01-26,1334,N20,VIIRS,l,2,298.37,2.99,D,0
41.4068,1.99978,310.78,0.39,0.36,2024-01-27,0152,N20,VIIRS,n,2,280.62,0.83,N,2
41.4549,1.98027,311.51,0.39,0.36,2024-01-27,0152,N20,VIIRS,n,2,281.29,1.12,N,2
43.23678,-3.65263,300.84,0.49,0.41,2024-01-27,0152,N20,VIIRS,n,2,263.83,0.59,N,0
39.95242,-0.00363,296.42,0.38,0.36,2024-01-27,0153,N20,VIIRS,n,2,282.47,1.2,N,2
41.313,1.66044,318.91,0.39,0.36,2024-01-27,0153,N20,VIIRS,n,2,282.14,2.09,N,2
40.57721,0.54217,304.77,0.38,0.36,2024-01-27,0153,N20,VIIRS,n,2,280.86,0.84,N,2
39.10399,-0.69596,298,0.39,0.36,2024-01-27,0153,N20,VIIRS,n,2,269.82,0.6,N,0
41.40183,1.76453,295.59,0.39,0.36,2024-01-27,0153,N20,VIIRS,n,2,275.65,0.52,N,0
36.9672,-1.90533,313.23,0.39,0.36,2024-01-27,0154,N20,VIIRS,n,2,286.71,1.41,N,2
39.84506,-0.10982,348.86,0.5,0.41,2024-01-27,1315,N20,VIIRS,n,2,287.44,7,D,0
36.91784,-5.59249,339.66,0.4,0.37,2024-01-27,1315,N20,VIIRS,n,2,297.59,1.71,D,0
39.84566,-0.11202,339.15,0.5,0.41,2024-01-27,1315,N20,VIIRS,n,2,286.55,6.34,D,0
43.1529,-1.71702,345.08,0.47,0.4,2024-01-27,1316,N20,VIIRS,n,2,286.77,13.42,D,0
43.14939,-1.71533,345.86,0.47,0.4,2024-01-27,1316,N20,VIIRS,n,2,290.38,13.42,D,0
43.21738,-5.58475,329.59,0.39,0.36,2024-01-27,1316,N20,VIIRS,n,2,290.12,1.87,D,0
43.22437,-3.72225,307.46,0.55,0.51,2024-01-28,0133,N20,VIIRS,n,2,261.33,2.36,N,0
43.2262,-3.72801,306.8,0.55,0.51,2024-01-28,0133,N20,VIIRS,n,2,262.48,1.47,N,0
43.22578,-3.72182,301.91,0.55,0.51,2024-01-28,0133,N20,VIIRS,n,2,261.65,1.47,N,0
43.24426,-3.66897,297.6,0.55,0.51,2024-01-28,0133,N20,VIIRS,n,2,256.53,0.76,N,0
43.22481,-3.72846,305.58,0.55,0.51,2024-01-28,0133,N20,VIIRS,n,2,261.39,1.81,N,0
43.24598,-3.66835,300.41,0.55,0.51,2024-01-28,0133,N20,VIIRS,n,2,259.04,0.59,N,0
43.21923,-3.71696,301.41,0.55,0.51,2024-01-28,0133,N20,VIIRS,n,2,256.57,1.03,N,0
43.07421,-6.48848,325.1,0.38,0.59,2024-01-28,0133,N20,VIIRS,n,2,253.75,3.54,N,0
43.07281,-6.48745,330.61,0.38,0.59,2024-01-28,0133,N20,VIIRS,n,2,255.62,4.41,N,0
43.56124,-7.88666,296.23,0.45,0.63,2024-01-28,0133,N20,VIIRS,n,2,284.06,0.32,N,0
43.5603,-7.88925,309.14,0.45,0.63,2024-01-28,0133,N20,VIIRS,n,2,283.22,1.11,N,0
41.31305,1.66202,307.36,0.45,0.39,2024-01-28,0134,N20,VIIRS,n,2,269.77,1.35,N,2
41.50115,-0.15528,297.67,0.53,0.42,2024-01-28,0134,N20,VIIRS,n,2,271.21,0.77,N,0
40.86961,-0.13439,302,0.52,0.42,2024-01-28,0134,N20,VIIRS,n,2,275.46,1.08,N,0
39.93855,-3.74486,298.5,0.51,0.49,2024-01-28,0134,N20,VIIRS,n,2,278.44,1.11,N,2
39.93822,-3.74508,296.11,0.51,0.49,2024-01-28,0134,N20,VIIRS,n,2,278.6,0.96,N,2
38.6684,-4.05159,298.94,0.51,0.5,2024-01-28,0135,N20,VIIRS,n,2,279.12,1.11,N,2
36.9684,-1.90826,297.46,0.57,0.43,2024-01-28,0135,N20,VIIRS,n,2,282.03,1.47,N,2
37.2667,-5.36749,298.13,0.59,0.52,2024-01-28,0135,N20,VIIRS,n,2,280.1,1.11,N,0
42.74519,-6.96674,329.67,0.36,0.57,2024-01-28,0314,N20,VIIRS,n,2,280.4,12.68,N,0
42.74617,-6.97035,348.71,0.36,0.57,2024-01-28,0314,N20,VIIRS,n,2,291.06,12.68,N,0
42.74713,-6.97385,353.43,0.36,0.57,2024-01-28,0314,N20,VIIRS,n,2,288.6,18.79,N,0
42.74809,-6.97736,328.85,0.36,0.57,2024-01-28,0314,N20,VIIRS,n,2,278.72,18.79,N,0
43.0662,-6.47991,305.71,0.37,0.58,2024-01-28,0314,N20,VIIRS,n,2,280.42,0.96,N,0
43.06743,-6.48435,303.07,0.37,0.58,2024-01-28,0314,N20,VIIRS,n,2,278.52,1.03,N,0
43.07539,-6.49248,304.36,0.37,0.58,2024-01-28,0314,N20,VIIRS,n,2,278.01,7.81,N,0
43.07281,-6.48315,354.32,0.37,0.58,2024-01-28,0314,N20,VIIRS,n,2,287.65,16.82,N,0
43.07411,-6.48783,355.17,0.37,0.58,2024-01-28,0314,N20,VIIRS,n,2,287.71,16.82,N,0
43.07225,-6.48335,352.12,0.37,0.58,2024-01-28,0314,N20,VIIRS,n,2,286.87,17.7,N,0
43.07355,-6.48796,352.93,0.37,0.58,2024-01-28,0314,N20,VIIRS,n,2,287.8,14.1,N,0
43.07485,-6.49254,332.02,0.37,0.58,2024-01-28,0314,N20,VIIRS,n,2,278.2,14.1,N,0
43.16637,-6.49277,297.37,0.37,0.58,2024-01-28,0314,N20,VIIRS,n,2,280.83,0.77,N,0
43.54053,-5.83384,297.16,0.38,0.59,2024-01-28,0314,N20,VIIRS,n,2,282.77,0.8,N,2
43.52901,-5.7314,298.72,0.39,0.59,2024-01-28,0314,N20,VIIRS,n,2,279.98,1.08,N,2
42.74014,-6.96884,350.71,0.36,0.57,2024-01-28,0314,N20,VIIRS,n,2,278.38,12.68,N,0
42.74118,-6.97269,367,0.36,0.57,2024-01-28,0314,N20,VIIRS,h,2,278.66,12.68,N,0
38.07109,-1.34642,334.18,0.4,0.37,2024-01-28,1256,N20,VIIRS,n,2,291.14,1.17,D,0
40.62044,-2.49608,331.32,0.4,0.37,2024-01-28,1257,N20,VIIRS,n,2,284.34,2.81,D,0
43.25191,-4.46704,335.19,0.42,0.38,2024-01-28,1258,N20,VIIRS,n,2,287.84,4.17,D,0
43.23832,-3.90148,353.64,0.41,0.37,2024-01-28,1258,N20,VIIRS,n,2,282.35,8.85,D,0
43.235,-3.90028,338.92,0.41,0.37,2024-01-28,1258,N20,VIIRS,n,2,280.83,6.16,D,0
43.25146,-4.46435,332.21,0.42,0.38,2024-01-28,1258,N20,VIIRS,n,2,288.62,3.63,D,0
43.23917,-3.89663,340.34,0.41,0.37,2024-01-28,1258,N20,VIIRS,n,2,280.25,8.85,D,0
43.12123,-1.45375,304.07,0.37,0.58,2024-01-29,0114,N20,VIIRS,n,2,268.38,2.29,N,0
43.26662,-3.61946,323.56,0.48,0.64,2024-01-29,0114,N20,VIIRS,n,2,269.85,4.03,N,0
43.26675,-3.62412,334.2,0.48,0.64,2024-01-29,0114,N20,VIIRS,n,2,268.82,4.03,N,0
43.22517,-3.63438,312.21,0.48,0.64,2024-01-29,0114,N20,VIIRS,n,2,270.29,2.15,N,0
43.12093,-1.4479,337.21,0.37,0.58,2024-01-29,0114,N20,VIIRS,n,2,268.93,3.45,N,0
43.2024,-3.68045,301.65,0.48,0.65,2024-01-29,0114,N20,VIIRS,n,2,268.83,1.42,N,0
43.11869,-1.45047,327.78,0.37,0.58,2024-01-29,0114,N20,VIIRS,n,2,269.05,1.75,N,0
43.11895,-1.45639,304.56,0.37,0.58,2024-01-29,0114,N20,VIIRS,n,2,268.32,1.36,N,0
43.11844,-1.44478,301.38,0.37,0.58,2024-01-29,0114,N20,VIIRS,n,2,268.26,1.75,N,0
43.21975,-3.65575,302.27,0.48,0.65,2024-01-29,0114,N20,VIIRS,n,2,266.92,1.22,N,0
43.22532,-3.63984,315.54,0.48,0.64,2024-01-29,0114,N20,VIIRS,n,2,269.74,2.15,N,0
43.22294,-3.65124,299.75,0.48,0.65,2024-01-29,0114,N20,VIIRS,n,2,268.15,1.63,N,0
43.20595,-3.68258,311.73,0.48,0.65,2024-01-29,0114,N20,VIIRS,n,2,270.14,1.93,N,0
43.1623,-6.48333,297.96,0.43,0.46,2024-01-29,0255,N20,VIIRS,n,2,265.37,0.45,N,0
43.53968,-5.83323,305.18,0.46,0.47,2024-01-29,0255,N20,VIIRS,n,2,266.23,0.62,N,2
28.61666,-17.86989,305.3,0.39,0.36,2024-01-29,0300,N20,VIIRS,n,2,294.11,1.63,N,2
41.75746,-2.14531,328.59,0.54,0.42,2024-01-29,1238,N20,VIIRS,n,2,271.95,2.8,D,0
42.29926,0.88661,336.89,0.42,0.37,2024-01-29,1238,N20,VIIRS,n,2,275.49,9.43,D,0
43.17065,-3.80509,337.64,0.4,0.44,2024-01-29,1239,N20,VIIRS,n,2,270.67,3.48,D,0
43.2289,-3.61792,333.45,0.39,0.44,2024-01-29,1239,N20,VIIRS,n,2,270.33,3.17,D,0
43.1696,-3.80984,326.09,0.4,0.44,2024-01-29,1239,N20,VIIRS,n,2,271.08,3.48,D,0
42.83059,-3.94174,335.41,0.41,0.45,2024-01-29,1239,N20,VIIRS,n,2,268.66,5.73,D,0
43.23262,-3.62026,338.42,0.39,0.44,2024-01-29,1239,N20,VIIRS,n,2,270.06,3.17,D,0
43.17348,-3.68235,300.59,0.53,0.42,2024-01-30,0236,N20,VIIRS,n,2,277.86,1.43,N,0
43.14025,-5.16592,302.11,0.47,0.4,2024-01-30,0236,N20,VIIRS,n,2,278.75,0.9,N,0
43.14289,-5.16012,327.96,0.47,0.4,2024-01-30,0236,N20,VIIRS,n,2,277.72,3.19,N,0
43.16431,-4.45288,307.29,0.5,0.41,2024-01-30,0236,N20,VIIRS,n,2,277.52,1.61,N,0
43.4059,-5.25178,295.43,0.46,0.39,2024-01-30,0236,N20,VIIRS,n,2,280.7,0.82,N,0
43.12617,-3.77542,305.84,0.53,0.42,2024-01-30,0236,N20,VIIRS,n,2,277.42,1.8,N,0
43.54174,-5.83381,316.37,0.44,0.38,2024-01-30,0236,N20,VIIRS,n,2,281.54,1.84,N,2
43.52913,-5.72973,296.99,0.44,0.39,2024-01-30,0236,N20,VIIRS,n,2,279.95,0.67,N,2
43.22696,-3.61021,296.29,0.54,0.42,2024-01-30,0236,N20,VIIRS,n,2,279.22,2.11,N,0
43.23207,-3.6152,330.53,0.54,0.42,2024-01-30,0236,N20,VIIRS,n,2,280.08,2.11,N,0
43.22001,-3.61572,305.16,0.54,0.42,2024-01-30,0236,N20,VIIRS,n,2,278.45,1.9,N,0
43.21646,-3.61809,296.5,0.54,0.42,2024-01-30,0236,N20,VIIRS,n,2,279.02,1.02,N,0
43.22473,-3.69507,295.59,0.53,0.42,2024-01-30,0236,N20,VIIRS,n,2,277.44,1.29,N,0
43.20864,-3.65745,301.37,0.54,0.42,2024-01-30,0236,N20,VIIRS,n,2,276.68,1.75,N,0
43.20726,-3.65098,319.7,0.54,0.42,2024-01-30,0236,N20,VIIRS,n,2,278.66,1.75,N,0
43.20123,-3.66065,342.18,0.54,0.42,2024-01-30,0236,N20,VIIRS,n,2,279.26,4.2,N,0
43.19753,-3.66231,302.72,0.54,0.42,2024-01-30,0236,N20,VIIRS,n,2,275.09,4.2,N,0
43.35672,-3.19324,334.3,0.56,0.43,2024-01-30,0236,N20,VIIRS,n,2,282.01,3.9,N,0
43.23042,-3.60738,306.64,0.54,0.42,2024-01-30,0236,N20,VIIRS,n,2,279.21,2.11,N,0
43.17481,-3.68857,304.03,0.53,0.42,2024-01-30,0236,N20,VIIRS,n,2,277.02,1.17,N,0
43.14389,-5.1651,330.59,0.47,0.4,2024-01-30,0236,N20,VIIRS,n,2,279.04,3.54,N,0
40.2443,-3.47299,329.72,0.39,0.59,2024-01-30,1219,N20,VIIRS,n,2,287.68,2.65,D,2
43.15036,-3.57482,356.31,0.33,0.55,2024-01-30,1220,N20,VIIRS,n,2,284.4,7.49,D,0
43.14924,-3.57901,334.42,0.33,0.55,2024-01-30,1220,N20,VIIRS,n,2,284.17,5.02,D,0
43.22844,-3.6069,335.96,0.32,0.55,2024-01-30,1220,N20,VIIRS,n,2,285.61,2.16,D,0
43.26867,-5.52834,331.62,0.4,0.6,2024-01-30,1220,N20,VIIRS,n,2,283.87,3,D,0
40.24429,-3.47231,331.19,0.42,0.61,2024-01-30,1400,N20,VIIRS,n,2,289.85,2.8,D,2
43.25533,-3.62843,297.93,0.39,0.36,2024-01-31,0217,N20,VIIRS,n,2,272.86,0.8,N,0
43.1656,-3.6246,307.43,0.39,0.36,2024-01-31,0217,N20,VIIRS,n,2,269.6,1.44,N,0
43.1664,-3.62931,316.39,0.39,0.36,2024-01-31,0217,N20,VIIRS,n,2,266.9,1.62,N,0
43.1689,-3.62367,314.53,0.39,0.36,2024-01-31,0217,N20,VIIRS,n,2,271.61,1.44,N,0
43.52631,-5.73691,317.83,0.39,0.36,2024-01-31,0217,N20,VIIRS,n,2,272.3,2.15,N,2
43.54044,-5.83179,304.41,0.39,0.36,2024-01-31,0217,N20,VIIRS,n,2,276.96,0.99,N,2
41.31244,1.66428,295.13,0.41,0.45,2024-01-31,0218,N20,VIIRS,n,2,281.37,1.24,N,2
41.3135,1.65961,309.51,0.41,0.45,2024-01-31,0218,N20,VIIRS,n,2,280.63,1.24,N,2
43.14672,-5.7997,351.95,0.39,0.36,2024-01-31,0218,N20,VIIRS,n,2,268.17,6.77,N,0
43.34702,-8.43557,304.47,0.44,0.38,2024-01-31,0218,N20,VIIRS,n,2,281.9,0.99,N,2
43.14321,-5.1517,328.99,0.38,0.36,2024-01-31,0218,N20,VIIRS,n,2,276.47,3.72,N,0
39.93752,-3.74358,308.97,0.41,0.37,2024-01-31,0218,N20,VIIRS,n,2,277.52,1.32,N,2
40.24435,-3.47314,321.69,0.41,0.37,2024-01-31,0218,N20,VIIRS,n,2,280.49,1.53,N,2
37.36097,-5.86668,307.85,0.39,0.36,2024-01-31,0219,N20,VIIRS,n,2,276.81,1.05,N,2
42.43932,-6.37171,343.29,0.78,0.78,2024-01-31,1201,N20,VIIRS,n,2,285.74,9.24,D,0
42.44165,-6.36512,330.31,0.77,0.78,2024-01-31,1201,N20,VIIRS,n,2,281.65,9.24,D,0
37.17816,-6.29931,325.02,0.47,0.4,2024-01-31,1340,N20,VIIRS,n,2,291.9,1.91,D,0
37.37912,-5.83733,327.11,0.5,0.41,2024-01-31,1340,N20,VIIRS,n,2,292.61,1.44,D,0
37.16454,-6.35112,332.32,0.47,0.4,2024-01-31,1340,N20,VIIRS,n,2,293.25,3.71,D,0
42.43805,-6.36496,330.6,0.54,0.42,2024-01-31,1341,N20,VIIRS,n,2,290.15,8.28,D,0
42.40614,-5.09289,333.51,0.41,0.45,2024-01-31,1341,N20,VIIRS,n,2,287.02,5.73,D,0
43.21878,-3.54821,338.7,0.5,0.49,2024-01-31,1342,N20,VIIRS,n,2,292.43,7.28,D,0
43.22027,-3.55081,339.13,0.5,0.49,2024-01-31,1342,N20,VIIRS,n,2,291.09,7.56,D,0
42.43911,-6.36584,334.85,0.54,0.42,2024-01-31,1342,N20,VIIRS,n,2,287.93,6.6,D,0
43.22614,-2.87936,305.4,0.41,0.37,2024-02-01,0159,N20,VIIRS,n,2,273.64,1.08,N,2
40.2468,-3.47388,299.9,0.41,0.37,2024-02-01,0159,N20,VIIRS,n,2,277.58,0.84,N,2
40.57731,0.5408,298.34,0.4,0.37,2024-02-01,0159,N20,VIIRS,n,2,280.36,0.84,N,2
41.31263,1.66033,319.24,0.41,0.37,2024-02-01,0159,N20,VIIRS,n,2,280.9,1.57,N,2
41.40765,1.99821,311.19,0.42,0.38,2024-02-01,0159,N20,VIIRS,n,2,279.73,1.26,N,2
41.52809,1.8057,296.76,0.41,0.37,2024-02-01,0159,N20,VIIRS,n,2,276.81,0.49,N,2
43.06754,-6.14922,299.03,0.54,0.42,2024-02-01,0159,N20,VIIRS,n,2,267.4,0.98,N,0
42.81542,-1.74138,297.83,0.39,0.36,2024-02-01,0159,N20,VIIRS,n,2,275.85,0.49,N,2
43.12537,-3.65619,307.28,0.43,0.38,2024-02-01,0159,N20,VIIRS,n,2,272.25,4.13,N,0
43.12472,-3.65111,334.21,0.43,0.38,2024-02-01,0159,N20,VIIRS,n,2,278.58,15.66,N,0
43.12816,-3.65002,342.33,0.43,0.38,2024-02-01,0159,N20,VIIRS,n,2,276.64,15.66,N,0
43.1288,-3.65504,344.1,0.43,0.38,2024-02-01,0159,N20,VIIRS,n,2,275.03,4.13,N,0
43.12532,-3.64916,297.87,0.43,0.38,2024-02-01,0159,N20,VIIRS,n,2,278.91,11.4,N,0
43.1266,-3.6593,316.86,0.43,0.38,2024-02-01,0159,N20,VIIRS,n,2,272.06,2.39,N,0
43.12596,-3.65421,342.24,0.43,0.38,2024-02-01,0159,N20,VIIRS,n,2,276.85,11.4,N,0
43.12941,-3.65312,332.92,0.43,0.38,2024-02-01,0159,N20,VIIRS,n,2,273.86,11.4,N,0
40.24342,-3.47468,305.84,0.41,0.37,2024-02-01,0159,N20,VIIRS,n,2,277.09,1.32,N,2
38.66764,-4.04961,332.24,0.41,0.37,2024-02-01,1321,N20,VIIRS,n,2,288.36,2.97,D,2
38.14701,-5.8529,342.29,0.38,0.36,2024-02-01,1321,N20,VIIRS,n,2,292.19,4.49,D,0
37.74879,-5.23664,326.62,0.39,0.36,2024-02-01,1321,N20,VIIRS,n,2,291.24,2.56,D,0
37.20466,-3.69737,334.28,0.41,0.37,2024-02-01,1321,N20,VIIRS,n,2,295.84,3.18,D,0
39.68187,-0.21405,325.19,0.39,0.44,2024-02-01,1322,N20,VIIRS,n,2,292.78,1.52,D,0
38.78991,-7.00564,334.79,0.39,0.36,2024-02-01,1322,N20,VIIRS,n,2,290,2.93,D,0
40.29805,-4.24715,326.21,0.41,0.37,2024-02-01,1322,N20,VIIRS,n,2,288.84,1.71,D,0
39.82852,-5.87313,344.51,0.39,0.36,2024-02-01,1322,N20,VIIRS,n,2,289.19,4.53,D,0
39.24736,-6.45679,331.07,0.38,0.36,2024-02-01,1322,N20,VIIRS,n,2,296.15,3.49,D,0
39.90428,-0.04333,347.02,0.39,0.44,2024-02-01,1322,N20,VIIRS,n,2,292.49,7.64,D,0
40.64473,-6.01459,330,0.39,0.36,2024-02-01,1322,N20,VIIRS,n,2,288.4,2.98,D,0
42.88913,-6.86748,339.96,0.39,0.36,2024-02-01,1323,N20,VIIRS,n,2,291.65,9.97,D,0
43.12855,-3.65684,332.8,0.45,0.39,2024-02-01,1323,N20,VIIRS,n,2,283.37,5.62,D,0
42.89242,-6.86835,326.65,0.39,0.36,2024-02-01,1323,N20,VIIRS,n,2,284.06,9.97,D,0
43.34565,-4.7646,313.69,0.52,0.5,2024-02-02,0140,N20,VIIRS,n,2,277.03,3.13,N,0
43.13148,-3.66364,301.08,0.45,0.47,2024-02-02,0140,N20,VIIRS,n,2,271.06,0.97,N,0
43.34618,-8.43916,295.35,0.4,0.6,2024-02-02,0140,N20,VIIRS,n,2,278.25,0.62,N,0
43.17472,-6.3496,305.59,0.62,0.54,2024-02-02,0140,N20,VIIRS,n,2,276.82,2.23,N,0
41.31288,1.66296,312.04,0.41,0.37,2024-02-02,0140,N20,VIIRS,n,2,271.43,1.53,N,2
43.5413,-5.83427,318.03,0.59,0.53,2024-02-02,0140,N20,VIIRS,n,2,279.7,3.09,N,2
43.34525,-4.765,316.35,0.52,0.5,2024-02-02,0140,N20,VIIRS,n,2,277.33,2.89,N,0
43.34485,-4.75938,317.86,0.52,0.5,2024-02-02,0140,N20,VIIRS,n,2,277.54,3.12,N,0
40.24498,-3.47718,318.33,0.41,0.45,2024-02-02,0140,N20,VIIRS,n,2,278.68,1.94,N,2
43.34521,-4.75894,323.2,0.52,0.5,2024-02-02,0140,N20,VIIRS,n,2,277.64,3.13,N,0
43.39527,-6.59747,315.56,0.32,0.55,2024-02-02,0140,N20,VIIRS,n,2,277.19,1.69,N,0
36.96571,-1.90666,301.68,0.48,0.4,2024-02-02,0141,N20,VIIRS,n,2,280.45,1.18,N,2
40.24683,-3.47345,323.95,0.41,0.45,2024-02-02,0141,N20,VIIRS,n,2,280.01,2.72,N,2
37.36411,-5.92574,303.03,0.51,0.5,2024-02-02,0141,N20,VIIRS,n,2,278.15,0.53,N,0
37.26644,-6.03556,307.72,0.52,0.5,2024-02-02,0141,N20,VIIRS,n,2,279.06,1.41,N,0
37.26703,-6.03595,306.51,0.52,0.5,2024-02-02,0141,N20,VIIRS,n,2,279.17,1.61,N,0
43.16876,-6.38276,295.79,0.44,0.62,2024-02-02,0320,N20,VIIRS,n,2,277.95,0.76,N,0
43.39353,-6.596,303.76,0.42,0.61,2024-02-02,0320,N20,VIIRS,n,2,273.48,1.13,N,0
43.39403,-6.59182,298.85,0.42,0.61,2024-02-02,0320,N20,VIIRS,n,2,273.71,1.01,N,0
43.17693,-6.34724,301.16,0.44,0.62,2024-02-02,0320,N20,VIIRS,n,2,276.53,0.7,N,0
36.95423,-2.43456,335.09,0.4,0.37,2024-02-02,1302,N20,VIIRS,n,2,295.06,2.55,D,0
36.95091,-2.43373,332.79,0.4,0.37,2024-02-02,1302,N20,VIIRS,n,2,294.42,1.06,D,0
37.17867,-6.30178,340.28,0.53,0.42,2024-02-02,1302,N20,VIIRS,n,2,293.63,6.34,D,0
37.17493,-6.30061,330.04,0.53,0.42,2024-02-02,1302,N20,VIIRS,n,2,293.35,2.88,D,0
38.69052,-6.61034,325.3,0.51,0.41,2024-02-02,1303,N20,VIIRS,n,2,293.78,3,D,0
39.36286,-7.14035,327.4,0.52,0.42,2024-02-02,1303,N20,VIIRS,n,2,290.4,1.2,D,0
40.91275,-2.95722,344.18,0.39,0.36,2024-02-02,1303,N20,VIIRS,n,2,291.78,5.69,D,0
40.94732,-2.97624,328.61,0.39,0.36,2024-02-02,1303,N20,VIIRS,n,2,289.05,2.17,D,0
40.98771,-3.00164,333.12,0.39,0.36,2024-02-02,1303,N20,VIIRS,n,2,289.35,2.89,D,0
40.98699,-3.00615,328.37,0.39,0.36,2024-02-02,1303,N20,VIIRS,n,2,286.74,2.89,D,0
41.49306,-1.30583,329.98,0.39,0.36,2024-02-02,1303,N20,VIIRS,n,2,290.84,2.35,D,0
41.5003,-1.37467,337.97,0.39,0.36,2024-02-02,1303,N20,VIIRS,n,2,287.46,3.7,D,0
42.10504,-1.82756,330.16,0.39,0.36,2024-02-02,1303,N20,VIIRS,n,2,290.92,3.89,D,0
39.23184,-2.99453,325.5,0.39,0.36,2024-02-02,1303,N20,VIIRS,n,2,291.1,1.48,D,0
39.23514,-2.99543,326.03,0.39,0.36,2024-02-02,1303,N20,VIIRS,n,2,291.34,2.49,D,0
40.24431,-3.47283,325.73,0.39,0.36,2024-02-02,1303,N20,VIIRS,n,2,289.52,2.67,D,2
40.9142,-2.94815,336.18,0.39,0.36,2024-02-02,1303,N20,VIIRS,n,2,289.25,3.16,D,0
43.5393,-5.83132,326.24,0.41,0.37,2024-02-02,1304,N20,VIIRS,n,2,290.1,3.47,D,2
43.17765,-6.35193,347.72,0.43,0.38,2024-02-02,1304,N20,VIIRS,n,2,290.4,7.04,D,0
42.4246,-6.38128,334.13,0.44,0.38,2024-02-02,1304,N20,VIIRS,n,2,283.57,6.76,D,0
42.44033,-2.05014,332.67,0.39,0.36,2024-02-02,1304,N20,VIIRS,n,2,290.76,2.96,D,0
43.17863,-6.34666,328.47,0.43,0.38,2024-02-02,1304,N20,VIIRS,n,2,289.58,7.04,D,0
43.34269,-4.75795,332.7,0.4,0.37,2024-02-02,1304,N20,VIIRS,n,2,294.96,5.85,D,0
43.3435,-4.75316,327.97,0.4,0.37,2024-02-02,1304,N20,VIIRS,n,2,289.76,3.56,D,0
42.39008,-4.03657,328.81,0.39,0.36,2024-02-02,1304,N20,VIIRS,n,2,286.33,2.77,D,0
42.42809,-6.38224,336.96,0.44,0.38,2024-02-02,1304,N20,VIIRS,n,2,284.92,6.76,D,0
43.34657,-4.75495,343.24,0.45,0.63,2024-02-03,0121,N20,VIIRS,n,2,280.39,6.99,N,0
43.53997,-5.82918,295.54,0.51,0.66,2024-02-03,0121,N20,VIIRS,n,2,279.09,2.46,N,2
43.54012,-5.83574,327.49,0.51,0.66,2024-02-03,0121,N20,VIIRS,n,2,279.86,2.46,N,2
41.31514,1.6614,302.33,0.41,0.45,2024-02-03,0121,N20,VIIRS,n,2,269.36,1.04,N,2
43.34671,-4.75946,298.31,0.45,0.63,2024-02-03,0121,N20,VIIRS,n,2,277.74,2.03,N,0
43.3525,-4.75724,303.34,0.45,0.63,2024-02-03,0121,N20,VIIRS,n,2,277.63,2.03,N,0
40.24763,-3.47696,318.52,0.37,0.58,2024-02-03,0122,N20,VIIRS,n,2,279.69,2.22,N,2
37.12666,-4.65732,312.28,0.4,0.6,2024-02-03,0122,N20,VIIRS,n,2,278.46,1.11,N,0
37.12608,-4.6592,299.43,0.4,0.6,2024-02-03,0122,N20,VIIRS,n,2,278.2,0.68,N,0
37.13162,-4.65857,303.59,0.4,0.6,2024-02-03,0122,N20,VIIRS,n,2,277.47,0.68,N,0
37.19265,-4.75525,303.71,0.41,0.6,2024-02-03,0122,N20,VIIRS,n,2,280.47,0.76,N,0
37.9865,-4.28665,298.33,0.39,0.59,2024-02-03,0122,N20,VIIRS,n,2,277.16,0.5,N,0
38.67094,-4.05516,307.57,0.38,0.59,2024-02-03,0122,N20,VIIRS,n,2,279.19,1.34,N,0
39.94032,-3.7463,297.71,0.38,0.59,2024-02-03,0122,N20,VIIRS,n,2,276.82,0.56,N,2
40.36232,-4.33916,305.75,0.41,0.61,2024-02-03,0122,N20,VIIRS,n,2,274.32,1.32,N,0
43.34731,-4.75492,321.92,0.62,0.54,2024-02-03,0301,N20,VIIRS,n,2,278.79,3.96,N,0
43.34457,-4.75394,306.11,0.62,0.54,2024-02-03,0301,N20,VIIRS,n,2,277.52,1.54,N,0
43.34998,-4.75439,307.68,0.62,0.54,2024-02-03,0301,N20,VIIRS,n,2,277.98,1.54,N,0
43.13361,-3.6718,301.27,0.35,0.57,2024-02-03,0301,N20,VIIRS,n,2,275.05,0.73,N,0
43.34604,-8.43544,298.24,0.41,0.45,2024-02-03,0301,N20,VIIRS,n,2,279.62,0.66,N,2
43.28599,-4.70236,302.5,0.62,0.54,2024-02-03,0301,N20,VIIRS,n,2,275.7,3.91,N,0
43.28456,-4.69694,339.21,0.62,0.54,2024-02-03,0301,N20,VIIRS,n,2,279.91,3.91,N,0
40.24485,-3.47458,314.89,0.44,0.62,2024-02-03,0302,N20,VIIRS,n,2,279.81,2.39,N,2
39.95329,-4.58489,297.75,0.39,0.59,2024-02-03,0302,N20,VIIRS,n,2,276.02,0.66,N,0
40.3609,-4.33737,313.94,0.39,0.59,2024-02-03,0302,N20,VIIRS,n,2,274.03,0.97,N,0
37.12824,-4.65903,295.54,0.46,0.64,2024-02-03,0303,N20,VIIRS,n,2,277.49,0.73,N,0
37.35964,-5.86501,296.52,0.39,0.59,2024-02-03,0303,N20,VIIRS,n,2,279.82,0.75,N,2
37.4432,-2.59301,339.01,0.39,0.44,2024-02-03,1243,N20,VIIRS,n,2,294.22,4.96,D,0
38.10686,-1.34271,327.37,0.5,0.41,2024-02-03,1244,N20,VIIRS,n,2,292.96,2.66,D,0
41.93576,2.13254,336.37,0.38,0.36,2024-02-03,1244,N20,VIIRS,n,2,290.51,3.21,D,0
41.20314,1.22164,334.96,0.39,0.36,2024-02-03,1244,N20,VIIRS,n,2,279.64,3.16,D,0
39.48557,-1.71196,327.9,0.49,0.4,2024-02-03,1244,N20,VIIRS,n,2,290.26,3.53,D,0
39.14273,-0.56208,329.62,0.45,0.39,2024-02-03,1244,N20,VIIRS,n,2,292.64,6.48,D,0
38.56761,-1.60093,326.43,0.5,0.41,2024-02-03,1244,N20,VIIRS,n,2,293.53,2.27,D,0
43.13245,-3.67339,350.64,0.51,0.41,2024-02-03,1245,N20,VIIRS,n,2,304.58,43.45,D,0
43.1185,-3.85916,339.77,0.52,0.41,2024-02-03,1245,N20,VIIRS,n,2,288.69,9.4,D,0
43.16509,-3.80638,329.47,0.51,0.41,2024-02-03,1245,N20,VIIRS,n,2,293.71,5.34,D,0
43.1689,-3.80712,330.79,0.51,0.41,2024-02-03,1245,N20,VIIRS,n,2,293.45,5.88,D,0
43.18671,-3.9724,335.59,0.52,0.42,2024-02-03,1245,N20,VIIRS,n,2,287.06,6.41,D,0
43.22438,-3.92388,329.23,0.52,0.41,2024-02-03,1245,N20,VIIRS,n,2,287.36,3.9,D,0
42.17031,2.48711,330.11,0.38,0.36,2024-02-03,1245,N20,VIIRS,n,2,295.11,2.97,D,0
43.1287,-3.67251,341.42,0.51,0.41,2024-02-03,1245,N20,VIIRS,n,2,297.29,25.34,D,0
43.13533,-2.63598,327.45,0.46,0.39,2024-02-03,1245,N20,VIIRS,n,2,283.77,2.3,D,0
43.13349,-2.63879,327.65,0.46,0.39,2024-02-03,1245,N20,VIIRS,n,2,281.82,3.52,D,0
43.13367,-3.66733,329.71,0.51,0.41,2024-02-03,1245,N20,VIIRS,n,2,293.42,3.69,D,0
43.15308,-5.7933,303.81,0.45,0.39,2024-02-06,0205,N20,VIIRS,n,2,267.56,0.91,N,0
41.19108,1.16376,300.16,0.44,0.39,2024-02-06,0205,N20,VIIRS,n,2,276.26,0.55,N,0
41.31285,1.66084,309.68,0.46,0.39,2024-02-06,0205,N20,VIIRS,n,2,275.14,1.93,N,2
43.14957,-5.79448,302.36,0.45,0.39,2024-02-06,0205,N20,VIIRS,n,2,267.33,1.04,N,0
42.71656,-7.88067,298.62,0.76,0.77,2024-02-06,0345,N20,VIIRS,n,2,268.14,1.14,N,0
36.26944,-5.95305,329.61,0.39,0.36,2024-02-06,1327,N20,VIIRS,n,2,294.23,3.41,D,0
36.21457,-5.44984,336.57,0.4,0.37,2024-02-06,1327,N20,VIIRS,n,2,294.09,3.09,D,0
37.77897,-1.27921,339.78,0.39,0.44,2024-02-06,1327,N20,VIIRS,n,2,299.22,3.34,D,0
39.15017,-6.66041,327.7,0.39,0.36,2024-02-06,1328,N20,VIIRS,n,2,289.44,1.9,D,0
40.04126,-6.17394,336.91,0.4,0.37,2024-02-06,1328,N20,VIIRS,n,2,292.8,4.72,D,0
39.20552,-4.45145,332.89,0.44,0.39,2024-02-06,1328,N20,VIIRS,n,2,289.18,3.09,D,0
38.07668,-5.74562,325.8,0.4,0.37,2024-02-06,1328,N20,VIIRS,n,2,290.03,1.97,D,0
42.59688,-6.24696,348.89,0.42,0.38,2024-02-06,1329,N20,VIIRS,n,2,297.26,28,D,0
42.59752,-6.2419,327.83,0.42,0.38,2024-02-06,1329,N20,VIIRS,n,2,284.35,6.32,D,0
43.52472,-5.73251,329.79,0.44,0.39,2024-02-06,1329,N20,VIIRS,n,2,292.09,4.69,D,2
43.15014,-5.79296,331.09,0.44,0.38,2024-02-06,1329,N20,VIIRS,n,2,287.54,4.23,D,0
43.04218,-5.21588,329.4,0.46,0.39,2024-02-06,1329,N20,VIIRS,n,2,286.32,6.19,D,0
43.14997,-3.8446,344.84,0.51,0.41,2024-02-06,1329,N20,VIIRS,n,2,286.33,12.67,D,0
42.2277,-5.82438,328.21,0.43,0.38,2024-02-06,1329,N20,VIIRS,n,2,289.03,2.85,D,0
42.13071,-6.61087,341.58,0.41,0.37,2024-02-06,1329,N20,VIIRS,n,2,299.5,31.08,D,0
42.31226,-8.2412,344.68,0.39,0.36,2024-02-06,1329,N20,VIIRS,n,2,293.95,10.86,D,0
43.123,-3.76992,331.82,0.52,0.41,2024-02-06,1329,N20,VIIRS,n,2,281.68,8.54,D,0
43.20919,-1.63332,340.45,0.43,0.46,2024-02-06,1329,N20,VIIRS,n,2,279.39,17.04,D,0
42.67092,-6.16468,340.1,0.42,0.38,2024-02-06,1329,N20,VIIRS,n,2,290.6,12.25,D,0
43.18446,-3.72537,311.25,0.39,0.44,2024-02-07,0146,N20,VIIRS,n,2,277.97,1.26,N,0
43.44296,-3.84283,296.13,0.39,0.44,2024-02-07,0146,N20,VIIRS,n,2,280.33,0.64,N,2
42.82608,-5.407,297.73,0.46,0.47,2024-02-07,0146,N20,VIIRS,n,2,269.89,0.59,N,0
43.18389,-3.7196,306.81,0.39,0.44,2024-02-07,0146,N20,VIIRS,n,2,276.37,1.26,N,0
43.18727,-3.71256,306.48,0.39,0.44,2024-02-07,0146,N20,VIIRS,n,2,277.65,1.16,N,0
41.17313,1.22089,296.49,0.39,0.36,2024-02-07,0146,N20,VIIRS,n,2,284.65,0.85,N,0
41.31163,1.6606,295.13,0.39,0.36,2024-02-07,0146,N20,VIIRS,n,2,279.57,0.6,N,2
43.18785,-3.71854,297.8,0.39,0.44,2024-02-07,0146,N20,VIIRS,n,2,277.08,1.26,N,0
43.22472,-2.87711,296.6,0.53,0.42,2024-02-07,0146,N20,VIIRS,n,2,279.23,0.5,N,2
43.5266,-5.72926,300.36,0.48,0.48,2024-02-07,0146,N20,VIIRS,n,2,277.47,0.92,N,2
43.53893,-5.83123,303.3,0.49,0.49,2024-02-07,0146,N20,VIIRS,n,2,271.07,1.38,N,2
43.54339,-5.83045,305.92,0.49,0.49,2024-02-07,0146,N20,VIIRS,n,2,272.08,1.38,N,0
38.66807,-4.04956,296.61,0.53,0.42,2024-02-07,0147,N20,VIIRS,n,2,277.48,0.96,N,2
39.93611,-3.74482,300.68,0.53,0.42,2024-02-07,0147,N20,VIIRS,n,2,278.58,1.4,N,2
40.57788,0.54086,303.06,0.39,0.37,2024-02-07,0147,N20,VIIRS,n,2,280.92,1.08,N,2
36.96713,-1.9051,318.46,0.42,0.38,2024-02-07,0148,N20,VIIRS,n,2,286.17,1.85,N,2
43.18,-3.71898,295.62,0.69,0.74,2024-02-07,0326,N20,VIIRS,n,2,274.73,0.88,N,0
43.17497,-6.71596,320.73,0.5,0.66,2024-02-07,0326,N20,VIIRS,n,2,255.71,3.94,N,0
43.18199,-3.72476,297.62,0.69,0.74,2024-02-07,0326,N20,VIIRS,n,2,274.55,0.88,N,0
43.17233,-6.71883,320.14,0.5,0.66,2024-02-07,0326,N20,VIIRS,n,2,255.7,4.93,N,0
28.61694,-17.86969,298.52,0.61,0.53,2024-02-07,0331,N20,VIIRS,n,2,287.39,1.86,N,2
38.16203,-0.82169,325.85,0.4,0.37,2024-02-07,1309,N20,VIIRS,n,2,294.03,1.17,D,0
38.97503,-0.5682,333.5,0.42,0.37,2024-02-07,1309,N20,VIIRS,n,2,296.21,3.07,D,0
39.6028,3.25998,327.87,0.4,0.44,2024-02-07,1309,N20,VIIRS,n,2,294.32,1.85,D,0
38.82301,-4.57407,331.64,0.39,0.36,2024-02-07,1309,N20,VIIRS,n,2,277.81,3.81,D,0
39.13966,-0.56661,329.74,0.42,0.37,2024-02-07,1309,N20,VIIRS,n,2,293.12,1.95,D,0
37.61382,-5.92786,328.78,0.43,0.38,2024-02-07,1309,N20,VIIRS,n,2,289.31,3.31,D,0
42.56792,0.41702,327.57,0.48,0.4,2024-02-07,1310,N20,VIIRS,n,2,282.19,4.2,D,0
43.20528,-6.69581,341.96,0.4,0.37,2024-02-07,1310,N20,VIIRS,n,2,286.54,9.44,D,0
41.4547,1.9804,296.24,0.5,0.41,2024-02-08,0127,N20,VIIRS,n,2,282.7,0.9,N,2
41.45431,1.97916,296.37,0.5,0.41,2024-02-08,0127,N20,VIIRS,n,2,283.03,0.99,N,2
43.21375,-6.69217,320.96,0.47,0.64,2024-02-08,0127,N20,VIIRS,n,2,250.48,4.74,N,0
43.13374,-6.63127,343.85,0.47,0.64,2024-02-08,0127,N20,VIIRS,n,2,247.99,8.9,N,0
39.14618,-0.45788,337.11,0.41,0.45,2024-02-08,0128,N20,VIIRS,n,2,282.6,5.84,N,0
40.5757,0.54129,297.77,0.57,0.43,2024-02-08,0128,N20,VIIRS,n,2,281.56,0.82,N,2
39.14572,-0.45314,305.24,0.41,0.45,2024-02-08,0128,N20,VIIRS,n,2,281.55,5.84,N,0
36.96966,-1.90534,297.43,0.46,0.47,2024-02-08,0129,N20,VIIRS,n,2,280.95,0.93,N,2
39.14126,-0.4568,312.09,0.79,0.78,2024-02-08,0308,N20,VIIRS,n,2,274.43,2.75,N,0
39.14668,-0.46365,295.9,0.79,0.78,2024-02-08,0308,N20,VIIRS,n,2,275.28,3.99,N,0
43.27411,-5.66218,320.03,0.33,0.56,2024-02-08,0308,N20,VIIRS,n,2,269.88,1.65,N,0
39.14384,-0.4552,327.98,0.79,0.78,2024-02-08,0308,N20,VIIRS,n,2,275.85,3.99,N,0
39.14788,-0.4531,304.55,0.79,0.78,2024-02-08,0308,N20,VIIRS,n,2,274.02,2.75,N,0
39.41286,-0.41502,344.27,0.4,0.37,2024-02-08,1250,N20,VIIRS,n,2,290.33,7.53,D,0
42.04197,3.09023,326.58,0.41,0.37,2024-02-08,1251,N20,VIIRS,n,2,289.65,1.72,D,0
38.37531,-0.5443,303.58,0.54,0.51,2024-02-10,0231,N20,VIIRS,n,2,281.05,1.46,N,2
37.1769,-6.8932,295.18,0.44,0.38,2024-02-10,0232,N20,VIIRS,n,2,283.09,0.59,N,0
41.40743,1.99953,295.06,0.54,0.42,2024-02-11,0211,N20,VIIRS,n,2,279.16,0.65,N,2
43.45489,-4.99461,301.91,0.4,0.37,2024-02-11,0211,N20,VIIRS,n,2,280.28,1.09,N,0
43.52567,-5.73308,297.32,0.41,0.37,2024-02-11,0211,N20,VIIRS,n,2,272.55,0.71,N,2
41.92483,0.17747,306.86,0.45,0.39,2024-02-11,0211,N20,VIIRS,n,2,276.13,1.26,N,2
41.45687,1.97729,307.05,0.54,0.42,2024-02-11,0211,N20,VIIRS,n,2,279.82,1.89,N,2
39.93663,-3.74337,310.87,0.39,0.36,2024-02-11,0212,N20,VIIRS,n,2,276.89,1.49,N,2
40.57809,0.54159,298.14,0.49,0.4,2024-02-11,0212,N20,VIIRS,n,2,279.12,0.65,N,2
40.57679,0.54291,300.16,0.49,0.4,2024-02-11,0212,N20,VIIRS,n,2,280.38,0.69,N,2
41.31306,1.66094,310.48,0.53,0.42,2024-02-11,0212,N20,VIIRS,n,2,280.6,1.93,N,2
43.24637,-4.13546,348.37,0.39,0.44,2024-02-11,1335,N20,VIIRS,n,2,285.02,5.2,D,0
43.54192,-5.83215,342.92,0.41,0.45,2024-02-12,0152,N20,VIIRS,n,2,286.66,5.88,N,2
43.52874,-5.73649,295.65,0.41,0.45,2024-02-12,0152,N20,VIIRS,n,2,276.36,2.24,N,2
43.03616,-2.21881,308.22,0.44,0.38,2024-02-12,0152,N20,VIIRS,n,2,279.7,1.4,N,2
43.08005,-2.99504,295.42,0.46,0.39,2024-02-12,0152,N20,VIIRS,n,2,280.34,0.58,N,0
43.56903,-5.69266,301.08,0.4,0.45,2024-02-12,0152,N20,VIIRS,n,2,280.17,1.18,N,3
43.55484,-5.86016,298.8,0.41,0.45,2024-02-12,0152,N20,VIIRS,n,2,281.04,0.66,N,2
43.52829,-5.73174,337.75,0.41,0.45,2024-02-12,0152,N20,VIIRS,n,2,278.53,2.24,N,2
41.40595,1.99902,309.22,0.39,0.36,2024-02-12,0153,N20,VIIRS,n,2,279.66,1.08,N,2
41.45402,1.97952,317.57,0.39,0.36,2024-02-12,0153,N20,VIIRS,n,2,282.58,2.1,N,2
41.32223,2.0488,320.03,0.39,0.36,2024-02-12,0153,N20,VIIRS,n,2,272.65,1.63,N,0
38.37755,-0.54338,309.66,0.38,0.36,2024-02-12,0154,N20,VIIRS,n,2,281.41,1.27,N,2
36.96566,-1.90481,312.07,0.39,0.36,2024-02-12,0154,N20,VIIRS,n,2,285.62,1.36,N,2
43.52968,-5.74022,296.2,0.64,0.72,2024-02-12,0332,N20,VIIRS,n,2,278.75,3.38,N,0
43.52679,-5.73162,315.66,0.64,0.72,2024-02-12,0332,N20,VIIRS,n,2,280.76,3.51,N,2
37.56783,-6.06699,347.77,0.4,0.37,2024-02-12,1315,N20,VIIRS,n,2,291.91,6.19,D,0
39.11246,-3.68343,329.57,0.39,0.36,2024-02-12,1315,N20,VIIRS,n,2,287.92,3,D,0
39.57618,-0.55947,330.27,0.48,0.4,2024-02-12,1315,N20,VIIRS,n,2,295.49,2.44,D,0
38.77243,-6.81736,342.62,0.41,0.37,2024-02-12,1315,N20,VIIRS,n,2,291.75,2.82,D,0
38.77577,-6.81829,356.12,0.41,0.37,2024-02-12,1315,N20,VIIRS,l,2,292.36,8.83,D,0
37.55602,-6.05465,339.94,0.4,0.37,2024-02-12,1315,N20,VIIRS,n,2,292.36,2.17,D,0
37.55935,-6.05551,340.46,0.4,0.37,2024-02-12,1315,N20,VIIRS,n,2,292.47,2.17,D,0
37.50331,-5.94459,326.9,0.4,0.37,2024-02-12,1315,N20,VIIRS,n,2,292.87,2.07,D,0
43.52933,-5.73183,333.11,0.35,0.57,2024-02-13,0133,N20,VIIRS,n,2,283.29,2.1,N,2
43.52953,-5.73593,295.38,0.35,0.57,2024-02-13,0133,N20,VIIRS,n,2,277.94,2.3,N,2
43.5241,-5.73264,296.31,0.35,0.57,2024-02-13,0133,N20,VIIRS,n,2,279.88,2.1,N,2
43.52879,-5.7328,329.85,0.39,0.59,2024-02-13,0314,N20,VIIRS,n,2,282.72,3.91,N,2
37.73591,-1.06241,331.9,0.39,0.37,2024-02-13,1256,N20,VIIRS,n,2,296.17,1.7,D,0
37.78713,-1.37098,328.98,0.4,0.37,2024-02-13,1256,N20,VIIRS,n,2,297.96,2.02,D,0
38.46186,-1.34636,327.84,0.4,0.37,2024-02-13,1256,N20,VIIRS,n,2,295.27,1.4,D,0
38.87862,-1.11772,325.88,0.39,0.36,2024-02-13,1256,N20,VIIRS,n,2,290.91,0.87,D,0
38.62637,-1.69338,336.67,0.4,0.37,2024-02-13,1256,N20,VIIRS,n,2,292.32,2.88,D,0
36.1878,-5.40767,332.99,0.39,0.44,2024-02-13,1256,N20,VIIRS,n,2,293.83,2.78,D,0
36.18897,-5.40803,338.21,0.39,0.44,2024-02-13,1256,N20,VIIRS,n,2,294.05,2.5,D,0
37.61057,-0.92974,332.54,0.39,0.36,2024-02-13,1256,N20,VIIRS,n,2,297.48,1.42,D,0
37.65353,-0.941,342.38,0.39,0.36,2024-02-13,1256,N20,VIIRS,n,2,297.09,3.15,D,0
37.68574,-0.90692,336.37,0.39,0.36,2024-02-13,1256,N20,VIIRS,n,2,298.25,2.96,D,0
37.68904,-0.90778,341.33,0.39,0.36,2024-02-13,1256,N20,VIIRS,n,2,298.3,2.96,D,0
37.73333,-1.05713,337.78,0.39,0.37,2024-02-13,1256,N20,VIIRS,n,2,298.73,3.91,D,0
37.7326,-1.06154,356.34,0.39,0.37,2024-02-13,1256,N20,VIIRS,l,2,298.72,3.91,D,0
37.73664,-1.05799,340.81,0.39,0.37,2024-02-13,1256,N20,VIIRS,n,2,296.92,1.7,D,0
42.07935,3.15437,329.82,0.46,0.39,2024-02-13,1257,N20,VIIRS,n,2,291.85,5.39,D,0
39.45252,-0.43043,325.7,0.38,0.36,2024-02-13,1257,N20,VIIRS,l,2,296.25,1.83,D,0
39.47425,-1.1547,337.11,0.39,0.36,2024-02-13,1257,N20,VIIRS,n,2,291.74,4.38,D,0
39.6867,-0.85147,348.44,0.39,0.36,2024-02-13,1257,N20,VIIRS,n,2,296.65,5.65,D,0
39.68599,-0.85592,327.05,0.39,0.36,2024-02-13,1257,N20,VIIRS,n,2,296.94,1.57,D,0
40.57238,0.40547,330.49,0.39,0.36,2024-02-13,1257,N20,VIIRS,n,2,291.4,1.96,D,0
43.12106,-4.37782,327.91,0.42,0.38,2024-02-13,1258,N20,VIIRS,n,2,290.03,6.36,D,0
43.52674,-5.73139,329.79,0.46,0.39,2024-02-13,1258,N20,VIIRS,n,2,294.09,4.16,D,2
43.52325,-5.73014,328.57,0.46,0.39,2024-02-13,1258,N20,VIIRS,n,2,292.5,2.56,D,2
43.16629,-4.18321,342.88,0.42,0.37,2024-02-13,1258,N20,VIIRS,n,2,302.6,15.58,D,0
43.16723,-4.17799,340.24,0.42,0.37,2024-02-13,1258,N20,VIIRS,n,2,294.82,15.58,D,0
43.12013,-4.38299,344.55,0.42,0.38,2024-02-13,1258,N20,VIIRS,n,2,297.52,6.36,D,0
43.22751,-2.88142,311.43,0.44,0.62,2024-02-14,0114,N20,VIIRS,n,2,281.93,1.25,N,0
43.28536,-6.27926,309.62,0.65,0.73,2024-02-14,0114,N20,VIIRS,n,2,278.98,2.31,N,0
43.54288,-5.82917,302.94,0.62,0.71,2024-02-14,0114,N20,VIIRS,n,2,281.82,3.34,N,2
43.54296,-5.83745,319.38,0.62,0.71,2024-02-14,0114,N20,VIIRS,n,2,282.27,4.11,N,2
43.22769,-2.88676,296.55,0.44,0.62,2024-02-14,0114,N20,VIIRS,n,2,281.09,0.52,N,0
41.31553,1.66173,298.73,0.49,0.48,2024-02-14,0115,N20,VIIRS,n,2,280.05,0.89,N,2
39.9527,-0.0066,295.9,0.58,0.52,2024-02-14,0115,N20,VIIRS,n,2,285.58,1.22,N,2
43.20523,-4.26313,330.11,0.51,0.66,2024-02-14,0115,N20,VIIRS,n,2,278.46,2.53,N,0
43.19915,-4.26688,301.52,0.51,0.66,2024-02-14,0115,N20,VIIRS,n,2,277.32,2.53,N,0
40.57714,0.54234,299.71,0.55,0.51,2024-02-14,0115,N20,VIIRS,n,2,283.85,0.75,N,2
43.28334,-6.27738,303.33,0.65,0.73,2024-02-14,0115,N20,VIIRS,n,2,278.71,1.83,N,0
36.96843,-1.90566,305.1,0.34,0.56,2024-02-14,0116,N20,VIIRS,n,2,284.73,0.84,N,2
38.66783,-4.05176,299.5,0.47,0.64,2024-02-14,0116,N20,VIIRS,n,2,280.45,1.04,N,2
38.66806,-4.05731,298.55,0.47,0.64,2024-02-14,0116,N20,VIIRS,n,2,281.06,1.04,N,0
43.52981,-5.73183,297.93,0.46,0.47,2024-02-14,0255,N20,VIIRS,n,2,280.92,0.6,N,2
43.28518,-6.27398,306.66,0.44,0.46,2024-02-14,0255,N20,VIIRS,n,2,280.38,2.66,N,0
43.30023,-3.76679,309.04,0.58,0.52,2024-02-14,0255,N20,VIIRS,n,2,282.68,1.51,N,0
43.20071,-4.26211,313.77,0.55,0.51,2024-02-14,0255,N20,VIIRS,n,2,279.85,2.85,N,0
43.19901,-4.25535,315.59,0.55,0.51,2024-02-14,0255,N20,VIIRS,n,2,280.93,2.85,N,0
43.52565,-5.73366,305.93,0.46,0.47,2024-02-14,0255,N20,VIIRS,n,2,283.99,1.66,N,2
43.55138,-5.8602,296.81,0.45,0.47,2024-02-14,0255,N20,VIIRS,n,2,281.35,0.76,N,2
43.54218,-5.84086,302.97,0.46,0.47,2024-02-14,0255,N20,VIIRS,n,2,279.48,0.94,N,2
41.31055,1.66008,303.72,0.6,0.71,2024-02-14,0255,N20,VIIRS,n,2,280.93,1.91,N,2
41.31565,1.66119,308.55,0.6,0.71,2024-02-14,0255,N20,VIIRS,n,2,280.49,1.8,N,2
43.28389,-6.26838,334.69,0.44,0.46,2024-02-14,0255,N20,VIIRS,n,2,281.39,2.66,N,0
37.35911,-5.86686,299.43,0.55,0.43,2024-02-15,0238,N20,VIIRS,n,2,285.56,1.18,N,2
38.32084,-6.72055,297.16,0.49,0.4,2024-02-15,0238,N20,VIIRS,n,2,278.9,1.35,N,0
43.52605,-5.73423,300.92,0.39,0.36,2024-02-16,0218,N20,VIIRS,n,2,284.19,1.18,N,2
43.52888,-5.73183,297.39,0.39,0.36,2024-02-16,0218,N20,VIIRS,n,2,281.5,0.55,N,2
39.93578,-3.74546,312.83,0.41,0.37,2024-02-16,0218,N20,VIIRS,n,2,281.67,1.68,N,2
43.51949,-5.73608,298.52,0.39,0.36,2024-02-16,0218,N20,VIIRS,n,2,281.59,0.76,N,2
43.52534,-5.7295,301.69,0.39,0.36,2024-02-16,0218,N20,VIIRS,n,2,283,0.87,N,2
43.52818,-5.7271,295.15,0.39,0.36,2024-02-16,0218,N20,VIIRS,n,2,282.73,0.55,N,2
37.36055,-5.866,300.42,0.39,0.36,2024-02-16,0219,N20,VIIRS,n,2,276.6,0.66,N,2
38.3213,-6.71788,307.12,0.38,0.36,2024-02-16,0219,N20,VIIRS,n,2,282.67,1.03,N,0
36.96708,-1.90737,302.2,0.52,0.41,2024-02-16,0219,N20,VIIRS,n,2,284.38,1.24,N,2
43.52511,-5.73088,298.49,0.52,0.41,2024-02-17,0159,N20,VIIRS,n,2,280.35,1.66,N,2
43.52446,-5.73741,312.75,0.52,0.41,2024-02-17,0159,N20,VIIRS,n,2,280.7,1.64,N,2
43.5238,-5.73109,295.16,0.52,0.41,2024-02-17,0159,N20,VIIRS,n,2,280,1.64,N,2
43.5258,-5.73719,314.62,0.52,0.41,2024-02-17,0159,N20,VIIRS,n,2,280.95,1.99,N,2
43.5276,-5.73028,301.29,0.52,0.41,2024-02-17,0159,N20,VIIRS,n,2,282.19,1.23,N,2
43.53835,-5.83345,308.48,0.52,0.42,2024-02-17,0159,N20,VIIRS,n,2,278.9,2.61,N,2
43.54216,-5.83267,326.01,0.52,0.42,2024-02-17,0159,N20,VIIRS,n,2,282.75,2.61,N,2
43.55321,-5.86394,311.23,0.53,0.42,2024-02-17,0159,N20,VIIRS,n,2,279.75,2.26,N,0
41.08201,-4.16371,311.9,0.43,0.38,2024-02-17,0159,N20,VIIRS,n,2,274.05,1.15,N,0
41.92481,0.17755,310.74,0.39,0.36,2024-02-17,0159,N20,VIIRS,n,2,276.28,1.01,N,2
42.5533,-6.7684,297.37,0.56,0.43,2024-02-17,0159,N20,VIIRS,n,2,277.42,0.91,N,0
42.55206,-6.76907,296.97,0.56,0.43,2024-02-17,0159,N20,VIIRS,n,2,276.81,1.04,N,0
43.34594,-8.43876,295.39,0.46,0.47,2024-02-17,0159,N20,VIIRS,n,2,281.2,0.58,N,2
36.96689,-1.90443,310.76,0.38,0.36,2024-02-17,0200,N20,VIIRS,n,2,285.86,1.43,N,2
38.37708,-0.54458,302.66,0.39,0.36,2024-02-17,0200,N20,VIIRS,n,2,283.21,0.84,N,2
39.93673,-3.74405,306.07,0.41,0.37,2024-02-17,0200,N20,VIIRS,n,2,279.1,1.28,N,2
37.71206,-6.57634,341.29,0.39,0.36,2024-02-17,1321,N20,VIIRS,n,2,292.21,2.83,D,0
37.55956,-6.06707,344.7,0.38,0.36,2024-02-17,1321,N20,VIIRS,n,2,297.21,6.79,D,0
37.56088,-6.05847,342,0.38,0.36,2024-02-17,1321,N20,VIIRS,n,2,297.51,9.65,D,0
37.55761,-6.05767,348.05,0.38,0.36,2024-02-17,1321,N20,VIIRS,n,2,297.3,9.65,D,0
37.55433,-6.05688,338.34,0.38,0.36,2024-02-17,1321,N20,VIIRS,n,2,294.46,2.17,D,0
37.29821,-6.51792,338.23,0.39,0.36,2024-02-17,1321,N20,VIIRS,n,2,292.38,2.77,D,0
36.84893,-5.65951,328.06,0.38,0.36,2024-02-17,1321,N20,VIIRS,n,2,292.74,1.44,D,0
36.55014,-6.09319,342.47,0.39,0.36,2024-02-17,1321,N20,VIIRS,n,2,295.21,2.47,D,0
36.68877,-4.67727,328.41,0.39,0.36,2024-02-17,1321,N20,VIIRS,n,2,298.22,1.07,D,0
38.03061,-5.74723,328.59,0.38,0.36,2024-02-17,1321,N20,VIIRS,n,2,290.73,2.1,D,0
37.71275,-6.57202,328.02,0.39,0.36,2024-02-17,1321,N20,VIIRS,n,2,290.23,1.24,D,0
39.79986,-3.2526,326.39,0.44,0.38,2024-02-17,1322,N20,VIIRS,n,2,289.61,1.93,D,0
42.15793,-1.65026,332.18,0.53,0.42,2024-02-17,1322,N20,VIIRS,n,2,288.37,4.6,D,0
43.52434,-5.73294,330.49,0.4,0.37,2024-02-17,1323,N20,VIIRS,n,2,295.15,4.87,D,2
42.55521,-6.76972,296.48,0.32,0.55,2024-02-18,0140,N20,VIIRS,n,2,268.71,0.51,N,0
43.5266,-5.73456,331.96,0.58,0.52,2024-02-18,0140,N20,VIIRS,n,2,263.45,4.61,N,2
43.52987,-5.72881,304.27,0.58,0.52,2024-02-18,0140,N20,VIIRS,n,2,262.26,3.1,N,2
41.45407,1.98135,304.14,0.4,0.37,2024-02-18,0140,N20,VIIRS,n,2,284.43,1.54,N,2
41.40656,1.99912,299.97,0.4,0.37,2024-02-18,0140,N20,VIIRS,n,2,281.72,0.79,N,2
41.31335,1.66307,315.3,0.41,0.37,2024-02-18,0140,N20,VIIRS,n,2,282.74,2.07,N,2
40.57698,0.54374,301.18,0.43,0.38,2024-02-18,0140,N20,VIIRS,n,2,282.98,0.91,N,2
43.53029,-5.73565,320.78,0.58,0.52,2024-02-18,0140,N20,VIIRS,n,2,261.9,3.1,N,2
43.54097,-5.82988,306.51,0.59,0.53,2024-02-18,0140,N20,VIIRS,n,2,274.98,2.19,N,2
41.45574,1.97928,310.31,0.4,0.37,2024-02-18,0140,N20,VIIRS,n,2,283.64,1.09,N,2
43.03407,-2.2208,302.36,0.39,0.44,2024-02-18,0140,N20,VIIRS,n,2,267.43,0.72,N,2
39.93694,-3.74457,297.7,0.42,0.45,2024-02-18,0141,N20,VIIRS,n,2,271.85,0.82,N,2
36.96851,-1.9055,307.41,0.48,0.4,2024-02-18,0142,N20,VIIRS,n,2,283.63,1.84,N,2
43.52968,-5.73393,349.6,0.46,0.64,2024-02-18,0320,N20,VIIRS,n,2,273.2,5.93,N,2
37.37111,-2.23464,346.1,0.39,0.36,2024-02-18,1302,N20,VIIRS,n,2,298.41,2.73,D,0
37.36711,-2.23818,336.17,0.39,0.36,2024-02-18,1302,N20,VIIRS,n,2,297.35,2.89,D,0
38.94221,-0.6354,326.64,0.39,0.36,2024-02-18,1303,N20,VIIRS,n,2,296.98,1.97,D,0
38.6707,-4.05429,301.91,0.38,0.59,2024-02-19,0122,N20,VIIRS,n,2,280.04,1.11,N,0
36.96719,-1.90551,299.22,0.56,0.51,2024-02-19,0123,N20,VIIRS,n,2,283.45,1.46,N,2
37.36077,-5.86613,295.18,0.39,0.59,2024-02-19,0303,N20,VIIRS,n,2,282.27,0.58,N,2
39.39522,-0.5699,325.71,0.45,0.39,2024-02-19,1244,N20,VIIRS,n,2,291.58,2.03,D,0
38.1464,-0.72672,337.94,0.47,0.4,2024-02-19,1244,N20,VIIRS,n,2,287.54,4.27,D,0
40.3728,-1.09896,327.55,0.45,0.39,2024-02-19,1244,N20,VIIRS,n,2,292.43,1.94,D,0
41.12082,1.06289,329.37,0.39,0.36,2024-02-19,1244,N20,VIIRS,n,2,294.15,2.68,D,0
42.1414,-1.57529,335.4,0.44,0.39,2024-02-19,1245,N20,VIIRS,n,2,289.5,3.13,D,0
40.97968,-2.99297,343.06,0.52,0.42,2024-02-19,1245,N20,VIIRS,n,2,293.73,6.48,D,0
40.98006,-2.99222,346.01,0.52,0.42,2024-02-19,1245,N20,VIIRS,n,2,293.54,9.22,D,0
43.22739,-2.87984,298.14,0.63,0.72,2024-02-20,0102,N20,VIIRS,n,2,278.23,0.95,N,2
40.58037,0.54062,299.69,0.4,0.6,2024-02-20,0103,N20,VIIRS,n,2,281.05,0.74,N,0
43.52938,-5.73009,297.1,0.51,0.41,2024-02-20,0243,N20,VIIRS,n,2,283.23,1.41,N,2
43.52702,-5.73772,298.24,0.5,0.41,2024-02-20,0243,N20,VIIRS,n,2,282.7,1.41,N,2
43.52574,-5.73155,322.03,0.51,0.41,2024-02-20,0243,N20,VIIRS,n,2,285.71,1.41,N,2
39.93623,-3.74475,302.3,0.49,0.49,2024-02-20,0243,N20,VIIRS,n,2,278,1.24,N,2
42.55306,-6.77038,296.12,0.48,0.4,2024-02-20,0243,N20,VIIRS,n,2,278.1,0.71,N,0
41.92325,0.1774,322.92,0.34,0.56,2024-02-20,0243,N20,VIIRS,n,2,276.6,1.56,N,2
37.36017,-5.86351,299.02,0.44,0.46,2024-02-20,0244,N20,VIIRS,n,2,284.4,0.44,N,2
36.96731,-1.90568,301.76,0.36,0.58,2024-02-20,0244,N20,VIIRS,n,2,283.44,0.52,N,2
38.37492,-0.54485,299.93,0.39,0.6,2024-02-20,0244,N20,VIIRS,n,2,282.67,0.82,N,2
38.4353,-1.72116,325.82,0.58,0.52,2024-02-20,1225,N20,VIIRS,l,2,298.38,3.41,D,0
38.89196,-1.38256,333.2,0.54,0.51,2024-02-20,1225,N20,VIIRS,n,2,294.23,3.22,D,0
39.35286,-3.5059,328.22,0.34,0.56,2024-02-20,1225,N20,VIIRS,n,2,295.16,2.19,D,0
37.34946,-2.0448,333.67,0.32,0.55,2024-02-20,1225,N20,VIIRS,n,2,299.03,2.12,D,0
39.57263,-3.37855,326.47,0.33,0.55,2024-02-20,1225,N20,VIIRS,n,2,293.91,1.7,D,0
37.39767,-2.46892,325.6,0.34,0.56,2024-02-20,1225,N20,VIIRS,n,2,294.29,0.89,D,0
38.4306,-1.71965,337.77,0.58,0.52,2024-02-20,1225,N20,VIIRS,n,2,298.53,5.05,D,0
42.16045,-1.65019,337.62,0.47,0.48,2024-02-20,1226,N20,VIIRS,n,2,290.69,7.96,D,0
41.63011,0.19432,338.1,0.39,0.44,2024-02-20,1226,N20,VIIRS,n,2,291.27,2.99,D,0
41.66664,0.28424,340.82,0.39,0.44,2024-02-20,1226,N20,VIIRS,n,2,286.91,3.32,D,0
40.91482,-2.94678,338.34,0.58,0.52,2024-02-20,1226,N20,VIIRS,n,2,291.05,10.08,D,0
40.91308,-2.95371,333.75,0.58,0.52,2024-02-20,1226,N20,VIIRS,n,2,295.65,13.32,D,0
40.92228,-2.95762,355.11,0.58,0.52,2024-02-20,1226,N20,VIIRS,n,2,294.94,15.6,D,0
40.89343,-3.09281,333.78,0.59,0.53,2024-02-20,1226,N20,VIIRS,n,2,293.5,4.58,D,0
40.41579,-4.93908,367,0.38,0.59,2024-02-20,1226,N20,VIIRS,h,2,292.36,43.51,D,0
40.41463,-4.94338,287.18,0.38,0.59,2024-02-20,1226,N20,VIIRS,l,2,321.35,43.51,D,0
40.9973,-3.00476,325.03,0.58,0.52,2024-02-20,1226,N20,VIIRS,n,2,293.23,2.45,D,0
41.43237,-1.27173,336.51,0.47,0.47,2024-02-20,1226,N20,VIIRS,n,2,293.51,2.64,D,0
41.723,-1.16,337.63,0.45,0.47,2024-02-20,1226,N20,VIIRS,n,2,290.56,4.34,D,0
42.13371,-1.56785,327.18,0.46,0.47,2024-02-20,1226,N20,VIIRS,n,2,290.18,4.36,D,0
42.35867,-8.34691,354,0.49,0.65,2024-02-20,1227,N20,VIIRS,n,2,285.09,15.08,D,0
28.15154,-16.47279,341.55,0.41,0.37,2024-02-20,1403,N20,VIIRS,n,2,301.29,2.79,D,0
28.15084,-16.4769,334.12,0.41,0.37,2024-02-20,1403,N20,VIIRS,n,2,304.01,4.1,D,0
40.41283,-4.93324,329.36,0.42,0.61,2024-02-20,1406,N20,VIIRS,n,2,283.35,5.02,D,0
38.66447,-4.04365,326.68,0.46,0.63,2024-02-20,1406,N20,VIIRS,n,2,294.96,3.13,D,2
40.91494,-2.9513,335.82,0.54,0.68,2024-02-20,1406,N20,VIIRS,n,2,287.38,2.58,D,0
42.99872,-6.16692,328.77,0.38,0.59,2024-02-20,1407,N20,VIIRS,n,2,280.1,2.49,D,0
42.99858,-6.17034,333,0.38,0.59,2024-02-20,1407,N20,VIIRS,n,2,282.12,2.49,D,0
42.99745,-6.17102,325.14,0.38,0.59,2024-02-20,1407,N20,VIIRS,n,2,279.86,5.45,D,0
43.03632,-2.21786,299.53,0.46,0.39,2024-02-21,0224,N20,VIIRS,n,2,270.66,0.37,N,2
41.31113,1.66047,307.34,0.49,0.49,2024-02-21,0224,N20,VIIRS,n,2,278.13,2.11,N,2
43.03514,-2.21949,302.74,0.46,0.39,2024-02-21,0224,N20,VIIRS,n,2,270.58,1.04,N,2
37.35896,-5.86428,303.18,0.42,0.38,2024-02-21,0225,N20,VIIRS,n,2,279.72,0.7,N,2
38.3229,-6.71921,318.52,0.39,0.37,2024-02-21,0225,N20,VIIRS,n,2,280.9,0.95,N,0
36.96874,-1.90496,299.94,0.41,0.45,2024-02-21,0225,N20,VIIRS,n,2,284.25,1.07,N,2
39.9378,-3.74712,296.95,0.45,0.39,2024-02-21,0225,N20,VIIRS,n,2,275.03,0.76,N,2
37.18562,-6.90398,298.88,0.4,0.37,2024-02-21,0226,N20,VIIRS,n,2,286.85,0.63,N,0
35.87648,-5.34202,301.03,0.45,0.39,2024-02-21,0226,N20,VIIRS,n,2,285.83,0.94,N,0
39.99918,4.08801,327.33,0.47,0.48,2024-02-21,1206,N20,VIIRS,n,2,291.01,2.9,D,0
38.06571,-1.78793,329.64,0.53,0.67,2024-02-21,1206,N20,VIIRS,n,2,293.38,2.64,D,0
37.91069,-3.4312,328.18,0.65,0.73,2024-02-21,1206,N20,VIIRS,n,2,290.96,3.14,D,0
39.39802,-0.57323,330.8,0.42,0.61,2024-02-21,1207,N20,VIIRS,n,2,291.33,2.12,D,0
37.92789,-1.95495,339.72,0.32,0.55,2024-02-21,1346,N20,VIIRS,n,2,296.9,2.93,D,0
37.24999,-3.10726,334.36,0.55,0.51,2024-02-21,1346,N20,VIIRS,n,2,298.21,2.35,D,0
37.86436,-0.8929,336.88,0.37,0.58,2024-02-21,1346,N20,VIIRS,n,2,296.75,2.39,D,0
37.92686,-1.95452,337.17,0.32,0.55,2024-02-21,1346,N20,VIIRS,n,2,296.43,1.81,D,0
43.52579,-5.73366,299.1,0.45,0.39,2024-02-22,0205,N20,VIIRS,n,2,264.36,0.58,N,2
43.54138,-5.83374,321.45,0.46,0.39,2024-02-22,0205,N20,VIIRS,n,2,271.2,1.81,N,2
43.11842,-3.75408,299.37,0.4,0.37,2024-02-22,0205,N20,VIIRS,n,2,276.4,0.57,N,0
43.07883,-6.39558,325.61,0.47,0.4,2024-02-22,0205,N20,VIIRS,n,2,249.34,4.11,N,0
43.07529,-6.39719,327.71,0.47,0.4,2024-02-22,0205,N20,VIIRS,n,2,250.59,4.11,N,0
43.07174,-6.39872,322.85,0.47,0.4,2024-02-22,0205,N20,VIIRS,n,2,250.55,4.09,N,0
42.32752,-4.03663,300.32,0.4,0.37,2024-02-22,0205,N20,VIIRS,n,2,267.66,0.51,N,0
43.52869,-5.73122,300.32,0.48,0.48,2024-02-23,0146,N20,VIIRS,n,2,279.46,1.19,N,2
43.54124,-5.83332,297.15,0.49,0.49,2024-02-23,0146,N20,VIIRS,n,2,261.08,0.57,N,2
43.52424,-5.73195,325.2,0.48,0.48,2024-02-23,0146,N20,VIIRS,n,2,278.18,1.98,N,2
39.9366,-3.74704,301.44,0.53,0.42,2024-02-23,0147,N20,VIIRS,n,2,278.08,1.26,N,2
40.57654,0.5393,300.26,0.39,0.37,2024-02-23,0147,N20,VIIRS,n,2,282.42,0.51,N,2
39.92757,-0.08033,325.7,0.44,0.38,2024-02-23,1309,N20,VIIRS,n,2,295.11,1.25,D,0
39.81719,-5.62654,339.42,0.41,0.37,2024-02-23,1309,N20,VIIRS,n,2,288.38,3.07,D,0
38.01503,-1.12607,336.59,0.4,0.37,2024-02-23,1309,N20,VIIRS,n,2,304.9,25.16,D,0
38.4311,-1.71643,341.22,0.39,0.36,2024-02-23,1309,N20,VIIRS,n,2,290.33,4.1,D,0
38.43441,-1.71721,342.09,0.39,0.36,2024-02-23,1309,N20,VIIRS,n,2,293.79,3.69,D,0
38.62666,-1.68204,327.17,0.39,0.36,2024-02-23,1309,N20,VIIRS,n,2,290.13,2.3,D,0
38.62602,-1.68651,336.9,0.39,0.36,2024-02-23,1309,N20,VIIRS,n,2,290.72,2.3,D,0
39.20385,-3.52589,335.04,0.38,0.36,2024-02-23,1309,N20,VIIRS,n,2,285.56,2.66,D,0
39.24934,-6.4521,338.31,0.43,0.38,2024-02-23,1309,N20,VIIRS,n,2,290.62,8.82,D,0
36.96711,-1.90518,303.19,0.46,0.47,2024-02-24,0129,N20,VIIRS,n,2,282.37,0.72,N,2
37.35826,-5.86671,295.92,0.47,0.64,2024-02-24,0309,N20,VIIRS,n,2,279.32,0.64,N,2
41.73622,-2.20259,326.4,0.42,0.38,2024-02-24,1251,N20,VIIRS,n,2,280.22,1.31,D,0
42.22821,-1.91236,343.37,0.41,0.37,2024-02-24,1251,N20,VIIRS,n,2,287.67,4.53,D,0
37.22305,-5.88485,303.76,0.54,0.5,2024-02-25,0251,N20,VIIRS,n,2,276.5,1.49,N,0
37.22167,-5.87902,297.65,0.54,0.5,2024-02-25,0251,N20,VIIRS,n,2,277.46,1.49,N,0
41.31259,1.66012,304.28,0.59,0.53,2024-02-26,0230,N20,VIIRS,n,2,279.06,2.1,N,2
41.31289,1.65943,308.68,0.59,0.53,2024-02-26,0230,N20,VIIRS,n,2,278.37,1.57,N,2
43.03451,-2.22126,295.14,0.53,0.42,2024-02-26,0230,N20,VIIRS,n,2,277.28,1.07,N,2
38.37841,-0.54525,300.04,0.54,0.51,2024-02-26,0231,N20,VIIRS,n,2,282.83,0.98,N,2
38.37775,-0.54623,300.92,0.54,0.51,2024-02-26,0231,N20,VIIRS,n,2,282.29,1.25,N,2
40.57788,0.54345,296.89,0.54,0.51,2024-02-26,0231,N20,VIIRS,n,2,283.92,0.56,N,2
37.35865,-5.86405,298.74,0.47,0.4,2024-02-26,0232,N20,VIIRS,n,2,281.97,0.55,N,2
42.12366,2.31292,327.27,0.43,0.46,2024-02-26,1213,N20,VIIRS,n,2,283.52,4.6,D,0
39.99541,-4.52111,356.1,0.53,0.67,2024-02-26,1213,N20,VIIRS,l,2,285.09,13.25,D,0
39.99944,-4.5299,348.67,0.53,0.67,2024-02-26,1213,N20,VIIRS,n,2,283.81,12.67,D,0
41.32327,1.21746,338.23,0.62,0.71,2024-02-26,1354,N20,VIIRS,n,2,288.5,4.43,D,0
41.32085,1.21676,338.3,0.62,0.71,2024-02-26,1354,N20,VIIRS,n,2,288.96,5.22,D,0
41.31366,1.65989,303.14,0.53,0.42,2024-02-27,0212,N20,VIIRS,n,2,273.77,1.45,N,2
40.5772,0.54122,298.02,0.49,0.4,2024-02-27,0212,N20,VIIRS,n,2,281.04,0.85,N,2
41.47414,-1.48647,309.31,0.41,0.37,2024-02-27,0212,N20,VIIRS,n,2,278.81,1.33,N,2
42.55327,-6.77025,297.75,0.43,0.38,2024-02-27,0212,N20,VIIRS,n,2,274.96,0.79,N,0
38.32235,-6.71771,307.12,0.4,0.37,2024-02-27,0213,N20,VIIRS,n,2,277.74,1.06,N,0
41.17668,1.22986,325.02,0.44,0.62,2024-02-27,1154,N20,VIIRS,n,2,292.23,1.6,D,0
39.24822,-6.44704,329.07,0.43,0.38,2024-02-27,1334,N20,VIIRS,n,2,288.54,4.13,D,0
39.24759,-6.45203,333.7,0.43,0.38,2024-02-27,1334,N20,VIIRS,n,2,293.59,4.13,D,0
41.92431,0.18405,334.1,0.62,0.54,2024-02-27,1335,N20,VIIRS,n,2,289.32,4.84,D,0
39.27691,-2.74478,308.46,0.42,0.38,2024-02-28,0153,N20,VIIRS,n,2,269.98,1.58,N,0
42.55448,-6.76943,295.49,0.44,0.46,2024-02-28,0153,N20,VIIRS,n,2,273.47,0.66,N,0
41.92289,0.17748,307.3,0.39,0.36,2024-02-28,0153,N20,VIIRS,n,2,275.63,0.85,N,2
41.92617,0.17837,314.71,0.39,0.36,2024-02-28,0153,N20,VIIRS,n,2,277.02,0.85,N,2
37.36135,-6.67258,295.38,0.38,0.44,2024-02-28,0154,N20,VIIRS,n,2,278.3,0.4,N,0
38.37835,-0.5451,297.49,0.38,0.36,2024-02-28,0154,N20,VIIRS,n,2,280.34,0.45,N,2
42.61368,-6.76784,300.17,0.62,0.71,2024-02-28,0333,N20,VIIRS,n,2,269.91,1.14,N,0
38.42355,-6.2197,343.73,0.4,0.37,2024-02-28,1315,N20,VIIRS,n,2,288.56,2.15,D,0
37.92927,-7.22042,326.55,0.42,0.38,2024-02-28,1315,N20,VIIRS,n,2,289.4,2.91,D,0
37.94466,-7.01211,327.35,0.42,0.37,2024-02-28,1315,N20,VIIRS,n,2,287.94,2.01,D,0
37.72255,-5.93138,356.49,0.4,0.37,2024-02-28,1315,N20,VIIRS,l,2,296.37,7.86,D,0
37.71924,-5.9305,356.39,0.4,0.37,2024-02-28,1315,N20,VIIRS,l,2,296.14,4.01,D,0
37.71997,-5.92606,330.96,0.4,0.37,2024-02-28,1315,N20,VIIRS,n,2,292.72,4.01,D,0
37.71593,-5.92961,345.66,0.4,0.37,2024-02-28,1315,N20,VIIRS,n,2,293.4,4.01,D,0
37.74179,-1.44329,331.88,0.43,0.38,2024-02-28,1315,N20,VIIRS,n,2,295.12,3.67,D,0
38.44598,-6.23052,344.95,0.4,0.37,2024-02-28,1315,N20,VIIRS,n,2,289.98,8.5,D,0
38.44043,-6.24304,356.54,0.4,0.37,2024-02-28,1315,N20,VIIRS,l,2,291.72,11.94,D,0
38.43936,-6.22872,356.55,0.4,0.37,2024-02-28,1315,N20,VIIRS,l,2,291.25,4.61,D,0
38.43049,-6.24032,356.37,0.4,0.37,2024-02-28,1315,N20,VIIRS,l,2,289.9,17.16,D,0
37.06815,-2.20025,330.49,0.4,0.37,2024-02-28,1315,N20,VIIRS,n,2,296.78,1.18,D,0
38.43167,-6.21255,339.73,0.4,0.37,2024-02-28,1315,N20,VIIRS,n,2,292.18,5.43,D,0
38.42611,-6.22509,356.32,0.4,0.37,2024-02-28,1315,N20,VIIRS,l,2,293.23,29.09,D,0
38.42461,-6.23402,337.88,0.4,0.37,2024-02-28,1315,N20,VIIRS,n,2,289.58,11,D,0
38.42911,-6.20715,343.16,0.4,0.37,2024-02-28,1315,N20,VIIRS,n,2,291.24,5.43,D,0
37.71188,-5.93318,345.13,0.4,0.37,2024-02-28,1315,N20,VIIRS,n,2,292.96,3.04,D,0
38.28208,-1.60058,347.25,0.43,0.38,2024-02-28,1315,N20,VIIRS,n,2,295.69,10.95,D,0
38.44267,-6.22962,350.29,0.4,0.37,2024-02-28,1315,N20,VIIRS,n,2,291.19,4.61,D,0
38.44193,-6.23409,344.99,0.4,0.37,2024-02-28,1315,N20,VIIRS,n,2,289.54,4.61,D,0
38.44118,-6.23856,327.41,0.4,0.37,2024-02-28,1315,N20,VIIRS,n,2,287.93,11.94,D,0
38.42205,-6.22864,335.01,0.4,0.37,2024-02-28,1315,N20,VIIRS,n,2,289.26,5.48,D,0
38.4338,-6.24123,356.26,0.4,0.37,2024-02-28,1315,N20,VIIRS,l,2,291.91,17.16,D,0
38.43861,-6.23319,356.57,0.4,0.37,2024-02-28,1315,N20,VIIRS,l,2,292.04,4.61,D,0
38.42974,-6.24479,344,0.4,0.37,2024-02-28,1315,N20,VIIRS,n,2,288.04,5.84,D,0
39.81866,-5.62954,341.87,0.39,0.36,2024-02-28,1316,N20,VIIRS,n,2,295.72,5.13,D,0
39.64941,-7.00316,326.29,0.4,0.37,2024-02-28,1316,N20,VIIRS,n,2,290.39,3.12,D,0
39.60891,-7.45786,336.71,0.41,0.37,2024-02-28,1316,N20,VIIRS,n,2,291.24,3.29,D,0
39.64539,-6.9989,337.87,0.4,0.37,2024-02-28,1316,N20,VIIRS,n,2,292.4,3.33,D,0
39.636,-6.97197,346.34,0.4,0.37,2024-02-28,1316,N20,VIIRS,n,2,292.21,5.07,D,0
39.63679,-6.96736,338.41,0.4,0.37,2024-02-28,1316,N20,VIIRS,n,2,291.3,2.92,D,0
39.82193,-5.63042,335.02,0.39,0.36,2024-02-28,1316,N20,VIIRS,n,2,295.55,2.32,D,0
39.64872,-6.99987,337.76,0.4,0.37,2024-02-28,1316,N20,VIIRS,n,2,292.73,3.33,D,0
39.78629,-5.70441,343.91,0.39,0.36,2024-02-28,1316,N20,VIIRS,n,2,296.41,2.91,D,0
39.81982,-5.64376,350.33,0.39,0.36,2024-02-28,1316,N20,VIIRS,n,2,294.24,7.95,D,0
39.82309,-5.64464,344.75,0.39,0.36,2024-02-28,1316,N20,VIIRS,n,2,298.38,7.95,D,0
39.82566,-5.64997,343.3,0.39,0.36,2024-02-28,1316,N20,VIIRS,n,2,295.29,4.19,D,0
39.78301,-5.70354,340.09,0.39,0.36,2024-02-28,1316,N20,VIIRS,n,2,294.64,2.91,D,0
40.57758,0.54046,297.11,0.49,0.4,2024-02-29,0134,N20,VIIRS,n,2,281.23,0.64,N,2
41.4739,-1.48587,298.31,0.41,0.45,2024-02-29,0134,N20,VIIRS,n,2,278.4,0.64,N,2
41.31127,1.66358,310.53,0.45,0.39,2024-02-29,0134,N20,VIIRS,n,2,277.78,1.46,N,2
37.85784,-1.38548,346.9,0.4,0.37,2024-02-29,1256,N20,VIIRS,n,2,297.96,4.1,D,0
37.45793,-1.72034,350.93,0.41,0.37,2024-02-29,1256,N20,VIIRS,n,2,303.28,11.93,D,0
37.26706,-3.78439,337.01,0.48,0.4,2024-02-29,1256,N20,VIIRS,n,2,294.36,2.63,D,0
37.85452,-1.3846,355.98,0.4,0.37,2024-02-29,1256,N20,VIIRS,l,2,301.55,7.42,D,0
37.85377,-1.38907,344.24,0.4,0.37,2024-02-29,1256,N20,VIIRS,n,2,299.37,7.42,D,0
37.26659,-3.78658,336.88,0.48,0.4,2024-02-29,1256,N20,VIIRS,n,2,293.32,5.95,D,0
38.6822,-1.81712,339.52,0.4,0.37,2024-02-29,1256,N20,VIIRS,n,2,295.5,11.12,D,0
38.68298,-1.81255,344.06,0.4,0.37,2024-02-29,1256,N20,VIIRS,n,2,295.53,11.12,D,0
38.11549,-1.27873,337.93,0.4,0.37,2024-02-29,1256,N20,VIIRS,n,2,303.62,7.49,D,0
37.99024,-1.37262,335.87,0.4,0.37,2024-02-29,1256,N20,VIIRS,n,2,298.68,2.17,D,0
37.98692,-1.37174,337.88,0.4,0.37,2024-02-29,1256,N20,VIIRS,n,2,296.71,1.46,D,0
37.97537,-1.41988,338.57,0.4,0.37,2024-02-29,1256,N20,VIIRS,n,2,296.48,3.5,D,0
37.97612,-1.41542,349.27,0.4,0.37,2024-02-29,1256,N20,VIIRS,n,2,296.33,3.5,D,0
37.97687,-1.41097,341.25,0.4,0.37,2024-02-29,1256,N20,VIIRS,n,2,296.35,2.44,D,0
37.97205,-1.41896,355.2,0.4,0.37,2024-02-29,1256,N20,VIIRS,l,2,296.07,5.36,D,0
37.97355,-1.41006,336.42,0.4,0.37,2024-02-29,1256,N20,VIIRS,n,2,297.54,2.6,D,0
37.96873,-1.41805,356.4,0.4,0.37,2024-02-29,1256,N20,VIIRS,l,2,295.75,5.36,D,0
37.96948,-1.41361,341.3,0.4,0.37,2024-02-29,1256,N20,VIIRS,n,2,296.73,5.36,D,0
37.97772,-1.36456,340.39,0.4,0.37,2024-02-29,1256,N20,VIIRS,n,2,296.38,2.99,D,0
37.9594,-1.45284,349.13,0.4,0.37,2024-02-29,1256,N20,VIIRS,n,2,296.9,5.48,D,0
37.96616,-1.41271,340.23,0.4,0.37,2024-02-29,1256,N20,VIIRS,n,2,297.5,5.08,D,0
37.97366,-1.36811,343.22,0.4,0.37,2024-02-29,1256,N20,VIIRS,n,2,297.02,5.27,D,0
37.97441,-1.36364,349.39,0.4,0.37,2024-02-29,1256,N20,VIIRS,n,2,296.6,3.99,D,0
37.97515,-1.3592,342.64,0.4,0.37,2024-02-29,1256,N20,VIIRS,n,2,297.41,3.99,D,0
37.95608,-1.45194,343.8,0.4,0.37,2024-02-29,1256,N20,VIIRS,n,2,300.31,5.48,D,0
37.95683,-1.44747,354.99,0.4,0.37,2024-02-29,1256,N20,VIIRS,n,2,298.07,5.48,D,0
37.96885,-1.37612,337.37,0.4,0.37,2024-02-29,1256,N20,VIIRS,n,2,296.55,1.75,D,0
37.95275,-1.45104,349.77,0.4,0.37,2024-02-29,1256,N20,VIIRS,n,2,297.65,10.74,D,0
37.95427,-1.4421,346.09,0.4,0.37,2024-02-29,1256,N20,VIIRS,n,2,298.26,4.97,D,0
37.95502,-1.43762,350.91,0.4,0.37,2024-02-29,1256,N20,VIIRS,n,2,296.4,4.97,D,0
37.95577,-1.43314,346.21,0.4,0.37,2024-02-29,1256,N20,VIIRS,n,2,296.43,3.78,D,0
37.96178,-1.39751,342.08,0.4,0.37,2024-02-29,1256,N20,VIIRS,n,2,295.82,2.8,D,0
37.96253,-1.39303,347.02,0.4,0.37,2024-02-29,1256,N20,VIIRS,n,2,297.19,2.8,D,0
37.96328,-1.38856,340.39,0.4,0.37,2024-02-29,1256,N20,VIIRS,n,2,297,1.96,D,0
37.96627,-1.37076,335.77,0.4,0.37,2024-02-29,1256,N20,VIIRS,n,2,297.48,2.25,D,0
37.96703,-1.36628,341.88,0.4,0.37,2024-02-29,1256,N20,VIIRS,n,2,296.1,2.25,D,0
37.95094,-1.4412,356.44,0.4,0.37,2024-02-29,1256,N20,VIIRS,l,2,297.81,4.97,D,0
37.95396,-1.42333,355.01,0.4,0.37,2024-02-29,1256,N20,VIIRS,l,2,298.13,4.67,D,0
37.94868,-1.45461,346.14,0.4,0.37,2024-02-29,1256,N20,VIIRS,n,2,299.17,5.53,D,0
37.94943,-1.45014,350.26,0.4,0.37,2024-02-29,1256,N20,VIIRS,n,2,298.4,10.74,D,0
37.95018,-1.44568,350,0.4,0.37,2024-02-29,1256,N20,VIIRS,n,2,299.35,10.74,D,0
37.95695,-1.40555,346.99,0.4,0.37,2024-02-29,1256,N20,VIIRS,n,2,295.81,3.48,D,0
37.95846,-1.3966,347.21,0.4,0.37,2024-02-29,1256,N20,VIIRS,n,2,296.27,2.8,D,0
37.95997,-1.38764,338.67,0.4,0.37,2024-02-29,1256,N20,VIIRS,n,2,296.54,1.96,D,0
37.96072,-1.38319,337.72,0.4,0.37,2024-02-29,1256,N20,VIIRS,n,2,297,1.96,D,0
37.96146,-1.37875,335.6,0.4,0.37,2024-02-29,1256,N20,VIIRS,n,2,296.77,6.52,D,0
37.96371,-1.36535,337.87,0.4,0.37,2024-02-29,1256,N20,VIIRS,n,2,296.96,2.25,D,0
37.95139,-1.41799,337.57,0.4,0.37,2024-02-29,1256,N20,VIIRS,n,2,298.01,14.93,D,0
37.9574,-1.38227,337.1,0.4,0.37,2024-02-29,1256,N20,VIIRS,n,2,296.39,1.92,D,0
37.95815,-1.37783,343.15,0.4,0.37,2024-02-29,1256,N20,VIIRS,n,2,297.98,2.47,D,0
37.94731,-1.42156,340.64,0.4,0.37,2024-02-29,1256,N20,VIIRS,n,2,298.91,14.93,D,0
37.95107,-1.39925,335.79,0.4,0.37,2024-02-29,1256,N20,VIIRS,n,2,295.24,3.51,D,0
37.95334,-1.38579,337.78,0.4,0.37,2024-02-29,1256,N20,VIIRS,n,2,296.29,1.92,D,0
37.95409,-1.38136,335.81,0.4,0.37,2024-02-29,1256,N20,VIIRS,n,2,298.08,1.92,D,0
37.947,-1.4028,344.42,0.4,0.37,2024-02-29,1256,N20,VIIRS,n,2,294.61,1.75,D,0
37.94775,-1.39833,340.37,0.4,0.37,2024-02-29,1256,N20,VIIRS,n,2,294.91,1.75,D,0
37.94368,-1.4019,337.22,0.4,0.37,2024-02-29,1256,N20,VIIRS,n,2,296.41,1.75,D,0
37.94444,-1.39742,337.45,0.4,0.37,2024-02-29,1256,N20,VIIRS,n,2,295.34,1.75,D,0
37.85709,-1.38995,339.38,0.4,0.37,2024-02-29,1256,N20,VIIRS,n,2,298.26,4.1,D,0
39.21758,-3.04997,337.47,0.43,0.38,2024-02-29,1257,N20,VIIRS,n,2,293.86,3.64,D,0
42.15482,-1.82622,332.04,0.39,0.36,2024-02-29,1257,N20,VIIRS,n,2,296.39,2.34,D,0
43.54164,-5.83652,306.06,0.62,0.71,2024-03-01,0114,N20,VIIRS,n,2,274.07,2,N,2
39.65692,-3.22419,295.14,0.43,0.62,2024-03-01,0116,N20,VIIRS,n,2,271.9,0.56,N,0
43.54423,-5.8452,295.59,0.45,0.47,2024-03-01,0255,N20,VIIRS,n,2,265.19,0.53,N,2
40.04741,-0.37626,314.41,0.52,0.67,2024-03-01,0256,N20,VIIRS,n,2,280.51,6.75,N,0
40.04374,-0.38605,367,0.52,0.67,2024-03-01,0256,N20,VIIRS,h,2,281.42,11.64,N,0
40.04205,-0.38051,301.25,0.52,0.67,2024-03-01,0256,N20,VIIRS,n,2,279.57,6.75,N,0
40.0494,-0.38285,367,0.52,0.67,2024-03-01,0256,N20,VIIRS,h,2,281.73,11.64,N,0
37.35843,-5.86528,302.51,0.32,0.55,2024-03-01,0257,N20,VIIRS,n,2,280.93,0.91,N,2
37.35878,-5.86542,301.78,0.32,0.55,2024-03-01,0257,N20,VIIRS,n,2,280.84,0.83,N,2
38.19063,-1.84058,346.38,0.41,0.45,2024-03-01,1237,N20,VIIRS,n,2,301.22,6.21,D,0
39.51552,-4.53084,335.37,0.52,0.5,2024-03-01,1238,N20,VIIRS,n,2,287.16,5.22,D,0
39.20356,-2.90089,327.24,0.44,0.46,2024-03-01,1238,N20,VIIRS,n,2,292.71,3.26,D,0
39.51546,-4.52906,332.76,0.52,0.5,2024-03-01,1238,N20,VIIRS,n,2,286.99,1.39,D,0
41.31083,1.66193,325.14,0.41,0.37,2024-03-01,1238,N20,VIIRS,n,2,297.28,1.63,D,2
41.1805,1.22516,311.11,0.46,0.63,2024-03-02,0056,N20,VIIRS,n,2,278.81,2.53,N,0
40.57726,0.53899,297.56,0.49,0.65,2024-03-02,0056,N20,VIIRS,n,2,280.96,0.87,N,0
41.31569,1.65912,301.03,0.43,0.62,2024-03-02,0056,N20,VIIRS,n,2,278.1,0.91,N,2
41.40812,1.99742,303.12,0.36,0.58,2024-03-02,0236,N20,VIIRS,n,2,278.65,0.77,N,2
41.31275,1.66125,319.12,0.35,0.57,2024-03-02,0236,N20,VIIRS,n,2,280.46,1.84,N,2
41.40839,1.99713,295.81,0.36,0.58,2024-03-02,0236,N20,VIIRS,n,2,277.63,0.39,N,2
41.18082,1.22872,312.46,0.34,0.56,2024-03-02,0237,N20,VIIRS,n,2,277.21,1.59,N,0
41.1798,1.23255,302.56,0.34,0.56,2024-03-02,0237,N20,VIIRS,n,2,275.96,1.13,N,0
38.37906,-0.54503,297.76,0.33,0.55,2024-03-02,0237,N20,VIIRS,n,2,279.02,0.76,N,2
37.36084,-5.86704,301.5,0.55,0.43,2024-03-02,0238,N20,VIIRS,n,2,280.53,0.82,N,2
37.36131,-5.86557,300.53,0.55,0.43,2024-03-02,0238,N20,VIIRS,n,2,280.52,1.48,N,2
37.69369,-1.52667,334.31,0.36,0.57,2024-03-02,1219,N20,VIIRS,n,2,294.42,2.91,D,0
37.69667,-1.51508,367,0.36,0.57,2024-03-02,1219,N20,VIIRS,h,2,296.46,6.61,D,0
37.69553,-1.51356,327.37,0.51,0.66,2024-03-02,1359,N20,VIIRS,n,2,290.91,3.17,D,0
37.35958,-5.86491,299.86,0.39,0.36,2024-03-03,0219,N20,VIIRS,n,2,281.97,0.75,N,2
37.22176,-5.88048,296.41,0.39,0.36,2024-03-03,0219,N20,VIIRS,n,2,282.54,0.72,N,0
39.18136,-0.27827,334.07,0.33,0.56,2024-03-03,1340,N20,VIIRS,n,2,291.19,2.14,D,0
39.18161,-0.27436,327.04,0.33,0.56,2024-03-03,1340,N20,VIIRS,n,2,290.05,2.14,D,0
41.40747,1.99662,303.96,0.42,0.38,2024-03-04,0159,N20,VIIRS,n,2,277.97,0.63,N,2
41.31212,1.66144,311.77,0.41,0.37,2024-03-04,0159,N20,VIIRS,n,2,279.3,1.58,N,2
41.18341,1.22941,321.52,0.4,0.37,2024-03-04,0159,N20,VIIRS,n,2,284.51,8.38,N,0
41.18258,1.23413,298.17,0.4,0.37,2024-03-04,0159,N20,VIIRS,n,2,279.52,8.38,N,0
41.18008,1.22839,330.8,0.4,0.37,2024-03-04,0159,N20,VIIRS,n,2,282.16,8.38,N,0
41.17924,1.23311,301.76,0.4,0.37,2024-03-04,0159,N20,VIIRS,n,2,279.76,8.38,N,0
41.47472,-1.48664,305.84,0.39,0.36,2024-03-04,0159,N20,VIIRS,n,2,274.63,1.36,N,2
40.57615,0.53926,295.23,0.4,0.37,2024-03-04,0159,N20,VIIRS,n,2,280.31,0.48,N,0
39.95176,-0.00421,297.08,0.39,0.36,2024-03-04,0159,N20,VIIRS,n,2,284.79,0.93,N,2
43.52772,-5.73546,308.29,0.52,0.42,2024-03-04,0159,N20,VIIRS,n,2,266.09,2.12,N,2
41.92558,0.18068,295.05,0.39,0.36,2024-03-04,0159,N20,VIIRS,n,2,274.02,0.69,N,2
41.52778,1.8048,304.67,0.41,0.37,2024-03-04,0159,N20,VIIRS,n,2,273.56,0.44,N,2
41.45667,1.98131,302.39,0.42,0.37,2024-03-04,0159,N20,VIIRS,n,2,278.27,1.05,N,2
41.45329,1.9803,309.5,0.42,0.37,2024-03-04,0159,N20,VIIRS,n,2,281.52,1.05,N,2
43.52704,-5.72909,302.21,0.52,0.42,2024-03-04,0159,N20,VIIRS,n,2,268.04,2.49,N,2
38.37516,-0.54343,299.42,0.39,0.36,2024-03-04,0200,N20,VIIRS,n,2,280.41,0.71,N,2
37.29342,-6.81111,342.95,0.39,0.36,2024-03-04,1321,N20,VIIRS,n,2,291.8,3.81,D,0
39.64249,-7.00252,338.26,0.39,0.36,2024-03-04,1322,N20,VIIRS,n,2,291.07,4.29,D,0
39.64507,-7.00782,356.33,0.39,0.36,2024-03-04,1322,N20,VIIRS,l,2,292.52,6.58,D,0
39.61232,-7.4703,337.02,0.39,0.36,2024-03-04,1322,N20,VIIRS,n,2,290.2,4.81,D,0
43.53855,-5.83049,332.02,0.4,0.37,2024-03-04,1323,N20,VIIRS,n,2,288.64,3.73,D,2
41.18125,1.23279,306.72,0.42,0.37,2024-03-05,0140,N20,VIIRS,n,2,282.76,3.31,N,0
43.54067,-5.83173,317.7,0.59,0.53,2024-03-05,0140,N20,VIIRS,n,2,278.78,3.51,N,2
43.52964,-5.73021,316.46,0.58,0.52,2024-03-05,0140,N20,VIIRS,n,2,279.56,2.69,N,2
43.54262,-5.83126,325.44,0.59,0.53,2024-03-05,0140,N20,VIIRS,n,2,279.78,5.05,N,2
43.53101,-5.72991,307.43,0.58,0.52,2024-03-05,0140,N20,VIIRS,n,2,277.53,1.51,N,2
43.52617,-5.73055,304.04,0.58,0.52,2024-03-05,0140,N20,VIIRS,n,2,280.32,1.65,N,2
41.92448,0.18061,306.98,0.45,0.39,2024-03-05,0140,N20,VIIRS,n,2,277.63,1.17,N,2
41.92611,0.17922,304.5,0.45,0.39,2024-03-05,0140,N20,VIIRS,n,2,277.84,1.24,N,2
41.40604,1.99645,299.01,0.4,0.37,2024-03-05,0140,N20,VIIRS,n,2,279.75,0.36,N,2
41.31257,1.66076,311.83,0.41,0.37,2024-03-05,0140,N20,VIIRS,n,2,281.91,1.28,N,2
41.1819,1.22787,327.97,0.42,0.37,2024-03-05,0140,N20,VIIRS,n,2,282.98,3.31,N,0
41.4747,-1.49003,299.83,0.52,0.41,2024-03-05,0140,N20,VIIRS,n,2,278.77,1.13,N,2
41.47514,-1.48461,296.53,0.52,0.41,2024-03-05,0140,N20,VIIRS,n,2,279.09,0.69,N,2
40.5775,0.54255,305.1,0.43,0.38,2024-03-05,0140,N20,VIIRS,n,2,283.96,0.92,N,2
38.37716,-0.54566,298.63,0.44,0.39,2024-03-05,0141,N20,VIIRS,n,2,284.7,0.86,N,2
43.52899,-5.73069,296.46,0.46,0.63,2024-03-05,0320,N20,VIIRS,n,2,278.52,1.41,N,2
36.93181,-2.46512,335.78,0.4,0.37,2024-03-05,1302,N20,VIIRS,n,2,297.98,1.55,D,0
37.91492,-3.43658,339.04,0.41,0.37,2024-03-05,1302,N20,VIIRS,n,2,294.47,4.1,D,0
37.96732,-1.39493,347.99,0.38,0.36,2024-03-05,1302,N20,VIIRS,n,2,299.71,3.35,D,0
37.96804,-1.36819,343.73,0.38,0.36,2024-03-05,1302,N20,VIIRS,n,2,298.61,3.94,D,0
37.95617,-1.40115,336.43,0.38,0.36,2024-03-05,1302,N20,VIIRS,n,2,297.78,2.03,D,0
37.9529,-1.40034,337.66,0.38,0.36,2024-03-05,1302,N20,VIIRS,n,2,297.51,2.03,D,0
37.95357,-1.39602,336.7,0.38,0.36,2024-03-05,1302,N20,VIIRS,n,2,297.75,2.45,D,0
37.94896,-1.40386,335.29,0.38,0.36,2024-03-05,1302,N20,VIIRS,n,2,297.26,2.29,D,0
37.94635,-1.39873,340.6,0.38,0.36,2024-03-05,1302,N20,VIIRS,n,2,296.27,2.29,D,0
37.26706,-3.78377,340.89,0.42,0.38,2024-03-05,1302,N20,VIIRS,n,2,298.13,4.57,D,0
37.26447,-3.77826,351,0.42,0.38,2024-03-05,1302,N20,VIIRS,n,2,300.91,4.57,D,0
37.20258,-3.90428,336.33,0.43,0.38,2024-03-05,1302,N20,VIIRS,n,2,290.9,5.49,D,0
37.07234,-3.70422,340.93,0.42,0.38,2024-03-05,1302,N20,VIIRS,n,2,293.06,4.46,D,0
36.93512,-2.46598,345.41,0.4,0.37,2024-03-05,1302,N20,VIIRS,n,2,298.86,2.01,D,0
36.92704,-2.47297,336.6,0.4,0.37,2024-03-05,1302,N20,VIIRS,n,2,298.96,2.32,D,0
36.93108,-2.46948,336.62,0.4,0.37,2024-03-05,1302,N20,VIIRS,n,2,298.27,2.32,D,0
37.22466,-7.23334,326.27,0.39,0.44,2024-03-05,1302,N20,VIIRS,n,2,290.28,1.84,D,0
39.32112,-0.60018,349.48,0.39,0.36,2024-03-05,1303,N20,VIIRS,n,2,302.22,10.78,D,0
42.02458,-1.59359,327.62,0.39,0.36,2024-03-05,1303,N20,VIIRS,n,2,290.89,1.64,D,0
40.16497,-3.66131,326.48,0.4,0.37,2024-03-05,1303,N20,VIIRS,n,2,291.14,1.96,D,0
39.21498,-0.58133,335.25,0.39,0.36,2024-03-05,1303,N20,VIIRS,n,2,301.55,2.26,D,0
42.08125,3.15531,329.52,0.53,0.42,2024-03-05,1303,N20,VIIRS,n,2,291.98,3.65,D,0
39.4543,-0.50028,338.21,0.39,0.36,2024-03-05,1303,N20,VIIRS,n,2,301.73,4.42,D,0
39.69809,-0.26438,334.21,0.39,0.37,2024-03-05,1303,N20,VIIRS,n,2,298.92,1.95,D,0
39.94923,-0.2679,328.35,0.4,0.37,2024-03-05,1303,N20,VIIRS,n,2,295.67,3.05,D,0
39.14248,-0.49599,331.43,0.39,0.36,2024-03-05,1303,N20,VIIRS,n,2,298.22,1.19,D,0
39.1399,-0.24951,327.55,0.39,0.36,2024-03-05,1303,N20,VIIRS,n,2,300.97,2.59,D,0
38.64724,-1.20341,336.67,0.38,0.36,2024-03-05,1303,N20,VIIRS,n,2,294.68,3.28,D,0
38.46552,-1.78812,331.82,0.38,0.36,2024-03-05,1303,N20,VIIRS,n,2,297.31,2.4,D,0
39.31782,-0.59941,354.73,0.39,0.36,2024-03-05,1303,N20,VIIRS,n,2,305.13,10.78,D,0
39.32378,-0.60542,330.88,0.39,0.36,2024-03-05,1303,N20,VIIRS,n,2,298.01,2.75,D,0
39.32048,-0.60464,346.27,0.39,0.36,2024-03-05,1303,N20,VIIRS,n,2,303.33,10.78,D,0
38.66496,-4.0495,334.99,0.42,0.37,2024-03-05,1303,N20,VIIRS,n,2,292.26,2.47,D,2
39.24939,-0.43648,332.89,0.39,0.36,2024-03-05,1303,N20,VIIRS,n,2,302.88,2.28,D,0
42.35125,-2.82944,328.89,0.38,0.36,2024-03-05,1304,N20,VIIRS,n,2,286.88,2.38,D,0
43.53925,-5.83467,311.68,0.51,0.66,2024-03-06,0121,N20,VIIRS,n,2,274.28,2.1,N,2
43.53826,-5.83575,306.72,0.51,0.66,2024-03-06,0121,N20,VIIRS,n,2,273.98,2.21,N,2
41.45467,1.98034,304.27,0.4,0.44,2024-03-06,0121,N20,VIIRS,n,2,280.97,0.99,N,2
41.31174,1.66115,302.87,0.41,0.45,2024-03-06,0121,N20,VIIRS,n,2,277.89,1.54,N,2
41.31293,1.6641,303.03,0.41,0.45,2024-03-06,0121,N20,VIIRS,n,2,279.24,0.9,N,2
38.66787,-4.04873,310.1,0.38,0.59,2024-03-06,0122,N20,VIIRS,n,2,274.59,1.44,N,2
39.66505,-0.24874,302.77,0.49,0.48,2024-03-06,0122,N20,VIIRS,n,2,281.6,1.16,N,2
38.66913,-4.05142,307.55,0.38,0.59,2024-03-06,0122,N20,VIIRS,n,2,275.56,0.9,N,0
38.66369,-4.05212,303.83,0.38,0.59,2024-03-06,0122,N20,VIIRS,n,2,272,0.9,N,0
38.66813,-4.05325,299.1,0.38,0.59,2024-03-06,0122,N20,VIIRS,n,2,275.2,1.44,N,2
43.52623,-5.73237,302.43,0.55,0.51,2024-03-06,0301,N20,VIIRS,n,2,278.64,2.42,N,2
43.07905,-2.99895,296.92,0.38,0.59,2024-03-06,0301,N20,VIIRS,n,2,272.35,0.53,N,0
38.66454,-4.04551,298.07,0.45,0.63,2024-03-06,0302,N20,VIIRS,n,2,272.74,0.91,N,2
37.36256,-5.86496,295.82,0.39,0.59,2024-03-06,0303,N20,VIIRS,n,2,278.44,0.46,N,2
39.14213,-7.11696,325.84,0.6,0.53,2024-03-06,1244,N20,VIIRS,n,2,288.48,2.8,D,0
40.75264,0.49749,345.8,0.4,0.37,2024-03-06,1244,N20,VIIRS,n,2,297.89,4.74,D,0
40.75597,0.4965,337.23,0.4,0.37,2024-03-06,1244,N20,VIIRS,n,2,296.01,4.74,D,0
41.31148,1.66287,328.98,0.39,0.36,2024-03-06,1244,N20,VIIRS,n,2,298.11,1.55,D,2
41.61549,0.31596,327.96,0.4,0.37,2024-03-06,1244,N20,VIIRS,n,2,295.07,1.68,D,0
39.9523,-0.26652,338.38,0.43,0.38,2024-03-06,1244,N20,VIIRS,n,2,296.35,4.81,D,0
39.73961,-0.41268,326.17,0.44,0.38,2024-03-06,1244,N20,VIIRS,n,2,295.85,2.93,D,0
39.73616,-0.41163,332.37,0.44,0.38,2024-03-06,1244,N20,VIIRS,n,2,295.51,2.93,D,0
39.69689,-0.26216,332.81,0.43,0.38,2024-03-06,1244,N20,VIIRS,n,2,296.76,3,D,0
39.22513,-0.43395,330.73,0.44,0.39,2024-03-06,1244,N20,VIIRS,n,2,295.93,2.54,D,0
38.6324,-1.70318,335.94,0.51,0.41,2024-03-06,1244,N20,VIIRS,n,2,297.67,7.86,D,0
37.57319,-5.78164,325.33,0.56,0.52,2024-03-06,1244,N20,VIIRS,n,2,293.35,3.3,D,0
37.75335,-1.33863,340.51,0.5,0.41,2024-03-06,1244,N20,VIIRS,n,2,303.14,5.3,D,0
42.00591,1.64422,330.39,0.39,0.36,2024-03-06,1245,N20,VIIRS,n,2,293.26,3.9,D,0
41.43753,-1.30268,329.59,0.44,0.39,2024-03-06,1245,N20,VIIRS,n,2,295.49,1.82,D,0
41.5471,-1.34682,327.66,0.44,0.39,2024-03-06,1245,N20,VIIRS,n,2,296.43,2.63,D,0
42.10434,0.09489,330.06,0.4,0.37,2024-03-06,1245,N20,VIIRS,n,2,292.66,3.19,D,0
41.72153,-2.22466,336.07,0.47,0.4,2024-03-06,1245,N20,VIIRS,n,2,292.54,13.4,D,0
41.9726,-1.84531,342.26,0.45,0.39,2024-03-06,1245,N20,VIIRS,n,2,292.13,5.26,D,0
42.02439,-1.58854,329.62,0.45,0.39,2024-03-06,1245,N20,VIIRS,n,2,290.12,2.39,D,0
42.02343,-1.59374,325.39,0.45,0.39,2024-03-06,1245,N20,VIIRS,n,2,290.81,2.39,D,0
42.2593,-6.36927,325.79,0.47,0.47,2024-03-06,1245,N20,VIIRS,n,2,286.09,2.73,D,0
42.26066,-6.37252,333.25,0.46,0.47,2024-03-06,1245,N20,VIIRS,n,2,284.2,6.32,D,0
43.33345,-3.41199,333.74,0.49,0.4,2024-03-06,1245,N20,VIIRS,n,2,289.16,3.28,D,0
43.41412,-5.17439,328.76,0.39,0.44,2024-03-06,1245,N20,VIIRS,n,2,287.11,2.64,D,0
43.53711,-5.83096,338.37,0.41,0.45,2024-03-06,1245,N20,VIIRS,n,2,291.01,5.61,D,2
42.25605,-6.36888,352.17,0.65,0.73,2024-03-06,1426,N20,VIIRS,n,2,277.85,41.34,D,0
38.10794,-0.7671,326.97,0.53,0.5,2024-03-07,1225,N20,VIIRS,n,2,284.37,3.11,D,0
36.99673,-2.73988,345.21,0.36,0.57,2024-03-07,1225,N20,VIIRS,n,2,282.55,4.9,D,0
37.34224,-2.06879,340.21,0.32,0.55,2024-03-07,1225,N20,VIIRS,n,2,289.63,4.3,D,0
37.34134,-2.07239,350.34,0.32,0.55,2024-03-07,1225,N20,VIIRS,n,2,292.04,4.3,D,0
37.43655,-2.03019,341.56,0.32,0.55,2024-03-07,1225,N20,VIIRS,n,2,287.06,4.11,D,0
28.16404,-16.46731,342.83,0.42,0.37,2024-03-07,1403,N20,VIIRS,n,2,303.65,2.46,D,0
28.15724,-16.46591,335.89,0.42,0.37,2024-03-07,1403,N20,VIIRS,n,2,303.22,2.11,D,0
28.19627,-16.44349,335.82,0.41,0.37,2024-03-07,1403,N20,VIIRS,n,2,301.6,1.99,D,0
43.53887,-5.83432,304.89,0.39,0.36,2024-03-08,0224,N20,VIIRS,n,2,277.19,1.52,N,2
43.54918,-5.74969,299.56,0.39,0.36,2024-03-08,0224,N20,VIIRS,n,2,277.58,0.65,N,0
43.52857,-5.72897,299.65,0.39,0.36,2024-03-08,0224,N20,VIIRS,n,2,279.41,2.69,N,2
43.52607,-5.73468,332.46,0.39,0.36,2024-03-08,0224,N20,VIIRS,n,2,285.85,21.41,N,2
43.54289,-5.83801,307.46,0.39,0.36,2024-03-08,0224,N20,VIIRS,n,2,278.04,0.86,N,2
43.52531,-5.72998,310.92,0.39,0.36,2024-03-08,0224,N20,VIIRS,n,2,280.08,2.69,N,2
43.53811,-5.82963,323.78,0.39,0.36,2024-03-08,0224,N20,VIIRS,n,2,278.89,1.52,N,2
43.52281,-5.73568,329.27,0.39,0.36,2024-03-08,0224,N20,VIIRS,n,2,280.62,4.1,N,2
43.51955,-5.73669,296.94,0.39,0.36,2024-03-08,0224,N20,VIIRS,n,2,275.17,4.1,N,2
38.05368,-0.67408,298.46,0.45,0.47,2024-03-08,0225,N20,VIIRS,n,2,281.65,0.55,N,0
37.3584,-5.86357,298.38,0.42,0.38,2024-03-08,0225,N20,VIIRS,n,2,279.56,0.55,N,2
36.18413,-5.39756,296.86,0.44,0.39,2024-03-08,0226,N20,VIIRS,n,2,285.44,1.02,N,0
28.9619,-13.551,297.36,0.43,0.38,2024-03-08,0228,N20,VIIRS,n,2,285.25,0.6,N,0
36.96579,-2.30734,338.59,0.61,0.71,2024-03-08,1206,N20,VIIRS,n,2,286.78,7.41,D,0
36.96432,-2.31217,335.74,0.61,0.71,2024-03-08,1206,N20,VIIRS,n,2,287.23,7.41,D,0
36.96445,-2.30719,351.92,0.61,0.71,2024-03-08,1206,N20,VIIRS,n,2,287.07,11.19,D,0
37.81022,-1.45667,346.91,0.34,0.56,2024-03-08,1346,N20,VIIRS,n,2,294.37,1.38,D,0
42.55344,-6.77025,298.11,0.48,0.4,2024-03-09,0205,N20,VIIRS,n,2,276.64,0.99,N,0
43.52872,-5.73183,335.77,0.45,0.39,2024-03-09,0205,N20,VIIRS,n,2,276.75,5.44,N,2
43.41217,-3.84197,299.44,0.39,0.44,2024-03-10,0146,N20,VIIRS,n,2,280.1,0.74,N,0
41.31321,1.65986,297.57,0.39,0.36,2024-03-10,0146,N20,VIIRS,n,2,277.73,0.79,N,2
41.31252,1.66443,301.43,0.39,0.36,2024-03-10,0146,N20,VIIRS,n,2,279.62,0.93,N,2
43.32299,-3.68902,319.07,0.39,0.44,2024-03-10,0146,N20,VIIRS,n,2,276.95,1.5,N,0
43.31263,-3.66673,326.31,0.39,0.44,2024-03-10,0146,N20,VIIRS,n,2,280.14,2.79,N,0
43.43966,-5.03229,319.85,0.45,0.47,2024-03-10,0146,N20,VIIRS,n,2,269.69,2.47,N,0
43.31489,-3.68964,297.48,0.39,0.44,2024-03-10,0146,N20,VIIRS,n,2,276.81,0.51,N,0
41.40778,2.00024,308.43,0.38,0.36,2024-03-10,0146,N20,VIIRS,n,2,278.97,0.66,N,2
41.52939,1.80826,297.84,0.39,0.36,2024-03-10,0146,N20,VIIRS,n,2,276.63,0.55,N,2
41.92625,0.17874,302.35,0.41,0.37,2024-03-10,0146,N20,VIIRS,n,2,275.81,1.01,N,2
43.2524,-3.54989,304.98,0.57,0.43,2024-03-10,0146,N20,VIIRS,n,2,275.49,1.01,N,0
43.43528,-5.03197,323.26,0.45,0.47,2024-03-10,0146,N20,VIIRS,n,2,271.93,2.47,N,0
43.32347,-3.69382,300.8,0.39,0.44,2024-03-10,0146,N20,VIIRS,n,2,277.75,1.5,N,0
43.54011,-5.83334,295.52,0.49,0.49,2024-03-10,0146,N20,VIIRS,n,2,267.77,1.13,N,2
38.3764,-0.54453,302.51,0.4,0.37,2024-03-10,0147,N20,VIIRS,n,2,279.4,0.81,N,2
40.57523,0.54331,296.58,0.39,0.37,2024-03-10,0147,N20,VIIRS,n,2,280.6,0.67,N,0
37.52547,-1.42915,297.73,0.42,0.37,2024-03-10,0148,N20,VIIRS,n,2,277.5,0.41,N,0
37.2033,-3.88916,336.73,0.39,0.36,2024-03-10,1309,N20,VIIRS,n,2,284.11,3.14,D,0
37.20848,-3.89954,335.45,0.39,0.36,2024-03-10,1309,N20,VIIRS,n,2,285.52,1.76,D,0
43.52621,-5.73426,325.58,0.39,0.36,2024-03-10,1310,N20,VIIRS,n,2,280.55,1.93,D,2
43.53951,-5.82981,305.39,0.43,0.62,2024-03-11,0127,N20,VIIRS,n,2,275,1.68,N,2
41.45625,1.97916,306.35,0.51,0.41,2024-03-11,0127,N20,VIIRS,n,2,280.78,1.42,N,2
41.31467,1.66317,302.7,0.52,0.41,2024-03-11,0127,N20,VIIRS,n,2,279.17,1.19,N,2
43.53971,-5.83524,322.53,0.43,0.62,2024-03-11,0127,N20,VIIRS,n,2,278.18,3.25,N,2
40.57529,0.54133,296.43,0.57,0.43,2024-03-11,0128,N20,VIIRS,n,2,279.86,1.13,N,0
39.26081,-0.57035,317.07,0.42,0.45,2024-03-11,0128,N20,VIIRS,n,2,281.12,1.71,N,0
39.26035,-0.56557,309.53,0.42,0.45,2024-03-11,0128,N20,VIIRS,n,2,281.57,1.79,N,0
38.37728,-0.54527,299.06,0.41,0.45,2024-03-11,0128,N20,VIIRS,n,2,282.21,0.55,N,2
37.57034,-0.91948,300.22,0.42,0.45,2024-03-11,0129,N20,VIIRS,n,2,283.1,0.61,N,2
38.66488,-4.04831,304.43,0.54,0.68,2024-03-11,0309,N20,VIIRS,n,2,275.13,1.14,N,2
38.66556,-4.04885,299.49,0.54,0.68,2024-03-11,0309,N20,VIIRS,n,2,274.31,1.62,N,2
28.6172,-17.86937,296.57,0.49,0.41,2024-03-11,0312,N20,VIIRS,n,2,285.89,1.31,N,2
40.03154,-0.26672,332.44,0.4,0.37,2024-03-11,1250,N20,VIIRS,n,2,296.93,24.71,D,0
36.31626,-5.31326,338.97,0.47,0.48,2024-03-11,1250,N20,VIIRS,n,2,291.68,4.61,D,0
38.30281,-0.67787,332.25,0.42,0.37,2024-03-11,1250,N20,VIIRS,n,2,297.19,2.76,D,0
39.41693,-0.37464,341.84,0.4,0.37,2024-03-11,1250,N20,VIIRS,n,2,299.57,4.92,D,0
39.79027,-0.25425,331.95,0.4,0.37,2024-03-11,1250,N20,VIIRS,n,2,296.43,1.23,D,0
39.87672,-0.0826,335.01,0.39,0.36,2024-03-11,1250,N20,VIIRS,n,2,296.35,1.47,D,0
40.02824,-0.26581,331.81,0.4,0.37,2024-03-11,1250,N20,VIIRS,n,2,296.86,24.71,D,0
41.64094,2.34074,328.22,0.4,0.37,2024-03-11,1251,N20,VIIRS,n,2,291.13,1.56,D,0
41.31394,1.65992,300.52,0.59,0.53,2024-03-12,0109,N20,VIIRS,n,2,279.91,1.21,N,2
41.18962,1.22602,320.58,0.62,0.54,2024-03-12,0109,N20,VIIRS,n,2,280.55,1.88,N,0
37.57023,-0.91922,296.85,0.38,0.59,2024-03-12,0110,N20,VIIRS,n,2,283.36,1.11,N,2
37.56684,-0.92018,298.51,0.38,0.59,2024-03-12,0110,N20,VIIRS,n,2,282.35,0.85,N,2
41.31435,1.66477,296.93,0.5,0.66,2024-03-12,0249,N20,VIIRS,n,2,278.37,1.83,N,2
37.36179,-5.86697,297.31,0.53,0.5,2024-03-12,0250,N20,VIIRS,n,2,279.82,0.52,N,2
38.66611,-4.04625,338.74,0.61,0.54,2024-03-12,0250,N20,VIIRS,n,2,275.61,4.47,N,0
38.6678,-4.05295,295.22,0.61,0.54,2024-03-12,0250,N20,VIIRS,n,2,276.74,4.47,N,2
37.56899,-0.91561,296.43,0.48,0.64,2024-03-12,0250,N20,VIIRS,n,2,282.99,0.66,N,2
38.70693,-3.06703,330.63,0.56,0.51,2024-03-12,1231,N20,VIIRS,n,2,290.32,3.91,D,0
36.26152,-5.89214,337.16,0.45,0.63,2024-03-12,1231,N20,VIIRS,n,2,287.95,5.74,D,0
36.26023,-5.89682,356,0.46,0.63,2024-03-12,1231,N20,VIIRS,l,2,289.26,5.74,D,0
41.49825,-1.26946,350,0.39,0.44,2024-03-12,1232,N20,VIIRS,n,2,294.47,4.9,D,0
41.60254,-1.29542,333.06,0.39,0.44,2024-03-12,1232,N20,VIIRS,n,2,292.44,2.07,D,0
41.17694,1.1891,325.32,0.47,0.4,2024-03-12,1232,N20,VIIRS,n,2,294.27,1.73,D,0
41.49731,-1.26659,340.66,0.39,0.44,2024-03-12,1232,N20,VIIRS,n,2,294.99,7.89,D,0
41.49435,-1.26795,347.35,0.39,0.44,2024-03-12,1232,N20,VIIRS,n,2,294.22,4.9,D,0
43.52489,-5.72748,328.54,0.57,0.52,2024-03-12,1233,N20,VIIRS,n,2,290.2,4.79,D,2
43.52626,-5.72788,309.79,0.4,0.37,2024-03-13,0230,N20,VIIRS,n,2,282.35,1.68,N,2
43.54113,-5.83178,305.94,0.4,0.37,2024-03-13,0230,N20,VIIRS,n,2,280.84,0.99,N,2
43.52381,-5.7339,297.64,0.4,0.37,2024-03-13,0230,N20,VIIRS,n,2,280.67,0.91,N,2
43.52294,-5.729,313.1,0.4,0.37,2024-03-13,0230,N20,VIIRS,n,2,279.81,1.45,N,2
41.31347,1.66337,306.13,0.59,0.53,2024-03-13,0230,N20,VIIRS,n,2,278.55,1.79,N,2
43.52713,-5.7328,302.08,0.4,0.37,2024-03-13,0230,N20,VIIRS,n,2,281.92,1.12,N,2
43.44407,-3.84349,296.2,0.45,0.39,2024-03-13,0230,N20,VIIRS,n,2,278.93,1.04,N,2
43.34692,-8.43517,306.84,0.38,0.36,2024-03-13,0230,N20,VIIRS,n,2,277,0.93,N,2
42.55196,-6.7706,295.11,0.39,0.36,2024-03-13,0230,N20,VIIRS,n,2,275.64,0.48,N,0
38.37793,-0.54232,298.25,0.54,0.51,2024-03-13,0231,N20,VIIRS,n,2,279.59,1.06,N,2
39.91526,-0.60038,338.32,0.34,0.56,2024-03-13,1213,N20,VIIRS,n,2,293.59,2.98,D,0
42.065,3.08732,326.69,0.4,0.44,2024-03-13,1213,N20,VIIRS,n,2,292.29,2.01,D,0
40.78256,0.46048,335.56,0.57,0.52,2024-03-13,1213,N20,VIIRS,n,2,291.34,4.17,D,0
40.7832,0.45905,335.34,0.57,0.52,2024-03-13,1213,N20,VIIRS,n,2,292.07,4.44,D,0
41.89895,2.66764,325.5,0.42,0.45,2024-03-13,1213,N20,VIIRS,n,2,291.31,2.54,D,0
39.66814,-0.21038,339.85,0.33,0.55,2024-03-13,1213,N20,VIIRS,n,2,293.16,25.18,D,0
38.99559,-0.54777,330.71,0.36,0.57,2024-03-13,1213,N20,VIIRS,n,2,286.2,1.25,D,0
41.11338,1.06066,332.93,0.52,0.5,2024-03-13,1213,N20,VIIRS,n,2,293.83,4.49,D,0
39.97735,4.10143,334.47,0.4,0.44,2024-03-13,1213,N20,VIIRS,n,2,292.15,3.12,D,0
43.14315,-4.17072,349.79,0.42,0.61,2024-03-13,1214,N20,VIIRS,n,2,294.94,5.43,D,0
43.52849,-5.73152,336.27,0.48,0.65,2024-03-13,1214,N20,VIIRS,n,2,294.03,3.85,D,2
43.52296,-5.72844,325.89,0.48,0.65,2024-03-13,1214,N20,VIIRS,n,2,294.62,3.05,D,2
43.52492,-5.72571,334.73,0.48,0.65,2024-03-13,1214,N20,VIIRS,n,2,294.18,5.68,D,2
43.45641,-5.16961,326.91,0.45,0.63,2024-03-13,1214,N20,VIIRS,n,2,288.74,2.02,D,0
43.4554,-5.16787,333.28,0.45,0.63,2024-03-13,1214,N20,VIIRS,n,2,291.17,5.12,D,0
43.22221,-2.87497,338.93,0.36,0.57,2024-03-13,1214,N20,VIIRS,n,2,295.35,2.13,D,0
42.66126,-2.26033,328.29,0.35,0.57,2024-03-13,1214,N20,VIIRS,n,2,289.09,2.22,D,0
36.94827,-2.38448,353.31,0.36,0.58,2024-03-13,1352,N20,VIIRS,n,2,279.97,22.44,D,0
36.94867,-2.3778,330.67,0.36,0.58,2024-03-13,1352,N20,VIIRS,n,2,276.71,14.15,D,0
36.94847,-2.38112,356.23,0.36,0.58,2024-03-13,1352,N20,VIIRS,l,2,286.15,22.44,D,0
38.89916,-0.45462,350.14,0.48,0.65,2024-03-13,1353,N20,VIIRS,n,2,294.43,5.8,D,0
38.99487,-0.16735,334.73,0.5,0.66,2024-03-13,1353,N20,VIIRS,n,2,280.94,4.15,D,0
38.89709,-0.4544,356.24,0.48,0.65,2024-03-13,1353,N20,VIIRS,n,2,295.44,7.81,D,0
38.99425,-0.16656,334.31,0.5,0.66,2024-03-13,1353,N20,VIIRS,n,2,280.55,3.78,D,0
38.21282,-0.80862,337.77,0.46,0.63,2024-03-13,1353,N20,VIIRS,n,2,294.9,2.93,D,0
43.14225,-4.1681,367,0.33,0.55,2024-03-13,1354,N20,VIIRS,h,2,298.2,4.71,D,0
41.68172,1.27181,327.67,0.62,0.71,2024-03-13,1354,N20,VIIRS,n,2,291.15,1.82,D,0
43.1709,-3.48437,298.57,0.38,0.36,2024-03-14,0211,N20,VIIRS,n,2,283.13,0.68,N,0
43.17017,-3.4797,315.82,0.38,0.36,2024-03-14,0211,N20,VIIRS,n,2,284.57,1.39,N,0
43.07969,-2.9949,297.36,0.38,0.36,2024-03-14,0211,N20,VIIRS,n,2,281.52,0.24,N,0
43.15406,-6.2724,306.83,0.42,0.38,2024-03-14,0211,N20,VIIRS,n,2,266.75,1.37,N,0
41.40678,1.99582,301.48,0.54,0.42,2024-03-14,0211,N20,VIIRS,n,2,279.52,1.29,N,2
41.64749,-0.76987,295.35,0.43,0.38,2024-03-14,0211,N20,VIIRS,n,2,279.73,0.43,N,0
43.41029,-3.84091,298.66,0.39,0.36,2024-03-14,0211,N20,VIIRS,n,2,280.62,0.61,N,0
43.04118,-2.21955,297.24,0.39,0.36,2024-03-14,0211,N20,VIIRS,n,2,282.29,0.39,N,2
43.03463,-2.22159,301.73,0.39,0.36,2024-03-14,0211,N20,VIIRS,n,2,282.8,0.58,N,2
43.28904,-4.01006,295.88,0.39,0.36,2024-03-14,0211,N20,VIIRS,n,2,283.07,0.72,N,0
43.53968,-5.83063,336.85,0.41,0.37,2024-03-14,0211,N20,VIIRS,n,2,281.75,12.31,N,2
43.52668,-5.73465,343.14,0.41,0.37,2024-03-14,0211,N20,VIIRS,n,2,278.28,3.3,N,2
43.52601,-5.72963,329.53,0.41,0.37,2024-03-14,0211,N20,VIIRS,n,2,277.98,2.24,N,2
43.5233,-5.73553,299.78,0.41,0.37,2024-03-14,0211,N20,VIIRS,n,2,274.26,3.3,N,2
43.52262,-5.73049,304.71,0.41,0.37,2024-03-14,0211,N20,VIIRS,n,2,275.57,2.24,N,2
43.51991,-5.73638,301.38,0.41,0.37,2024-03-14,0211,N20,VIIRS,n,2,273.33,0.42,N,2
40.57607,0.53937,297.04,0.49,0.4,2024-03-14,0212,N20,VIIRS,n,2,281.77,0.62,N,0
39.95142,-0.00372,296.54,0.47,0.4,2024-03-14,0212,N20,VIIRS,n,2,285.44,1.41,N,2
39.9514,-0.00514,295.65,0.47,0.4,2024-03-14,0212,N20,VIIRS,n,2,284.19,1.15,N,2
40.2453,-3.47782,295.74,0.39,0.36,2024-03-14,0212,N20,VIIRS,n,2,279.81,0.89,N,2
38.37725,-0.54597,300.93,0.48,0.4,2024-03-14,0212,N20,VIIRS,n,2,280.78,0.65,N,2
39.0661,-5.72881,320.92,0.39,0.36,2024-03-14,0212,N20,VIIRS,n,2,281.43,1.54,N,0
38.66661,-4.04981,296.61,0.39,0.36,2024-03-14,0212,N20,VIIRS,n,2,278.49,0.63,N,2
36.26002,-5.88758,295.4,0.38,0.36,2024-03-14,0213,N20,VIIRS,n,2,282.43,0.48,N,0
36.18288,-5.39742,297.16,0.38,0.36,2024-03-14,0213,N20,VIIRS,n,2,287,1.1,N,0
40.24496,-0.18728,367,0.55,0.68,2024-03-14,1154,N20,VIIRS,h,2,294.26,12.07,D,0
40.78004,0.45098,329.43,0.49,0.65,2024-03-14,1154,N20,VIIRS,n,2,288.14,2.94,D,0
40.84335,-1.36108,345.92,0.61,0.71,2024-03-14,1154,N20,VIIRS,n,2,290.21,8.2,D,0
41.9982,-2.28792,332.81,0.62,0.71,2024-03-14,1155,N20,VIIRS,n,2,283.6,8.76,D,0
43.52504,-5.72316,335.03,0.79,0.78,2024-03-14,1155,N20,VIIRS,n,2,291.55,11.95,D,2
40.11252,-5.07359,329.19,0.49,0.4,2024-03-14,1334,N20,VIIRS,n,2,292.26,2.93,D,0
43.11623,-4.0067,330.77,0.39,0.44,2024-03-14,1335,N20,VIIRS,n,2,295.53,3.85,D,0
41.51581,0.78571,332.38,0.33,0.55,2024-03-14,1335,N20,VIIRS,n,2,293.86,1.83,D,0
41.5597,-1.26177,325.73,0.51,0.5,2024-03-14,1335,N20,VIIRS,n,2,294.97,2.22,D,0
41.57986,-1.30102,327.61,0.51,0.49,2024-03-14,1335,N20,VIIRS,n,2,293.55,1.69,D,0
41.73676,1.05728,339.23,0.34,0.56,2024-03-14,1335,N20,VIIRS,n,2,291.82,2.09,D,0
43.2025,-4.30453,332.83,0.57,0.43,2024-03-14,1335,N20,VIIRS,n,2,295.27,73.64,D,0
43.20168,-4.31281,337.83,0.57,0.43,2024-03-14,1335,N20,VIIRS,n,2,300.56,73.64,D,0
43.20647,-4.30537,345.9,0.57,0.43,2024-03-14,1335,N20,VIIRS,n,2,299.25,73.64,D,0
43.20357,-4.31353,367,0.57,0.43,2024-03-14,1335,N20,VIIRS,h,2,325.11,69.85,D,0
43.20435,-4.30511,342.6,0.57,0.43,2024-03-14,1335,N20,VIIRS,n,2,299.78,43.96,D,0
43.20831,-4.30603,335.89,0.57,0.43,2024-03-14,1335,N20,VIIRS,n,2,292.79,43.96,D,0
43.20751,-4.31464,328.24,0.57,0.43,2024-03-14,1335,N20,VIIRS,n,2,295.01,69.85,D,0
43.52748,-5.73568,301.13,0.41,0.45,2024-03-15,0152,N20,VIIRS,n,2,281.36,1.72,N,2
43.20065,-5.74296,303.72,0.41,0.45,2024-03-15,0152,N20,VIIRS,n,2,280.4,2.25,N,0
43.20014,-5.73759,324.04,0.41,0.45,2024-03-15,0152,N20,VIIRS,n,2,283.49,2.25,N,0
43.5249,-5.73249,315.06,0.41,0.45,2024-03-15,0152,N20,VIIRS,n,2,283.55,3.41,N,2
43.52537,-5.73742,329.18,0.41,0.45,2024-03-15,0152,N20,VIIRS,n,2,281.98,3.11,N,2
43.52854,-5.7267,300.87,0.41,0.45,2024-03-15,0152,N20,VIIRS,n,2,282.96,1.78,N,2
43.529,-5.73159,320.77,0.41,0.45,2024-03-15,0152,N20,VIIRS,n,2,282.49,1.78,N,2
43.53861,-5.83347,321.04,0.41,0.45,2024-03-15,0152,N20,VIIRS,n,2,282.28,3.22,N,2
43.22553,-2.87607,308.76,0.46,0.39,2024-03-15,0152,N20,VIIRS,n,2,277.92,0.89,N,2
43.22683,-2.8808,309,0.46,0.39,2024-03-15,0152,N20,VIIRS,n,2,272.62,1.47,N,2
43.54713,-5.7682,299.76,0.41,0.45,2024-03-15,0152,N20,VIIRS,n,2,280.28,0.88,N,0
43.54022,-5.83189,319.56,0.41,0.45,2024-03-15,0152,N20,VIIRS,n,2,283.95,2.44,N,2
43.52704,-5.7307,323.65,0.41,0.45,2024-03-15,0152,N20,VIIRS,n,2,283.92,1.72,N,2
40.57661,0.54261,307.35,0.38,0.36,2024-03-15,0153,N20,VIIRS,n,2,284.77,1.06,N,2
42.5539,-6.77031,302.19,0.45,0.47,2024-03-15,0153,N20,VIIRS,n,2,280.61,1.02,N,0
41.40716,1.99927,309.18,0.39,0.36,2024-03-15,0153,N20,VIIRS,n,2,283.33,1.23,N,2
41.47408,-1.48677,303.85,0.41,0.37,2024-03-15,0153,N20,VIIRS,n,2,284.04,0.98,N,2
39.93595,-3.74737,296.64,0.46,0.39,2024-03-15,0153,N20,VIIRS,n,2,279.05,0.97,N,2
38.37518,-0.54561,298.56,0.38,0.36,2024-03-15,0154,N20,VIIRS,n,2,282.71,0.56,N,2
38.37845,-0.5448,297.31,0.38,0.36,2024-03-15,0154,N20,VIIRS,n,2,283.08,0.56,N,2
43.20019,-5.74299,316.74,0.66,0.73,2024-03-15,0332,N20,VIIRS,n,2,280.08,4.3,N,0
43.52583,-5.73206,329.08,0.64,0.72,2024-03-15,0332,N20,VIIRS,n,2,283.12,6.54,N,2
43.19668,-5.74684,312.7,0.66,0.73,2024-03-15,0332,N20,VIIRS,n,2,279.4,2.86,N,0
43.19978,-5.73396,304.58,0.66,0.73,2024-03-15,0332,N20,VIIRS,n,2,280.24,1.55,N,0
43.20166,-5.73955,299.39,0.66,0.73,2024-03-15,0332,N20,VIIRS,n,2,279.29,1.55,N,0
43.19834,-5.73756,313.55,0.66,0.73,2024-03-15,0332,N20,VIIRS,n,2,280.24,4.08,N,0
38.28505,-1.59766,342.89,0.42,0.38,2024-03-15,1315,N20,VIIRS,n,2,301.28,4.21,D,0
38.28099,-1.60173,354.71,0.42,0.38,2024-03-15,1315,N20,VIIRS,n,2,305.73,6.22,D,0
38.2816,-1.59691,347.29,0.42,0.38,2024-03-15,1315,N20,VIIRS,n,2,304.26,8.86,D,0
38.27755,-1.60099,335.29,0.42,0.38,2024-03-15,1315,N20,VIIRS,n,2,304.21,6.22,D,0
37.94083,-3.80015,333.34,0.39,0.36,2024-03-15,1315,N20,VIIRS,n,2,294.92,2.81,D,0
38.99388,-0.16656,344.12,0.48,0.4,2024-03-15,1315,N20,VIIRS,n,2,299.76,6.78,D,0
39.2008,-3.3071,337.5,0.39,0.36,2024-03-15,1315,N20,VIIRS,n,2,297.26,4.24,D,0
38.66803,-3.96619,339.46,0.39,0.36,2024-03-15,1315,N20,VIIRS,n,2,293.92,1.62,D,0
39.19817,-3.30834,339.75,0.39,0.36,2024-03-15,1315,N20,VIIRS,n,2,297.47,2.97,D,0
38.28443,-1.60249,346.6,0.42,0.38,2024-03-15,1315,N20,VIIRS,n,2,301.99,5.19,D,0
42.13223,-1.5662,325.09,0.46,0.39,2024-03-15,1316,N20,VIIRS,n,2,277.86,2.19,D,0
41.28522,-0.39699,326.89,0.5,0.41,2024-03-15,1316,N20,VIIRS,n,2,292.28,1.81,D,0
41.92122,0.17971,341.43,0.54,0.42,2024-03-15,1316,N20,VIIRS,n,2,298.18,6.06,D,2
41.94962,-0.36288,331.01,0.51,0.41,2024-03-15,1316,N20,VIIRS,n,2,289.78,5.34,D,0
42.08042,-0.39612,329.26,0.51,0.41,2024-03-15,1316,N20,VIIRS,n,2,282.04,2.19,D,0
42.08435,-0.98467,342.04,0.48,0.4,2024-03-15,1316,N20,VIIRS,n,2,284.5,13.21,D,0
42.12862,-1.56551,326.03,0.46,0.39,2024-03-15,1316,N20,VIIRS,n,2,276.34,2.19,D,0
42.12946,-1.56799,341.32,0.46,0.39,2024-03-15,1316,N20,VIIRS,n,2,279.07,5.44,D,0
43.1548,-1.56952,330.16,0.47,0.4,2024-03-15,1316,N20,VIIRS,n,2,285.09,6.56,D,0
43.15414,-1.57526,343.75,0.47,0.4,2024-03-15,1316,N20,VIIRS,n,2,286.21,10.22,D,0
43.15774,-1.57632,345.71,0.47,0.4,2024-03-15,1316,N20,VIIRS,n,2,287.42,10.22,D,0
43.40303,-5.08033,329.89,0.39,0.36,2024-03-15,1316,N20,VIIRS,n,2,275.23,2.05,D,0
43.40633,-5.08119,326.52,0.39,0.36,2024-03-15,1316,N20,VIIRS,n,2,276.19,2.05,D,0
43.53843,-5.83008,339.48,0.38,0.36,2024-03-15,1317,N20,VIIRS,n,2,285.6,5.15,D,2
43.53944,-5.8333,367,0.36,0.57,2024-03-16,0133,N20,VIIRS,h,2,276.79,10.25,N,2
43.53922,-5.82863,306.74,0.36,0.57,2024-03-16,0133,N20,VIIRS,n,2,276,6.09,N,2
43.54069,-5.83463,341.91,0.36,0.57,2024-03-16,0133,N20,VIIRS,n,2,274.39,7.92,N,2
43.54045,-5.83007,352.12,0.36,0.57,2024-03-16,0133,N20,VIIRS,n,2,279.1,7.92,N,2
43.16057,-4.37603,310.19,0.6,0.53,2024-03-16,0133,N20,VIIRS,n,2,278.61,2.32,N,0
43.16291,-4.37399,309.71,0.6,0.53,2024-03-16,0133,N20,VIIRS,n,2,278.85,2.99,N,0
40.57853,0.54362,300.57,0.49,0.4,2024-03-16,0134,N20,VIIRS,n,2,283.88,0.42,N,2
42.55212,-6.76991,302.45,0.39,0.59,2024-03-16,0134,N20,VIIRS,n,2,279.5,0.67,N,0
39.93728,-3.74704,295.96,0.51,0.5,2024-03-16,0134,N20,VIIRS,n,2,280.66,0.5,N,2
40.57657,0.54278,303.13,0.49,0.4,2024-03-16,0134,N20,VIIRS,n,2,285.15,0.91,N,2
42.55222,-6.77096,296.29,0.39,0.59,2024-03-16,0134,N20,VIIRS,n,2,277.36,0.71,N,0
41.31367,1.66464,309.42,0.45,0.39,2024-03-16,0134,N20,VIIRS,n,2,284.19,1.19,N,2
41.38202,0.43466,319.37,0.5,0.41,2024-03-16,0134,N20,VIIRS,n,2,281.82,1.84,N,0
41.47561,-1.48706,300.22,0.41,0.45,2024-03-16,0134,N20,VIIRS,n,2,281.96,0.87,N,2
38.66691,-4.04874,301.3,0.52,0.5,2024-03-16,0135,N20,VIIRS,n,2,280.99,0.76,N,2
38.37554,-0.54524,297.83,0.51,0.41,2024-03-16,0135,N20,VIIRS,n,2,285.17,0.72,N,2
38.66697,-4.05003,300.71,0.52,0.5,2024-03-16,0135,N20,VIIRS,n,2,280.86,1.16,N,2
38.66738,-4.05477,299.99,0.52,0.5,2024-03-16,0135,N20,VIIRS,n,2,281.64,0.76,N,0
37.56886,-0.92063,299.24,0.52,0.42,2024-03-16,0135,N20,VIIRS,n,2,285.99,1.13,N,2
38.66621,-4.05042,304.95,0.65,0.73,2024-03-16,0315,N20,VIIRS,n,2,279.75,1.34,N,2
38.66449,-4.0498,300.63,0.65,0.73,2024-03-16,0315,N20,VIIRS,n,2,278.52,0.51,N,2
39.27127,-1.46969,340.83,0.39,0.36,2024-03-16,1256,N20,VIIRS,n,2,299.37,3.1,D,0
38.70686,-0.94888,356.23,0.39,0.36,2024-03-16,1256,N20,VIIRS,l,2,303.53,8.43,D,0
38.71015,-0.94973,347.03,0.39,0.36,2024-03-16,1256,N20,VIIRS,n,2,303.92,4.26,D,0
38.90858,-0.47825,335.52,0.39,0.36,2024-03-16,1256,N20,VIIRS,n,2,306.98,6,D,0
38.90443,-0.50457,335.53,0.39,0.36,2024-03-16,1256,N20,VIIRS,n,2,304.8,2.77,D,0
38.90373,-0.50896,355.64,0.39,0.36,2024-03-16,1256,N20,VIIRS,n,2,305.88,10.21,D,0
38.9077,-0.50541,341.73,0.39,0.36,2024-03-16,1256,N20,VIIRS,n,2,304.58,2.77,D,0
43.0812,-1.35233,338.68,0.38,0.36,2024-03-16,1257,N20,VIIRS,n,2,295.26,4.77,D,0
43.05758,-1.50574,347.15,0.38,0.36,2024-03-16,1257,N20,VIIRS,n,2,289.91,3.6,D,0
43.05686,-1.5104,330.77,0.38,0.36,2024-03-16,1257,N20,VIIRS,n,2,286.54,3.6,D,0
43.06012,-1.51134,325.82,0.38,0.36,2024-03-16,1257,N20,VIIRS,n,2,290.67,3.6,D,0
43.17179,-1.51753,336.58,0.38,0.36,2024-03-16,1257,N20,VIIRS,n,2,289.27,4.9,D,0
40.44182,-3.60634,326.87,0.43,0.38,2024-03-16,1257,N20,VIIRS,n,2,286.71,1.95,D,0
41.45502,1.97988,325.42,0.42,0.37,2024-03-16,1257,N20,VIIRS,l,2,298.79,1.61,D,2
42.92834,-1.12311,327.68,0.38,0.36,2024-03-16,1257,N20,VIIRS,n,2,288.39,2.35,D,0
42.92764,-1.12774,329.6,0.38,0.36,2024-03-16,1257,N20,VIIRS,n,2,289.67,2.35,D,0
43.32583,-3.76828,311.69,0.49,0.65,2024-03-17,0114,N20,VIIRS,n,2,278.3,2.36,N,0
43.32436,-3.76771,314.02,0.49,0.65,2024-03-17,0114,N20,VIIRS,n,2,274.2,2.59,N,0
40.57812,0.53974,297.66,0.55,0.51,2024-03-17,0115,N20,VIIRS,n,2,282.69,0.91,N,2
40.57927,0.5396,297.45,0.55,0.51,2024-03-17,0115,N20,VIIRS,n,2,282.06,1.16,N,0
38.67273,-4.05467,304.17,0.47,0.64,2024-03-17,0116,N20,VIIRS,n,2,282.72,1.19,N,0
38.66681,-4.05539,303.41,0.47,0.64,2024-03-17,0116,N20,VIIRS,n,2,279.9,1.19,N,0
38.67864,-4.0537,311.17,0.47,0.64,2024-03-17,0116,N20,VIIRS,n,2,280.7,1.5,N,0
43.24179,-3.72867,336.7,0.58,0.52,2024-03-17,0255,N20,VIIRS,n,2,281.58,2.98,N,0
43.24572,-3.72653,308.12,0.58,0.52,2024-03-17,0255,N20,VIIRS,n,2,281.81,3.33,N,0
43.24139,-3.72961,327.61,0.58,0.52,2024-03-17,0255,N20,VIIRS,n,2,280.9,3.33,N,0
43.32361,-3.768,300.11,0.57,0.52,2024-03-17,0255,N20,VIIRS,n,2,277.64,1.27,N,0
43.10583,-3.76145,298.37,0.58,0.52,2024-03-17,0255,N20,VIIRS,n,2,275.3,1.2,N,0
43.1026,-3.7688,317.72,0.58,0.52,2024-03-17,0255,N20,VIIRS,n,2,276.41,2.61,N,0
43.24613,-3.72562,295.28,0.58,0.52,2024-03-17,0255,N20,VIIRS,n,2,280.81,2.98,N,0
37.56821,-0.9151,301.91,0.57,0.69,2024-03-17,0256,N20,VIIRS,n,2,278.61,2.48,N,0
37.57133,-0.91356,300.04,0.58,0.69,2024-03-17,0256,N20,VIIRS,n,2,278.66,2.14,N,0
37.35915,-5.86602,302.47,0.32,0.55,2024-03-17,0257,N20,VIIRS,n,2,281.1,0.76,N,2
28.61657,-17.87167,300.84,0.39,0.36,2024-03-17,0300,N20,VIIRS,n,2,289.47,1.15,N,2
37.22929,-1.85173,327.41,0.43,0.46,2024-03-17,1237,N20,VIIRS,n,2,277.27,1.62,D,0
38.80824,-0.44475,346.41,0.52,0.42,2024-03-17,1237,N20,VIIRS,n,2,297.45,17.14,D,0
38.81095,-0.45096,342.58,0.52,0.42,2024-03-17,1237,N20,VIIRS,n,2,300.9,17.14,D,0
38.81208,-0.4453,342.45,0.52,0.42,2024-03-17,1237,N20,VIIRS,n,2,303.66,17.14,D,0
40.00989,-0.305,344.99,0.49,0.4,2024-03-17,1238,N20,VIIRS,n,2,291.56,17.63,D,0
40.00626,-0.30385,346.42,0.49,0.4,2024-03-17,1238,N20,VIIRS,n,2,293.32,17.63,D,0
41.06598,-0.5606,344.22,0.48,0.4,2024-03-17,1238,N20,VIIRS,n,2,290.36,20.32,D,0
41.06243,-0.55921,334.84,0.48,0.4,2024-03-17,1238,N20,VIIRS,n,2,282.33,20.32,D,0
40.00879,-0.31057,335.73,0.49,0.4,2024-03-17,1238,N20,VIIRS,n,2,287.75,27.99,D,0
43.2174,-1.44866,343.22,0.48,0.4,2024-03-17,1239,N20,VIIRS,n,2,268.1,7.77,D,0
43.21398,-1.44664,347.7,0.48,0.4,2024-03-17,1239,N20,VIIRS,n,2,269.21,7.77,D,0
43.26575,-4.37669,353.07,0.42,0.45,2024-03-17,1239,N20,VIIRS,n,2,280.84,18.98,D,0
43.26264,-4.37103,344.95,0.42,0.45,2024-03-17,1239,N20,VIIRS,n,2,279.74,5.39,D,0
43.2638,-4.36595,334.7,0.42,0.45,2024-03-17,1239,N20,VIIRS,n,2,277.86,6.99,D,0
43.25714,-4.37582,327.86,0.42,0.45,2024-03-17,1239,N20,VIIRS,n,2,276.49,5.39,D,0
43.25834,-4.37058,333.71,0.42,0.45,2024-03-17,1239,N20,VIIRS,n,2,276.26,5.39,D,0
39.66424,-0.25005,296.38,0.54,0.68,2024-03-18,0056,N20,VIIRS,n,2,285.02,0.83,N,2
41.31346,1.66225,296.36,0.35,0.57,2024-03-18,0236,N20,VIIRS,n,2,263.81,0.42,N,2
43.12438,-4.19856,318.25,0.51,0.41,2024-03-18,0236,N20,VIIRS,n,2,279.71,2.27,N,0
43.12584,-4.20551,309.36,0.51,0.41,2024-03-18,0236,N20,VIIRS,n,2,278.55,2.27,N,0
43.14092,-3.89736,307.31,0.52,0.42,2024-03-18,0236,N20,VIIRS,n,2,280.85,1.04,N,0
42.55324,-6.76993,300.08,0.42,0.38,2024-03-18,0237,N20,VIIRS,n,2,281.82,0.52,N,0
39.93623,-3.74478,301.43,0.41,0.45,2024-03-18,0237,N20,VIIRS,n,2,280.11,1.16,N,2
38.66774,-4.04843,305.85,0.42,0.45,2024-03-18,0237,N20,VIIRS,n,2,270.17,0.88,N,2
37.17641,-6.89307,306.89,0.5,0.41,2024-03-18,0238,N20,VIIRS,n,2,271.12,1.93,N,0
42.32387,1.43103,333.9,0.4,0.44,2024-03-18,1219,N20,VIIRS,n,2,286.65,4.1,D,0
43.12621,-4.19247,336.11,0.35,0.57,2024-03-18,1220,N20,VIIRS,n,2,291.63,4.18,D,0
43.12353,-4.20237,367,0.35,0.57,2024-03-18,1220,N20,VIIRS,h,2,296.47,7.1,D,0
43.13113,-4.19492,340.74,0.35,0.57,2024-03-18,1220,N20,VIIRS,n,2,288.69,3.34,D,0
43.13026,-4.19816,331.78,0.35,0.57,2024-03-18,1220,N20,VIIRS,n,2,292.96,3.34,D,0
43.11959,-4.20214,367,0.35,0.57,2024-03-18,1220,N20,VIIRS,h,2,298.43,14.95,D,0
43.12436,-4.19929,331.76,0.35,0.57,2024-03-18,1220,N20,VIIRS,n,2,294.99,7.1,D,0
43.12645,-4.19759,335.64,0.35,0.57,2024-03-18,1220,N20,VIIRS,n,2,295.64,8.13,D,0
43.12738,-4.1942,367,0.35,0.57,2024-03-18,1220,N20,VIIRS,h,2,292.71,8.13,D,0
43.12523,-4.19608,342.63,0.35,0.57,2024-03-18,1220,N20,VIIRS,n,2,293.97,4.18,D,0
43.034,-2.22156,300.67,0.41,0.37,2024-03-19,0217,N20,VIIRS,n,2,283.54,0.88,N,2
43.34695,-8.43545,301.23,0.44,0.38,2024-03-19,0218,N20,VIIRS,n,2,277.37,0.77,N,2
41.40546,1.99767,300.1,0.42,0.45,2024-03-19,0218,N20,VIIRS,n,2,282.86,0.84,N,2
41.31232,1.66353,309.28,0.41,0.45,2024-03-19,0218,N20,VIIRS,n,2,284.3,2.23,N,2
42.55309,-6.77018,298.1,0.4,0.37,2024-03-19,0218,N20,VIIRS,n,2,281.83,0.85,N,0
39.21548,-0.34624,295.1,0.55,0.43,2024-03-19,0218,N20,VIIRS,n,2,267.67,0.4,N,0
38.86843,-6.76649,310.13,0.38,0.36,2024-03-19,0219,N20,VIIRS,n,2,284.34,1.22,N,0
37.36182,-5.86475,298.73,0.39,0.36,2024-03-19,0219,N20,VIIRS,n,2,282.44,0.73,N,2
42.04187,-2.28144,333.32,0.52,0.67,2024-03-19,1201,N20,VIIRS,n,2,294.32,8.68,D,0
43.04142,-1.60419,327.28,0.45,0.63,2024-03-19,1201,N20,VIIRS,n,2,288.33,3.6,D,0
41.27742,-0.32003,328.68,0.44,0.62,2024-03-19,1201,N20,VIIRS,n,2,294.42,1.76,D,0
41.45244,-0.50315,343.57,0.44,0.62,2024-03-19,1201,N20,VIIRS,n,2,291.02,4.78,D,0
40.32798,-4.91643,340.46,0.78,0.78,2024-03-19,1201,N20,VIIRS,n,2,283.74,12.08,D,0
40.32716,-4.91158,341.21,0.78,0.78,2024-03-19,1201,N20,VIIRS,n,2,281.81,11.57,D,0
41.7317,-1.04674,333.6,0.46,0.64,2024-03-19,1201,N20,VIIRS,n,2,290.63,8.34,D,0
41.73867,-1.04449,336.82,0.46,0.64,2024-03-19,1201,N20,VIIRS,n,2,288.23,8.34,D,0
41.73716,-1.04965,354.77,0.46,0.64,2024-03-19,1201,N20,VIIRS,n,2,291.89,8.34,D,0
41.71944,-1.15333,354.08,0.47,0.64,2024-03-19,1201,N20,VIIRS,n,2,292.02,7.11,D,0
41.71791,-1.15856,345.95,0.47,0.64,2024-03-19,1201,N20,VIIRS,n,2,292.55,7.11,D,0
41.7249,-1.15634,330.25,0.47,0.64,2024-03-19,1201,N20,VIIRS,n,2,291.43,3.15,D,0
41.72335,-1.16163,335.52,0.47,0.64,2024-03-19,1201,N20,VIIRS,n,2,291.11,3.15,D,0
41.72479,-1.1573,333.12,0.47,0.64,2024-03-19,1201,N20,VIIRS,n,2,291.62,4.53,D,0
41.72321,-1.16258,332.76,0.47,0.64,2024-03-19,1201,N20,VIIRS,n,2,291.04,4.07,D,0
42.04371,-2.27541,355.68,0.52,0.67,2024-03-19,1201,N20,VIIRS,n,2,291.01,8.68,D,0
41.47779,-1.3631,335.96,0.61,0.54,2024-03-19,1341,N20,VIIRS,n,2,298.96,4.71,D,0
41.72161,-1.16225,341.18,0.63,0.54,2024-03-19,1341,N20,VIIRS,n,2,299.19,6.8,D,0
41.72204,-1.15464,328.97,0.63,0.54,2024-03-19,1341,N20,VIIRS,n,2,298.13,6.8,D,0
41.72192,-1.1617,341.27,0.63,0.54,2024-03-19,1341,N20,VIIRS,n,2,299.25,10.47,D,0
40.90537,-2.99538,340.81,0.5,0.49,2024-03-19,1341,N20,VIIRS,n,2,293.59,8.53,D,0
41.45109,-0.50526,336.48,0.34,0.56,2024-03-19,1341,N20,VIIRS,n,2,294.76,2.37,D,0
43.17286,-1.54273,346.82,0.62,0.54,2024-03-19,1342,N20,VIIRS,n,2,294.85,9.89,D,0
43.03765,-1.61739,327.51,0.61,0.54,2024-03-19,1342,N20,VIIRS,n,2,293.86,3.54,D,0
42.55422,-6.76551,295.18,0.57,0.43,2024-03-20,0159,N20,VIIRS,n,2,281.25,0.83,N,0
38.37685,-0.54389,302.3,0.39,0.36,2024-03-20,0200,N20,VIIRS,n,2,282.27,0.84,N,2
37.66343,-4.92247,299.63,0.43,0.38,2024-03-20,0200,N20,VIIRS,n,2,284.03,0.41,N,0
43.35329,-8.44526,297.92,0.57,0.69,2024-03-20,0339,N20,VIIRS,n,2,280.82,1.08,N,0
38.25645,-5.33927,330.04,0.39,0.36,2024-03-20,1321,N20,VIIRS,n,2,290.75,2.85,D,0
38.25974,-5.34001,329.8,0.39,0.36,2024-03-20,1321,N20,VIIRS,n,2,292.72,2.7,D,0
40.79843,-6.33294,337.59,0.39,0.36,2024-03-20,1322,N20,VIIRS,n,2,292.59,2.42,D,0
40.8017,-6.33379,325.78,0.39,0.36,2024-03-20,1322,N20,VIIRS,n,2,293.19,2.59,D,0
39.48256,-5.51258,343.4,0.39,0.36,2024-03-20,1322,N20,VIIRS,n,2,294.08,3.9,D,0
39.00254,-6.10964,330.55,0.38,0.36,2024-03-20,1322,N20,VIIRS,n,2,294.13,2.97,D,0
43.18014,-1.55247,331.06,0.55,0.42,2024-03-20,1323,N20,VIIRS,n,2,292.36,4.06,D,0
43.18405,-1.55305,330.84,0.55,0.42,2024-03-20,1323,N20,VIIRS,n,2,293.53,4.06,D,0
43.18467,-1.54672,331.72,0.55,0.42,2024-03-20,1323,N20,VIIRS,n,2,295.48,4.64,D,0
43.34598,-8.43605,298.85,0.34,0.56,2024-03-21,0319,N20,VIIRS,n,2,281.82,0.43,N,2
39.01819,-5.87378,340.7,0.49,0.41,2024-03-21,1301,N20,VIIRS,n,2,281.92,5.82,D,0
39.02178,-5.87494,325.25,0.49,0.41,2024-03-21,1301,N20,VIIRS,n,2,281.38,5.82,D,0
39.03682,-5.89464,330.97,0.49,0.41,2024-03-21,1301,N20,VIIRS,n,2,282.36,2.36,D,0
41.90291,-7.68754,330.11,0.52,0.42,2024-03-21,1302,N20,VIIRS,n,2,290.31,3.72,D,0
41.90664,-7.68857,330.99,0.52,0.42,2024-03-21,1302,N20,VIIRS,n,2,291.78,12.06,D,0
43.14795,-1.6355,343.51,0.39,0.36,2024-03-21,1302,N20,VIIRS,n,2,294.63,4.17,D,0
40.90699,-2.99686,342.84,0.39,0.36,2024-03-21,1302,N20,VIIRS,n,2,287.12,3.99,D,0
40.91024,-2.99776,331.67,0.39,0.36,2024-03-21,1302,N20,VIIRS,n,2,285.94,3.99,D,0
41.14215,-5.84921,325.28,0.46,0.39,2024-03-21,1302,N20,VIIRS,n,2,290.98,2.24,D,0
42.01872,-1.58958,349.08,0.39,0.36,2024-03-21,1302,N20,VIIRS,n,2,300.45,17.7,D,0
43.1466,-1.64487,353.19,0.39,0.36,2024-03-21,1302,N20,VIIRS,n,2,301.51,28.71,D,0
43.53773,-5.82924,334.17,0.43,0.38,2024-03-21,1303,N20,VIIRS,n,2,294.62,5.53,D,2
41.45578,1.98172,300.06,0.42,0.45,2024-03-22,0119,N20,VIIRS,n,2,284.51,0.71,N,2
41.47614,-1.48768,303.57,0.32,0.54,2024-03-22,0119,N20,VIIRS,n,2,282.31,0.56,N,2
42.55412,-6.76943,296.5,0.61,0.71,2024-03-22,0119,N20,VIIRS,n,2,281.6,0.89,N,0
43.34448,-8.43755,299.8,0.39,0.44,2024-03-22,0259,N20,VIIRS,n,2,283.11,0.53,N,2
37.48169,-1.77876,337.52,0.39,0.44,2024-03-22,1240,N20,VIIRS,n,2,301.3,1.43,D,0
40.75491,0.5031,332.66,0.42,0.38,2024-03-22,1241,N20,VIIRS,n,2,302.09,2.11,D,0
39.04881,-0.31213,342.01,0.48,0.4,2024-03-22,1241,N20,VIIRS,n,2,300.75,6.13,D,0
42.93636,-1.26125,335.3,0.45,0.39,2024-03-22,1242,N20,VIIRS,n,2,292.8,3.26,D,0
42.93884,-1.03509,327.16,0.44,0.39,2024-03-22,1242,N20,VIIRS,n,2,294.61,3.66,D,0
43.16797,-1.90628,331.28,0.47,0.4,2024-03-22,1242,N20,VIIRS,n,2,296.52,4.93,D,0
43.05093,-1.8402,328.42,0.47,0.4,2024-03-22,1242,N20,VIIRS,n,2,294.97,2.2,D,0
43.09081,-1.55628,325.9,0.46,0.39,2024-03-22,1242,N20,VIIRS,n,2,295.1,5.35,D,0
43.09175,-1.55138,325.43,0.46,0.39,2024-03-22,1242,N20,VIIRS,n,2,294.26,3.62,D,0
40.57861,0.53924,297.54,0.46,0.64,2024-03-23,0058,N20,VIIRS,n,2,283.16,0.52,N,0
40.61662,-3.70917,296.63,0.77,0.78,2024-03-23,0058,N20,VIIRS,n,2,274.72,1.55,N,0
40.61463,-3.70483,301.91,0.77,0.77,2024-03-23,0058,N20,VIIRS,n,2,274.01,1.64,N,0
39.95246,-0.00654,296.4,0.49,0.65,2024-03-23,0059,N20,VIIRS,n,2,285.86,1.15,N,2
41.40713,1.99945,297.94,0.39,0.59,2024-03-23,0238,N20,VIIRS,n,2,283.84,0.42,N,2
41.45396,1.97788,299.65,0.38,0.59,2024-03-23,0238,N20,VIIRS,n,2,283.44,0.52,N,2
41.40486,1.99715,301.83,0.39,0.59,2024-03-23,0238,N20,VIIRS,n,2,283.2,0.62,N,2
41.18453,1.22819,298.02,0.36,0.57,2024-03-23,0239,N20,VIIRS,n,2,280.87,0.53,N,0
39.93789,-3.74482,298.18,0.44,0.46,2024-03-23,0239,N20,VIIRS,n,2,280.2,0.73,N,2
41.18567,1.22404,300.6,0.36,0.57,2024-03-23,0239,N20,VIIRS,n,2,281.78,0.53,N,0
42.29133,-5.88022,330.63,0.44,0.62,2024-03-23,1221,N20,VIIRS,n,2,290.36,2.18,D,0
42.87745,-1.15819,333.21,0.5,0.49,2024-03-23,1221,N20,VIIRS,n,2,286.78,4.49,D,0
42.51526,-0.3547,325.54,0.46,0.47,2024-03-23,1221,N20,VIIRS,l,2,297.65,1.13,D,0
42.92669,-1.05021,331.53,0.49,0.49,2024-03-23,1221,N20,VIIRS,n,2,291.7,3.27,D,0
42.51122,-0.35726,325.87,0.47,0.47,2024-03-23,1221,N20,VIIRS,n,2,295.47,1.85,D,0
41.59603,0.58741,340.11,0.44,0.46,2024-03-23,1221,N20,VIIRS,n,2,300.04,3.92,D,0
42.29267,-5.88097,328.98,0.34,0.56,2024-03-23,1402,N20,VIIRS,n,2,292.92,2.28,D,0
41.33835,-1.17194,309.01,0.47,0.4,2024-03-24,0218,N20,VIIRS,n,2,279,1.25,N,0
41.92339,0.17682,297.29,0.52,0.42,2024-03-24,0218,N20,VIIRS,n,2,278.37,1.25,N,2
42.55392,-6.76746,301.21,0.39,0.36,2024-03-24,0218,N20,VIIRS,n,2,282.14,0.88,N,0
39.61201,-3.13045,323.49,0.43,0.38,2024-03-24,0219,N20,VIIRS,n,2,282.87,4.42,N,0
39.93703,-3.74585,301.99,0.41,0.37,2024-03-24,0219,N20,VIIRS,n,2,276.39,0.81,N,2
39.61292,-3.13534,320.37,0.43,0.38,2024-03-24,0219,N20,VIIRS,n,2,279.6,4.42,N,0
43.52728,-5.72874,325.39,0.39,0.44,2024-03-24,1341,N20,VIIRS,n,2,293.84,3.44,D,2
43.5379,-5.82905,326.42,0.54,0.42,2024-03-25,0157,N20,VIIRS,n,2,268.69,2.27,N,2
43.52749,-5.72928,300.11,0.54,0.42,2024-03-25,0157,N20,VIIRS,n,2,278.88,2.69,N,2
43.30832,-3.02237,295.47,0.43,0.38,2024-03-25,0157,N20,VIIRS,n,2,269.94,0.4,N,0
40.55332,-6.67452,329.35,0.38,0.36,2024-03-25,1320,N20,VIIRS,n,2,291.59,3.93,D,0
43.53964,-5.83197,317.18,0.32,0.55,2024-03-26,0137,N20,VIIRS,n,2,277.46,1.86,N,2
42.55355,-6.76856,302.35,0.35,0.57,2024-03-26,0137,N20,VIIRS,n,2,277.32,0.81,N,0
42.55384,-6.76718,296.22,0.35,0.57,2024-03-26,0137,N20,VIIRS,n,2,277.17,0.65,N,0
43.55513,-5.85999,299.13,0.32,0.55,2024-03-26,0137,N20,VIIRS,n,2,277.25,0.76,N,2
43.5425,-5.83339,311.2,0.42,0.61,2024-03-26,0317,N20,VIIRS,n,2,277.19,1.29,N,2
42.34682,-5.63323,335.5,0.45,0.39,2024-03-26,1300,N20,VIIRS,n,2,290.58,13.75,D,0
42.35104,-5.63238,341.75,0.45,0.39,2024-03-26,1300,N20,VIIRS,n,2,301.64,26.54,D,0
42.34759,-5.6312,351.31,0.45,0.39,2024-03-26,1300,N20,VIIRS,n,2,293.15,26.54,D,0
42.35027,-5.63441,337.73,0.45,0.39,2024-03-26,1300,N20,VIIRS,n,2,302.68,13.75,D,0
43.30923,-3.02606,304.76,0.42,0.61,2024-03-27,0116,N20,VIIRS,n,2,277.1,0.82,N,0
43.03464,-2.21941,296.98,0.38,0.59,2024-03-27,0116,N20,VIIRS,n,2,274.9,0.68,N,2
43.22747,-2.88173,313.26,0.42,0.61,2024-03-27,0116,N20,VIIRS,n,2,276.71,2.85,N,0
43.22726,-2.87636,320.44,0.41,0.61,2024-03-27,0116,N20,VIIRS,n,2,276.29,2.6,N,0
43.41269,-3.83983,309.92,0.47,0.64,2024-03-27,0116,N20,VIIRS,n,2,276.15,1.34,N,0
43.41009,-3.83997,306.12,0.47,0.64,2024-03-27,0116,N20,VIIRS,n,2,275.92,1.31,N,0
41.45419,1.98291,295.47,0.45,0.47,2024-03-27,0117,N20,VIIRS,n,2,280.02,0.82,N,2
36.96704,-1.90568,306.31,0.33,0.55,2024-03-27,0118,N20,VIIRS,n,2,284.1,0.67,N,2
43.03752,-2.2219,295.67,0.36,0.58,2024-03-27,0256,N20,VIIRS,n,2,274.76,0.65,N,2
37.8717,-0.86086,337.77,0.56,0.43,2024-03-27,1238,N20,VIIRS,n,2,297.63,3.36,D,0
41.31477,1.66229,317.87,0.35,0.57,2024-03-28,0236,N20,VIIRS,n,2,283.05,1.43,N,2
43.34658,-8.43638,299.26,0.39,0.36,2024-03-28,0236,N20,VIIRS,n,2,274.12,0.7,N,2
43.56636,-5.69395,298.28,0.44,0.39,2024-03-28,0236,N20,VIIRS,n,2,278.27,1.21,N,3
43.52584,-5.73354,337.21,0.44,0.39,2024-03-28,0236,N20,VIIRS,n,2,283.94,9.84,N,2
41.45567,1.97752,296.67,0.36,0.57,2024-03-28,0236,N20,VIIRS,n,2,283.35,0.78,N,2
41.40469,1.99878,295.45,0.36,0.58,2024-03-28,0236,N20,VIIRS,n,2,284.01,0.48,N,2
43.33046,-5.77232,297.56,0.44,0.39,2024-03-28,0236,N20,VIIRS,n,2,276.37,0.45,N,2
43.5293,-5.73237,306.1,0.44,0.39,2024-03-28,0236,N20,VIIRS,n,2,277.37,9.84,N,2
43.52566,-5.73167,331.71,0.44,0.39,2024-03-28,0236,N20,VIIRS,n,2,284.42,7.82,N,2
43.52911,-5.7304,308.79,0.44,0.39,2024-03-28,0236,N20,VIIRS,n,2,277.72,7.82,N,2
38.37648,-0.5441,301.17,0.32,0.55,2024-03-28,0237,N20,VIIRS,n,2,283.77,0.5,N,2
41.29966,-0.17565,331.7,0.52,0.5,2024-03-28,1219,N20,VIIRS,n,2,293.04,4.99,D,0
42.55135,-6.76645,295.95,0.4,0.37,2024-03-29,0216,N20,VIIRS,n,2,274.33,0.66,N,0
41.47598,-1.48697,302.58,0.44,0.38,2024-03-29,0216,N20,VIIRS,n,2,281.56,0.81,N,2
43.34659,-8.43804,315.17,0.45,0.39,2024-03-29,0216,N20,VIIRS,n,2,277.97,1.01,N,2
36.96754,-1.90591,297.89,0.49,0.4,2024-03-29,0217,N20,VIIRS,n,2,279.33,0.86,N,2
43.3164,-3.00217,298.32,0.44,0.39,2024-03-30,0155,N20,VIIRS,n,2,280.93,0.84,N,0
40.57617,0.54423,295.45,0.39,0.36,2024-03-30,0156,N20,VIIRS,n,2,283.89,0.43,N,2
38.37729,-0.54164,297.2,0.38,0.36,2024-03-30,0156,N20,VIIRS,n,2,283.87,0.53,N,2
40.57692,0.5397,296.84,0.39,0.36,2024-03-30,0156,N20,VIIRS,n,2,282.26,0.43,N,2
43.5401,-5.83277,327.74,0.34,0.56,2024-03-31,0134,N20,VIIRS,n,2,261.96,2.88,N,2
40.57571,0.53944,301.67,0.47,0.4,2024-03-31,0135,N20,VIIRS,n,2,282.35,0.72,N,0
43.52695,-5.73415,311.66,0.62,0.71,2024-04-01,0114,N20,VIIRS,n,2,276.72,1.81,N,2
41.18909,1.22529,299.42,0.52,0.5,2024-04-01,0114,N20,VIIRS,n,2,279.24,1.11,N,0
41.18813,1.22512,307.64,0.52,0.5,2024-04-01,0114,N20,VIIRS,n,2,279.17,1.23,N,0
43.22512,-2.88101,297.04,0.44,0.63,2024-04-01,0114,N20,VIIRS,n,2,279.4,0.69,N,2
40.57623,0.54245,298.29,0.56,0.51,2024-04-01,0115,N20,VIIRS,n,2,281.88,1.08,N,2
41.31496,1.665,297.59,0.59,0.7,2024-04-01,0254,N20,VIIRS,n,2,278.09,1.1,N,2
41.50968,-1.4069,300.07,0.41,0.61,2024-04-01,0255,N20,VIIRS,n,2,277.6,0.62,N,0
41.5101,-1.4075,296.89,0.41,0.61,2024-04-01,0255,N20,VIIRS,n,2,277.24,0.64,N,0
39.70864,-0.21262,325.64,0.51,0.41,2024-04-01,1236,N20,VIIRS,n,2,297.64,18.26,D,0
39.70978,-0.20685,331.72,0.51,0.41,2024-04-01,1236,N20,VIIRS,n,2,302.83,42.89,D,0
41.47368,2.02624,327.51,0.41,0.37,2024-04-01,1237,N20,VIIRS,n,2,298.13,2.21,D,0
41.31083,1.66314,325.33,0.42,0.38,2024-04-01,1237,N20,VIIRS,n,2,295.84,1.94,D,2
41.47036,2.02724,331.98,0.41,0.37,2024-04-01,1237,N20,VIIRS,n,2,299.11,1.91,D,0
41.31475,1.66297,295.56,0.47,0.64,2024-04-02,0054,N20,VIIRS,n,2,281.22,0.68,N,2
37.57321,-0.92065,295.01,0.61,0.71,2024-04-02,0055,N20,VIIRS,n,2,283.59,0.96,N,2
37.57492,-0.91928,295.87,0.61,0.71,2024-04-02,0055,N20,VIIRS,n,2,283.62,1.28,N,2
41.31023,1.65963,295.13,0.33,0.55,2024-04-02,0234,N20,VIIRS,n,2,278.73,0.94,N,2
43.53841,-5.82964,304.51,0.42,0.38,2024-04-02,0234,N20,VIIRS,n,2,273.5,0.64,N,2
43.52713,-5.72937,325.51,0.43,0.38,2024-04-02,0234,N20,VIIRS,n,2,279.22,1.9,N,2
43.5542,-5.8567,314.02,0.42,0.38,2024-04-02,0234,N20,VIIRS,n,2,277.95,1.49,N,2
43.54274,-5.83356,309.2,0.42,0.38,2024-04-02,0234,N20,VIIRS,n,2,277.74,2.33,N,2
43.5418,-5.82847,325.27,0.42,0.38,2024-04-02,0234,N20,VIIRS,n,2,276.67,2.9,N,2
43.52809,-5.73457,297.67,0.43,0.38,2024-04-02,0234,N20,VIIRS,n,2,276.77,1.9,N,2
41.31071,1.66087,314.05,0.33,0.55,2024-04-02,0234,N20,VIIRS,n,2,280.04,1.34,N,2
41.31504,1.66186,312.26,0.33,0.55,2024-04-02,0234,N20,VIIRS,n,2,277.2,0.94,N,2
41.31553,1.6631,296.7,0.33,0.55,2024-04-02,0234,N20,VIIRS,n,2,277.98,0.55,N,2
37.57079,-0.9122,301.35,0.61,0.53,2024-04-02,0235,N20,VIIRS,n,2,282.73,0.76,N,2
43.52562,-5.72575,304.45,0.4,0.37,2024-04-03,0213,N20,VIIRS,n,2,280.88,1.25,N,2
43.52964,-5.72977,302.57,0.4,0.37,2024-04-03,0213,N20,VIIRS,n,2,279.63,0.86,N,2
43.55468,-5.86097,299.87,0.4,0.37,2024-04-03,0213,N20,VIIRS,n,2,282.78,0.54,N,2
43.2212,-2.87815,311.2,0.39,0.36,2024-04-03,0213,N20,VIIRS,n,2,282.7,0.93,N,0
43.41106,-3.84228,304.76,0.38,0.36,2024-04-03,0213,N20,VIIRS,n,2,279.78,0.97,N,0
43.32912,-3.11626,296.52,0.39,0.36,2024-04-03,0213,N20,VIIRS,n,2,286.23,0.58,N,0
43.44191,-3.84298,303.44,0.38,0.36,2024-04-03,0213,N20,VIIRS,n,2,282.82,0.83,N,2
43.52629,-5.73065,315.16,0.4,0.37,2024-04-03,0213,N20,VIIRS,n,2,282.4,1.25,N,2
41.31382,1.65987,309.84,0.56,0.43,2024-04-03,0214,N20,VIIRS,n,2,281.14,2.31,N,2
40.57547,0.53905,295.73,0.51,0.41,2024-04-03,0214,N20,VIIRS,n,2,281.47,0.62,N,0
41.40536,2.00031,300.51,0.57,0.43,2024-04-03,0214,N20,VIIRS,n,2,281.62,0.97,N,0
36.96749,-1.90662,307.35,0.47,0.4,2024-04-03,0215,N20,VIIRS,n,2,286.05,1.35,N,2
38.37637,-0.54447,296.49,0.5,0.41,2024-04-03,0215,N20,VIIRS,n,2,283.39,0.73,N,2
36.1834,-5.39761,302.12,0.39,0.36,2024-04-03,0215,N20,VIIRS,n,2,290.6,1.33,N,0
39.27796,-5.22184,342.6,0.49,0.4,2024-04-03,1336,N20,VIIRS,n,2,295.44,3.51,D,0
39.49471,-1.73071,336.33,0.48,0.48,2024-04-03,1336,N20,VIIRS,n,2,294.9,6.21,D,0
39.49506,-1.72924,338.23,0.48,0.48,2024-04-03,1336,N20,VIIRS,n,2,294.13,6.82,D,0
41.3111,1.66371,316.54,0.39,0.36,2024-04-04,0153,N20,VIIRS,n,2,283.19,1.34,N,2
41.1879,1.2249,302.64,0.39,0.36,2024-04-04,0153,N20,VIIRS,n,2,282.77,0.71,N,0
40.57692,0.53977,298.3,0.38,0.36,2024-04-04,0153,N20,VIIRS,n,2,283.43,0.37,N,2
40.57621,0.54426,296.81,0.38,0.36,2024-04-04,0153,N20,VIIRS,n,2,285.26,0.37,N,2
43.44225,-3.84602,297.23,0.5,0.41,2024-04-04,0153,N20,VIIRS,n,2,276.61,0.85,N,2
43.03462,-2.21881,309.84,0.43,0.38,2024-04-04,0153,N20,VIIRS,n,2,281.03,1.21,N,2
43.15705,-4.44313,322.62,0.52,0.42,2024-04-04,0153,N20,VIIRS,n,2,275.78,3.31,N,0
42.81573,-1.74137,296.46,0.42,0.38,2024-04-04,0153,N20,VIIRS,n,2,277.99,0.33,N,2
42.50473,-3.30906,297.33,0.47,0.39,2024-04-04,0153,N20,VIIRS,n,2,276.42,0.69,N,0
41.45341,1.97994,310.57,0.39,0.36,2024-04-04,0153,N20,VIIRS,n,2,284,1.33,N,2
41.40522,1.9995,310.91,0.39,0.36,2024-04-04,0153,N20,VIIRS,n,2,283.21,1.28,N,2
41.64612,-0.76682,295.05,0.39,0.36,2024-04-04,0153,N20,VIIRS,n,2,280.59,0.51,N,0
38.9288,-0.4836,343,0.38,0.36,2024-04-04,0154,N20,VIIRS,n,2,284.5,10.86,N,0
39.95254,-0.00437,297.96,0.38,0.36,2024-04-04,0154,N20,VIIRS,n,2,284.97,1.21,N,2
37.83178,-4.38674,295.89,0.46,0.39,2024-04-04,0154,N20,VIIRS,n,2,274.7,0.56,N,0
38.37601,-0.54435,301.97,0.38,0.36,2024-04-04,0154,N20,VIIRS,n,2,285.77,0.73,N,2
38.92553,-0.48442,303.73,0.38,0.36,2024-04-04,0154,N20,VIIRS,n,2,280.76,0.73,N,0
39.93515,-3.74554,299.33,0.46,0.39,2024-04-04,0154,N20,VIIRS,n,2,279.09,0.94,N,0
36.96544,-1.90519,313.73,0.39,0.36,2024-04-04,0155,N20,VIIRS,n,2,285.64,1.6,N,2
43.18101,-6.63994,296.64,0.39,0.59,2024-04-05,0133,N20,VIIRS,n,2,273.76,0.96,N,0
43.18097,-6.64095,295.38,0.39,0.59,2024-04-05,0133,N20,VIIRS,n,2,273.28,1.83,N,0
38.35067,-1.93565,300.57,0.4,0.44,2024-04-05,0135,N20,VIIRS,n,2,275.51,0.49,N,0
43.20619,-5.72749,297.17,0.39,0.6,2024-04-05,0314,N20,VIIRS,n,2,277.57,0.62,N,0
28.61742,-17.87105,302.7,0.4,0.44,2024-04-05,0318,N20,VIIRS,n,2,292.58,1.42,N,2
43.17185,-5.06221,306.42,0.56,0.69,2024-04-06,0114,N20,VIIRS,n,2,254.84,8.45,N,0
43.17165,-5.05048,352.2,0.56,0.69,2024-04-06,0114,N20,VIIRS,n,2,262.18,8.45,N,0
43.17799,-5.0476,303.41,0.56,0.69,2024-04-06,0114,N20,VIIRS,n,2,254.02,3.59,N,0
43.1732,-5.04925,356.77,0.56,0.69,2024-04-06,0114,N20,VIIRS,n,2,264.16,22.98,N,0
43.18762,-5.18662,320.32,0.57,0.69,2024-04-06,0114,N20,VIIRS,n,2,262.78,6.08,N,0
43.18669,-5.18219,298.79,0.57,0.69,2024-04-06,0114,N20,VIIRS,n,2,265.66,2.39,N,0
43.18677,-5.18671,318.75,0.57,0.69,2024-04-06,0114,N20,VIIRS,n,2,264.46,2.39,N,0
43.17153,-5.04362,314.04,0.56,0.69,2024-04-06,0114,N20,VIIRS,n,2,261.33,7.32,N,0
39.43025,-0.562,295.16,0.61,0.54,2024-04-06,0115,N20,VIIRS,n,2,283.13,0.76,N,0
40.57803,0.54269,299,0.55,0.51,2024-04-06,0115,N20,VIIRS,n,2,282.88,1.01,N,2
41.47693,-1.48838,295.35,0.36,0.57,2024-04-06,0115,N20,VIIRS,n,2,279.2,0.65,N,2
36.96752,-1.906,306.03,0.34,0.56,2024-04-06,0116,N20,VIIRS,n,2,289.68,0.68,N,2
43.23962,-4.43457,342,0.54,0.51,2024-04-06,0255,N20,VIIRS,n,2,277.49,24.25,N,0
43.24139,-4.44163,324.8,0.54,0.51,2024-04-06,0255,N20,VIIRS,n,2,271.3,20.64,N,0
43.24037,-4.41776,305.05,0.54,0.51,2024-04-06,0255,N20,VIIRS,n,2,274.82,3.17,N,0
43.24212,-4.42476,315.79,0.54,0.51,2024-04-06,0255,N20,VIIRS,n,2,273.77,24.25,N,0
43.24734,-4.44569,300.03,0.54,0.51,2024-04-06,0255,N20,VIIRS,n,2,266.34,20.64,N,0
43.24373,-4.43121,342.14,0.54,0.51,2024-04-06,0255,N20,VIIRS,n,2,299.52,24.25,N,0
43.24549,-4.43828,349.75,0.54,0.51,2024-04-06,0255,N20,VIIRS,n,2,282.92,20.64,N,0
43.2462,-4.42126,307.33,0.54,0.51,2024-04-06,0255,N20,VIIRS,n,2,273.32,7.79,N,0
43.24784,-4.42788,341.14,0.54,0.51,2024-04-06,0255,N20,VIIRS,n,2,278.34,7.79,N,0
43.24969,-4.4353,353.41,0.54,0.51,2024-04-06,0255,N20,VIIRS,n,2,278.34,14.85,N,0
43.25212,-4.4252,338.28,0.54,0.51,2024-04-06,0255,N20,VIIRS,n,2,278.31,7.79,N,0
43.25396,-4.43259,329.34,0.54,0.51,2024-04-06,0255,N20,VIIRS,n,2,271.06,14.85,N,0
43.26847,-4.35159,297.68,0.54,0.51,2024-04-06,0255,N20,VIIRS,n,2,264.73,0.25,N,0
43.27327,-4.37096,307.68,0.54,0.51,2024-04-06,0255,N20,VIIRS,n,2,269.39,0.55,N,0
43.27821,-4.39089,318.39,0.54,0.51,2024-04-06,0255,N20,VIIRS,n,2,273.79,2.04,N,0
43.27298,-4.34976,297.31,0.54,0.51,2024-04-06,0255,N20,VIIRS,n,2,263.86,0.25,N,0
43.26704,-4.35129,295.16,0.54,0.51,2024-04-06,0255,N20,VIIRS,n,2,264.31,0.89,N,0
43.27218,-4.3715,306.65,0.54,0.51,2024-04-06,0255,N20,VIIRS,n,2,268.73,1.29,N,0
43.27718,-4.39114,312.37,0.54,0.51,2024-04-06,0255,N20,VIIRS,n,2,271.9,1.43,N,0
43.27593,-4.34716,295.17,0.54,0.51,2024-04-06,0255,N20,VIIRS,n,2,263.6,0.33,N,0
43.27741,-4.35299,295.22,0.54,0.51,2024-04-06,0255,N20,VIIRS,n,2,264.48,0.33,N,0
43.28043,-4.36489,318.41,0.54,0.51,2024-04-06,0255,N20,VIIRS,n,2,267.13,1.85,N,0
43.28553,-4.34587,312.58,0.54,0.51,2024-04-06,0255,N20,VIIRS,n,2,261.31,2.66,N,0
43.28976,-4.34293,298.92,0.54,0.51,2024-04-06,0255,N20,VIIRS,n,2,258.99,2.25,N,0
43.17537,-5.04863,304.34,0.51,0.49,2024-04-06,0255,N20,VIIRS,n,2,274.9,3.05,N,0
43.16923,-5.04306,332.42,0.51,0.49,2024-04-06,0255,N20,VIIRS,n,2,278.1,3.29,N,0
43.17085,-5.04971,306.2,0.51,0.49,2024-04-06,0255,N20,VIIRS,n,2,275.56,3.29,N,0
43.23533,-5.33522,308.2,0.49,0.48,2024-04-06,0255,N20,VIIRS,n,2,265.14,1.26,N,0
43.23119,-5.33761,301.52,0.49,0.48,2024-04-06,0255,N20,VIIRS,n,2,258.36,0.45,N,0
43.20535,-5.77738,300.92,0.47,0.47,2024-04-06,0255,N20,VIIRS,n,2,266.33,1.39,N,0
43.20407,-5.77204,300.97,0.47,0.47,2024-04-06,0255,N20,VIIRS,n,2,267.4,1.39,N,0
43.20283,-5.76683,295.63,0.47,0.47,2024-04-06,0255,N20,VIIRS,n,2,263.25,0.56,N,0
43.19984,-5.77368,330.76,0.47,0.47,2024-04-06,0255,N20,VIIRS,n,2,268.54,1.39,N,0
43.19866,-5.76871,305.23,0.47,0.47,2024-04-06,0255,N20,VIIRS,n,2,268.17,0.56,N,0
43.2794,-6.24417,299.41,0.44,0.46,2024-04-06,0255,N20,VIIRS,n,2,273.17,0.53,N,0
43.04612,-5.77502,296.79,0.47,0.48,2024-04-06,0255,N20,VIIRS,n,2,277.85,1.13,N,0
43.04509,-5.77073,302.53,0.47,0.48,2024-04-06,0255,N20,VIIRS,n,2,276.37,1.13,N,0
43.04104,-5.77313,309.07,0.47,0.48,2024-04-06,0255,N20,VIIRS,n,2,276.98,1.13,N,0
43.04425,-5.77278,302.99,0.47,0.48,2024-04-06,0255,N20,VIIRS,n,2,277.27,1.19,N,0
43.04016,-5.77508,308.11,0.47,0.48,2024-04-06,0255,N20,VIIRS,n,2,278.96,1.19,N,0
43.17385,-5.04237,334.4,0.51,0.49,2024-04-06,0255,N20,VIIRS,n,2,276.19,3.05,N,0
42.59596,-6.95616,297.4,0.42,0.46,2024-04-06,0255,N20,VIIRS,n,2,280.42,1.12,N,0
42.55327,-6.76961,295.7,0.43,0.46,2024-04-06,0255,N20,VIIRS,n,2,279.98,0.83,N,2
42.59334,-6.964,345.41,0.42,0.46,2024-04-06,0255,N20,VIIRS,n,2,282.88,7.06,N,0
42.59219,-6.95895,345.2,0.42,0.46,2024-04-06,0255,N20,VIIRS,n,2,292.85,20.1,N,0
42.59096,-6.95354,304.49,0.43,0.46,2024-04-06,0255,N20,VIIRS,n,2,280.5,20.1,N,0
42.58961,-6.96696,328.36,0.42,0.46,2024-04-06,0255,N20,VIIRS,n,2,279.52,7.06,N,0
42.58849,-6.96201,337.11,0.42,0.46,2024-04-06,0255,N20,VIIRS,n,2,286.87,20.1,N,0
42.59064,-6.97143,303.15,0.42,0.46,2024-04-06,0255,N20,VIIRS,n,2,281.07,7.06,N,0
42.58718,-6.95632,317.67,0.43,0.46,2024-04-06,0255,N20,VIIRS,n,2,282.04,20.1,N,0
42.58606,-6.95139,295.36,0.43,0.46,2024-04-06,0255,N20,VIIRS,n,2,279.52,1.08,N,0
42.58577,-6.96937,297.73,0.42,0.46,2024-04-06,0255,N20,VIIRS,n,2,278.07,0.61,N,0
42.58461,-6.96435,309.33,0.42,0.46,2024-04-06,0255,N20,VIIRS,n,2,277.86,1.67,N,0
42.59715,-6.96136,295.39,0.42,0.46,2024-04-06,0255,N20,VIIRS,n,2,280.03,0.79,N,0
43.22856,-5.16958,299.25,0.5,0.49,2024-04-06,0255,N20,VIIRS,n,2,271.58,0.74,N,0
43.23566,-5.15957,348.91,0.5,0.49,2024-04-06,0255,N20,VIIRS,n,2,276.71,8.3,N,0
43.23102,-5.16721,304.93,0.5,0.49,2024-04-06,0255,N20,VIIRS,n,2,273.3,1.08,N,0
43.23402,-5.16005,304.43,0.5,0.49,2024-04-06,0255,N20,VIIRS,n,2,273.21,1.08,N,0
43.23919,-5.16172,302.22,0.5,0.49,2024-04-06,0255,N20,VIIRS,n,2,274.72,2.99,N,0
43.23801,-5.15695,339.33,0.5,0.49,2024-04-06,0255,N20,VIIRS,n,2,276.33,2.99,N,0
41.92517,0.17727,311.46,0.49,0.65,2024-04-06,0255,N20,VIIRS,n,2,275.28,2.09,N,2
43.23137,-4.44112,316.14,0.54,0.51,2024-04-06,0255,N20,VIIRS,n,2,267.83,1.87,N,0
43.23544,-4.43761,303.05,0.54,0.51,2024-04-06,0255,N20,VIIRS,n,2,270.85,1.87,N,0
43.23811,-4.42851,306.74,0.54,0.51,2024-04-06,0255,N20,VIIRS,n,2,273.94,24.25,N,0
43.24582,-4.45939,302.11,0.54,0.51,2024-04-06,0255,N20,VIIRS,n,2,260.04,0.91,N,0
42.58022,-6.9451,300.27,0.43,0.46,2024-04-06,0255,N20,VIIRS,n,2,276.08,0.37,N,0
42.57269,-6.96995,299.53,0.42,0.46,2024-04-06,0255,N20,VIIRS,n,2,276.37,0.44,N,0
42.53061,-6.96665,308.41,0.43,0.46,2024-04-06,0255,N20,VIIRS,n,2,261.07,1.22,N,0
42.52774,-6.97344,328.66,0.43,0.46,2024-04-06,0255,N20,VIIRS,n,2,258.94,2.84,N,0
37.56596,-0.91828,298.07,0.58,0.69,2024-04-06,0256,N20,VIIRS,n,2,278.29,0.92,N,2
39.77911,2.6711,314.93,0.37,0.58,2024-04-07,0056,N20,VIIRS,n,2,281.06,1.56,N,0
39.77686,2.66732,300.2,0.37,0.58,2024-04-07,0056,N20,VIIRS,n,2,278.92,0.78,N,0
39.77654,2.67312,306.75,0.37,0.58,2024-04-07,0056,N20,VIIRS,n,2,280.66,0.78,N,0
43.25895,-4.16318,296.22,0.51,0.41,2024-04-07,0236,N20,VIIRS,n,2,273.6,0.56,N,0
43.14573,-4.26733,298.79,0.51,0.41,2024-04-07,0236,N20,VIIRS,n,2,279.92,0.9,N,0
43.13383,-4.13462,295.9,0.51,0.41,2024-04-07,0236,N20,VIIRS,n,2,279.56,0.74,N,0
43.20796,-4.39694,296.44,0.5,0.41,2024-04-07,0236,N20,VIIRS,n,2,260.67,1.75,N,0
43.16526,-4.13312,318.47,0.51,0.41,2024-04-07,0236,N20,VIIRS,n,2,282.22,3.79,N,0
43.16675,-4.14031,308.76,0.51,0.41,2024-04-07,0236,N20,VIIRS,n,2,280.2,3.79,N,0
43.17048,-4.13919,317.53,0.51,0.41,2024-04-07,0236,N20,VIIRS,n,2,279.23,3.79,N,0
43.18571,-4.21273,306.93,0.51,0.41,2024-04-07,0236,N20,VIIRS,n,2,279.07,1.14,N,0
43.16894,-4.13174,331.57,0.51,0.41,2024-04-07,0236,N20,VIIRS,n,2,284.19,3.79,N,0
43.17253,-4.12997,296.59,0.51,0.41,2024-04-07,0236,N20,VIIRS,n,2,280.32,3.13,N,0
43.17472,-4.12132,301.58,0.51,0.41,2024-04-07,0236,N20,VIIRS,n,2,279.46,1.15,N,0
43.17609,-4.12797,336.76,0.51,0.41,2024-04-07,0236,N20,VIIRS,n,2,280.79,3.13,N,0
43.17971,-4.12631,303.96,0.51,0.41,2024-04-07,0236,N20,VIIRS,n,2,277.93,1.48,N,0
43.19653,-4.20778,303.33,0.51,0.41,2024-04-07,0236,N20,VIIRS,n,2,279.9,1.45,N,0
43.20742,-4.22227,323.5,0.51,0.41,2024-04-07,0236,N20,VIIRS,n,2,280.4,3.96,N,0
43.11897,-3.57753,301.13,0.54,0.42,2024-04-07,0236,N20,VIIRS,n,2,272.96,1.95,N,0
43.11777,-3.57195,320.15,0.54,0.42,2024-04-07,0236,N20,VIIRS,n,2,272.21,1.66,N,0
43.12159,-3.57074,298.25,0.54,0.42,2024-04-07,0236,N20,VIIRS,n,2,270.93,1.66,N,0
43.22997,-3.72529,295.46,0.53,0.42,2024-04-07,0236,N20,VIIRS,n,2,274.15,0.44,N,0
43.29138,-3.74851,300.2,0.53,0.42,2024-04-07,0236,N20,VIIRS,n,2,278.05,1,N,0
42.55263,-6.76744,295.88,0.43,0.38,2024-04-07,0237,N20,VIIRS,n,2,278.26,0.74,N,2
43.34719,-8.43493,311.54,0.39,0.36,2024-04-07,0237,N20,VIIRS,n,2,283.93,1.14,N,2
39.77632,2.66956,296.06,0.44,0.62,2024-04-07,0237,N20,VIIRS,n,2,271.23,0.29,N,0
43.53791,-5.82597,337.3,0.41,0.6,2024-04-07,1220,N20,VIIRS,n,2,290.01,4.05,D,2
43.5377,-5.82775,342.5,0.41,0.6,2024-04-07,1220,N20,VIIRS,n,2,291.31,4.33,D,2
40.01047,-3.89893,295.78,0.41,0.37,2024-04-08,0218,N20,VIIRS,n,2,284.63,0.49,N,0
39.93725,-3.74315,307.78,0.41,0.37,2024-04-08,0218,N20,VIIRS,n,2,285.14,1.11,N,2
43.44228,-3.84254,296.82,0.39,0.36,2024-04-08,0218,N20,VIIRS,n,2,272.84,0.92,N,2
43.34716,-8.43722,300.65,0.44,0.38,2024-04-08,0218,N20,VIIRS,n,2,281.75,0.71,N,2
41.3119,1.66391,303.96,0.41,0.45,2024-04-08,0218,N20,VIIRS,n,2,284.56,0.86,N,2
40.24487,-3.47882,295.26,0.41,0.37,2024-04-08,0218,N20,VIIRS,n,2,282.89,0.58,N,2
37.59255,-3.03148,334.03,0.46,0.47,2024-04-08,1340,N20,VIIRS,n,2,300.19,2.22,D,0
38.66646,-4.04964,345.99,0.42,0.45,2024-04-08,1341,N20,VIIRS,n,2,293.4,6.17,D,2
42.34872,-1.71208,336.34,0.6,0.53,2024-04-08,1342,N20,VIIRS,n,2,298.99,10.15,D,0
42.34916,-1.70473,339.1,0.6,0.53,2024-04-08,1342,N20,VIIRS,n,2,293.56,10.15,D,0
40.57572,0.54316,306.96,0.4,0.37,2024-04-09,0159,N20,VIIRS,n,2,285.96,0.83,N,2
43.22433,-2.88139,295.86,0.41,0.37,2024-04-09,0159,N20,VIIRS,n,2,279.53,1.09,N,2
43.22365,-2.87629,309.17,0.41,0.37,2024-04-09,0159,N20,VIIRS,n,2,280.45,1.25,N,2
43.54034,-5.83209,298.09,0.52,0.42,2024-04-09,0159,N20,VIIRS,n,2,262.71,0.67,N,2
43.03532,-2.21807,311.55,0.4,0.37,2024-04-09,0159,N20,VIIRS,n,2,280.37,1.64,N,2
41.64746,-0.76703,297.06,0.38,0.36,2024-04-09,0159,N20,VIIRS,n,2,280.16,0.5,N,0
41.10574,1.1834,298.59,0.4,0.37,2024-04-09,0159,N20,VIIRS,n,2,283.79,0.27,N,0
41.47488,-1.48636,296.88,0.39,0.36,2024-04-09,0159,N20,VIIRS,n,2,279.7,0.55,N,2
38.37614,-0.54459,304.03,0.39,0.36,2024-04-09,0200,N20,VIIRS,n,2,288.04,0.7,N,2
37.56656,-0.91998,304.06,0.39,0.36,2024-04-09,0200,N20,VIIRS,n,2,288.03,0.68,N,2
39.93567,-3.74506,306.65,0.41,0.37,2024-04-09,0200,N20,VIIRS,n,2,279.27,1.3,N,2
36.9659,-1.90578,309.7,0.38,0.36,2024-04-09,0200,N20,VIIRS,n,2,288.2,1.07,N,2
38.66896,-4.05222,312.1,0.41,0.37,2024-04-09,0200,N20,VIIRS,n,2,279.49,1.04,N,2
38.66558,-4.053,298.14,0.41,0.37,2024-04-09,0200,N20,VIIRS,n,2,278.14,0.74,N,2
39.49456,-0.43602,302.48,0.39,0.36,2024-04-09,0200,N20,VIIRS,n,2,284.66,0.38,N,0
39.95282,-0.0036,299.84,0.39,0.36,2024-04-09,0200,N20,VIIRS,n,2,289.2,0.88,N,2
37.8873,-0.81155,346.55,0.52,0.41,2024-04-09,1321,N20,VIIRS,n,2,303.94,4.15,D,0
36.55565,-5.55812,331.14,0.38,0.36,2024-04-09,1321,N20,VIIRS,n,2,295.99,2.96,D,0
38.90205,-0.47435,335.54,0.55,0.43,2024-04-09,1322,N20,VIIRS,l,2,305.55,65.61,D,0
38.56392,-1.11792,336.27,0.51,0.41,2024-04-09,1322,N20,VIIRS,n,2,304.77,6.44,D,0
38.36975,-0.51351,341.8,0.54,0.42,2024-04-09,1322,N20,VIIRS,n,2,305.5,5.55,D,0
38.36911,-0.51231,336.41,0.54,0.42,2024-04-09,1322,N20,VIIRS,n,2,305.83,5.47,D,0
40.39151,-3.77773,338.9,0.43,0.38,2024-04-09,1322,N20,VIIRS,n,2,297.06,2.71,D,0
40.0248,-6.09999,325.77,0.39,0.36,2024-04-09,1322,N20,VIIRS,l,2,297.68,2.29,D,0
39.95039,-5.38872,334.54,0.39,0.36,2024-04-09,1322,N20,VIIRS,n,2,295.57,3.49,D,0
39.98634,-3.70046,332.49,0.42,0.38,2024-04-09,1322,N20,VIIRS,n,2,296.1,3.56,D,0
39.48837,-5.50851,328.1,0.39,0.36,2024-04-09,1322,N20,VIIRS,n,2,293.25,2.04,D,0
39.48507,-5.50773,338.91,0.39,0.36,2024-04-09,1322,N20,VIIRS,n,2,297.56,4.64,D,0
38.9385,-6.57263,326.69,0.38,0.36,2024-04-09,1322,N20,VIIRS,n,2,299.4,2.33,D,0
38.92776,-6.62003,332.84,0.38,0.36,2024-04-09,1322,N20,VIIRS,n,2,299.01,3.88,D,0
39.07046,-5.62509,325.67,0.39,0.36,2024-04-09,1322,N20,VIIRS,l,2,298.62,0.77,D,0
39.24925,-3.48536,342.24,0.42,0.38,2024-04-09,1322,N20,VIIRS,n,2,300.86,2.51,D,0
38.66592,-4.05156,333.86,0.41,0.37,2024-04-09,1322,N20,VIIRS,n,2,299.42,2.96,D,2
38.90485,-0.48287,337.96,0.55,0.43,2024-04-09,1322,N20,VIIRS,l,2,309.44,37.12,D,0
38.9053,-0.48133,345.2,0.55,0.43,2024-04-09,1322,N20,VIIRS,n,2,309.67,6.84,D,0
38.06967,-6.26121,325.62,0.38,0.36,2024-04-09,1322,N20,VIIRS,n,2,295.43,1.35,D,0
43.52493,-5.73419,350.31,0.4,0.37,2024-04-09,1323,N20,VIIRS,n,2,298.02,8.51,D,2
41.4567,1.9806,301.8,0.4,0.37,2024-04-10,0140,N20,VIIRS,n,2,280.1,0.71,N,2
41.45336,1.97976,295.98,0.4,0.37,2024-04-10,0140,N20,VIIRS,n,2,282.35,0.71,N,2
41.31107,1.66422,310.01,0.4,0.37,2024-04-10,0140,N20,VIIRS,n,2,280.77,1.71,N,2
41.40757,2.00078,303.46,0.4,0.37,2024-04-10,0140,N20,VIIRS,n,2,281.17,0.86,N,2
43.5281,-5.73126,298.2,0.58,0.52,2024-04-10,0140,N20,VIIRS,n,2,279.8,0.91,N,2
43.10337,-2.42762,305.26,0.39,0.44,2024-04-10,0140,N20,VIIRS,n,2,278.99,0.86,N,0
42.55463,-6.76719,299.91,0.32,0.54,2024-04-10,0140,N20,VIIRS,n,2,278.74,0.9,N,2
43.03427,-2.2205,314.86,0.38,0.44,2024-04-10,0140,N20,VIIRS,n,2,277.75,1.62,N,2
40.57595,0.54302,303.96,0.43,0.38,2024-04-10,0141,N20,VIIRS,n,2,285.04,0.83,N,2
39.93594,-3.74685,298.97,0.42,0.45,2024-04-10,0141,N20,VIIRS,n,2,277.68,1.17,N,2
38.66792,-4.04986,303.55,0.42,0.45,2024-04-10,0141,N20,VIIRS,n,2,277.9,1.49,N,2
39.56807,2.68789,297.86,0.39,0.36,2024-04-10,0141,N20,VIIRS,n,2,283.71,0.33,N,0
37.56894,-0.91999,297.57,0.45,0.39,2024-04-10,0142,N20,VIIRS,n,2,284.57,1.05,N,2
43.33518,-3.10424,299.9,0.62,0.71,2024-04-10,0320,N20,VIIRS,n,2,276.64,2.02,N,0
36.18803,-5.84808,343.99,0.52,0.42,2024-04-10,1302,N20,VIIRS,n,2,300.63,16.05,D,0
36.1855,-5.8409,327.9,0.52,0.42,2024-04-10,1302,N20,VIIRS,n,2,293.41,16.05,D,0
36.18436,-5.84665,339.95,0.52,0.42,2024-04-10,1302,N20,VIIRS,n,2,304.58,16.05,D,0
36.18919,-5.84225,329.22,0.52,0.42,2024-04-10,1302,N20,VIIRS,n,2,292.54,16.05,D,0
40.27621,-3.82237,325.48,0.4,0.37,2024-04-10,1303,N20,VIIRS,l,2,297.2,2.22,D,0
40.35975,-3.70923,350.26,0.4,0.37,2024-04-10,1303,N20,VIIRS,n,2,304.64,5.53,D,0
40.24526,-3.71713,339.08,0.4,0.37,2024-04-10,1303,N20,VIIRS,n,2,301.76,2.73,D,0
39.23009,-0.43903,337.7,0.39,0.36,2024-04-10,1303,N20,VIIRS,n,2,307.39,2.37,D,0
38.89816,-2.13853,338.25,0.39,0.36,2024-04-10,1303,N20,VIIRS,n,2,300.99,4,D,0
40.36051,-3.70464,336.25,0.4,0.37,2024-04-10,1303,N20,VIIRS,n,2,302.66,5.53,D,0
38.63414,-0.77913,340.57,0.39,0.36,2024-04-10,1303,N20,VIIRS,n,2,304.03,2.58,D,0
40.53086,-3.6505,327.52,0.39,0.37,2024-04-10,1303,N20,VIIRS,l,2,300.93,2.3,D,0
40.27444,-3.81221,326.89,0.4,0.37,2024-04-10,1303,N20,VIIRS,l,2,301.48,1.36,D,0
40.27983,-3.77999,327.79,0.4,0.37,2024-04-10,1303,N20,VIIRS,l,2,300.21,3.38,D,0
41.96178,-4.49395,325.17,0.4,0.37,2024-04-10,1304,N20,VIIRS,l,2,298.21,3.1,D,0
41.98298,-1.46503,328.33,0.39,0.36,2024-04-10,1304,N20,VIIRS,n,2,291.52,1.68,D,0
42.48354,-2.65051,331.67,0.38,0.36,2024-04-10,1304,N20,VIIRS,n,2,295.25,1.9,D,0
42.34973,-3.68261,330.65,0.39,0.36,2024-04-10,1304,N20,VIIRS,n,2,296.22,6.34,D,0
43.53878,-5.83257,329.2,0.51,0.66,2024-04-11,0121,N20,VIIRS,n,2,262,4.02,N,2
43.53917,-5.83166,328.49,0.51,0.66,2024-04-11,0121,N20,VIIRS,n,2,262.18,3.57,N,2
39.93843,-3.74447,295.28,0.37,0.58,2024-04-11,0122,N20,VIIRS,n,2,278.38,0.47,N,2
40.24511,-3.47349,299.17,0.36,0.58,2024-04-11,0122,N20,VIIRS,n,2,283.04,0.92,N,2
38.68198,-4.06295,298.22,0.38,0.59,2024-04-11,0122,N20,VIIRS,n,2,282.63,0.72,N,0
38.67585,-4.05035,317.76,0.38,0.59,2024-04-11,0122,N20,VIIRS,n,2,283.65,2.64,N,0
40.57672,0.54078,301.1,0.45,0.47,2024-04-11,0122,N20,VIIRS,n,2,282.04,0.91,N,2
41.31256,1.66095,312.95,0.4,0.44,2024-04-11,0122,N20,VIIRS,n,2,282.58,1.15,N,2
41.10886,1.17405,297.66,0.42,0.45,2024-04-11,0122,N20,VIIRS,n,2,282.86,0.55,N,0
36.96703,-1.9052,298.82,0.55,0.51,2024-04-11,0123,N20,VIIRS,n,2,284.86,1.04,N,2
37.56635,-0.91979,296.04,0.5,0.49,2024-04-11,0123,N20,VIIRS,n,2,283.84,0.48,N,2
37.56918,-0.92048,305.9,0.5,0.49,2024-04-11,0123,N20,VIIRS,n,2,284.85,0.55,N,2
37.75697,-4.17008,296.36,0.38,0.58,2024-04-11,0123,N20,VIIRS,n,2,283.34,0.57,N,0
41.31268,1.65862,309.34,0.72,0.76,2024-04-11,0302,N20,VIIRS,n,2,280.01,2.37,N,2
40.24444,-3.47423,301.04,0.44,0.62,2024-04-11,0302,N20,VIIRS,n,2,281.66,1.01,N,2
38.66503,-4.05092,322.36,0.46,0.63,2024-04-11,0303,N20,VIIRS,n,2,280.68,2.81,N,0
37.56919,-0.91803,298.66,0.71,0.75,2024-04-11,0303,N20,VIIRS,n,2,282.76,1.75,N,2
38.67624,-4.04664,324.97,0.46,0.63,2024-04-11,0303,N20,VIIRS,n,2,282.67,2.93,N,0
38.66492,-4.04921,326.91,0.43,0.46,2024-04-11,1244,N20,VIIRS,l,2,299.77,4.16,D,2
38.33784,-6.22735,341.82,0.56,0.52,2024-04-11,1244,N20,VIIRS,n,2,297.6,11.1,D,0
37.83188,-1.12106,339.77,0.49,0.4,2024-04-11,1244,N20,VIIRS,n,2,301.72,2.89,D,0
38.61659,-0.59182,336.62,0.46,0.39,2024-04-11,1244,N20,VIIRS,n,2,302.2,7.94,D,0
39.01155,-1.881,338.54,0.5,0.41,2024-04-11,1244,N20,VIIRS,n,2,304.42,5.01,D,0
39.01522,-1.88218,340.83,0.5,0.41,2024-04-11,1244,N20,VIIRS,n,2,304.78,9.06,D,0
38.67418,-4.04704,329.27,0.43,0.46,2024-04-11,1244,N20,VIIRS,l,2,300.67,4.4,D,0
43.04525,-3.8993,339.65,0.52,0.41,2024-04-11,1245,N20,VIIRS,n,2,299.05,6.39,D,0
41.31051,1.66181,329.85,0.39,0.36,2024-04-11,1245,N20,VIIRS,l,2,303.11,1.79,D,2
41.32071,1.63994,343.1,0.39,0.36,2024-04-11,1245,N20,VIIRS,n,2,307.11,13.76,D,0
41.21765,-0.46808,335.6,0.42,0.38,2024-04-11,1245,N20,VIIRS,n,2,305.99,2.96,D,0
41.60125,0.48407,343.72,0.4,0.37,2024-04-11,1245,N20,VIIRS,n,2,301.79,5.16,D,0
41.90653,0.14662,337.37,0.4,0.37,2024-04-11,1245,N20,VIIRS,n,2,300.25,2.81,D,0
41.95626,-1.24077,345.18,0.43,0.38,2024-04-11,1245,N20,VIIRS,n,2,304.39,10.37,D,0
42.58776,-1.28573,336.69,0.43,0.38,2024-04-11,1245,N20,VIIRS,n,2,297.49,2.87,D,0
42.83827,-2.73508,325.89,0.47,0.4,2024-04-11,1245,N20,VIIRS,l,2,298.06,3.17,D,0
42.86546,-2.67307,346.83,0.47,0.4,2024-04-11,1245,N20,VIIRS,n,2,297.95,5.98,D,0
42.84381,-3.91403,329.34,0.52,0.42,2024-04-11,1245,N20,VIIRS,n,2,295.33,3.11,D,0
42.3247,-6.74571,329.45,0.48,0.48,2024-04-11,1245,N20,VIIRS,n,2,296.85,3.55,D,0
43.04778,-3.90633,335.75,0.52,0.41,2024-04-11,1245,N20,VIIRS,n,2,298.32,9.82,D,0
42.32312,-6.75247,325.86,0.48,0.48,2024-04-11,1245,N20,VIIRS,n,2,297.42,3.55,D,0
43.15669,-3.93725,345.71,0.52,0.41,2024-04-11,1246,N20,VIIRS,n,2,294.96,25.45,D,0
43.15782,-3.93175,342.94,0.52,0.41,2024-04-11,1246,N20,VIIRS,n,2,292.88,8.78,D,0
43.41097,-3.83867,325.23,0.51,0.41,2024-04-11,1246,N20,VIIRS,n,2,298.34,2.59,D,0
43.29792,-3.59651,332.1,0.5,0.41,2024-04-11,1246,N20,VIIRS,n,2,294.49,5.24,D,0
43.15417,-3.93019,326.51,0.52,0.41,2024-04-11,1246,N20,VIIRS,n,2,296.29,8.78,D,0
43.18863,-5.6751,354.95,0.41,0.45,2024-04-11,1246,N20,VIIRS,n,2,301.82,39.02,D,0
43.18746,-5.68027,334.6,0.41,0.45,2024-04-11,1246,N20,VIIRS,n,2,295.44,15.24,D,0
43.29907,-3.59085,330.61,0.5,0.41,2024-04-11,1246,N20,VIIRS,n,2,294.72,4.89,D,0
39.06462,-5.69056,328.45,0.68,0.74,2024-04-11,1425,N20,VIIRS,n,2,295.36,3.43,D,0
39.06479,-5.68867,331.96,0.69,0.74,2024-04-11,1425,N20,VIIRS,n,2,295.16,4.11,D,0
42.32229,-6.74388,336.07,0.63,0.72,2024-04-11,1426,N20,VIIRS,n,2,276.41,15.52,D,0
42.32224,-6.7497,356.31,0.63,0.72,2024-04-11,1426,N20,VIIRS,l,2,279.05,26.37,D,0
43.04311,-2.21946,297.14,0.57,0.69,2024-04-12,0102,N20,VIIRS,n,2,280.44,0.76,N,2
43.22596,-2.88106,297.39,0.62,0.71,2024-04-12,0102,N20,VIIRS,n,2,282.5,0.86,N,2
43.04376,-2.21922,296.43,0.57,0.69,2024-04-12,0102,N20,VIIRS,n,2,280.06,0.73,N,0
40.578,0.54226,299.97,0.4,0.6,2024-04-12,0103,N20,VIIRS,n,2,285.55,0.71,N,2
40.24664,-3.47981,295.81,0.65,0.73,2024-04-12,0103,N20,VIIRS,n,2,281.55,1.6,N,2
40.24453,-3.47682,301.01,0.65,0.73,2024-04-12,0103,N20,VIIRS,n,2,282.62,1.28,N,2
41.31237,1.66189,309.38,0.35,0.57,2024-04-12,0103,N20,VIIRS,n,2,283.28,1.01,N,2
41.17652,1.22031,297.13,0.37,0.58,2024-04-12,0103,N20,VIIRS,n,2,286.22,0.93,N,0
41.00805,-0.14079,295.27,0.44,0.62,2024-04-12,0103,N20,VIIRS,n,2,279.04,0.42,N,0
38.67366,-4.05452,295.98,0.68,0.74,2024-04-12,0104,N20,VIIRS,n,2,282.27,1.08,N,0
37.57338,-0.91915,298.26,0.45,0.63,2024-04-12,0104,N20,VIIRS,n,2,285.35,1.08,N,2
42.43927,-2.73932,314.46,0.49,0.48,2024-04-12,0243,N20,VIIRS,n,2,281.91,1.99,N,0
43.55445,-5.85803,296.98,0.5,0.41,2024-04-12,0243,N20,VIIRS,n,2,283.7,0.78,N,2
43.54096,-5.8308,313.22,0.51,0.41,2024-04-12,0243,N20,VIIRS,n,2,285.88,2.26,N,2
41.40497,1.99788,299.55,0.44,0.62,2024-04-12,0243,N20,VIIRS,n,2,282.14,0.77,N,2
43.32992,-5.77141,295.16,0.51,0.41,2024-04-12,0243,N20,VIIRS,n,2,284.24,0.73,N,2
41.3118,1.66209,317.79,0.43,0.62,2024-04-12,0243,N20,VIIRS,n,2,284.13,2.28,N,2
42.43979,-2.74348,311.62,0.49,0.48,2024-04-12,0243,N20,VIIRS,n,2,281.33,1.12,N,0
43.52807,-5.73007,319.56,0.51,0.41,2024-04-12,0243,N20,VIIRS,n,2,285.36,2.74,N,2
43.54555,-5.77643,305.54,0.51,0.41,2024-04-12,0243,N20,VIIRS,n,2,280.79,0.93,N,0
43.3469,-8.43646,305.99,0.42,0.38,2024-04-12,0243,N20,VIIRS,n,2,286.3,1.01,N,2
39.36108,-3.51165,297.45,0.53,0.5,2024-04-12,0244,N20,VIIRS,n,2,279.48,0.6,N,0
40.24709,-3.47631,300.3,0.51,0.49,2024-04-12,0244,N20,VIIRS,n,2,282.08,2.26,N,2
38.66856,-4.05132,298.39,0.52,0.5,2024-04-12,0244,N20,VIIRS,n,2,281.93,1.16,N,2
37.56805,-0.91561,299.22,0.4,0.6,2024-04-12,0244,N20,VIIRS,n,2,284.16,1.19,N,2
39.36073,-3.51087,298.16,0.53,0.5,2024-04-12,0244,N20,VIIRS,n,2,279.32,0.76,N,0
37.36175,-5.86643,295.53,0.45,0.47,2024-04-12,0245,N20,VIIRS,n,2,284.5,0.66,N,2
37.42617,-3.87416,333.72,0.4,0.6,2024-04-12,1225,N20,VIIRS,n,2,297.31,4.89,D,0
38.19005,-1.76114,340.67,0.59,0.53,2024-04-12,1225,N20,VIIRS,n,2,303.37,8.3,D,0
40.24443,-3.47211,345.12,0.32,0.54,2024-04-12,1226,N20,VIIRS,n,2,304.36,4.15,D,2
39.96679,-0.0417,336.78,0.44,0.46,2024-04-12,1226,N20,VIIRS,n,2,305.01,2.43,D,0
43.00161,-2.57225,340.41,0.49,0.49,2024-04-12,1227,N20,VIIRS,n,2,304.01,6.21,D,0
43.53196,-7.51766,325.52,0.41,0.6,2024-04-12,1227,N20,VIIRS,n,2,297.2,4.96,D,0
43.53329,-7.51305,346.68,0.41,0.6,2024-04-12,1227,N20,VIIRS,n,2,296.05,6.21,D,0
43.00079,-2.57288,341.32,0.49,0.49,2024-04-12,1227,N20,VIIRS,n,2,305.19,7.97,D,0
43.27631,-1.79078,354.21,0.44,0.46,2024-04-12,1227,N20,VIIRS,n,2,303.82,9.65,D,0
42.96848,-4.03864,338.64,0.58,0.52,2024-04-12,1227,N20,VIIRS,n,2,299.49,8.73,D,0
43.3778,-4.04501,330.69,0.56,0.52,2024-04-12,1227,N20,VIIRS,n,2,298.38,2.56,D,0
42.96886,-4.03976,327.25,0.58,0.52,2024-04-12,1227,N20,VIIRS,n,2,297.81,4.14,D,0
42.96452,-4.0368,335.04,0.58,0.52,2024-04-12,1227,N20,VIIRS,n,2,300.26,4.14,D,0
37.4276,-3.8715,336.84,0.46,0.64,2024-04-12,1406,N20,VIIRS,n,2,296.77,4.66,D,0
40.24386,-3.47298,338.73,0.51,0.66,2024-04-12,1407,N20,VIIRS,n,2,304.15,5.42,D,2
42.69056,-5.99327,355.39,0.39,0.59,2024-04-12,1407,N20,VIIRS,n,2,301.3,22.02,D,0
42.68509,-5.9922,367,0.39,0.59,2024-04-12,1407,N20,VIIRS,h,2,307.22,18.87,D,0
40.24378,-3.4707,332.65,0.51,0.66,2024-04-12,1407,N20,VIIRS,n,2,302.4,4.06,D,2
43.5228,-5.7272,328.42,0.41,0.61,2024-04-12,1408,N20,VIIRS,l,2,301.77,3.45,D,2
43.27171,-1.77976,332.94,0.65,0.73,2024-04-12,1408,N20,VIIRS,n,2,293.76,3.81,D,0
43.334,-5.29253,355.23,0.43,0.62,2024-04-12,1408,N20,VIIRS,n,2,301.01,6.56,D,0
43.33383,-5.29776,350.06,0.43,0.62,2024-04-12,1408,N20,VIIRS,n,2,304.65,6.56,D,0
43.34643,-8.43649,304.03,0.4,0.37,2024-04-13,0224,N20,VIIRS,n,2,282.96,0.67,N,2
43.39163,-6.60425,318.53,0.38,0.36,2024-04-13,0224,N20,VIIRS,n,2,283.22,2.57,N,0
43.3909,-6.59957,329.99,0.38,0.36,2024-04-13,0224,N20,VIIRS,n,2,284.26,5.09,N,0
43.39416,-6.59861,344.18,0.38,0.36,2024-04-13,0224,N20,VIIRS,n,2,286.14,5.09,N,0
43.39489,-6.60329,329.83,0.38,0.36,2024-04-13,0224,N20,VIIRS,n,2,283.18,2.57,N,0
43.37557,-6.33009,312.1,0.38,0.36,2024-04-13,0224,N20,VIIRS,n,2,276.44,4.16,N,0
43.37482,-6.32541,333.37,0.38,0.36,2024-04-13,0224,N20,VIIRS,n,2,279.59,4.16,N,0
42.97852,-3.89245,298.61,0.42,0.38,2024-04-13,0224,N20,VIIRS,n,2,276.73,0.4,N,0
43.32985,-5.77353,306.26,0.39,0.36,2024-04-13,0224,N20,VIIRS,n,2,287.08,0.81,N,2
43.33167,-5.22994,302.02,0.39,0.36,2024-04-13,0224,N20,VIIRS,n,2,285.88,0.9,N,0
43.33247,-5.23467,312.22,0.39,0.36,2024-04-13,0224,N20,VIIRS,n,2,285.97,1.05,N,0
43.51896,-5.73567,299.66,0.39,0.36,2024-04-13,0224,N20,VIIRS,n,2,283.65,0.94,N,2
43.53845,-5.83358,306.8,0.39,0.36,2024-04-13,0224,N20,VIIRS,n,2,283.03,1.2,N,2
43.52472,-5.72892,315.04,0.39,0.36,2024-04-13,0224,N20,VIIRS,n,2,285.75,0.98,N,2
43.52549,-5.73364,299.24,0.39,0.36,2024-04-13,0224,N20,VIIRS,n,2,286.74,0.87,N,2
43.54171,-5.83257,300.4,0.39,0.36,2024-04-13,0224,N20,VIIRS,n,2,285.51,0.77,N,2
43.54402,-5.84669,300.87,0.39,0.36,2024-04-13,0224,N20,VIIRS,n,2,284.11,0.51,N,2
43.52798,-5.72791,303.24,0.39,0.36,2024-04-13,0224,N20,VIIRS,n,2,287.21,0.98,N,2
43.53125,-5.7269,299.64,0.39,0.36,2024-04-13,0224,N20,VIIRS,n,2,285.12,0.56,N,2
43.56144,-5.72248,297.3,0.39,0.36,2024-04-13,0224,N20,VIIRS,n,2,284.8,0.42,N,0
43.25935,-3.55975,311.74,0.42,0.38,2024-04-13,0224,N20,VIIRS,n,2,284.33,0.92,N,0
43.2603,-3.56484,304.34,0.42,0.38,2024-04-13,0224,N20,VIIRS,n,2,284.54,0.79,N,0
43.2694,-3.61414,322.24,0.42,0.38,2024-04-13,0224,N20,VIIRS,n,2,286.31,2.58,N,0
43.27039,-3.61947,332.96,0.42,0.38,2024-04-13,0224,N20,VIIRS,n,2,286.7,2.58,N,0
43.27274,-3.61271,308.81,0.42,0.38,2024-04-13,0224,N20,VIIRS,n,2,285.24,1.07,N,0
43.2737,-3.61797,312.73,0.42,0.38,2024-04-13,0224,N20,VIIRS,n,2,285.4,1.07,N,0
43.26267,-3.55822,321.64,0.42,0.38,2024-04-13,0224,N20,VIIRS,n,2,286.97,2.35,N,0
43.26359,-3.56319,320.24,0.42,0.38,2024-04-13,0224,N20,VIIRS,n,2,287.38,1.94,N,0
43.31622,-3.67346,325,0.42,0.38,2024-04-13,0224,N20,VIIRS,n,2,288.62,1.84,N,0
43.34278,-3.76018,300.09,0.42,0.38,2024-04-13,0224,N20,VIIRS,n,2,284.88,0.91,N,0
43.3437,-3.76532,309.56,0.42,0.38,2024-04-13,0224,N20,VIIRS,n,2,285.58,0.91,N,0
43.34333,-3.74354,315.52,0.42,0.38,2024-04-13,0224,N20,VIIRS,n,2,283.8,1.2,N,0
43.3452,-3.75385,299.81,0.42,0.38,2024-04-13,0224,N20,VIIRS,n,2,284.8,0.62,N,0
43.34235,-3.74215,317.63,0.42,0.38,2024-04-13,0224,N20,VIIRS,n,2,284.13,1.37,N,0
43.34519,-3.7575,304.49,0.42,0.38,2024-04-13,0224,N20,VIIRS,n,2,284.19,0.66,N,0
43.2233,-2.8791,298.7,0.44,0.39,2024-04-13,0224,N20,VIIRS,n,2,285.25,0.89,N,2
43.44358,-3.84603,301.83,0.41,0.37,2024-04-13,0224,N20,VIIRS,n,2,284.37,0.82,N,2
41.45277,1.98067,298.05,0.51,0.5,2024-04-13,0224,N20,VIIRS,n,2,287.13,1.08,N,0
41.45622,1.98125,302.01,0.51,0.5,2024-04-13,0224,N20,VIIRS,n,2,286.16,1.18,N,2
41.40826,2.00007,299.18,0.52,0.5,2024-04-13,0224,N20,VIIRS,n,2,284.19,0.73,N,2
39.32629,-5.60137,305.41,0.41,0.37,2024-04-13,0225,N20,VIIRS,n,2,285.34,0.79,N,0
43.33256,-8.49726,295.53,0.4,0.37,2024-04-13,0225,N20,VIIRS,n,2,283.23,0.45,N,0
43.07036,-6.78009,302.38,0.38,0.36,2024-04-13,0225,N20,VIIRS,n,2,281.11,0.56,N,0
43.06964,-6.77544,302.7,0.38,0.36,2024-04-13,0225,N20,VIIRS,n,2,280.54,0.56,N,0
43.0689,-6.77079,306.32,0.38,0.36,2024-04-13,0225,N20,VIIRS,n,2,281.11,0.62,N,0
43.06818,-6.76614,297.65,0.38,0.36,2024-04-13,0225,N20,VIIRS,n,2,280.08,0.62,N,0
43.0671,-6.78104,300.1,0.38,0.36,2024-04-13,0225,N20,VIIRS,n,2,282.83,2.03,N,0
43.06492,-6.7671,295.62,0.38,0.36,2024-04-13,0225,N20,VIIRS,n,2,283.11,3.18,N,0
43.06312,-6.77735,336.5,0.38,0.36,2024-04-13,0225,N20,VIIRS,n,2,284.83,2.03,N,0
43.06239,-6.7727,350.33,0.38,0.36,2024-04-13,0225,N20,VIIRS,n,2,288.34,3.18,N,0
43.06166,-6.76805,304.14,0.38,0.36,2024-04-13,0225,N20,VIIRS,n,2,283.52,3.18,N,0
41.31097,1.66123,308.38,0.5,0.49,2024-04-13,0225,N20,VIIRS,n,2,284.74,1.95,N,2
41.3131,1.66118,314.41,0.5,0.49,2024-04-13,0225,N20,VIIRS,n,2,285.89,1.64,N,2
42.55282,-6.77027,296.14,0.38,0.36,2024-04-13,0225,N20,VIIRS,n,2,284.21,0.41,N,2
41.47694,-1.48861,295.18,0.53,0.42,2024-04-13,0225,N20,VIIRS,n,2,281.3,0.43,N,2
40.24459,-3.47429,319.19,0.47,0.39,2024-04-13,0225,N20,VIIRS,n,2,289.17,2.76,N,2
39.93557,-3.74348,307.71,0.46,0.39,2024-04-13,0225,N20,VIIRS,n,2,285.22,1.37,N,2
38.37828,-0.5456,295.36,0.45,0.47,2024-04-13,0225,N20,VIIRS,n,2,283.37,0.58,N,2
38.67265,-4.04591,303.73,0.47,0.4,2024-04-13,0226,N20,VIIRS,n,2,284.35,0.73,N,0
37.35958,-5.86494,311.75,0.42,0.38,2024-04-13,0226,N20,VIIRS,n,2,289.25,1.51,N,2
38.91352,-5.95031,301.44,0.41,0.37,2024-04-13,0226,N20,VIIRS,n,2,283.34,0.32,N,0
38.67366,-4.05113,303.34,0.47,0.4,2024-04-13,0226,N20,VIIRS,n,2,285.86,0.73,N,0
38.67622,-4.04491,295.05,0.47,0.4,2024-04-13,0226,N20,VIIRS,n,2,283.54,0.73,N,0
38.67723,-4.05011,295.41,0.47,0.4,2024-04-13,0226,N20,VIIRS,n,2,284.91,0.73,N,0
38.67385,-4.04704,367,0.66,0.73,2024-04-13,1207,N20,VIIRS,h,2,300.34,21.99,D,0
38.78223,0.1072,367,0.4,0.6,2024-04-13,1207,N20,VIIRS,l,2,332.21,82.14,D,0
39.43963,-0.44203,335.51,0.41,0.61,2024-04-13,1207,N20,VIIRS,n,2,302.39,4.6,D,0
39.4384,-0.44651,353.19,0.41,0.61,2024-04-13,1207,N20,VIIRS,n,2,305.29,4.6,D,0
38.77928,0.11795,367,0.4,0.6,2024-04-13,1207,N20,VIIRS,h,2,308.96,20.89,D,0
38.78046,0.12227,338.57,0.4,0.6,2024-04-13,1207,N20,VIIRS,n,2,303.4,8.64,D,0
38.77812,0.11366,355.19,0.4,0.6,2024-04-13,1207,N20,VIIRS,n,2,311.36,20.89,D,0
38.77698,0.10946,351.03,0.4,0.6,2024-04-13,1207,N20,VIIRS,n,2,308.01,19.4,D,0
38.78338,0.11144,354.48,0.4,0.6,2024-04-13,1207,N20,VIIRS,n,2,301.89,56.69,D,0
38.78109,0.10299,347.48,0.4,0.6,2024-04-13,1207,N20,VIIRS,n,2,302.02,82.14,D,0
40.24548,-3.47194,331.75,0.55,0.68,2024-04-13,1207,N20,VIIRS,n,2,303.27,3.85,D,2
38.67035,-4.05033,355.86,0.65,0.73,2024-04-13,1207,N20,VIIRS,n,2,299.27,19.15,D,0
38.67274,-4.04276,347.83,0.65,0.73,2024-04-13,1207,N20,VIIRS,n,2,299.11,15.49,D,0
42.96317,-1.28267,367,0.36,0.57,2024-04-13,1208,N20,VIIRS,h,2,300.3,8.06,D,0
42.96798,-1.28577,335.84,0.36,0.57,2024-04-13,1208,N20,VIIRS,n,2,294.53,8.06,D,0
43.27223,-2.41737,352.61,0.4,0.6,2024-04-13,1208,N20,VIIRS,n,2,300.39,4.68,D,0
43.25536,-3.55948,336.28,0.45,0.63,2024-04-13,1208,N20,VIIRS,n,2,295.95,5.69,D,0
43.2561,-3.56263,325.83,0.45,0.63,2024-04-13,1208,N20,VIIRS,n,2,294.14,5,D,0
43.207,-4.13087,331.54,0.48,0.65,2024-04-13,1208,N20,VIIRS,n,2,298.56,3.67,D,0
42.99145,-2.41041,331.54,0.41,0.6,2024-04-13,1208,N20,VIIRS,n,2,297.38,3.49,D,0
42.96426,-1.27868,325.34,0.36,0.57,2024-04-13,1208,N20,VIIRS,n,2,294.54,8.04,D,0
43.23448,-4.11977,336.56,0.48,0.65,2024-04-13,1208,N20,VIIRS,n,2,296.6,11.12,D,0
43.23271,-4.12559,355.36,0.48,0.65,2024-04-13,1208,N20,VIIRS,n,2,302.68,18.49,D,0
43.24432,-4.12998,326.3,0.48,0.65,2024-04-13,1208,N20,VIIRS,n,2,296.79,2.5,D,0
28.48566,-16.3699,336.18,0.44,0.46,2024-04-13,1345,N20,VIIRS,n,2,303.01,3.13,D,0
38.41811,-1.40784,354.89,0.35,0.57,2024-04-13,1347,N20,VIIRS,n,2,304.16,2.84,D,0
38.10967,-1.0714,334.56,0.37,0.58,2024-04-13,1347,N20,VIIRS,n,2,302.17,2.57,D,0
38.77694,0.10467,367,0.43,0.62,2024-04-13,1347,N20,VIIRS,h,2,304.66,6.14,D,0
38.77742,0.11514,339.9,0.43,0.62,2024-04-13,1347,N20,VIIRS,n,2,307.76,6.89,D,0
38.77717,0.10994,342.82,0.43,0.62,2024-04-13,1347,N20,VIIRS,n,2,305.49,6.14,D,0
38.78315,0.11471,367,0.43,0.62,2024-04-13,1347,N20,VIIRS,h,2,308.13,29.42,D,0
38.78267,0.10435,367,0.43,0.62,2024-04-13,1347,N20,VIIRS,h,2,305.73,27.81,D,0
38.11197,-1.07159,340.05,0.37,0.58,2024-04-13,1347,N20,VIIRS,n,2,302.65,3.33,D,0
38.78291,0.10956,353.85,0.43,0.62,2024-04-13,1347,N20,VIIRS,n,2,310.2,27.81,D,0
38.78243,0.09916,356.33,0.43,0.62,2024-04-13,1347,N20,VIIRS,n,2,307.45,14.39,D,0
38.78817,0.0989,343.98,0.43,0.62,2024-04-13,1347,N20,VIIRS,n,2,300.68,14.39,D,0
38.78374,0.10076,367,0.43,0.62,2024-04-13,1347,N20,VIIRS,h,2,304.4,15.24,D,0
38.78436,0.11629,354.99,0.43,0.62,2024-04-13,1347,N20,VIIRS,n,2,303.41,14.45,D,0
38.78416,0.11112,356.14,0.43,0.62,2024-04-13,1347,N20,VIIRS,n,2,307,22.7,D,0
38.78395,0.10595,355.36,0.43,0.62,2024-04-13,1347,N20,VIIRS,n,2,305.23,22.7,D,0
38.78353,0.09561,355.45,0.43,0.62,2024-04-13,1347,N20,VIIRS,n,2,303.13,15.24,D,0
38.67535,-4.04861,340.2,0.51,0.49,2024-04-13,1347,N20,VIIRS,n,2,306.3,4.19,D,0
38.86096,-6.68616,334.18,0.56,0.43,2024-04-13,1347,N20,VIIRS,n,2,300.85,3.58,D,0
40.60442,-4.25702,334.5,0.52,0.5,2024-04-13,1348,N20,VIIRS,n,2,299.56,3.82,D,0
40.24144,-3.47379,334.61,0.57,0.52,2024-04-13,1348,N20,VIIRS,l,2,307.56,5.27,D,2
43.29792,-5.2353,329.75,0.5,0.49,2024-04-13,1349,N20,VIIRS,n,2,297.83,2.97,D,0
43.21563,-4.13699,338.68,0.56,0.52,2024-04-13,1349,N20,VIIRS,n,2,294.03,7.3,D,0
43.21132,-4.13187,334.55,0.56,0.52,2024-04-13,1349,N20,VIIRS,n,2,293.95,7.46,D,0
43.21126,-4.13057,329.12,0.56,0.52,2024-04-13,1349,N20,VIIRS,n,2,293.58,7.3,D,0
43.21616,-4.1293,340.92,0.56,0.52,2024-04-13,1349,N20,VIIRS,n,2,294.34,7.3,D,0
43.29752,-5.24078,343.21,0.5,0.49,2024-04-13,1349,N20,VIIRS,n,2,299.65,9.61,D,0
43.5257,-5.72951,341.84,0.47,0.48,2024-04-13,1349,N20,VIIRS,n,2,300.7,5.14,D,2
43.23997,-4.13447,340.63,0.56,0.52,2024-04-13,1349,N20,VIIRS,n,2,296.93,8.75,D,0
43.23608,-4.12003,338.42,0.56,0.52,2024-04-13,1349,N20,VIIRS,n,2,295.91,3.54,D,0
43.24512,-4.12902,332.47,0.56,0.52,2024-04-13,1349,N20,VIIRS,n,2,294.59,8.75,D,0
43.21573,-4.13819,327.46,0.56,0.52,2024-04-13,1349,N20,VIIRS,n,2,292.86,6.59,D,0
43.2162,-4.1306,342.94,0.56,0.52,2024-04-13,1349,N20,VIIRS,n,2,294.23,7.46,D,0
43.25865,-3.57991,313.27,0.4,0.37,2024-04-14,0206,N20,VIIRS,n,2,274.8,1.13,N,0
43.54668,-5.84674,308.89,0.45,0.39,2024-04-14,0206,N20,VIIRS,n,2,275.61,1.09,N,2
43.25388,-3.57044,297.11,0.4,0.37,2024-04-14,0206,N20,VIIRS,n,2,274.86,0.93,N,0
43.25458,-3.57539,312.88,0.4,0.37,2024-04-14,0206,N20,VIIRS,n,2,275.05,0.93,N,0
43.54601,-5.84116,301.99,0.45,0.39,2024-04-14,0206,N20,VIIRS,n,2,274.28,0.87,N,2
43.4425,-3.8452,296.5,0.4,0.37,2024-04-14,0206,N20,VIIRS,n,2,276.2,0.66,N,2
43.30812,-3.02503,296.76,0.39,0.36,2024-04-14,0206,N20,VIIRS,n,2,273.73,0.53,N,0
43.25794,-3.57487,299.73,0.4,0.37,2024-04-14,0206,N20,VIIRS,n,2,275.2,0.81,N,0
43.25529,-3.58045,299.52,0.4,0.37,2024-04-14,0206,N20,VIIRS,n,2,273.66,0.6,N,0
43.54113,-5.83076,323.85,0.45,0.39,2024-04-14,0206,N20,VIIRS,n,2,272.58,2.61,N,2
43.3514,-5.28491,316.85,0.43,0.38,2024-04-14,0206,N20,VIIRS,n,2,269.75,1.64,N,0
43.34791,-5.28559,308.39,0.43,0.38,2024-04-14,0206,N20,VIIRS,n,2,269.43,1.64,N,0
42.81445,-1.74225,304.24,0.38,0.36,2024-04-14,0206,N20,VIIRS,n,2,284.19,1.03,N,2
41.45578,1.97707,308.36,0.47,0.4,2024-04-14,0206,N20,VIIRS,n,2,284.62,1.92,N,2
41.40526,2.00093,301.92,0.48,0.4,2024-04-14,0206,N20,VIIRS,n,2,286.2,1.24,N,0
41.40537,1.99918,307.41,0.48,0.4,2024-04-14,0206,N20,VIIRS,n,2,286.72,1.27,N,2
41.31176,1.66117,315.37,0.46,0.39,2024-04-14,0206,N20,VIIRS,n,2,286.36,2.06,N,2
42.55343,-6.76817,299.32,0.47,0.4,2024-04-14,0206,N20,VIIRS,n,2,279.7,1.01,N,2
41.64806,-0.76726,295.39,0.4,0.37,2024-04-14,0206,N20,VIIRS,n,2,279.38,0.36,N,0
41.47551,-1.48849,303.31,0.39,0.36,2024-04-14,0206,N20,VIIRS,n,2,284.76,0.56,N,2
40.57574,0.54046,301.4,0.44,0.38,2024-04-14,0206,N20,VIIRS,n,2,285.72,0.35,N,2
40.24358,-3.47253,325.59,0.39,0.36,2024-04-14,0206,N20,VIIRS,n,2,288.41,1.52,N,2
40.24427,-3.47701,301.7,0.39,0.36,2024-04-14,0206,N20,VIIRS,n,2,286.71,1.52,N,2
39.93716,-3.74444,315.55,0.39,0.36,2024-04-14,0206,N20,VIIRS,n,2,286.55,1.82,N,2
38.41859,-5.24141,300.91,0.4,0.37,2024-04-14,0207,N20,VIIRS,n,2,283.21,0.89,N,0
38.66872,-4.05121,304.13,0.39,0.36,2024-04-14,0207,N20,VIIRS,n,2,284.1,1.09,N,2
39.38759,-2.75941,321.13,0.39,0.36,2024-04-14,0207,N20,VIIRS,n,2,281.72,1.91,N,0
38.59254,-0.67268,295.51,0.42,0.38,2024-04-14,0207,N20,VIIRS,n,2,282.53,0.5,N,0
38.58914,-0.6737,295.32,0.42,0.38,2024-04-14,0207,N20,VIIRS,n,2,281.92,0.5,N,0
37.35968,-6.67178,297.98,0.42,0.38,2024-04-14,0207,N20,VIIRS,n,2,286.24,0.58,N,0
37.36069,-5.86533,306.88,0.4,0.37,2024-04-14,0207,N20,VIIRS,n,2,290.09,0.95,N,2
36.96692,-1.90654,309.96,0.41,0.37,2024-04-14,0207,N20,VIIRS,n,2,286.88,0.92,N,2
38.37868,-6.48347,297.64,0.42,0.38,2024-04-14,0207,N20,VIIRS,n,2,287.46,0.62,N,2
38.84414,-2.44631,302.05,0.39,0.36,2024-04-14,0207,N20,VIIRS,n,2,279.41,0.76,N,0
38.37654,-0.54457,302.06,0.43,0.38,2024-04-14,0207,N20,VIIRS,n,2,286.88,1.03,N,2
38.67528,-4.04957,300.28,0.39,0.36,2024-04-14,0207,N20,VIIRS,n,2,285.46,1.08,N,0
37.56881,-0.91872,301.35,0.43,0.38,2024-04-14,0207,N20,VIIRS,n,2,287.06,0.43,N,2
38.71047,-0.07947,301.11,0.71,0.75,2024-04-14,1148,N20,VIIRS,l,2,316.31,117.05,D,0
38.72006,-0.07653,308.11,0.71,0.75,2024-04-14,1148,N20,VIIRS,l,2,315.8,131.66,D,0
38.71761,-0.08408,351.34,0.71,0.75,2024-04-14,1148,N20,VIIRS,n,2,296.19,131.66,D,0
38.72194,-0.07075,367,0.71,0.75,2024-04-14,1148,N20,VIIRS,h,2,295.78,156.07,D,0
38.71161,-0.07941,367,0.71,0.75,2024-04-14,1148,N20,VIIRS,l,2,329.44,131.66,D,0
38.70934,-0.08637,332.23,0.71,0.75,2024-04-14,1148,N20,VIIRS,n,2,297.31,131.66,D,0
38.71421,-0.07142,367,0.71,0.75,2024-04-14,1148,N20,VIIRS,h,2,303.94,156.07,D,0
38.71877,-0.07696,367,0.71,0.75,2024-04-14,1148,N20,VIIRS,l,2,332.21,202.64,D,0
38.71622,-0.08494,347.8,0.71,0.75,2024-04-14,1148,N20,VIIRS,n,2,296.77,116.6,D,0
38.72092,-0.07021,367,0.71,0.75,2024-04-14,1148,N20,VIIRS,h,2,299.09,202.64,D,0
38.71288,-0.07195,367,0.71,0.75,2024-04-14,1148,N20,VIIRS,h,2,305.48,117.05,D,0
38.71685,-0.07378,354.25,0.47,0.47,2024-04-14,1328,N20,VIIRS,n,2,313.44,29.14,D,0
38.71635,-0.07961,339.62,0.47,0.47,2024-04-14,1328,N20,VIIRS,n,2,306.27,29.14,D,0
38.71586,-0.08538,354.11,0.47,0.47,2024-04-14,1328,N20,VIIRS,n,2,310.18,27.18,D,0
38.72163,-0.06953,340.56,0.47,0.47,2024-04-14,1328,N20,VIIRS,n,2,298.51,17.69,D,0
38.72111,-0.07564,344.06,0.47,0.47,2024-04-14,1328,N20,VIIRS,n,2,309.91,11.79,D,0
38.7206,-0.08164,333.21,0.47,0.47,2024-04-14,1328,N20,VIIRS,n,2,305.72,11.79,D,0
38.7201,-0.08741,354.84,0.47,0.47,2024-04-14,1328,N20,VIIRS,n,2,308.12,17.25,D,0
38.71164,-0.08308,352.47,0.47,0.47,2024-04-14,1328,N20,VIIRS,n,2,310.62,27.18,D,0
38.7126,-0.07174,346.68,0.47,0.47,2024-04-14,1328,N20,VIIRS,n,2,318.11,29.14,D,0
38.71305,-0.06646,338.64,0.47,0.47,2024-04-14,1328,N20,VIIRS,n,2,296.94,23.89,D,0
38.71214,-0.07723,367,0.47,0.47,2024-04-14,1328,N20,VIIRS,h,2,308.41,29.14,D,0
38.70781,-0.07616,354.27,0.47,0.47,2024-04-14,1328,N20,VIIRS,n,2,317.02,59.43,D,0
38.70827,-0.07074,346.75,0.47,0.47,2024-04-14,1328,N20,VIIRS,n,2,317.67,59.43,D,0
38.70869,-0.06563,330.24,0.47,0.47,2024-04-14,1328,N20,VIIRS,n,2,298.59,11.02,D,0
38.70733,-0.08176,367,0.47,0.47,2024-04-14,1328,N20,VIIRS,h,2,325.54,98.32,D,0
37.83037,-1.02682,335.25,0.41,0.45,2024-04-14,1328,N20,VIIRS,n,2,303.56,1.39,D,0
36.87117,-5.6368,337.74,0.4,0.37,2024-04-14,1328,N20,VIIRS,n,2,305.8,1.8,D,0
41.28516,2.07009,339.41,0.32,0.55,2024-04-14,1329,N20,VIIRS,n,2,300.38,3.04,D,0
40.24487,-3.47512,338.6,0.5,0.41,2024-04-14,1329,N20,VIIRS,n,2,308.98,5.44,D,2
43.25792,-3.58263,329.23,0.53,0.42,2024-04-14,1330,N20,VIIRS,n,2,292.07,6.51,D,0
43.28297,-4.42868,333.03,0.49,0.41,2024-04-14,1330,N20,VIIRS,n,2,294.7,4.17,D,0
43.28398,-4.43095,330.42,0.49,0.41,2024-04-14,1330,N20,VIIRS,n,2,295.74,2.89,D,0
43.25526,-3.5837,331.42,0.53,0.42,2024-04-14,1330,N20,VIIRS,n,2,292.1,4.48,D,0
42.38425,-5.68953,344.2,0.44,0.38,2024-04-14,1330,N20,VIIRS,n,2,307.32,10.37,D,0
42.07014,-8.18097,329.2,0.61,0.53,2024-04-15,0147,N20,VIIRS,n,2,268.46,4.4,N,0
40.57762,0.54231,309.68,0.39,0.36,2024-04-15,0147,N20,VIIRS,n,2,287.8,0.64,N,2
42.06518,-8.18098,297.99,0.61,0.53,2024-04-15,0147,N20,VIIRS,n,2,268.18,0.93,N,0
41.45572,1.97891,305.14,0.38,0.36,2024-04-15,0147,N20,VIIRS,n,2,287.54,0.77,N,2
41.40826,1.99906,311.93,0.38,0.36,2024-04-15,0147,N20,VIIRS,n,2,286.19,0.71,N,2
41.34171,2.09631,295.06,0.38,0.36,2024-04-15,0147,N20,VIIRS,n,2,283.59,0.21,N,0
41.6479,-0.76953,297.29,0.42,0.38,2024-04-15,0147,N20,VIIRS,n,2,285.67,0.48,N,0
41.47592,-1.48603,302.07,0.44,0.39,2024-04-15,0147,N20,VIIRS,n,2,286.28,0.93,N,2
42.06668,-8.18132,332.86,0.61,0.53,2024-04-15,0147,N20,VIIRS,n,2,268.99,6.77,N,0
38.70755,-0.06588,313.81,0.39,0.36,2024-04-15,0148,N20,VIIRS,n,2,288.65,1.59,N,0
37.36021,-5.86712,299.94,0.41,0.45,2024-04-15,0148,N20,VIIRS,n,2,288.89,0.81,N,2
36.96833,-1.90582,311.22,0.42,0.38,2024-04-15,0148,N20,VIIRS,n,2,288.21,0.98,N,2
37.57027,-0.91748,298.97,0.4,0.37,2024-04-15,0148,N20,VIIRS,n,2,288.27,0.52,N,2
38.37583,-0.54352,297.73,0.4,0.37,2024-04-15,0148,N20,VIIRS,n,2,287.39,0.66,N,2
39.32467,-5.60135,301.83,0.42,0.45,2024-04-15,0148,N20,VIIRS,n,2,276.93,0.79,N,0
38.70159,-0.07203,299.59,0.39,0.36,2024-04-15,0148,N20,VIIRS,n,2,285.3,4.88,N,0
38.70224,-0.0765,301.78,0.39,0.36,2024-04-15,0148,N20,VIIRS,n,2,286.31,0.79,N,0
38.70288,-0.08095,300.27,0.39,0.36,2024-04-15,0148,N20,VIIRS,n,2,285.66,0.79,N,0
38.70424,-0.06667,327.76,0.39,0.36,2024-04-15,0148,N20,VIIRS,n,2,287.71,4.88,N,0
38.7049,-0.07122,344.43,0.39,0.36,2024-04-15,0148,N20,VIIRS,n,2,295.14,4.88,N,0
39.93622,-3.74596,302.22,0.52,0.42,2024-04-15,0148,N20,VIIRS,n,2,284.11,1.28,N,2
40.24429,-3.47345,308.68,0.51,0.41,2024-04-15,0148,N20,VIIRS,n,2,277.64,2.11,N,2
42.06466,-8.18131,296.29,0.47,0.64,2024-04-15,0327,N20,VIIRS,n,2,279.79,0.76,N,0
42.0701,-8.17808,307.96,0.47,0.64,2024-04-15,0327,N20,VIIRS,n,2,280.02,0.76,N,0
37.68294,-3.80429,342.44,0.39,0.36,2024-04-15,1309,N20,VIIRS,n,2,307.95,11.2,D,0
40.24406,-3.474,337.22,0.38,0.36,2024-04-15,1310,N20,VIIRS,n,2,308.55,3.8,D,2
40.26443,-3.74642,336.37,0.38,0.36,2024-04-15,1310,N20,VIIRS,l,2,310.9,3.81,D,0
40.26047,-3.75004,338.17,0.38,0.36,2024-04-15,1310,N20,VIIRS,n,2,307.21,2.55,D,0
39.39026,-3.39674,340.4,0.38,0.36,2024-04-15,1310,N20,VIIRS,n,2,309.81,3.62,D,0
38.90533,-6.45717,331.53,0.43,0.38,2024-04-15,1310,N20,VIIRS,l,2,304.47,0.88,D,0
40.2677,-3.74727,336.46,0.38,0.36,2024-04-15,1310,N20,VIIRS,l,2,310.43,3.81,D,0
38.69886,-0.0646,367,0.43,0.38,2024-04-15,1310,N20,VIIRS,h,2,333.71,55.07,D,0
38.69944,-0.05997,340.27,0.43,0.38,2024-04-15,1310,N20,VIIRS,n,2,305.16,49.43,D,0
38.6983,-0.06909,345.71,0.43,0.38,2024-04-15,1310,N20,VIIRS,n,2,309.84,55.07,D,0
38.70294,-0.06051,345.9,0.43,0.38,2024-04-15,1310,N20,VIIRS,n,2,304.74,16.85,D,0
38.70237,-0.06511,367,0.43,0.38,2024-04-15,1310,N20,VIIRS,l,2,328.69,42.96,D,0
38.70644,-0.06105,354.88,0.43,0.38,2024-04-15,1310,N20,VIIRS,n,2,310.06,16.85,D,0
38.70586,-0.06572,346.91,0.43,0.38,2024-04-15,1310,N20,VIIRS,n,2,304.75,42.96,D,0
38.45714,-3.72067,333.38,0.39,0.36,2024-04-15,1310,N20,VIIRS,n,2,298.96,2.75,D,0
42.38186,-5.65711,335.14,0.39,0.36,2024-04-15,1311,N20,VIIRS,l,2,308.5,3.97,D,0
42.16933,-8.18943,297.5,0.54,0.68,2024-04-16,0128,N20,VIIRS,n,2,281.41,2.11,N,0
42.16336,-8.20306,325.82,0.54,0.68,2024-04-16,0128,N20,VIIRS,n,2,282.04,2.4,N,0
41.45664,1.98196,297.55,0.49,0.4,2024-04-16,0128,N20,VIIRS,n,2,284.3,0.77,N,2
41.31195,1.66026,314.21,0.51,0.41,2024-04-16,0128,N20,VIIRS,n,2,284.89,1.93,N,2
42.16946,-8.19452,304.02,0.54,0.68,2024-04-16,0128,N20,VIIRS,n,2,281.5,2.4,N,0
43.05965,-4.26869,342.88,0.34,0.56,2024-04-16,0128,N20,VIIRS,n,2,276.52,5.52,N,0
42.16661,-8.20271,326.22,0.54,0.68,2024-04-16,0128,N20,VIIRS,n,2,282.22,3.36,N,0
43.05946,-4.26516,331.72,0.34,0.56,2024-04-16,0128,N20,VIIRS,n,2,277.67,4.91,N,0
42.16641,-8.19149,299.46,0.54,0.68,2024-04-16,0128,N20,VIIRS,n,2,281.84,1.54,N,0
42.55581,-6.7685,300.11,0.46,0.63,2024-04-16,0128,N20,VIIRS,n,2,282.74,1.01,N,2
42.17896,-8.19032,310.26,0.54,0.68,2024-04-16,0128,N20,VIIRS,n,2,280.53,1.35,N,0
42.17276,-8.19502,302.13,0.54,0.68,2024-04-16,0128,N20,VIIRS,n,2,280.6,1.54,N,0
42.18191,-8.18973,305.03,0.54,0.68,2024-04-16,0128,N20,VIIRS,n,2,280.41,1.13,N,0
42.17561,-8.18905,303.67,0.54,0.68,2024-04-16,0128,N20,VIIRS,n,2,281.05,1.13,N,0
42.17266,-8.18977,299.92,0.54,0.68,2024-04-16,0128,N20,VIIRS,n,2,281.22,1.54,N,0
40.57779,0.54127,300.84,0.56,0.43,2024-04-16,0129,N20,VIIRS,n,2,285.96,0.82,N,2
40.24442,-3.47596,320.8,0.59,0.53,2024-04-16,0129,N20,VIIRS,n,2,287.64,3.02,N,2
39.53848,-1.15303,347.29,0.44,0.46,2024-04-16,0129,N20,VIIRS,n,2,299.44,21.05,N,0
39.42894,-0.39834,296.82,0.4,0.44,2024-04-16,0129,N20,VIIRS,n,2,283.28,0.28,N,0
39.9351,-3.74265,297.52,0.6,0.53,2024-04-16,0129,N20,VIIRS,n,2,284.85,0.99,N,2
38.3766,-0.54214,298.2,0.39,0.44,2024-04-16,0129,N20,VIIRS,n,2,287.8,0.73,N,2
37.56991,-0.91851,316.88,0.4,0.44,2024-04-16,0129,N20,VIIRS,n,2,288.53,2.06,N,2
43.05531,-4.2707,297.81,0.41,0.6,2024-04-16,0308,N20,VIIRS,n,2,274.56,0.84,N,0
43.06029,-4.26721,297.99,0.41,0.6,2024-04-16,0308,N20,VIIRS,n,2,274.59,0.84,N,0
39.53574,-1.15312,335.76,0.73,0.76,2024-04-16,0309,N20,VIIRS,n,2,284.05,7.32,N,0
42.16295,-8.19109,309.74,0.55,0.51,2024-04-16,0309,N20,VIIRS,n,2,282.25,2.16,N,0
42.16533,-8.19095,309.49,0.55,0.51,2024-04-16,0309,N20,VIIRS,n,2,281.43,1.78,N,0
42.00748,-8.68297,295.51,0.53,0.5,2024-04-16,0309,N20,VIIRS,n,2,282.47,0.53,N,0
39.53589,-1.15227,326.4,0.73,0.76,2024-04-16,0309,N20,VIIRS,n,2,283.67,4.67,N,0
39.53856,-1.16022,305.55,0.73,0.76,2024-04-16,0309,N20,VIIRS,n,2,280.44,4.67,N,0
40.24301,-3.47916,306.5,0.53,0.67,2024-04-16,0309,N20,VIIRS,n,2,282.89,3.72,N,2
37.3617,-5.86539,300.84,0.49,0.65,2024-04-16,0310,N20,VIIRS,n,2,289.65,0.89,N,2
28.1045,-14.29131,304.15,0.55,0.51,2024-04-16,0313,N20,VIIRS,n,2,289.18,0.76,N,0
36.72129,-6.41367,341.5,0.51,0.49,2024-04-16,1251,N20,VIIRS,n,2,305.57,3.02,D,0
39.38024,-2.41086,331.03,0.45,0.39,2024-04-16,1251,N20,VIIRS,l,2,303.98,1.6,D,0
40.24433,-3.47459,333.53,0.48,0.4,2024-04-16,1251,N20,VIIRS,n,2,306.37,2.92,D,2
37.63391,-5.62748,331.2,0.44,0.46,2024-04-16,1251,N20,VIIRS,l,2,302.92,1.75,D,0
40.2684,-3.83807,339.59,0.49,0.4,2024-04-16,1251,N20,VIIRS,n,2,306.46,4.23,D,0
41.73695,-1.19748,336.08,0.4,0.37,2024-04-16,1252,N20,VIIRS,n,2,292.68,2.51,D,0
40.55777,-6.13281,330.37,0.41,0.45,2024-04-16,1252,N20,VIIRS,l,2,304.97,16.02,D,0
40.5578,-6.13098,346.84,0.41,0.45,2024-04-16,1252,N20,VIIRS,n,2,304.17,24.16,D,0
41.71327,0.35462,347.86,0.38,0.36,2024-04-16,1252,N20,VIIRS,n,2,296.98,8.33,D,0
41.62819,0.64718,340.98,0.38,0.36,2024-04-16,1252,N20,VIIRS,n,2,298.98,3.96,D,0
43.0654,-7.54159,344.91,0.42,0.45,2024-04-16,1252,N20,VIIRS,n,2,283.58,6.53,D,0
42.60826,-6.7905,331.4,0.39,0.44,2024-04-16,1252,N20,VIIRS,n,2,295.73,2.53,D,0
42.36604,-5.69752,344.45,0.54,0.42,2024-04-16,1252,N20,VIIRS,n,2,301.83,16,D,0
42.36229,-5.69611,345.35,0.54,0.42,2024-04-16,1252,N20,VIIRS,n,2,304.66,12.3,D,0
40.57528,0.54044,295.4,0.32,0.55,2024-04-17,0110,N20,VIIRS,n,2,283.44,0.42,N,0
39.53918,-1.15293,344.92,0.39,0.59,2024-04-17,0110,N20,VIIRS,n,2,287.39,4.96,N,0
40.24512,-3.47708,311.84,0.53,0.67,2024-04-17,0110,N20,VIIRS,n,2,284.12,2.23,N,2
41.31106,1.66424,297.91,0.57,0.52,2024-04-17,0110,N20,VIIRS,n,2,280.2,0.75,N,2
40.57894,0.5397,297.25,0.32,0.55,2024-04-17,0110,N20,VIIRS,n,2,283.49,0.51,N,2
40.24355,-3.47585,312.6,0.53,0.67,2024-04-17,0110,N20,VIIRS,n,2,283.32,2.27,N,2
36.96731,-1.9061,305.27,0.41,0.6,2024-04-17,0111,N20,VIIRS,n,2,289.62,0.91,N,2
39.54097,-1.15524,304.95,0.42,0.61,2024-04-17,0250,N20,VIIRS,n,2,278.79,2.08,N,0
41.31307,1.66269,310.46,0.52,0.67,2024-04-17,0250,N20,VIIRS,n,2,282.73,1.93,N,2
41.31248,1.65992,314.81,0.52,0.67,2024-04-17,0250,N20,VIIRS,n,2,281.95,1.96,N,2
40.94098,-0.11937,305.04,0.44,0.62,2024-04-17,0250,N20,VIIRS,n,2,277.98,0.74,N,0
40.93762,-0.11897,301.94,0.44,0.62,2024-04-17,0250,N20,VIIRS,n,2,278,0.66,N,0
42.55417,-6.76964,295.71,0.57,0.43,2024-04-17,0250,N20,VIIRS,n,2,280.4,0.86,N,2
40.24395,-3.47519,309.66,0.62,0.54,2024-04-17,0250,N20,VIIRS,n,2,284.05,2.57,N,2
39.53963,-1.15055,320.81,0.42,0.61,2024-04-17,0250,N20,VIIRS,n,2,283.73,2.08,N,0
39.53709,-1.15652,303.04,0.42,0.61,2024-04-17,0250,N20,VIIRS,n,2,279.67,2.69,N,0
39.53578,-1.15181,318.75,0.42,0.61,2024-04-17,0250,N20,VIIRS,n,2,281.76,3.42,N,0
38.37739,-0.54376,300.28,0.49,0.65,2024-04-17,0251,N20,VIIRS,n,2,285.51,0.85,N,2
36.9666,-1.90494,300.1,0.46,0.63,2024-04-17,0251,N20,VIIRS,n,2,288.86,0.74,N,2
37.36263,-5.86558,304.07,0.55,0.51,2024-04-17,0251,N20,VIIRS,n,2,287.78,0.46,N,2
39.53812,-1.15013,348.44,0.42,0.45,2024-04-17,1232,N20,VIIRS,n,2,314.39,9.84,D,0
38.21213,-0.935,334.54,0.43,0.46,2024-04-17,1232,N20,VIIRS,n,2,299.33,3.18,D,0
42.26751,-1.65703,327.38,0.38,0.44,2024-04-17,1233,N20,VIIRS,n,2,289.78,1.55,D,0
41.40765,2.21638,338.58,0.43,0.38,2024-04-17,1233,N20,VIIRS,n,2,296.06,3.87,D,0
41.21899,1.18453,330.88,0.46,0.39,2024-04-17,1233,N20,VIIRS,n,2,299.81,2.41,D,0
41.31347,1.66476,328.42,0.44,0.39,2024-04-17,1233,N20,VIIRS,n,2,300.63,1.46,D,2
40.91278,-2.99127,342.86,0.48,0.48,2024-04-17,1233,N20,VIIRS,n,2,301.68,10.86,D,0
40.20895,-6.6116,348.06,0.38,0.59,2024-04-17,1233,N20,VIIRS,n,2,295.85,5.61,D,0
43.54096,-5.82923,327.83,0.56,0.52,2024-04-17,1234,N20,VIIRS,n,2,287.3,5.58,D,2
42.55059,-6.96482,339.71,0.34,0.56,2024-04-17,1234,N20,VIIRS,n,2,295.57,2.72,D,0
42.12445,-1.18448,313.09,0.72,0.76,2024-04-18,0050,N20,VIIRS,n,2,277.31,4.07,N,0
42.12662,-1.17438,295.96,0.72,0.75,2024-04-18,0050,N20,VIIRS,n,2,277.52,2.66,N,0
42.12448,-1.17563,303.33,0.72,0.75,2024-04-18,0050,N20,VIIRS,n,2,277.42,3.63,N,0
42.12664,-1.18325,318.55,0.72,0.75,2024-04-18,0050,N20,VIIRS,n,2,277.37,2.66,N,0
39.53849,-1.1534,298.51,0.7,0.75,2024-04-18,0051,N20,VIIRS,n,2,280.14,1.17,N,0
43.09823,-7.15299,316.3,0.39,0.36,2024-04-18,0231,N20,VIIRS,n,2,277.28,4.16,N,0
41.10881,1.17539,304.44,0.58,0.52,2024-04-18,0231,N20,VIIRS,n,2,281.92,0.63,N,0
41.10888,1.17528,302.5,0.58,0.52,2024-04-18,0231,N20,VIIRS,n,2,281.87,0.86,N,0
43.09745,-7.14839,327.91,0.39,0.36,2024-04-18,0231,N20,VIIRS,n,2,276.88,4.16,N,0
43.10151,-7.15197,301.27,0.39,0.36,2024-04-18,0231,N20,VIIRS,n,2,276.18,12.12,N,0
43.10073,-7.14738,340.42,0.39,0.36,2024-04-18,0231,N20,VIIRS,n,2,284.87,12.12,N,0
43.10557,-7.15557,328.92,0.39,0.36,2024-04-18,0231,N20,VIIRS,n,2,284.49,15.51,N,0
43.10807,-7.14996,302.85,0.39,0.36,2024-04-18,0231,N20,VIIRS,n,2,277.02,1.39,N,0
43.10885,-7.1546,341.68,0.39,0.36,2024-04-18,0231,N20,VIIRS,n,2,280.73,9.06,N,0
43.34787,-8.43733,314.92,0.38,0.36,2024-04-18,0231,N20,VIIRS,n,2,282.72,0.98,N,2
42.12368,-1.17634,335.77,0.42,0.45,2024-04-18,0231,N20,VIIRS,n,2,281.29,4.24,N,0
42.12482,-1.18129,321.64,0.42,0.45,2024-04-18,0231,N20,VIIRS,n,2,278.33,4.24,N,0
39.54015,-1.15324,308.8,0.49,0.48,2024-04-18,0232,N20,VIIRS,n,2,281.29,2.41,N,0
40.24367,-3.47622,310.88,0.55,0.42,2024-04-18,0232,N20,VIIRS,n,2,284.81,2.34,N,2
39.53584,-1.1548,295.74,0.49,0.48,2024-04-18,0232,N20,VIIRS,n,2,278.98,0.94,N,0
38.37774,-0.54268,295.01,0.56,0.51,2024-04-18,0232,N20,VIIRS,n,2,282.39,0.86,N,2
38.37512,-0.54302,296.5,0.56,0.51,2024-04-18,0232,N20,VIIRS,n,2,282.69,0.79,N,2
39.93848,-3.74399,303.76,0.54,0.42,2024-04-18,0232,N20,VIIRS,n,2,280.46,1.31,N,2
39.53938,-1.15138,315.6,0.49,0.48,2024-04-18,0232,N20,VIIRS,n,2,282.56,2.52,N,0
42.127,-1.17302,336.54,0.62,0.54,2024-04-18,1214,N20,VIIRS,n,2,294.39,11.28,D,0
40.9437,-5.6641,328.26,0.55,0.68,2024-04-18,1214,N20,VIIRS,n,2,293.43,4.35,D,0
39.90693,-0.08389,339.48,0.62,0.54,2024-04-18,1214,N20,VIIRS,n,2,296.28,6.62,D,0
39.53729,-1.14936,347,0.36,0.57,2024-04-18,1214,N20,VIIRS,n,2,308.74,3.32,D,0
43.07883,-5.67294,356,0.48,0.65,2024-04-18,1215,N20,VIIRS,l,2,289.13,10.34,D,0
41.90889,-5.76703,332.73,0.52,0.67,2024-04-18,1215,N20,VIIRS,n,2,291.58,3.91,D,0
43.07775,-5.67648,333.25,0.48,0.65,2024-04-18,1215,N20,VIIRS,n,2,286.53,7.39,D,0
36.72883,-4.75474,335.92,0.55,0.51,2024-04-18,1354,N20,VIIRS,n,2,305.48,3.8,D,0
36.73019,-4.75589,330.39,0.55,0.51,2024-04-18,1354,N20,VIIRS,l,2,304.61,2.97,D,0
40.24117,-3.472,335.06,0.35,0.57,2024-04-18,1355,N20,VIIRS,n,2,304.12,2.63,D,2
42.12329,-1.17237,367,0.48,0.65,2024-04-18,1355,N20,VIIRS,h,2,297.99,36.25,D,0
42.12312,-1.17833,345.43,0.48,0.65,2024-04-18,1355,N20,VIIRS,n,2,294.21,22.15,D,0
43.0354,-2.21936,318.16,0.39,0.36,2024-04-19,0212,N20,VIIRS,n,2,279.23,1.7,N,2
43.52334,-5.7299,300.89,0.4,0.37,2024-04-19,0212,N20,VIIRS,n,2,280.89,1.07,N,2
43.4115,-3.8404,297.58,0.38,0.36,2024-04-19,0212,N20,VIIRS,n,2,279.48,0.6,N,0
43.54093,-5.83337,329.07,0.41,0.37,2024-04-19,0212,N20,VIIRS,n,2,282.48,5.18,N,2
43.5267,-5.72903,323,0.4,0.37,2024-04-19,0212,N20,VIIRS,n,2,283.51,2.2,N,2
43.08239,-2.99627,296.63,0.39,0.36,2024-04-19,0212,N20,VIIRS,n,2,275.5,0.49,N,0
43.3294,-5.77329,299.93,0.4,0.37,2024-04-19,0212,N20,VIIRS,n,2,281.11,0.96,N,2
43.52738,-5.73397,316.16,0.4,0.37,2024-04-19,0212,N20,VIIRS,n,2,281.92,2.2,N,2
42.12289,-1.17161,296.53,0.42,0.38,2024-04-19,0212,N20,VIIRS,n,2,277.82,1.38,N,0
42.1238,-1.17659,323.58,0.42,0.38,2024-04-19,0212,N20,VIIRS,n,2,278.33,2.1,N,0
43.54025,-5.82835,318.76,0.41,0.37,2024-04-19,0212,N20,VIIRS,n,2,283.1,5.18,N,2
41.45578,1.9825,299.99,0.56,0.43,2024-04-19,0213,N20,VIIRS,n,2,282.14,1.54,N,2
41.40688,1.99907,300,0.56,0.43,2024-04-19,0213,N20,VIIRS,n,2,281.82,1.11,N,2
42.68949,-6.037,319.57,0.4,0.37,2024-04-19,0213,N20,VIIRS,n,2,272.97,1.69,N,0
42.68279,-6.03882,300.42,0.4,0.37,2024-04-19,0213,N20,VIIRS,n,2,271.93,0.82,N,0
41.64523,-0.74325,327.35,0.44,0.38,2024-04-19,0213,N20,VIIRS,n,2,278.6,4.31,N,0
38.78231,0.16521,305.4,0.52,0.42,2024-04-19,0213,N20,VIIRS,n,2,280.09,1.94,N,0
39.53762,-1.1527,336.52,0.45,0.39,2024-04-19,0213,N20,VIIRS,n,2,290.4,5.34,N,0
39.61056,-0.42321,334.17,0.48,0.4,2024-04-19,0213,N20,VIIRS,n,2,282.77,4.25,N,0
40.24647,-3.47495,322.18,0.39,0.36,2024-04-19,0213,N20,VIIRS,n,2,284.36,2.52,N,2
37.56664,-0.91569,295.59,0.49,0.4,2024-04-19,0214,N20,VIIRS,n,2,281.5,0.58,N,2
38.77305,-6.39474,332.06,0.39,0.36,2024-04-19,0214,N20,VIIRS,n,2,286.06,2.97,N,0
38.77635,-6.39395,317.75,0.39,0.36,2024-04-19,0214,N20,VIIRS,n,2,285.38,1.49,N,0
37.35891,-5.86533,307.32,0.38,0.36,2024-04-19,0214,N20,VIIRS,n,2,288.74,1.06,N,2
42.21255,-1.62287,333.68,0.55,0.68,2024-04-19,1156,N20,VIIRS,n,2,295.38,2.34,D,0
38.53127,-3.23523,332.13,0.39,0.44,2024-04-19,1335,N20,VIIRS,n,2,301.03,2.26,D,0
38.54649,-3.20553,335.15,0.39,0.44,2024-04-19,1335,N20,VIIRS,n,2,298.35,2.01,D,0
43.17611,-2.39455,331.31,0.49,0.48,2024-04-19,1336,N20,VIIRS,n,2,293.78,3.37,D,0
42.37593,-5.68197,331.93,0.5,0.41,2024-04-19,1336,N20,VIIRS,n,2,304.26,2.28,D,0
40.01283,-4.81236,331.58,0.52,0.41,2024-04-19,1336,N20,VIIRS,n,2,300.99,4.78,D,0
43.06358,-6.47524,326.57,0.48,0.4,2024-04-19,1337,N20,VIIRS,l,2,300.77,4.83,D,0
43.06438,-6.47354,338.08,0.48,0.4,2024-04-19,1337,N20,VIIRS,n,2,301.99,9.13,D,0
43.31095,-6.75593,337.7,0.47,0.4,2024-04-19,1337,N20,VIIRS,n,2,301.06,10.79,D,0
43.0642,-6.46955,330.75,0.48,0.4,2024-04-19,1337,N20,VIIRS,n,2,297.26,4.83,D,0
39.93678,-3.74321,300.46,0.45,0.39,2024-04-20,0154,N20,VIIRS,n,2,273.83,1.1,N,2
43.03622,-2.21855,299.02,0.43,0.38,2024-04-20,0154,N20,VIIRS,n,2,279.97,0.87,N,2
42.1243,-1.17655,297.25,0.4,0.37,2024-04-20,0154,N20,VIIRS,n,2,278.02,0.68,N,0
41.47494,2.18152,299.34,0.4,0.37,2024-04-20,0154,N20,VIIRS,n,2,283.69,0.53,N,0
41.45398,1.97928,301.98,0.39,0.36,2024-04-20,0154,N20,VIIRS,n,2,285.07,0.82,N,2
41.40556,1.99886,312.21,0.39,0.37,2024-04-20,0154,N20,VIIRS,n,2,285.45,1.43,N,2
40.57526,0.54352,299.03,0.38,0.36,2024-04-20,0154,N20,VIIRS,n,2,285.59,0.63,N,0
40.24484,-3.47257,320.43,0.44,0.38,2024-04-20,0154,N20,VIIRS,n,2,280.94,2.87,N,2
40.24527,-3.47392,321.24,0.44,0.38,2024-04-20,0154,N20,VIIRS,n,2,280.54,2.76,N,2
39.53773,-1.15428,324.1,0.39,0.36,2024-04-20,0154,N20,VIIRS,n,2,284.49,2.34,N,0
39.53707,-1.1498,312.51,0.39,0.36,2024-04-20,0154,N20,VIIRS,n,2,283.53,1.81,N,0
38.37794,-0.54267,301.61,0.38,0.36,2024-04-20,0155,N20,VIIRS,n,2,282.48,0.95,N,2
38.29499,-5.26106,330.44,0.39,0.36,2024-04-20,1316,N20,VIIRS,l,2,301.41,3.24,D,0
40.24292,-3.47427,332.11,0.4,0.37,2024-04-20,1317,N20,VIIRS,l,2,302.87,2.2,D,2
42.45674,-1.54239,330.34,0.48,0.4,2024-04-20,1317,N20,VIIRS,n,2,300.36,2.59,D,0
42.12667,1.3413,338.9,0.42,0.45,2024-04-20,1317,N20,VIIRS,n,2,296.35,2.42,D,0
38.96579,-5.74789,333.89,0.39,0.36,2024-04-20,1317,N20,VIIRS,n,2,304.36,3.48,D,0
39.53629,-1.15129,347.07,0.46,0.39,2024-04-20,1317,N20,VIIRS,n,2,317.88,7,D,0
39.43,-1.87969,332.56,0.44,0.38,2024-04-20,1317,N20,VIIRS,l,2,306.44,1.44,D,0
42.12247,-4.53597,334.5,0.39,0.36,2024-04-20,1317,N20,VIIRS,n,2,301.11,1.67,D,0
40.03175,-3.81937,334.48,0.39,0.37,2024-04-20,1317,N20,VIIRS,n,2,303.75,1.35,D,0
42.42114,-2.14762,335.06,0.45,0.39,2024-04-20,1317,N20,VIIRS,n,2,303.87,3.15,D,0
43.33886,-6.96069,339.2,0.38,0.36,2024-04-20,1318,N20,VIIRS,n,2,304.59,98.13,D,0
43.27445,-4.80213,332.15,0.4,0.37,2024-04-20,1318,N20,VIIRS,n,2,295.83,10.39,D,0
43.27246,-4.79157,344.95,0.4,0.37,2024-04-20,1318,N20,VIIRS,n,2,303.01,11.81,D,0
43.27114,-4.80122,341.19,0.4,0.37,2024-04-20,1318,N20,VIIRS,n,2,298.61,10.39,D,0
43.53993,-5.83321,331.6,0.39,0.36,2024-04-20,1318,N20,VIIRS,l,2,305.82,4.69,D,2
43.54062,-5.82849,331.7,0.39,0.36,2024-04-20,1318,N20,VIIRS,n,2,300.15,2.67,D,2
43.34395,-6.97184,333.16,0.38,0.36,2024-04-20,1318,N20,VIIRS,n,2,294.23,31.31,D,0
43.33995,-6.97559,367,0.38,0.36,2024-04-20,1318,N20,VIIRS,l,2,330.47,31.31,D,0
43.34069,-6.97088,353.72,0.38,0.36,2024-04-20,1318,N20,VIIRS,n,2,310.7,31.31,D,0
43.34141,-6.96625,326.11,0.38,0.36,2024-04-20,1318,N20,VIIRS,l,2,297.44,3.41,D,0
43.5274,-5.73126,343.28,0.39,0.36,2024-04-20,1318,N20,VIIRS,n,2,301.8,6.12,D,2
43.33742,-6.96995,367,0.38,0.36,2024-04-20,1318,N20,VIIRS,l,2,330.05,70.41,D,0
43.33669,-6.97463,347.28,0.38,0.36,2024-04-20,1318,N20,VIIRS,n,2,306.23,70.41,D,0
43.27579,-4.79236,345.94,0.4,0.37,2024-04-20,1318,N20,VIIRS,n,2,292.98,11.81,D,0
43.2718,-4.7964,338.34,0.4,0.37,2024-04-20,1318,N20,VIIRS,n,2,298.92,11.81,D,0
43.29419,-6.9606,322.6,0.39,0.59,2024-04-21,0135,N20,VIIRS,n,2,276.87,1.91,N,0
43.52604,-5.72966,311.09,0.34,0.56,2024-04-21,0135,N20,VIIRS,n,2,284.73,1.18,N,2
43.41093,-3.83909,316.01,0.54,0.51,2024-04-21,0135,N20,VIIRS,n,2,280.94,1.77,N,0
43.27623,-4.79318,336.93,0.6,0.53,2024-04-21,0135,N20,VIIRS,n,2,273.93,4.08,N,0
43.37587,-5.04662,298.14,0.62,0.54,2024-04-21,0135,N20,VIIRS,n,2,279.83,1.62,N,0
43.29461,-6.9598,311.67,0.39,0.59,2024-04-21,0135,N20,VIIRS,n,2,276.82,1.45,N,0
43.29479,-6.96412,296.55,0.39,0.59,2024-04-21,0135,N20,VIIRS,n,2,275.37,1.28,N,0
43.27396,-4.79283,329.78,0.6,0.53,2024-04-21,0135,N20,VIIRS,n,2,273.53,4.67,N,0
43.35003,-6.97044,350.92,0.39,0.59,2024-04-21,0135,N20,VIIRS,n,2,282.2,10.29,N,0
43.35024,-6.97533,354.82,0.39,0.59,2024-04-21,0135,N20,VIIRS,n,2,279.97,10.28,N,0
43.52627,-5.73384,306.55,0.34,0.56,2024-04-21,0135,N20,VIIRS,n,2,284.06,1.18,N,2
43.54213,-5.83373,315.67,0.34,0.56,2024-04-21,0135,N20,VIIRS,n,2,283.18,1.64,N,2
43.54189,-5.82927,317.58,0.34,0.56,2024-04-21,0135,N20,VIIRS,n,2,285.43,1.64,N,2
43.55506,-5.85999,310.52,0.34,0.56,2024-04-21,0135,N20,VIIRS,n,2,283.47,1.16,N,2
43.54236,-5.83807,296.93,0.34,0.56,2024-04-21,0135,N20,VIIRS,n,2,281.85,0.61,N,2
43.55393,-5.85878,297.64,0.34,0.56,2024-04-21,0135,N20,VIIRS,n,2,283.45,1.04,N,2
43.54319,-5.8305,302.3,0.34,0.56,2024-04-21,0135,N20,VIIRS,n,2,284.25,0.83,N,0
43.27893,-4.79337,303.75,0.6,0.53,2024-04-21,0135,N20,VIIRS,n,2,273.43,1.06,N,0
43.37633,-5.05403,308.38,0.62,0.54,2024-04-21,0135,N20,VIIRS,n,2,279.5,1.8,N,0
40.57584,0.53944,301.84,0.47,0.4,2024-04-21,0135,N20,VIIRS,n,2,283.03,0.64,N,0
41.45471,1.97746,304.15,0.43,0.38,2024-04-21,0135,N20,VIIRS,n,2,282.71,1.35,N,2
40.24608,-3.47757,295.18,0.48,0.48,2024-04-21,0136,N20,VIIRS,n,2,282.49,1.03,N,2
38.67939,-4.06104,295.78,0.49,0.49,2024-04-21,0136,N20,VIIRS,n,2,284.15,1.04,N,0
38.37688,-0.54619,296.19,0.49,0.41,2024-04-21,0136,N20,VIIRS,n,2,281.24,0.54,N,2
39.53956,-1.15168,308.81,0.54,0.42,2024-04-21,0136,N20,VIIRS,n,2,273.85,2.25,N,0
40.24561,-3.47189,295.51,0.48,0.48,2024-04-21,0136,N20,VIIRS,n,2,283.59,1.03,N,2
43.52846,-5.73322,297.63,0.4,0.6,2024-04-21,0315,N20,VIIRS,n,2,282.08,1.48,N,2
43.52325,-5.73591,298.9,0.4,0.6,2024-04-21,0315,N20,VIIRS,n,2,282.71,1.43,N,2
43.34748,-6.97028,352.22,0.36,0.57,2024-04-21,0315,N20,VIIRS,n,2,285.65,13.46,N,0
43.37794,-5.05072,318.75,0.44,0.62,2024-04-21,0315,N20,VIIRS,n,2,279.81,2.28,N,0
43.34867,-6.97459,367,0.36,0.57,2024-04-21,0315,N20,VIIRS,h,2,282.46,13.46,N,0
43.37267,-5.05389,337.32,0.44,0.62,2024-04-21,0315,N20,VIIRS,n,2,278.97,4.22,N,0
43.37114,-5.04872,302.59,0.44,0.62,2024-04-21,0315,N20,VIIRS,n,2,279.3,3.09,N,0
43.27637,-4.79285,326.88,0.45,0.63,2024-04-21,0315,N20,VIIRS,n,2,273.48,3.5,N,0
43.27483,-4.7877,317.05,0.45,0.63,2024-04-21,0315,N20,VIIRS,n,2,272.62,2.06,N,0
43.34465,-6.98048,296.12,0.36,0.57,2024-04-21,0315,N20,VIIRS,n,2,278.13,4.12,N,0
40.24419,-3.47744,298.17,0.65,0.73,2024-04-21,0316,N20,VIIRS,n,2,281.57,1.15,N,2
39.537,-1.15218,347.22,0.39,0.36,2024-04-21,1258,N20,VIIRS,n,2,319.78,4.36,D,0
39.27256,-0.46293,335.16,0.38,0.36,2024-04-21,1258,N20,VIIRS,l,2,307.68,1.4,D,0
39.48782,-6.41695,336.74,0.55,0.43,2024-04-21,1258,N20,VIIRS,n,2,302.66,4.29,D,0
38.61582,-0.58641,342.95,0.38,0.36,2024-04-21,1258,N20,VIIRS,n,2,304.49,7.71,D,0
38.61323,-0.58121,339.26,0.38,0.36,2024-04-21,1258,N20,VIIRS,n,2,302.66,2.39,D,0
38.61514,-0.59078,340.14,0.38,0.36,2024-04-21,1258,N20,VIIRS,n,2,305.34,7.71,D,0
43.2897,-6.96141,337.6,0.5,0.41,2024-04-21,1259,N20,VIIRS,n,2,298.46,14.14,D,0
43.41181,-8.08344,333.18,0.55,0.42,2024-04-21,1259,N20,VIIRS,n,2,294.12,5.87,D,0
42.48215,-1.79761,339.15,0.38,0.36,2024-04-21,1259,N20,VIIRS,n,2,303.75,18.03,D,0
43.07802,-1.89867,329.58,0.38,0.36,2024-04-21,1259,N20,VIIRS,n,2,288.81,3.65,D,0
43.29768,-3.01377,346.59,0.39,0.36,2024-04-21,1259,N20,VIIRS,n,2,299.93,8.14,D,0
43.26987,-4.78826,345.76,0.42,0.38,2024-04-21,1259,N20,VIIRS,n,2,296.33,15.8,D,0
43.27327,-4.78928,352.28,0.42,0.38,2024-04-21,1259,N20,VIIRS,n,2,297.04,15.8,D,0
43.44685,-3.84228,331.1,0.4,0.37,2024-04-21,1259,N20,VIIRS,n,2,299.38,1.96,D,0
43.37557,-5.0528,325.08,0.43,0.38,2024-04-21,1259,N20,VIIRS,n,2,292.08,2.04,D,0
43.37463,-5.05798,325.89,0.43,0.38,2024-04-21,1259,N20,VIIRS,n,2,295.82,2.04,D,0
43.52641,-5.73112,347.33,0.45,0.39,2024-04-21,1259,N20,VIIRS,n,2,297.78,7.87,D,2
41.15618,0.98679,298.44,0.5,0.49,2024-04-22,0116,N20,VIIRS,n,2,276.97,1.36,N,0
41.52623,-1.58907,340.34,0.35,0.56,2024-04-22,0116,N20,VIIRS,n,2,281.5,4.17,N,0
42.48451,-1.79893,311.59,0.36,0.57,2024-04-22,0116,N20,VIIRS,n,2,278.18,1.05,N,0
41.52646,-1.59337,320.18,0.35,0.56,2024-04-22,0116,N20,VIIRS,n,2,278.37,3.28,N,0
40.57684,0.54059,300.63,0.52,0.5,2024-04-22,0116,N20,VIIRS,n,2,284.26,1.33,N,2
39.9383,-3.74704,295.41,0.44,0.62,2024-04-22,0117,N20,VIIRS,n,2,278.89,0.94,N,2
39.53962,-1.15,298.46,0.63,0.54,2024-04-22,0117,N20,VIIRS,n,2,281.05,0.96,N,0
38.32404,-6.71916,295.01,0.62,0.71,2024-04-22,0117,N20,VIIRS,n,2,283.19,0.71,N,0
40.24679,-3.47502,311.91,0.43,0.62,2024-04-22,0117,N20,VIIRS,n,2,279.66,1.59,N,2
36.96624,-1.90502,303.58,0.33,0.55,2024-04-22,0118,N20,VIIRS,n,2,284.48,0.81,N,2
43.50726,-6.33049,343.73,0.45,0.47,2024-04-22,0256,N20,VIIRS,n,2,280.66,11.15,N,0
42.48384,-1.79714,297.48,0.39,0.6,2024-04-22,0256,N20,VIIRS,n,2,276.19,0.58,N,0
43.50325,-6.33282,297.63,0.45,0.47,2024-04-22,0256,N20,VIIRS,n,2,276.19,1.13,N,0
41.15084,1.00581,303.95,0.59,0.7,2024-04-22,0256,N20,VIIRS,n,2,279.59,20.47,N,0
41.1554,0.99162,297.55,0.59,0.7,2024-04-22,0256,N20,VIIRS,n,2,278.53,16.52,N,0
41.15305,0.99893,367,0.59,0.7,2024-04-22,0256,N20,VIIRS,h,2,289.48,20.47,N,0
43.49622,-6.34164,348.89,0.45,0.47,2024-04-22,0256,N20,VIIRS,n,2,280.69,9.02,N,0
43.50435,-6.33753,332.61,0.45,0.47,2024-04-22,0256,N20,VIIRS,n,2,277.84,4.52,N,0
41.14917,1.00332,333.99,0.59,0.7,2024-04-22,0257,N20,VIIRS,n,2,280.12,24.75,N,0
39.93492,-3.74427,299.38,0.37,0.58,2024-04-22,0257,N20,VIIRS,n,2,281.3,1.22,N,2
41.15523,1.00639,295.04,0.59,0.7,2024-04-22,0257,N20,VIIRS,n,2,279.57,3.57,N,0
41.15741,0.99946,302.37,0.59,0.7,2024-04-22,0257,N20,VIIRS,n,2,278.68,2.45,N,0
41.15134,0.99645,367,0.59,0.7,2024-04-22,0257,N20,VIIRS,h,2,281.89,32.38,N,0
40.24528,-3.4761,304.3,0.38,0.59,2024-04-22,0257,N20,VIIRS,n,2,281.9,1.25,N,2
39.24148,-6.43636,327.23,0.32,0.55,2024-04-22,1239,N20,VIIRS,n,2,300.38,1.71,D,0
37.97842,-1.06794,332.95,0.55,0.43,2024-04-22,1239,N20,VIIRS,n,2,294.65,3.61,D,0
41.49667,1.90227,327,0.4,0.37,2024-04-22,1239,N20,VIIRS,l,2,299,3.4,D,0
40.51608,-2.93074,336.86,0.4,0.44,2024-04-22,1239,N20,VIIRS,n,2,295.3,4.87,D,0
41.49998,1.9013,328.19,0.4,0.37,2024-04-22,1239,N20,VIIRS,l,2,300.63,3.18,D,0
40.24315,-3.47195,332.54,0.43,0.46,2024-04-22,1239,N20,VIIRS,n,2,303.11,3.48,D,2
40.01115,-0.09933,345.41,0.47,0.39,2024-04-22,1239,N20,VIIRS,n,2,296.67,5.48,D,0
42.81073,-1.69304,334.53,0.48,0.4,2024-04-22,1240,N20,VIIRS,n,2,295.92,3.57,D,0
41.37236,-4.88487,334.98,0.47,0.48,2024-04-22,1240,N20,VIIRS,n,2,295.75,3.07,D,0
42.1283,-4.49959,326.94,0.44,0.46,2024-04-22,1240,N20,VIIRS,n,2,290.45,2.18,D,0
42.80771,-1.69056,325.83,0.48,0.4,2024-04-22,1240,N20,VIIRS,n,2,293.72,5.6,D,0
42.27389,-5.19707,330.38,0.47,0.48,2024-04-22,1240,N20,VIIRS,n,2,293.11,1.18,D,0
42.27516,-5.19899,331.53,0.47,0.48,2024-04-22,1240,N20,VIIRS,n,2,293.96,4.21,D,0
42.33467,-5.63753,335.74,0.49,0.49,2024-04-22,1240,N20,VIIRS,n,2,301.39,2.96,D,0
43.52488,-5.73144,335.75,0.46,0.47,2024-04-22,1240,N20,VIIRS,n,2,296.81,6.25,D,2
43.53896,-5.82824,344.58,0.47,0.47,2024-04-22,1240,N20,VIIRS,n,2,296.55,5.46,D,2
43.1702,-6.40741,342.82,0.56,0.69,2024-04-22,1421,N20,VIIRS,n,2,292.63,7.48,D,0
41.1515,1.00046,297.78,0.45,0.63,2024-04-23,0057,N20,VIIRS,n,2,277.25,0.91,N,0
41.53755,-3.11465,305.1,0.74,0.76,2024-04-23,0057,N20,VIIRS,n,2,271.67,3.51,N,0
41.54154,-3.11539,297.47,0.74,0.76,2024-04-23,0057,N20,VIIRS,n,2,269.5,1.19,N,0
40.24542,-3.47602,306.65,0.76,0.77,2024-04-23,0058,N20,VIIRS,n,2,276.94,2.25,N,2
39.53932,-1.15116,295.52,0.57,0.69,2024-04-23,0058,N20,VIIRS,n,2,277.03,1.19,N,0
39.54048,-1.15219,297.88,0.57,0.69,2024-04-23,0058,N20,VIIRS,n,2,277.7,1.36,N,0
39.53709,-1.1541,307.96,0.59,0.53,2024-04-23,0238,N20,VIIRS,n,2,277.89,2.41,N,0
42.77007,-8.73568,312.28,0.39,0.36,2024-04-23,0238,N20,VIIRS,n,2,278.45,1.54,N,0
42.55259,-6.7655,295.43,0.44,0.38,2024-04-23,0238,N20,VIIRS,n,2,277.22,0.5,N,0
42.55397,-6.76843,295.79,0.44,0.38,2024-04-23,0238,N20,VIIRS,n,2,278.23,0.61,N,2
41.15184,1.00189,298.51,0.35,0.56,2024-04-23,0238,N20,VIIRS,n,2,279.04,1.14,N,0
41.15294,0.99785,317.93,0.35,0.56,2024-04-23,0238,N20,VIIRS,n,2,277.97,1.14,N,0
41.17936,1.23164,298.41,0.35,0.57,2024-04-23,0238,N20,VIIRS,n,2,278.19,0.93,N,0
41.18073,1.23173,297.06,0.35,0.57,2024-04-23,0238,N20,VIIRS,n,2,277.66,0.73,N,2
43.34736,-6.42618,295.53,0.44,0.38,2024-04-23,0238,N20,VIIRS,n,2,271.86,6.05,N,0
43.34836,-6.43146,336.7,0.44,0.38,2024-04-23,0238,N20,VIIRS,n,2,275.84,6.05,N,0
41.40707,2.00064,296.2,0.38,0.59,2024-04-23,0238,N20,VIIRS,n,2,278.88,0.79,N,2
43.35078,-6.42489,316.33,0.44,0.38,2024-04-23,0238,N20,VIIRS,n,2,272.97,1.46,N,0
43.51343,-7.26612,299.86,0.41,0.37,2024-04-23,0238,N20,VIIRS,n,2,279.2,1.03,N,0
41.40547,1.99836,300.73,0.38,0.59,2024-04-23,0238,N20,VIIRS,n,2,279.32,0.88,N,2
43.44181,-6.45622,306.83,0.44,0.38,2024-04-23,0238,N20,VIIRS,n,2,273.63,1.52,N,0
43.32974,-5.77642,298.17,0.46,0.39,2024-04-23,0238,N20,VIIRS,n,2,277.07,0.7,N,2
43.52367,-5.73025,302.49,0.46,0.39,2024-04-23,0238,N20,VIIRS,n,2,278.23,1.08,N,2
43.53066,-5.7277,296.04,0.46,0.39,2024-04-23,0238,N20,VIIRS,n,2,277.49,1.57,N,2
39.9361,-3.74461,304.47,0.43,0.46,2024-04-23,0238,N20,VIIRS,n,2,278.14,1.33,N,2
39.5364,-1.15342,302.33,0.59,0.53,2024-04-23,0238,N20,VIIRS,n,2,276.1,1.97,N,0
40.2444,-3.47283,318.48,0.44,0.46,2024-04-23,0238,N20,VIIRS,n,2,279.51,1.69,N,2
41.39017,-5.42458,296.15,0.51,0.41,2024-04-23,0238,N20,VIIRS,n,2,272.65,0.74,N,0
42.46225,-8.42696,295.28,0.4,0.37,2024-04-23,0238,N20,VIIRS,n,2,279.85,0.95,N,0
42.46471,-8.42109,304.25,0.4,0.37,2024-04-23,0238,N20,VIIRS,n,2,281.64,8.61,N,0
42.46555,-8.42591,327.55,0.4,0.37,2024-04-23,0238,N20,VIIRS,n,2,284.3,8.61,N,0
42.46969,-8.42963,327.99,0.4,0.37,2024-04-23,0238,N20,VIIRS,n,2,280.44,3.99,N,0
41.5371,-3.10923,298.22,0.43,0.46,2024-04-23,0238,N20,VIIRS,n,2,272.65,1.23,N,0
41.72362,-3.89456,300.77,0.39,0.44,2024-04-23,0238,N20,VIIRS,n,2,272.79,1.01,N,0
38.37842,-0.54522,297.63,0.34,0.56,2024-04-23,0239,N20,VIIRS,n,2,280.83,0.53,N,2
39.93523,-3.74634,306.67,0.43,0.46,2024-04-23,0239,N20,VIIRS,n,2,277.04,1.38,N,0
38.75255,-7.22088,296.27,0.48,0.4,2024-04-23,0239,N20,VIIRS,n,2,281.83,0.44,N,0
38.75614,-7.21978,295.76,0.48,0.4,2024-04-23,0239,N20,VIIRS,n,2,281.13,0.44,N,0
37.5688,-0.91626,301.89,0.34,0.56,2024-04-23,0239,N20,VIIRS,n,2,283.39,0.31,N,2
38.37561,-0.54533,300.62,0.34,0.56,2024-04-23,0239,N20,VIIRS,n,2,281.57,0.68,N,2
37.36052,-5.86289,303.74,0.38,0.44,2024-04-23,0239,N20,VIIRS,n,2,286.69,1.47,N,2
37.75908,-4.88885,329.72,0.52,0.66,2024-04-23,1220,N20,VIIRS,n,2,296.8,2.2,D,0
37.33587,-6.90319,332.87,0.67,0.74,2024-04-23,1220,N20,VIIRS,n,2,300.72,6.63,D,0
39.25121,-3.35713,340.59,0.39,0.59,2024-04-23,1220,N20,VIIRS,n,2,297.47,4.1,D,0
37.75496,-4.88051,336.97,0.52,0.66,2024-04-23,1220,N20,VIIRS,n,2,296.7,5.56,D,0
39.25005,-3.36145,347.22,0.39,0.59,2024-04-23,1220,N20,VIIRS,n,2,297.15,5.29,D,0
39.39429,-3.61876,330,0.4,0.6,2024-04-23,1220,N20,VIIRS,n,2,294.73,2.37,D,0
39.47826,-3.50203,332.02,0.39,0.6,2024-04-23,1220,N20,VIIRS,n,2,295.44,2.43,D,0
37.7566,-4.87486,356.07,0.51,0.66,2024-04-23,1220,N20,VIIRS,l,2,297.86,5.56,D,0
38.80942,-0.00507,334.08,0.54,0.51,2024-04-23,1220,N20,VIIRS,n,2,296.55,3.81,D,0
38.90057,-0.45006,349.51,0.57,0.52,2024-04-23,1220,N20,VIIRS,n,2,304.36,104.49,D,0
37.75254,-4.86637,335.14,0.51,0.66,2024-04-23,1220,N20,VIIRS,n,2,299.68,6.09,D,0
39.45628,-4.25907,326.78,0.43,0.62,2024-04-23,1221,N20,VIIRS,n,2,293.19,3.52,D,0
38.98108,-6.98118,326.89,0.61,0.71,2024-04-23,1221,N20,VIIRS,n,2,293.87,3.12,D,0
39.05614,-5.66448,330.15,0.52,0.67,2024-04-23,1221,N20,VIIRS,n,2,298.36,4.09,D,0
39.48042,-3.50161,330.36,0.39,0.6,2024-04-23,1221,N20,VIIRS,n,2,293.1,1.72,D,0
39.05008,-5.65942,326.28,0.32,0.55,2024-04-23,1401,N20,VIIRS,l,2,298.91,1.81,D,0
38.42816,-3.76535,332.9,0.4,0.6,2024-04-23,1401,N20,VIIRS,n,2,291.4,2.2,D,0
39.25021,-3.35841,329.54,0.43,0.62,2024-04-23,1401,N20,VIIRS,n,2,299.16,2.02,D,0
43.34632,-8.43358,334.11,0.51,0.49,2024-04-23,1402,N20,VIIRS,n,2,295.59,3.62,D,2
43.52833,-5.72799,299.27,0.39,0.36,2024-04-24,0219,N20,VIIRS,n,2,280.47,0.79,N,2
43.44439,-3.84474,305.91,0.39,0.36,2024-04-24,0219,N20,VIIRS,n,2,278.41,1.32,N,2
42.16305,-8.31302,325.92,0.41,0.37,2024-04-24,0219,N20,VIIRS,n,2,295.48,17.73,N,0
41.20435,-1.66572,296.7,0.47,0.4,2024-04-24,0219,N20,VIIRS,n,2,271.64,0.59,N,0
41.53702,-3.11278,296.75,0.42,0.38,2024-04-24,0219,N20,VIIRS,n,2,272.03,0.67,N,0
41.53791,-3.11768,300.9,0.42,0.38,2024-04-24,0219,N20,VIIRS,n,2,272.11,0.67,N,0
41.47533,-1.48923,303.53,0.47,0.4,2024-04-24,0219,N20,VIIRS,n,2,277.61,0.9,N,2
42.55154,-6.76892,298.13,0.39,0.36,2024-04-24,0219,N20,VIIRS,n,2,277.1,0.68,N,2
41.15165,1.00059,300.97,0.4,0.45,2024-04-24,0219,N20,VIIRS,n,2,279.04,0.67,N,0
41.17801,1.23263,299.32,0.41,0.45,2024-04-24,0219,N20,VIIRS,n,2,276.28,1.04,N,0
41.18126,1.2308,301.9,0.41,0.45,2024-04-24,0219,N20,VIIRS,n,2,277.2,0.63,N,2
41.31123,1.66045,312.2,0.43,0.46,2024-04-24,0219,N20,VIIRS,n,2,279.38,2,N,2
41.57491,0.67287,297.07,0.38,0.43,2024-04-24,0219,N20,VIIRS,n,2,275.51,0.61,N,0
41.4076,2.00057,302.54,0.44,0.46,2024-04-24,0219,N20,VIIRS,n,2,278.44,1.16,N,2
41.5087,1.55518,304.93,0.42,0.45,2024-04-24,0219,N20,VIIRS,n,2,273.7,0.92,N,0
41.45691,1.98121,307.97,0.44,0.46,2024-04-24,0219,N20,VIIRS,n,2,278.29,1.29,N,2
43.54079,-5.83259,330.31,0.39,0.36,2024-04-24,0219,N20,VIIRS,n,2,283.11,6.56,N,2
43.54007,-5.82786,301.34,0.39,0.36,2024-04-24,0219,N20,VIIRS,n,2,278.8,6.56,N,2
43.52578,-5.73364,303.41,0.39,0.36,2024-04-24,0219,N20,VIIRS,n,2,281.22,0.79,N,2
43.52506,-5.72893,298.99,0.39,0.36,2024-04-24,0219,N20,VIIRS,n,2,279.59,0.79,N,2
41.92316,0.18178,309.43,0.54,0.42,2024-04-24,0219,N20,VIIRS,n,2,276.04,1.1,N,2
43.34633,-8.43507,309.84,0.43,0.38,2024-04-24,0219,N20,VIIRS,n,2,282.32,1.26,N,2
43.52905,-5.73269,307.1,0.39,0.36,2024-04-24,0219,N20,VIIRS,n,2,279.05,0.79,N,2
41.45721,1.97773,304.23,0.44,0.46,2024-04-24,0219,N20,VIIRS,n,2,277.25,1.16,N,2
43.5316,-5.72705,295.13,0.39,0.36,2024-04-24,0219,N20,VIIRS,n,2,278.85,0.62,N,2
42.15837,-8.30429,314.71,0.41,0.37,2024-04-24,0219,N20,VIIRS,n,2,280.46,1.76,N,0
42.15901,-8.30905,296.87,0.41,0.37,2024-04-24,0219,N20,VIIRS,n,2,278.34,17.73,N,0
42.15965,-8.31386,299.35,0.41,0.37,2024-04-24,0219,N20,VIIRS,n,2,277.93,17.73,N,0
42.16241,-8.30822,320,0.41,0.37,2024-04-24,0219,N20,VIIRS,n,2,284.09,17.73,N,0
40.24618,-3.47539,326.24,0.42,0.38,2024-04-24,0220,N20,VIIRS,n,2,281.21,3.08,N,2
38.37827,-0.5439,302.12,0.39,0.44,2024-04-24,0220,N20,VIIRS,n,2,282.43,0.7,N,2
38.37804,-6.48162,296.54,0.39,0.36,2024-04-24,0220,N20,VIIRS,n,2,282.56,0.59,N,2
39.53648,-1.15251,306.53,0.52,0.42,2024-04-24,0220,N20,VIIRS,n,2,278.05,2.21,N,0
39.93615,-3.74417,306.17,0.42,0.38,2024-04-24,0220,N20,VIIRS,n,2,281.25,1.32,N,2
40.24497,-3.47333,321.66,0.42,0.38,2024-04-24,0220,N20,VIIRS,n,2,281.22,2.98,N,2
37.36037,-5.86584,307.98,0.39,0.36,2024-04-24,0221,N20,VIIRS,n,2,286.75,0.77,N,2
36.18442,-5.39801,303.38,0.41,0.37,2024-04-24,0221,N20,VIIRS,n,2,292.35,1.64,N,0
37.1436,-6.47406,324.35,0.39,0.36,2024-04-24,0221,N20,VIIRS,n,2,282.99,1.79,N,0
38.5117,-1.46843,335.72,0.58,0.69,2024-04-24,1201,N20,VIIRS,n,2,297.38,4.31,D,0
39.16153,-0.35403,331.85,0.48,0.65,2024-04-24,1202,N20,VIIRS,n,2,297.65,2.63,D,0
41.58737,0.52775,327.44,0.37,0.58,2024-04-24,1202,N20,VIIRS,n,2,295.5,1.14,D,0
42.34142,-6.25778,356.35,0.75,0.77,2024-04-24,1203,N20,VIIRS,l,2,280.82,14.25,D,0
42.34404,-6.25014,337.23,0.75,0.77,2024-04-24,1203,N20,VIIRS,n,2,275.33,14.25,D,0
41.13163,-0.51045,355.63,0.35,0.57,2024-04-24,1342,N20,VIIRS,n,2,299.92,10.57,D,0
39.85487,-2.34865,340.21,0.55,0.51,2024-04-24,1342,N20,VIIRS,n,2,311.01,76.43,D,0
40.15855,0.09125,367,0.37,0.58,2024-04-24,1342,N20,VIIRS,h,2,308.31,60.89,D,0
40.1583,0.08657,338.54,0.37,0.58,2024-04-24,1342,N20,VIIRS,n,2,306.84,41.82,D,0
40.16393,0.09064,367,0.37,0.58,2024-04-24,1342,N20,VIIRS,h,2,292.66,9.39,D,0
40.16104,0.09084,367,0.37,0.58,2024-04-24,1342,N20,VIIRS,h,2,308.1,84.27,D,0
40.16081,0.08604,333.69,0.37,0.58,2024-04-24,1342,N20,VIIRS,n,2,304.65,49.24,D,0
41.13186,-0.5061,367,0.35,0.57,2024-04-24,1342,N20,VIIRS,h,2,297.32,12.76,D,0
41.33722,-1.16893,335.73,0.33,0.55,2024-04-24,1342,N20,VIIRS,n,2,295.17,2.02,D,0
42.40067,-5.68061,351.84,0.4,0.44,2024-04-24,1343,N20,VIIRS,n,2,288.7,12.43,D,0
42.43954,-2.442,330.8,0.58,0.52,2024-04-24,1343,N20,VIIRS,n,2,283.85,2.58,D,0
43.39942,-5.38828,329.45,0.42,0.45,2024-04-24,1343,N20,VIIRS,n,2,281.1,2.17,D,0
43.39794,-5.39114,338.49,0.42,0.45,2024-04-24,1343,N20,VIIRS,n,2,281.38,4.61,D,0
40.24454,-3.47355,308.66,0.4,0.37,2024-04-25,0201,N20,VIIRS,n,2,275.8,1.48,N,2
39.95272,-0.00234,296.56,0.4,0.37,2024-04-25,0201,N20,VIIRS,n,2,283.88,1.17,N,2
37.56657,-0.91734,303.94,0.4,0.37,2024-04-25,0201,N20,VIIRS,n,2,285.48,0.42,N,2
38.37637,-0.54594,299.49,0.4,0.37,2024-04-25,0201,N20,VIIRS,n,2,282.28,1.01,N,2
39.32927,-5.59918,300.8,0.45,0.39,2024-04-25,0201,N20,VIIRS,n,2,280.05,0.74,N,0
39.58617,-3.85618,322.39,0.4,0.37,2024-04-25,0201,N20,VIIRS,n,2,278.95,1.8,N,0
39.53878,-1.1522,316.24,0.39,0.36,2024-04-25,0201,N20,VIIRS,n,2,284.34,1.91,N,0
39.93585,-3.7468,303.83,0.4,0.37,2024-04-25,0201,N20,VIIRS,n,2,278.95,1.65,N,2
37.36015,-5.86446,304.32,0.44,0.38,2024-04-25,0202,N20,VIIRS,n,2,288.51,1.36,N,2
28.03385,-15.4069,297.65,0.71,0.75,2024-04-25,0345,N20,VIIRS,n,2,286.57,1.17,N,0
27.82337,-15.45789,330.31,0.47,0.64,2024-04-25,1320,N20,VIIRS,l,2,302.13,1.2,D,0
27.81407,-15.44577,345.17,0.47,0.64,2024-04-25,1320,N20,VIIRS,n,2,301.32,3.55,D,0
27.81363,-15.44641,338.96,0.47,0.64,2024-04-25,1321,N20,VIIRS,n,2,300.89,2.33,D,0
36.95608,-2.5577,331.58,0.44,0.39,2024-04-25,1322,N20,VIIRS,n,2,301.17,4.85,D,0
38.64948,-5.65599,335.97,0.39,0.36,2024-04-25,1323,N20,VIIRS,n,2,303.52,2.47,D,0
41.31416,1.66229,320.34,0.4,0.37,2024-04-26,0141,N20,VIIRS,n,2,284.8,2.65,N,2
41.47453,-1.48613,300.34,0.5,0.41,2024-04-26,0142,N20,VIIRS,n,2,277.5,1.44,N,2
38.77851,-6.90129,297.55,0.57,0.52,2024-04-26,0142,N20,VIIRS,n,2,279.88,0.92,N,0
40.57734,0.54391,305.6,0.42,0.38,2024-04-26,0142,N20,VIIRS,n,2,282.96,0.75,N,2
38.77794,-6.90068,300.97,0.57,0.52,2024-04-26,0142,N20,VIIRS,n,2,279.63,1,N,0
40.24583,-3.47435,320.84,0.4,0.44,2024-04-26,0142,N20,VIIRS,n,2,284.13,2.5,N,2
39.93855,-3.74396,303.84,0.4,0.45,2024-04-26,0142,N20,VIIRS,n,2,280.61,1.31,N,2
38.68108,-4.05913,303.08,0.41,0.45,2024-04-26,0142,N20,VIIRS,n,2,280.12,0.6,N,0
38.66745,-4.04741,305.3,0.41,0.45,2024-04-26,0142,N20,VIIRS,n,2,278.74,1.83,N,2
37.56904,-0.91764,298.98,0.44,0.38,2024-04-26,0143,N20,VIIRS,n,2,286.96,0.46,N,2
38.16726,-4.81852,297,0.44,0.46,2024-04-26,0143,N20,VIIRS,n,2,281.07,0.34,N,0
43.30669,-3.02559,296.75,0.35,0.57,2024-04-27,0122,N20,VIIRS,n,2,281.39,0.56,N,0
37.56679,-0.91827,297.14,0.73,0.76,2024-04-27,0304,N20,VIIRS,n,2,284.66,0.66,N,2
40.66928,0.78854,336.64,0.39,0.37,2024-04-27,1245,N20,VIIRS,n,2,303.99,6.2,D,0
39.9708,-0.03172,337.83,0.41,0.37,2024-04-27,1245,N20,VIIRS,n,2,303.52,6.38,D,0
41.47499,-1.26493,344.67,0.43,0.38,2024-04-27,1246,N20,VIIRS,n,2,297.65,4.68,D,0
43.03985,-2.21713,303.31,0.56,0.69,2024-04-28,0103,N20,VIIRS,n,2,277.34,1.98,N,2
38.66864,-4.05203,339.85,0.66,0.73,2024-04-28,0104,N20,VIIRS,n,2,276.96,4.32,N,2
38.66743,-4.05375,336.58,0.66,0.73,2024-04-28,0104,N20,VIIRS,n,2,274.42,6.37,N,2
38.66877,-4.06004,295.71,0.66,0.73,2024-04-28,0104,N20,VIIRS,n,2,272.9,4.32,N,0
41.31599,1.66178,306.46,0.34,0.56,2024-04-28,0104,N20,VIIRS,n,2,281.93,0.58,N,2
40.24666,-3.47431,309.2,0.63,0.72,2024-04-28,0104,N20,VIIRS,n,2,278.69,2.48,N,2
43.54218,-5.83324,297.22,0.52,0.41,2024-04-28,0244,N20,VIIRS,n,2,280.17,0.9,N,2
43.52842,-5.73048,310.05,0.52,0.42,2024-04-28,0244,N20,VIIRS,n,2,272.62,1.19,N,2
43.52472,-5.73196,301.08,0.52,0.42,2024-04-28,0244,N20,VIIRS,n,2,271.56,1.19,N,2
38.66391,-4.05469,328.91,0.53,0.5,2024-04-28,0245,N20,VIIRS,n,2,276.25,3.02,N,0
37.36007,-5.86499,299.37,0.46,0.47,2024-04-28,0245,N20,VIIRS,n,2,283.25,0.77,N,2
38.57021,-5.35335,298,0.46,0.47,2024-04-28,0245,N20,VIIRS,n,2,275.88,1.79,N,0
38.667,-4.04718,344.64,0.53,0.5,2024-04-28,0245,N20,VIIRS,n,2,278.8,10.09,N,2
38.66338,-4.05308,317.07,0.53,0.5,2024-04-28,0245,N20,VIIRS,n,2,274.83,5.15,N,0
38.66643,-4.0456,341.94,0.53,0.5,2024-04-28,0245,N20,VIIRS,n,2,278.55,5.15,N,0
38.66785,-4.05145,323.35,0.53,0.5,2024-04-28,0245,N20,VIIRS,n,2,278.35,5.15,N,2
39.93531,-3.74469,295.98,0.51,0.5,2024-04-28,0245,N20,VIIRS,n,2,278.27,1.09,N,2
39.93663,-3.7439,298.05,0.51,0.5,2024-04-28,0245,N20,VIIRS,n,2,278.85,1.12,N,2
40.24635,-3.47554,311.47,0.52,0.5,2024-04-28,0245,N20,VIIRS,n,2,278.93,2.46,N,2
36.55819,-6.09213,340.66,0.53,0.67,2024-04-28,1226,N20,VIIRS,n,2,292.75,2.56,D,0
43.53897,-5.83119,325.33,0.33,0.55,2024-04-28,1228,N20,VIIRS,n,2,290.2,3.09,D,2
43.53048,-5.72893,297.56,0.39,0.36,2024-04-29,0225,N20,VIIRS,n,2,279.88,0.62,N,2
43.54447,-5.83399,295.64,0.39,0.36,2024-04-29,0225,N20,VIIRS,n,2,280.13,1.49,N,2
43.52721,-5.72995,311.64,0.39,0.36,2024-04-29,0225,N20,VIIRS,n,2,283.09,1.67,N,2
43.54042,-5.8303,323.76,0.39,0.36,2024-04-29,0225,N20,VIIRS,n,2,282.04,1.49,N,2
43.5549,-5.85553,295.39,0.39,0.36,2024-04-29,0225,N20,VIIRS,n,2,280.08,0.74,N,0
43.55241,-5.86128,300.85,0.39,0.36,2024-04-29,0225,N20,VIIRS,n,2,279.19,0.74,N,2
43.2245,-2.88015,297.94,0.45,0.39,2024-04-29,0225,N20,VIIRS,n,2,280.13,0.76,N,2
43.34706,-8.4361,308.6,0.39,0.37,2024-04-29,0225,N20,VIIRS,n,2,280.15,1.19,N,2
43.33308,-8.49746,296.04,0.4,0.37,2024-04-29,0225,N20,VIIRS,n,2,282.98,0.66,N,0
40.24569,-3.47587,320.49,0.47,0.4,2024-04-29,0226,N20,VIIRS,n,2,280.79,1.79,N,2
37.35953,-5.86728,297.29,0.43,0.38,2024-04-29,0227,N20,VIIRS,n,2,280.47,0.97,N,2
43.52478,-5.73401,328.51,0.48,0.48,2024-04-29,1349,N20,VIIRS,n,2,295.64,4.34,D,2
43.52511,-5.72841,295.27,0.44,0.38,2024-04-30,0206,N20,VIIRS,n,2,281.11,0.72,N,2
43.4119,-3.84189,308.94,0.4,0.37,2024-04-30,0206,N20,VIIRS,n,2,281.27,1.14,N,0
43.54148,-5.83109,336.39,0.44,0.39,2024-04-30,0206,N20,VIIRS,n,2,285.49,11.97,N,2
43.52929,-5.73293,295.64,0.44,0.38,2024-04-30,0206,N20,VIIRS,n,2,279.53,1.01,N,2
43.52863,-5.7276,299.16,0.44,0.38,2024-04-30,0206,N20,VIIRS,n,2,282.84,0.72,N,2
43.53796,-5.83193,307.38,0.44,0.39,2024-04-30,0206,N20,VIIRS,n,2,279.84,11.97,N,2
41.47487,-1.48649,301.86,0.39,0.36,2024-04-30,0207,N20,VIIRS,n,2,279.83,1.09,N,2
39.9368,-3.7455,310.33,0.39,0.36,2024-04-30,0207,N20,VIIRS,n,2,282.31,1.13,N,2
40.24603,-3.47267,326.4,0.38,0.36,2024-04-30,0207,N20,VIIRS,n,2,282.12,2.4,N,2
40.57812,0.54023,299.84,0.44,0.39,2024-04-30,0207,N20,VIIRS,n,2,282.19,0.82,N,2
37.05615,-3.71331,295.16,0.39,0.36,2024-04-30,0208,N20,VIIRS,n,2,277.66,0.68,N,0
37.3618,-5.86649,299.7,0.4,0.37,2024-04-30,0208,N20,VIIRS,n,2,282.76,1.09,N,2
37.18196,-6.89522,295.78,0.42,0.38,2024-04-30,0208,N20,VIIRS,n,2,285.65,0.78,N,0
36.18259,-5.39773,299.34,0.39,0.36,2024-04-30,0208,N20,VIIRS,n,2,288.91,1.32,N,0
42.34982,-1.71561,337.27,0.65,0.73,2024-04-30,1150,N20,VIIRS,n,2,294.24,6.85,D,0
42.23088,-1.68537,356.21,0.43,0.46,2024-04-30,1330,N20,VIIRS,l,2,299.37,18.28,D,0
42.2351,-1.68602,349.64,0.43,0.46,2024-04-30,1330,N20,VIIRS,n,2,303.55,10.04,D,0
43.54065,-5.82893,336.67,0.47,0.48,2024-05-01,0147,N20,VIIRS,n,2,281.97,4.19,N,2
43.54651,-5.84608,299.91,0.47,0.48,2024-05-01,0147,N20,VIIRS,n,2,278.06,1.55,N,2
43.52815,-5.73123,318.06,0.46,0.47,2024-05-01,0147,N20,VIIRS,n,2,280.08,3.29,N,2
43.54114,-5.83491,299.2,0.47,0.48,2024-05-01,0147,N20,VIIRS,n,2,278.19,4.19,N,2
41.31326,1.66447,307.7,0.38,0.36,2024-05-01,0148,N20,VIIRS,n,2,282.46,0.73,N,2
41.40779,2.00062,308.43,0.38,0.36,2024-05-01,0148,N20,VIIRS,n,2,278.18,0.85,N,2
40.24387,-3.47233,301.77,0.5,0.41,2024-05-01,0148,N20,VIIRS,n,2,268.59,0.86,N,2
40.57548,0.5416,306.84,0.39,0.36,2024-05-01,0148,N20,VIIRS,n,2,284.73,0.74,N,2
41.17616,1.22178,297.21,0.39,0.36,2024-05-01,0148,N20,VIIRS,n,2,287.08,1.16,N,0
39.93601,-3.74195,302.22,0.51,0.41,2024-05-01,0148,N20,VIIRS,n,2,281.59,0.85,N,2
37.56835,-0.91805,328.55,0.4,0.37,2024-05-01,0149,N20,VIIRS,n,2,284.05,2.64,N,2
43.54724,-5.84469,296.1,0.56,0.69,2024-05-01,0327,N20,VIIRS,n,2,273.24,0.87,N,0
43.54327,-5.83228,301.07,0.56,0.69,2024-05-01,0327,N20,VIIRS,n,2,276.29,1.95,N,2
43.54202,-5.83478,297.69,0.56,0.69,2024-05-01,0327,N20,VIIRS,n,2,275.48,1.45,N,2
36.78207,-2.74505,337.34,0.38,0.36,2024-05-01,1310,N20,VIIRS,n,2,299.66,2.2,D,0
36.18711,-5.42088,326.77,0.43,0.38,2024-05-01,1310,N20,VIIRS,n,2,296.02,1.6,D,0
42.44374,-4.71707,330.79,0.38,0.36,2024-05-01,1311,N20,VIIRS,n,2,288.53,1.94,D,0
43.44173,-3.84188,333.3,0.39,0.36,2024-05-01,1312,N20,VIIRS,n,2,299.16,3,D,2
43.52962,-5.73267,299.14,0.4,0.6,2024-05-02,0128,N20,VIIRS,n,2,278.42,1.37,N,2
43.54532,-5.84384,324.42,0.41,0.6,2024-05-02,0128,N20,VIIRS,n,2,279.49,2.95,N,2
43.5393,-5.83385,319.53,0.41,0.6,2024-05-02,0128,N20,VIIRS,n,2,276.56,1.99,N,2
43.53909,-5.82858,305.3,0.41,0.6,2024-05-02,0128,N20,VIIRS,n,2,277.99,1.99,N,2
43.52943,-5.72793,300.37,0.4,0.6,2024-05-02,0128,N20,VIIRS,n,2,281.11,1.37,N,2
43.52406,-5.73342,329.7,0.4,0.6,2024-05-02,0128,N20,VIIRS,n,2,278.18,1.37,N,2
43.41188,-3.84141,309.48,0.32,0.55,2024-05-02,0128,N20,VIIRS,n,2,278.5,1.19,N,0
42.39583,-2.53,319.44,0.54,0.51,2024-05-02,0128,N20,VIIRS,n,2,275.89,1.9,N,0
41.47772,-1.4872,297.46,0.47,0.48,2024-05-02,0129,N20,VIIRS,n,2,277.04,1.08,N,2
40.57597,0.54075,297.19,0.55,0.42,2024-05-02,0129,N20,VIIRS,n,2,280.99,0.91,N,2
40.57581,0.54087,298.67,0.55,0.43,2024-05-02,0129,N20,VIIRS,n,2,281.05,1.04,N,2
40.2468,-3.47195,299.82,0.58,0.52,2024-05-02,0129,N20,VIIRS,n,2,277.8,1.02,N,2
37.56992,-0.91988,321.25,0.4,0.44,2024-05-02,0130,N20,VIIRS,n,2,283.58,1.74,N,2
37.56943,-0.91511,311.66,0.4,0.44,2024-05-02,0130,N20,VIIRS,n,2,284.51,1.3,N,2
37.36125,-5.86381,295.75,0.5,0.65,2024-05-02,0310,N20,VIIRS,n,2,280.56,0.73,N,2
38.66362,-4.05016,329.28,0.53,0.42,2024-05-02,1251,N20,VIIRS,n,2,297.57,5.87,D,2
41.3125,1.66331,330.28,0.39,0.36,2024-05-02,1252,N20,VIIRS,n,2,302.31,3.29,D,2
41.30059,2.01121,329.63,0.39,0.36,2024-05-02,1252,N20,VIIRS,l,2,303.95,2.34,D,0
40.2472,-3.47708,302.56,0.52,0.67,2024-05-03,0110,N20,VIIRS,n,2,277.36,1.3,N,2
40.24621,-3.4759,309.99,0.52,0.67,2024-05-03,0110,N20,VIIRS,n,2,278.66,1.8,N,2
40.57616,0.54243,295.66,0.64,0.54,2024-05-03,0110,N20,VIIRS,n,2,282.17,0.89,N,2
41.47943,-1.48727,300.45,0.41,0.61,2024-05-03,0110,N20,VIIRS,n,2,277.57,0.29,N,0
41.31235,1.66257,301.48,0.56,0.52,2024-05-03,0110,N20,VIIRS,n,2,280.53,1.61,N,2
38.37578,-0.54534,295.56,0.35,0.56,2024-05-03,0111,N20,VIIRS,n,2,283.07,0.6,N,2
41.31602,1.6606,305.47,0.52,0.67,2024-05-03,0250,N20,VIIRS,n,2,278.88,1.91,N,2
41.40707,1.99872,298.88,0.54,0.68,2024-05-03,0250,N20,VIIRS,n,2,279.74,0.83,N,2
38.52423,-7.22892,297.24,0.44,0.46,2024-05-03,0251,N20,VIIRS,n,2,277.27,0.52,N,0
37.56503,-0.91544,295.79,0.5,0.66,2024-05-03,0251,N20,VIIRS,n,2,283.22,0.98,N,2
39.9379,-3.74622,295.46,0.62,0.54,2024-05-03,0251,N20,VIIRS,n,2,277.43,0.96,N,2
40.24197,-3.47187,301.08,0.63,0.54,2024-05-03,0251,N20,VIIRS,n,2,276.94,2.27,N,2
40.24537,-3.47765,296.17,0.63,0.54,2024-05-03,0251,N20,VIIRS,n,2,276.73,1.31,N,2
41.48085,-1.26656,340.03,0.57,0.43,2024-05-03,1233,N20,VIIRS,n,2,294.32,7.89,D,0
41.477,-1.26508,327.32,0.57,0.43,2024-05-03,1233,N20,VIIRS,n,2,295.71,3.41,D,0
36.39525,-5.34105,335.13,0.48,0.64,2024-05-03,1413,N20,VIIRS,n,2,299.77,3.93,D,0
40.24367,-3.47219,308.12,0.55,0.43,2024-05-04,0232,N20,VIIRS,n,2,278.13,1.34,N,2
39.93505,-3.74279,302.21,0.54,0.42,2024-05-04,0232,N20,VIIRS,n,2,280.06,1.32,N,2
37.35956,-5.8633,304.15,0.49,0.4,2024-05-04,0233,N20,VIIRS,n,2,285.99,0.64,N,0
37.29176,-6.70628,300.64,0.45,0.39,2024-05-04,0233,N20,VIIRS,n,2,283.44,9.32,N,0
37.28921,-6.71232,296.59,0.45,0.39,2024-05-04,0233,N20,VIIRS,n,2,283.03,9.32,N,0
37.28825,-6.7073,323.18,0.45,0.39,2024-05-04,0233,N20,VIIRS,n,2,290.92,9.32,N,0
36.49596,-5.79762,335.6,0.76,0.77,2024-05-04,1213,N20,VIIRS,n,2,300.34,6.43,D,0
36.33846,-5.84068,338.26,0.77,0.77,2024-05-04,1213,N20,VIIRS,n,2,299.22,9.93,D,0
36.34048,-5.83963,340.98,0.77,0.77,2024-05-04,1213,N20,VIIRS,n,2,299.75,7.91,D,0
40.49516,-3.56564,325.12,0.45,0.63,2024-05-04,1214,N20,VIIRS,n,2,293.5,2,D,0
38.59509,-3.08266,332.41,0.48,0.65,2024-05-04,1214,N20,VIIRS,n,2,301.56,5.04,D,0
39.54295,-0.5352,367,0.33,0.56,2024-05-04,1214,N20,VIIRS,h,2,299.92,27.38,D,0
39.53968,-0.53924,367,0.5,0.66,2024-05-04,1354,N20,VIIRS,h,2,307.03,30.71,D,0
39.48215,-0.41534,350.57,0.51,0.66,2024-05-04,1354,N20,VIIRS,n,2,299.9,5.25,D,0
39.48236,-0.41479,350.66,0.51,0.66,2024-05-04,1354,N20,VIIRS,n,2,299.94,5.48,D,0
39.78664,-3.15248,332.64,0.37,0.58,2024-05-04,1354,N20,VIIRS,n,2,299.29,1.18,D,0
39.5456,-0.54532,353.2,0.5,0.66,2024-05-04,1354,N20,VIIRS,n,2,298.03,23.18,D,0
39.546,-0.5333,351.91,0.5,0.66,2024-05-04,1354,N20,VIIRS,n,2,302.97,31.03,D,0
39.5458,-0.53925,367,0.5,0.66,2024-05-04,1354,N20,VIIRS,h,2,297.87,31.03,D,0
39.54619,-0.52749,367,0.5,0.66,2024-05-04,1354,N20,VIIRS,h,2,300.12,33.06,D,0
39.53948,-0.54544,348.13,0.5,0.66,2024-05-04,1354,N20,VIIRS,n,2,302.87,35.3,D,0
39.53988,-0.53313,367,0.5,0.66,2024-05-04,1354,N20,VIIRS,h,2,303.19,30.71,D,0
40.24426,-3.47181,329.42,0.35,0.57,2024-05-04,1355,N20,VIIRS,n,2,298.49,2.21,D,2
41.40513,2.00109,303.01,0.56,0.43,2024-05-05,0213,N20,VIIRS,n,2,284.89,1.33,N,2
40.57727,0.54186,299.02,0.5,0.41,2024-05-05,0213,N20,VIIRS,n,2,284.04,0.91,N,2
40.24651,-3.47572,310.63,0.39,0.36,2024-05-05,0213,N20,VIIRS,n,2,285.46,1.2,N,2
40.24575,-3.4712,304.08,0.39,0.36,2024-05-05,0213,N20,VIIRS,n,2,286.2,1.1,N,2
41.45562,1.978,299.45,0.56,0.43,2024-05-05,0213,N20,VIIRS,n,2,284.24,0.67,N,2
37.56683,-0.91722,306.27,0.49,0.41,2024-05-05,0214,N20,VIIRS,n,2,286.79,0.48,N,2
37.35981,-5.86487,308.69,0.38,0.36,2024-05-05,0214,N20,VIIRS,n,2,288.68,1.1,N,2
38.66485,-4.04542,308.1,0.39,0.36,2024-05-05,0214,N20,VIIRS,n,2,282.07,0.69,N,2
37.56874,-0.91605,298.82,0.49,0.4,2024-05-05,0214,N20,VIIRS,n,2,287.42,0.48,N,2
36.96656,-1.90719,300.85,0.46,0.39,2024-05-05,0214,N20,VIIRS,n,2,287.85,0.66,N,2
43.34607,-8.43412,332.98,0.42,0.38,2024-05-05,1337,N20,VIIRS,n,2,297.59,3.43,D,2
43.56186,-5.72478,297.23,0.39,0.44,2024-05-06,0153,N20,VIIRS,n,2,281.89,0.5,N,0
43.55381,-5.85589,296.94,0.4,0.44,2024-05-06,0153,N20,VIIRS,n,2,281.7,0.52,N,0
43.54334,-5.83247,302.08,0.4,0.44,2024-05-06,0153,N20,VIIRS,n,2,282.43,2.11,N,2
43.52555,-5.73144,311.54,0.39,0.44,2024-05-06,0153,N20,VIIRS,n,2,283.25,1.9,N,2
43.52913,-5.72589,296.83,0.39,0.44,2024-05-06,0153,N20,VIIRS,n,2,282.95,0.93,N,2
43.52958,-5.7307,303.52,0.39,0.44,2024-05-06,0153,N20,VIIRS,n,2,281.05,0.93,N,2
43.53881,-5.82817,301.82,0.4,0.44,2024-05-06,0153,N20,VIIRS,n,2,280.9,2.69,N,2
43.53928,-5.83318,336.89,0.4,0.44,2024-05-06,0153,N20,VIIRS,n,2,280.59,2.11,N,2
39.93843,-3.74542,309.25,0.45,0.39,2024-05-06,0154,N20,VIIRS,n,2,285.49,1.16,N,2
41.47553,2.18318,296.91,0.4,0.37,2024-05-06,0154,N20,VIIRS,n,2,286.15,0.5,N,0
41.45641,1.97904,300.8,0.39,0.37,2024-05-06,0154,N20,VIIRS,n,2,284.78,0.8,N,2
41.40797,1.99864,310.01,0.39,0.37,2024-05-06,0154,N20,VIIRS,n,2,285.9,1.24,N,2
41.3138,1.66237,321.03,0.39,0.36,2024-05-06,0154,N20,VIIRS,n,2,288.48,2.15,N,2
41.47718,-1.4855,298.58,0.4,0.37,2024-05-06,0154,N20,VIIRS,n,2,284.13,0.58,N,2
41.47383,-1.48626,299.64,0.4,0.37,2024-05-06,0154,N20,VIIRS,n,2,284.15,0.58,N,2
37.86686,-0.83519,313.4,0.38,0.36,2024-05-06,0155,N20,VIIRS,n,2,249.75,0.89,N,0
38.37744,-0.54524,304.29,0.38,0.36,2024-05-06,0155,N20,VIIRS,n,2,286.67,0.52,N,2
36.39819,-5.34299,335.99,0.39,0.36,2024-05-06,1316,N20,VIIRS,n,2,303.97,3.31,D,0
43.35427,-8.45524,303.23,0.46,0.64,2024-05-07,0134,N20,VIIRS,n,2,281.27,1.09,N,0
43.53959,-5.8287,315.81,0.34,0.56,2024-05-07,0134,N20,VIIRS,n,2,282.5,1.8,N,2
43.53983,-5.83315,318.52,0.34,0.56,2024-05-07,0134,N20,VIIRS,n,2,282.14,1.8,N,2
43.35604,-8.45133,303.05,0.46,0.64,2024-05-07,0135,N20,VIIRS,n,2,282.16,1.64,N,0
40.2447,-3.47639,319.54,0.48,0.48,2024-05-07,0135,N20,VIIRS,n,2,282.77,3.34,N,2
39.93839,-3.74348,300.34,0.49,0.48,2024-05-07,0135,N20,VIIRS,n,2,280.84,1.12,N,2
41.47517,-1.4873,303.05,0.39,0.44,2024-05-07,0135,N20,VIIRS,n,2,281.36,1.1,N,2
38.66588,-4.05002,297.04,0.49,0.49,2024-05-07,0136,N20,VIIRS,n,2,280.89,0.67,N,2
37.56948,-0.91567,300.04,0.5,0.41,2024-05-07,0136,N20,VIIRS,n,2,288.06,1.05,N,2
37.36002,-6.67397,300.6,0.33,0.55,2024-05-07,0136,N20,VIIRS,n,2,284.85,0.58,N,0
38.6771,-4.04784,299.89,0.49,0.49,2024-05-07,0136,N20,VIIRS,n,2,283.46,1.18,N,0
38.6748,-4.04843,298.28,0.49,0.49,2024-05-07,0136,N20,VIIRS,n,2,283.99,1.63,N,0
40.24739,-3.47504,307.19,0.65,0.73,2024-05-07,0315,N20,VIIRS,n,2,279.24,1.91,N,2
40.24559,-3.4747,307.92,0.65,0.73,2024-05-07,0315,N20,VIIRS,n,2,279.88,1.9,N,2
38.67341,-4.04735,303.64,0.68,0.74,2024-05-07,0316,N20,VIIRS,n,2,281.31,1.39,N,0
28.61673,-17.86963,305.12,0.42,0.45,2024-05-07,0320,N20,VIIRS,n,2,294.73,1.72,N,2
38.67304,-4.04958,335.43,0.46,0.39,2024-05-07,1257,N20,VIIRS,n,2,300.68,5.28,D,0
37.37391,-5.89509,339.53,0.57,0.43,2024-05-07,1257,N20,VIIRS,l,2,313.07,8.45,D,0
39.19225,-0.3099,333.42,0.38,0.36,2024-05-07,1257,N20,VIIRS,n,2,301.77,2.46,D,0
38.91129,-4.56022,333.47,0.47,0.4,2024-05-07,1258,N20,VIIRS,n,2,296.85,3.51,D,0
43.52215,-5.73127,327.36,0.45,0.39,2024-05-07,1259,N20,VIIRS,l,2,298.84,2.61,D,2
43.5251,-5.73093,296.48,0.58,0.7,2024-05-08,0115,N20,VIIRS,n,2,268.19,0.76,N,2
41.45585,1.98038,297.33,0.45,0.47,2024-05-08,0116,N20,VIIRS,n,2,283.46,0.55,N,2
41.47593,-1.48896,297.09,0.34,0.56,2024-05-08,0116,N20,VIIRS,n,2,282.29,0.85,N,2
41.31459,1.66204,299.01,0.47,0.48,2024-05-08,0116,N20,VIIRS,n,2,284.1,1.06,N,2
38.67545,-4.0506,345.62,0.45,0.63,2024-05-08,0117,N20,VIIRS,n,2,265.85,6.08,N,0
38.67495,-4.04987,337.86,0.45,0.63,2024-05-08,0117,N20,VIIRS,n,2,265.86,7,N,0
36.96766,-1.90585,297.84,0.33,0.55,2024-05-08,0117,N20,VIIRS,n,2,280.34,0.46,N,2
38.18604,-1.54077,312.15,0.32,0.55,2024-05-08,0117,N20,VIIRS,n,2,279.43,0.79,N,0
41.31414,1.65873,295.51,0.62,0.72,2024-05-08,0256,N20,VIIRS,n,2,280.24,1.21,N,2
43.5411,-5.83445,303.31,0.47,0.48,2024-05-08,0256,N20,VIIRS,n,2,276.48,1.64,N,2
43.5249,-5.72903,299.06,0.48,0.48,2024-05-08,0256,N20,VIIRS,n,2,274.1,1.17,N,2
41.40545,1.99804,296.51,0.64,0.72,2024-05-08,0256,N20,VIIRS,n,2,281.05,0.83,N,2
41.31363,1.65985,304.23,0.62,0.72,2024-05-08,0256,N20,VIIRS,n,2,281.43,1.61,N,2
40.24777,-3.47469,295.14,0.38,0.58,2024-05-08,0257,N20,VIIRS,n,2,270.15,1.18,N,2
38.18307,-1.54249,299.81,0.54,0.68,2024-05-08,0257,N20,VIIRS,n,2,273.67,1.09,N,0
37.362,-5.86272,296.64,0.34,0.56,2024-05-08,0258,N20,VIIRS,n,2,282.22,0.37,N,2
28.13758,-15.68272,300.84,0.47,0.4,2024-05-08,0301,N20,VIIRS,n,2,287.39,0.47,N,0
37.46636,-6.06702,336.28,0.34,0.56,2024-05-08,1238,N20,VIIRS,n,2,304.09,2.5,D,0
40.245,-3.4734,332.37,0.43,0.46,2024-05-08,1239,N20,VIIRS,n,2,299.05,3.98,D,2
39.36039,-3.40788,334.2,0.45,0.47,2024-05-08,1239,N20,VIIRS,n,2,306.35,2.66,D,0
41.45574,1.97872,330.49,0.4,0.37,2024-05-08,1239,N20,VIIRS,l,2,303.02,1.93,D,2
39.05731,-0.44026,335.55,0.5,0.41,2024-05-08,1239,N20,VIIRS,l,2,308.84,4.44,D,0
39.28292,-3.47243,332.28,0.45,0.47,2024-05-08,1239,N20,VIIRS,n,2,295.57,4.17,D,0
43.53915,-5.83252,339.85,0.47,0.48,2024-05-08,1240,N20,VIIRS,n,2,295.43,8.03,D,2
40.24824,-3.48166,298.8,0.77,0.77,2024-05-09,0057,N20,VIIRS,n,2,280.87,1.88,N,2
41.31606,1.66151,307.48,0.42,0.61,2024-05-09,0057,N20,VIIRS,n,2,284.39,1.03,N,2
40.24612,-3.47681,310.51,0.77,0.77,2024-05-09,0057,N20,VIIRS,n,2,283.51,3.05,N,2
37.57022,-0.92144,296.16,0.54,0.68,2024-05-09,0058,N20,VIIRS,n,2,285.97,0.42,N,0
41.31495,1.66306,314.3,0.37,0.58,2024-05-09,0237,N20,VIIRS,n,2,285.41,1.52,N,2
41.19266,1.21944,300.52,0.35,0.57,2024-05-09,0237,N20,VIIRS,n,2,283.01,0.59,N,0
41.17559,1.2206,299.47,0.35,0.57,2024-05-09,0237,N20,VIIRS,n,2,288.36,0.89,N,0
43.52667,-5.72978,301.72,0.46,0.39,2024-05-09,0237,N20,VIIRS,n,2,279.31,1.06,N,2
43.52318,-5.73107,297.79,0.46,0.39,2024-05-09,0237,N20,VIIRS,n,2,276.52,0.83,N,2
41.40487,1.99956,295.39,0.38,0.59,2024-05-09,0237,N20,VIIRS,n,2,284.84,0.74,N,2
41.40853,1.99884,303.06,0.38,0.59,2024-05-09,0237,N20,VIIRS,n,2,284.48,0.69,N,2
40.24548,-3.47208,319.17,0.43,0.46,2024-05-09,0238,N20,VIIRS,n,2,286.68,1.75,N,2
39.93592,-3.74493,303.72,0.43,0.46,2024-05-09,0238,N20,VIIRS,n,2,283.68,1.17,N,2
38.66899,-4.05147,295.44,0.44,0.46,2024-05-09,0238,N20,VIIRS,n,2,280.08,1.43,N,2
39.9367,-3.74265,300.82,0.43,0.46,2024-05-09,0238,N20,VIIRS,n,2,283.7,1.41,N,2
37.36094,-5.86293,300.56,0.57,0.43,2024-05-09,0239,N20,VIIRS,n,2,285.81,0.81,N,2
39.99155,-4.52791,344.01,0.43,0.62,2024-05-09,1220,N20,VIIRS,n,2,286.55,4.46,D,0
39.6351,-0.57055,341.3,0.55,0.51,2024-05-09,1220,N20,VIIRS,n,2,307.03,5.35,D,0
39.98865,-4.5294,336.41,0.43,0.62,2024-05-09,1220,N20,VIIRS,n,2,287.03,3.07,D,0
39.98901,-4.53207,338.9,0.38,0.58,2024-05-09,1401,N20,VIIRS,n,2,307.69,5.09,D,0
43.52684,-5.73185,324.3,0.39,0.36,2024-05-10,0218,N20,VIIRS,n,2,279.57,1.5,N,2
43.22626,-2.87821,298,0.41,0.37,2024-05-10,0218,N20,VIIRS,n,2,281.52,0.75,N,2
43.52357,-5.7328,302.19,0.39,0.36,2024-05-10,0218,N20,VIIRS,n,2,278.97,1.5,N,2
43.53857,-5.83183,316.33,0.39,0.36,2024-05-10,0218,N20,VIIRS,n,2,273.3,1.33,N,2
43.52613,-5.72714,296.83,0.39,0.36,2024-05-10,0218,N20,VIIRS,n,2,278.87,0.67,N,2
43.54184,-5.8309,301.12,0.39,0.36,2024-05-10,0218,N20,VIIRS,n,2,274.33,1.33,N,2
39.93658,-3.74556,311.45,0.42,0.37,2024-05-10,0219,N20,VIIRS,n,2,287.24,1.82,N,2
41.31184,1.66016,314.35,0.43,0.46,2024-05-10,0219,N20,VIIRS,n,2,285.25,1.94,N,2
39.95188,-0.00456,298.45,0.38,0.43,2024-05-10,0219,N20,VIIRS,n,2,286.28,2.15,N,2
40.24557,-3.4728,314.29,0.42,0.38,2024-05-10,0219,N20,VIIRS,n,2,277.62,1.91,N,2
39.9364,-3.74317,311.44,0.42,0.37,2024-05-10,0219,N20,VIIRS,n,2,288,1.58,N,2
41.92487,0.18102,306.71,0.54,0.42,2024-05-10,0219,N20,VIIRS,n,2,272.95,1.67,N,2
42.9684,-5.8513,323.67,0.39,0.36,2024-05-10,0219,N20,VIIRS,n,2,269.73,2.56,N,0
41.45336,1.97951,300.68,0.44,0.46,2024-05-10,0219,N20,VIIRS,n,2,286.24,0.83,N,2
41.40894,1.99779,300.02,0.44,0.46,2024-05-10,0219,N20,VIIRS,n,2,284.14,0.52,N,2
38.89399,-6.49186,303.11,0.38,0.36,2024-05-10,0220,N20,VIIRS,n,2,288.86,0.75,N,0
39.69946,-3.07614,332.4,0.64,0.72,2024-05-10,1201,N20,VIIRS,n,2,304.26,2.67,D,0
40.02876,-0.15392,367,0.45,0.63,2024-05-10,1201,N20,VIIRS,h,2,292.7,13.55,D,0
39.20501,-0.28455,335.73,0.48,0.65,2024-05-10,1201,N20,VIIRS,n,2,293.31,5.22,D,0
38.27027,-0.62531,333.47,0.33,0.55,2024-05-10,1341,N20,VIIRS,n,2,302.03,1.12,D,0
39.36389,-5.72902,332.33,0.54,0.42,2024-05-10,1342,N20,VIIRS,n,2,304.41,3.16,D,0
39.36409,-5.73062,334.87,0.54,0.42,2024-05-10,1342,N20,VIIRS,n,2,304.7,3.76,D,0
41.94054,-7.56005,331.87,0.49,0.4,2024-05-10,1342,N20,VIIRS,n,2,297.05,2.57,D,0
39.44639,-2.77649,344.21,0.51,0.49,2024-05-10,1342,N20,VIIRS,n,2,308.24,6.27,D,0
42.35378,-2.78886,330.48,0.55,0.51,2024-05-10,1342,N20,VIIRS,l,2,303.63,2.12,D,0
42.97202,-5.85079,342.32,0.39,0.44,2024-05-10,1343,N20,VIIRS,n,2,303.29,18.32,D,0
43.38026,-4.61162,339.46,0.45,0.47,2024-05-10,1343,N20,VIIRS,n,2,299.51,4.76,D,0
43.16795,-2.56604,331.96,0.57,0.52,2024-05-10,1343,N20,VIIRS,n,2,297.99,2.98,D,0
41.40805,1.9984,304.24,0.43,0.38,2024-05-11,0200,N20,VIIRS,n,2,285.73,1.07,N,2
42.71803,-6.93253,310.99,0.55,0.43,2024-05-11,0200,N20,VIIRS,n,2,282.22,6.52,N,0
43.32973,-3.11594,296.32,0.41,0.37,2024-05-11,0200,N20,VIIRS,n,2,284.72,0.87,N,0
43.32766,-3.10053,295.61,0.41,0.37,2024-05-11,0200,N20,VIIRS,n,2,283.33,0.76,N,0
43.40987,-3.8398,298.63,0.43,0.38,2024-05-11,0200,N20,VIIRS,n,2,259.73,1.34,N,0
43.27618,-2.84881,295.15,0.41,0.37,2024-05-11,0200,N20,VIIRS,n,2,284.82,0.39,N,0
43.55491,-5.85913,302.52,0.51,0.41,2024-05-11,0200,N20,VIIRS,n,2,286.12,1.14,N,2
43.52544,-5.7305,298.72,0.5,0.41,2024-05-11,0200,N20,VIIRS,n,2,285.86,0.82,N,2
42.72118,-6.93194,343.57,0.55,0.43,2024-05-11,0200,N20,VIIRS,n,2,285.33,16.01,N,0
43.54459,-5.83527,299.36,0.51,0.41,2024-05-11,0200,N20,VIIRS,n,2,285.3,0.7,N,2
41.4568,1.97908,305.86,0.43,0.38,2024-05-11,0200,N20,VIIRS,n,2,285.92,0.98,N,2
43.5292,-5.72976,300.81,0.5,0.41,2024-05-11,0200,N20,VIIRS,n,2,286.18,0.82,N,2
43.54013,-5.82967,343.95,0.51,0.41,2024-05-11,0200,N20,VIIRS,n,2,287.12,7.04,N,2
42.72192,-6.93152,343.35,0.55,0.43,2024-05-11,0200,N20,VIIRS,n,2,285.12,6.52,N,0
39.6651,-0.24827,307.6,0.39,0.36,2024-05-11,0200,N20,VIIRS,n,2,284.96,1.03,N,2
40.24386,-3.47181,315.14,0.4,0.37,2024-05-11,0200,N20,VIIRS,n,2,289.01,1.55,N,2
40.24452,-3.47649,308.51,0.4,0.37,2024-05-11,0200,N20,VIIRS,n,2,286.92,1.55,N,2
41.47646,-1.48778,310.04,0.38,0.36,2024-05-11,0200,N20,VIIRS,n,2,283.67,0.72,N,2
41.6473,-0.768,299.6,0.38,0.36,2024-05-11,0200,N20,VIIRS,n,2,284.79,0.5,N,0
41.31305,1.66102,321.4,0.42,0.38,2024-05-11,0200,N20,VIIRS,n,2,287.85,1.91,N,2
42.81366,-1.74264,295.81,0.39,0.36,2024-05-11,0200,N20,VIIRS,n,2,284.47,0.52,N,2
41.52834,1.8065,302.06,0.42,0.38,2024-05-11,0200,N20,VIIRS,n,2,284.32,0.74,N,2
38.89045,-0.50434,296.1,0.39,0.37,2024-05-11,0201,N20,VIIRS,n,2,278.97,0.35,N,0
39.93546,-3.74468,310.76,0.4,0.37,2024-05-11,0201,N20,VIIRS,n,2,288.86,1.42,N,2
37.3617,-5.86304,302.62,0.44,0.38,2024-05-11,0201,N20,VIIRS,n,2,287.88,0.59,N,2
40.98433,-0.11418,331.43,0.71,0.75,2024-05-11,1143,N20,VIIRS,n,2,298.5,16.4,D,0
40.98707,-0.10588,367,0.71,0.75,2024-05-11,1143,N20,VIIRS,h,2,299.18,22.76,D,0
40.98634,-0.11224,354.52,0.71,0.75,2024-05-11,1143,N20,VIIRS,n,2,300.67,14.46,D,0
40.98911,-0.10398,333.68,0.71,0.75,2024-05-11,1143,N20,VIIRS,n,2,297.93,14.46,D,0
39.13332,-0.47286,338.1,0.57,0.43,2024-05-11,1322,N20,VIIRS,n,2,297.31,7.07,D,0
36.84795,-4.097,335.44,0.4,0.37,2024-05-11,1322,N20,VIIRS,n,2,306.36,2.55,D,0
39.12867,-0.47884,338.63,0.57,0.43,2024-05-11,1322,N20,VIIRS,n,2,303.68,41.83,D,0
41.92305,0.18137,345.29,0.44,0.46,2024-05-11,1323,N20,VIIRS,n,2,308.77,6.03,D,2
40.01122,-6.10481,332.51,0.39,0.36,2024-05-11,1323,N20,VIIRS,l,2,304.76,1.84,D,0
40.01515,-6.10112,336.54,0.39,0.36,2024-05-11,1323,N20,VIIRS,n,2,305.57,2.78,D,0
40.51017,-3.91993,334.77,0.43,0.38,2024-05-11,1323,N20,VIIRS,l,2,308.16,1.38,D,0
42.71792,-6.93767,326.31,0.39,0.36,2024-05-11,1324,N20,VIIRS,l,2,296.91,9.45,D,0
42.72256,-6.92913,331.35,0.39,0.36,2024-05-11,1324,N20,VIIRS,n,2,297.2,33.39,D,0
43.56112,-7.69414,341.65,0.38,0.36,2024-05-11,1324,N20,VIIRS,n,2,302.31,10.24,D,0
43.56438,-7.69508,332.65,0.38,0.36,2024-05-11,1324,N20,VIIRS,n,2,297.16,10.24,D,0
42.7186,-6.93295,334.84,0.39,0.36,2024-05-11,1324,N20,VIIRS,n,2,299.56,33.39,D,0
41.14706,0.26067,307.65,0.43,0.38,2024-05-12,0141,N20,VIIRS,n,2,285.3,1.23,N,0
41.14905,0.24515,323.29,0.43,0.38,2024-05-12,0141,N20,VIIRS,n,2,288.99,2.85,N,0
41.47649,-1.48522,302.88,0.5,0.41,2024-05-12,0141,N20,VIIRS,n,2,285.87,1.41,N,2
41.17356,1.22214,296.4,0.41,0.37,2024-05-12,0141,N20,VIIRS,n,2,285.29,1,N,0
41.31154,1.66375,311.79,0.4,0.37,2024-05-12,0141,N20,VIIRS,n,2,278.34,1.53,N,2
42.72752,-6.93039,310.94,0.63,0.54,2024-05-12,0141,N20,VIIRS,n,2,261.84,1.67,N,0
42.80507,-6.45668,304,0.6,0.53,2024-05-12,0141,N20,VIIRS,n,2,276.09,1.48,N,0
42.80561,-6.46568,304.67,0.6,0.53,2024-05-12,0141,N20,VIIRS,n,2,278.13,1.48,N,0
36.96672,-1.90723,302.02,0.47,0.4,2024-05-12,0142,N20,VIIRS,n,2,288.31,0.84,N,2
40.24662,-3.47369,325.04,0.4,0.44,2024-05-12,0142,N20,VIIRS,n,2,288.41,3.3,N,2
39.66518,-0.24666,301.14,0.43,0.38,2024-05-12,0142,N20,VIIRS,n,2,285.65,0.81,N,2
39.9393,-3.74559,302.1,0.41,0.45,2024-05-12,0142,N20,VIIRS,n,2,285.27,0.85,N,2
39.93519,-3.74624,297.34,0.41,0.45,2024-05-12,0142,N20,VIIRS,n,2,285.87,0.85,N,0
42.80535,-6.46588,328.01,0.46,0.64,2024-05-12,0321,N20,VIIRS,n,2,279.35,4.15,N,0
40.24885,-3.47295,299.96,0.77,0.77,2024-05-12,0322,N20,VIIRS,n,2,281.9,1.41,N,2
40.24224,-3.47656,297.46,0.77,0.77,2024-05-12,0322,N20,VIIRS,n,2,281.95,1.18,N,2
38.05264,-1.25452,342.92,0.38,0.36,2024-05-12,1303,N20,VIIRS,n,2,310.8,2.76,D,0
41.31048,1.66401,331.33,0.47,0.39,2024-05-12,1304,N20,VIIRS,l,2,303.47,1.92,D,2
42.2697,-1.09254,295.87,0.55,0.51,2024-05-13,0122,N20,VIIRS,n,2,281.51,0.79,N,0
41.47835,-1.48842,299.92,0.57,0.52,2024-05-13,0122,N20,VIIRS,n,2,283.97,1.44,N,2
42.51929,-2.75001,305.7,0.34,0.56,2024-05-13,0122,N20,VIIRS,n,2,265.81,1.22,N,0
42.52446,-2.74955,297.42,0.34,0.56,2024-05-13,0122,N20,VIIRS,n,2,266.22,0.67,N,0
39.93594,-3.74622,299.73,0.36,0.58,2024-05-13,0123,N20,VIIRS,n,2,284.68,1.07,N,2
38.66848,-4.05526,301.13,0.37,0.58,2024-05-13,0123,N20,VIIRS,n,2,287.22,1.62,N,0
40.24712,-3.47349,329.01,0.35,0.57,2024-05-13,0123,N20,VIIRS,n,2,289.02,2.83,N,2
42.52038,-2.7503,295.07,0.42,0.61,2024-05-13,0302,N20,VIIRS,n,2,271.03,0.72,N,0
42.52219,-2.75133,305.45,0.42,0.61,2024-05-13,0302,N20,VIIRS,n,2,271.12,0.75,N,0
40.24761,-3.47343,312.1,0.45,0.63,2024-05-13,0303,N20,VIIRS,n,2,284.1,2.13,N,2
40.00888,-3.901,295.56,0.44,0.62,2024-05-13,0303,N20,VIIRS,n,2,281.13,0.7,N,0
40.24687,-3.47557,307.55,0.45,0.63,2024-05-13,0303,N20,VIIRS,n,2,284.5,2.63,N,2
36.96702,-1.90617,299.22,0.5,0.65,2024-05-14,0104,N20,VIIRS,n,2,287.95,0.84,N,2
36.96709,-1.90446,303.09,0.38,0.59,2024-05-14,0245,N20,VIIRS,n,2,288.48,0.7,N,2
38.74857,-6.86321,306.89,0.57,0.43,2024-05-14,0245,N20,VIIRS,n,2,281.17,1.35,N,0
36.96559,-1.90553,303.55,0.38,0.59,2024-05-14,0245,N20,VIIRS,n,2,288.18,0.79,N,2
36.33796,-5.83781,339.15,0.53,0.67,2024-05-14,1226,N20,VIIRS,n,2,298.7,11.86,D,0
38.78571,-3.19617,339.65,0.33,0.55,2024-05-14,1226,N20,VIIRS,n,2,305.98,1.36,D,0
42.12685,-1.15777,333.84,0.43,0.46,2024-05-14,1227,N20,VIIRS,n,2,295.99,2.66,D,0
36.7846,-3.98327,328.79,0.46,0.64,2024-05-14,1406,N20,VIIRS,l,2,300.21,3.81,D,0
39.07083,-3.73067,353.71,0.5,0.66,2024-05-14,1407,N20,VIIRS,n,2,300.25,14.14,D,0
39.07102,-3.72486,367,0.5,0.66,2024-05-14,1407,N20,VIIRS,h,2,298.44,15.25,D,0
43.52163,-5.72719,339.01,0.42,0.61,2024-05-14,1408,N20,VIIRS,n,2,291.38,4.47,D,2
43.52145,-5.73237,336.78,0.42,0.61,2024-05-14,1408,N20,VIIRS,n,2,293.8,4.47,D,2
39.6651,-0.2484,297.05,0.45,0.47,2024-05-15,0225,N20,VIIRS,n,2,286.71,0.46,N,2
40.24582,-3.47312,312.39,0.47,0.4,2024-05-15,0225,N20,VIIRS,n,2,285.5,2.43,N,2
39.93717,-3.74448,308.38,0.47,0.39,2024-05-15,0225,N20,VIIRS,n,2,283.76,1.55,N,2
42.13006,-1.16182,301.85,0.54,0.42,2024-05-15,0225,N20,VIIRS,n,2,280.93,1.38,N,0
43.32994,-5.77535,299.79,0.39,0.36,2024-05-15,0225,N20,VIIRS,n,2,274.44,0.57,N,2
39.93637,-3.74628,306.71,0.47,0.39,2024-05-15,0225,N20,VIIRS,n,2,282.97,0.79,N,2
38.66726,-4.05205,298.74,0.47,0.4,2024-05-15,0226,N20,VIIRS,n,2,281.95,1.45,N,2
38.6673,-4.05047,296.57,0.47,0.4,2024-05-15,0226,N20,VIIRS,n,2,281.65,0.72,N,2
36.96556,-1.90555,301.58,0.42,0.45,2024-05-15,0226,N20,VIIRS,n,2,285.35,0.86,N,2
37.98477,-3.70162,320.79,0.5,0.41,2024-05-15,0226,N20,VIIRS,n,2,283.9,2.44,N,0
37.56885,-0.91519,296.84,0.46,0.47,2024-05-15,0226,N20,VIIRS,n,2,275.67,0.6,N,2
37.58146,-5.19433,339.6,0.79,0.78,2024-05-15,1207,N20,VIIRS,n,2,293.67,5.12,D,0
37.57791,-5.19078,326.93,0.79,0.78,2024-05-15,1207,N20,VIIRS,n,2,292.34,2.45,D,0
41.45423,1.97853,299.11,0.48,0.4,2024-05-16,0206,N20,VIIRS,n,2,284.29,0.87,N,2
41.31392,1.66548,296.47,0.47,0.4,2024-05-16,0206,N20,VIIRS,n,2,280.88,0.77,N,0
39.66518,-0.24426,297.2,0.43,0.38,2024-05-16,0207,N20,VIIRS,n,2,286.14,0.13,N,0
40.24594,-3.47611,302.62,0.38,0.36,2024-05-16,0207,N20,VIIRS,n,2,281.66,1.57,N,2
36.96862,-1.90501,299.24,0.41,0.37,2024-05-16,0207,N20,VIIRS,n,2,287.07,0.65,N,2
38.66646,-4.04506,307.7,0.38,0.36,2024-05-16,0207,N20,VIIRS,n,2,280.82,0.56,N,2
38.66713,-4.04944,306.68,0.38,0.36,2024-05-16,0207,N20,VIIRS,n,2,281.19,1.9,N,2
38.66318,-4.04588,297.07,0.38,0.36,2024-05-16,0207,N20,VIIRS,n,2,278.9,0.56,N,2
37.56646,-0.9182,304.56,0.43,0.38,2024-05-16,0207,N20,VIIRS,n,2,288.21,1.09,N,2
39.93581,-3.74475,307.11,0.39,0.36,2024-05-16,0207,N20,VIIRS,n,2,280.16,1.02,N,2
40.24525,-3.47164,318.77,0.38,0.36,2024-05-16,0207,N20,VIIRS,n,2,284.53,1.66,N,2
42.01523,-1.53725,325.68,0.65,0.73,2024-05-16,1149,N20,VIIRS,n,2,289.59,3.78,D,0
39.26616,-0.45142,333.48,0.7,0.75,2024-05-16,1149,N20,VIIRS,n,2,298.32,5.9,D,0
39.26485,-0.45082,328.17,0.7,0.75,2024-05-16,1149,N20,VIIRS,n,2,297.88,4.21,D,0
42.12606,-1.16183,328.54,0.45,0.47,2024-05-16,1330,N20,VIIRS,n,2,294.82,3.34,D,0
41.40836,1.99905,303.49,0.38,0.36,2024-05-17,0147,N20,VIIRS,n,2,284.17,0.66,N,2
41.40509,1.99815,295.62,0.38,0.36,2024-05-17,0147,N20,VIIRS,n,2,284.6,0.66,N,2
40.67741,0.3507,300.98,0.39,0.36,2024-05-17,0147,N20,VIIRS,n,2,283.41,0.34,N,0
41.31398,1.66072,298.21,0.38,0.36,2024-05-17,0147,N20,VIIRS,n,2,283.7,0.71,N,2
41.31328,1.66527,304.52,0.38,0.36,2024-05-17,0147,N20,VIIRS,n,2,285.56,0.84,N,2
37.56839,-0.91579,317.33,0.4,0.37,2024-05-17,0148,N20,VIIRS,n,2,288.43,1.11,N,2
36.96738,-1.90534,310.09,0.42,0.37,2024-05-17,0148,N20,VIIRS,n,2,289.7,1.23,N,2
40.24413,-3.47205,301.84,0.51,0.41,2024-05-17,0148,N20,VIIRS,n,2,280.76,1.31,N,2
39.93608,-3.74312,302.14,0.52,0.41,2024-05-17,0148,N20,VIIRS,n,2,283.5,1.23,N,2
38.57709,-1.50288,295.89,0.42,0.37,2024-05-17,0148,N20,VIIRS,n,2,279.61,0.56,N,0
39.61251,-3.34247,338.86,0.38,0.36,2024-05-17,1310,N20,VIIRS,n,2,301.65,2.09,D,0
39.01721,-1.88428,341.18,0.39,0.37,2024-05-17,1310,N20,VIIRS,n,2,304.8,7.29,D,0
41.55789,-4.62398,298.44,0.34,0.56,2024-05-18,0128,N20,VIIRS,n,2,275.22,0.64,N,0
42.12976,-1.15889,295.63,0.46,0.47,2024-05-18,0128,N20,VIIRS,n,2,281.2,0.53,N,0
38.92907,-0.10331,314.49,0.57,0.43,2024-05-18,0129,N20,VIIRS,n,2,286.77,1.91,N,0
38.93092,-0.1029,310.19,0.57,0.43,2024-05-18,0129,N20,VIIRS,n,2,286.66,1.93,N,0
40.24445,-3.4737,310.4,0.58,0.52,2024-05-18,0129,N20,VIIRS,n,2,283.01,2.79,N,2
39.93565,-3.74618,296.59,0.6,0.53,2024-05-18,0129,N20,VIIRS,n,2,280.53,1.06,N,2
36.9676,-1.90459,305.62,0.44,0.46,2024-05-18,0130,N20,VIIRS,n,2,289.21,1.53,N,2
40.2472,-3.47384,300.91,0.54,0.68,2024-05-18,0309,N20,VIIRS,n,2,279.99,1.06,N,2
40.24646,-3.47183,296.81,0.54,0.68,2024-05-18,0309,N20,VIIRS,n,2,280.73,1.3,N,2
41.30125,2.01118,345.85,0.39,0.36,2024-05-18,1251,N20,VIIRS,n,2,301.53,7.94,D,0
41.31389,1.66205,298.24,0.57,0.52,2024-05-19,0109,N20,VIIRS,n,2,284.6,1.08,N,2
37.5695,-0.91834,311.8,0.36,0.57,2024-05-19,0110,N20,VIIRS,n,2,279.27,1.84,N,2
40.24593,-3.47334,310.38,0.52,0.67,2024-05-19,0110,N20,VIIRS,n,2,283.52,2.13,N,2
40.2467,-3.47168,301.79,0.62,0.54,2024-05-19,0250,N20,VIIRS,n,2,272.7,1.66,N,2
41.31289,1.66092,307.01,0.52,0.67,2024-05-19,0250,N20,VIIRS,n,2,282.95,1.46,N,2
41.40466,1.9967,295.45,0.54,0.68,2024-05-19,0250,N20,VIIRS,n,2,282.25,0.58,N,2
38.6654,-4.04889,312.71,0.32,0.54,2024-05-19,0251,N20,VIIRS,n,2,281.41,1.45,N,2
40.24636,-3.47244,328.83,0.52,0.5,2024-05-19,1232,N20,VIIRS,n,2,295.47,6.19,D,2
36.55752,-6.09394,336.63,0.44,0.63,2024-05-19,1232,N20,VIIRS,n,2,299.14,4.45,D,0
36.33594,-5.85038,337.23,0.44,0.62,2024-05-19,1232,N20,VIIRS,n,2,292.49,4.24,D,0
43.52473,-5.73481,312.43,0.41,0.37,2024-05-20,0231,N20,VIIRS,n,2,280.76,1.11,N,2
43.53053,-5.72757,298.72,0.41,0.37,2024-05-20,0231,N20,VIIRS,n,2,279.44,0.74,N,2
43.52808,-5.73369,296.38,0.41,0.37,2024-05-20,0231,N20,VIIRS,n,2,279.14,0.74,N,2
43.52718,-5.72868,306.67,0.41,0.37,2024-05-20,0231,N20,VIIRS,n,2,281.7,0.74,N,2
43.52384,-5.72982,304.78,0.41,0.37,2024-05-20,0231,N20,VIIRS,n,2,276.49,1.11,N,2
40.24487,-3.476,313.51,0.55,0.42,2024-05-20,0231,N20,VIIRS,n,2,280.43,1.89,N,2
37.36217,-5.94018,306.9,0.48,0.4,2024-05-20,0232,N20,VIIRS,n,2,283.19,0.47,N,0
36.96476,-1.90472,297.39,0.51,0.49,2024-05-20,0232,N20,VIIRS,n,2,285.18,1.59,N,2
37.57844,-5.19943,336.9,0.66,0.73,2024-05-20,1213,N20,VIIRS,n,2,296.37,10.11,D,0
37.58064,-5.19236,356.4,0.66,0.73,2024-05-20,1213,N20,VIIRS,l,2,297.54,10.11,D,0
37.57655,-5.18218,340.15,0.66,0.73,2024-05-20,1213,N20,VIIRS,n,2,295.62,5.78,D,0
40.24294,-3.47329,327.75,0.45,0.63,2024-05-20,1214,N20,VIIRS,n,2,294.08,3.84,D,2
39.12421,-5.57183,338.82,0.62,0.71,2024-05-20,1214,N20,VIIRS,n,2,297.33,7.86,D,0
39.12457,-5.57113,339.63,0.62,0.71,2024-05-20,1214,N20,VIIRS,n,2,297.62,7.58,D,0
41.64797,-0.76748,297.35,0.43,0.38,2024-05-21,0212,N20,VIIRS,n,2,282.68,0.51,N,0
41.4757,-1.4865,304.43,0.42,0.37,2024-05-21,0212,N20,VIIRS,n,2,282.43,1.1,N,2
41.31149,1.66064,301.95,0.54,0.42,2024-05-21,0212,N20,VIIRS,n,2,284.53,1.54,N,2
38.20422,-6.6193,304.88,0.39,0.36,2024-05-21,0213,N20,VIIRS,n,2,279.65,0.68,N,0
37.56802,-0.91585,303.43,0.49,0.4,2024-05-21,0213,N20,VIIRS,n,2,288.05,0.75,N,2
37.56768,-0.91969,299.91,0.49,0.4,2024-05-21,0213,N20,VIIRS,n,2,287.68,0.86,N,2
38.37807,-0.54421,299.9,0.49,0.4,2024-05-21,0213,N20,VIIRS,n,2,287.84,0.8,N,2
38.37639,-0.54287,300.62,0.49,0.4,2024-05-21,0213,N20,VIIRS,n,2,288.28,0.85,N,2
36.96754,-1.90456,309.01,0.46,0.39,2024-05-21,0213,N20,VIIRS,n,2,289.08,1.49,N,2
36.1837,-5.39646,302.92,0.39,0.36,2024-05-21,0214,N20,VIIRS,n,2,292.06,0.81,N,0
42.11222,-1.2216,337.4,0.53,0.67,2024-05-21,1155,N20,VIIRS,n,2,292.4,5.73,D,0
27.96043,-15.56725,330.86,0.62,0.54,2024-05-21,1332,N20,VIIRS,n,2,297.79,5.31,D,0
43.53899,-5.82915,307.84,0.4,0.44,2024-05-22,0153,N20,VIIRS,n,2,263.23,2.29,N,2
43.44306,-3.84325,311.6,0.49,0.4,2024-05-22,0153,N20,VIIRS,n,2,284.07,1.55,N,2
41.47371,-1.48649,296.33,0.4,0.37,2024-05-22,0153,N20,VIIRS,n,2,279.88,0.58,N,2
43.33529,-3.10859,295.5,0.46,0.39,2024-05-22,0153,N20,VIIRS,n,2,283.12,0.61,N,0
40.24397,-3.47396,328.17,0.44,0.39,2024-05-22,0154,N20,VIIRS,n,2,286.71,3.54,N,2
39.63868,-2.27353,304.16,0.41,0.37,2024-05-22,0154,N20,VIIRS,n,2,280.59,1.08,N,0
39.66474,-0.24458,300.69,0.38,0.36,2024-05-22,0154,N20,VIIRS,n,2,287.51,0.48,N,0
41.31449,1.66154,298.84,0.44,0.38,2024-05-23,0134,N20,VIIRS,n,2,281.85,1.07,N,2
43.54249,-5.82959,336.72,0.34,0.56,2024-05-23,0134,N20,VIIRS,n,2,280.43,2.91,N,2
43.52673,-5.72894,300.93,0.34,0.56,2024-05-23,0134,N20,VIIRS,n,2,275.7,1.05,N,2
41.47707,-1.48778,304.81,0.4,0.44,2024-05-23,0134,N20,VIIRS,n,2,282.9,0.89,N,2
40.24471,-3.47663,317.15,0.48,0.48,2024-05-23,0135,N20,VIIRS,n,2,284.27,2.47,N,2
38.93234,-6.34225,297.95,0.33,0.55,2024-05-23,0135,N20,VIIRS,n,2,282.85,0.33,N,0
40.24422,-3.4709,299.5,0.48,0.48,2024-05-23,0135,N20,VIIRS,n,2,284.27,2.13,N,2
38.83624,-2.5589,310.39,0.42,0.45,2024-05-23,0135,N20,VIIRS,n,2,275.79,1.43,N,0
39.6661,-0.24836,298.83,0.5,0.41,2024-05-23,0135,N20,VIIRS,n,2,287.42,0.82,N,0
40.24765,-3.47549,312.06,0.48,0.48,2024-05-23,0135,N20,VIIRS,n,2,283.63,1.64,N,2
40.24322,-3.47617,315.9,0.48,0.48,2024-05-23,0135,N20,VIIRS,n,2,284.16,2.88,N,2
37.56707,-0.91817,296.28,0.51,0.41,2024-05-23,0136,N20,VIIRS,n,2,282.71,0.16,N,2
43.52641,-5.72634,331.17,0.4,0.6,2024-05-23,0314,N20,VIIRS,n,2,282.31,2.71,N,2
40.24543,-3.47956,295.2,0.64,0.72,2024-05-23,0315,N20,VIIRS,n,2,280.29,2.4,N,2
40.24321,-3.47261,305.64,0.64,0.72,2024-05-23,0315,N20,VIIRS,n,2,282.04,2.94,N,2
37.09724,-6.12318,343.98,0.4,0.44,2024-05-23,1257,N20,VIIRS,n,2,308.55,3.66,D,0
39.92331,-0.10816,337.46,0.38,0.36,2024-05-23,1257,N20,VIIRS,n,2,298.61,1.85,D,0
37.56001,-5.9608,339.48,0.39,0.44,2024-05-23,1257,N20,VIIRS,n,2,299.85,4.25,D,0
37.55611,-5.95953,332.88,0.39,0.44,2024-05-23,1257,N20,VIIRS,n,2,299.16,2.61,D,0
37.37191,-5.89193,342.5,0.39,0.44,2024-05-23,1257,N20,VIIRS,n,2,308.3,5.08,D,0
39.98704,-6.33789,338.51,0.54,0.42,2024-05-23,1257,N20,VIIRS,n,2,307.04,3.47,D,0
40.01842,-3.63696,336.15,0.43,0.38,2024-05-23,1257,N20,VIIRS,l,2,306.93,2.81,D,0
43.53893,-5.8305,334.1,0.45,0.39,2024-05-23,1258,N20,VIIRS,n,2,286.13,3.95,D,2
41.59834,-0.82065,341.57,0.38,0.36,2024-05-23,1258,N20,VIIRS,n,2,309,2.21,D,0
43.22559,-2.87653,296.89,0.42,0.61,2024-05-24,0115,N20,VIIRS,n,2,281.06,0.81,N,2
43.30719,-3.02602,295.64,0.43,0.62,2024-05-24,0115,N20,VIIRS,n,2,281.12,0.42,N,0
38.6673,-4.05041,329.35,0.45,0.63,2024-05-24,0116,N20,VIIRS,n,2,282.82,2.33,N,2
40.24849,-3.47598,318.35,0.43,0.62,2024-05-24,0116,N20,VIIRS,n,2,284.67,2.52,N,2
39.9921,-3.31177,295.79,0.42,0.61,2024-05-24,0116,N20,VIIRS,n,2,284.19,0.51,N,0
39.98661,-3.3168,320.35,0.42,0.61,2024-05-24,0116,N20,VIIRS,n,2,283.96,4.15,N,0
39.9864,-3.3118,333.88,0.42,0.61,2024-05-24,0116,N20,VIIRS,n,2,286.23,4.93,N,0
39.98986,-3.31415,315.35,0.42,0.61,2024-05-24,0116,N20,VIIRS,n,2,284.5,1.73,N,0
39.98962,-3.30911,299.64,0.42,0.61,2024-05-24,0116,N20,VIIRS,n,2,284.22,1.5,N,0
39.98416,-3.31419,342.68,0.42,0.61,2024-05-24,0116,N20,VIIRS,n,2,285.96,4.53,N,0
38.66634,-4.04987,331.36,0.45,0.63,2024-05-24,0116,N20,VIIRS,n,2,282.95,1.84,N,2
38.66655,-4.05523,297.08,0.45,0.63,2024-05-24,0116,N20,VIIRS,n,2,284.41,1.84,N,0
40.24295,-3.47351,318.98,0.37,0.58,2024-05-24,0256,N20,VIIRS,n,2,286.14,2.48,N,2
40.00884,-3.90124,296.67,0.36,0.57,2024-05-24,0256,N20,VIIRS,n,2,284.13,0.69,N,0
39.98505,-3.31506,310.51,0.39,0.59,2024-05-24,0256,N20,VIIRS,n,2,281.86,1.18,N,0
40.24408,-3.47763,304.03,0.37,0.58,2024-05-24,0256,N20,VIIRS,n,2,283.65,2.04,N,2
37.6467,-4.46212,310.14,0.39,0.59,2024-05-24,0257,N20,VIIRS,n,2,283.58,0.67,N,0
37.65174,-4.45937,300.87,0.39,0.59,2024-05-24,0257,N20,VIIRS,n,2,283.54,0.67,N,0
37.64917,-4.45991,318.66,0.39,0.59,2024-05-24,0257,N20,VIIRS,n,2,283.96,1.28,N,0
37.23148,-5.86532,342.18,0.34,0.56,2024-05-24,1238,N20,VIIRS,n,2,304.78,2.76,D,0
37.82595,-1.4311,332.44,0.39,0.44,2024-05-24,1238,N20,VIIRS,l,2,305.95,1.36,D,0
37.57311,-1.30091,337.54,0.39,0.44,2024-05-24,1238,N20,VIIRS,n,2,303.75,2.07,D,0
39.85588,-3.20687,334.15,0.43,0.46,2024-05-24,1238,N20,VIIRS,n,2,305.31,1.63,D,0
39.15072,-3.62292,351.82,0.47,0.48,2024-05-24,1238,N20,VIIRS,n,2,314.64,8.91,D,0
39.14975,-3.62093,344.48,0.47,0.48,2024-05-24,1238,N20,VIIRS,n,2,313.11,7.98,D,0
37.45712,-6.06205,346.61,0.35,0.56,2024-05-24,1238,N20,VIIRS,n,2,306.82,4.43,D,0
37.45808,-6.05832,344.6,0.35,0.56,2024-05-24,1238,N20,VIIRS,n,2,308.4,4.66,D,0
37.4555,-6.05837,343.62,0.35,0.56,2024-05-24,1238,N20,VIIRS,n,2,308.01,2.51,D,0
40.24272,-3.47041,339.34,0.44,0.46,2024-05-24,1239,N20,VIIRS,l,2,310.38,3.36,D,2
43.52305,-5.73079,343.11,0.47,0.48,2024-05-24,1240,N20,VIIRS,n,2,298.16,7.44,D,2
43.5252,-5.72311,331.36,0.6,0.71,2024-05-24,1420,N20,VIIRS,n,2,292.19,5.14,D,2
40.24718,-3.47913,303,0.77,0.78,2024-05-25,0057,N20,VIIRS,n,2,281.9,2.75,N,2
37.56905,-0.9203,300.3,0.55,0.68,2024-05-25,0058,N20,VIIRS,n,2,287.89,1.52,N,2
41.31493,1.66156,299.72,0.36,0.58,2024-05-25,0237,N20,VIIRS,n,2,284.3,0.76,N,2
41.40919,1.99946,297.01,0.37,0.58,2024-05-25,0237,N20,VIIRS,n,2,277.06,0.47,N,2
43.53882,-5.83259,297.63,0.45,0.39,2024-05-25,0237,N20,VIIRS,n,2,282.5,0.97,N,2
43.51968,-5.73475,303.09,0.45,0.39,2024-05-25,0237,N20,VIIRS,n,2,275.6,1.44,N,2
43.54229,-5.83134,307.54,0.45,0.39,2024-05-25,0237,N20,VIIRS,n,2,283.56,1.23,N,2
39.66451,-0.24633,297.88,0.32,0.55,2024-05-25,0237,N20,VIIRS,n,2,284.72,0.55,N,2
42.05796,-1.83876,301.11,0.47,0.48,2024-05-25,0237,N20,VIIRS,n,2,283.08,0.67,N,0
42.00771,-1.44905,301.51,0.49,0.49,2024-05-25,0237,N20,VIIRS,n,2,283.03,1.03,N,0
38.66635,-4.05222,297.9,0.44,0.46,2024-05-25,0238,N20,VIIRS,n,2,284.53,1.04,N,2
38.66527,-4.0474,320.26,0.44,0.46,2024-05-25,0238,N20,VIIRS,n,2,283.78,1.04,N,2
38.37755,-0.54439,298.69,0.34,0.56,2024-05-25,0238,N20,VIIRS,n,2,287.14,0.45,N,2
40.24676,-3.47224,316.68,0.43,0.46,2024-05-25,0238,N20,VIIRS,n,2,277.79,2.49,N,2
36.86834,-6.01778,311.76,0.57,0.43,2024-05-25,0239,N20,VIIRS,n,2,288.34,1.45,N,0
37.38484,-5.89713,333.51,0.6,0.71,2024-05-25,1219,N20,VIIRS,n,2,300,4.16,D,0
37.37871,-5.89427,344.48,0.6,0.71,2024-05-25,1219,N20,VIIRS,n,2,305.25,4.16,D,0
36.50169,-5.80748,343.81,0.63,0.72,2024-05-25,1219,N20,VIIRS,n,2,300.64,8.57,D,0
37.05256,-6.10835,336.32,0.63,0.72,2024-05-25,1219,N20,VIIRS,n,2,302.87,3.44,D,0
37.58105,-5.18906,338.19,0.55,0.68,2024-05-25,1219,N20,VIIRS,n,2,302.13,4.15,D,0
37.57932,-5.19499,349.04,0.55,0.68,2024-05-25,1219,N20,VIIRS,n,2,303.25,4.15,D,0
40.24396,-3.47239,336.34,0.38,0.59,2024-05-25,1220,N20,VIIRS,n,2,297.31,2.87,D,2
40.0924,-4.03477,343.88,0.4,0.6,2024-05-25,1400,N20,VIIRS,n,2,307.71,6.84,D,0
38.67581,-4.04678,354.51,0.38,0.59,2024-05-25,1400,N20,VIIRS,n,2,308.6,7.1,D,0
40.09262,-4.02993,341.79,0.4,0.6,2024-05-25,1400,N20,VIIRS,n,2,306.26,5.84,D,0
38.86948,-6.72742,336.3,0.55,0.51,2024-05-25,1400,N20,VIIRS,l,2,306.88,2.66,D,0
40.09275,-4.03254,367,0.4,0.6,2024-05-25,1400,N20,VIIRS,h,2,308.41,7.17,D,0
42.61427,-3.62001,312.61,0.4,0.37,2024-05-26,0218,N20,VIIRS,n,2,280.63,1.53,N,0
43.27736,-2.84669,295.47,0.41,0.37,2024-05-26,0218,N20,VIIRS,n,2,284.62,0.66,N,0
42.12929,-1.15807,299.58,0.47,0.39,2024-05-26,0218,N20,VIIRS,n,2,286.71,0.37,N,0
41.40873,2.00003,302.65,0.44,0.46,2024-05-26,0218,N20,VIIRS,n,2,285.48,0.86,N,2
41.31181,1.66096,297.62,0.42,0.45,2024-05-26,0218,N20,VIIRS,n,2,281.13,0.95,N,2
41.47514,-1.48488,302.51,0.47,0.39,2024-05-26,0218,N20,VIIRS,n,2,285.77,0.54,N,2
40.57809,0.54335,296.86,0.39,0.44,2024-05-26,0218,N20,VIIRS,n,2,283.35,0.69,N,2
41.92332,0.1825,307.41,0.53,0.42,2024-05-26,0218,N20,VIIRS,n,2,282.58,0.97,N,2
40.24685,-3.47706,297.7,0.42,0.38,2024-05-26,0219,N20,VIIRS,n,2,287.26,1.01,N,2
38.67236,-4.04992,302.21,0.42,0.38,2024-05-26,0219,N20,VIIRS,n,2,291.83,1.81,N,2
38.67485,-4.04704,341.38,0.42,0.38,2024-05-26,0219,N20,VIIRS,n,2,293.95,10.22,N,0
38.82145,-3.7364,298.17,0.43,0.38,2024-05-26,0219,N20,VIIRS,n,2,286.16,0.57,N,0
38.82232,-3.74121,304.65,0.43,0.38,2024-05-26,0219,N20,VIIRS,n,2,285.99,0.57,N,0
38.89022,-3.68808,303.69,0.43,0.38,2024-05-26,0219,N20,VIIRS,n,2,280.89,0.7,N,0
40.01089,-3.90156,298.28,0.41,0.37,2024-05-26,0219,N20,VIIRS,n,2,288.04,0.68,N,0
40.24597,-3.47226,320.73,0.42,0.38,2024-05-26,0219,N20,VIIRS,n,2,290.04,2.11,N,2
36.96675,-1.90703,301.38,0.53,0.42,2024-05-26,0220,N20,VIIRS,n,2,284.21,0.57,N,2
38.815,-3.7326,351.64,0.74,0.76,2024-05-26,1201,N20,VIIRS,n,2,301.15,13.4,D,0
40.24436,-3.47398,333.44,0.47,0.48,2024-05-26,1341,N20,VIIRS,n,2,292.19,3.25,D,2
37.37882,-7.29944,337.2,0.44,0.39,2024-05-26,1341,N20,VIIRS,l,2,308.52,19.85,D,0
41.31406,1.66562,295.48,0.42,0.37,2024-05-27,0159,N20,VIIRS,n,2,275.57,0.77,N,0
41.47691,-1.48661,306.37,0.38,0.36,2024-05-27,0159,N20,VIIRS,n,2,284.01,0.77,N,2
38.22124,-1.30299,304.45,0.39,0.36,2024-05-27,0200,N20,VIIRS,n,2,284.22,0.6,N,0
38.6656,-4.048,316.89,0.4,0.37,2024-05-27,0200,N20,VIIRS,n,2,288.11,2.5,N,2
40.00982,-3.89993,300.66,0.41,0.37,2024-05-27,0200,N20,VIIRS,n,2,289.92,0.77,N,0
40.24594,-3.47692,302.81,0.4,0.37,2024-05-27,0200,N20,VIIRS,n,2,288.59,2.5,N,2
40.24529,-3.4722,328.27,0.4,0.37,2024-05-27,0200,N20,VIIRS,n,2,292.66,2.5,N,2
37.70331,-5.00478,343.49,0.42,0.38,2024-05-27,0201,N20,VIIRS,n,2,291.47,4.67,N,0
37.7007,-5.00292,330.39,0.42,0.38,2024-05-27,0201,N20,VIIRS,n,2,291.25,6.33,N,0
37.06664,-6.19898,301.59,0.45,0.39,2024-05-27,0201,N20,VIIRS,n,2,286.11,0.47,N,0
37.36322,-7.15316,308.49,0.5,0.41,2024-05-27,0201,N20,VIIRS,n,2,287.81,1.2,N,0
36.96627,-1.90415,306.37,0.39,0.36,2024-05-27,0201,N20,VIIRS,n,2,289.09,1,N,2
38.32026,-6.72157,297.31,0.49,0.4,2024-05-27,0201,N20,VIIRS,n,2,283.51,0.68,N,2
40.24324,-3.47341,341.2,0.44,0.38,2024-05-27,1322,N20,VIIRS,l,2,315.26,6.28,D,2
39.00225,-4.17619,339.21,0.41,0.37,2024-05-27,1322,N20,VIIRS,l,2,313.27,2.91,D,0
38.54085,-1.52985,340.62,0.5,0.41,2024-05-27,1322,N20,VIIRS,l,2,314.67,7.68,D,0
41.45606,1.98042,312.73,0.4,0.37,2024-05-28,0140,N20,VIIRS,n,2,288.84,1.52,N,2
41.40872,1.99789,297.72,0.4,0.37,2024-05-28,0140,N20,VIIRS,n,2,286.59,0.21,N,2
41.40538,1.99705,298.49,0.4,0.37,2024-05-28,0140,N20,VIIRS,n,2,287.89,0.41,N,2
41.31461,1.66143,307.28,0.4,0.37,2024-05-28,0140,N20,VIIRS,n,2,286.43,0.95,N,2
43.41146,-3.83835,315.09,0.45,0.47,2024-05-28,0140,N20,VIIRS,n,2,282.78,1.83,N,0
43.54073,-5.83297,313.82,0.57,0.52,2024-05-28,0140,N20,VIIRS,n,2,282.18,2.43,N,2
43.04184,-2.21793,295.12,0.57,0.43,2024-05-28,0140,N20,VIIRS,n,2,279.65,0.7,N,2
42.09541,-0.6151,327.88,0.48,0.4,2024-05-28,0140,N20,VIIRS,n,2,283.37,6.94,N,0
42.35672,-7.80506,297.79,0.35,0.57,2024-05-28,0140,N20,VIIRS,n,2,281.63,0.28,N,0
40.24494,-3.47703,297.19,0.4,0.44,2024-05-28,0141,N20,VIIRS,n,2,277.23,1.25,N,2
39.78852,3.07573,344.37,0.38,0.36,2024-05-28,0141,N20,VIIRS,n,2,293.58,25.51,N,0
39.78921,3.0713,300.37,0.38,0.36,2024-05-28,0141,N20,VIIRS,n,2,285.93,0.94,N,0
39.78783,3.08017,309.81,0.38,0.36,2024-05-28,0141,N20,VIIRS,n,2,287.73,25.51,N,0
39.78525,3.07487,342.31,0.38,0.36,2024-05-28,0141,N20,VIIRS,n,2,302.28,25.51,N,0
39.78594,3.07044,312.82,0.38,0.36,2024-05-28,0141,N20,VIIRS,n,2,286.15,0.94,N,0
39.78456,3.07931,311.24,0.38,0.36,2024-05-28,0141,N20,VIIRS,n,2,287.97,25.51,N,0
39.78267,3.06958,299.39,0.38,0.36,2024-05-28,0141,N20,VIIRS,n,2,286.15,0.54,N,0
40.24449,-3.47225,311.34,0.4,0.44,2024-05-28,0141,N20,VIIRS,n,2,279.11,1.25,N,2
38.37664,-0.54374,295.96,0.44,0.38,2024-05-28,0141,N20,VIIRS,n,2,281.36,0.34,N,2
36.76601,-2.76985,334.33,0.51,0.41,2024-05-28,0142,N20,VIIRS,n,2,295.55,11.54,N,0
43.52713,-5.72771,299.52,0.47,0.64,2024-05-28,0320,N20,VIIRS,n,2,282.57,1.09,N,2
43.52271,-5.73277,297.22,0.47,0.64,2024-05-28,0320,N20,VIIRS,n,2,283.36,1.39,N,2
40.24521,-3.47441,301.4,0.76,0.77,2024-05-28,0321,N20,VIIRS,n,2,277.04,1.83,N,2
40.37061,-6.39501,296.22,0.54,0.68,2024-05-28,0321,N20,VIIRS,n,2,284.51,0.71,N,0
40.37172,-6.39524,296.27,0.54,0.68,2024-05-28,0321,N20,VIIRS,n,2,284.67,0.55,N,0
40.24642,-3.47357,302.01,0.76,0.77,2024-05-28,0321,N20,VIIRS,n,2,276.96,2.2,N,2
40.82482,0.59709,350.34,0.42,0.38,2024-05-28,1303,N20,VIIRS,n,2,314.78,28.99,D,0
40.82355,0.58709,335.13,0.42,0.38,2024-05-28,1303,N20,VIIRS,l,2,308.02,3.96,D,0
40.82076,0.59297,350.79,0.42,0.38,2024-05-28,1303,N20,VIIRS,n,2,307.39,10.81,D,0
37.13807,-6.18063,348.53,0.51,0.41,2024-05-28,1303,N20,VIIRS,n,2,317.59,10.77,D,0
37.14177,-6.18176,347.36,0.51,0.41,2024-05-28,1303,N20,VIIRS,n,2,316.47,10.77,D,0
38.39533,-0.64592,343.12,0.39,0.36,2024-05-28,1303,N20,VIIRS,n,2,300.96,3.75,D,0
40.03057,-3.70266,345.63,0.4,0.37,2024-05-28,1303,N20,VIIRS,l,2,318.22,6.63,D,0
40.81734,0.59389,336.89,0.42,0.38,2024-05-28,1303,N20,VIIRS,n,2,301.94,10.81,D,0
40.82546,0.60212,333.04,0.42,0.38,2024-05-28,1303,N20,VIIRS,n,2,301.35,8.37,D,0
43.52325,-5.72562,331.41,0.41,0.37,2024-05-28,1304,N20,VIIRS,n,2,300.84,2.92,D,2
43.53696,-5.83219,333.29,0.41,0.37,2024-05-28,1304,N20,VIIRS,n,2,302.15,7,D,2
43.54908,-5.84398,301.93,0.5,0.66,2024-05-29,0121,N20,VIIRS,n,2,278.53,1.35,N,0
43.54296,-5.84386,297.3,0.5,0.66,2024-05-29,0121,N20,VIIRS,n,2,277.74,0.59,N,0
43.54266,-5.83127,318.17,0.5,0.66,2024-05-29,0121,N20,VIIRS,n,2,277.85,2.43,N,2
43.52811,-5.73238,316.06,0.49,0.65,2024-05-29,0121,N20,VIIRS,n,2,279.93,1.4,N,2
43.52204,-5.73277,297.36,0.49,0.65,2024-05-29,0121,N20,VIIRS,n,2,278.81,1.4,N,2
43.03694,-2.22008,297.29,0.32,0.55,2024-05-29,0121,N20,VIIRS,n,2,273.46,0.68,N,2
38.66536,-4.04972,300.91,0.37,0.58,2024-05-29,0122,N20,VIIRS,n,2,286.76,0.67,N,2
41.31395,1.66152,314.05,0.4,0.44,2024-05-29,0122,N20,VIIRS,n,2,285.06,1.09,N,2
40.57709,0.54088,301.78,0.44,0.46,2024-05-29,0122,N20,VIIRS,n,2,283.17,0.4,N,2
39.69326,3.29749,320.06,0.48,0.4,2024-05-29,0122,N20,VIIRS,n,2,286.36,2.52,N,0
40.24873,-3.47384,307.39,0.36,0.57,2024-05-29,0122,N20,VIIRS,n,2,288.89,0.82,N,2
40.24344,-3.47443,324.74,0.36,0.57,2024-05-29,0122,N20,VIIRS,n,2,290.23,2.05,N,2
40.24456,-3.47393,333.34,0.36,0.57,2024-05-29,0122,N20,VIIRS,n,2,292.33,3,N,2
43.54663,-5.84535,303.75,0.55,0.51,2024-05-29,0302,N20,VIIRS,n,2,277.39,1.99,N,2
40.24441,-3.47595,318.39,0.44,0.63,2024-05-29,0302,N20,VIIRS,n,2,284.59,2.24,N,2
41.66293,0.56811,319.71,0.63,0.72,2024-05-29,0302,N20,VIIRS,n,2,282.89,2.21,N,0
40.24716,-3.47077,310.97,0.45,0.63,2024-05-29,0302,N20,VIIRS,n,2,285.14,1.62,N,2
40.24853,-3.47561,299.25,0.45,0.63,2024-05-29,0302,N20,VIIRS,n,2,282,1.62,N,2
38.66405,-4.04707,310,0.46,0.64,2024-05-29,0303,N20,VIIRS,n,2,285.24,0.87,N,2
38.66547,-4.05207,304.33,0.46,0.64,2024-05-29,0303,N20,VIIRS,n,2,286.94,0.87,N,2
38.80096,-6.61071,300.93,0.34,0.56,2024-05-29,0303,N20,VIIRS,n,2,287.96,0.22,N,0
37.56502,-0.91883,297.37,0.71,0.75,2024-05-29,0303,N20,VIIRS,n,2,287.19,0.52,N,2
37.57106,-0.91426,299.79,0.71,0.75,2024-05-29,0303,N20,VIIRS,n,2,287.85,1.63,N,2
39.58346,-3.01389,339.74,0.55,0.42,2024-05-29,1244,N20,VIIRS,l,2,312.15,2.49,D,0
42.46598,-5.50378,342.56,0.41,0.45,2024-05-29,1245,N20,VIIRS,n,2,301.73,4.84,D,0
40.2441,-3.47374,338.26,0.56,0.43,2024-05-29,1245,N20,VIIRS,l,2,311.87,4.58,D,2
38.8666,-6.99741,334.54,0.59,0.7,2024-05-29,1425,N20,VIIRS,l,2,307.4,3.86,D,0
43.52433,-5.73084,334.5,0.72,0.75,2024-05-29,1426,N20,VIIRS,n,2,286.89,8.15,D,2
43.52642,-5.72928,335.01,0.72,0.75,2024-05-29,1426,N20,VIIRS,n,2,287.12,9.12,D,2
40.24898,-3.47452,303.99,0.64,0.72,2024-05-30,0103,N20,VIIRS,n,2,288.48,1.66,N,2
41.47788,-1.48896,299.54,0.51,0.66,2024-05-30,0103,N20,VIIRS,n,2,285.25,0.57,N,2
41.31175,1.66356,299.57,0.43,0.62,2024-05-30,0243,N20,VIIRS,n,2,281.86,0.94,N,2
41.17459,1.22138,298.67,0.41,0.61,2024-05-30,0243,N20,VIIRS,n,2,287.53,1.15,N,0
40.2461,-3.47229,304.54,0.51,0.49,2024-05-30,0244,N20,VIIRS,n,2,290.1,1.47,N,2
40.24747,-3.47799,298.9,0.51,0.49,2024-05-30,0244,N20,VIIRS,n,2,288.34,1.12,N,2
36.96624,-1.90688,301.38,0.37,0.58,2024-05-30,0244,N20,VIIRS,n,2,289.06,0.53,N,2
37.51844,-1.40691,319.76,0.38,0.59,2024-05-30,0244,N20,VIIRS,n,2,287.93,1.69,N,0
38.6582,-6.26501,310.8,0.4,0.45,2024-05-30,0244,N20,VIIRS,n,2,290.83,1,N,0
38.34584,-6.24408,302.12,0.41,0.45,2024-05-30,0244,N20,VIIRS,n,2,287.96,0.76,N,0
37.5691,-0.91468,300.12,0.41,0.6,2024-05-30,0244,N20,VIIRS,n,2,289.33,0.31,N,2
37.33295,-6.89729,341.34,0.57,0.69,2024-05-30,1225,N20,VIIRS,n,2,305.43,9.71,D,0
38.67717,-4.11229,334.5,0.38,0.58,2024-05-30,1225,N20,VIIRS,l,2,304.87,1.65,D,0
38.6761,-4.11636,334.06,0.38,0.58,2024-05-30,1225,N20,VIIRS,l,2,308.93,3.04,D,0
38.28671,-1.59435,335.77,0.57,0.52,2024-05-30,1225,N20,VIIRS,l,2,307.64,1.37,D,0
36.50166,-5.80984,335.14,0.53,0.67,2024-05-30,1225,N20,VIIRS,l,2,307.03,5.73,D,0
36.33755,-5.85132,345.76,0.53,0.67,2024-05-30,1225,N20,VIIRS,n,2,307.11,5.48,D,0
36.33922,-5.84549,341.8,0.53,0.67,2024-05-30,1225,N20,VIIRS,n,2,305.96,5.48,D,0
36.34087,-5.83977,336.37,0.53,0.67,2024-05-30,1225,N20,VIIRS,n,2,305.95,5.89,D,0
40.24393,-3.47449,335.02,0.63,0.54,2024-05-30,1226,N20,VIIRS,l,2,306.02,3.98,D,2
43.41208,-3.84197,317.38,0.42,0.37,2024-05-31,0224,N20,VIIRS,n,2,282.46,1.76,N,0
43.34803,-8.43481,301.32,0.4,0.37,2024-05-31,0224,N20,VIIRS,n,2,285.32,0.68,N,2
43.41127,-3.84049,330.59,0.42,0.37,2024-05-31,0224,N20,VIIRS,n,2,284.11,3.78,N,0
41.92566,0.18051,322.79,0.41,0.45,2024-05-31,0224,N20,VIIRS,n,2,284.76,2.29,N,2
43.54668,-5.84284,295.39,0.39,0.36,2024-05-31,0224,N20,VIIRS,n,2,283.77,0.46,N,2
43.54342,-5.84387,304.73,0.39,0.36,2024-05-31,0224,N20,VIIRS,n,2,283.95,1.06,N,2
43.5411,-5.82974,303.62,0.39,0.36,2024-05-31,0224,N20,VIIRS,n,2,280.74,1.23,N,2
43.55303,-5.86065,297.53,0.39,0.36,2024-05-31,0224,N20,VIIRS,n,2,285.45,1.11,N,2
43.22555,-2.87609,297.53,0.44,0.39,2024-05-31,0224,N20,VIIRS,n,2,282.3,0.45,N,2
43.41116,-3.83693,311.87,0.42,0.37,2024-05-31,0224,N20,VIIRS,n,2,285.06,2.16,N,0
41.92421,0.1807,327.65,0.41,0.45,2024-05-31,0224,N20,VIIRS,n,2,285.27,3.14,N,2
41.47562,-1.48553,296.54,0.53,0.42,2024-05-31,0224,N20,VIIRS,n,2,285.19,0.72,N,2
43.3447,-8.43567,300.42,0.4,0.37,2024-05-31,0224,N20,VIIRS,n,2,284.96,0.57,N,2
38.89421,-3.65681,312.08,0.48,0.4,2024-05-31,0225,N20,VIIRS,n,2,290.45,2.34,N,0
37.73559,-1.69161,313.51,0.41,0.45,2024-05-31,0225,N20,VIIRS,n,2,287.71,1.47,N,0
38.84726,-6.8119,302.35,0.39,0.36,2024-05-31,0225,N20,VIIRS,n,2,292.33,0.3,N,0
38.89099,-3.64051,300.95,0.48,0.4,2024-05-31,0225,N20,VIIRS,n,2,290.05,0.52,N,0
38.89527,-3.66219,325.33,0.48,0.4,2024-05-31,0225,N20,VIIRS,n,2,289.71,2.48,N,0
39.23273,-4.26204,303.22,0.45,0.39,2024-05-31,0225,N20,VIIRS,n,2,290.1,0.66,N,0
37.364,-5.93784,307.72,0.42,0.38,2024-05-31,0226,N20,VIIRS,n,2,291.78,0.56,N,0
40.48977,0.35634,332.02,0.35,0.56,2024-05-31,1207,N20,VIIRS,n,2,297.44,2.95,D,0
40.48576,0.3621,346.01,0.35,0.56,2024-05-31,1207,N20,VIIRS,n,2,300.19,4.43,D,0
36.84097,-2.14783,335.08,0.62,0.54,2024-05-31,1346,N20,VIIRS,n,2,298.33,2.11,D,0
38.87533,-6.92378,345.87,0.55,0.43,2024-05-31,1347,N20,VIIRS,n,2,310.76,6.17,D,0
37.58827,-5.53083,354.7,0.42,0.45,2024-05-31,1347,N20,VIIRS,n,2,313.25,11.24,D,0
37.63214,-5.51287,351.18,0.42,0.45,2024-05-31,1347,N20,VIIRS,n,2,312,6.18,D,0
38.79703,-6.5608,345.62,0.57,0.43,2024-05-31,1347,N20,VIIRS,l,2,316.83,10.55,D,0
38.80167,-6.55496,346.1,0.57,0.43,2024-05-31,1347,N20,VIIRS,l,2,319.58,10.55,D,0
43.54113,-5.82701,296.99,0.45,0.39,2024-06-01,0205,N20,VIIRS,n,2,284.36,3.1,N,0
41.31354,1.66103,314.08,0.46,0.39,2024-06-01,0205,N20,VIIRS,n,2,289.55,1.58,N,2
43.54935,-5.75584,300.67,0.45,0.39,2024-06-01,0205,N20,VIIRS,n,2,282.41,0.48,N,0
43.53827,-5.83346,314.27,0.45,0.39,2024-06-01,0205,N20,VIIRS,n,2,283.26,2.36,N,2
42.81431,-1.74394,296.52,0.38,0.36,2024-06-01,0205,N20,VIIRS,n,2,283.15,0.63,N,2
42.81357,-1.7393,301.46,0.38,0.36,2024-06-01,0205,N20,VIIRS,n,2,283.63,0.54,N,2
43.44165,-3.84111,308.05,0.4,0.37,2024-06-01,0205,N20,VIIRS,n,2,286.34,1.33,N,0
43.54182,-5.83264,328.67,0.45,0.39,2024-06-01,0205,N20,VIIRS,n,2,286.27,2.36,N,2
41.6479,-0.76917,300.52,0.4,0.37,2024-06-01,0205,N20,VIIRS,n,2,284.01,0.56,N,0
38.92897,-6.33883,308.21,0.42,0.38,2024-06-01,0206,N20,VIIRS,n,2,292.98,1.42,N,0
38.92961,-6.3437,326.05,0.42,0.38,2024-06-01,0206,N20,VIIRS,n,2,292.76,1.44,N,0
38.93306,-6.34293,304.83,0.42,0.38,2024-06-01,0206,N20,VIIRS,n,2,291.9,1.44,N,0
38.66578,-4.05384,315.67,0.39,0.36,2024-06-01,0206,N20,VIIRS,n,2,287.37,1.14,N,2
38.98777,-6.25843,319.81,0.42,0.38,2024-06-01,0206,N20,VIIRS,n,2,292.85,1.84,N,0
41.4746,-1.48577,309.41,0.39,0.36,2024-06-01,0206,N20,VIIRS,n,2,285.08,0.87,N,2
40.57807,0.54083,299.49,0.44,0.38,2024-06-01,0206,N20,VIIRS,n,2,284.95,0.41,N,2
38.7179,-3.27121,307.71,0.38,0.36,2024-06-01,0206,N20,VIIRS,n,2,287.66,1.31,N,0
37.48152,-3.76014,307.34,0.38,0.36,2024-06-01,0207,N20,VIIRS,n,2,285.79,0.79,N,0
36.96877,-1.90601,308.03,0.41,0.37,2024-06-01,0207,N20,VIIRS,n,2,290.02,0.63,N,2
38.85978,-6.95524,338.24,0.39,0.36,2024-06-01,1328,N20,VIIRS,l,2,310.39,2.83,D,0
38.92182,-6.31933,337.96,0.4,0.37,2024-06-01,1328,N20,VIIRS,l,2,309.38,1.8,D,0
37.24298,-6.07541,339.55,0.39,0.36,2024-06-01,1328,N20,VIIRS,l,2,313.44,6.14,D,0
39.57749,-5.73542,336.34,0.41,0.37,2024-06-01,1328,N20,VIIRS,l,2,309.81,6.97,D,0
43.53976,-5.82949,326.52,0.44,0.39,2024-06-01,1329,N20,VIIRS,n,2,286.99,1.63,D,2
43.53905,-5.83498,296.17,0.48,0.48,2024-06-02,0146,N20,VIIRS,n,2,283.46,2.17,N,2
43.53857,-5.8289,328.73,0.48,0.48,2024-06-02,0146,N20,VIIRS,n,2,282.2,2.17,N,2
41.40796,1.9993,312.55,0.38,0.36,2024-06-02,0146,N20,VIIRS,n,2,286.44,1.52,N,2
41.92289,0.18039,295.74,0.4,0.37,2024-06-02,0146,N20,VIIRS,n,2,280.85,0.89,N,2
42.79022,-4.57037,313.22,0.41,0.45,2024-06-02,0146,N20,VIIRS,n,2,278.97,1.58,N,0
43.34765,-8.4362,301.07,0.32,0.55,2024-06-02,0146,N20,VIIRS,n,2,286.14,0.4,N,2
38.37776,-0.545,300.22,0.4,0.37,2024-06-02,0147,N20,VIIRS,n,2,287.62,0.49,N,2
39.84766,-5.65758,305.56,0.43,0.46,2024-06-02,0147,N20,VIIRS,n,2,289.44,1.37,N,0
39.84811,-5.66263,322.47,0.43,0.46,2024-06-02,0147,N20,VIIRS,n,2,289.91,2.21,N,0
40.57743,0.54259,305.54,0.39,0.36,2024-06-02,0147,N20,VIIRS,n,2,288.77,0.73,N,2
41.47698,-1.48794,305.73,0.44,0.39,2024-06-02,0147,N20,VIIRS,n,2,285.55,0.92,N,2
39.84346,-5.65826,318.59,0.43,0.46,2024-06-02,0147,N20,VIIRS,n,2,290.01,1.37,N,0
36.96524,-1.90604,300.73,0.42,0.38,2024-06-02,0148,N20,VIIRS,n,2,289.23,0.65,N,2
37.20712,-6.07939,321.4,0.42,0.45,2024-06-02,0148,N20,VIIRS,n,2,290.84,2.38,N,0
37.35803,-6.67283,299.21,0.45,0.47,2024-06-02,0148,N20,VIIRS,n,2,289.17,0.51,N,0
36.96867,-1.90532,305.7,0.42,0.38,2024-06-02,0148,N20,VIIRS,n,2,289.87,0.65,N,2
38.85608,-6.9715,312.07,0.49,0.48,2024-06-02,0148,N20,VIIRS,n,2,289.65,1.36,N,0
38.86054,-6.97087,308.91,0.49,0.48,2024-06-02,0148,N20,VIIRS,n,2,291.01,1.36,N,0
38.11715,-1.27153,330.98,0.4,0.37,2024-06-02,1309,N20,VIIRS,l,2,305.45,1.66,D,0
43.5223,-5.72975,336.06,0.39,0.36,2024-06-02,1310,N20,VIIRS,n,2,302.11,5.62,D,2
43.54058,-5.82952,332.97,0.39,0.36,2024-06-02,1310,N20,VIIRS,n,2,296.83,2.45,D,2
41.45692,1.97963,300.8,0.5,0.41,2024-06-03,0128,N20,VIIRS,n,2,287.3,0.85,N,0
38.37646,-0.54519,299.54,0.4,0.44,2024-06-03,0128,N20,VIIRS,n,2,286.99,0.81,N,2
39.0189,-1.64451,299.58,0.46,0.47,2024-06-03,0128,N20,VIIRS,n,2,283.66,0.71,N,0
39.01766,-1.64517,307.35,0.46,0.47,2024-06-03,0128,N20,VIIRS,n,2,283.93,1.36,N,0
40.5789,0.53957,299.3,0.56,0.43,2024-06-03,0128,N20,VIIRS,n,2,287.62,0.81,N,2
41.47743,-1.48938,300.05,0.48,0.48,2024-06-03,0128,N20,VIIRS,n,2,284.21,1.34,N,2
37.35786,-6.67413,298.84,0.42,0.61,2024-06-03,0129,N20,VIIRS,n,2,287.97,0.53,N,0
37.36069,-6.67513,298.16,0.42,0.61,2024-06-03,0129,N20,VIIRS,n,2,287.75,0.74,N,0
37.3638,-5.94037,306.95,0.38,0.59,2024-06-03,0129,N20,VIIRS,n,2,288.24,0.86,N,0
37.64919,-5.15818,308.35,0.34,0.56,2024-06-03,0129,N20,VIIRS,n,2,287.58,0.69,N,0
40.24588,-3.47751,296.81,0.53,0.67,2024-06-03,0308,N20,VIIRS,n,2,285.5,0.71,N,2
38.32098,-6.71762,305.69,0.41,0.61,2024-06-03,0309,N20,VIIRS,n,2,289.52,1.12,N,0
38.32127,-6.71912,304.42,0.41,0.61,2024-06-03,0309,N20,VIIRS,n,2,288.45,0.78,N,0
36.09321,-5.6445,346.44,0.48,0.48,2024-06-03,1250,N20,VIIRS,n,2,316.69,63.67,D,0
37.93107,-4.49907,340.26,0.39,0.44,2024-06-03,1250,N20,VIIRS,n,2,307.2,5.06,D,0
36.09878,-5.66087,339.26,0.49,0.48,2024-06-03,1250,N20,VIIRS,n,2,294.3,60.79,D,0
36.0999,-5.65595,342.85,0.49,0.48,2024-06-03,1250,N20,VIIRS,n,2,296.04,206.11,D,0
36.09562,-5.65436,367,0.49,0.48,2024-06-03,1250,N20,VIIRS,l,2,348.98,206.11,D,0
36.09307,-5.66557,348.11,0.49,0.48,2024-06-03,1250,N20,VIIRS,n,2,295.9,60.79,D,0
36.09444,-5.65956,367,0.49,0.48,2024-06-03,1250,N20,VIIRS,h,2,330.15,60.79,D,0
36.09012,-5.65814,367,0.49,0.48,2024-06-03,1250,N20,VIIRS,l,2,325.67,102.38,D,0
36.09125,-5.65315,367,0.49,0.48,2024-06-03,1250,N20,VIIRS,h,2,338.1,112.05,D,0
36.09224,-5.6488,367,0.48,0.48,2024-06-03,1250,N20,VIIRS,h,2,342.48,112.05,D,0
36.08782,-5.64782,336.04,0.48,0.48,2024-06-03,1250,N20,VIIRS,n,2,299.34,112.05,D,0
36.0888,-5.64349,349.52,0.48,0.48,2024-06-03,1250,N20,VIIRS,n,2,303.64,63.67,D,0
36.09074,-5.65645,367,0.49,0.48,2024-06-03,1250,N20,VIIRS,l,2,337.3,151.19,D,0
36.09272,-5.64747,367,0.49,0.48,2024-06-03,1250,N20,VIIRS,l,2,348.48,68.7,D,0
36.09368,-5.64313,343.4,0.48,0.48,2024-06-03,1250,N20,VIIRS,n,2,304.04,68.7,D,0
36.09177,-5.65176,367,0.49,0.48,2024-06-03,1250,N20,VIIRS,h,2,336.43,151.19,D,0
36.08831,-5.64649,352.25,0.49,0.48,2024-06-03,1250,N20,VIIRS,n,2,304.77,68.7,D,0
36.08929,-5.64205,342.15,0.48,0.48,2024-06-03,1250,N20,VIIRS,n,2,301.08,68.7,D,0
40.57555,0.54203,304.9,0.33,0.55,2024-06-04,0109,N20,VIIRS,n,2,288.07,0.54,N,2
41.47472,-1.48639,300.33,0.42,0.61,2024-06-04,0109,N20,VIIRS,n,2,285.71,0.63,N,2
40.57872,0.5411,305.73,0.33,0.55,2024-06-04,0109,N20,VIIRS,n,2,287.97,0.63,N,2
39.66417,-0.24767,302.46,0.35,0.57,2024-06-04,0109,N20,VIIRS,n,2,285.58,1.37,N,2
39.66388,-0.2488,299.91,0.35,0.57,2024-06-04,0109,N20,VIIRS,n,2,284.63,0.79,N,2
36.10749,-5.6588,338.09,0.66,0.73,2024-06-04,0110,N20,VIIRS,n,2,288.78,6.55,N,0
36.10231,-5.65347,319.92,0.66,0.73,2024-06-04,0110,N20,VIIRS,n,2,287.9,7.2,N,0
36.10242,-5.6589,339.92,0.66,0.73,2024-06-04,0110,N20,VIIRS,n,2,288.79,4.05,N,0
36.10054,-5.65317,315.51,0.66,0.73,2024-06-04,0110,N20,VIIRS,n,2,287.36,4.7,N,0
36.10923,-5.65889,301.45,0.66,0.73,2024-06-04,0110,N20,VIIRS,n,2,287.52,4.05,N,0
36.1007,-5.659,306.66,0.66,0.73,2024-06-04,0110,N20,VIIRS,n,2,286.83,4.7,N,0
36.10119,-5.67828,299.34,0.66,0.73,2024-06-04,0110,N20,VIIRS,n,2,288.15,1.95,N,0
36.10258,-5.66619,310.79,0.66,0.73,2024-06-04,0110,N20,VIIRS,n,2,287.81,4.05,N,0
36.1028,-5.67741,313.56,0.66,0.73,2024-06-04,0110,N20,VIIRS,n,2,288.47,4.12,N,0
36.10219,-5.64808,339.81,0.66,0.73,2024-06-04,0110,N20,VIIRS,n,2,290.76,7.2,N,0
36.0942,-5.67115,305.52,0.66,0.73,2024-06-04,0110,N20,VIIRS,n,2,287.88,1.95,N,0
36.1004,-5.64788,343.59,0.66,0.73,2024-06-04,0110,N20,VIIRS,n,2,290.66,9.42,N,0
36.10764,-5.66466,313.02,0.66,0.73,2024-06-04,0110,N20,VIIRS,n,2,287.46,3.22,N,0
36.10791,-5.67492,304.66,0.66,0.73,2024-06-04,0110,N20,VIIRS,n,2,287.36,3.22,N,0
43.34618,-8.43435,297.83,0.47,0.4,2024-06-04,0249,N20,VIIRS,n,2,287.54,0.69,N,2
36.10437,-5.65746,315.91,0.6,0.53,2024-06-04,0251,N20,VIIRS,n,2,288.53,4.36,N,0
36.10264,-5.67152,341.77,0.6,0.53,2024-06-04,0251,N20,VIIRS,n,2,292.52,10.2,N,0
36.10128,-5.66589,306.43,0.6,0.53,2024-06-04,0251,N20,VIIRS,n,2,288.4,10.2,N,0
36.09605,-5.64403,307.49,0.6,0.53,2024-06-04,0251,N20,VIIRS,n,2,287.75,0.78,N,0
36.10666,-5.66988,344.04,0.6,0.53,2024-06-04,0251,N20,VIIRS,n,2,293.03,23.71,N,0
36.10519,-5.66389,337.29,0.6,0.53,2024-06-04,0251,N20,VIIRS,n,2,292.19,7.8,N,0
36.10144,-5.64869,338.1,0.6,0.53,2024-06-04,0251,N20,VIIRS,n,2,291.47,7.51,N,0
36.10335,-5.65643,318.74,0.6,0.53,2024-06-04,0251,N20,VIIRS,n,2,288.8,7.8,N,0
36.10173,-5.67061,320.38,0.6,0.53,2024-06-04,0251,N20,VIIRS,n,2,290.89,4.91,N,0
36.10756,-5.67081,326.28,0.6,0.53,2024-06-04,0251,N20,VIIRS,n,2,288.82,10.84,N,0
36.10612,-5.6648,342.65,0.6,0.53,2024-06-04,0251,N20,VIIRS,n,2,293.52,10.84,N,0
36.10249,-5.64959,335.07,0.6,0.53,2024-06-04,0251,N20,VIIRS,n,2,291.82,4.36,N,0
36.10059,-5.64164,301.13,0.6,0.53,2024-06-04,0251,N20,VIIRS,n,2,289.15,2.43,N,0
37.22479,-3.69224,339.03,0.32,0.55,2024-06-04,1231,N20,VIIRS,n,2,308.41,3.86,D,0
38.72007,-0.67452,332.94,0.42,0.45,2024-06-04,1231,N20,VIIRS,l,2,307.31,1.35,D,0
37.42356,-5.93059,334.42,0.42,0.61,2024-06-04,1231,N20,VIIRS,l,2,305.41,2.33,D,0
37.01303,-6.04871,333.68,0.43,0.62,2024-06-04,1231,N20,VIIRS,n,2,302.25,3.19,D,0
37.22549,-3.69205,340.72,0.32,0.55,2024-06-04,1231,N20,VIIRS,n,2,308.47,5.16,D,0
37.22639,-3.68848,330.82,0.32,0.55,2024-06-04,1231,N20,VIIRS,l,2,305.57,2.93,D,0
37.22567,-3.68866,340.49,0.32,0.55,2024-06-04,1231,N20,VIIRS,n,2,305.98,2.64,D,0
36.66813,-5.84419,344.47,0.43,0.62,2024-06-04,1231,N20,VIIRS,n,2,305.68,7.21,D,0
36.66147,-5.84652,367,0.43,0.62,2024-06-04,1231,N20,VIIRS,h,2,302.22,7.21,D,0
36.6627,-5.8419,367,0.43,0.62,2024-06-04,1231,N20,VIIRS,h,2,302.16,7.21,D,0
36.65728,-5.8396,356.34,0.43,0.62,2024-06-04,1231,N20,VIIRS,l,2,301.87,7.42,D,0
36.65605,-5.84421,367,0.43,0.62,2024-06-04,1231,N20,VIIRS,h,2,301.45,7.42,D,0
36.10625,-5.64939,350.19,0.44,0.62,2024-06-04,1231,N20,VIIRS,n,2,284.26,6.27,D,0
36.10723,-5.64577,335.1,0.44,0.62,2024-06-04,1231,N20,VIIRS,n,2,283.3,5.77,D,0
38.72408,-0.67597,336.39,0.42,0.45,2024-06-04,1231,N20,VIIRS,l,2,307.03,1.35,D,0
38.06157,-3.96371,341.87,0.63,0.54,2024-06-04,1231,N20,VIIRS,n,2,303.5,3.27,D,0
38.05983,-3.97079,347.78,0.64,0.54,2024-06-04,1231,N20,VIIRS,n,2,307.13,11.58,D,0
38.05807,-3.97794,334.91,0.64,0.54,2024-06-04,1231,N20,VIIRS,n,2,305.53,11.58,D,0
38.06641,-3.96539,330.21,0.63,0.54,2024-06-04,1231,N20,VIIRS,l,2,301.76,3.27,D,0
38.06287,-3.96384,341.08,0.63,0.54,2024-06-04,1231,N20,VIIRS,n,2,302.25,11.33,D,0
38.06109,-3.97091,352.1,0.63,0.54,2024-06-04,1231,N20,VIIRS,n,2,306.59,11.33,D,0
38.05929,-3.97805,342.06,0.64,0.54,2024-06-04,1231,N20,VIIRS,n,2,305.49,9.89,D,0
39.47004,-0.42473,341.13,0.39,0.44,2024-06-04,1231,N20,VIIRS,n,2,301.97,4.91,D,0
39.4691,-0.42912,339.51,0.39,0.44,2024-06-04,1231,N20,VIIRS,n,2,303.63,4.23,D,0
39.50189,-1.11499,337.3,0.42,0.45,2024-06-04,1231,N20,VIIRS,l,2,309.98,1.83,D,0
38.8558,-6.96851,332.73,0.43,0.62,2024-06-04,1232,N20,VIIRS,n,2,300.04,2.13,D,0
43.53832,-5.82652,327.65,0.57,0.52,2024-06-04,1233,N20,VIIRS,n,2,286.26,5.64,D,2
43.53929,-5.82778,331.37,0.57,0.52,2024-06-04,1233,N20,VIIRS,n,2,287.51,3,D,2
36.10667,-5.65239,367,0.44,0.63,2024-06-04,1411,N20,VIIRS,h,2,296.63,17.31,D,0
36.10075,-5.65167,367,0.44,0.62,2024-06-04,1411,N20,VIIRS,h,2,301.94,19.31,D,0
36.10605,-5.6657,333.87,0.44,0.62,2024-06-04,1411,N20,VIIRS,l,2,304.56,4.24,D,0
36.1003,-5.66453,356.17,0.44,0.62,2024-06-04,1411,N20,VIIRS,n,2,309.47,16.21,D,0
36.10053,-5.65953,331.26,0.44,0.63,2024-06-04,1411,N20,VIIRS,n,2,304.75,16.45,D,0
36.10116,-5.64597,342.52,0.44,0.63,2024-06-04,1411,N20,VIIRS,n,2,298.9,13.53,D,0
36.10082,-5.65323,367,0.44,0.63,2024-06-04,1411,N20,VIIRS,h,2,302.61,16.45,D,0
36.10587,-5.6647,334.99,0.44,0.62,2024-06-04,1411,N20,VIIRS,n,2,305.54,4.65,D,0
36.10661,-5.65082,367,0.44,0.62,2024-06-04,1411,N20,VIIRS,h,2,299.22,29.27,D,0
36.10114,-5.64437,338.71,0.44,0.63,2024-06-04,1411,N20,VIIRS,n,2,299.22,8.93,D,0
36.10012,-5.66346,367,0.44,0.62,2024-06-04,1411,N20,VIIRS,h,2,310.35,14.07,D,0
37.09671,-6.13292,334.72,0.42,0.61,2024-06-04,1412,N20,VIIRS,n,2,305.04,4.62,D,0
41.92266,0.18045,297.07,0.49,0.49,2024-06-05,0230,N20,VIIRS,n,2,286.75,0.62,N,2
43.34625,-8.43795,308.38,0.38,0.36,2024-06-05,0230,N20,VIIRS,n,2,288.42,1.25,N,2
41.47753,-1.48718,297.32,0.42,0.45,2024-06-05,0230,N20,VIIRS,n,2,284.94,0.7,N,2
43.54039,-5.82902,297.1,0.41,0.37,2024-06-05,0230,N20,VIIRS,n,2,286.87,0.39,N,2
38.08451,-3.61591,317.84,0.39,0.44,2024-06-05,0231,N20,VIIRS,n,2,290.02,1.35,N,0
38.92708,-6.34492,313.62,0.44,0.38,2024-06-05,0231,N20,VIIRS,n,2,292.72,1.34,N,0
38.37652,-0.54613,298.28,0.55,0.51,2024-06-05,0231,N20,VIIRS,n,2,287.16,0.67,N,2
37.33306,-6.10827,299.98,0.47,0.4,2024-06-05,0232,N20,VIIRS,n,2,288.49,0.74,N,0
37.3285,-6.10411,299.71,0.47,0.4,2024-06-05,0232,N20,VIIRS,n,2,288.39,0.74,N,0
36.1072,-5.6702,327.89,0.51,0.41,2024-06-05,0232,N20,VIIRS,n,2,290.03,4.31,N,0
37.33003,-6.10742,312.79,0.47,0.4,2024-06-05,0232,N20,VIIRS,n,2,288.89,1.22,N,0
36.96675,-1.90466,302.01,0.5,0.49,2024-06-05,0232,N20,VIIRS,n,2,289.41,1.27,N,2
36.10374,-5.65276,299.18,0.51,0.41,2024-06-05,0232,N20,VIIRS,n,2,288.14,0.68,N,0
38.86378,-3.30883,341.67,0.49,0.65,2024-06-05,1213,N20,VIIRS,n,2,300.32,9.28,D,0
38.86692,-3.30799,335.4,0.49,0.65,2024-06-05,1213,N20,VIIRS,n,2,299.68,3.76,D,0
38.86538,-3.31338,336.63,0.49,0.65,2024-06-05,1213,N20,VIIRS,n,2,299.4,3.76,D,0
43.54062,-5.83119,335.65,0.41,0.37,2024-06-06,0211,N20,VIIRS,n,2,286.15,5.87,N,2
43.03376,-2.21791,300.6,0.39,0.36,2024-06-06,0211,N20,VIIRS,n,2,276.98,0.6,N,2
43.52648,-5.72609,314.39,0.41,0.37,2024-06-06,0211,N20,VIIRS,n,2,283.35,1.86,N,2
43.52378,-5.73195,300.37,0.41,0.37,2024-06-06,0211,N20,VIIRS,n,2,283.37,1.3,N,2
43.52716,-5.73106,324.99,0.41,0.37,2024-06-06,0211,N20,VIIRS,n,2,284.02,1.86,N,2
43.54602,-5.84546,299.23,0.41,0.37,2024-06-06,0211,N20,VIIRS,n,2,282.94,0.82,N,2
38.37665,-0.54438,301.03,0.49,0.4,2024-06-06,0212,N20,VIIRS,n,2,287.19,0.68,N,2
40.57756,0.54267,296.31,0.5,0.41,2024-06-06,0212,N20,VIIRS,n,2,274.56,0.39,N,2
40.36194,-3.5615,297.72,0.39,0.36,2024-06-06,0212,N20,VIIRS,n,2,282.31,0.65,N,0
38.66719,-4.05139,298.37,0.39,0.36,2024-06-06,0212,N20,VIIRS,n,2,282.33,1.04,N,2
36.96556,-1.90576,308.91,0.45,0.39,2024-06-06,0213,N20,VIIRS,n,2,292.54,1.31,N,2
36.76596,-2.772,303.4,0.43,0.38,2024-06-06,0213,N20,VIIRS,n,2,288.73,0.76,N,0
38.38003,-6.48231,299.95,0.39,0.36,2024-06-06,0213,N20,VIIRS,n,2,289.39,0.63,N,2
37.36193,-5.86351,301.35,0.38,0.36,2024-06-06,0213,N20,VIIRS,n,2,285.66,0.66,N,2
37.17827,-6.8929,303.71,0.39,0.36,2024-06-06,0213,N20,VIIRS,n,2,288.32,0.86,N,0
37.57472,-5.69343,337.03,0.44,0.39,2024-06-06,1334,N20,VIIRS,n,2,294.64,6.34,D,0
37.57533,-5.68842,345.3,0.44,0.39,2024-06-06,1334,N20,VIIRS,n,2,296.95,6.34,D,0
40.4024,-3.40331,353.52,0.4,0.44,2024-06-06,1335,N20,VIIRS,n,2,312.97,37.69,D,0
41.45663,1.98209,310.56,0.39,0.36,2024-06-07,0153,N20,VIIRS,n,2,291.19,1.25,N,2
40.5764,0.54388,317.46,0.38,0.36,2024-06-07,0153,N20,VIIRS,n,2,291.95,1.36,N,2
41.31439,1.66569,300.92,0.39,0.36,2024-06-07,0153,N20,VIIRS,n,2,288.31,0.67,N,0
36.88343,-2.26048,314.12,0.39,0.36,2024-06-07,0154,N20,VIIRS,n,2,275.51,1.75,N,0
36.97235,-2.21907,321.59,0.39,0.36,2024-06-07,0154,N20,VIIRS,n,2,286.9,2.58,N,0
36.97484,-2.23631,311.48,0.39,0.36,2024-06-07,0154,N20,VIIRS,n,2,274.78,1.43,N,0
36.97173,-2.21485,305.56,0.39,0.36,2024-06-07,0154,N20,VIIRS,n,2,275.59,2.58,N,0
36.97153,-2.23718,322.61,0.39,0.36,2024-06-07,0154,N20,VIIRS,n,2,284.58,19.08,N,0
36.9709,-2.23278,345.94,0.39,0.36,2024-06-07,0154,N20,VIIRS,n,2,302.01,19.08,N,0
36.97027,-2.2284,367,0.39,0.36,2024-06-07,0154,N20,VIIRS,h,2,329.78,38.32,N,0
36.96965,-2.22411,334.17,0.39,0.36,2024-06-07,0154,N20,VIIRS,n,2,312.66,38.32,N,0
36.96903,-2.21984,345.33,0.39,0.36,2024-06-07,0154,N20,VIIRS,n,2,296.22,7.12,N,0
36.97216,-2.24151,310.51,0.39,0.36,2024-06-07,0154,N20,VIIRS,n,2,280.24,3.87,N,0
36.96841,-2.21563,312.97,0.39,0.36,2024-06-07,0154,N20,VIIRS,n,2,280.4,7.12,N,0
36.96823,-2.23805,322.49,0.39,0.36,2024-06-07,0154,N20,VIIRS,n,2,291.86,19.08,N,0
36.9676,-2.23367,346.81,0.39,0.36,2024-06-07,0154,N20,VIIRS,n,2,303.02,19.08,N,0
36.96696,-2.22927,331.63,0.39,0.36,2024-06-07,0154,N20,VIIRS,n,2,305.49,38.32,N,0
36.96634,-2.22496,339.96,0.39,0.36,2024-06-07,0154,N20,VIIRS,n,2,293.09,38.32,N,0
36.96572,-2.22068,347.99,0.39,0.36,2024-06-07,0154,N20,VIIRS,n,2,291.56,7.12,N,0
36.9651,-2.21643,317.83,0.39,0.36,2024-06-07,0154,N20,VIIRS,n,2,286.7,7.12,N,0
36.96429,-2.23455,330.54,0.39,0.36,2024-06-07,0154,N20,VIIRS,n,2,286.4,2.21,N,0
36.96366,-2.23016,329.13,0.39,0.36,2024-06-07,0154,N20,VIIRS,n,2,293.02,2.24,N,0
36.96304,-2.22583,321.71,0.39,0.36,2024-06-07,0154,N20,VIIRS,n,2,282.85,2.24,N,0
36.96492,-2.2389,318.9,0.39,0.36,2024-06-07,0154,N20,VIIRS,n,2,283.78,2.21,N,0
36.96241,-2.22153,313.19,0.39,0.36,2024-06-07,0154,N20,VIIRS,n,2,276.68,1.17,N,0
36.96179,-2.21724,311.61,0.39,0.36,2024-06-07,0154,N20,VIIRS,n,2,278.36,1.17,N,0
36.96098,-2.2354,325.17,0.39,0.36,2024-06-07,0154,N20,VIIRS,n,2,277.38,2.21,N,0
36.96035,-2.23103,320.71,0.39,0.36,2024-06-07,0154,N20,VIIRS,n,2,289.27,2.24,N,0
36.95972,-2.22668,320.99,0.39,0.36,2024-06-07,0154,N20,VIIRS,n,2,289.35,2.24,N,0
36.9591,-2.22234,316.39,0.39,0.36,2024-06-07,0154,N20,VIIRS,n,2,286.11,1.17,N,0
36.95847,-2.21802,305.25,0.39,0.36,2024-06-07,0154,N20,VIIRS,n,2,273.7,1.17,N,0
36.95515,-2.21882,330.23,0.39,0.36,2024-06-07,0154,N20,VIIRS,n,2,282.98,4.2,N,0
36.9539,-2.21016,324.44,0.39,0.36,2024-06-07,0154,N20,VIIRS,n,2,283.81,3.7,N,0
36.95829,-2.24054,304.95,0.39,0.36,2024-06-07,0154,N20,VIIRS,n,2,275.76,1.3,N,0
36.95767,-2.23624,310.65,0.39,0.36,2024-06-07,0154,N20,VIIRS,n,2,275.1,1.3,N,0
36.95058,-2.21092,328.94,0.39,0.36,2024-06-07,0154,N20,VIIRS,n,2,283.39,3.7,N,0
36.94188,-2.22198,322.13,0.39,0.36,2024-06-07,0154,N20,VIIRS,n,2,294.75,4.12,N,0
36.93857,-2.22275,333.94,0.39,0.36,2024-06-07,0154,N20,VIIRS,n,2,295.76,4.12,N,0
36.93794,-2.2184,339.69,0.39,0.36,2024-06-07,0154,N20,VIIRS,n,2,294.84,7.95,N,0
36.93193,-2.22429,323.71,0.39,0.36,2024-06-07,0154,N20,VIIRS,n,2,294.96,5.89,N,0
36.9313,-2.21991,316,0.39,0.36,2024-06-07,0154,N20,VIIRS,n,2,276.69,1.19,N,0
36.92861,-2.22505,340.68,0.39,0.36,2024-06-07,0154,N20,VIIRS,n,2,294.46,7.93,N,0
36.91474,-2.23972,344.08,0.39,0.36,2024-06-07,0154,N20,VIIRS,n,2,298.55,10.97,N,0
36.9141,-2.23535,333.05,0.39,0.36,2024-06-07,0154,N20,VIIRS,n,2,283.76,10.97,N,0
36.91347,-2.23099,327.79,0.39,0.36,2024-06-07,0154,N20,VIIRS,n,2,281.8,3.74,N,0
36.91206,-2.24486,348.66,0.39,0.36,2024-06-07,0154,N20,VIIRS,n,2,300.38,10.88,N,0
36.91142,-2.24048,347.67,0.39,0.36,2024-06-07,0154,N20,VIIRS,n,2,303.73,8.99,N,0
36.91269,-2.24923,316.66,0.39,0.36,2024-06-07,0154,N20,VIIRS,n,2,285.79,10.88,N,0
36.90937,-2.24999,324.81,0.39,0.36,2024-06-07,0154,N20,VIIRS,n,2,294.18,10.88,N,0
36.90873,-2.24562,351.66,0.39,0.36,2024-06-07,0154,N20,VIIRS,n,2,298.67,10.88,N,0
36.9081,-2.24125,325.6,0.39,0.36,2024-06-07,0154,N20,VIIRS,n,2,294.91,8.99,N,0
36.90746,-2.23688,324.41,0.39,0.36,2024-06-07,0154,N20,VIIRS,n,2,290.1,8.99,N,0
36.90683,-2.23253,344.32,0.39,0.36,2024-06-07,0154,N20,VIIRS,n,2,294.59,11.99,N,0
36.90605,-2.25076,347.95,0.39,0.36,2024-06-07,0154,N20,VIIRS,n,2,294.61,8.02,N,0
36.90541,-2.24638,329.31,0.39,0.36,2024-06-07,0154,N20,VIIRS,n,2,287.36,8.02,N,0
36.90478,-2.24201,339.19,0.39,0.36,2024-06-07,0154,N20,VIIRS,n,2,287.93,2.28,N,0
36.90351,-2.23327,334.84,0.39,0.36,2024-06-07,0154,N20,VIIRS,n,2,281.49,2.36,N,0
36.90414,-2.23764,314.5,0.39,0.36,2024-06-07,0154,N20,VIIRS,n,2,268.48,2.28,N,0
36.90336,-2.25588,327.26,0.39,0.36,2024-06-07,0154,N20,VIIRS,n,2,281.45,5.25,N,0
36.90273,-2.25153,343.92,0.39,0.36,2024-06-07,0154,N20,VIIRS,n,2,288.66,8.02,N,0
36.9021,-2.24715,315.16,0.39,0.36,2024-06-07,0154,N20,VIIRS,n,2,283.25,8.02,N,0
36.90146,-2.24278,312.28,0.39,0.36,2024-06-07,0154,N20,VIIRS,n,2,281.05,2.28,N,0
36.90019,-2.23404,313.13,0.39,0.36,2024-06-07,0154,N20,VIIRS,n,2,273.37,2.36,N,0
36.90004,-2.25665,332.7,0.39,0.36,2024-06-07,0154,N20,VIIRS,n,2,278.15,1.99,N,0
36.89941,-2.25229,317,0.39,0.36,2024-06-07,0154,N20,VIIRS,n,2,282.11,1.51,N,0
36.89877,-2.24792,307.76,0.39,0.36,2024-06-07,0154,N20,VIIRS,n,2,276.98,1.51,N,0
36.89672,-2.25742,324.54,0.39,0.36,2024-06-07,0154,N20,VIIRS,n,2,277.09,1.99,N,0
36.89609,-2.25305,322.68,0.39,0.36,2024-06-07,0154,N20,VIIRS,n,2,281.62,1.51,N,0
36.89735,-2.26179,306.2,0.39,0.36,2024-06-07,0154,N20,VIIRS,n,2,274.95,1.99,N,0
36.89545,-2.24868,319.49,0.39,0.36,2024-06-07,0154,N20,VIIRS,n,2,279.11,1.51,N,0
36.8934,-2.25818,312.46,0.39,0.36,2024-06-07,0154,N20,VIIRS,n,2,283.49,2.47,N,0
36.89071,-2.26332,333.32,0.39,0.36,2024-06-07,0154,N20,VIIRS,n,2,289.9,2.47,N,0
36.89135,-2.26769,307.27,0.39,0.36,2024-06-07,0154,N20,VIIRS,n,2,280.18,1.73,N,0
36.97296,-2.22332,334.4,0.39,0.36,2024-06-07,0154,N20,VIIRS,n,2,300.98,7.72,N,0
36.98022,-2.22608,307.2,0.39,0.36,2024-06-07,0154,N20,VIIRS,n,2,275.97,1.01,N,0
36.97961,-2.22188,305.42,0.39,0.36,2024-06-07,0154,N20,VIIRS,n,2,274.73,1.01,N,0
36.97899,-2.21759,304.43,0.39,0.36,2024-06-07,0154,N20,VIIRS,n,2,276.8,2.43,N,0
36.9769,-2.22683,320.57,0.39,0.36,2024-06-07,0154,N20,VIIRS,n,2,288.92,7.72,N,0
36.97814,-2.23544,305.32,0.39,0.36,2024-06-07,0154,N20,VIIRS,n,2,275.73,1.43,N,0
36.97752,-2.23111,315.75,0.39,0.36,2024-06-07,0154,N20,VIIRS,n,2,288.93,1.43,N,0
36.97629,-2.22261,317.01,0.39,0.36,2024-06-07,0154,N20,VIIRS,n,2,290.12,7.72,N,0
36.97421,-2.23193,327.85,0.39,0.36,2024-06-07,0154,N20,VIIRS,n,2,286.98,1.43,N,0
36.97358,-2.22759,346.48,0.39,0.36,2024-06-07,0154,N20,VIIRS,n,2,294.27,7.72,N,0
36.91727,-2.24104,355.04,0.4,0.37,2024-06-07,1315,N20,VIIRS,n,2,320.83,11.83,D,0
36.91483,-2.25905,347.33,0.4,0.37,2024-06-07,1315,N20,VIIRS,n,2,313.96,12.63,D,0
36.91177,-2.23053,341.03,0.4,0.37,2024-06-07,1315,N20,VIIRS,l,2,314.34,4.18,D,0
36.91086,-2.26284,367,0.4,0.37,2024-06-07,1315,N20,VIIRS,h,2,316.89,11.13,D,0
36.91208,-2.2538,355.88,0.4,0.37,2024-06-07,1315,N20,VIIRS,n,2,321.96,12.63,D,0
36.91147,-2.25831,353,0.4,0.37,2024-06-07,1315,N20,VIIRS,n,2,316.39,12.63,D,0
36.9185,-2.232,341.57,0.4,0.37,2024-06-07,1315,N20,VIIRS,l,2,312.87,10,D,0
36.91788,-2.23653,354.81,0.4,0.37,2024-06-07,1315,N20,VIIRS,n,2,322.95,11.83,D,0
36.91666,-2.24555,345.53,0.4,0.37,2024-06-07,1315,N20,VIIRS,n,2,318.19,11.43,D,0
39.99457,-0.04789,335.91,0.51,0.41,2024-06-07,1315,N20,VIIRS,n,2,294.41,4,D,0
36.97906,-2.2538,349.9,0.4,0.37,2024-06-07,1315,N20,VIIRS,n,2,316.56,18.25,D,0
36.97965,-2.24942,350.31,0.4,0.37,2024-06-07,1315,N20,VIIRS,n,2,317.89,18.25,D,0
36.97819,-2.25086,354.37,0.4,0.37,2024-06-07,1315,N20,VIIRS,n,2,322.53,19.02,D,0
36.97878,-2.24649,337.95,0.4,0.37,2024-06-07,1315,N20,VIIRS,l,2,311.77,7.58,D,0
36.97425,-2.25443,351.16,0.4,0.37,2024-06-07,1315,N20,VIIRS,n,2,316.83,19.02,D,0
36.9767,-2.23646,347.72,0.4,0.37,2024-06-07,1315,N20,VIIRS,n,2,312.04,5.69,D,0
36.97091,-2.2536,346.4,0.4,0.37,2024-06-07,1315,N20,VIIRS,l,2,317.17,6.29,D,0
36.96697,-2.25713,350.11,0.4,0.37,2024-06-07,1315,N20,VIIRS,n,2,315.16,4.96,D,0
36.96757,-2.25272,342.54,0.4,0.37,2024-06-07,1315,N20,VIIRS,l,2,317.18,6.29,D,0
36.96424,-2.25186,353.75,0.4,0.37,2024-06-07,1315,N20,VIIRS,n,2,318.01,8.43,D,0
36.92277,-2.25153,336.67,0.4,0.37,2024-06-07,1315,N20,VIIRS,n,2,310.89,37.98,D,0
36.92338,-2.24703,344.64,0.4,0.37,2024-06-07,1315,N20,VIIRS,n,2,311.52,37.98,D,0
36.924,-2.24252,345.1,0.4,0.37,2024-06-07,1315,N20,VIIRS,n,2,311.8,50.43,D,0
36.92461,-2.238,337.62,0.4,0.37,2024-06-07,1315,N20,VIIRS,l,2,311.91,50.43,D,0
36.92063,-2.24179,367,0.4,0.37,2024-06-07,1315,N20,VIIRS,l,2,351.79,50.43,D,0
36.92125,-2.23727,367,0.4,0.37,2024-06-07,1315,N20,VIIRS,l,2,325.63,50.43,D,0
36.9188,-2.25529,343,0.4,0.37,2024-06-07,1315,N20,VIIRS,n,2,311.79,6.38,D,0
36.91758,-2.2643,367,0.4,0.37,2024-06-07,1315,N20,VIIRS,h,2,312.39,11.32,D,0
36.92002,-2.2463,367,0.4,0.37,2024-06-07,1315,N20,VIIRS,h,2,336.61,37.98,D,0
36.91422,-2.26357,353.32,0.4,0.37,2024-06-07,1315,N20,VIIRS,n,2,320.48,11.13,D,0
43.52694,-5.73164,337.09,0.39,0.36,2024-06-07,1317,N20,VIIRS,n,2,295.68,5.54,D,2
42.19517,0.59506,295.1,0.5,0.41,2024-06-08,0133,N20,VIIRS,n,2,261.03,1.06,N,0
39.01975,-1.65476,329.93,0.38,0.44,2024-06-08,0134,N20,VIIRS,n,2,289.14,1.83,N,0
39.01929,-1.65023,297.02,0.38,0.43,2024-06-08,0134,N20,VIIRS,n,2,286.79,1.83,N,0
41.73492,0.62227,298.33,0.49,0.4,2024-06-08,0134,N20,VIIRS,n,2,268.33,0.71,N,0
39.02023,-1.65928,301.11,0.38,0.44,2024-06-08,0134,N20,VIIRS,n,2,286.89,1.04,N,0
37.17673,-6.89527,299.62,0.35,0.57,2024-06-08,0135,N20,VIIRS,n,2,286.73,0.45,N,0
37.35822,-5.86415,296.87,0.58,0.7,2024-06-08,0315,N20,VIIRS,n,2,286.82,0.96,N,2
36.96929,-1.90655,304.77,0.34,0.56,2024-06-09,0116,N20,VIIRS,n,2,288.81,0.68,N,2
38.66677,-4.0524,296.33,0.46,0.64,2024-06-09,0116,N20,VIIRS,n,2,266.37,0.81,N,2
36.96763,-1.90519,311.63,0.34,0.56,2024-06-09,0116,N20,VIIRS,n,2,290.11,0.78,N,2
38.66767,-4.0493,299.19,0.38,0.59,2024-06-09,0256,N20,VIIRS,n,2,279.74,0.77,N,2
38.29728,-1.02632,301.12,0.55,0.68,2024-06-09,0256,N20,VIIRS,n,2,284.92,0.88,N,0
38.29709,-1.01997,298.12,0.55,0.68,2024-06-09,0256,N20,VIIRS,n,2,285,1.13,N,0
28.61675,-17.8699,303.78,0.39,0.36,2024-06-09,0300,N20,VIIRS,n,2,293.53,1.57,N,2
38.88132,-0.85693,332.68,0.53,0.42,2024-06-09,1237,N20,VIIRS,n,2,298.85,6.43,D,0
39.5743,-2.46563,309.16,0.69,0.74,2024-06-10,0056,N20,VIIRS,n,2,281.65,1.99,N,0
41.31174,1.66337,299.02,0.43,0.62,2024-06-10,0056,N20,VIIRS,n,2,283.88,0.6,N,2
41.31357,1.66026,298.97,0.43,0.62,2024-06-10,0056,N20,VIIRS,n,2,283.76,0.58,N,2
39.57404,-2.46614,309.21,0.69,0.74,2024-06-10,0056,N20,VIIRS,n,2,281.89,1.84,N,0
37.57021,-0.91706,311.77,0.55,0.68,2024-06-10,0057,N20,VIIRS,n,2,287.91,1.59,N,2
37.57245,-0.91795,309.59,0.56,0.68,2024-06-10,0057,N20,VIIRS,n,2,288.39,1.23,N,0
37.57265,-0.92466,298.82,0.56,0.68,2024-06-10,0057,N20,VIIRS,n,2,287.57,1.23,N,0
37.57045,-0.92383,301.39,0.56,0.68,2024-06-10,0057,N20,VIIRS,n,2,287.96,1.11,N,0
43.08199,-2.99796,299.9,0.39,0.44,2024-06-10,0236,N20,VIIRS,n,2,281.06,0.53,N,0
43.553,-5.86113,296.54,0.44,0.39,2024-06-10,0236,N20,VIIRS,n,2,283.19,0.79,N,2
43.53991,-5.83168,295.19,0.44,0.39,2024-06-10,0236,N20,VIIRS,n,2,282.71,0.67,N,2
43.34754,-8.43683,298.28,0.39,0.36,2024-06-10,0236,N20,VIIRS,n,2,284.18,0.6,N,2
38.66652,-4.05256,306.82,0.43,0.46,2024-06-10,0237,N20,VIIRS,n,2,285.82,4.22,N,2
40.5785,0.54319,299.21,0.33,0.55,2024-06-10,0237,N20,VIIRS,n,2,287.2,0.34,N,2
39.95353,-0.00327,301.61,0.32,0.55,2024-06-10,0237,N20,VIIRS,n,2,288.66,0.58,N,0
39.5762,-2.46651,305.85,0.49,0.49,2024-06-10,0237,N20,VIIRS,n,2,283.05,1.2,N,0
39.57488,-2.46099,296.24,0.49,0.49,2024-06-10,0237,N20,VIIRS,n,2,282.86,1.2,N,0
39.57576,-2.46129,308.07,0.49,0.49,2024-06-10,0237,N20,VIIRS,n,2,283.32,1.06,N,0
38.66545,-4.0478,347.52,0.43,0.46,2024-06-10,0237,N20,VIIRS,n,2,286.2,4.22,N,2
37.66684,-1.2422,309.14,0.63,0.54,2024-06-10,0237,N20,VIIRS,n,2,286.45,2.32,N,0
37.56792,-0.91438,321.39,0.33,0.55,2024-06-10,0237,N20,VIIRS,n,2,289.28,1.53,N,2
36.32192,-5.25209,332.13,0.61,0.54,2024-06-10,1358,N20,VIIRS,n,2,296.78,3.28,D,0
37.14884,-6.24831,342.34,0.55,0.51,2024-06-10,1359,N20,VIIRS,n,2,307.34,62.74,D,0
41.92327,0.18254,302.7,0.52,0.42,2024-06-11,0217,N20,VIIRS,n,2,281.14,2.05,N,2
41.92249,0.18179,303.55,0.52,0.42,2024-06-11,0217,N20,VIIRS,n,2,281.21,1.37,N,2
40.0111,-3.89771,297.93,0.41,0.37,2024-06-11,0218,N20,VIIRS,n,2,282.78,0.4,N,0
38.66627,-4.05072,308.75,0.41,0.37,2024-06-11,0218,N20,VIIRS,n,2,283.97,1.03,N,2
37.3597,-5.86419,310.07,0.39,0.36,2024-06-11,0219,N20,VIIRS,n,2,289.13,1.13,N,2
37.18229,-6.89436,301.59,0.38,0.36,2024-06-11,0219,N20,VIIRS,n,2,289.61,0.78,N,0
37.02623,-5.1927,296.82,0.4,0.37,2024-06-11,0219,N20,VIIRS,n,2,284.23,0.22,N,0
37.36542,-5.9397,304.17,0.39,0.36,2024-06-11,0219,N20,VIIRS,n,2,286.97,0.59,N,0
40.76509,-5.74516,333.43,0.55,0.43,2024-06-11,1341,N20,VIIRS,l,2,304.84,8.54,D,0
43.34644,-8.4375,312.64,0.45,0.47,2024-06-12,0158,N20,VIIRS,n,2,283.97,1.9,N,2
43.44169,-3.84299,306.66,0.44,0.38,2024-06-12,0158,N20,VIIRS,n,2,283.88,1.09,N,2
43.03418,-2.21779,305.34,0.4,0.37,2024-06-12,0158,N20,VIIRS,n,2,281.37,0.86,N,2
41.64706,-0.76742,298.77,0.38,0.36,2024-06-12,0159,N20,VIIRS,n,2,284.83,0.47,N,0
41.44934,-0.06931,311.21,0.39,0.36,2024-06-12,0159,N20,VIIRS,n,2,281.83,0.86,N,0
41.44606,-0.07025,309.11,0.39,0.36,2024-06-12,0159,N20,VIIRS,n,2,281.87,1.26,N,0
41.4747,-1.48524,307.01,0.39,0.36,2024-06-12,0159,N20,VIIRS,n,2,285.86,0.67,N,0
40.57487,0.54368,301.26,0.4,0.37,2024-06-12,0159,N20,VIIRS,n,2,286.43,0.87,N,0
40.2466,-3.47716,299,0.41,0.37,2024-06-12,0159,N20,VIIRS,n,2,285.8,0.69,N,2
40.24594,-3.47242,307.89,0.41,0.37,2024-06-12,0159,N20,VIIRS,n,2,287.09,1.28,N,2
36.68677,-4.84869,298.1,0.41,0.37,2024-06-12,0200,N20,VIIRS,n,2,288.03,0.26,N,0
37.83447,-3.78357,336.41,0.41,0.37,2024-06-12,1321,N20,VIIRS,l,2,307.48,1.27,D,0
37.83858,-3.80747,342.95,0.41,0.37,2024-06-12,1321,N20,VIIRS,n,2,307.43,1.54,D,0
41.92356,0.17872,342.6,0.43,0.46,2024-06-12,1322,N20,VIIRS,n,2,303.99,3.56,D,2
41.92377,0.18114,343.11,0.43,0.46,2024-06-12,1322,N20,VIIRS,n,2,304.39,6.24,D,2
43.52684,-5.73449,332.33,0.4,0.37,2024-06-12,1323,N20,VIIRS,l,2,303.51,2.68,D,2
43.52751,-5.7295,330.58,0.4,0.37,2024-06-12,1323,N20,VIIRS,l,2,304.14,3.81,D,2
43.53893,-5.83298,337.04,0.4,0.37,2024-06-12,1323,N20,VIIRS,l,2,310.11,5.38,D,2
43.03372,-2.21898,295.64,0.38,0.43,2024-06-13,0139,N20,VIIRS,n,2,280.53,0.51,N,2
43.53966,-5.82866,323.63,0.58,0.52,2024-06-13,0139,N20,VIIRS,n,2,273.12,2.59,N,2
41.47704,-1.48721,300.56,0.51,0.41,2024-06-13,0140,N20,VIIRS,n,2,282.29,0.74,N,2
41.44758,-0.06772,302.36,0.45,0.39,2024-06-13,0140,N20,VIIRS,n,2,281.73,0.74,N,0
40.5777,0.54445,305.48,0.43,0.38,2024-06-13,0140,N20,VIIRS,n,2,287.83,0.9,N,2
39.95155,-0.00428,301.05,0.44,0.38,2024-06-13,0140,N20,VIIRS,n,2,289.19,1.47,N,2
40.24696,-3.47223,328.73,0.41,0.45,2024-06-13,0140,N20,VIIRS,n,2,287.3,2.79,N,2
40.24741,-3.47712,296.81,0.41,0.45,2024-06-13,0140,N20,VIIRS,n,2,284.94,1.88,N,2
40.24462,-3.4751,332.99,0.41,0.45,2024-06-13,0140,N20,VIIRS,n,2,288.45,3.09,N,2
39.66484,-0.24445,299.03,0.44,0.38,2024-06-13,0140,N20,VIIRS,n,2,287.68,0.28,N,0
37.3617,-6.67486,301.11,0.56,0.51,2024-06-13,0141,N20,VIIRS,n,2,287.97,1.06,N,0
38.8688,-5.96736,306,0.53,0.5,2024-06-13,0141,N20,VIIRS,n,2,288.5,1.18,N,0
38.6666,-4.05239,297.13,0.42,0.45,2024-06-13,0141,N20,VIIRS,n,2,286.67,0.47,N,2
38.87181,-5.96682,304.7,0.53,0.5,2024-06-13,0141,N20,VIIRS,n,2,288.22,1,N,0
36.9668,-1.90625,303.86,0.48,0.4,2024-06-13,0141,N20,VIIRS,n,2,288.75,1.05,N,2
36.72056,-2.81681,316.06,0.52,0.42,2024-06-13,0141,N20,VIIRS,n,2,290.58,2.62,N,0
36.96592,-1.90515,303.96,0.48,0.4,2024-06-13,0141,N20,VIIRS,n,2,289.14,1.58,N,2
40.24564,-3.47553,313.66,0.75,0.77,2024-06-13,0320,N20,VIIRS,n,2,282.98,3.75,N,2
38.67995,-4.05719,300.22,0.79,0.78,2024-06-13,0321,N20,VIIRS,n,2,285.36,1.57,N,0
38.67556,-4.05893,299.86,0.79,0.78,2024-06-13,0321,N20,VIIRS,n,2,284.92,1.91,N,0
39.35994,-0.45017,343.04,0.39,0.36,2024-06-13,1302,N20,VIIRS,n,2,304.2,4.13,D,0
41.59962,-0.82213,340.47,0.4,0.37,2024-06-13,1303,N20,VIIRS,l,2,311.32,3.7,D,0
41.477,-1.4887,298.99,0.59,0.52,2024-06-14,0121,N20,VIIRS,n,2,285.31,0.54,N,2
40.24396,-3.4712,298.76,0.36,0.58,2024-06-14,0121,N20,VIIRS,n,2,288.22,1.9,N,2
40.2442,-3.47555,325.1,0.36,0.58,2024-06-14,0121,N20,VIIRS,n,2,288.43,2.69,N,2
40.24755,-3.4736,331.17,0.36,0.58,2024-06-14,0121,N20,VIIRS,n,2,291.2,2.97,N,2
38.46032,-4.9267,299.44,0.42,0.61,2024-06-14,0122,N20,VIIRS,n,2,283.7,0.71,N,0
36.9659,-1.90402,303.65,0.55,0.51,2024-06-14,0122,N20,VIIRS,n,2,290.63,1.55,N,2
40.24553,-3.47094,309.18,0.44,0.62,2024-06-14,0302,N20,VIIRS,n,2,288.4,2.72,N,2
40.2469,-3.47575,316.2,0.44,0.62,2024-06-14,0302,N20,VIIRS,n,2,287.06,2.99,N,2
37.36162,-5.8655,301.97,0.4,0.6,2024-06-14,0303,N20,VIIRS,n,2,289.76,0.56,N,2
37.17806,-6.89205,303.21,0.35,0.57,2024-06-14,0303,N20,VIIRS,n,2,290.44,0.65,N,0
38.75777,-7.14833,367,0.62,0.54,2024-06-14,1244,N20,VIIRS,h,2,304.83,3.96,D,0
39.04071,-4.06454,337.41,0.42,0.45,2024-06-14,1244,N20,VIIRS,l,2,310.13,2.2,D,0
39.04289,-4.0632,343.59,0.42,0.45,2024-06-14,1244,N20,VIIRS,n,2,311.46,3.61,D,0
38.7595,-7.14151,337.87,0.62,0.54,2024-06-14,1244,N20,VIIRS,n,2,305.14,3.96,D,0
39.72221,-4.67044,339.36,0.44,0.46,2024-06-14,1244,N20,VIIRS,l,2,312,2.79,D,0
39.98476,-6.26512,330.36,0.52,0.5,2024-06-14,1244,N20,VIIRS,l,2,301.63,4.11,D,0
37.2378,-6.87033,343.13,0.57,0.69,2024-06-14,1424,N20,VIIRS,n,2,299.97,8.84,D,0
41.47632,-1.48659,295.18,0.52,0.67,2024-06-15,0102,N20,VIIRS,n,2,282.11,0.5,N,2
40.57612,0.54073,305.76,0.4,0.6,2024-06-15,0102,N20,VIIRS,n,2,288.96,0.67,N,2
40.2494,-3.47997,301.48,0.65,0.73,2024-06-15,0102,N20,VIIRS,n,2,286.16,1.39,N,2
40.24932,-3.47178,298.26,0.65,0.73,2024-06-15,0102,N20,VIIRS,n,2,287.07,1.78,N,2
40.24735,-3.47994,302.59,0.65,0.73,2024-06-15,0102,N20,VIIRS,n,2,286.01,1.53,N,2
40.24723,-3.47182,301.49,0.65,0.73,2024-06-15,0102,N20,VIIRS,n,2,287.28,1.53,N,2
39.95113,-0.0049,302.29,0.42,0.61,2024-06-15,0102,N20,VIIRS,n,2,289.96,1.25,N,2
43.5399,-5.82899,295.39,0.5,0.41,2024-06-15,0242,N20,VIIRS,n,2,282.73,0.87,N,2
40.24598,-3.47376,320.58,0.5,0.49,2024-06-15,0243,N20,VIIRS,n,2,290.83,4.02,N,2
38.6656,-4.05068,300.78,0.51,0.5,2024-06-15,0243,N20,VIIRS,n,2,287.16,1.5,N,2
41.21741,-4.33129,305.15,0.43,0.46,2024-06-15,0243,N20,VIIRS,n,2,282.53,0.77,N,0
41.21787,-4.33058,303.6,0.43,0.46,2024-06-15,0243,N20,VIIRS,n,2,282.09,0.94,N,0
37.36005,-5.86285,304.72,0.44,0.46,2024-06-15,0244,N20,VIIRS,n,2,290.91,0.92,N,2
37.94995,-0.76337,342.45,0.53,0.5,2024-06-15,1224,N20,VIIRS,n,2,306.09,9.99,D,0
36.49976,-5.80925,336.72,0.53,0.67,2024-06-15,1224,N20,VIIRS,n,2,299.27,6.6,D,0
39.02539,-5.53555,356.42,0.44,0.62,2024-06-15,1225,N20,VIIRS,l,2,301.09,9.45,D,0
37.43308,-7.14652,367,0.59,0.7,2024-06-15,1225,N20,VIIRS,h,2,300.49,16.99,D,0
39.01454,-5.53052,367,0.44,0.62,2024-06-15,1225,N20,VIIRS,h,2,302.99,12.7,D,0
40.24634,-3.47249,338.21,0.32,0.55,2024-06-15,1225,N20,VIIRS,l,2,310.43,2.96,D,2
38.09233,-3.28395,334.13,0.36,0.57,2024-06-15,1225,N20,VIIRS,n,2,302.41,1.77,D,0
39.02136,-5.52808,355.99,0.44,0.62,2024-06-15,1225,N20,VIIRS,l,2,299.97,19.78,D,0
39.01998,-5.53299,367,0.44,0.62,2024-06-15,1225,N20,VIIRS,h,2,300.23,12.7,D,0
43.52216,-5.73131,340.54,0.34,0.56,2024-06-15,1226,N20,VIIRS,n,2,299.96,3.7,D,2
43.53983,-5.8298,351.13,0.34,0.56,2024-06-15,1226,N20,VIIRS,n,2,298.78,4.78,D,2
37.23159,-6.61542,351.25,0.32,0.55,2024-06-15,1405,N20,VIIRS,n,2,305.44,5.18,D,0
37.40025,-6.35787,367,0.33,0.55,2024-06-15,1405,N20,VIIRS,h,2,309.88,8.78,D,0
40.24203,-3.47269,337.48,0.51,0.66,2024-06-15,1406,N20,VIIRS,n,2,308.53,4.53,D,2
41.92469,0.17909,302.42,0.41,0.45,2024-06-16,0223,N20,VIIRS,n,2,287.96,0.78,N,2
43.53872,-5.83189,296.99,0.39,0.36,2024-06-16,0223,N20,VIIRS,n,2,283.07,0.89,N,2
40.24697,-3.47757,299.18,0.46,0.39,2024-06-16,0224,N20,VIIRS,n,2,288.01,1.93,N,2
41.47543,-1.48531,297.88,0.53,0.42,2024-06-16,0224,N20,VIIRS,n,2,285.47,0.46,N,2
40.24594,-3.4723,323.79,0.46,0.39,2024-06-16,0224,N20,VIIRS,n,2,290.12,1.93,N,2
41.31386,1.6627,313.81,0.5,0.49,2024-06-16,0224,N20,VIIRS,n,2,288.29,2.34,N,2
36.77861,-4.43592,344.43,0.48,0.4,2024-06-16,0225,N20,VIIRS,n,2,296.51,6.48,N,0
36.96935,-1.90545,305.85,0.41,0.45,2024-06-16,0225,N20,VIIRS,n,2,291.96,0.65,N,2
38.66618,-4.05229,299.83,0.46,0.39,2024-06-16,0225,N20,VIIRS,n,2,286.77,1.94,N,2
39.00945,-5.52862,321.17,0.41,0.37,2024-06-16,0225,N20,VIIRS,n,2,288.08,0.96,N,0
38.66518,-4.04709,330.72,0.46,0.39,2024-06-16,0225,N20,VIIRS,n,2,287.38,7.33,N,2
37.36082,-5.86233,307.07,0.42,0.38,2024-06-16,0225,N20,VIIRS,n,2,291.33,1.28,N,2
37.3606,-5.86502,307.98,0.42,0.38,2024-06-16,0225,N20,VIIRS,n,2,291.99,0.94,N,2
42.18879,-1.33128,354.75,0.38,0.59,2024-06-16,1207,N20,VIIRS,n,2,300.75,4.98,D,0
42.19149,-1.33425,350.9,0.38,0.59,2024-06-16,1347,N20,VIIRS,n,2,304.5,6.52,D,0
40.24402,-3.4735,337.37,0.56,0.52,2024-06-16,1347,N20,VIIRS,l,2,311.6,5.77,D,2
43.52464,-5.73097,327.7,0.47,0.47,2024-06-16,1348,N20,VIIRS,n,2,284.89,3.18,D,2
43.54434,-5.83392,301.01,0.46,0.39,2024-06-17,0204,N20,VIIRS,n,2,286.14,1.53,N,2
43.52513,-5.73494,334.77,0.45,0.39,2024-06-17,0204,N20,VIIRS,n,2,288.68,4.03,N,2
43.52802,-5.72863,319.21,0.45,0.39,2024-06-17,0204,N20,VIIRS,n,2,288.15,1.56,N,2
43.54077,-5.83471,301.19,0.46,0.39,2024-06-17,0204,N20,VIIRS,n,2,286.65,1.53,N,2
43.5401,-5.82906,329.97,0.46,0.39,2024-06-17,0204,N20,VIIRS,n,2,288.29,5,N,2
43.53157,-5.72778,297.98,0.45,0.39,2024-06-17,0204,N20,VIIRS,n,2,286.37,1.56,N,2
42.8154,-1.74412,298.73,0.38,0.36,2024-06-17,0204,N20,VIIRS,n,2,286.5,0.66,N,2
43.03616,-2.21744,309.41,0.38,0.36,2024-06-17,0204,N20,VIIRS,n,2,286.39,1.02,N,2
42.12337,-1.17318,325.01,0.39,0.36,2024-06-17,0205,N20,VIIRS,n,2,289.92,2.12,N,0
40.24631,-3.47271,329.43,0.39,0.36,2024-06-17,0205,N20,VIIRS,n,2,293,3.09,N,2
41.47596,-1.48486,309,0.39,0.36,2024-06-17,0205,N20,VIIRS,n,2,290.05,0.9,N,2
41.3124,1.66319,316.46,0.46,0.39,2024-06-17,0205,N20,VIIRS,n,2,291.42,2.17,N,2
41.45653,1.98278,301.3,0.47,0.4,2024-06-17,0205,N20,VIIRS,n,2,289.01,0.83,N,2
41.92516,0.18154,329.88,0.41,0.37,2024-06-17,0205,N20,VIIRS,n,2,289.54,3.5,N,2
42.19083,-1.33239,328.41,0.39,0.36,2024-06-17,0205,N20,VIIRS,n,2,289.09,4.43,N,0
42.19434,-1.33401,302.32,0.39,0.36,2024-06-17,0205,N20,VIIRS,n,2,288.7,0.53,N,0
37.36269,-5.93576,305.95,0.41,0.37,2024-06-17,0206,N20,VIIRS,n,2,289.68,0.56,N,0
37.17623,-6.89386,329.31,0.43,0.38,2024-06-17,0206,N20,VIIRS,n,2,292.73,1.98,N,0
37.17971,-6.89314,304.12,0.43,0.38,2024-06-17,0206,N20,VIIRS,n,2,292.59,1.32,N,0
38.37878,-6.48322,299.97,0.43,0.38,2024-06-17,0206,N20,VIIRS,n,2,288.65,0.68,N,2
37.36001,-5.86583,303.47,0.41,0.37,2024-06-17,0206,N20,VIIRS,n,2,293.08,0.65,N,2
38.37761,-0.54241,303.52,0.43,0.38,2024-06-17,0206,N20,VIIRS,n,2,292.43,0.65,N,2
38.89894,-6.98023,338.58,0.39,0.36,2024-06-17,1327,N20,VIIRS,l,2,313.45,4.35,D,0
40.41799,-3.60563,342.93,0.49,0.4,2024-06-17,1328,N20,VIIRS,l,2,316.66,27.66,D,0
40.63874,-4.7047,339.42,0.45,0.39,2024-06-17,1328,N20,VIIRS,n,2,309.76,3.89,D,0
40.24471,-3.4725,306.36,0.52,0.42,2024-06-18,0146,N20,VIIRS,n,2,282.69,1.53,N,2
40.57649,0.54093,308.02,0.39,0.36,2024-06-18,0146,N20,VIIRS,n,2,291.91,1.4,N,2
43.34796,-8.43641,296.22,0.33,0.55,2024-06-18,0146,N20,VIIRS,n,2,283.94,0.79,N,2
42.19383,-1.33304,308.75,0.45,0.39,2024-06-18,0146,N20,VIIRS,n,2,289.99,0.78,N,0
41.45627,1.97819,305.72,0.38,0.36,2024-06-18,0146,N20,VIIRS,n,2,290.74,0.81,N,2
41.40558,1.99757,306.87,0.38,0.36,2024-06-18,0146,N20,VIIRS,n,2,291.68,1.06,N,2
41.31304,1.66486,318.85,0.39,0.36,2024-06-18,0146,N20,VIIRS,n,2,293.1,2.24,N,2
41.47501,-1.48896,307.32,0.45,0.39,2024-06-18,0146,N20,VIIRS,n,2,290.96,0.84,N,2
37.179,-6.89534,308.02,0.47,0.48,2024-06-18,0147,N20,VIIRS,n,2,291.69,2.15,N,0
37.56826,-0.91938,310.1,0.4,0.37,2024-06-18,0147,N20,VIIRS,n,2,292.84,1.17,N,2
38.37698,-0.54185,308.19,0.4,0.37,2024-06-18,0147,N20,VIIRS,n,2,293.48,0.8,N,2
37.17862,-6.89436,303.86,0.47,0.48,2024-06-18,0147,N20,VIIRS,n,2,290.93,1.8,N,0
37.26379,-5.36983,305.58,0.39,0.44,2024-06-18,0147,N20,VIIRS,n,2,287.75,0.6,N,0
42.19217,-1.33298,333.16,0.42,0.38,2024-06-18,1309,N20,VIIRS,l,2,303.83,2.31,D,0
41.31333,1.66088,313.64,0.52,0.41,2024-06-19,0127,N20,VIIRS,n,2,292.35,1.78,N,2
40.57602,0.53905,301.57,0.57,0.43,2024-06-19,0127,N20,VIIRS,n,2,290.61,0.79,N,0
39.66501,-0.24636,302.87,0.4,0.44,2024-06-19,0127,N20,VIIRS,n,2,292.25,0.64,N,2
40.24438,-3.47188,311.38,0.6,0.53,2024-06-19,0127,N20,VIIRS,n,2,285.1,2.35,N,2
37.56869,-0.91586,305.08,0.41,0.45,2024-06-19,0128,N20,VIIRS,n,2,283.79,2.47,N,2
37.18204,-6.89615,298.89,0.43,0.62,2024-06-19,0128,N20,VIIRS,n,2,288.05,0.67,N,0
37.18228,-6.90114,296.81,0.44,0.62,2024-06-19,0128,N20,VIIRS,n,2,286.21,0.67,N,0
43.03795,-2.21873,296.41,0.5,0.65,2024-06-19,0307,N20,VIIRS,n,2,284.93,0.5,N,2
40.24248,-3.47247,300.4,0.52,0.67,2024-06-19,0308,N20,VIIRS,n,2,283.34,1.23,N,2
40.24863,-3.47525,301.83,0.52,0.67,2024-06-19,0308,N20,VIIRS,n,2,282.77,2.35,N,2
40.24694,-3.4696,299.16,0.52,0.67,2024-06-19,0308,N20,VIIRS,n,2,283.11,2.3,N,2
38.66919,-4.04728,312.52,0.54,0.68,2024-06-19,0308,N20,VIIRS,n,2,284.88,3.67,N,2
40.24422,-3.4782,301.37,0.52,0.67,2024-06-19,0308,N20,VIIRS,n,2,282.7,1.23,N,2
37.26081,-5.37163,295.54,0.51,0.66,2024-06-19,0309,N20,VIIRS,n,2,284.18,0.35,N,0
37.36224,-5.86307,300.76,0.48,0.64,2024-06-19,0309,N20,VIIRS,n,2,285.43,0.61,N,2
37.18093,-6.89452,302.5,0.43,0.62,2024-06-19,0309,N20,VIIRS,n,2,287.67,1.53,N,0
40.24337,-3.47544,332.32,0.48,0.4,2024-06-19,1250,N20,VIIRS,l,2,303.76,3.03,D,2
41.47592,-1.48754,304.56,0.43,0.62,2024-06-20,0108,N20,VIIRS,n,2,285.9,1.1,N,2
41.47715,-1.48813,303.57,0.43,0.62,2024-06-20,0108,N20,VIIRS,n,2,285.49,0.8,N,2
40.24788,-3.47473,317.69,0.54,0.68,2024-06-20,0108,N20,VIIRS,n,2,283.06,3.56,N,2
37.57069,-0.91685,304.1,0.37,0.58,2024-06-20,0109,N20,VIIRS,n,2,288.82,1.31,N,2
37.57096,-0.92136,305.2,0.37,0.58,2024-06-20,0109,N20,VIIRS,n,2,289.02,1.05,N,0
37.56752,-0.91926,301.74,0.38,0.58,2024-06-20,0109,N20,VIIRS,n,2,288.23,0.9,N,2
37.57296,-0.91955,309.54,0.38,0.58,2024-06-20,0109,N20,VIIRS,n,2,289.15,2,N,0
38.37952,-0.54289,300.06,0.48,0.64,2024-06-20,0249,N20,VIIRS,n,2,288.46,0.62,N,2
37.56959,-0.91402,311.25,0.48,0.65,2024-06-20,0249,N20,VIIRS,n,2,289.23,1.54,N,2
36.99953,-3.68697,305.01,0.36,0.57,2024-06-20,0250,N20,VIIRS,n,2,281.29,1.52,N,0
37.00054,-3.69086,320.95,0.36,0.57,2024-06-20,0250,N20,VIIRS,n,2,280.84,1.52,N,0
36.96599,-1.90516,302.24,0.44,0.63,2024-06-20,0250,N20,VIIRS,n,2,290.4,0.67,N,2
38.28313,-1.595,340.98,0.48,0.48,2024-06-20,1231,N20,VIIRS,n,2,303.31,2.7,D,0
38.38504,-6.27892,367,0.42,0.61,2024-06-20,1231,N20,VIIRS,h,2,296.53,9.7,D,0
38.38464,-6.27925,349.86,0.42,0.61,2024-06-20,1411,N20,VIIRS,n,2,293.75,6.51,D,0
40.57864,0.53976,300.11,0.6,0.7,2024-06-21,0049,N20,VIIRS,n,2,286.05,1.51,N,2
40.57764,0.54141,299.52,0.6,0.7,2024-06-21,0049,N20,VIIRS,n,2,286.24,1.71,N,2
41.95192,-0.37154,302.79,0.67,0.74,2024-06-21,0049,N20,VIIRS,n,2,280.71,1.87,N,0
41.95256,-0.37184,301.59,0.68,0.74,2024-06-21,0049,N20,VIIRS,n,2,280.79,1.49,N,0
41.95351,-0.36499,330.28,0.45,0.47,2024-06-21,0229,N20,VIIRS,n,2,284.09,3.28,N,0
41.405,1.99967,300.02,0.61,0.53,2024-06-21,0229,N20,VIIRS,n,2,287.83,0.77,N,2
40.24337,-3.47414,315.72,0.53,0.42,2024-06-21,0230,N20,VIIRS,n,2,285.82,1.81,N,2
41.3134,1.65907,299.65,0.59,0.53,2024-06-21,0230,N20,VIIRS,n,2,286.29,1.33,N,2
41.31176,1.66554,298.1,0.59,0.53,2024-06-21,0230,N20,VIIRS,n,2,287.05,1.33,N,0
41.6471,-0.76694,296.4,0.44,0.46,2024-06-21,0230,N20,VIIRS,n,2,283.88,0.26,N,0
41.47573,-1.48813,299.98,0.41,0.45,2024-06-21,0230,N20,VIIRS,n,2,283.82,0.42,N,2
40.24712,-3.47285,299.43,0.53,0.42,2024-06-21,0230,N20,VIIRS,n,2,285.16,1.81,N,2
40.01096,-3.90186,296.21,0.52,0.41,2024-06-21,0230,N20,VIIRS,n,2,285.49,0.58,N,0
37.25898,-5.36697,298.7,0.5,0.41,2024-06-21,0231,N20,VIIRS,n,2,286.01,0.47,N,0
37.92046,-0.77632,306.08,0.54,0.51,2024-06-21,0231,N20,VIIRS,n,2,290.2,0.72,N,0
37.1814,-6.89452,301.45,0.44,0.38,2024-06-21,0231,N20,VIIRS,n,2,290.49,1.07,N,0
37.92098,-0.77633,305.38,0.54,0.51,2024-06-21,0231,N20,VIIRS,n,2,290,0.96,N,0
38.38874,-6.28297,332.61,0.44,0.39,2024-06-21,0231,N20,VIIRS,n,2,283.95,6,N,0
36.9658,-1.90413,305.26,0.49,0.49,2024-06-21,0231,N20,VIIRS,n,2,289.75,0.88,N,2
36.96729,-1.90507,303.05,0.49,0.49,2024-06-21,0231,N20,VIIRS,n,2,290.2,1.04,N,2
37.36003,-5.86662,311.52,0.47,0.4,2024-06-21,0231,N20,VIIRS,n,2,289.86,1.5,N,2
37.3586,-5.86229,301.89,0.47,0.4,2024-06-21,0231,N20,VIIRS,n,2,288.14,0.81,N,0
39.59258,2.63188,330.81,0.48,0.48,2024-06-21,1212,N20,VIIRS,l,2,305.26,2.7,D,0
40.24601,-3.47216,334.11,0.47,0.64,2024-06-21,1212,N20,VIIRS,n,2,303.1,3.35,D,2
38.66535,-4.05075,330.33,0.55,0.68,2024-06-21,1212,N20,VIIRS,n,2,300.23,6.79,D,2
37.22972,-5.40827,338.7,0.5,0.49,2024-06-21,1352,N20,VIIRS,l,2,312.87,3.51,D,0
38.38836,-6.28334,341.18,0.46,0.47,2024-06-21,1352,N20,VIIRS,n,2,307.46,4.11,D,0
40.24321,-3.47368,342.36,0.34,0.56,2024-06-21,1353,N20,VIIRS,n,2,307.09,3.4,D,2
40.24166,-3.47446,333.02,0.34,0.56,2024-06-21,1353,N20,VIIRS,l,2,305.98,2.35,D,2
43.40942,-3.83986,298.54,0.39,0.36,2024-06-22,0210,N20,VIIRS,n,2,280.1,1.08,N,0
41.47638,-1.48654,307.81,0.41,0.37,2024-06-22,0211,N20,VIIRS,n,2,287.57,0.8,N,2
41.4081,1.99981,303.67,0.54,0.42,2024-06-22,0211,N20,VIIRS,n,2,290.32,0.76,N,2
41.95329,-0.36681,319.55,0.43,0.38,2024-06-22,0211,N20,VIIRS,n,2,285.81,1.66,N,0
41.92324,0.1789,301.67,0.45,0.39,2024-06-22,0211,N20,VIIRS,n,2,287.47,1.1,N,2
41.92552,0.18115,300.14,0.45,0.39,2024-06-22,0211,N20,VIIRS,n,2,286.81,1.07,N,2
42.59882,-3.61052,298.34,0.38,0.36,2024-06-22,0211,N20,VIIRS,n,2,283.85,0.62,N,0
40.00934,-3.90024,302.66,0.39,0.36,2024-06-22,0211,N20,VIIRS,n,2,291.07,0.98,N,0
40.2444,-3.47596,327.02,0.39,0.36,2024-06-22,0211,N20,VIIRS,n,2,291.89,2.54,N,2
41.64764,-0.76569,302.79,0.43,0.38,2024-06-22,0211,N20,VIIRS,n,2,287.91,0.76,N,0
38.38752,-6.28085,327.98,0.39,0.36,2024-06-22,0212,N20,VIIRS,n,2,286.74,2.28,N,0
37.56924,-0.91804,319.73,0.48,0.4,2024-06-22,0212,N20,VIIRS,n,2,292.47,2.08,N,2
37.35909,-5.86582,313.3,0.39,0.36,2024-06-22,0212,N20,VIIRS,n,2,293.43,1.36,N,2
37.45868,-4.84341,301.17,0.38,0.36,2024-06-22,0212,N20,VIIRS,n,2,290.1,0.65,N,0
36.96785,-1.90603,312.34,0.45,0.39,2024-06-22,0212,N20,VIIRS,n,2,292.5,1.75,N,2
37.56836,-0.91282,334.38,0.48,0.48,2024-06-22,1333,N20,VIIRS,l,2,306.17,3.47,D,2
39.29037,-2.6914,345.81,0.41,0.45,2024-06-22,1333,N20,VIIRS,n,2,306.23,9.6,D,0
39.29081,-2.68663,335.31,0.41,0.45,2024-06-22,1333,N20,VIIRS,n,2,304,3.98,D,0
38.62279,-5.04565,341.7,0.47,0.4,2024-06-22,1333,N20,VIIRS,n,2,310.46,21.23,D,0
38.62342,-5.04022,345.11,0.47,0.4,2024-06-22,1333,N20,VIIRS,n,2,313.16,21.23,D,0
38.61916,-5.04493,338.57,0.47,0.4,2024-06-22,1333,N20,VIIRS,l,2,312.78,32.2,D,0
38.61978,-5.03952,350.84,0.47,0.4,2024-06-22,1333,N20,VIIRS,n,2,317.67,32.2,D,0
38.6204,-5.03412,349.86,0.47,0.4,2024-06-22,1333,N20,VIIRS,n,2,313.1,31.59,D,0
36.50945,-4.99142,346.81,0.45,0.39,2024-06-22,1333,N20,VIIRS,n,2,312.48,6.44,D,0
40.24516,-3.47252,344.51,0.38,0.44,2024-06-22,1334,N20,VIIRS,n,2,312.19,4.87,D,2
39.95258,-0.00305,295.02,0.38,0.36,2024-06-23,0152,N20,VIIRS,n,2,274.6,0.46,N,2
41.95236,-0.36637,309.5,0.39,0.36,2024-06-23,0152,N20,VIIRS,n,2,285.81,1.1,N,0
42.4026,-5.79207,301.73,0.4,0.44,2024-06-23,0152,N20,VIIRS,n,2,283.58,0.81,N,0
41.3136,1.66353,320.46,0.39,0.36,2024-06-23,0152,N20,VIIRS,n,2,291.52,2.59,N,2
40.57772,0.54274,303.62,0.38,0.36,2024-06-23,0152,N20,VIIRS,n,2,278.36,1.14,N,2
37.14471,-4.7141,299.46,0.47,0.4,2024-06-23,0153,N20,VIIRS,n,2,287.53,0.33,N,0
37.56727,-0.91771,312.19,0.38,0.36,2024-06-23,0153,N20,VIIRS,n,2,282.27,0.62,N,2
36.96643,-1.90602,318.85,0.39,0.36,2024-06-23,0153,N20,VIIRS,n,2,293.81,1.97,N,2
37.36023,-5.8634,303.79,0.53,0.42,2024-06-23,0153,N20,VIIRS,n,2,293.63,1.37,N,2
38.90304,-3.6767,338.88,0.39,0.36,2024-06-23,1314,N20,VIIRS,l,2,311.62,3.17,D,0
39.01197,-3.36356,336.85,0.39,0.36,2024-06-23,1314,N20,VIIRS,l,2,311.05,3.06,D,0
40.27087,-3.68239,341.23,0.39,0.36,2024-06-23,1315,N20,VIIRS,n,2,308.1,3.52,D,0
40.11964,-3.78994,335.78,0.39,0.36,2024-06-23,1315,N20,VIIRS,l,2,307.4,1.21,D,0
41.64007,0.62398,304.46,0.5,0.41,2024-06-24,0133,N20,VIIRS,n,2,287.32,0.62,N,0
42.93449,-8.16406,295.33,0.46,0.64,2024-06-24,0133,N20,VIIRS,n,2,284.1,0.61,N,0
42.2892,-8.72236,307.26,0.49,0.65,2024-06-24,0133,N20,VIIRS,n,2,287.36,1.05,N,0
42.17057,-8.64721,306.74,0.49,0.65,2024-06-24,0133,N20,VIIRS,n,2,285.87,0.92,N,0
41.52546,0.51516,301.83,0.5,0.41,2024-06-24,0133,N20,VIIRS,n,2,288.27,0.55,N,0
41.47749,-1.48735,303.43,0.41,0.45,2024-06-24,0133,N20,VIIRS,n,2,287.97,0.78,N,2
42.91758,-8.00914,300.78,0.45,0.63,2024-06-24,0133,N20,VIIRS,n,2,285.3,1,N,0
41.9872,2.09674,311.16,0.44,0.39,2024-06-24,0133,N20,VIIRS,n,2,285.45,1.04,N,0
42.32875,-5.8264,295.62,0.35,0.57,2024-06-24,0133,N20,VIIRS,n,2,285.41,0.21,N,0
41.4752,-1.48902,298.92,0.41,0.45,2024-06-24,0133,N20,VIIRS,n,2,287.74,1.07,N,2
41.27586,-3.47939,301.52,0.51,0.5,2024-06-24,0133,N20,VIIRS,n,2,283,1.03,N,0
40.5764,0.5401,306.61,0.49,0.4,2024-06-24,0133,N20,VIIRS,n,2,289.89,1.96,N,2
41.01083,-5.6508,317.32,0.33,0.55,2024-06-24,0133,N20,VIIRS,n,2,287.33,1.32,N,0
40.93992,-5.57918,306.07,0.33,0.55,2024-06-24,0133,N20,VIIRS,n,2,286.96,0.45,N,0
40.93678,-5.57758,301.67,0.33,0.55,2024-06-24,0133,N20,VIIRS,n,2,286.71,0.54,N,0
40.25295,-2.45069,303.88,0.44,0.46,2024-06-24,0133,N20,VIIRS,n,2,285.74,0.41,N,0
42.36074,1.46875,324.25,0.47,0.4,2024-06-24,0133,N20,VIIRS,n,2,284.14,1.61,N,0
37.8013,-0.99899,306.09,0.53,0.42,2024-06-24,0134,N20,VIIRS,n,2,289.25,1.61,N,0
38.37731,-0.54527,302.06,0.51,0.41,2024-06-24,0134,N20,VIIRS,n,2,290.04,1.01,N,2
38.09015,-1.24616,300.02,0.55,0.42,2024-06-24,0134,N20,VIIRS,n,2,289.52,0.77,N,0
37.86756,-0.79819,299.96,0.52,0.41,2024-06-24,0134,N20,VIIRS,n,2,288.99,0.66,N,0
37.8686,-0.7993,299.79,0.52,0.41,2024-06-24,0134,N20,VIIRS,n,2,288.69,0.64,N,0
37.82194,-1.08099,305.81,0.53,0.42,2024-06-24,0134,N20,VIIRS,n,2,288.14,0.93,N,0
37.71531,-1.05181,302.17,0.53,0.42,2024-06-24,0134,N20,VIIRS,n,2,288.56,0.74,N,0
37.68385,-0.97819,302.23,0.53,0.42,2024-06-24,0134,N20,VIIRS,n,2,288.48,0.34,N,0
37.65254,-0.86893,300.53,0.52,0.42,2024-06-24,0134,N20,VIIRS,n,2,288.61,0.54,N,0
37.64986,-0.87062,300.23,0.52,0.42,2024-06-24,0134,N20,VIIRS,n,2,288.26,0.51,N,0
37.61685,-1.02775,306.98,0.53,0.42,2024-06-24,0134,N20,VIIRS,n,2,287.93,1.15,N,0
37.41332,-1.57668,313.61,0.56,0.43,2024-06-24,0134,N20,VIIRS,n,2,286.98,1.77,N,0
37.41416,-1.57679,310.04,0.56,0.43,2024-06-24,0134,N20,VIIRS,n,2,287.15,1.5,N,0
37.41278,-1.56423,306.62,0.56,0.43,2024-06-24,0134,N20,VIIRS,n,2,288.71,1.19,N,0
37.34904,-5.08694,310.91,0.57,0.52,2024-06-24,0134,N20,VIIRS,n,2,290.69,1.32,N,0
36.96767,-1.90533,308.38,0.57,0.43,2024-06-24,0134,N20,VIIRS,n,2,290.61,1.98,N,2
36.9585,-2.49531,309.75,0.41,0.45,2024-06-24,0134,N20,VIIRS,n,2,288.89,0.9,N,0
37.17706,-6.89598,302.65,0.36,0.57,2024-06-24,0134,N20,VIIRS,n,2,291.86,0.92,N,0
36.73623,-3.5902,297.34,0.46,0.47,2024-06-24,0134,N20,VIIRS,n,2,278.98,0.86,N,0
28.97691,-13.54771,311.74,0.75,0.77,2024-06-24,0137,N20,VIIRS,n,2,288.21,2.9,N,0
28.973,-13.5461,314.62,0.75,0.77,2024-06-24,0137,N20,VIIRS,n,2,289.19,2.76,N,0
42.17001,-8.6509,301.32,0.61,0.53,2024-06-24,0313,N20,VIIRS,n,2,288.06,0.74,N,0
41.01059,-5.64973,300.97,0.46,0.64,2024-06-24,0314,N20,VIIRS,n,2,286.11,0.83,N,0
37.17954,-6.892,304.29,0.51,0.66,2024-06-24,0315,N20,VIIRS,n,2,290.42,1.63,N,0
28.97233,-13.54503,316.76,0.35,0.57,2024-06-24,0317,N20,VIIRS,n,2,289.87,2.05,N,0
28.97399,-13.55208,302.23,0.35,0.57,2024-06-24,0317,N20,VIIRS,n,2,289.4,1.51,N,0
28.98662,-13.55983,313.81,0.35,0.57,2024-06-24,0317,N20,VIIRS,n,2,288.98,1.12,N,0
28.00521,-15.41627,309.75,0.57,0.52,2024-06-24,0318,N20,VIIRS,n,2,290.55,1.2,N,0
36.5135,-6.10412,339.44,0.42,0.46,2024-06-24,1255,N20,VIIRS,n,2,306.83,3.01,D,0
36.52263,-6.10216,341.36,0.42,0.46,2024-06-24,1255,N20,VIIRS,n,2,308.97,2.33,D,0
36.52363,-6.09753,340.09,0.42,0.45,2024-06-24,1255,N20,VIIRS,n,2,308.38,2.33,D,0
36.51956,-6.0962,355.97,0.42,0.45,2024-06-24,1255,N20,VIIRS,l,2,309.67,11.27,D,0
36.51757,-6.10544,350.77,0.42,0.46,2024-06-24,1255,N20,VIIRS,n,2,308.85,3.01,D,0
40.63375,-4.70635,339.44,0.47,0.39,2024-06-24,1256,N20,VIIRS,n,2,310.6,3.61,D,0
40.63622,-4.70539,339.08,0.47,0.39,2024-06-24,1256,N20,VIIRS,n,2,310.06,2.41,D,0
41.92302,0.18029,341.57,0.39,0.36,2024-06-24,1256,N20,VIIRS,l,2,315.46,8.28,D,2
43.54005,-5.83159,334.86,0.46,0.39,2024-06-24,1257,N20,VIIRS,n,2,300.16,4.63,D,2
43.54073,-5.83356,301.47,0.62,0.71,2024-06-25,0113,N20,VIIRS,n,2,286.55,2.29,N,2
43.54451,-5.83642,301.37,0.62,0.71,2024-06-25,0113,N20,VIIRS,n,2,286.1,1.35,N,2
40.2444,-3.47694,319.55,0.45,0.63,2024-06-25,0114,N20,VIIRS,n,2,292.1,3.09,N,2
41.3119,1.66193,308,0.49,0.49,2024-06-25,0114,N20,VIIRS,n,2,288.55,1.72,N,2
42.92374,-1.51003,297.83,0.37,0.58,2024-06-25,0114,N20,VIIRS,n,2,285.12,0.43,N,0
43.03927,-2.21752,299.25,0.4,0.6,2024-06-25,0114,N20,VIIRS,n,2,286.84,0.67,N,2
40.57849,0.53915,301.8,0.55,0.51,2024-06-25,0114,N20,VIIRS,n,2,290.24,1.56,N,0
40.57708,0.5409,303.86,0.55,0.51,2024-06-25,0114,N20,VIIRS,n,2,290.99,1.14,N,2
41.47453,-1.48553,300.58,0.36,0.57,2024-06-25,0114,N20,VIIRS,n,2,288.65,0.75,N,0
36.96573,-1.9061,309.34,0.35,0.56,2024-06-25,0115,N20,VIIRS,n,2,290.31,0.97,N,2
39.26185,-2.62441,327.02,0.4,0.6,2024-06-25,0115,N20,VIIRS,n,2,289.3,2.07,N,0
38.36576,-0.46884,303.28,0.59,0.53,2024-06-25,0115,N20,VIIRS,n,2,289.37,0.73,N,0
37.61398,-0.96256,305.81,0.62,0.54,2024-06-25,0115,N20,VIIRS,n,2,288.56,1.21,N,0
37.61306,-0.961,308.64,0.62,0.54,2024-06-25,0115,N20,VIIRS,n,2,288.24,1.36,N,0
37.5703,-0.92286,305.24,0.62,0.54,2024-06-25,0115,N20,VIIRS,n,2,289.55,1.66,N,0
37.51117,-4.66359,320.12,0.5,0.66,2024-06-25,0115,N20,VIIRS,n,2,291,2.32,N,0
37.5103,-4.66371,323.58,0.5,0.66,2024-06-25,0115,N20,VIIRS,n,2,290.86,2.57,N,0
43.22407,-2.87989,300.57,0.32,0.55,2024-06-25,0254,N20,VIIRS,n,2,287.1,0.37,N,2
42.92445,-1.50883,297.8,0.38,0.59,2024-06-25,0254,N20,VIIRS,n,2,285.1,0.63,N,0
41.31178,1.6608,315.21,0.6,0.71,2024-06-25,0254,N20,VIIRS,n,2,286.17,2.61,N,2
38.35585,-0.48082,298.78,0.58,0.69,2024-06-25,0255,N20,VIIRS,n,2,286.65,0.72,N,0
37.57006,-0.91443,306.3,0.58,0.7,2024-06-25,0255,N20,VIIRS,n,2,287.85,1.29,N,2
40.24418,-3.4781,307.01,0.36,0.57,2024-06-25,0255,N20,VIIRS,n,2,289.99,2.18,N,2
40.2431,-3.47412,319.46,0.36,0.57,2024-06-25,0255,N20,VIIRS,n,2,291.18,2.47,N,2
39.25715,-2.62364,298.29,0.42,0.61,2024-06-25,0255,N20,VIIRS,n,2,287.81,1.35,N,0
39.25846,-2.62831,312.5,0.42,0.61,2024-06-25,0255,N20,VIIRS,n,2,287.9,1.54,N,0
40.24336,-3.47782,302.56,0.36,0.57,2024-06-25,0255,N20,VIIRS,n,2,289.75,2.21,N,2
40.2423,-3.47381,301.02,0.36,0.57,2024-06-25,0255,N20,VIIRS,n,2,289.94,1.25,N,2
40.24732,-3.47162,314.92,0.36,0.57,2024-06-25,0255,N20,VIIRS,n,2,291.22,1.25,N,2
38.378,-0.5424,298.83,0.57,0.69,2024-06-25,0255,N20,VIIRS,n,2,287.32,0.75,N,2
37.6289,-5.67732,317.45,0.32,0.55,2024-06-25,0256,N20,VIIRS,n,2,290.74,1.69,N,0
37.62978,-5.68084,311.75,0.32,0.55,2024-06-25,0256,N20,VIIRS,n,2,290.07,1.64,N,0
37.36118,-5.86268,304.56,0.32,0.55,2024-06-25,0256,N20,VIIRS,n,2,293.24,1.09,N,2
37.01368,-6.05058,339.65,0.37,0.58,2024-06-25,1236,N20,VIIRS,n,2,304.8,1.33,D,0
37.45181,-1.86202,333.65,0.43,0.46,2024-06-25,1236,N20,VIIRS,l,2,307.55,2.05,D,0
37.56804,-0.91675,333.75,0.39,0.44,2024-06-25,1236,N20,VIIRS,n,2,302.62,3.06,D,2
37.01266,-6.05453,333.57,0.37,0.58,2024-06-25,1236,N20,VIIRS,l,2,304.93,1.33,D,0
37.00349,-6.04653,337.66,0.37,0.58,2024-06-25,1236,N20,VIIRS,n,2,304.47,4.06,D,0
39.28317,-2.80744,341.51,0.44,0.46,2024-06-25,1237,N20,VIIRS,n,2,309.06,3.84,D,0
38.97157,-3.77744,351.18,0.5,0.49,2024-06-25,1237,N20,VIIRS,n,2,313.52,14.33,D,0
37.33019,-6.77289,335.43,0.39,0.6,2024-06-25,1237,N20,VIIRS,n,2,302.03,2.64,D,0
37.34074,-6.25901,345.03,0.37,0.58,2024-06-25,1237,N20,VIIRS,n,2,304.52,4.39,D,0
37.36654,-5.63353,339.67,0.34,0.56,2024-06-25,1237,N20,VIIRS,n,2,305.3,1.23,D,0
40.70065,-2.77974,333.67,0.41,0.45,2024-06-25,1237,N20,VIIRS,l,2,307.57,3.36,D,0
40.244,-3.47106,342.23,0.45,0.47,2024-06-25,1237,N20,VIIRS,n,2,309.74,3.62,D,2
43.54085,-5.82896,328.58,0.49,0.48,2024-06-25,1238,N20,VIIRS,n,2,295.92,3.05,D,2
43.53963,-5.83022,330.52,0.49,0.48,2024-06-25,1238,N20,VIIRS,n,2,297.5,4.83,D,2
39.26778,-2.78917,367,0.79,0.78,2024-06-25,1418,N20,VIIRS,h,2,301.73,15.85,D,0
41.3142,1.66086,307.78,0.44,0.62,2024-06-26,0055,N20,VIIRS,n,2,287.84,1.3,N,2
37.57114,-0.91856,302.97,0.57,0.69,2024-06-26,0056,N20,VIIRS,n,2,289.65,1.36,N,2
37.57136,-0.92517,303.83,0.57,0.69,2024-06-26,0056,N20,VIIRS,n,2,289.13,1.22,N,0
43.03616,-2.22072,304.64,0.41,0.45,2024-06-26,0235,N20,VIIRS,n,2,284.57,0.74,N,2
41.40713,1.99859,304.5,0.36,0.58,2024-06-26,0235,N20,VIIRS,n,2,287.6,0.66,N,2
40.00961,-3.9011,301.53,0.4,0.44,2024-06-26,0236,N20,VIIRS,n,2,290.3,0.87,N,0
39.25786,-2.62471,301.1,0.48,0.48,2024-06-26,0236,N20,VIIRS,n,2,288.94,0.59,N,0
40.24508,-3.47597,322.67,0.42,0.45,2024-06-26,0236,N20,VIIRS,n,2,286.9,2.38,N,2
41.17472,1.22088,302.47,0.34,0.56,2024-06-26,0236,N20,VIIRS,n,2,291.89,1.07,N,0
43.34753,-8.43458,317.04,0.39,0.36,2024-06-26,0236,N20,VIIRS,n,2,287.72,1.61,N,2
36.96922,-1.9056,303.48,0.6,0.53,2024-06-26,0237,N20,VIIRS,n,2,290.79,1.8,N,2
37.36193,-5.93799,301.7,0.55,0.42,2024-06-26,0237,N20,VIIRS,n,2,285.3,0.36,N,0
37.36573,-5.93676,298.15,0.55,0.42,2024-06-26,0237,N20,VIIRS,n,2,286.15,0.36,N,0
37.57196,-0.91403,325.02,0.32,0.55,2024-06-26,0237,N20,VIIRS,n,2,291.28,1.96,N,0
37.56725,-0.91645,317.3,0.32,0.55,2024-06-26,0237,N20,VIIRS,n,2,290.21,0.86,N,2
37.97848,-4.33726,303.42,0.42,0.45,2024-06-26,0237,N20,VIIRS,n,2,281.99,0.5,N,0
37.97446,-4.33878,299.63,0.42,0.45,2024-06-26,0237,N20,VIIRS,n,2,281.6,0.5,N,0
37.97589,-4.3361,311.17,0.42,0.45,2024-06-26,0237,N20,VIIRS,n,2,281.67,1.18,N,0
37.25837,-5.36587,302.43,0.39,0.44,2024-06-26,0237,N20,VIIRS,n,2,284.86,0.3,N,0
38.48055,-7.01852,348.19,0.66,0.73,2024-06-26,1218,N20,VIIRS,n,2,286.04,12.52,D,0
38.48315,-7.01026,341.37,0.66,0.73,2024-06-26,1218,N20,VIIRS,n,2,284.53,11.59,D,0
38.47682,-7.00722,356.17,0.66,0.73,2024-06-26,1218,N20,VIIRS,l,2,286.64,29.65,D,0
38.47425,-7.01538,353.45,0.66,0.73,2024-06-26,1218,N20,VIIRS,n,2,293.04,26.47,D,0
42.59618,-3.60941,333.34,0.42,0.61,2024-06-26,1359,N20,VIIRS,n,2,287.47,2.94,D,0
43.411,-3.83945,310.58,0.39,0.36,2024-06-27,0216,N20,VIIRS,n,2,288.85,1.13,N,0
40.00918,-3.899,299.94,0.4,0.37,2024-06-27,0217,N20,VIIRS,n,2,288.78,0.83,N,0
41.31506,1.66123,308.36,0.41,0.45,2024-06-27,0217,N20,VIIRS,n,2,288.85,1.07,N,2
41.31382,1.66344,315.9,0.41,0.45,2024-06-27,0217,N20,VIIRS,n,2,290.11,1.52,N,2
41.4549,1.97781,303.24,0.42,0.45,2024-06-27,0217,N20,VIIRS,n,2,288.44,0.93,N,2
40.24595,-3.47534,302.21,0.41,0.37,2024-06-27,0217,N20,VIIRS,n,2,280.52,0.97,N,2
36.96853,-1.90571,305.27,0.51,0.41,2024-06-27,0218,N20,VIIRS,n,2,291.17,0.95,N,2
37.56713,-0.9169,306.11,0.56,0.43,2024-06-27,0218,N20,VIIRS,n,2,289.66,0.89,N,2
37.5709,-0.91535,304.85,0.56,0.43,2024-06-27,0218,N20,VIIRS,n,2,290.38,1.98,N,2
37.70233,-0.97678,331,0.6,0.71,2024-06-27,1159,N20,VIIRS,n,2,293.41,4.44,D,0
40.57573,0.54006,306.08,0.4,0.37,2024-06-28,0158,N20,VIIRS,n,2,293.39,0.66,N,2
41.47616,-1.48533,309.54,0.39,0.36,2024-06-28,0158,N20,VIIRS,n,2,289.75,1.21,N,2
41.64943,-0.76744,304.84,0.38,0.36,2024-06-28,0158,N20,VIIRS,n,2,290.86,0.29,N,0
41.31458,1.66223,317.79,0.41,0.37,2024-06-28,0158,N20,VIIRS,n,2,293.34,1.95,N,2
41.40649,1.99893,309.81,0.42,0.38,2024-06-28,0158,N20,VIIRS,n,2,290.44,1.26,N,2
41.45655,1.97875,301.44,0.42,0.37,2024-06-28,0158,N20,VIIRS,n,2,285.97,0.52,N,2
40.24509,-3.47682,306.72,0.41,0.37,2024-06-28,0158,N20,VIIRS,n,2,290.84,2.04,N,2
40.24444,-3.47206,325.11,0.41,0.37,2024-06-28,0158,N20,VIIRS,n,2,292.61,2.04,N,2
37.36127,-5.86431,305.03,0.46,0.39,2024-06-28,0159,N20,VIIRS,n,2,289.24,0.92,N,2
38.3782,-0.54373,305.82,0.39,0.36,2024-06-28,0159,N20,VIIRS,n,2,292.59,0.79,N,2
40.0117,-3.89923,300.25,0.42,0.37,2024-06-28,0159,N20,VIIRS,n,2,290.17,0.96,N,0
37.36317,-5.9235,325.83,0.46,0.39,2024-06-28,0159,N20,VIIRS,n,2,288.07,2.4,N,0
37.35962,-5.86622,305.94,0.46,0.39,2024-06-28,0159,N20,VIIRS,n,2,289.46,1.07,N,2
36.18501,-5.3974,304.23,0.43,0.38,2024-06-28,0200,N20,VIIRS,n,2,293.23,1.37,N,0
42.4178,-2.03226,353.92,0.51,0.41,2024-06-28,1321,N20,VIIRS,n,2,311.17,34.92,D,0
41.62872,0.7032,342.85,0.44,0.46,2024-06-28,1321,N20,VIIRS,n,2,305.74,13.12,D,0
42.41403,-2.03146,341.01,0.51,0.41,2024-06-28,1321,N20,VIIRS,n,2,305.6,3.02,D,0
42.42533,-2.03382,339.39,0.51,0.41,2024-06-28,1321,N20,VIIRS,n,2,303.95,5.28,D,0
42.42156,-2.03305,350.65,0.51,0.41,2024-06-28,1321,N20,VIIRS,n,2,312.07,34.92,D,0
42.4247,-2.03539,345.44,0.51,0.41,2024-06-28,1322,N20,VIIRS,n,2,303.6,6.01,D,0
37.37605,-5.40497,307.37,0.49,0.48,2024-06-29,0140,N20,VIIRS,n,2,286.31,1.75,N,0
36.96653,-1.90432,306.76,0.48,0.4,2024-06-29,0140,N20,VIIRS,n,2,292.46,1.25,N,2
37.37557,-5.39939,319.29,0.48,0.48,2024-06-29,0140,N20,VIIRS,n,2,285.77,1.75,N,0
39.25676,-0.43215,333.67,0.39,0.36,2024-06-29,1302,N20,VIIRS,l,2,305.29,1.02,D,0
38.95644,-0.34226,336.82,0.39,0.36,2024-06-29,1302,N20,VIIRS,l,2,307.26,11.19,D,0
41.31221,1.66202,313.07,0.41,0.45,2024-06-30,0120,N20,VIIRS,n,2,289.73,1.88,N,2
41.45503,1.97744,302.1,0.4,0.44,2024-06-30,0120,N20,VIIRS,n,2,288.7,0.66,N,2
41.45458,1.98226,306.08,0.4,0.44,2024-06-30,0120,N20,VIIRS,n,2,290.95,1.09,N,2
40.57656,0.54035,305.69,0.46,0.47,2024-06-30,0120,N20,VIIRS,n,2,289.58,1.1,N,2
38.95642,-0.34468,319.83,0.49,0.48,2024-06-30,0121,N20,VIIRS,n,2,290.64,2.85,N,0
39.0802,-0.54994,316.23,0.5,0.49,2024-06-30,0121,N20,VIIRS,n,2,291.11,2.05,N,0
39.06358,-0.56975,302.47,0.5,0.49,2024-06-30,0121,N20,VIIRS,n,2,291.08,0.51,N,0
36.96733,-1.90736,303.07,0.56,0.52,2024-06-30,0122,N20,VIIRS,n,2,291.77,0.87,N,2
40.24448,-3.474,300.61,0.43,0.62,2024-06-30,0301,N20,VIIRS,n,2,281.01,1.68,N,2
39.2039,-0.39603,307.95,0.66,0.73,2024-06-30,0301,N20,VIIRS,n,2,288.95,1.07,N,0
38.95818,-0.34235,301.77,0.68,0.74,2024-06-30,0301,N20,VIIRS,n,2,288.33,1.66,N,0
38.96105,-0.35129,300.38,0.68,0.74,2024-06-30,0301,N20,VIIRS,n,2,287.84,1.33,N,0
37.36089,-5.86633,302.04,0.39,0.59,2024-06-30,0302,N20,VIIRS,n,2,287.83,0.64,N,2
37.35847,-5.86553,303.97,0.39,0.59,2024-06-30,0302,N20,VIIRS,n,2,287.66,0.86,N,2
39.98415,-0.14343,334.28,0.43,0.38,2024-06-30,1243,N20,VIIRS,l,2,305.48,2.75,D,0
41.45418,1.98229,332.9,0.38,0.36,2024-06-30,1243,N20,VIIRS,l,2,304.03,2.39,D,2
38.95825,-0.34238,334.98,0.45,0.39,2024-06-30,1243,N20,VIIRS,n,2,304.66,5.51,D,0
41.47955,-1.48996,296.32,0.53,0.67,2024-07-01,0101,N20,VIIRS,n,2,284.47,0.98,N,0
38.88005,-3.65049,314.11,0.67,0.73,2024-07-01,0102,N20,VIIRS,n,2,284.08,3.86,N,0
40.24323,-3.47183,295.21,0.66,0.73,2024-07-01,0102,N20,VIIRS,n,2,283.73,2.06,N,2
40.24334,-3.47986,298.99,0.66,0.73,2024-07-01,0102,N20,VIIRS,n,2,281.46,2.22,N,2
40.24491,-3.47603,315.91,0.66,0.73,2024-07-01,0102,N20,VIIRS,n,2,285.75,3.44,N,2
36.96765,-1.90738,300.44,0.52,0.67,2024-07-01,0103,N20,VIIRS,n,2,290.33,0.87,N,2
37.17619,-4.08686,297.36,0.69,0.74,2024-07-01,0103,N20,VIIRS,n,2,285.99,0.78,N,0
43.52795,-5.72981,304.52,0.5,0.41,2024-07-01,0242,N20,VIIRS,n,2,286.15,1.89,N,2
40.03909,-4.42619,298.9,0.45,0.47,2024-07-01,0242,N20,VIIRS,n,2,285.41,0.62,N,0
43.52431,-5.73124,320.32,0.5,0.41,2024-07-01,0242,N20,VIIRS,n,2,285.47,1.89,N,2
43.54055,-5.82918,304.16,0.5,0.41,2024-07-01,0242,N20,VIIRS,n,2,285.3,1.02,N,2
43.54177,-5.83512,296.73,0.5,0.41,2024-07-01,0242,N20,VIIRS,n,2,284.61,1.02,N,2
43.5316,-5.72844,296.68,0.5,0.41,2024-07-01,0242,N20,VIIRS,n,2,284.62,0.41,N,2
43.22717,-2.87917,297.51,0.45,0.47,2024-07-01,0242,N20,VIIRS,n,2,285.17,0.81,N,2
43.33075,-5.77642,295.14,0.51,0.41,2024-07-01,0242,N20,VIIRS,n,2,284.61,0.95,N,2
40.24694,-3.4734,318.46,0.5,0.49,2024-07-01,0242,N20,VIIRS,n,2,288.09,3.49,N,2
37.36034,-5.86236,304.35,0.44,0.46,2024-07-01,0243,N20,VIIRS,n,2,290.26,0.72,N,2
37.33267,-6.89857,330.66,0.58,0.7,2024-07-01,1224,N20,VIIRS,l,2,301.36,2.96,D,0
37.37531,-6.29656,340.78,0.54,0.68,2024-07-01,1224,N20,VIIRS,n,2,299.99,4.04,D,0
40.48677,-3.58945,330.01,0.32,0.55,2024-07-01,1225,N20,VIIRS,n,2,299.97,2.14,D,0
43.52086,-5.72553,326.43,0.34,0.56,2024-07-01,1226,N20,VIIRS,n,2,293.53,1.97,D,0
43.52103,-5.7257,326.25,0.4,0.6,2024-07-01,1406,N20,VIIRS,n,2,288.76,1.34,D,0
41.311,1.66198,303.66,0.49,0.49,2024-07-02,0223,N20,VIIRS,n,2,287.86,1.11,N,2
42.19101,-1.33303,309.82,0.52,0.41,2024-07-02,0223,N20,VIIRS,n,2,283.71,1.05,N,0
41.40713,1.9968,301.74,0.51,0.49,2024-07-02,0223,N20,VIIRS,n,2,288.34,0.55,N,2
41.31527,1.66381,300.89,0.49,0.49,2024-07-02,0223,N20,VIIRS,n,2,288.39,1.11,N,2
41.4767,-1.48727,300.17,0.52,0.42,2024-07-02,0223,N20,VIIRS,n,2,286.12,1.09,N,2
41.64712,-0.77021,297.84,0.56,0.43,2024-07-02,0223,N20,VIIRS,n,2,287.14,0.4,N,0
37.24637,-1.87109,303.13,0.4,0.45,2024-07-02,0224,N20,VIIRS,n,2,291.91,0.85,N,0
38.95593,-0.34433,314.92,0.44,0.46,2024-07-02,0224,N20,VIIRS,n,2,289.79,1.06,N,0
39.59898,-3.14244,311.58,0.48,0.4,2024-07-02,0224,N20,VIIRS,n,2,287.84,0.91,N,0
39.75264,-3.20614,311,0.48,0.4,2024-07-02,0224,N20,VIIRS,n,2,286.96,1.89,N,0
38.37774,-0.54508,304.92,0.45,0.47,2024-07-02,0224,N20,VIIRS,n,2,290.42,1.25,N,2
38.86731,-6.89409,303.71,0.39,0.36,2024-07-02,0224,N20,VIIRS,n,2,290.71,0.43,N,0
40.01102,-3.90221,299.44,0.45,0.39,2024-07-02,0224,N20,VIIRS,n,2,289.31,0.47,N,0
39.7537,-3.2116,319.1,0.48,0.4,2024-07-02,0224,N20,VIIRS,n,2,286.77,1.89,N,0
36.1801,-5.42329,309.14,0.44,0.39,2024-07-02,0225,N20,VIIRS,n,2,294.94,1.59,N,0
37.35939,-5.8633,313.06,0.42,0.38,2024-07-02,0225,N20,VIIRS,n,2,293.98,1.6,N,2
37.70364,-4.66087,334.95,0.76,0.77,2024-07-02,1205,N20,VIIRS,n,2,301.48,5,D,0
41.71772,-0.00344,332.83,0.34,0.56,2024-07-02,1206,N20,VIIRS,n,2,300.91,2.72,D,0
39.92489,-0.02871,339.3,0.38,0.59,2024-07-02,1206,N20,VIIRS,n,2,297.25,3.46,D,0
37.50587,-4.71739,348.53,0.45,0.47,2024-07-02,1345,N20,VIIRS,n,2,314.61,5.58,D,0
37.27822,-5.87795,341.01,0.39,0.44,2024-07-02,1345,N20,VIIRS,l,2,314.09,4.01,D,0
37.39113,-5.90236,348.84,0.39,0.44,2024-07-02,1345,N20,VIIRS,n,2,315.16,8.01,D,0
37.39515,-5.90296,349.48,0.39,0.44,2024-07-02,1345,N20,VIIRS,n,2,313.59,6.69,D,0
37.70213,-4.66705,343.02,0.45,0.47,2024-07-02,1346,N20,VIIRS,l,2,313.21,3.95,D,0
40.06543,-4.14316,342.44,0.51,0.49,2024-07-02,1346,N20,VIIRS,n,2,310.47,3.64,D,0
39.77607,-3.99922,347.21,0.52,0.5,2024-07-02,1346,N20,VIIRS,n,2,313.69,8.01,D,0
39.7756,-4.00529,339.53,0.52,0.5,2024-07-02,1346,N20,VIIRS,l,2,313.07,8.01,D,0
39.78065,-3.99969,350.78,0.52,0.5,2024-07-02,1346,N20,VIIRS,n,2,314.57,9.06,D,0
37.70644,-4.6676,340.57,0.45,0.47,2024-07-02,1346,N20,VIIRS,l,2,310.77,3.95,D,0
41.72003,-0.00377,295.14,0.41,0.37,2024-07-03,0204,N20,VIIRS,n,2,276.26,0.19,N,0
40.57835,0.54384,301.62,0.43,0.38,2024-07-03,0204,N20,VIIRS,n,2,290.25,0.46,N,2
41.47594,-1.48676,306.63,0.39,0.36,2024-07-03,0204,N20,VIIRS,n,2,280.99,1.09,N,2
41.40709,1.99822,303.28,0.47,0.4,2024-07-03,0204,N20,VIIRS,n,2,281.85,0.95,N,2
41.92471,0.18253,306.87,0.41,0.37,2024-07-03,0204,N20,VIIRS,n,2,276.05,0.88,N,2
41.92557,0.17771,298.94,0.41,0.37,2024-07-03,0204,N20,VIIRS,n,2,276.08,0.88,N,2
42.19043,-1.33231,297.25,0.39,0.36,2024-07-03,0204,N20,VIIRS,n,2,281.64,0.29,N,0
43.34843,-8.43506,295.81,0.39,0.44,2024-07-03,0204,N20,VIIRS,n,2,278.55,0.37,N,2
40.24561,-3.47729,301.22,0.39,0.36,2024-07-03,0205,N20,VIIRS,n,2,290.72,0.82,N,2
38.3773,-0.54442,304.55,0.42,0.38,2024-07-03,0205,N20,VIIRS,n,2,292.92,0.71,N,2
40.00893,-3.9008,301.96,0.39,0.36,2024-07-03,0205,N20,VIIRS,n,2,291.51,0.95,N,0
37.50977,-4.71919,309.26,0.39,0.36,2024-07-03,0206,N20,VIIRS,n,2,293.52,0.85,N,0
40.11677,-3.73119,345.84,0.48,0.4,2024-07-03,1327,N20,VIIRS,n,2,317.21,13.24,D,0
43.12586,-9.09855,338.8,0.38,0.36,2024-07-03,1328,N20,VIIRS,n,2,296.84,15.41,D,0
43.52214,-5.72693,334.22,0.44,0.38,2024-07-03,1328,N20,VIIRS,n,2,300.7,4.48,D,2
41.52938,1.80932,299.27,0.39,0.36,2024-07-04,0145,N20,VIIRS,n,2,289.02,0.25,N,2
41.45581,1.97906,313.42,0.38,0.36,2024-07-04,0145,N20,VIIRS,n,2,291.5,1.56,N,2
41.313,1.66191,316.69,0.39,0.36,2024-07-04,0145,N20,VIIRS,n,2,292.16,2.02,N,2
43.54008,-5.82833,328.63,0.49,0.49,2024-07-04,0145,N20,VIIRS,n,2,287.17,3.33,N,2
43.54055,-5.83461,297.44,0.49,0.49,2024-07-04,0145,N20,VIIRS,n,2,285.58,2.79,N,2
42.22086,-1.10402,327.18,0.45,0.39,2024-07-04,0145,N20,VIIRS,n,2,287.44,2.09,N,0
42.55217,-6.77161,298.45,0.53,0.5,2024-07-04,0145,N20,VIIRS,n,2,286.18,1.49,N,2
43.44544,-3.84473,298.21,0.39,0.44,2024-07-04,0145,N20,VIIRS,n,2,287.06,0.23,N,2
43.52377,-5.733,297.8,0.49,0.48,2024-07-04,0145,N20,VIIRS,n,2,286.94,1.26,N,2
43.52776,-5.72628,301.45,0.48,0.48,2024-07-04,0145,N20,VIIRS,n,2,287.93,1.26,N,2
43.44141,-3.8455,302.03,0.39,0.44,2024-07-04,0145,N20,VIIRS,n,2,287.46,0.46,N,2
43.44085,-3.84301,300.21,0.39,0.44,2024-07-04,0145,N20,VIIRS,n,2,287.45,0.6,N,2
43.33215,-5.77257,297.01,0.49,0.48,2024-07-04,0145,N20,VIIRS,n,2,286.23,0.75,N,0
42.9211,-1.50939,295.06,0.47,0.39,2024-07-04,0145,N20,VIIRS,n,2,284.15,0.56,N,0
43.03601,-2.2175,299.57,0.5,0.41,2024-07-04,0145,N20,VIIRS,n,2,285.45,1.09,N,2
38.958,-0.34469,302.92,0.4,0.37,2024-07-04,0146,N20,VIIRS,n,2,291.8,0.46,N,0
38.37572,-0.54408,303.56,0.4,0.37,2024-07-04,0146,N20,VIIRS,n,2,293.19,0.96,N,2
40.1195,-3.91849,301.62,0.55,0.42,2024-07-04,0146,N20,VIIRS,n,2,290.39,0.49,N,0
40.15016,-3.90613,305.31,0.55,0.42,2024-07-04,0146,N20,VIIRS,n,2,291.46,1.44,N,0
40.57859,0.54239,309.31,0.39,0.37,2024-07-04,0146,N20,VIIRS,n,2,292.71,1.26,N,2
41.10917,1.17625,304.04,0.39,0.36,2024-07-04,0146,N20,VIIRS,n,2,291.12,0.44,N,0
41.47511,-1.48818,308.03,0.45,0.39,2024-07-04,0146,N20,VIIRS,n,2,289.68,1.26,N,2
36.7528,-3.7478,315.66,0.49,0.4,2024-07-04,0147,N20,VIIRS,n,2,293.44,1.25,N,0
36.96654,-1.90464,320.81,0.42,0.38,2024-07-04,0147,N20,VIIRS,n,2,297.14,2.27,N,2
43.52517,-5.73316,296.68,0.54,0.68,2024-07-04,0325,N20,VIIRS,n,2,286.06,1.02,N,2
38.30214,-1.5163,337.99,0.39,0.36,2024-07-04,1308,N20,VIIRS,l,2,311.01,1.06,D,0
37.74269,-1.34848,343.01,0.39,0.36,2024-07-04,1308,N20,VIIRS,n,2,314.96,3.18,D,0
38.42262,-0.49468,339.38,0.41,0.37,2024-07-04,1308,N20,VIIRS,l,2,310.35,3.81,D,0
40.27566,-3.82114,342.51,0.38,0.36,2024-07-04,1308,N20,VIIRS,l,2,315.83,6.76,D,0
39.36456,-0.42051,343.7,0.42,0.38,2024-07-04,1308,N20,VIIRS,n,2,311.34,5.17,D,0
43.4439,-3.84491,301.34,0.34,0.56,2024-07-05,0126,N20,VIIRS,n,2,289.08,0.43,N,2
42.87534,-4.1616,297.6,0.35,0.56,2024-07-05,0126,N20,VIIRS,n,2,286.28,0.65,N,0
39.56878,2.68766,303.63,0.45,0.39,2024-07-05,0127,N20,VIIRS,n,2,293,0.69,N,0
38.37632,-0.54313,304.39,0.4,0.45,2024-07-05,0127,N20,VIIRS,n,2,292.85,0.8,N,2
41.45576,1.97978,304.05,0.5,0.41,2024-07-05,0127,N20,VIIRS,n,2,291.53,0.87,N,2
41.47533,-1.48509,306.3,0.49,0.49,2024-07-05,0127,N20,VIIRS,n,2,291.51,0.87,N,2
41.31353,1.66519,303.65,0.52,0.41,2024-07-05,0127,N20,VIIRS,n,2,290.81,0.78,N,2
41.45601,1.98033,303.78,0.5,0.41,2024-07-05,0127,N20,VIIRS,n,2,291.47,0.99,N,2
38.63711,-6.3779,310.44,0.41,0.61,2024-07-05,0308,N20,VIIRS,n,2,294.26,1.13,N,0
38.91811,-6.40732,340.89,0.47,0.48,2024-07-05,1249,N20,VIIRS,l,2,313.49,17.74,D,0
36.842,-5.07789,344.17,0.45,0.47,2024-07-05,1249,N20,VIIRS,n,2,312.37,12.48,D,0
36.84094,-5.08279,352.56,0.45,0.47,2024-07-05,1249,N20,VIIRS,n,2,315.01,12.48,D,0
36.8451,-5.08415,351.06,0.45,0.47,2024-07-05,1249,N20,VIIRS,n,2,310.86,25.15,D,0
36.84118,-5.07984,352.86,0.45,0.47,2024-07-05,1249,N20,VIIRS,n,2,313.86,17.89,D,0
36.84535,-5.08113,342.25,0.45,0.47,2024-07-05,1249,N20,VIIRS,n,2,308.92,17.89,D,0
38.64528,-5.31221,367,0.42,0.45,2024-07-05,1249,N20,VIIRS,h,2,316.41,14.27,D,0
38.64731,-5.30279,342.97,0.42,0.45,2024-07-05,1249,N20,VIIRS,n,2,312.2,5.28,D,0
38.6463,-5.30749,355.45,0.42,0.45,2024-07-05,1249,N20,VIIRS,n,2,316,14.27,D,0
38.64425,-5.31695,346.2,0.42,0.45,2024-07-05,1249,N20,VIIRS,n,2,313.98,6.26,D,0
38.6543,-5.29046,367,0.42,0.45,2024-07-05,1249,N20,VIIRS,h,2,314.45,13.95,D,0
38.65331,-5.29505,367,0.42,0.45,2024-07-05,1249,N20,VIIRS,h,2,314.27,13.95,D,0
38.65529,-5.28587,343.37,0.42,0.45,2024-07-05,1249,N20,VIIRS,n,2,310.23,6.86,D,0
38.6483,-5.3183,346.79,0.42,0.45,2024-07-05,1249,N20,VIIRS,n,2,314.91,6.26,D,0
38.65932,-5.28727,367,0.42,0.45,2024-07-05,1249,N20,VIIRS,h,2,312.82,8.25,D,0
38.65833,-5.29187,356.11,0.42,0.45,2024-07-05,1249,N20,VIIRS,n,2,315.04,6.92,D,0
38.65734,-5.29647,349.55,0.42,0.45,2024-07-05,1249,N20,VIIRS,n,2,315.3,6.92,D,0
38.65236,-5.31963,339.61,0.42,0.45,2024-07-05,1249,N20,VIIRS,l,2,313.21,4,D,0
38.66336,-5.28863,348.01,0.42,0.45,2024-07-05,1249,N20,VIIRS,n,2,312.49,8.25,D,0
38.66237,-5.29326,354.36,0.42,0.45,2024-07-05,1249,N20,VIIRS,n,2,316.33,6.92,D,0
38.66137,-5.29786,343.44,0.42,0.45,2024-07-05,1249,N20,VIIRS,l,2,315.97,6.92,D,0
38.66039,-5.30246,344.35,0.42,0.45,2024-07-05,1249,N20,VIIRS,l,2,315.9,10.53,D,0
38.6695,-5.30039,367,0.42,0.45,2024-07-05,1249,N20,VIIRS,h,2,316.22,10.46,D,0
38.6705,-5.29573,346.14,0.42,0.45,2024-07-05,1249,N20,VIIRS,n,2,310.7,10.46,D,0
38.6685,-5.30507,353.3,0.42,0.45,2024-07-05,1249,N20,VIIRS,n,2,316.19,22.25,D,0
38.67459,-5.29686,354.73,0.42,0.45,2024-07-05,1249,N20,VIIRS,n,2,313.1,98.08,D,0
39.03053,-4.21896,344.68,0.55,0.43,2024-07-05,1249,N20,VIIRS,n,2,313.06,2.57,D,0
39.0313,-4.22009,341.74,0.55,0.43,2024-07-05,1249,N20,VIIRS,n,2,313.68,5.56,D,0
38.66187,-6.51304,345.67,0.48,0.48,2024-07-05,1249,N20,VIIRS,n,2,315.45,8.6,D,0
38.90249,-6.43557,333.26,0.47,0.48,2024-07-05,1249,N20,VIIRS,n,2,308.19,2.16,D,0
38.9193,-6.4021,344.89,0.47,0.48,2024-07-05,1249,N20,VIIRS,n,2,315.89,25.18,D,0
42.82659,-1.67625,336.22,0.4,0.37,2024-07-05,1250,N20,VIIRS,l,2,310.2,2.27,D,0
40.01184,-3.00045,339.56,0.47,0.4,2024-07-05,1250,N20,VIIRS,n,2,309.22,26.23,D,0
41.31184,1.66479,335.03,0.39,0.36,2024-07-05,1250,N20,VIIRS,l,2,307.69,1.98,D,2
37.37176,-5.90913,343.27,0.78,0.78,2024-07-05,1430,N20,VIIRS,n,2,297.01,10.39,D,0
37.37338,-5.90179,335.78,0.79,0.78,2024-07-05,1430,N20,VIIRS,n,2,297.01,10.19,D,0
37.37331,-5.91078,337.89,0.78,0.78,2024-07-05,1430,N20,VIIRS,n,2,297.17,10.49,D,0
37.38084,-5.8748,332.98,0.79,0.78,2024-07-05,1430,N20,VIIRS,n,2,297.01,9.78,D,0
42.684,-8.04187,340.29,0.64,0.72,2024-07-05,1431,N20,VIIRS,n,2,295.33,6.63,D,0
42.68007,-8.04032,327.19,0.64,0.72,2024-07-05,1431,N20,VIIRS,n,2,294.24,8.27,D,0
38.92144,-6.40871,314.08,0.77,0.77,2024-07-06,0108,N20,VIIRS,n,2,288.89,2.73,N,0
38.92153,-6.41781,301.84,0.77,0.77,2024-07-06,0108,N20,VIIRS,n,2,288.36,2.62,N,0
40.02794,-4.15863,322.83,0.59,0.7,2024-07-06,0108,N20,VIIRS,n,2,289.52,3.89,N,0
40.02781,-4.15179,321.04,0.59,0.7,2024-07-06,0108,N20,VIIRS,n,2,289.87,3.89,N,0
40.0282,-4.15717,326.14,0.59,0.7,2024-07-06,0108,N20,VIIRS,n,2,290.01,6.2,N,0
40.02803,-4.15027,314.25,0.59,0.7,2024-07-06,0108,N20,VIIRS,n,2,289.75,4.44,N,0
38.92406,-6.40954,315.9,0.77,0.77,2024-07-06,0108,N20,VIIRS,n,2,288.54,3.63,N,0
38.62535,-5.41856,327.77,0.68,0.74,2024-07-06,0109,N20,VIIRS,n,2,289.24,8.93,N,0
38.67483,-4.05301,302.08,0.57,0.69,2024-07-06,0109,N20,VIIRS,n,2,290.32,1.76,N,0
38.6322,-5.41804,311.89,0.68,0.74,2024-07-06,0109,N20,VIIRS,n,2,288.71,1.72,N,0
38.63208,-5.40995,303.82,0.68,0.74,2024-07-06,0109,N20,VIIRS,n,2,288.23,1.72,N,0
38.62547,-5.42637,334.77,0.68,0.74,2024-07-06,0109,N20,VIIRS,n,2,288.57,8.09,N,0
43.33049,-5.77315,305.16,0.39,0.44,2024-07-06,0248,N20,VIIRS,n,2,286.47,0.82,N,2
38.62648,-5.42023,309.13,0.52,0.5,2024-07-06,0249,N20,VIIRS,n,2,289.65,1.23,N,0
38.92064,-6.40927,321.01,0.46,0.47,2024-07-06,0249,N20,VIIRS,n,2,290.81,2.13,N,0
38.63567,-5.4149,301.91,0.52,0.5,2024-07-06,0249,N20,VIIRS,n,2,289.72,1.16,N,0
38.63123,-5.41652,308.89,0.52,0.5,2024-07-06,0249,N20,VIIRS,n,2,290.01,1.16,N,0
38.62984,-5.41078,304.98,0.52,0.5,2024-07-06,0249,N20,VIIRS,n,2,289.28,1.16,N,0
38.62819,-5.42393,305.84,0.52,0.5,2024-07-06,0249,N20,VIIRS,n,2,289.71,1.24,N,0
38.62679,-5.41814,319.53,0.52,0.5,2024-07-06,0249,N20,VIIRS,n,2,290.08,1.97,N,0
38.62539,-5.41235,305.5,0.52,0.5,2024-07-06,0249,N20,VIIRS,n,2,289.58,1.97,N,0
38.634,-5.41118,303.11,0.53,0.5,2024-07-06,0249,N20,VIIRS,n,2,289.75,1.48,N,0
38.63091,-5.41859,307.27,0.52,0.5,2024-07-06,0249,N20,VIIRS,n,2,289.87,1.23,N,0
38.62956,-5.41283,310.05,0.53,0.5,2024-07-06,0249,N20,VIIRS,n,2,289.52,2.04,N,0
38.62785,-5.42605,300.57,0.52,0.5,2024-07-06,0249,N20,VIIRS,n,2,289.42,1.23,N,0
38.62511,-5.41442,314.66,0.53,0.5,2024-07-06,0249,N20,VIIRS,n,2,289.8,2.04,N,0
37.33041,-6.90108,338.34,0.48,0.65,2024-07-06,1230,N20,VIIRS,n,2,300.89,3.63,D,0
38.28073,-1.5943,345.65,0.48,0.48,2024-07-06,1230,N20,VIIRS,n,2,307.57,9.6,D,0
38.28022,-1.59647,349.44,0.48,0.48,2024-07-06,1230,N20,VIIRS,n,2,305.13,17.07,D,0
38.28453,-1.59787,346.55,0.48,0.48,2024-07-06,1230,N20,VIIRS,n,2,303.3,17.07,D,0
37.32326,-6.90394,330.05,0.48,0.65,2024-07-06,1230,N20,VIIRS,l,2,300.81,3.63,D,0
37.33186,-6.89591,334.8,0.48,0.65,2024-07-06,1230,N20,VIIRS,n,2,300.36,5.09,D,0
38.8432,-7.00942,367,0.38,0.59,2024-07-06,1411,N20,VIIRS,h,2,308.47,10.09,D,0
40.465,-3.61319,335.66,0.6,0.71,2024-07-06,1412,N20,VIIRS,n,2,299.19,2.11,D,0
40.07206,-3.84059,338.06,0.58,0.7,2024-07-06,1412,N20,VIIRS,n,2,305.04,4.16,D,0
43.34692,-8.43538,312.31,0.38,0.36,2024-07-07,0229,N20,VIIRS,n,2,284.97,1.34,N,2
41.64966,-0.76665,296.78,0.44,0.46,2024-07-07,0229,N20,VIIRS,n,2,284.42,0.47,N,0
42.55202,-6.76691,299.07,0.39,0.37,2024-07-07,0229,N20,VIIRS,n,2,282.89,0.46,N,2
37.76723,-1.12772,300.91,0.52,0.5,2024-07-07,0230,N20,VIIRS,n,2,290.6,0.49,N,0
38.37648,-0.54564,301.74,0.54,0.51,2024-07-07,0230,N20,VIIRS,n,2,290.46,0.96,N,2
37.35953,-5.86632,306.27,0.47,0.4,2024-07-07,0231,N20,VIIRS,n,2,292.51,1,N,2
37.47543,-5.75536,299.82,0.48,0.4,2024-07-07,0231,N20,VIIRS,n,2,289.81,1.25,N,0
37.4744,-5.75013,316.13,0.48,0.4,2024-07-07,0231,N20,VIIRS,n,2,290.86,1.25,N,0
37.4647,-5.75866,303.54,0.48,0.4,2024-07-07,0231,N20,VIIRS,n,2,290,0.75,N,0
37.46455,-5.76082,300.12,0.48,0.4,2024-07-07,0231,N20,VIIRS,n,2,289.62,0.31,N,0
42.23634,-4.16138,349.06,0.44,0.62,2024-07-07,1213,N20,VIIRS,n,2,299.6,8.43,D,0
38.69189,-4.10826,336.18,0.61,0.53,2024-07-07,1352,N20,VIIRS,l,2,311.12,5.01,D,0
37.30392,-6.73388,343.54,0.42,0.45,2024-07-07,1352,N20,VIIRS,n,2,310.11,8.88,D,0
37.30348,-6.73857,344.06,0.42,0.45,2024-07-07,1352,N20,VIIRS,n,2,313.66,8.57,D,0
39.74624,-3.69094,344.11,0.33,0.55,2024-07-07,1352,N20,VIIRS,n,2,315.37,2.95,D,0
41.45483,1.97693,308.62,0.54,0.42,2024-07-08,0210,N20,VIIRS,n,2,289.72,1.85,N,2
43.44192,-3.84179,302.7,0.39,0.36,2024-07-08,0210,N20,VIIRS,n,2,287.02,0.5,N,2
43.30793,-3.02514,316.5,0.38,0.36,2024-07-08,0210,N20,VIIRS,n,2,287.34,1.52,N,0
43.04213,-2.21985,300.24,0.39,0.36,2024-07-08,0210,N20,VIIRS,n,2,284.12,0.32,N,2
43.55353,-5.85876,299.28,0.41,0.37,2024-07-08,0210,N20,VIIRS,n,2,286.11,0.58,N,2
43.54334,-5.83509,298.24,0.41,0.37,2024-07-08,0210,N20,VIIRS,n,2,285.87,0.7,N,2
43.54265,-5.83,303.06,0.41,0.37,2024-07-08,0210,N20,VIIRS,n,2,285.77,1.41,N,2
43.52909,-5.7293,307.37,0.41,0.37,2024-07-08,0210,N20,VIIRS,n,2,286.79,1.08,N,2
43.53926,-5.83086,321.47,0.41,0.37,2024-07-08,0210,N20,VIIRS,n,2,286.13,1.41,N,2
43.52571,-5.73014,307.18,0.41,0.37,2024-07-08,0210,N20,VIIRS,n,2,286.51,1.08,N,2
43.33166,-5.77221,300.64,0.41,0.37,2024-07-08,0210,N20,VIIRS,n,2,285.01,0.73,N,0
42.55312,-6.76709,301.56,0.43,0.38,2024-07-08,0211,N20,VIIRS,n,2,285.77,1,N,2
41.45586,1.98279,301.39,0.54,0.42,2024-07-08,0211,N20,VIIRS,n,2,289.93,1.4,N,2
38.49483,-0.49229,317.7,0.48,0.4,2024-07-08,0211,N20,VIIRS,n,2,290.48,2.76,N,0
40.0103,-3.90073,304.15,0.39,0.36,2024-07-08,0211,N20,VIIRS,n,2,292.43,0.93,N,0
40.06593,-3.22005,311.63,0.39,0.36,2024-07-08,0211,N20,VIIRS,n,2,287.75,0.8,N,0
40.06668,-3.22456,299.64,0.39,0.36,2024-07-08,0211,N20,VIIRS,n,2,286.99,0.83,N,0
40.57771,0.54352,305.22,0.49,0.4,2024-07-08,0211,N20,VIIRS,n,2,291.25,1.22,N,2
41.40783,1.99886,306.74,0.54,0.42,2024-07-08,0211,N20,VIIRS,n,2,289.78,1.19,N,2
38.49232,-0.49893,298.46,0.48,0.4,2024-07-08,0211,N20,VIIRS,n,2,288.3,0.95,N,0
38.49124,-0.49343,323.75,0.48,0.4,2024-07-08,0211,N20,VIIRS,n,2,292.65,3.48,N,0
37.3597,-5.86352,306.29,0.39,0.36,2024-07-08,0212,N20,VIIRS,n,2,291.4,0.8,N,2
37.73232,-3.16706,315.18,0.4,0.37,2024-07-08,0212,N20,VIIRS,n,2,288.98,1.44,N,0
38.04073,-1.19202,321.33,0.46,0.39,2024-07-08,0212,N20,VIIRS,n,2,291.87,2.09,N,0
38.66613,-4.04577,306.7,0.39,0.36,2024-07-08,0212,N20,VIIRS,n,2,289.37,0.93,N,2
38.66685,-4.05015,300.91,0.39,0.36,2024-07-08,0212,N20,VIIRS,n,2,288.7,0.93,N,2
38.37508,-0.5426,302.95,0.48,0.4,2024-07-08,0212,N20,VIIRS,n,2,291.78,0.99,N,2
41.39503,-4.22147,336.58,0.79,0.78,2024-07-08,1154,N20,VIIRS,n,2,295.88,6.15,D,0
37.18322,-3.58552,347.01,0.53,0.42,2024-07-08,1333,N20,VIIRS,n,2,314.69,30.4,D,0
37.45147,-1.87363,336.72,0.43,0.46,2024-07-08,1333,N20,VIIRS,l,2,307.26,2.44,D,0
37.39548,-6.76873,350.62,0.41,0.37,2024-07-08,1333,N20,VIIRS,n,2,314.71,13.48,D,0
40.30387,-3.77153,339.24,0.56,0.43,2024-07-08,1334,N20,VIIRS,n,2,311.84,2.96,D,0
40.30247,-3.77258,339.06,0.56,0.43,2024-07-08,1334,N20,VIIRS,l,2,312.9,3.12,D,0
39.95749,-6.32391,343.39,0.44,0.38,2024-07-08,1334,N20,VIIRS,n,2,312.63,4.95,D,0
41.40562,1.99691,311.99,0.39,0.36,2024-07-09,0152,N20,VIIRS,n,2,293.02,0.76,N,2
41.47589,-1.4879,310.18,0.41,0.37,2024-07-09,0152,N20,VIIRS,n,2,293.03,1.06,N,2
38.41666,-2.6708,308.03,0.41,0.37,2024-07-09,0153,N20,VIIRS,n,2,291.14,2.49,N,0
38.41728,-2.67532,328.31,0.41,0.37,2024-07-09,0153,N20,VIIRS,n,2,292.14,2.49,N,0
38.37543,-0.54193,303.4,0.38,0.36,2024-07-09,0153,N20,VIIRS,n,2,293.1,1.02,N,2
38.49438,-0.49613,312.67,0.38,0.36,2024-07-09,0153,N20,VIIRS,n,2,291.83,0.81,N,0
37.6535,-1.67496,311.51,0.39,0.36,2024-07-09,0153,N20,VIIRS,n,2,291.69,0.82,N,0
37.38407,-6.03292,302.88,0.54,0.42,2024-07-09,0153,N20,VIIRS,n,2,290.06,0.99,N,0
36.96664,-1.90558,309.1,0.39,0.36,2024-07-09,0153,N20,VIIRS,n,2,292.67,1.03,N,2
37.36156,-6.67366,302.31,0.38,0.43,2024-07-09,0153,N20,VIIRS,n,2,289.21,0.78,N,0
38.32619,-6.1398,336.95,0.56,0.43,2024-07-09,0153,N20,VIIRS,n,2,289.89,6.13,N,0
38.32945,-6.13277,325.24,0.56,0.43,2024-07-09,0153,N20,VIIRS,n,2,289.49,11.68,N,0
38.33012,-6.13915,347.14,0.56,0.43,2024-07-09,0153,N20,VIIRS,n,2,291.69,11.68,N,0
38.33078,-6.14552,344.52,0.56,0.43,2024-07-09,0153,N20,VIIRS,n,2,289.18,7.38,N,0
37.45039,-1.8704,337.9,0.41,0.37,2024-07-09,1314,N20,VIIRS,l,2,312.51,3.32,D,0
38.06178,-1.4312,342.17,0.43,0.38,2024-07-09,1314,N20,VIIRS,n,2,312.25,3.44,D,0
40.28212,-3.76227,343.34,0.39,0.36,2024-07-09,1315,N20,VIIRS,n,2,310.87,2.52,D,0
40.27249,-3.68406,340.38,0.39,0.36,2024-07-09,1315,N20,VIIRS,l,2,310.88,3.74,D,0
39.9491,-4.94878,342.93,0.38,0.36,2024-07-09,1315,N20,VIIRS,l,2,315.76,12.12,D,0
39.9438,-4.96129,350.54,0.38,0.36,2024-07-09,1315,N20,VIIRS,n,2,317,7.34,D,0
39.94514,-4.95239,352.31,0.38,0.36,2024-07-09,1315,N20,VIIRS,n,2,316.01,12.69,D,0
38.88638,-6.90773,354.46,0.41,0.37,2024-07-09,1315,N20,VIIRS,n,2,310.82,8.35,D,0
40.35533,-3.57315,338.05,0.4,0.37,2024-07-09,1315,N20,VIIRS,l,2,311.43,25,D,0
41.31404,1.66568,304.55,0.45,0.39,2024-07-10,0133,N20,VIIRS,n,2,292.16,1.63,N,0
41.47702,-1.48792,309.61,0.41,0.45,2024-07-10,0133,N20,VIIRS,n,2,292.51,0.79,N,2
41.47394,-1.485,305.45,0.41,0.45,2024-07-10,0133,N20,VIIRS,n,2,292.19,1.22,N,0
40.57806,0.5402,307.9,0.49,0.4,2024-07-10,0133,N20,VIIRS,n,2,292.58,0.84,N,2
40.9233,-3.28058,299.9,0.49,0.49,2024-07-10,0133,N20,VIIRS,n,2,286.91,0.46,N,0
40.05203,-3.7281,305.73,0.51,0.49,2024-07-10,0133,N20,VIIRS,n,2,290.33,1.13,N,0
39.94178,-4.95761,304.37,0.59,0.53,2024-07-10,0133,N20,VIIRS,n,2,289.7,0.67,N,0
41.45493,1.98092,304.82,0.44,0.38,2024-07-10,0133,N20,VIIRS,n,2,293.25,0.77,N,2
38.90884,-3.49199,327.93,0.48,0.48,2024-07-10,0134,N20,VIIRS,n,2,291.24,3.51,N,0
39.94364,-4.9577,307.83,0.59,0.53,2024-07-10,0134,N20,VIIRS,n,2,289.76,1.33,N,0
37.35962,-6.67266,304.06,0.35,0.56,2024-07-10,0134,N20,VIIRS,n,2,290.85,0.61,N,0
36.96621,-1.90714,306.26,0.57,0.43,2024-07-10,0134,N20,VIIRS,n,2,294.02,1.48,N,2
37.36491,-5.92149,303.9,0.63,0.54,2024-07-10,0134,N20,VIIRS,n,2,290.46,0.28,N,0
37.56802,-0.91998,305.29,0.52,0.41,2024-07-10,0134,N20,VIIRS,n,2,294.86,1.55,N,2
38.91329,-3.49161,339.32,0.48,0.48,2024-07-10,0134,N20,VIIRS,n,2,292.52,8.89,N,0
38.91773,-3.48959,320.49,0.69,0.74,2024-07-10,0314,N20,VIIRS,n,2,287.74,4.36,N,0
38.91537,-3.48232,319.09,0.69,0.74,2024-07-10,0314,N20,VIIRS,n,2,289.58,8.16,N,0
39.43034,-6.6974,303.67,0.46,0.63,2024-07-10,0314,N20,VIIRS,n,2,288.07,0.55,N,0
38.91529,-3.49245,314.38,0.69,0.74,2024-07-10,0314,N20,VIIRS,n,2,287.28,6.18,N,0
38.91296,-3.48511,336.75,0.69,0.74,2024-07-10,0314,N20,VIIRS,n,2,289.82,6.18,N,0
38.91174,-3.49397,312.24,0.69,0.74,2024-07-10,0314,N20,VIIRS,n,2,287.15,4.36,N,0
37.15538,-5.81948,344.69,0.4,0.44,2024-07-10,1255,N20,VIIRS,n,2,315.21,5.65,D,0
38.50165,-5.36858,350.21,0.53,0.42,2024-07-10,1256,N20,VIIRS,n,2,323.02,61.02,D,0
41.49683,-2.53636,337.32,0.4,0.37,2024-07-10,1256,N20,VIIRS,n,2,308.49,3.11,D,0
38.50917,-5.3711,367,0.53,0.42,2024-07-10,1256,N20,VIIRS,h,2,331.75,65.69,D,0
38.50422,-5.37575,353.51,0.54,0.42,2024-07-10,1256,N20,VIIRS,n,2,318.98,61.02,D,0
38.50659,-5.36397,337.95,0.53,0.42,2024-07-10,1256,N20,VIIRS,n,2,312.4,56.16,D,0
38.50541,-5.36985,367,0.53,0.42,2024-07-10,1256,N20,VIIRS,h,2,341.97,61.02,D,0
38.50047,-5.37448,350.44,0.54,0.42,2024-07-10,1256,N20,VIIRS,n,2,321.27,61.02,D,0
38.50283,-5.36271,333.96,0.53,0.42,2024-07-10,1256,N20,VIIRS,n,2,303.44,56.16,D,0
38.51035,-5.36521,337.88,0.53,0.42,2024-07-10,1256,N20,VIIRS,n,2,311.21,67.19,D,0
38.50798,-5.37701,355.28,0.54,0.42,2024-07-10,1256,N20,VIIRS,n,2,314.39,65.69,D,0
41.6298,0.22538,338.27,0.39,0.36,2024-07-10,1256,N20,VIIRS,l,2,309.97,2.03,D,0
40.89402,-5.43164,338.96,0.49,0.4,2024-07-10,1256,N20,VIIRS,n,2,304.42,5.66,D,0
43.33778,-3.11215,334.08,0.45,0.63,2024-07-11,0114,N20,VIIRS,n,2,286.22,3.65,N,0
42.92302,-1.50933,299.56,0.37,0.58,2024-07-11,0114,N20,VIIRS,n,2,287.34,0.66,N,0
41.4761,-1.48823,303.57,0.36,0.57,2024-07-11,0114,N20,VIIRS,n,2,291.56,0.9,N,2
38.66545,-4.05568,311.85,0.47,0.64,2024-07-11,0115,N20,VIIRS,n,2,292.92,0.91,N,0
38.50875,-5.38064,303.06,0.55,0.68,2024-07-11,0115,N20,VIIRS,n,2,291.83,2.11,N,0
36.966,-1.90684,305.45,0.34,0.56,2024-07-11,0115,N20,VIIRS,n,2,293.56,0.92,N,2
38.05989,-0.85992,312.36,0.61,0.54,2024-07-11,0115,N20,VIIRS,n,2,293.93,1.81,N,0
41.40961,1.99926,303.33,0.62,0.72,2024-07-11,0254,N20,VIIRS,n,2,289.78,0.76,N,2
43.52444,-5.73106,309.04,0.46,0.47,2024-07-11,0254,N20,VIIRS,n,2,288.83,7.04,N,2
41.31683,1.66095,306.85,0.6,0.71,2024-07-11,0254,N20,VIIRS,n,2,289.76,2.03,N,2
43.33276,-5.7746,298.37,0.47,0.47,2024-07-11,0254,N20,VIIRS,n,2,288.22,0.86,N,2
43.52859,-5.7292,330.19,0.46,0.47,2024-07-11,0254,N20,VIIRS,n,2,291.97,7.04,N,2
43.52998,-5.73498,337.63,0.46,0.47,2024-07-11,0254,N20,VIIRS,n,2,288.25,7.04,N,2
43.5258,-5.73674,303.13,0.46,0.47,2024-07-11,0254,N20,VIIRS,n,2,289.13,7.04,N,2
39.49648,-2.5235,301.77,0.43,0.62,2024-07-11,0255,N20,VIIRS,n,2,288.84,0.49,N,0
37.56908,-0.91584,309.86,0.58,0.7,2024-07-11,0255,N20,VIIRS,n,2,292.98,2.05,N,2
40.01055,-3.89976,305.9,0.35,0.57,2024-07-11,0255,N20,VIIRS,n,2,293.61,0.94,N,0
40.01243,-3.90004,303.88,0.35,0.57,2024-07-11,0255,N20,VIIRS,n,2,292.68,0.83,N,0
37.20596,-3.68194,306.49,0.43,0.62,2024-07-11,0256,N20,VIIRS,n,2,289.52,1.55,N,0
38.75969,-7.1412,339.44,0.37,0.58,2024-07-11,1237,N20,VIIRS,n,2,301.33,5.1,D,0
38.75859,-7.14533,346.98,0.37,0.58,2024-07-11,1237,N20,VIIRS,n,2,300.51,5.1,D,0
38.77859,-7.1129,343.34,0.37,0.58,2024-07-11,1237,N20,VIIRS,n,2,304.43,4.21,D,0
38.7775,-7.11701,333.36,0.37,0.58,2024-07-11,1237,N20,VIIRS,l,2,304.26,4.21,D,0
40.67815,-5.67182,342.44,0.56,0.52,2024-07-11,1237,N20,VIIRS,n,2,303.77,17.78,D,0
40.68003,-5.67296,341.33,0.56,0.52,2024-07-11,1237,N20,VIIRS,n,2,302.97,9.95,D,0
37.33821,-6.25061,335.74,0.37,0.58,2024-07-11,1237,N20,VIIRS,l,2,307.57,4.37,D,0
38.74955,-7.13648,356.19,0.37,0.58,2024-07-11,1237,N20,VIIRS,l,2,299.62,8.99,D,0
38.75461,-7.13888,367,0.37,0.58,2024-07-11,1237,N20,VIIRS,h,2,299.68,5.1,D,0
38.7524,-7.14716,342.55,0.37,0.58,2024-07-11,1237,N20,VIIRS,n,2,301.57,4.59,D,0
38.75749,-7.14946,367,0.37,0.58,2024-07-11,1237,N20,VIIRS,h,2,300.38,4.59,D,0
37.34331,-6.25263,343.61,0.37,0.58,2024-07-11,1237,N20,VIIRS,n,2,308.47,4.37,D,0
40.94972,-5.65215,334.96,0.55,0.51,2024-07-11,1238,N20,VIIRS,n,2,303.61,4.46,D,0
43.53918,-5.82675,337.75,0.48,0.48,2024-07-11,1238,N20,VIIRS,n,2,294.97,3.62,D,2
37.39121,-5.90435,334.24,0.53,0.67,2024-07-11,1417,N20,VIIRS,l,2,306.14,2.1,D,0
37.3811,-6.31974,343.81,0.5,0.66,2024-07-11,1417,N20,VIIRS,n,2,309.29,4.01,D,0
37.38175,-6.3207,344.99,0.5,0.66,2024-07-11,1417,N20,VIIRS,n,2,310.03,4.79,D,0
40.46761,-3.61662,337.32,0.73,0.76,2024-07-11,1418,N20,VIIRS,n,2,299.3,4.56,D,0
37.57146,-0.92104,304.68,0.56,0.69,2024-07-12,0056,N20,VIIRS,n,2,293.8,0.94,N,0
39.66327,-0.2497,304.7,0.53,0.67,2024-07-12,0056,N20,VIIRS,n,2,294.4,1.12,N,2
39.66726,-0.25013,304.79,0.53,0.67,2024-07-12,0056,N20,VIIRS,n,2,294.28,1.16,N,0
43.54795,-5.7643,296.86,0.44,0.39,2024-07-12,0235,N20,VIIRS,n,2,283.43,0.94,N,0
43.55493,-5.8586,301.55,0.44,0.38,2024-07-12,0235,N20,VIIRS,n,2,287.8,0.89,N,0
41.40763,1.9969,302.78,0.37,0.58,2024-07-12,0236,N20,VIIRS,n,2,290.3,0.71,N,2
41.31284,1.66114,320.2,0.35,0.57,2024-07-12,0236,N20,VIIRS,n,2,291.47,1.8,N,2
41.17449,1.222,303.54,0.34,0.56,2024-07-12,0236,N20,VIIRS,n,2,293.09,1.27,N,0
41.31142,1.66095,319.67,0.35,0.57,2024-07-12,0236,N20,VIIRS,n,2,291.16,1.61,N,2
40.57893,0.54316,304.14,0.33,0.55,2024-07-12,0236,N20,VIIRS,n,2,293.63,0.4,N,2
42.55302,-6.76763,303.06,0.43,0.38,2024-07-12,0236,N20,VIIRS,n,2,289.22,0.73,N,2
41.45778,1.97927,301.4,0.36,0.58,2024-07-12,0236,N20,VIIRS,n,2,290.21,0.59,N,2
39.194,-3.82082,345.64,0.43,0.46,2024-07-12,0237,N20,VIIRS,n,2,298.34,11.58,N,0
37.74655,-1.4887,311.41,0.61,0.53,2024-07-12,0237,N20,VIIRS,n,2,292.89,1.73,N,0
38.49089,-0.49661,306.27,0.33,0.55,2024-07-12,0237,N20,VIIRS,n,2,292.37,0.59,N,0
37.74497,-1.48912,319.49,0.61,0.53,2024-07-12,0237,N20,VIIRS,n,2,293.15,2.54,N,0
37.3589,-5.86531,307.56,0.55,0.43,2024-07-12,0237,N20,VIIRS,n,2,297.09,1.68,N,2
38.37514,-0.54478,307,0.33,0.55,2024-07-12,0237,N20,VIIRS,n,2,294.49,0.57,N,2
39.02086,-5.53038,356.16,0.53,0.67,2024-07-12,1218,N20,VIIRS,l,2,305.1,6.83,D,0
36.33463,-5.84736,338.66,0.66,0.73,2024-07-12,1218,N20,VIIRS,n,2,307.31,7.95,D,0
36.34138,-5.84067,338.46,0.66,0.73,2024-07-12,1218,N20,VIIRS,n,2,305.83,6.36,D,0
36.33921,-5.84774,338.06,0.66,0.73,2024-07-12,1218,N20,VIIRS,n,2,306.21,8.99,D,0
36.58178,-5.87061,335.79,0.65,0.73,2024-07-12,1218,N20,VIIRS,l,2,309.39,5.2,D,0
37.2562,-5.68957,335.76,0.61,0.71,2024-07-12,1218,N20,VIIRS,l,2,308.52,2.46,D,0
37.58012,-5.20009,338.57,0.56,0.69,2024-07-12,1218,N20,VIIRS,l,2,309.89,7.99,D,0
39.19397,-3.81872,342.95,0.43,0.62,2024-07-12,1218,N20,VIIRS,l,2,316.13,4.27,D,0
39.19278,-3.81461,344.56,0.43,0.62,2024-07-12,1218,N20,VIIRS,n,2,312.59,5.89,D,0
39.0133,-5.53344,332.03,0.53,0.67,2024-07-12,1218,N20,VIIRS,l,2,306.95,5.02,D,0
39.02666,-5.53328,335.23,0.53,0.67,2024-07-12,1218,N20,VIIRS,l,2,305.94,6.83,D,0
39.02033,-5.532,367,0.53,0.67,2024-07-12,1218,N20,VIIRS,h,2,304.77,18.78,D,0
39.0221,-5.52612,356.07,0.53,0.67,2024-07-12,1218,N20,VIIRS,l,2,304.49,15.3,D,0
39.02793,-5.5289,335.64,0.53,0.67,2024-07-12,1218,N20,VIIRS,n,2,306.49,4.29,D,0
39.02613,-5.5349,354.58,0.53,0.67,2024-07-12,1218,N20,VIIRS,n,2,306.02,6.28,D,0
39.83297,-5.63012,336.59,0.51,0.66,2024-07-12,1219,N20,VIIRS,n,2,305.44,1.24,D,0
40.46656,-3.57409,334.41,0.39,0.59,2024-07-12,1219,N20,VIIRS,l,2,308.88,1.5,D,0
40.495,-3.5647,339.9,0.39,0.59,2024-07-12,1219,N20,VIIRS,n,2,309.57,6.5,D,0
37.11202,-6.14674,337.11,0.55,0.51,2024-07-12,1358,N20,VIIRS,l,2,309.53,4.93,D,0
37.625,-5.80617,355.02,0.58,0.52,2024-07-12,1358,N20,VIIRS,n,2,319.07,19.5,D,0
37.6284,-5.80703,353.34,0.58,0.52,2024-07-12,1358,N20,VIIRS,n,2,316.76,21.04,D,0
38.09593,-3.64741,340.78,0.39,0.59,2024-07-12,1358,N20,VIIRS,n,2,313.49,2.49,D,0
38.92651,-1.93221,338.57,0.49,0.65,2024-07-12,1359,N20,VIIRS,n,2,309.33,3.94,D,0
40.0601,-4.5269,346.56,0.36,0.58,2024-07-12,1359,N20,VIIRS,n,2,314.47,5.18,D,0
38.97295,-0.56586,346.53,0.58,0.7,2024-07-12,1359,N20,VIIRS,n,2,296.93,6.43,D,0
38.97279,-0.57265,330.73,0.58,0.7,2024-07-12,1359,N20,VIIRS,n,2,296.62,6.43,D,0
38.89888,-6.09692,333.74,0.58,0.52,2024-07-12,1359,N20,VIIRS,l,2,308.27,1.82,D,0
39.19361,-3.81644,367,0.39,0.59,2024-07-12,1359,N20,VIIRS,h,2,313.93,8.73,D,0
41.40805,1.99788,307.36,0.43,0.46,2024-07-13,0217,N20,VIIRS,n,2,290.74,0.68,N,2
41.31126,1.66147,301.31,0.41,0.45,2024-07-13,0217,N20,VIIRS,n,2,289.82,1.26,N,2
41.64779,-0.76946,301.05,0.48,0.4,2024-07-13,0217,N20,VIIRS,n,2,288.31,0.83,N,0
40.2449,-3.47662,302.62,0.41,0.37,2024-07-13,0217,N20,VIIRS,n,2,292.34,0.99,N,2
43.3457,-8.43422,301.24,0.44,0.38,2024-07-13,0217,N20,VIIRS,n,2,286.24,0.84,N,2
41.45617,1.97968,304.17,0.43,0.46,2024-07-13,0217,N20,VIIRS,n,2,290.4,0.9,N,2
38.04109,-4.75059,309.41,0.4,0.37,2024-07-13,0218,N20,VIIRS,n,2,292.05,1.11,N,0
38.04211,-4.74791,313.31,0.4,0.37,2024-07-13,0218,N20,VIIRS,n,2,293.37,1.39,N,0
37.63321,-1.34351,302.94,0.53,0.42,2024-07-13,0218,N20,VIIRS,n,2,292.73,1.47,N,0
38.87266,-6.96117,330.73,0.39,0.36,2024-07-13,0218,N20,VIIRS,n,2,292.04,2.01,N,0
39.1958,-3.82098,327.85,0.41,0.37,2024-07-13,0218,N20,VIIRS,n,2,293.35,3.32,N,0
39.19553,-3.81882,327.92,0.41,0.37,2024-07-13,0218,N20,VIIRS,n,2,294.13,3.45,N,0
37.35958,-5.86507,308.29,0.39,0.36,2024-07-13,0218,N20,VIIRS,n,2,295.99,1,N,2
36.1809,-5.42783,304.83,0.4,0.37,2024-07-13,0219,N20,VIIRS,n,2,294.39,1.04,N,2
38.04181,-4.75086,367,0.57,0.43,2024-07-13,1339,N20,VIIRS,h,2,340.3,103.44,D,0
37.27188,-7.3086,338.27,0.44,0.38,2024-07-13,1339,N20,VIIRS,n,2,312.85,5.14,D,0
38.04246,-4.74444,367,0.57,0.43,2024-07-13,1339,N20,VIIRS,l,2,337.22,103.44,D,0
37.27127,-7.31349,338.46,0.44,0.38,2024-07-13,1339,N20,VIIRS,n,2,312.27,3.74,D,0
37.27215,-7.31108,355.3,0.44,0.38,2024-07-13,1339,N20,VIIRS,n,2,314.46,9.2,D,0
38.03786,-4.75008,350.13,0.57,0.43,2024-07-13,1339,N20,VIIRS,l,2,334.02,103.44,D,0
39.45124,-2.67011,343.13,0.5,0.49,2024-07-13,1340,N20,VIIRS,n,2,313.66,4.24,D,0
41.98734,-6.18007,346.88,0.54,0.42,2024-07-13,1341,N20,VIIRS,n,2,298.89,13.82,D,0
41.40717,2.00136,306.08,0.42,0.38,2024-07-14,0158,N20,VIIRS,n,2,290.44,0.94,N,2
41.45396,1.98,310.17,0.42,0.38,2024-07-14,0158,N20,VIIRS,n,2,290.94,1.41,N,2
43.22492,-2.87827,298.38,0.41,0.37,2024-07-14,0158,N20,VIIRS,n,2,274.93,0.61,N,2
41.31222,1.66218,321.8,0.41,0.37,2024-07-14,0158,N20,VIIRS,n,2,292.43,2.17,N,2
41.47559,-1.48871,307.65,0.39,0.36,2024-07-14,0158,N20,VIIRS,n,2,291.22,0.78,N,2
38.0523,-4.7176,334.83,0.42,0.38,2024-07-14,0159,N20,VIIRS,n,2,292.15,4.14,N,0
38.05452,-4.70781,309.78,0.42,0.38,2024-07-14,0159,N20,VIIRS,n,2,293.18,1.13,N,0
38.05664,-4.70566,309.16,0.42,0.38,2024-07-14,0159,N20,VIIRS,n,2,292.05,0.94,N,0
38.05318,-4.70617,307.84,0.42,0.38,2024-07-14,0159,N20,VIIRS,n,2,292.54,0.94,N,0
38.066,-4.72326,313.65,0.42,0.38,2024-07-14,0159,N20,VIIRS,n,2,292.3,1.84,N,0
38.85374,-6.67893,328.07,0.5,0.41,2024-07-14,0159,N20,VIIRS,n,2,289.81,2.54,N,0
39.1965,-3.81778,301.81,0.41,0.37,2024-07-14,0159,N20,VIIRS,n,2,289.89,0.91,N,0
40.09872,-3.9153,302.8,0.42,0.37,2024-07-14,0159,N20,VIIRS,n,2,288.5,0.49,N,0
38.04374,-4.75911,304.79,0.42,0.38,2024-07-14,0159,N20,VIIRS,n,2,290.11,1.34,N,0
38.05058,-4.75746,301.99,0.42,0.38,2024-07-14,0159,N20,VIIRS,n,2,290.23,0.65,N,0
37.36104,-6.67461,299.88,0.49,0.4,2024-07-14,0200,N20,VIIRS,n,2,289.65,1.12,N,0
37.4009,-6.04509,306.11,0.46,0.39,2024-07-14,0200,N20,VIIRS,n,2,291.54,0.98,N,0
36.85284,-3.69643,338.07,0.4,0.37,2024-07-14,1320,N20,VIIRS,n,2,310.01,1.91,D,0
38.04671,-4.76342,367,0.39,0.36,2024-07-14,1321,N20,VIIRS,h,2,326.2,20.23,D,0
40.54722,-3.46222,338.1,0.44,0.38,2024-07-14,1321,N20,VIIRS,l,2,310.59,1.91,D,0
40.23656,-4.27941,337.75,0.41,0.37,2024-07-14,1321,N20,VIIRS,l,2,311.65,2.04,D,0
38.39873,-5.08096,345.36,0.39,0.36,2024-07-14,1321,N20,VIIRS,n,2,309.99,3.92,D,0
38.3958,-5.0815,367,0.39,0.36,2024-07-14,1321,N20,VIIRS,h,2,360.6,112.65,D,0
38.39186,-5.08515,353.99,0.39,0.36,2024-07-14,1321,N20,VIIRS,l,2,334.65,90.01,D,0
38.39059,-5.09399,346.26,0.39,0.36,2024-07-14,1321,N20,VIIRS,n,2,320.48,5.52,D,0
38.39249,-5.08074,367,0.39,0.36,2024-07-14,1321,N20,VIIRS,h,2,342.49,112.65,D,0
38.38665,-5.09765,345.03,0.39,0.36,2024-07-14,1321,N20,VIIRS,n,2,316.89,7.54,D,0
38.38729,-5.09323,367,0.39,0.36,2024-07-14,1321,N20,VIIRS,h,2,325.23,7.54,D,0
38.38792,-5.08881,367,0.39,0.36,2024-07-14,1321,N20,VIIRS,h,2,325.49,9.19,D,0
38.38856,-5.08439,367,0.39,0.36,2024-07-14,1321,N20,VIIRS,h,2,322.29,9.19,D,0
38.06182,-4.75335,367,0.39,0.36,2024-07-14,1321,N20,VIIRS,l,2,328.79,50.94,D,0
38.06245,-4.74891,350.85,0.39,0.36,2024-07-14,1321,N20,VIIRS,l,2,322.53,50.94,D,0
38.04609,-4.76786,352.08,0.39,0.36,2024-07-14,1321,N20,VIIRS,l,2,332.78,20.23,D,0
38.04278,-4.76708,367,0.39,0.36,2024-07-14,1321,N20,VIIRS,h,2,324.87,20.23,D,0
38.03947,-4.76631,352.12,0.39,0.36,2024-07-14,1321,N20,VIIRS,n,2,326.66,15.24,D,0
41.47655,2.18231,302.86,0.4,0.37,2024-07-15,0139,N20,VIIRS,n,2,292.28,0.48,N,0
43.22574,-2.88064,303.94,0.42,0.45,2024-07-15,0139,N20,VIIRS,n,2,289.61,1.4,N,2
43.33558,-3.10568,308.22,0.43,0.46,2024-07-15,0139,N20,VIIRS,n,2,290.82,1.85,N,0
41.45643,1.98124,312.06,0.4,0.37,2024-07-15,0139,N20,VIIRS,n,2,292.14,0.91,N,2
39.90543,-1.85067,296.05,0.51,0.41,2024-07-15,0140,N20,VIIRS,n,2,284.48,0.72,N,0
37.56684,-0.91919,312.18,0.45,0.39,2024-07-15,0140,N20,VIIRS,n,2,295.58,1.18,N,2
38.92848,-4.0319,315.25,0.42,0.46,2024-07-15,0140,N20,VIIRS,n,2,289.49,1.87,N,0
39.19563,-3.82322,302.02,0.78,0.78,2024-07-15,0320,N20,VIIRS,n,2,286.1,1.65,N,0
39.19724,-3.82022,305.64,0.78,0.78,2024-07-15,0320,N20,VIIRS,n,2,286.54,1.95,N,0
37.46612,-5.76807,338.66,0.49,0.41,2024-07-15,1302,N20,VIIRS,l,2,312.64,6.94,D,0
40.681,-0.18173,342.03,0.4,0.37,2024-07-15,1302,N20,VIIRS,n,2,309.29,4.74,D,0
41.59849,-0.82045,342.68,0.4,0.37,2024-07-15,1303,N20,VIIRS,n,2,310.09,4.05,D,0
43.54193,-5.83162,311.83,0.51,0.66,2024-07-16,0120,N20,VIIRS,n,2,285.85,1.39,N,2
43.54235,-5.83262,309.98,0.51,0.66,2024-07-16,0120,N20,VIIRS,n,2,285.64,1.59,N,2
43.52779,-5.73637,316.21,0.51,0.66,2024-07-16,0120,N20,VIIRS,n,2,285.95,2.59,N,2
43.52767,-5.73059,321.13,0.51,0.66,2024-07-16,0120,N20,VIIRS,n,2,286.96,3.38,N,2
43.52756,-5.7316,319.31,0.5,0.66,2024-07-16,0120,N20,VIIRS,n,2,285.92,2.06,N,2
43.5277,-5.73734,309.05,0.51,0.66,2024-07-16,0120,N20,VIIRS,n,2,285.49,2.06,N,2
39.66415,-0.24858,306.35,0.48,0.48,2024-07-16,0121,N20,VIIRS,n,2,295.58,1.1,N,2
38.26175,-5.67077,333.22,0.46,0.64,2024-07-16,0121,N20,VIIRS,n,2,290.33,3.72,N,0
38.01768,-1.24851,313.09,0.53,0.5,2024-07-16,0121,N20,VIIRS,n,2,295.53,2.55,N,0
41.05328,-5.83757,296.51,0.5,0.65,2024-07-16,0121,N20,VIIRS,n,2,282.18,0.5,N,0
37.20951,-3.73733,332.58,0.35,0.57,2024-07-16,0122,N20,VIIRS,n,2,296.28,53.69,N,0
36.75859,-2.66317,308.05,0.61,0.53,2024-07-16,0122,N20,VIIRS,n,2,292,0.7,N,0
36.76003,-2.66352,308.9,0.61,0.54,2024-07-16,0122,N20,VIIRS,n,2,292.36,1.61,N,0
37.2045,-3.74195,311.32,0.36,0.57,2024-07-16,0122,N20,VIIRS,n,2,290.64,41.24,N,0
37.21002,-3.74549,325.47,0.36,0.57,2024-07-16,0122,N20,VIIRS,n,2,290.9,41.24,N,0
37.36115,-6.67485,302.49,0.52,0.67,2024-07-16,0122,N20,VIIRS,n,2,291.47,0.96,N,0
37.20976,-3.74141,330.51,0.36,0.57,2024-07-16,0122,N20,VIIRS,n,2,312.72,41.24,N,0
43.52702,-5.73484,299.77,0.55,0.51,2024-07-16,0300,N20,VIIRS,n,2,287.86,1.36,N,2
43.52534,-5.72823,315.09,0.55,0.51,2024-07-16,0300,N20,VIIRS,n,2,287.61,1.36,N,2
43.55331,-5.85903,303.07,0.54,0.51,2024-07-16,0300,N20,VIIRS,n,2,286.44,1.42,N,2
43.54093,-5.8296,309.76,0.54,0.51,2024-07-16,0300,N20,VIIRS,n,2,286.46,1.24,N,2
40.0109,-3.90076,301,0.42,0.61,2024-07-16,0301,N20,VIIRS,n,2,289.98,0.39,N,0
37.56458,-0.91651,304.21,0.7,0.75,2024-07-16,0302,N20,VIIRS,n,2,293.43,1.64,N,0
38.01853,-1.25004,312.05,0.66,0.73,2024-07-16,0302,N20,VIIRS,n,2,295.2,1.72,N,0
37.36341,-5.86563,301.27,0.39,0.6,2024-07-16,0302,N20,VIIRS,n,2,290.13,0.96,N,0
37.2117,-3.74124,344.18,0.52,0.66,2024-07-16,0302,N20,VIIRS,n,2,290.57,3.96,N,0
37.21014,-3.73583,311.47,0.52,0.67,2024-07-16,0302,N20,VIIRS,n,2,290.37,3.96,N,0
37.20593,-3.74384,340.17,0.52,0.66,2024-07-16,0302,N20,VIIRS,n,2,290.06,3.96,N,0
37.20437,-3.73845,309.96,0.52,0.67,2024-07-16,0302,N20,VIIRS,n,2,290.16,3.96,N,0
39.98448,-0.14313,330.79,0.43,0.38,2024-07-16,1243,N20,VIIRS,l,2,303.61,6.71,D,0
38.15498,-6.64999,339.92,0.6,0.53,2024-07-16,1243,N20,VIIRS,n,2,313.83,10.75,D,0
38.16129,-6.64517,342.69,0.6,0.53,2024-07-16,1243,N20,VIIRS,n,2,309.72,10.75,D,0
38.1597,-6.65173,340.92,0.6,0.53,2024-07-16,1243,N20,VIIRS,n,2,313.94,10.75,D,0
38.15964,-6.64545,342.39,0.6,0.53,2024-07-16,1243,N20,VIIRS,n,2,310.95,22.41,D,0
38.54815,-6.32216,343.22,0.57,0.52,2024-07-16,1243,N20,VIIRS,l,2,314.93,18.41,D,0
38.54924,-6.32476,344.63,0.57,0.52,2024-07-16,1243,N20,VIIRS,l,2,318.26,43.4,D,0
38.15658,-6.64339,342.55,0.6,0.53,2024-07-16,1243,N20,VIIRS,n,2,310.1,10.75,D,0
37.31276,-6.81413,339.67,0.32,0.55,2024-07-16,1243,N20,VIIRS,l,2,311.64,1.24,D,0
40.26165,-3.81296,341.36,0.39,0.44,2024-07-16,1244,N20,VIIRS,l,2,316.11,3.22,D,0
40.25793,-3.84977,344.48,0.39,0.44,2024-07-16,1244,N20,VIIRS,n,2,314.99,2.37,D,0
37.30769,-6.81195,342.47,0.58,0.69,2024-07-16,1423,N20,VIIRS,n,2,307.85,5.78,D,0
38.15748,-6.64528,367,0.6,0.7,2024-07-16,1424,N20,VIIRS,h,2,309.19,15.17,D,0
37.3082,-6.81404,336.58,0.58,0.69,2024-07-16,1424,N20,VIIRS,l,2,307.07,4.62,D,0
38.15659,-6.647,367,0.6,0.7,2024-07-16,1424,N20,VIIRS,h,2,309.86,16.93,D,0
41.31427,1.66313,310.43,0.36,0.57,2024-07-17,0101,N20,VIIRS,n,2,291.21,2.03,N,2
43.52583,-5.72611,300.57,0.51,0.41,2024-07-17,0242,N20,VIIRS,n,2,267.85,1.6,N,2
43.55331,-5.85912,300.97,0.5,0.41,2024-07-17,0242,N20,VIIRS,n,2,275.07,1.09,N,2
42.55384,-6.76716,296.87,0.48,0.4,2024-07-17,0242,N20,VIIRS,n,2,284.58,0.66,N,2
43.3462,-8.43737,306.99,0.42,0.37,2024-07-17,0242,N20,VIIRS,n,2,286.92,1.06,N,2
41.31495,1.66509,303.69,0.43,0.62,2024-07-17,0242,N20,VIIRS,n,2,284.67,0.94,N,2
41.31408,1.66259,310.09,0.43,0.62,2024-07-17,0242,N20,VIIRS,n,2,285.64,1.39,N,2
41.45627,1.97873,301.41,0.44,0.62,2024-07-17,0242,N20,VIIRS,n,2,289.63,0.42,N,2
37.36056,-5.8639,310.84,0.44,0.46,2024-07-17,0243,N20,VIIRS,n,2,293.91,0.8,N,2
37.35369,-5.41515,306.89,0.47,0.48,2024-07-17,0243,N20,VIIRS,n,2,289.26,0.82,N,0
38.66677,-4.04893,300.34,0.51,0.5,2024-07-17,0243,N20,VIIRS,n,2,289.12,1.01,N,2
37.33178,-6.89723,336.93,0.58,0.7,2024-07-17,1224,N20,VIIRS,l,2,308.05,7.86,D,0
36.3417,-5.84375,341.31,0.54,0.68,2024-07-17,1224,N20,VIIRS,n,2,298.1,12.14,D,0
36.3383,-5.85561,336.75,0.54,0.68,2024-07-17,1224,N20,VIIRS,n,2,298.94,5.78,D,0
37.32618,-6.88283,336.22,0.58,0.7,2024-07-17,1224,N20,VIIRS,l,2,308.17,4.43,D,0
37.32436,-6.88907,342.49,0.58,0.7,2024-07-17,1224,N20,VIIRS,n,2,308.18,9.04,D,0
37.33601,-6.90605,338.36,0.58,0.7,2024-07-17,1224,N20,VIIRS,l,2,308.4,5.76,D,0
38.4122,-5.06734,367,0.43,0.62,2024-07-17,1224,N20,VIIRS,h,2,313.7,11.51,D,0
38.41087,-5.0721,367,0.44,0.62,2024-07-17,1224,N20,VIIRS,h,2,317.42,11.51,D,0
38.41627,-5.07457,355.22,0.44,0.62,2024-07-17,1224,N20,VIIRS,n,2,312.54,9.69,D,0
39.85278,-6.69778,367,0.48,0.65,2024-07-17,1225,N20,VIIRS,h,2,308.07,9.94,D,0
38.81278,-6.68134,341.73,0.51,0.66,2024-07-17,1225,N20,VIIRS,n,2,309.95,7.81,D,0
41.52708,-4.97915,342.35,0.35,0.57,2024-07-17,1225,N20,VIIRS,n,2,310.91,3.1,D,0
39.86214,-6.70402,343.25,0.48,0.65,2024-07-17,1225,N20,VIIRS,n,2,304.63,7.08,D,0
39.86062,-6.70922,367,0.48,0.65,2024-07-17,1225,N20,VIIRS,h,2,308.82,10.89,D,0
39.85338,-6.71213,352.71,0.48,0.65,2024-07-17,1225,N20,VIIRS,n,2,311.15,10.26,D,0
39.85642,-6.70176,346.85,0.48,0.65,2024-07-17,1225,N20,VIIRS,n,2,307.09,7.13,D,0
39.84928,-6.70432,343.17,0.48,0.65,2024-07-17,1225,N20,VIIRS,n,2,311.44,10.26,D,0
39.85078,-6.69921,367,0.48,0.65,2024-07-17,1225,N20,VIIRS,h,2,309.64,7.13,D,0
39.85545,-6.71069,367,0.48,0.65,2024-07-17,1225,N20,VIIRS,h,2,311.52,17.2,D,0
39.85695,-6.70545,367,0.48,0.65,2024-07-17,1225,N20,VIIRS,h,2,310.87,9.94,D,0
39.8513,-6.70294,367,0.48,0.65,2024-07-17,1225,N20,VIIRS,h,2,312.26,9.94,D,0
43.52401,-5.72954,334.03,0.34,0.56,2024-07-17,1226,N20,VIIRS,n,2,300.62,2.77,D,2
43.52508,-5.72554,333.39,0.34,0.56,2024-07-17,1226,N20,VIIRS,n,2,298.48,2.77,D,2
43.52712,-5.73031,326.12,0.34,0.56,2024-07-17,1226,N20,VIIRS,l,2,299.2,2.89,D,2
37.37511,-5.84517,367,0.36,0.57,2024-07-17,1404,N20,VIIRS,h,2,313.49,9.79,D,0
39.91785,-3.6378,367,0.49,0.65,2024-07-17,1405,N20,VIIRS,h,2,313.95,9.32,D,0
39.85456,-6.71657,345.54,0.34,0.56,2024-07-17,1405,N20,VIIRS,n,2,314.36,6.72,D,0
40.16332,-6.38642,354.87,0.35,0.57,2024-07-17,1405,N20,VIIRS,n,2,311.38,18.97,D,0
39.91655,-3.63414,339.75,0.49,0.65,2024-07-17,1405,N20,VIIRS,l,2,313.76,4.8,D,0
39.91635,-3.63994,344.04,0.49,0.65,2024-07-17,1405,N20,VIIRS,n,2,314.58,4.55,D,0
43.52599,-5.7313,340.54,0.39,0.36,2024-07-18,0223,N20,VIIRS,n,2,293.26,6.35,N,2
43.33102,-5.77564,305.43,0.39,0.36,2024-07-18,0223,N20,VIIRS,n,2,289.89,0.63,N,2
41.40636,1.99676,305.23,0.51,0.49,2024-07-18,0223,N20,VIIRS,n,2,292.54,0.76,N,2
43.34568,-8.43467,295.19,0.4,0.37,2024-07-18,0223,N20,VIIRS,n,2,281.87,0.44,N,2
41.31482,1.66311,310.38,0.5,0.49,2024-07-18,0223,N20,VIIRS,n,2,292.72,1.88,N,2
42.55198,-6.76679,304.27,0.38,0.36,2024-07-18,0223,N20,VIIRS,n,2,289.91,0.62,N,2
41.47811,-1.3412,301.56,0.54,0.42,2024-07-18,0223,N20,VIIRS,n,2,291.33,0.92,N,0
41.47649,-1.48837,303.96,0.53,0.42,2024-07-18,0223,N20,VIIRS,n,2,293.26,0.41,N,2
43.55321,-5.85612,302.11,0.39,0.36,2024-07-18,0223,N20,VIIRS,n,2,289.65,0.39,N,0
43.53175,-5.72458,307.33,0.39,0.36,2024-07-18,0223,N20,VIIRS,n,2,289.65,0.5,N,2
43.52925,-5.73029,320.63,0.39,0.36,2024-07-18,0223,N20,VIIRS,n,2,289.73,6.35,N,2
43.52522,-5.72659,320.23,0.39,0.36,2024-07-18,0223,N20,VIIRS,n,2,291.22,1.91,N,2
37.92683,-0.99954,334.53,0.44,0.46,2024-07-18,0224,N20,VIIRS,n,2,292.21,4.1,N,0
38.67805,-6.48052,304.23,0.4,0.37,2024-07-18,0224,N20,VIIRS,n,2,291.6,0.62,N,0
38.67398,-6.47697,310.44,0.4,0.37,2024-07-18,0224,N20,VIIRS,n,2,292.6,1.22,N,0
37.35903,-5.86282,307.91,0.42,0.38,2024-07-18,0225,N20,VIIRS,n,2,294.68,0.82,N,2
39.46377,-3.24114,336.33,0.57,0.69,2024-07-18,1206,N20,VIIRS,n,2,297.64,11.62,D,0
41.78867,-4.02896,338.13,0.53,0.67,2024-07-18,1207,N20,VIIRS,n,2,306.39,4.34,D,0
41.78907,-4.02748,339.06,0.53,0.67,2024-07-18,1207,N20,VIIRS,n,2,305.97,5.24,D,0
42.57594,-2.19025,344.27,0.41,0.61,2024-07-18,1207,N20,VIIRS,n,2,304.95,6.32,D,0
42.57637,-2.19025,347.41,0.41,0.61,2024-07-18,1207,N20,VIIRS,n,2,305.19,5.58,D,0
39.35359,-0.50201,340.69,0.4,0.6,2024-07-18,1346,N20,VIIRS,n,2,294.54,4.91,D,0
37.74164,-1.032,335.88,0.36,0.57,2024-07-18,1346,N20,VIIRS,n,2,300.78,2.89,D,0
41.62407,-4.52255,367,0.51,0.49,2024-07-18,1347,N20,VIIRS,h,2,345.35,236.36,D,0
42.57227,-2.19226,347.17,0.34,0.56,2024-07-18,1347,N20,VIIRS,n,2,306.51,3.51,D,0
42.57164,-2.19147,344.34,0.34,0.56,2024-07-18,1347,N20,VIIRS,n,2,306.49,2.8,D,0
41.62362,-4.52868,367,0.51,0.49,2024-07-18,1347,N20,VIIRS,l,2,328.65,85.75,D,0
42.55133,-6.76806,302.63,0.48,0.4,2024-07-19,0204,N20,VIIRS,n,2,288.84,1.04,N,2
41.47445,-1.48947,305.35,0.39,0.36,2024-07-19,0204,N20,VIIRS,n,2,289.46,1.96,N,2
41.92297,0.18116,309.72,0.41,0.37,2024-07-19,0204,N20,VIIRS,n,2,281.9,1.42,N,2
43.34686,-8.43471,310.34,0.38,0.43,2024-07-19,0204,N20,VIIRS,n,2,288.84,1.44,N,2
43.52322,-5.72908,309.46,0.45,0.39,2024-07-19,0204,N20,VIIRS,n,2,289.62,6.47,N,2
43.52389,-5.73463,344.11,0.45,0.39,2024-07-19,0204,N20,VIIRS,n,2,291,6.47,N,2
43.52808,-5.73918,298.83,0.45,0.39,2024-07-19,0204,N20,VIIRS,n,2,288.16,1.33,N,2
43.52677,-5.72827,330.01,0.45,0.39,2024-07-19,0204,N20,VIIRS,n,2,292.26,6.47,N,2
43.52743,-5.7338,337.56,0.45,0.39,2024-07-19,0204,N20,VIIRS,n,2,291.9,6.47,N,2
40.01187,-3.90179,302.72,0.39,0.36,2024-07-19,0205,N20,VIIRS,n,2,292.53,0.75,N,0
38.4312,-6.88542,309.01,0.44,0.38,2024-07-19,0206,N20,VIIRS,n,2,294.36,1.14,N,0
36.1779,-5.42732,307.72,0.39,0.36,2024-07-19,0206,N20,VIIRS,n,2,293.13,0.85,N,2
37.3605,-5.8635,314.05,0.41,0.37,2024-07-19,0206,N20,VIIRS,n,2,297.93,1.3,N,2
38.4277,-6.88621,316.33,0.44,0.38,2024-07-19,0206,N20,VIIRS,n,2,294.04,1.14,N,0
37.66156,-4.92463,311.04,0.39,0.36,2024-07-19,0206,N20,VIIRS,n,2,295.51,1.2,N,0
28.48132,-13.89828,342.3,0.61,0.54,2024-07-19,1325,N20,VIIRS,n,2,306.7,10.76,D,0
28.48267,-13.89226,343.28,0.61,0.54,2024-07-19,1325,N20,VIIRS,n,2,304.23,10.76,D,0
38.72194,-6.51622,353.74,0.39,0.36,2024-07-19,1327,N20,VIIRS,l,2,325.38,16.04,D,0
39.92892,-4.27811,352.52,0.46,0.39,2024-07-19,1327,N20,VIIRS,l,2,324.33,23.38,D,0
40.4487,0.45012,336.89,0.51,0.49,2024-07-19,1327,N20,VIIRS,n,2,303.55,3.51,D,0
39.9304,-4.28049,352.54,0.46,0.39,2024-07-19,1327,N20,VIIRS,l,2,323.88,18.41,D,0
38.71862,-6.51546,353.5,0.39,0.36,2024-07-19,1327,N20,VIIRS,l,2,325.76,16.04,D,0
39.9247,-4.28276,352.72,0.46,0.39,2024-07-19,1327,N20,VIIRS,l,2,330.22,23.38,D,0
39.92599,-4.27203,346,0.46,0.39,2024-07-19,1327,N20,VIIRS,l,2,320.12,10.96,D,0
39.92176,-4.27669,367,0.46,0.39,2024-07-19,1327,N20,VIIRS,l,2,328.61,42.79,D,0
38.72525,-6.51697,352.69,0.39,0.36,2024-07-19,1327,N20,VIIRS,n,2,321.76,6.08,D,0
37.15621,-5.32937,367,0.4,0.37,2024-07-19,1327,N20,VIIRS,h,2,328.86,47.19,D,0
38.71925,-6.51099,349.02,0.39,0.36,2024-07-19,1327,N20,VIIRS,l,2,323.81,18.46,D,0
43.53938,-5.82848,329.86,0.44,0.38,2024-07-19,1328,N20,VIIRS,l,2,301.35,6.79,D,2
43.52297,-5.72726,337.38,0.44,0.39,2024-07-19,1328,N20,VIIRS,n,2,303.82,5.39,D,2
43.52583,-5.73352,337.14,0.44,0.39,2024-07-19,1328,N20,VIIRS,n,2,304.68,5.39,D,2
28.06864,-17.26313,336.64,0.53,0.67,2024-07-19,1505,N20,VIIRS,l,2,308.47,5.41,D,0
28.06652,-17.26497,336.66,0.54,0.67,2024-07-19,1505,N20,VIIRS,l,2,308.95,1.76,D,0
43.54139,-5.8347,296.97,0.49,0.48,2024-07-20,0145,N20,VIIRS,n,2,283.02,2.78,N,2
43.22479,-2.87939,301.68,0.53,0.42,2024-07-20,0145,N20,VIIRS,n,2,290.51,1.01,N,2
43.33265,-5.7739,299.85,0.48,0.48,2024-07-20,0145,N20,VIIRS,n,2,288.61,1.15,N,2
43.3556,-8.45315,299.68,0.33,0.55,2024-07-20,0145,N20,VIIRS,n,2,286.34,0.55,N,0
43.54089,-5.82847,330.19,0.49,0.48,2024-07-20,0145,N20,VIIRS,n,2,285.98,2.78,N,2
40.71466,0.40217,329.2,0.4,0.37,2024-07-20,0146,N20,VIIRS,n,2,296.82,6.43,N,0
41.40744,1.99862,313.08,0.38,0.36,2024-07-20,0146,N20,VIIRS,n,2,293.91,1.27,N,2
41.5215,1.60774,305.53,0.39,0.36,2024-07-20,0146,N20,VIIRS,n,2,290.96,0.58,N,0
42.5548,-6.76668,302.33,0.53,0.5,2024-07-20,0146,N20,VIIRS,n,2,285.64,0.67,N,2
38.37774,-0.54255,312.08,0.4,0.37,2024-07-20,0146,N20,VIIRS,n,2,297.97,1.22,N,2
40.57538,0.54203,310.76,0.39,0.36,2024-07-20,0146,N20,VIIRS,n,2,295.77,1.18,N,2
39.66402,-0.24695,307,0.4,0.37,2024-07-20,0146,N20,VIIRS,n,2,296.8,0.86,N,2
41.31209,1.66326,317.41,0.39,0.36,2024-07-20,0146,N20,VIIRS,n,2,295.33,1.59,N,2
41.47658,-1.48688,307.53,0.45,0.39,2024-07-20,0146,N20,VIIRS,n,2,293.4,1.16,N,2
36.96797,-1.90557,316.42,0.42,0.38,2024-07-20,0147,N20,VIIRS,n,2,297.9,1.8,N,2
37.33508,-5.39398,309.72,0.4,0.44,2024-07-20,0147,N20,VIIRS,n,2,293.1,1.18,N,0
37.33463,-5.38952,315.53,0.4,0.44,2024-07-20,0147,N20,VIIRS,n,2,293.4,1.18,N,0
37.18506,-6.89565,306.03,0.47,0.48,2024-07-20,0147,N20,VIIRS,n,2,295.46,2.43,N,0
43.52773,-5.73006,300.42,0.55,0.68,2024-07-20,0325,N20,VIIRS,n,2,288.06,1.8,N,2
39.01775,-1.88497,341.04,0.39,0.36,2024-07-20,1308,N20,VIIRS,l,2,315.56,7.04,D,0
39.82612,-2.7633,339.89,0.39,0.36,2024-07-20,1308,N20,VIIRS,l,2,314.19,3.62,D,0
39.63638,-6.27984,342.99,0.42,0.38,2024-07-20,1309,N20,VIIRS,n,2,316.88,58.26,D,0
41.31177,1.66323,331.75,0.53,0.42,2024-07-20,1309,N20,VIIRS,l,2,306.09,2.58,D,2
39.63467,-6.28947,367,0.42,0.38,2024-07-20,1309,N20,VIIRS,l,2,329.1,41.4,D,0
39.63041,-6.29331,367,0.42,0.38,2024-07-20,1309,N20,VIIRS,l,2,333.66,41.4,D,0
39.63213,-6.28365,367,0.42,0.38,2024-07-20,1309,N20,VIIRS,h,2,337.88,58.26,D,0
39.63553,-6.28465,350.09,0.42,0.38,2024-07-20,1309,N20,VIIRS,l,2,326.31,58.26,D,0
39.63382,-6.2943,355.99,0.42,0.38,2024-07-20,1309,N20,VIIRS,n,2,319.51,41.4,D,0
39.63128,-6.28847,367,0.42,0.38,2024-07-20,1309,N20,VIIRS,l,2,333.59,41.4,D,0
39.19806,-3.61737,310.71,0.6,0.53,2024-07-21,0127,N20,VIIRS,n,2,287.35,1.8,N,0
42.5535,-6.76856,301.29,0.47,0.64,2024-07-21,0127,N20,VIIRS,n,2,286.24,0.77,N,2
40.5772,0.5397,306.28,0.57,0.43,2024-07-21,0127,N20,VIIRS,n,2,294.66,2.18,N,2
38.23653,-5.9731,337.03,0.39,0.6,2024-07-21,0128,N20,VIIRS,n,2,289.33,2.41,N,0
38.24203,-5.97266,303.77,0.39,0.6,2024-07-21,0128,N20,VIIRS,n,2,288.25,2.41,N,0
38.74616,-5.66806,300.9,0.38,0.59,2024-07-21,0128,N20,VIIRS,n,2,290.35,0.48,N,0
37.36029,-6.6749,305.01,0.42,0.61,2024-07-21,0128,N20,VIIRS,n,2,293.15,0.95,N,0
37.30175,-5.04545,303.55,0.34,0.56,2024-07-21,0128,N20,VIIRS,n,2,293.2,0.76,N,0
37.30201,-5.04944,311.47,0.34,0.56,2024-07-21,0128,N20,VIIRS,n,2,293.1,0.9,N,0
37.30314,-5.0457,304.46,0.34,0.56,2024-07-21,0128,N20,VIIRS,n,2,293.63,0.88,N,0
37.30339,-5.04971,310.74,0.34,0.56,2024-07-21,0128,N20,VIIRS,n,2,293.72,1.04,N,0
38.23629,-5.9686,299.95,0.39,0.6,2024-07-21,0128,N20,VIIRS,n,2,288.51,2.2,N,0
38.23677,-5.97762,324.93,0.39,0.6,2024-07-21,0128,N20,VIIRS,n,2,288.51,2.41,N,0
42.85361,-1.66262,345.57,0.54,0.68,2024-07-21,0307,N20,VIIRS,n,2,285.11,8.05,N,0
42.85539,-1.66824,314.52,0.54,0.68,2024-07-21,0307,N20,VIIRS,n,2,282.08,4.97,N,0
38.23477,-5.96835,367,0.45,0.63,2024-07-21,0308,N20,VIIRS,h,2,291.83,24.27,N,0
38.2334,-5.96347,341.35,0.45,0.63,2024-07-21,0308,N20,VIIRS,n,2,301.41,45.9,N,0
38.23203,-5.95859,367,0.45,0.63,2024-07-21,0308,N20,VIIRS,h,2,291.1,45.9,N,0
38.2375,-5.97806,308.81,0.45,0.63,2024-07-21,0308,N20,VIIRS,n,2,287.56,2.17,N,0
38.22519,-5.95618,340.65,0.45,0.63,2024-07-21,0308,N20,VIIRS,n,2,288.34,3.32,N,0
38.2238,-5.95126,306.91,0.45,0.63,2024-07-21,0308,N20,VIIRS,n,2,287.89,3.32,N,0
38.22242,-5.94635,301.41,0.45,0.63,2024-07-21,0308,N20,VIIRS,n,2,288.1,1.3,N,0
37.35942,-5.86492,307.69,0.48,0.65,2024-07-21,0308,N20,VIIRS,n,2,295.15,1.65,N,2
37.36036,-5.86469,309.34,0.48,0.65,2024-07-21,0308,N20,VIIRS,n,2,294.61,1.17,N,2
38.22789,-5.94386,346.43,0.45,0.63,2024-07-21,0308,N20,VIIRS,n,2,290.95,10.79,N,0
38.22927,-5.94879,367,0.45,0.63,2024-07-21,0308,N20,VIIRS,h,2,291.2,18.45,N,0
38.23066,-5.9537,354.51,0.45,0.63,2024-07-21,0308,N20,VIIRS,n,2,293.68,18.45,N,0
38.66392,-4.05223,310.9,0.55,0.68,2024-07-21,0308,N20,VIIRS,n,2,288.47,1.69,N,2
40.09402,-6.67312,313.62,0.37,0.58,2024-07-21,0308,N20,VIIRS,n,2,290.21,1,N,0
38.23614,-5.97322,328.55,0.45,0.63,2024-07-21,0308,N20,VIIRS,n,2,288.57,24.27,N,0
41.70415,1.47127,336.99,0.39,0.36,2024-07-21,1250,N20,VIIRS,l,2,311.57,1.61,D,0
39.0377,-5.66919,343.94,0.42,0.46,2024-07-21,1250,N20,VIIRS,n,2,312.91,9.21,D,0
39.03876,-5.66442,340.78,0.42,0.46,2024-07-21,1250,N20,VIIRS,n,2,307.79,5.35,D,0
38.90682,-5.65954,344.22,0.43,0.46,2024-07-21,1250,N20,VIIRS,l,2,315.72,9.32,D,0
38.90565,-5.65691,348.55,0.43,0.46,2024-07-21,1250,N20,VIIRS,n,2,320.16,39.89,D,0
43.54166,-5.83372,307.21,0.74,0.76,2024-07-22,0107,N20,VIIRS,n,2,284.99,2.08,N,2
43.53825,-5.8338,306.12,0.74,0.76,2024-07-22,0107,N20,VIIRS,n,2,284.58,1.33,N,2
43.54526,-5.84345,295,0.74,0.76,2024-07-22,0107,N20,VIIRS,n,2,284.46,1.08,N,2
40.57848,0.54069,309.93,0.33,0.55,2024-07-22,0108,N20,VIIRS,n,2,291.71,0.82,N,2
40.27518,-3.41359,323.21,0.54,0.68,2024-07-22,0108,N20,VIIRS,n,2,288.43,4.44,N,0
40.27536,-3.42041,315.83,0.54,0.68,2024-07-22,0108,N20,VIIRS,n,2,288.14,4,N,0
39.66327,-0.24921,304.62,0.36,0.57,2024-07-22,0108,N20,VIIRS,n,2,291.97,0.81,N,2
39.66418,-0.24676,305.15,0.36,0.57,2024-07-22,0108,N20,VIIRS,n,2,293.15,0.74,N,2
40.62481,-0.41686,304.79,0.37,0.58,2024-07-22,0108,N20,VIIRS,n,2,283.61,0.54,N,0
40.62206,-0.4156,295.49,0.37,0.58,2024-07-22,0108,N20,VIIRS,n,2,282.75,0.38,N,0
41.31227,1.66278,306.08,0.59,0.53,2024-07-22,0108,N20,VIIRS,n,2,290.21,1.88,N,2
36.18056,-5.42842,305.12,0.65,0.73,2024-07-22,0109,N20,VIIRS,n,2,293.88,1.22,N,0
36.9658,-1.9063,306.24,0.42,0.61,2024-07-22,0109,N20,VIIRS,n,2,292.38,1.24,N,2
37.56932,-0.91926,303.29,0.37,0.58,2024-07-22,0109,N20,VIIRS,n,2,292.58,1.33,N,2
43.52633,-5.73015,306.81,0.39,0.44,2024-07-22,0248,N20,VIIRS,n,2,288.43,1.04,N,2
42.64622,-7.96336,296.49,0.5,0.41,2024-07-22,0248,N20,VIIRS,n,2,281.09,0.87,N,0
42.6442,-7.96324,297.38,0.5,0.41,2024-07-22,0248,N20,VIIRS,n,2,281.4,0.86,N,0
43.34558,-8.43647,308.32,0.47,0.39,2024-07-22,0248,N20,VIIRS,n,2,287.85,0.97,N,2
43.54374,-5.84563,297.05,0.39,0.44,2024-07-22,0248,N20,VIIRS,n,2,286.32,0.62,N,2
43.32912,-5.77359,303.59,0.4,0.44,2024-07-22,0248,N20,VIIRS,n,2,286.69,1.12,N,2
43.24791,-2.90447,299.17,0.54,0.51,2024-07-22,0248,N20,VIIRS,n,2,285.59,0.94,N,0
41.31056,1.66311,300.77,0.51,0.66,2024-07-22,0248,N20,VIIRS,n,2,288.61,0.96,N,2
41.31219,1.65774,298.35,0.51,0.66,2024-07-22,0248,N20,VIIRS,n,2,287.73,0.96,N,2
43.41126,-3.83816,296.8,0.48,0.48,2024-07-22,0248,N20,VIIRS,n,2,285.91,0.42,N,0
43.53024,-5.72859,303.78,0.39,0.44,2024-07-22,0248,N20,VIIRS,n,2,287.41,1.04,N,2
37.36187,-5.86661,306.76,0.54,0.51,2024-07-22,0250,N20,VIIRS,n,2,291.88,1,N,2
37.36348,-5.93515,301.16,0.53,0.5,2024-07-22,0250,N20,VIIRS,n,2,291.16,0.59,N,0
37.36485,-5.94093,302.77,0.53,0.5,2024-07-22,0250,N20,VIIRS,n,2,291.01,0.59,N,0
37.34264,-6.2567,337.97,0.44,0.62,2024-07-22,1230,N20,VIIRS,l,2,308.44,3.33,D,0
36.33826,-5.84584,338.67,0.45,0.63,2024-07-22,1230,N20,VIIRS,n,2,304.01,3.74,D,0
36.33959,-5.84099,338.23,0.45,0.63,2024-07-22,1230,N20,VIIRS,n,2,303.3,3.74,D,0
39.23371,-3.44683,346.74,0.56,0.52,2024-07-22,1231,N20,VIIRS,n,2,318.61,10.86,D,0
37.33794,-6.90137,336.16,0.48,0.65,2024-07-22,1231,N20,VIIRS,n,2,304.64,3.45,D,0
37.32939,-6.90932,338.01,0.48,0.65,2024-07-22,1231,N20,VIIRS,n,2,304.05,16.31,D,0
37.33372,-6.89387,343.77,0.48,0.65,2024-07-22,1231,N20,VIIRS,n,2,303.71,5.44,D,0
37.34377,-6.858,335.23,0.48,0.64,2024-07-22,1231,N20,VIIRS,l,2,305.32,2.29,D,0
37.33228,-6.899,367,0.48,0.65,2024-07-22,1231,N20,VIIRS,h,2,305.09,5.44,D,0
37.32663,-6.89664,342.24,0.48,0.65,2024-07-22,1231,N20,VIIRS,n,2,303.83,5.44,D,0
37.32242,-6.88911,341.64,0.48,0.65,2024-07-22,1231,N20,VIIRS,n,2,304.2,4.35,D,0
39.23219,-3.45308,341.96,0.56,0.52,2024-07-22,1231,N20,VIIRS,n,2,311.72,10.86,D,0
37.33505,-6.91167,338.59,0.48,0.65,2024-07-22,1231,N20,VIIRS,n,2,304.47,3.9,D,0
39.20922,-3.5269,344.51,0.57,0.52,2024-07-22,1231,N20,VIIRS,n,2,313.88,11.56,D,0
37.3365,-6.9065,346.5,0.48,0.65,2024-07-22,1231,N20,VIIRS,n,2,304.79,3.9,D,0
43.22651,-2.88444,330.24,0.42,0.46,2024-07-22,1232,N20,VIIRS,l,2,302.57,5.33,D,2
39.22971,-3.45485,355.92,0.61,0.71,2024-07-22,1411,N20,VIIRS,n,2,323.84,24.02,D,0
39.22984,-3.44767,342.34,0.61,0.71,2024-07-22,1411,N20,VIIRS,n,2,312.13,24.02,D,0
37.15583,-5.8984,336.73,0.43,0.62,2024-07-22,1411,N20,VIIRS,l,2,310.92,3.13,D,0
43.52024,-5.73077,326.92,0.49,0.65,2024-07-22,1413,N20,VIIRS,n,2,296.63,4.49,D,0
43.52476,-5.73049,327.8,0.49,0.65,2024-07-22,1413,N20,VIIRS,n,2,297,4.75,D,2
42.16924,-1.11295,323.66,0.73,0.76,2024-07-23,0049,N20,VIIRS,n,2,287.86,3.22,N,0
42.05898,-1.11217,300.02,0.73,0.76,2024-07-23,0049,N20,VIIRS,n,2,287.07,1,N,0
42.06196,-1.10818,308.88,0.73,0.76,2024-07-23,0049,N20,VIIRS,n,2,287.26,1.96,N,0
43.52877,-5.72858,309.63,0.41,0.37,2024-07-23,0229,N20,VIIRS,n,2,290.15,1.09,N,2
43.22421,-2.87631,304.79,0.5,0.41,2024-07-23,0229,N20,VIIRS,n,2,288.39,0.57,N,2
42.92157,-1.51161,297.09,0.38,0.44,2024-07-23,0229,N20,VIIRS,n,2,286.39,0.54,N,0
43.5321,-5.72748,301.12,0.41,0.37,2024-07-23,0229,N20,VIIRS,n,2,289.45,0.6,N,2
43.54557,-5.84263,306.19,0.4,0.37,2024-07-23,0229,N20,VIIRS,n,2,290.03,1.06,N,2
43.53965,-5.82909,300.59,0.4,0.37,2024-07-23,0229,N20,VIIRS,n,2,289.39,1.04,N,2
43.52545,-5.7297,309.11,0.41,0.37,2024-07-23,0229,N20,VIIRS,n,2,290.09,1.09,N,2
43.52633,-5.73464,317.44,0.41,0.37,2024-07-23,0229,N20,VIIRS,n,2,291.46,1.09,N,2
43.52966,-5.73357,298.39,0.41,0.37,2024-07-23,0229,N20,VIIRS,n,2,288.09,1.09,N,2
43.54644,-5.84752,299.86,0.4,0.37,2024-07-23,0229,N20,VIIRS,n,2,289.49,0.48,N,2
43.34775,-8.4356,309.41,0.38,0.36,2024-07-23,0229,N20,VIIRS,n,2,290.26,1.07,N,2
41.31459,1.66138,313.54,0.59,0.53,2024-07-23,0229,N20,VIIRS,n,2,292.64,2.16,N,2
42.05639,-1.10293,315.61,0.42,0.45,2024-07-23,0229,N20,VIIRS,n,2,288.95,1.1,N,0
42.16919,-1.10769,336.9,0.42,0.45,2024-07-23,0229,N20,VIIRS,n,2,288.79,3.77,N,0
43.33032,-5.77313,306.08,0.41,0.37,2024-07-23,0229,N20,VIIRS,n,2,289.69,0.87,N,2
38.37689,-0.54546,303.65,0.54,0.51,2024-07-23,0230,N20,VIIRS,n,2,293.18,1.08,N,2
42.55192,-6.76654,302.92,0.4,0.37,2024-07-23,0230,N20,VIIRS,n,2,290.25,0.78,N,2
38.29347,-5.28378,305.85,0.49,0.4,2024-07-23,0231,N20,VIIRS,n,2,293.64,0.81,N,0
37.56798,-0.91929,336.83,0.41,0.6,2024-07-23,1211,N20,VIIRS,n,2,306.65,3.67,D,2
41.52832,-0.8585,337.98,0.63,0.54,2024-07-23,1212,N20,VIIRS,l,2,309.09,2.89,D,0
39.13257,-3.12164,341.63,0.48,0.65,2024-07-23,1212,N20,VIIRS,n,2,308.43,5.38,D,0
37.57647,-5.19297,342.68,0.68,0.74,2024-07-23,1212,N20,VIIRS,n,2,309.6,4.69,D,0
37.57871,-5.18572,367,0.68,0.74,2024-07-23,1212,N20,VIIRS,h,2,309.22,11.07,D,0
37.25598,-5.68974,340.99,0.73,0.76,2024-07-23,1212,N20,VIIRS,n,2,312.17,4.98,D,0
36.33972,-5.84027,339.6,0.79,0.78,2024-07-23,1212,N20,VIIRS,n,2,304.54,10.82,D,0
37.58278,-5.19621,340.73,0.68,0.74,2024-07-23,1212,N20,VIIRS,n,2,309.4,4.69,D,0
37.57588,-5.18324,336.96,0.68,0.74,2024-07-23,1212,N20,VIIRS,l,2,309.62,5.1,D,0
37.57995,-5.19362,356.17,0.68,0.74,2024-07-23,1212,N20,VIIRS,l,2,309.67,5.1,D,0
38.27158,-1.55892,330.81,0.42,0.61,2024-07-23,1212,N20,VIIRS,l,2,304.5,1.02,D,0
37.58222,-5.18641,340.38,0.68,0.74,2024-07-23,1212,N20,VIIRS,n,2,308.81,5.1,D,0
42.03354,-5.57783,337.69,0.52,0.67,2024-07-23,1213,N20,VIIRS,n,2,303.6,8.34,D,0
41.52508,-0.85622,340.5,0.63,0.54,2024-07-23,1213,N20,VIIRS,n,2,310.47,3.28,D,0
40.62758,-4.69103,355.25,0.52,0.67,2024-07-23,1213,N20,VIIRS,n,2,313.78,18.36,D,0
42.6469,-1.99632,339.96,0.34,0.56,2024-07-23,1213,N20,VIIRS,n,2,302.99,1.6,D,0
42.03225,-5.57716,331.07,0.52,0.67,2024-07-23,1213,N20,VIIRS,n,2,303.56,5.56,D,0
42.034,-5.57135,334.38,0.52,0.67,2024-07-23,1213,N20,VIIRS,n,2,302.18,3.15,D,0
38.98377,-6.66989,345.2,0.45,0.47,2024-07-23,1352,N20,VIIRS,l,2,318.96,29.91,D,0
38.74815,-0.01064,340.92,0.51,0.66,2024-07-23,1352,N20,VIIRS,n,2,305.05,5.22,D,0
42.64478,-7.96015,341.43,0.43,0.46,2024-07-23,1353,N20,VIIRS,n,2,307.04,21.37,D,0
42.64433,-7.96526,321.05,0.43,0.46,2024-07-23,1353,N20,VIIRS,l,2,321.31,41.02,D,0
42.4612,0.1589,320.28,0.45,0.39,2024-07-24,0210,N20,VIIRS,n,2,297.72,2.98,N,0
43.54025,-5.83103,311.16,0.41,0.37,2024-07-24,0210,N20,VIIRS,n,2,290.13,1.48,N,2
42.46367,0.16526,328.52,0.45,0.39,2024-07-24,0210,N20,VIIRS,n,2,293.08,2.62,N,0
42.46466,0.16011,340.17,0.45,0.39,2024-07-24,0210,N20,VIIRS,n,2,295.65,4.23,N,0
42.46564,0.15502,327.37,0.45,0.39,2024-07-24,0210,N20,VIIRS,n,2,292.62,4.23,N,0
42.4567,0.16306,312.49,0.45,0.39,2024-07-24,0210,N20,VIIRS,n,2,294.28,2.61,N,0
42.45771,0.15786,325.73,0.45,0.39,2024-07-24,0210,N20,VIIRS,n,2,294.53,2.98,N,0
42.46218,0.1538,328.86,0.45,0.39,2024-07-24,0210,N20,VIIRS,n,2,293.82,2.98,N,0
42.81328,-1.74029,300.75,0.4,0.37,2024-07-24,0210,N20,VIIRS,n,2,290.61,0.37,N,2
41.4088,1.99683,305.82,0.55,0.42,2024-07-24,0211,N20,VIIRS,n,2,293.06,0.59,N,2
42.5517,-6.76731,302.95,0.43,0.38,2024-07-24,0211,N20,VIIRS,n,2,292.33,0.88,N,2
41.64926,-0.76739,307.9,0.43,0.38,2024-07-24,0211,N20,VIIRS,n,2,293.62,0.94,N,0
42.10628,-1.22073,328.88,0.41,0.37,2024-07-24,0211,N20,VIIRS,n,2,293.21,6.09,N,0
36.96731,-1.90546,310.92,0.45,0.39,2024-07-24,0212,N20,VIIRS,n,2,296.42,1.43,N,2
38.37577,-0.5429,306.01,0.48,0.4,2024-07-24,0212,N20,VIIRS,n,2,294.82,1.15,N,2
38.37638,-0.5447,305.16,0.48,0.4,2024-07-24,0212,N20,VIIRS,n,2,294.37,1.19,N,2
37.66156,-5.53243,308.32,0.38,0.36,2024-07-24,0212,N20,VIIRS,n,2,297.96,1.68,N,0
39.23841,-3.45026,305.02,0.39,0.36,2024-07-24,0212,N20,VIIRS,n,2,290.52,1.2,N,0
37.60289,-3.35258,352.36,0.55,0.43,2024-07-24,1333,N20,VIIRS,l,2,330.06,61.95,D,0
38.72184,-4.02467,356,0.53,0.42,2024-07-24,1333,N20,VIIRS,l,2,333.63,28.48,D,0
38.72246,-4.01865,351.44,0.53,0.42,2024-07-24,1333,N20,VIIRS,l,2,323,20.86,D,0
38.71798,-4.02421,353.83,0.53,0.42,2024-07-24,1333,N20,VIIRS,l,2,331.37,57.89,D,0
38.7186,-4.01822,367,0.53,0.42,2024-07-24,1333,N20,VIIRS,l,2,334.93,66.8,D,0
38.71921,-4.0292,352.97,0.53,0.42,2024-07-24,1333,N20,VIIRS,l,2,331.34,13.72,D,0
38.71985,-4.02328,356.49,0.53,0.42,2024-07-24,1333,N20,VIIRS,l,2,332.94,25.2,D,0
38.72051,-4.01727,350.72,0.53,0.42,2024-07-24,1333,N20,VIIRS,l,2,331.18,25.2,D,0
38.71536,-4.02868,346.32,0.53,0.42,2024-07-24,1333,N20,VIIRS,n,2,318.64,13.72,D,0
38.716,-4.02283,350.06,0.53,0.42,2024-07-24,1333,N20,VIIRS,n,2,322.36,25.2,D,0
38.71665,-4.01683,352.46,0.53,0.42,2024-07-24,1333,N20,VIIRS,n,2,317.02,25.2,D,0
37.60709,-3.34862,346.19,0.55,0.43,2024-07-24,1333,N20,VIIRS,l,2,320.31,43.89,D,0
37.60316,-3.34806,367,0.55,0.43,2024-07-24,1333,N20,VIIRS,l,2,338.51,43.89,D,0
37.60254,-3.3542,351.93,0.55,0.43,2024-07-24,1333,N20,VIIRS,l,2,325.07,36.35,D,0
37.59863,-3.35354,367,0.55,0.43,2024-07-24,1333,N20,VIIRS,l,2,329.76,67.91,D,0
37.59926,-3.34735,367,0.55,0.43,2024-07-24,1333,N20,VIIRS,l,2,334.67,116.42,D,0
37.60746,-3.34698,347.25,0.55,0.43,2024-07-24,1333,N20,VIIRS,l,2,319.03,19.77,D,0
37.60353,-3.34646,367,0.55,0.43,2024-07-24,1333,N20,VIIRS,l,2,334.36,61.95,D,0
37.59964,-3.34575,347.83,0.55,0.43,2024-07-24,1333,N20,VIIRS,n,2,322.38,61.95,D,0
37.59898,-3.35192,367,0.55,0.43,2024-07-24,1333,N20,VIIRS,h,2,340.67,61.95,D,0
42.10453,-1.2216,338.23,0.53,0.5,2024-07-24,1334,N20,VIIRS,n,2,309.63,5.43,D,0
43.34424,-8.43508,332.83,0.41,0.37,2024-07-24,1335,N20,VIIRS,l,2,305.51,1.88,D,0
42.10729,-1.21879,301.79,0.4,0.37,2024-07-25,0152,N20,VIIRS,n,2,291.43,0.3,N,0
41.45519,1.97823,313.68,0.39,0.36,2024-07-25,0152,N20,VIIRS,n,2,294.77,1.77,N,2
42.55196,-6.77091,300.66,0.44,0.46,2024-07-25,0152,N20,VIIRS,n,2,289.9,0.51,N,2
41.4071,1.99777,313.11,0.39,0.36,2024-07-25,0152,N20,VIIRS,n,2,294.69,1.17,N,2
40.5764,0.54377,311.51,0.38,0.36,2024-07-25,0152,N20,VIIRS,n,2,295.66,1.34,N,2
39.31091,-0.42583,315.9,0.38,0.36,2024-07-25,0152,N20,VIIRS,n,2,295.51,1.04,N,0
40.8451,-3.69359,304.84,0.46,0.39,2024-07-25,0152,N20,VIIRS,n,2,292.61,0.89,N,0
42.2053,-1.14209,316.53,0.4,0.37,2024-07-25,0152,N20,VIIRS,n,2,290.18,1.68,N,0
38.10881,-6.08218,316.68,0.55,0.42,2024-07-25,0153,N20,VIIRS,n,2,294.54,2.6,N,0
38.1095,-6.08839,316.5,0.55,0.42,2024-07-25,0153,N20,VIIRS,n,2,295.06,2.6,N,0
38.10683,-6.06412,329.29,0.55,0.42,2024-07-25,0153,N20,VIIRS,n,2,296.24,3.51,N,0
38.10941,-6.05154,305.19,0.54,0.42,2024-07-25,0153,N20,VIIRS,n,2,292.6,0.71,N,0
38.1114,-6.06963,310.53,0.55,0.42,2024-07-25,0153,N20,VIIRS,n,2,295.18,1.62,N,0
38.11206,-6.0756,319.25,0.55,0.42,2024-07-25,0153,N20,VIIRS,n,2,294.78,1.62,N,0
38.11273,-6.0817,322.07,0.55,0.42,2024-07-25,0153,N20,VIIRS,n,2,295.08,2.6,N,0
38.11341,-6.08792,326.79,0.55,0.42,2024-07-25,0153,N20,VIIRS,n,2,295.38,2.6,N,0
38.11465,-6.06315,304.16,0.55,0.42,2024-07-25,0153,N20,VIIRS,n,2,293.84,1.97,N,0
38.11531,-6.06915,318.85,0.55,0.42,2024-07-25,0153,N20,VIIRS,n,2,294.67,2.8,N,0
38.11734,-6.08752,310.54,0.55,0.42,2024-07-25,0153,N20,VIIRS,n,2,294.85,2.45,N,0
38.11597,-6.07517,324.89,0.55,0.42,2024-07-25,0153,N20,VIIRS,n,2,295,2.8,N,0
38.11665,-6.0813,325.33,0.55,0.42,2024-07-25,0153,N20,VIIRS,n,2,295.77,2.45,N,0
36.9658,-1.90486,319.74,0.39,0.36,2024-07-25,0153,N20,VIIRS,n,2,298.1,1.8,N,2
38.11855,-6.06255,312.46,0.55,0.42,2024-07-25,0153,N20,VIIRS,n,2,294.32,1.97,N,0
38.11922,-6.06864,318.52,0.55,0.42,2024-07-25,0153,N20,VIIRS,n,2,294.01,2.8,N,0
38.10464,-6.07557,318.11,0.55,0.42,2024-07-25,0153,N20,VIIRS,n,2,295.79,1.64,N,0
38.10527,-6.08167,305.05,0.55,0.42,2024-07-25,0153,N20,VIIRS,n,2,293.6,1.64,N,0
38.09664,-6.11602,321.15,0.55,0.43,2024-07-25,0153,N20,VIIRS,n,2,296,2.09,N,0
38.0919,-6.07247,312.15,0.55,0.42,2024-07-25,0153,N20,VIIRS,n,2,293,5.62,N,0
38.09916,-6.10268,305.71,0.55,0.43,2024-07-25,0153,N20,VIIRS,n,2,293.55,1.36,N,0
38.09985,-6.10905,304.49,0.55,0.43,2024-07-25,0153,N20,VIIRS,n,2,293.86,2.09,N,0
38.09511,-6.06565,321.53,0.55,0.42,2024-07-25,0153,N20,VIIRS,n,2,296.44,2.64,N,0
38.09578,-6.07174,349.35,0.55,0.42,2024-07-25,0153,N20,VIIRS,n,2,300.34,5.62,N,0
38.09901,-6.0651,335.56,0.55,0.42,2024-07-25,0153,N20,VIIRS,n,2,297.48,4.99,N,0
38.10592,-6.08785,304.09,0.55,0.42,2024-07-25,0153,N20,VIIRS,n,2,293.63,1.36,N,0
38.10275,-6.05755,331.72,0.55,0.42,2024-07-25,0153,N20,VIIRS,n,2,297.19,6.31,N,0
38.10338,-6.06356,328.97,0.55,0.42,2024-07-25,0153,N20,VIIRS,n,2,296.98,3.29,N,0
38.10401,-6.06957,329.49,0.55,0.42,2024-07-25,0153,N20,VIIRS,n,2,296.9,3.29,N,0
38.10792,-6.06908,308.79,0.55,0.42,2024-07-25,0153,N20,VIIRS,n,2,295.05,3.29,N,0
38.10292,-6.06459,332.32,0.55,0.42,2024-07-25,0153,N20,VIIRS,n,2,297.76,4.99,N,0
38.10226,-6.05858,336.01,0.55,0.42,2024-07-25,0153,N20,VIIRS,n,2,297.32,4.99,N,0
38.10424,-6.07659,316.06,0.55,0.42,2024-07-25,0153,N20,VIIRS,n,2,295.55,3.07,N,0
38.09968,-6.07114,321.3,0.55,0.42,2024-07-25,0153,N20,VIIRS,n,2,296.2,3.07,N,0
38.10854,-6.07507,307.87,0.55,0.42,2024-07-25,0153,N20,VIIRS,n,2,295.48,1.64,N,0
38.10918,-6.08113,317.24,0.55,0.42,2024-07-25,0153,N20,VIIRS,n,2,294.78,1.64,N,0
38.10983,-6.08735,316.25,0.55,0.42,2024-07-25,0153,N20,VIIRS,n,2,295.12,1.36,N,0
38.11047,-6.09359,305.7,0.55,0.43,2024-07-25,0153,N20,VIIRS,n,2,294.46,1.36,N,0
38.10729,-6.06309,327.35,0.55,0.42,2024-07-25,0153,N20,VIIRS,n,2,296.2,3.29,N,0
38.11182,-6.06861,307.76,0.55,0.42,2024-07-25,0153,N20,VIIRS,n,2,294.98,1.69,N,0
38.11245,-6.07458,322.97,0.55,0.42,2024-07-25,0153,N20,VIIRS,n,2,295.36,2.86,N,0
38.11309,-6.08067,323.07,0.55,0.42,2024-07-25,0153,N20,VIIRS,n,2,295.24,2.86,N,0
38.11374,-6.08689,328.44,0.55,0.42,2024-07-25,0153,N20,VIIRS,n,2,295.45,3.37,N,0
38.1151,-6.06208,305.37,0.55,0.42,2024-07-25,0153,N20,VIIRS,n,2,293.69,1.69,N,0
38.11637,-6.07414,324.03,0.55,0.42,2024-07-25,0153,N20,VIIRS,n,2,294.36,2.86,N,0
38.09123,-6.06636,317.52,0.55,0.42,2024-07-25,0153,N20,VIIRS,n,2,294.14,2.64,N,0
38.09206,-6.11044,328.17,0.55,0.43,2024-07-25,0153,N20,VIIRS,n,2,296.96,4.58,N,0
37.18047,-6.8898,316.84,0.39,0.44,2024-07-25,0153,N20,VIIRS,n,2,297.12,2.01,N,0
38.10358,-6.0706,322.81,0.55,0.42,2024-07-25,0153,N20,VIIRS,n,2,296.6,3.07,N,0
38.09594,-6.10961,321.2,0.55,0.43,2024-07-25,0153,N20,VIIRS,n,2,295.76,2.09,N,0
38.10617,-6.05814,313.6,0.55,0.42,2024-07-25,0153,N20,VIIRS,n,2,295.1,3.51,N,0
38.10749,-6.0701,306.61,0.55,0.42,2024-07-25,0153,N20,VIIRS,n,2,294.77,1.62,N,0
38.10815,-6.07609,310.75,0.55,0.42,2024-07-25,0153,N20,VIIRS,n,2,295.11,1.62,N,0
38.09526,-6.10333,305.14,0.55,0.43,2024-07-25,0153,N20,VIIRS,n,2,294,1.36,N,0
38.11766,-6.08649,316.78,0.55,0.42,2024-07-25,0153,N20,VIIRS,n,2,295.07,3.37,N,0
38.37822,-0.54485,306.91,0.38,0.36,2024-07-25,0153,N20,VIIRS,n,2,295.07,0.45,N,2
38.70781,-3.99902,309.41,0.45,0.39,2024-07-25,0153,N20,VIIRS,n,2,297.5,2.08,N,0
38.68258,-6.20906,303.6,0.56,0.43,2024-07-25,0153,N20,VIIRS,n,2,293.13,0.78,N,3
38.67664,-6.19019,324.31,0.56,0.43,2024-07-25,0153,N20,VIIRS,n,2,296.51,3.51,N,0
38.67596,-6.18363,308.1,0.56,0.43,2024-07-25,0153,N20,VIIRS,n,2,296.23,2.24,N,0
38.66061,-6.17984,313.26,0.56,0.43,2024-07-25,0153,N20,VIIRS,n,2,296.37,2.33,N,0
38.25132,-3.13908,324.61,0.42,0.38,2024-07-25,0153,N20,VIIRS,n,2,295.52,1.64,N,0
38.63597,-6.64674,306.63,0.39,0.44,2024-07-25,0153,N20,VIIRS,n,2,296.07,0.89,N,0
38.11573,-6.06811,315.18,0.55,0.42,2024-07-25,0153,N20,VIIRS,n,2,294.03,1.69,N,0
38.11701,-6.08026,319.42,0.55,0.42,2024-07-25,0153,N20,VIIRS,n,2,295.01,2.86,N,0
38.12354,-6.06696,310.64,0.55,0.42,2024-07-25,0153,N20,VIIRS,n,2,292.73,1.38,N,0
38.12289,-6.06081,302.96,0.55,0.42,2024-07-25,0153,N20,VIIRS,n,2,292.23,1.38,N,0
38.11964,-6.06757,318.56,0.55,0.42,2024-07-25,0153,N20,VIIRS,n,2,294.23,1.38,N,0
38.119,-6.06146,309.33,0.55,0.42,2024-07-25,0153,N20,VIIRS,n,2,293.76,1.38,N,0
36.18019,-5.4251,304.19,0.49,0.4,2024-07-25,0154,N20,VIIRS,n,2,292.8,0.96,N,2
37.37971,-4.74786,367,0.39,0.36,2024-07-25,1314,N20,VIIRS,h,2,328.12,16.66,D,0
43.52447,-5.727,344.92,0.39,0.36,2024-07-25,1316,N20,VIIRS,n,2,303.43,6.73,D,2
43.34746,-8.43963,300.1,0.48,0.64,2024-07-26,0133,N20,VIIRS,n,2,286.22,1.34,N,0
41.45608,1.97789,306.16,0.44,0.38,2024-07-26,0133,N20,VIIRS,n,2,293.03,0.77,N,2
42.55274,-6.7697,306.16,0.39,0.59,2024-07-26,0133,N20,VIIRS,n,2,289.16,0.78,N,2
37.86528,-4.81832,305.06,0.55,0.51,2024-07-26,0134,N20,VIIRS,n,2,294.33,1.21,N,0
37.26093,-5.11909,324.11,0.56,0.52,2024-07-26,0134,N20,VIIRS,n,2,293.62,3.54,N,0
36.96703,-1.90728,310.56,0.57,0.43,2024-07-26,0134,N20,VIIRS,n,2,296.25,1.48,N,2
37.49894,-5.14005,308.25,0.57,0.52,2024-07-26,0134,N20,VIIRS,n,2,294.2,0.98,N,0
37.71376,-4.63841,331.48,0.53,0.5,2024-07-26,0134,N20,VIIRS,n,2,293.16,3.89,N,0
37.71674,-4.63683,309.85,0.53,0.5,2024-07-26,0134,N20,VIIRS,n,2,293.39,2.33,N,0
39.45736,-2.67387,318.81,0.44,0.46,2024-07-26,0134,N20,VIIRS,n,2,292.8,1.03,N,0
39.45787,-2.67067,317.43,0.44,0.46,2024-07-26,0134,N20,VIIRS,n,2,292.48,1.76,N,0
38.3764,-0.54281,305.28,0.51,0.41,2024-07-26,0134,N20,VIIRS,n,2,295.26,0.98,N,2
38.37624,-0.54423,305.3,0.51,0.41,2024-07-26,0134,N20,VIIRS,n,2,294.95,0.97,N,2
37.7172,-4.64274,311.13,0.54,0.5,2024-07-26,0134,N20,VIIRS,n,2,293.12,2.14,N,0
37.50047,-5.1421,301.07,0.63,0.72,2024-07-26,0315,N20,VIIRS,n,2,291.05,0.61,N,0
38.93526,-6.33683,345.85,0.39,0.44,2024-07-26,1256,N20,VIIRS,n,2,317.82,6.35,D,0
41.50946,1.4095,336.37,0.41,0.37,2024-07-26,1256,N20,VIIRS,l,2,309.78,2.53,D,0
41.50609,1.41028,344.42,0.41,0.37,2024-07-26,1256,N20,VIIRS,n,2,309.9,3.62,D,0
43.52497,-5.73599,333.42,0.46,0.39,2024-07-26,1257,N20,VIIRS,n,2,300.38,4.13,D,2
43.526,-5.73056,334.15,0.45,0.39,2024-07-26,1257,N20,VIIRS,n,2,302.34,4.13,D,2
40.57639,0.53866,305.31,0.54,0.51,2024-07-27,0114,N20,VIIRS,n,2,294.41,1.34,N,2
43.54195,-5.83492,305.37,0.61,0.71,2024-07-27,0114,N20,VIIRS,n,2,276.42,1.53,N,2
43.53993,-5.83501,304.67,0.61,0.71,2024-07-27,0114,N20,VIIRS,n,2,276.39,1.97,N,2
43.52622,-5.73604,319.36,0.61,0.71,2024-07-27,0114,N20,VIIRS,n,2,279.89,3.06,N,2
43.52774,-5.73586,318.95,0.61,0.71,2024-07-27,0114,N20,VIIRS,n,2,279.38,2.09,N,2
43.52766,-5.72865,296.34,0.6,0.71,2024-07-27,0114,N20,VIIRS,n,2,280.6,2.09,N,2
43.41365,-3.83934,299.7,0.48,0.65,2024-07-27,0114,N20,VIIRS,n,2,281.54,1.29,N,0
42.08202,-1.8157,303.03,0.37,0.58,2024-07-27,0114,N20,VIIRS,n,2,287.78,0.77,N,0
42.08505,-1.81224,304.08,0.37,0.58,2024-07-27,0114,N20,VIIRS,n,2,288.26,0.59,N,0
43.41189,-3.83875,301.79,0.48,0.65,2024-07-27,0114,N20,VIIRS,n,2,281.06,0.86,N,0
37.63559,-4.36348,311.92,0.47,0.64,2024-07-27,0115,N20,VIIRS,n,2,290.81,0.77,N,0
43.53238,-5.72545,296.72,0.47,0.47,2024-07-27,0254,N20,VIIRS,n,2,286.22,0.97,N,0
41.40709,1.99502,302.05,0.63,0.72,2024-07-27,0254,N20,VIIRS,n,2,291.08,0.66,N,2
42.06364,-4.01017,296.37,0.61,0.54,2024-07-27,0255,N20,VIIRS,n,2,286.24,0.84,N,0
40.01142,-3.9011,303.38,0.35,0.57,2024-07-27,0255,N20,VIIRS,n,2,292.36,0.6,N,0
40.24728,-3.47725,304.89,0.37,0.58,2024-07-27,0255,N20,VIIRS,n,2,291.47,0.62,N,2
42.03658,-4.00704,298.12,0.62,0.54,2024-07-27,0255,N20,VIIRS,n,2,285.92,0.66,N,0
37.36018,-5.86591,309.02,0.33,0.55,2024-07-27,0256,N20,VIIRS,n,2,293.67,0.61,N,2
37.81572,-4.27891,301.65,0.39,0.59,2024-07-27,0256,N20,VIIRS,n,2,290.73,0.49,N,0
37.57386,-1.30091,330.72,0.4,0.44,2024-07-27,1236,N20,VIIRS,l,2,304.38,1.63,D,0
36.55488,-6.09628,331.36,0.37,0.58,2024-07-27,1236,N20,VIIRS,l,2,303.33,2.57,D,0
40.43139,-3.43984,339.63,0.44,0.46,2024-07-27,1237,N20,VIIRS,n,2,307.56,3.53,D,0
37.34307,-6.25476,337.02,0.36,0.58,2024-07-27,1237,N20,VIIRS,l,2,309.34,2.44,D,0
39.68003,-3.09354,339.91,0.44,0.46,2024-07-27,1237,N20,VIIRS,l,2,312.73,5.66,D,0
39.00365,-5.73325,342.07,0.62,0.54,2024-07-27,1237,N20,VIIRS,n,2,305.39,8.23,D,0
37.34108,-6.26242,335.11,0.36,0.58,2024-07-27,1237,N20,VIIRS,l,2,309.21,2.25,D,0
37.34208,-6.25858,348.5,0.36,0.58,2024-07-27,1237,N20,VIIRS,n,2,309.63,2.44,D,0
36.06986,-5.48279,351.86,0.55,0.68,2024-07-27,1417,N20,VIIRS,n,2,300.17,21.51,D,0
36.06725,-5.47989,348.72,0.55,0.68,2024-07-27,1417,N20,VIIRS,n,2,305.14,52.02,D,0
36.06359,-5.48085,353.04,0.55,0.68,2024-07-27,1417,N20,VIIRS,n,2,298.76,10.86,D,0
36.06377,-5.47519,354.69,0.55,0.68,2024-07-27,1417,N20,VIIRS,n,2,298.44,10.86,D,0
36.06748,-5.47389,367,0.55,0.68,2024-07-27,1417,N20,VIIRS,h,2,299.08,35.84,D,0
36.07006,-5.47688,367,0.55,0.68,2024-07-27,1417,N20,VIIRS,h,2,298.64,21.51,D,0
42.9217,-1.51247,298.64,0.45,0.47,2024-07-28,0235,N20,VIIRS,n,2,287.6,0.59,N,0
43.5425,-5.83397,301.51,0.44,0.39,2024-07-28,0236,N20,VIIRS,n,2,290.17,1.15,N,2
40.08612,-4.12353,308.66,0.4,0.44,2024-07-28,0236,N20,VIIRS,n,2,293.51,1.04,N,0
40.07796,-2.14415,306.28,0.5,0.49,2024-07-28,0236,N20,VIIRS,n,2,290.66,1.26,N,0
40.07648,-2.1434,304.12,0.5,0.49,2024-07-28,0236,N20,VIIRS,n,2,290.42,1.24,N,0
40.5907,-3.25216,310.63,0.43,0.46,2024-07-28,0236,N20,VIIRS,n,2,293.45,1.49,N,0
42.55408,-6.76727,302.71,0.43,0.38,2024-07-28,0236,N20,VIIRS,n,2,291.13,0.68,N,2
43.3466,-8.43507,306,0.39,0.36,2024-07-28,0236,N20,VIIRS,n,2,290.81,0.92,N,2
42.98557,-4.90162,303.26,0.49,0.4,2024-07-28,0236,N20,VIIRS,n,2,285.75,1.07,N,0
41.40623,1.99918,303.7,0.37,0.58,2024-07-28,0236,N20,VIIRS,n,2,292.29,0.65,N,2
43.33166,-5.77562,305.41,0.45,0.39,2024-07-28,0236,N20,VIIRS,n,2,288.8,0.88,N,2
40.08863,-4.12016,306.1,0.4,0.44,2024-07-28,0236,N20,VIIRS,n,2,294.43,0.75,N,0
43.52752,-5.73595,303.82,0.45,0.39,2024-07-28,0236,N20,VIIRS,n,2,289.88,5.55,N,2
43.52648,-5.73051,334.42,0.45,0.39,2024-07-28,0236,N20,VIIRS,n,2,292.96,5.55,N,2
43.52995,-5.72928,308.39,0.45,0.39,2024-07-28,0236,N20,VIIRS,n,2,289.75,5.55,N,2
43.5271,-5.73572,319.39,0.45,0.39,2024-07-28,0236,N20,VIIRS,n,2,290,6.45,N,2
43.52603,-5.73028,324.68,0.45,0.39,2024-07-28,0236,N20,VIIRS,n,2,294,5.09,N,2
43.52949,-5.72903,306.16,0.45,0.39,2024-07-28,0236,N20,VIIRS,n,2,289.7,5.09,N,2
38.37731,-0.54384,311.21,0.33,0.55,2024-07-28,0237,N20,VIIRS,n,2,294.88,1.06,N,2
38.66921,-4.04791,305.24,0.43,0.46,2024-07-28,0237,N20,VIIRS,n,2,293.41,1.2,N,2
37.35967,-5.86741,308.28,0.56,0.43,2024-07-28,0237,N20,VIIRS,n,2,295.22,1.18,N,2
38.66513,-4.04929,321.88,0.43,0.46,2024-07-28,0237,N20,VIIRS,n,2,291.66,1.2,N,2
39.36429,-2.10342,342.9,0.35,0.57,2024-07-28,1218,N20,VIIRS,n,2,306.89,4.62,D,0
39.36242,-2.0981,347.65,0.35,0.56,2024-07-28,1218,N20,VIIRS,n,2,305.74,6.31,D,0
38.29431,-6.24229,330.39,0.61,0.71,2024-07-28,1218,N20,VIIRS,n,2,295.43,6.28,D,0
39.36143,-2.10183,351.5,0.35,0.56,2024-07-28,1218,N20,VIIRS,n,2,308.66,5.87,D,0
38.29584,-6.24238,336.87,0.61,0.71,2024-07-28,1218,N20,VIIRS,n,2,294.94,6.48,D,0
36.33965,-5.83525,335.63,0.66,0.73,2024-07-28,1218,N20,VIIRS,n,2,290.89,8.47,D,0
39.36526,-2.09963,348.6,0.35,0.57,2024-07-28,1218,N20,VIIRS,n,2,302.99,7.04,D,0
42.12841,0.47752,333.14,0.44,0.46,2024-07-28,1219,N20,VIIRS,l,2,303.81,7.43,D,0
42.28959,-4.51324,367,0.38,0.59,2024-07-28,1219,N20,VIIRS,h,2,306.64,7.55,D,0
42.12447,0.48069,341.59,0.44,0.46,2024-07-28,1219,N20,VIIRS,n,2,305.99,4.02,D,0
40.49255,-3.56456,331.61,0.38,0.59,2024-07-28,1219,N20,VIIRS,l,2,306.18,2.88,D,0
42.1286,0.47922,341.58,0.44,0.46,2024-07-28,1219,N20,VIIRS,n,2,306.33,7.69,D,0
42.12547,0.48418,341.19,0.44,0.46,2024-07-28,1219,N20,VIIRS,n,2,304.45,7.43,D,0
42.12961,0.4827,340.98,0.44,0.46,2024-07-28,1219,N20,VIIRS,n,2,303.64,7.43,D,0
37.47329,-6.24484,340.59,0.55,0.51,2024-07-28,1358,N20,VIIRS,n,2,307.82,4.25,D,0
37.33337,-6.55864,333.34,0.53,0.5,2024-07-28,1358,N20,VIIRS,l,2,306.42,2.72,D,0
41.20704,0.75502,355.63,0.71,0.75,2024-07-28,1359,N20,VIIRS,n,2,297.62,20.72,D,0
40.62354,-3.74761,367,0.41,0.6,2024-07-28,1359,N20,VIIRS,h,2,311.11,21.24,D,0
41.20697,0.73888,355.06,0.71,0.75,2024-07-28,1359,N20,VIIRS,n,2,298.58,20.72,D,0
40.62912,-3.74801,367,0.41,0.6,2024-07-28,1359,N20,VIIRS,h,2,310.1,21.24,D,0
40.62764,-3.7441,337.1,0.41,0.6,2024-07-28,1359,N20,VIIRS,n,2,306.56,19.37,D,0
40.62745,-3.74905,353.02,0.41,0.6,2024-07-28,1359,N20,VIIRS,n,2,315,19.37,D,0
42.12844,0.48085,330.06,0.69,0.74,2024-07-28,1400,N20,VIIRS,n,2,297.23,3.37,D,0
40.5773,0.54317,309.43,0.38,0.43,2024-07-29,0217,N20,VIIRS,n,2,295.05,0.83,N,2
43.41106,-5.26133,301.04,0.38,0.36,2024-07-29,0217,N20,VIIRS,n,2,289.87,0.51,N,0
41.52473,2.42008,333.84,0.45,0.47,2024-07-29,0217,N20,VIIRS,n,2,293.17,3.62,N,0
40.57921,0.54068,304.28,0.38,0.43,2024-07-29,0217,N20,VIIRS,n,2,293.54,0.63,N,0
41.40689,1.99877,309.67,0.43,0.46,2024-07-29,0217,N20,VIIRS,n,2,294.41,1.1,N,2
40.24467,-3.47807,306.5,0.41,0.37,2024-07-29,0218,N20,VIIRS,n,2,295.23,0.84,N,2
36.96549,-1.90477,305.04,0.52,0.42,2024-07-29,0218,N20,VIIRS,n,2,290.3,1.45,N,2
37.61953,-5.81445,304.23,0.39,0.36,2024-07-29,0218,N20,VIIRS,n,2,288.82,0.49,N,0
37.61624,-5.8153,307.58,0.39,0.36,2024-07-29,0218,N20,VIIRS,n,2,288.37,1,N,0
38.07505,-0.88591,341.56,0.57,0.69,2024-07-29,1159,N20,VIIRS,n,2,295.27,6.46,D,0
41.15791,-0.80582,340.19,0.46,0.64,2024-07-29,1200,N20,VIIRS,n,2,304.4,3.66,D,0
41.15627,-0.81147,340.62,0.46,0.64,2024-07-29,1200,N20,VIIRS,n,2,304.4,3.66,D,0
37.18501,-3.7605,351.98,0.42,0.45,2024-07-29,1339,N20,VIIRS,n,2,318.78,25.68,D,0
40.57784,0.54214,312.6,0.4,0.37,2024-07-30,0158,N20,VIIRS,n,2,295.29,1.46,N,2
41.64675,-0.76861,300.36,0.38,0.36,2024-07-30,0158,N20,VIIRS,n,2,285.19,0.74,N,0
41.31275,1.6648,313.93,0.41,0.37,2024-07-30,0158,N20,VIIRS,n,2,294.56,1.25,N,2
41.40817,2.00001,311.7,0.42,0.38,2024-07-30,0158,N20,VIIRS,n,2,293.29,1.18,N,2
43.34862,-8.43521,303.8,0.45,0.47,2024-07-30,0158,N20,VIIRS,n,2,289.79,0.68,N,2
43.52452,-5.73126,301.92,0.52,0.41,2024-07-30,0158,N20,VIIRS,n,2,291.4,1.44,N,2
43.53918,-5.83274,342.49,0.52,0.42,2024-07-30,0158,N20,VIIRS,n,2,291.83,3.07,N,2
43.52831,-5.7305,310.81,0.52,0.41,2024-07-30,0158,N20,VIIRS,n,2,292.19,1.44,N,2
41.31361,1.66,307.43,0.41,0.37,2024-07-30,0158,N20,VIIRS,n,2,293.08,1.25,N,2
43.54367,-5.83846,300.78,0.52,0.42,2024-07-30,0158,N20,VIIRS,n,2,290.56,3.07,N,2
43.54298,-5.83194,302.79,0.52,0.42,2024-07-30,0158,N20,VIIRS,n,2,291.56,3.07,N,2
40.67591,-3.79016,314.81,0.42,0.37,2024-07-30,0159,N20,VIIRS,n,2,291.16,0.84,N,0
40.24511,-3.4779,303.2,0.41,0.37,2024-07-30,0159,N20,VIIRS,n,2,292.39,0.57,N,2
38.37716,-0.54246,313.4,0.39,0.36,2024-07-30,0159,N20,VIIRS,n,2,296.72,1.23,N,2
39.65982,-2.03674,337.4,0.48,0.4,2024-07-30,1321,N20,VIIRS,l,2,309.28,22.43,D,0
39.66473,-2.02618,367,0.48,0.4,2024-07-30,1321,N20,VIIRS,h,2,303.82,202.43,D,0
39.66536,-2.02052,348.58,0.48,0.4,2024-07-30,1321,N20,VIIRS,n,2,303.15,202.43,D,0
39.66411,-2.03184,342.9,0.48,0.4,2024-07-30,1321,N20,VIIRS,n,2,305.58,22.43,D,0
39.64384,-2.02021,367,0.48,0.4,2024-07-30,1321,N20,VIIRS,h,2,345.54,86.64,D,0
39.64577,-2.00338,340.17,0.48,0.4,2024-07-30,1321,N20,VIIRS,n,2,310.47,5.62,D,0
39.64319,-2.02581,345.19,0.48,0.4,2024-07-30,1321,N20,VIIRS,n,2,311.57,86.64,D,0
39.64448,-2.01459,367,0.48,0.4,2024-07-30,1321,N20,VIIRS,l,2,338.23,80.47,D,0
39.64814,-2.01532,367,0.48,0.4,2024-07-30,1321,N20,VIIRS,h,2,351.92,80.47,D,0
39.6475,-2.02094,367,0.48,0.4,2024-07-30,1321,N20,VIIRS,h,2,357.25,86.64,D,0
39.64944,-2.00412,340.72,0.48,0.4,2024-07-30,1321,N20,VIIRS,n,2,309.57,5.62,D,0
39.64879,-2.00971,350.13,0.48,0.4,2024-07-30,1321,N20,VIIRS,n,2,317.93,80.47,D,0
39.64685,-2.02655,350.81,0.48,0.4,2024-07-30,1321,N20,VIIRS,n,2,312.34,86.64,D,0
39.64621,-2.03215,337.77,0.48,0.4,2024-07-30,1321,N20,VIIRS,l,2,309.95,6.52,D,0
39.65181,-2.01607,367,0.48,0.4,2024-07-30,1321,N20,VIIRS,h,2,359.95,134.88,D,0
39.6531,-2.00485,340.94,0.48,0.4,2024-07-30,1321,N20,VIIRS,n,2,309.33,4.57,D,0
39.65245,-2.01044,354.18,0.48,0.4,2024-07-30,1321,N20,VIIRS,n,2,309.53,134.88,D,0
39.64987,-2.0329,341.42,0.48,0.4,2024-07-30,1321,N20,VIIRS,n,2,310.3,7.24,D,0
39.65116,-2.02171,367,0.48,0.4,2024-07-30,1321,N20,VIIRS,l,2,374.35,382.02,D,0
39.65677,-2.00556,340.44,0.48,0.4,2024-07-30,1321,N20,VIIRS,n,2,310.26,4.57,D,0
39.65612,-2.01117,351.94,0.48,0.4,2024-07-30,1321,N20,VIIRS,n,2,309.15,134.88,D,0
39.65352,-2.03365,343.62,0.48,0.4,2024-07-30,1321,N20,VIIRS,n,2,310.72,7.24,D,0
39.65547,-2.01682,367,0.48,0.4,2024-07-30,1321,N20,VIIRS,l,2,330.16,134.88,D,0
39.65482,-2.02245,367,0.48,0.4,2024-07-30,1321,N20,VIIRS,l,2,370.59,382.02,D,0
39.65417,-2.02804,367,0.48,0.4,2024-07-30,1321,N20,VIIRS,l,2,334.94,382.02,D,0
39.64641,-2.02248,367,0.48,0.4,2024-07-30,1321,N20,VIIRS,h,2,354.06,220.59,D,0
39.64827,-2.0056,343.01,0.48,0.4,2024-07-30,1321,N20,VIIRS,n,2,309.84,46.28,D,0
39.64579,-2.02809,344.37,0.48,0.4,2024-07-30,1321,N20,VIIRS,n,2,310.45,7.21,D,0
39.64766,-2.01121,367,0.48,0.4,2024-07-30,1321,N20,VIIRS,l,2,332.16,46.28,D,0
39.64703,-2.01684,367,0.48,0.4,2024-07-30,1321,N20,VIIRS,l,2,343.88,220.59,D,0
39.65194,-2.00634,343.23,0.48,0.4,2024-07-30,1321,N20,VIIRS,n,2,309.19,46.28,D,0
39.65132,-2.01195,349.96,0.48,0.4,2024-07-30,1321,N20,VIIRS,n,2,317.37,46.28,D,0
39.64946,-2.02884,351.33,0.48,0.4,2024-07-30,1321,N20,VIIRS,n,2,312.58,7.21,D,0
39.64883,-2.03446,338.45,0.48,0.4,2024-07-30,1321,N20,VIIRS,l,2,310.33,7.21,D,0
39.6507,-2.0176,367,0.48,0.4,2024-07-30,1321,N20,VIIRS,l,2,377.55,220.59,D,0
39.65008,-2.02323,367,0.48,0.4,2024-07-30,1321,N20,VIIRS,l,2,362.74,220.59,D,0
39.65436,-2.01836,367,0.48,0.4,2024-07-30,1321,N20,VIIRS,h,2,359.09,466.06,D,0
39.65561,-2.00707,343.29,0.48,0.4,2024-07-30,1321,N20,VIIRS,n,2,310.32,6.39,D,0
39.65499,-2.01269,354.63,0.48,0.4,2024-07-30,1321,N20,VIIRS,n,2,307.67,6.39,D,0
39.65312,-2.02959,352.94,0.48,0.4,2024-07-30,1321,N20,VIIRS,n,2,310.89,24.61,D,0
39.6525,-2.03521,339.59,0.48,0.4,2024-07-30,1321,N20,VIIRS,l,2,309.95,24.61,D,0
39.65374,-2.02399,367,0.48,0.4,2024-07-30,1321,N20,VIIRS,l,2,379.11,466.06,D,0
39.65928,-2.00778,340,0.48,0.4,2024-07-30,1321,N20,VIIRS,n,2,309.74,6.39,D,0
39.65865,-2.01343,351.91,0.48,0.4,2024-07-30,1321,N20,VIIRS,n,2,307.2,6.39,D,0
39.65678,-2.03035,352.92,0.48,0.4,2024-07-30,1321,N20,VIIRS,n,2,311.16,24.61,D,0
39.65616,-2.03597,338.89,0.48,0.4,2024-07-30,1321,N20,VIIRS,n,2,308.87,24.61,D,0
39.6574,-2.02473,367,0.48,0.4,2024-07-30,1321,N20,VIIRS,l,2,375.46,466.06,D,0
39.66107,-2.02547,367,0.48,0.4,2024-07-30,1321,N20,VIIRS,h,2,362.69,202.43,D,0
39.66232,-2.01417,344.16,0.48,0.4,2024-07-30,1321,N20,VIIRS,n,2,306.29,11.96,D,0
39.6617,-2.01982,356.23,0.48,0.4,2024-07-30,1321,N20,VIIRS,n,2,304.43,202.43,D,0
39.66044,-2.03111,350.21,0.48,0.4,2024-07-30,1321,N20,VIIRS,n,2,308.87,22.43,D,0
38.25478,-1.36087,337.19,0.5,0.41,2024-07-30,1321,N20,VIIRS,n,2,308.58,1.63,D,0
37.99192,-4.32778,339.38,0.4,0.37,2024-07-30,1321,N20,VIIRS,l,2,312.83,3.36,D,0
38.6822,-0.32641,336.3,0.56,0.43,2024-07-30,1321,N20,VIIRS,l,2,307.58,16.93,D,0
38.68612,-0.32713,337.57,0.56,0.43,2024-07-30,1321,N20,VIIRS,l,2,309.52,16.93,D,0
38.83696,-4.23873,344.79,0.4,0.37,2024-07-30,1321,N20,VIIRS,l,2,318.64,29.69,D,0
39.42921,-2.30332,339.58,0.47,0.4,2024-07-30,1321,N20,VIIRS,l,2,312.38,2.52,D,0
39.62742,-1.99983,344.03,0.48,0.4,2024-07-30,1321,N20,VIIRS,n,2,311.82,5.39,D,0
39.63109,-2.00054,367,0.48,0.4,2024-07-30,1321,N20,VIIRS,h,2,321.32,9.51,D,0
39.63045,-2.00614,349.29,0.48,0.4,2024-07-30,1321,N20,VIIRS,n,2,315.45,10.4,D,0
39.63476,-2.00125,342.82,0.48,0.4,2024-07-30,1321,N20,VIIRS,n,2,312.09,9.51,D,0
39.63412,-2.00685,355.48,0.48,0.4,2024-07-30,1321,N20,VIIRS,n,2,322.35,10.4,D,0
39.63348,-2.01244,336,0.48,0.4,2024-07-30,1321,N20,VIIRS,l,2,310.17,10.4,D,0
39.63843,-2.00196,347.46,0.48,0.4,2024-07-30,1321,N20,VIIRS,n,2,317.8,21.78,D,0
39.63779,-2.00756,356.79,0.48,0.4,2024-07-30,1321,N20,VIIRS,n,2,324.78,27.29,D,0
39.63715,-2.01317,351.35,0.48,0.4,2024-07-30,1321,N20,VIIRS,n,2,313.94,27.29,D,0
39.6421,-2.00267,346.04,0.48,0.4,2024-07-30,1321,N20,VIIRS,n,2,311.57,21.78,D,0
39.64081,-2.01388,351.51,0.48,0.4,2024-07-30,1321,N20,VIIRS,n,2,319.98,27.29,D,0
39.64017,-2.01949,347.57,0.48,0.4,2024-07-30,1321,N20,VIIRS,n,2,317.31,23.29,D,0
39.64146,-2.00827,367,0.48,0.4,2024-07-30,1321,N20,VIIRS,l,2,338.58,27.29,D,0
39.64513,-2.00898,367,0.48,0.4,2024-07-30,1321,N20,VIIRS,h,2,336.12,80.47,D,0
41.97269,-4.7433,350.7,0.41,0.37,2024-07-30,1322,N20,VIIRS,n,2,314.61,12.36,D,0
41.58701,-4.83273,341.88,0.41,0.37,2024-07-30,1322,N20,VIIRS,n,2,312.79,7.15,D,0
41.97334,-4.73834,350.07,0.41,0.37,2024-07-30,1322,N20,VIIRS,n,2,321.64,43.17,D,0
42.79879,-7.39076,339.13,0.38,0.36,2024-07-30,1322,N20,VIIRS,n,2,305.93,2.6,D,0
28.34088,-14.05006,330.7,0.68,0.74,2024-07-30,1459,N20,VIIRS,l,2,301.3,2.16,D,0
41.40628,1.99842,309.87,0.4,0.37,2024-07-31,0139,N20,VIIRS,n,2,296.69,1.04,N,2
41.31204,1.66081,323.25,0.4,0.37,2024-07-31,0139,N20,VIIRS,n,2,295.86,1.84,N,2
41.24137,-3.39617,312.56,0.42,0.45,2024-07-31,0139,N20,VIIRS,n,2,287,5.72,N,0
41.24092,-3.39145,315.59,0.42,0.45,2024-07-31,0139,N20,VIIRS,n,2,289.78,5.72,N,0
41.23723,-3.39683,326.56,0.42,0.45,2024-07-31,0139,N20,VIIRS,n,2,287.41,5.72,N,0
43.22465,-2.8794,325.26,0.41,0.45,2024-07-31,0139,N20,VIIRS,n,2,293.44,2.42,N,2
43.53887,-5.83366,300.25,0.58,0.52,2024-07-31,0139,N20,VIIRS,n,2,288.6,1.17,N,2
41.23677,-3.39199,341.05,0.42,0.45,2024-07-31,0139,N20,VIIRS,n,2,294.58,5.72,N,0
41.23222,-3.38821,349.48,0.42,0.45,2024-07-31,0139,N20,VIIRS,n,2,292.55,4.14,N,0
42.1005,-1.3007,329.64,0.51,0.41,2024-07-31,0139,N20,VIIRS,n,2,295.79,6.85,N,0
41.23175,-3.38324,301.83,0.42,0.45,2024-07-31,0139,N20,VIIRS,n,2,288.64,4.14,N,0
42.09982,-1.29454,344.7,0.51,0.41,2024-07-31,0139,N20,VIIRS,n,2,298.85,7.62,N,0
42.09604,-1.29523,331.74,0.51,0.41,2024-07-31,0139,N20,VIIRS,n,2,296.61,7.62,N,0
42.55454,-6.76828,310.93,0.32,0.54,2024-07-31,0139,N20,VIIRS,n,2,291.48,1.07,N,2
42.03988,-1.27477,308.48,0.51,0.41,2024-07-31,0139,N20,VIIRS,n,2,292.87,0.77,N,0
39.69458,-2.02199,301.4,0.52,0.41,2024-07-31,0140,N20,VIIRS,n,2,288.04,0.81,N,0
39.68567,-2.01138,310.13,0.52,0.41,2024-07-31,0140,N20,VIIRS,n,2,290.9,1.51,N,0
39.68946,-2.01066,305.01,0.52,0.41,2024-07-31,0140,N20,VIIRS,n,2,290.23,1.51,N,0
38.68477,-0.3658,312.05,0.44,0.38,2024-07-31,0140,N20,VIIRS,n,2,295.12,1.54,N,0
40.64952,-3.10721,333.3,0.4,0.44,2024-07-31,0140,N20,VIIRS,n,2,295.47,2.91,N,0
40.57706,0.54091,310.15,0.43,0.38,2024-07-31,0140,N20,VIIRS,n,2,295.95,2.11,N,2
38.68605,-0.37598,318.31,0.44,0.38,2024-07-31,0140,N20,VIIRS,n,2,297.18,3.01,N,0
38.68541,-0.37088,324.49,0.44,0.38,2024-07-31,0140,N20,VIIRS,n,2,298.2,1.54,N,0
38.68828,-0.36519,305.8,0.44,0.38,2024-07-31,0140,N20,VIIRS,n,2,295,1.54,N,0
38.68892,-0.37025,318.55,0.44,0.38,2024-07-31,0140,N20,VIIRS,n,2,294.89,1.54,N,0
38.68956,-0.37533,318.25,0.44,0.38,2024-07-31,0140,N20,VIIRS,n,2,296.84,3.01,N,0
38.69019,-0.38039,335.54,0.44,0.38,2024-07-31,0140,N20,VIIRS,n,2,299.58,3.01,N,0
38.6937,-0.37969,317.82,0.44,0.38,2024-07-31,0140,N20,VIIRS,n,2,294.66,1.52,N,0
39.68254,-2.01812,301.22,0.52,0.41,2024-07-31,0140,N20,VIIRS,n,2,289.8,0.6,N,0
36.97647,-3.1899,313.56,0.55,0.42,2024-07-31,0141,N20,VIIRS,n,2,293.71,3.07,N,0
36.98034,-3.18905,310.45,0.55,0.42,2024-07-31,0141,N20,VIIRS,n,2,292.75,1.62,N,0
40.64945,-3.11402,334.52,0.76,0.77,2024-07-31,0320,N20,VIIRS,n,2,292.01,7.25,N,0
40.65849,-3.11765,312.76,0.76,0.77,2024-07-31,0320,N20,VIIRS,n,2,292.27,3.87,N,0
41.23276,-3.38161,309.61,0.71,0.75,2024-07-31,0320,N20,VIIRS,n,2,286.95,5.08,N,0
41.23581,-3.39068,332.53,0.71,0.75,2024-07-31,0320,N20,VIIRS,n,2,288.1,7.27,N,0
40.65197,-3.12141,306.23,0.76,0.77,2024-07-31,0320,N20,VIIRS,n,2,291.15,3.87,N,0
40.65142,-3.11496,328.4,0.76,0.77,2024-07-31,0320,N20,VIIRS,n,2,292.12,7.92,N,0
40.64919,-3.10831,327.97,0.76,0.77,2024-07-31,0320,N20,VIIRS,n,2,293.15,7.92,N,0
40.65393,-3.12245,313.64,0.76,0.77,2024-07-31,0320,N20,VIIRS,n,2,291.93,4.13,N,0
42.98351,-9.08776,298.96,0.33,0.56,2024-07-31,0320,N20,VIIRS,n,2,288.68,0.38,N,0
41.23877,-3.39953,325.67,0.71,0.75,2024-07-31,0320,N20,VIIRS,n,2,285.58,7.27,N,0
40.65607,-3.11058,316.47,0.76,0.77,2024-07-31,0320,N20,VIIRS,n,2,292.36,7.25,N,0
40.3783,-3.41873,367,0.39,0.36,2024-07-31,1302,N20,VIIRS,h,2,333.01,79.97,D,0
41.53732,1.14258,340.82,0.44,0.38,2024-07-31,1302,N20,VIIRS,l,2,312.58,23.73,D,0
41.53318,1.13807,350.03,0.44,0.38,2024-07-31,1302,N20,VIIRS,n,2,318.85,50.72,D,0
41.5338,1.14328,345.42,0.44,0.38,2024-07-31,1302,N20,VIIRS,n,2,319.44,23.73,D,0
41.53028,1.14398,346.68,0.44,0.38,2024-07-31,1302,N20,VIIRS,n,2,321.32,71.91,D,0
41.52966,1.13876,367,0.44,0.38,2024-07-31,1302,N20,VIIRS,h,2,348.71,94.6,D,0
41.52613,1.13945,367,0.44,0.38,2024-07-31,1302,N20,VIIRS,h,2,330.33,94.6,D,0
41.52676,1.14467,367,0.44,0.38,2024-07-31,1302,N20,VIIRS,h,2,336.8,71.91,D,0
41.52324,1.14536,346.17,0.44,0.38,2024-07-31,1302,N20,VIIRS,n,2,316.58,6.5,D,0
40.37904,-3.41418,343.6,0.39,0.36,2024-07-31,1302,N20,VIIRS,n,2,310.87,79.97,D,0
40.37426,-3.42236,367,0.39,0.36,2024-07-31,1302,N20,VIIRS,l,2,326.65,32.16,D,0
40.37501,-3.41779,367,0.39,0.36,2024-07-31,1302,N20,VIIRS,h,2,361.19,79.97,D,0
40.37576,-3.41323,367,0.39,0.36,2024-07-31,1302,N20,VIIRS,h,2,336.76,79.97,D,0
40.37022,-3.426,351.39,0.39,0.36,2024-07-31,1302,N20,VIIRS,n,2,324.88,72.45,D,0
40.36618,-3.42965,367,0.39,0.36,2024-07-31,1302,N20,VIIRS,l,2,326.51,15.05,D,0
40.36768,-3.4205,367,0.39,0.36,2024-07-31,1302,N20,VIIRS,l,2,326.86,72.45,D,0
40.36468,-3.43877,355.26,0.39,0.36,2024-07-31,1302,N20,VIIRS,n,2,322.73,12.21,D,0
40.36693,-3.42508,367,0.39,0.36,2024-07-31,1302,N20,VIIRS,h,2,347.72,72.45,D,0
40.36139,-3.43785,348.67,0.39,0.36,2024-07-31,1302,N20,VIIRS,l,2,322.89,10.89,D,0
40.36289,-3.42872,367,0.39,0.36,2024-07-31,1302,N20,VIIRS,h,2,322.48,12.84,D,0
37.34845,-6.83699,340.99,0.55,0.43,2024-07-31,1302,N20,VIIRS,n,2,314.83,4.28,D,0
40.77259,-5.32448,348.47,0.43,0.38,2024-07-31,1303,N20,VIIRS,l,2,319.08,6.74,D,0
28.0548,-16.60857,333.7,0.48,0.48,2024-07-31,1440,N20,VIIRS,l,2,308.37,1.38,D,0
42.55415,-6.18178,298.52,0.52,0.67,2024-08-01,0120,N20,VIIRS,n,2,288.51,0.6,N,0
41.31304,1.66139,319.58,0.4,0.44,2024-08-01,0120,N20,VIIRS,n,2,297.03,2.29,N,2
42.55571,-6.771,303.91,0.56,0.69,2024-08-01,0120,N20,VIIRS,n,2,289.67,0.85,N,0
40.57829,0.54102,308.71,0.45,0.47,2024-08-01,0121,N20,VIIRS,n,2,296.82,2.14,N,2
42.12612,-4.95106,320.41,0.33,0.55,2024-08-01,0301,N20,VIIRS,n,2,290.22,2.24,N,0
41.3102,1.66043,305.12,0.72,0.76,2024-08-01,0301,N20,VIIRS,n,2,292.78,1.63,N,2
41.31078,1.66116,304.86,0.72,0.76,2024-08-01,0301,N20,VIIRS,n,2,293.02,2.5,N,2
42.12711,-4.95477,312.4,0.33,0.55,2024-08-01,0301,N20,VIIRS,n,2,288.28,1.89,N,0
37.36185,-5.86569,311.29,0.4,0.6,2024-08-01,0302,N20,VIIRS,n,2,295.25,1.26,N,2
37.18071,-6.8965,313.77,0.35,0.57,2024-08-01,0302,N20,VIIRS,n,2,297.3,1.57,N,0
39.13412,-0.49033,343.32,0.45,0.39,2024-08-01,1243,N20,VIIRS,n,2,311.62,4.31,D,0
38.08634,-3.72125,347.94,0.43,0.46,2024-08-01,1243,N20,VIIRS,n,2,320.36,7.64,D,0
42.1269,-4.94877,336.3,0.4,0.44,2024-08-01,1244,N20,VIIRS,l,2,309.46,3.23,D,0
41.44004,-5.12908,346.63,0.42,0.45,2024-08-01,1244,N20,VIIRS,n,2,311.46,10.03,D,0
42.12683,-4.95613,295.1,0.79,0.78,2024-08-02,0101,N20,VIIRS,n,2,279.92,1.88,N,0
42.12559,-4.95467,297.95,0.79,0.78,2024-08-02,0101,N20,VIIRS,n,2,281.62,2.69,N,0
38.67372,-4.06973,312.65,0.69,0.74,2024-08-02,0102,N20,VIIRS,n,2,290.67,1.31,N,0
40.57855,0.54095,308.62,0.4,0.6,2024-08-02,0102,N20,VIIRS,n,2,295.72,1.65,N,2
39.22759,-3.78727,304.76,0.67,0.74,2024-08-02,0102,N20,VIIRS,n,2,292.41,1.92,N,0
39.22875,-3.78718,303.81,0.67,0.74,2024-08-02,0102,N20,VIIRS,n,2,291.91,1.14,N,0
38.67396,-4.06661,305.08,0.69,0.74,2024-08-02,0102,N20,VIIRS,n,2,291.68,2.4,N,0
37.28688,-4.9584,303.43,0.76,0.77,2024-08-02,0103,N20,VIIRS,n,2,292.58,1.18,N,0
41.4408,-5.12848,309.23,0.4,0.44,2024-08-02,0242,N20,VIIRS,n,2,287.91,1.07,N,0
43.41099,-3.83957,316.99,0.41,0.45,2024-08-02,0242,N20,VIIRS,n,2,287.67,1.8,N,0
39.22357,-3.78895,310.28,0.52,0.5,2024-08-02,0243,N20,VIIRS,n,2,292.13,1,N,0
40.24779,-5.12803,352.99,0.42,0.45,2024-08-02,0243,N20,VIIRS,n,2,303.54,19.76,N,0
40.24663,-5.1229,349.87,0.42,0.45,2024-08-02,0243,N20,VIIRS,n,2,303.57,16.37,N,0
40.24548,-5.11783,351.41,0.42,0.45,2024-08-02,0243,N20,VIIRS,n,2,300.17,16.37,N,0
40.24429,-5.11255,325.77,0.42,0.45,2024-08-02,0243,N20,VIIRS,n,2,294.13,3.41,N,0
40.24881,-5.12423,343.89,0.42,0.45,2024-08-02,0243,N20,VIIRS,n,2,298.59,4.7,N,0
40.24997,-5.1295,303.45,0.42,0.45,2024-08-02,0243,N20,VIIRS,n,2,292.36,4.7,N,0
40.24768,-5.11906,312.53,0.42,0.45,2024-08-02,0243,N20,VIIRS,n,2,294.63,2.75,N,0
40.24592,-5.13086,338.19,0.42,0.45,2024-08-02,0243,N20,VIIRS,n,2,297.01,21.97,N,0
40.24481,-5.1258,350.28,0.42,0.45,2024-08-02,0243,N20,VIIRS,n,2,313.84,21.97,N,0
40.24369,-5.1207,352.01,0.42,0.45,2024-08-02,0243,N20,VIIRS,n,2,322.8,29.37,N,0
40.24255,-5.11552,348.25,0.42,0.45,2024-08-02,0243,N20,VIIRS,n,2,311.67,29.37,N,0
40.24138,-5.1102,305.66,0.42,0.45,2024-08-02,0243,N20,VIIRS,n,2,292.86,4.86,N,0
40.24068,-5.12682,338.78,0.42,0.45,2024-08-02,0243,N20,VIIRS,n,2,295.44,21.97,N,0
40.23958,-5.1218,353.5,0.42,0.45,2024-08-02,0243,N20,VIIRS,n,2,304.73,29.37,N,0
40.23848,-5.11681,329.92,0.42,0.45,2024-08-02,0243,N20,VIIRS,n,2,295.08,29.37,N,0
37.28967,-4.95549,312.64,0.5,0.49,2024-08-02,0243,N20,VIIRS,n,2,292.94,1.24,N,0
37.28848,-4.95029,314.26,0.5,0.49,2024-08-02,0243,N20,VIIRS,n,2,293.03,1.89,N,0
37.28534,-4.95709,305.49,0.5,0.49,2024-08-02,0243,N20,VIIRS,n,2,292.28,1,N,0
37.28414,-4.95188,308.4,0.5,0.49,2024-08-02,0243,N20,VIIRS,n,2,293.15,1.14,N,0
37.36136,-5.86552,313.88,0.45,0.47,2024-08-02,0243,N20,VIIRS,n,2,296.15,1.38,N,2
36.33769,-5.83651,343.46,0.54,0.68,2024-08-02,1224,N20,VIIRS,n,2,305.83,7.58,D,0
37.33416,-6.89589,341.94,0.58,0.69,2024-08-02,1224,N20,VIIRS,n,2,306.98,3.94,D,0
37.33234,-6.90202,344.42,0.58,0.69,2024-08-02,1224,N20,VIIRS,n,2,307.24,6.02,D,0
37.3305,-6.90819,356.2,0.58,0.7,2024-08-02,1224,N20,VIIRS,l,2,307.14,6.02,D,0
37.33839,-6.90467,349.81,0.58,0.69,2024-08-02,1224,N20,VIIRS,n,2,307.9,3.45,D,0
37.33656,-6.91085,336.85,0.58,0.7,2024-08-02,1224,N20,VIIRS,l,2,307.08,3.45,D,0
38.66278,-3.98983,356.17,0.38,0.58,2024-08-02,1224,N20,VIIRS,n,2,311.18,8.52,D,0
38.65645,-3.99221,337.29,0.38,0.58,2024-08-02,1224,N20,VIIRS,l,2,311.94,8.14,D,0
38.6576,-3.98794,352.77,0.38,0.58,2024-08-02,1224,N20,VIIRS,n,2,318.26,24.8,D,0
38.65762,-3.99232,343.06,0.38,0.58,2024-08-02,1224,N20,VIIRS,n,2,311.95,11.13,D,0
36.33859,-5.85665,336.38,0.54,0.68,2024-08-02,1224,N20,VIIRS,n,2,305.43,4.28,D,0
38.65991,-3.98355,343.5,0.38,0.58,2024-08-02,1224,N20,VIIRS,n,2,309.69,17.76,D,0
38.65874,-3.98802,349.73,0.38,0.58,2024-08-02,1224,N20,VIIRS,n,2,320.13,17.76,D,0
38.97593,-0.81778,353.18,0.5,0.49,2024-08-02,1224,N20,VIIRS,n,2,307.44,24.12,D,0
37.32627,-6.89938,345.8,0.58,0.69,2024-08-02,1224,N20,VIIRS,n,2,307.64,6.02,D,0
37.32811,-6.8932,344.69,0.58,0.69,2024-08-02,1224,N20,VIIRS,n,2,306.79,3.94,D,0
37.32995,-6.88702,345.65,0.58,0.69,2024-08-02,1224,N20,VIIRS,n,2,306.9,3.94,D,0
37.32206,-6.89052,367,0.58,0.69,2024-08-02,1224,N20,VIIRS,h,2,307.94,13.93,D,0
37.17017,-6.02629,353.69,0.53,0.67,2024-08-02,1224,N20,VIIRS,n,2,308.58,13.78,D,0
37.17177,-6.02069,336.55,0.52,0.67,2024-08-02,1224,N20,VIIRS,l,2,307.21,7.5,D,0
37.11112,-6.13977,339.21,0.53,0.67,2024-08-02,1224,N20,VIIRS,n,2,309.57,5.77,D,0
37.09935,-4.42628,343.06,0.44,0.62,2024-08-02,1224,N20,VIIRS,n,2,314.01,4.74,D,0
36.55447,-6.09464,343.2,0.55,0.68,2024-08-02,1224,N20,VIIRS,n,2,305.07,5.56,D,0
36.3382,-5.85685,339.04,0.54,0.68,2024-08-02,1224,N20,VIIRS,n,2,305.52,6.17,D,0
36.34163,-5.84507,337.16,0.54,0.68,2024-08-02,1224,N20,VIIRS,n,2,304.08,2.5,D,0
36.34332,-5.83927,338.05,0.54,0.68,2024-08-02,1224,N20,VIIRS,n,2,306.19,2.5,D,0
36.33738,-5.83681,345.12,0.54,0.68,2024-08-02,1224,N20,VIIRS,n,2,305.54,6.61,D,0
41.59199,0.82132,338.76,0.55,0.43,2024-08-02,1225,N20,VIIRS,n,2,303.1,1.77,D,0
39.81405,-2.95741,354.86,0.62,0.54,2024-08-02,1225,N20,VIIRS,n,2,313.6,14.74,D,0
39.81188,-2.95618,352.47,0.62,0.54,2024-08-02,1225,N20,VIIRS,n,2,312.18,10.74,D,0
38.91818,-6.89625,340.56,0.52,0.67,2024-08-02,1225,N20,VIIRS,n,2,303.06,3.12,D,0
41.59154,0.82198,338.86,0.55,0.43,2024-08-02,1225,N20,VIIRS,n,2,302.63,4.46,D,0
28.97555,-13.56335,336.15,0.39,0.36,2024-08-02,1402,N20,VIIRS,l,2,309.54,2.18,D,0
37.13935,-6.30239,343.29,0.34,0.56,2024-08-02,1404,N20,VIIRS,n,2,310.2,4.56,D,0
37.13618,-6.30298,346.12,0.34,0.56,2024-08-02,1404,N20,VIIRS,n,2,310.57,9.49,D,0
37.16853,-6.02464,340.54,0.35,0.57,2024-08-02,1404,N20,VIIRS,l,2,311.52,2.4,D,0
37.16829,-6.0286,336.55,0.35,0.57,2024-08-02,1404,N20,VIIRS,l,2,309.89,2.4,D,0
37.38267,-5.89243,345.63,0.36,0.57,2024-08-02,1404,N20,VIIRS,n,2,313.82,3.86,D,0
37.13961,-6.29858,367,0.34,0.56,2024-08-02,1404,N20,VIIRS,h,2,309.06,5.89,D,0
37.13421,-6.30192,339.94,0.34,0.56,2024-08-02,1404,N20,VIIRS,n,2,310.77,4.56,D,0
37.16823,-6.02392,341.14,0.35,0.57,2024-08-02,1404,N20,VIIRS,n,2,310.83,2.8,D,0
37.16797,-6.02787,336.88,0.35,0.57,2024-08-02,1404,N20,VIIRS,l,2,310.57,2.8,D,0
37.13642,-6.29917,367,0.34,0.56,2024-08-02,1404,N20,VIIRS,h,2,310.88,12.67,D,0
37.13446,-6.29811,351.79,0.34,0.56,2024-08-02,1404,N20,VIIRS,n,2,309.69,5.89,D,0
37.78137,-3.89111,337.4,0.46,0.64,2024-08-02,1405,N20,VIIRS,n,2,310.77,2.2,D,0
37.38198,-5.89293,345.57,0.36,0.57,2024-08-02,1405,N20,VIIRS,n,2,313.4,4.22,D,0
38.95552,-6.9173,356.43,0.32,0.55,2024-08-02,1405,N20,VIIRS,n,2,313.64,13.9,D,0
40.87346,-2.82298,356.28,0.56,0.69,2024-08-02,1406,N20,VIIRS,n,2,298.44,8.82,D,0
40.87124,-2.82134,342.97,0.56,0.68,2024-08-02,1406,N20,VIIRS,n,2,297.87,5.89,D,0
40.87109,-2.8275,338.46,0.56,0.68,2024-08-02,1406,N20,VIIRS,n,2,297.54,5.89,D,0
41.4057,1.99737,303.17,0.51,0.5,2024-08-03,0223,N20,VIIRS,n,2,290.67,0.87,N,2
43.22305,-2.88036,306.41,0.44,0.38,2024-08-03,0223,N20,VIIRS,n,2,287.76,1.46,N,2
42.55321,-6.76874,303.59,0.38,0.36,2024-08-03,0223,N20,VIIRS,n,2,290.34,0.78,N,2
41.31477,1.66254,308.98,0.5,0.49,2024-08-03,0223,N20,VIIRS,n,2,291.17,1.73,N,2
43.34718,-8.43526,315.78,0.4,0.37,2024-08-03,0223,N20,VIIRS,n,2,288.58,1.38,N,2
40.05673,-0.0049,308.41,0.44,0.46,2024-08-03,0224,N20,VIIRS,n,2,293.48,0.8,N,0
39.94897,-0.00208,314.55,0.44,0.46,2024-08-03,0224,N20,VIIRS,n,2,293.7,1.71,N,0
38.37831,-0.5447,306.43,0.45,0.47,2024-08-03,0224,N20,VIIRS,n,2,295.64,0.64,N,2
37.35934,-5.86352,317.43,0.42,0.38,2024-08-03,0225,N20,VIIRS,n,2,296.35,1.23,N,2
36.98655,-3.5893,307.4,0.52,0.41,2024-08-03,0225,N20,VIIRS,n,2,293.15,0.95,N,0
38.51151,-1.46567,336.53,0.49,0.65,2024-08-03,1206,N20,VIIRS,n,2,304.8,3.4,D,0
38.87729,-6.57427,344.87,0.57,0.43,2024-08-03,1346,N20,VIIRS,n,2,311.26,2.9,D,0
39.91867,-2.4252,346.05,0.32,0.55,2024-08-03,1346,N20,VIIRS,n,2,311.61,14.06,D,0
39.91809,-2.42197,367,0.32,0.55,2024-08-03,1346,N20,VIIRS,h,2,315.05,11.09,D,0
39.91891,-2.42142,367,0.32,0.55,2024-08-03,1346,N20,VIIRS,h,2,313.26,11.87,D,0
39.91832,-2.41814,337.46,0.32,0.55,2024-08-03,1346,N20,VIIRS,n,2,307.3,11.09,D,0
39.91787,-2.42576,346.05,0.32,0.55,2024-08-03,1346,N20,VIIRS,n,2,311.9,11.86,D,0
39.91916,-2.41759,336.49,0.32,0.55,2024-08-03,1346,N20,VIIRS,n,2,307.38,11.87,D,0
40.9415,-5.66575,339.64,0.44,0.46,2024-08-03,1347,N20,VIIRS,l,2,310.41,4.37,D,0
43.3452,-8.43414,328.98,0.53,0.42,2024-08-03,1347,N20,VIIRS,l,2,303.06,3.62,D,0
41.64663,-0.76872,305.65,0.4,0.37,2024-08-04,0204,N20,VIIRS,n,2,292.15,0.55,N,0
42.41118,1.12359,329.65,0.43,0.38,2024-08-04,0204,N20,VIIRS,n,2,291.9,2.63,N,0
41.47654,-1.48619,308.24,0.39,0.36,2024-08-04,0204,N20,VIIRS,n,2,290.74,0.57,N,2
43.44147,-3.84479,302.64,0.4,0.37,2024-08-04,0204,N20,VIIRS,n,2,290.34,0.77,N,2
43.22594,-2.88009,302.04,0.39,0.36,2024-08-04,0204,N20,VIIRS,n,2,289.24,0.79,N,2
43.52557,-5.73071,318.75,0.45,0.39,2024-08-04,0204,N20,VIIRS,n,2,290.9,2.79,N,2
40.57623,0.54239,308.73,0.43,0.38,2024-08-04,0205,N20,VIIRS,n,2,295.93,1.01,N,2
39.07982,-0.57885,330.33,0.42,0.38,2024-08-04,0205,N20,VIIRS,n,2,295.16,6.89,N,0
36.88107,-5.37196,314.32,0.39,0.36,2024-08-04,0206,N20,VIIRS,n,2,293.41,1.67,N,0
37.36145,-5.86307,318.07,0.4,0.37,2024-08-04,0206,N20,VIIRS,n,2,296.47,1.93,N,2
40.01162,-4.81532,344.53,0.44,0.38,2024-08-04,1327,N20,VIIRS,l,2,317.47,7.65,D,0
43.54039,-5.83188,334.49,0.44,0.38,2024-08-04,1328,N20,VIIRS,l,2,309.2,7.38,D,2
43.34751,-8.43779,301.62,0.33,0.55,2024-08-05,0145,N20,VIIRS,n,2,290.32,0.7,N,2
40.57672,0.54177,312.16,0.39,0.36,2024-08-05,0146,N20,VIIRS,n,2,296.34,1.52,N,2
38.37715,-0.54241,308.35,0.4,0.37,2024-08-05,0146,N20,VIIRS,n,2,295.83,0.65,N,2
41.40516,1.99941,312.26,0.38,0.36,2024-08-05,0146,N20,VIIRS,n,2,295.14,1.14,N,2
41.69739,-0.99002,328.84,0.43,0.38,2024-08-05,0146,N20,VIIRS,n,2,293.39,3.14,N,0
41.69673,-0.98484,325.18,0.43,0.38,2024-08-05,0146,N20,VIIRS,n,2,294.84,3.14,N,0
41.66039,-0.92401,310.82,0.43,0.38,2024-08-05,0146,N20,VIIRS,n,2,293.53,1.6,N,0
41.47469,-1.48946,309.01,0.45,0.39,2024-08-05,0146,N20,VIIRS,n,2,292.59,0.63,N,2
41.47499,-1.48579,308.3,0.45,0.39,2024-08-05,0146,N20,VIIRS,n,2,292.87,0.71,N,2
37.13719,-6.3043,346.55,0.45,0.39,2024-08-05,1308,N20,VIIRS,n,2,316.57,13.4,D,0
39.38052,-0.52493,336.89,0.42,0.38,2024-08-05,1308,N20,VIIRS,n,2,308.11,2.47,D,0
39.11018,-6.35833,348.01,0.43,0.38,2024-08-05,1308,N20,VIIRS,l,2,319.95,15.24,D,0
39.10587,-6.36223,354.87,0.43,0.38,2024-08-05,1308,N20,VIIRS,n,2,321.6,15.24,D,0
39.10929,-6.36323,352.44,0.43,0.38,2024-08-05,1308,N20,VIIRS,l,2,327.8,15.24,D,0
39.01592,-1.88564,345.76,0.39,0.36,2024-08-05,1308,N20,VIIRS,n,2,314.48,7.17,D,0
39.01923,-1.88641,342.23,0.39,0.36,2024-08-05,1308,N20,VIIRS,l,2,316.76,7.17,D,0
40.73299,-3.59839,367,0.38,0.36,2024-08-05,1309,N20,VIIRS,h,2,321.79,39.23,D,0
40.72972,-3.59754,348.33,0.38,0.36,2024-08-05,1309,N20,VIIRS,n,2,321.54,14.78,D,0
40.7304,-3.59305,346.14,0.38,0.36,2024-08-05,1309,N20,VIIRS,n,2,317.65,7.56,D,0
40.72905,-3.60203,367,0.38,0.36,2024-08-05,1309,N20,VIIRS,h,2,323.6,14.78,D,0
40.72646,-3.59669,367,0.38,0.36,2024-08-05,1309,N20,VIIRS,l,2,326.53,14.78,D,0
40.72578,-3.60118,353.95,0.38,0.36,2024-08-05,1309,N20,VIIRS,n,2,325.86,14.78,D,0
40.28203,-3.76066,348.43,0.38,0.36,2024-08-05,1309,N20,VIIRS,n,2,317.46,7.74,D,0
40.74348,-3.59646,347.56,0.38,0.36,2024-08-05,1309,N20,VIIRS,n,2,310.18,23.15,D,0
40.73953,-3.6001,343.82,0.38,0.36,2024-08-05,1309,N20,VIIRS,n,2,313.8,8.24,D,0
40.74021,-3.59561,351.99,0.38,0.36,2024-08-05,1309,N20,VIIRS,l,2,326.53,23.15,D,0
40.73626,-3.59925,367,0.38,0.36,2024-08-05,1309,N20,VIIRS,l,2,329.39,39.23,D,0
40.73694,-3.59476,352.78,0.38,0.36,2024-08-05,1309,N20,VIIRS,n,2,323.43,11.56,D,0
40.73559,-3.60374,367,0.38,0.36,2024-08-05,1309,N20,VIIRS,h,2,328.83,39.23,D,0
40.73232,-3.60288,367,0.38,0.36,2024-08-05,1309,N20,VIIRS,l,2,335.22,39.23,D,0
40.73367,-3.5939,355.36,0.38,0.36,2024-08-05,1309,N20,VIIRS,n,2,318.27,11.56,D,0
41.18119,1.23113,309.64,0.53,0.42,2024-08-06,0127,N20,VIIRS,n,2,292.89,1.71,N,2
41.18259,1.23219,305.17,0.53,0.42,2024-08-06,0127,N20,VIIRS,n,2,292.45,0.94,N,2
41.31433,1.65945,302.53,0.51,0.41,2024-08-06,0127,N20,VIIRS,n,2,292.06,1.46,N,2
42.55111,-6.77016,303.96,0.46,0.64,2024-08-06,0127,N20,VIIRS,n,2,288.83,0.69,N,2
37.32389,-6.1251,356.28,0.39,0.59,2024-08-06,0128,N20,VIIRS,n,2,296.2,5.9,N,0
37.21951,-3.61248,316.24,0.57,0.52,2024-08-06,0128,N20,VIIRS,n,2,292.35,1.94,N,0
37.38715,-5.88506,310.94,0.38,0.59,2024-08-06,0128,N20,VIIRS,n,2,294.61,0.82,N,0
38.13194,-3.77175,347.21,0.54,0.42,2024-08-06,1249,N20,VIIRS,n,2,320.31,15.66,D,0
36.78173,-5.94706,344.43,0.49,0.49,2024-08-06,1249,N20,VIIRS,n,2,313.95,7.03,D,0
41.74003,0.64234,347.6,0.38,0.36,2024-08-06,1250,N20,VIIRS,n,2,309.74,7.25,D,0
39.69342,-5.08883,345.33,0.38,0.44,2024-08-06,1250,N20,VIIRS,n,2,310.35,10.51,D,0
39.69927,-5.08091,367,0.38,0.44,2024-08-06,1250,N20,VIIRS,h,2,331.85,41.89,D,0
39.70018,-5.07662,341.68,0.38,0.44,2024-08-06,1250,N20,VIIRS,n,2,304.41,21.58,D,0
39.69829,-5.08551,351.5,0.38,0.44,2024-08-06,1250,N20,VIIRS,n,2,316.51,41.89,D,0
39.6973,-5.09018,354.13,0.38,0.44,2024-08-06,1250,N20,VIIRS,n,2,318.93,10.51,D,0
39.70314,-5.08229,350.11,0.38,0.44,2024-08-06,1250,N20,VIIRS,n,2,316.91,13.43,D,0
39.7071,-5.08329,367,0.38,0.44,2024-08-06,1250,N20,VIIRS,h,2,316.72,13.43,D,0
39.70616,-5.08774,345.68,0.38,0.44,2024-08-06,1250,N20,VIIRS,n,2,314.44,13.43,D,0
39.71111,-5.08405,341.01,0.38,0.44,2024-08-06,1250,N20,VIIRS,n,2,306.69,8.08,D,0
39.71017,-5.08848,354.75,0.38,0.44,2024-08-06,1250,N20,VIIRS,n,2,312.39,8.08,D,0
39.70912,-5.09341,354.94,0.38,0.44,2024-08-06,1250,N20,VIIRS,n,2,317.96,8.64,D,0
39.71305,-5.09453,347.88,0.38,0.44,2024-08-06,1250,N20,VIIRS,n,2,310.91,8.64,D,0
39.71199,-5.09957,343.95,0.39,0.44,2024-08-06,1250,N20,VIIRS,l,2,314.74,8.64,D,0
39.71589,-5.10081,353.34,0.39,0.44,2024-08-06,1250,N20,VIIRS,n,2,320.04,39.14,D,0
39.71484,-5.10578,350.07,0.39,0.44,2024-08-06,1250,N20,VIIRS,l,2,320.54,14.32,D,0
41.30084,2.01099,337.75,0.39,0.36,2024-08-06,1250,N20,VIIRS,n,2,307.06,2.43,D,0
41.31191,1.66164,334.24,0.39,0.36,2024-08-06,1250,N20,VIIRS,l,2,307.37,2.07,D,2
43.03827,-2.21834,296.75,0.48,0.65,2024-08-07,0107,N20,VIIRS,n,2,285.58,0.6,N,2
39.70635,-5.06126,305.7,0.65,0.73,2024-08-07,0108,N20,VIIRS,n,2,293.25,2.62,N,0
39.70623,-5.05399,304.4,0.65,0.73,2024-08-07,0108,N20,VIIRS,n,2,293.05,2.88,N,0
39.70572,-5.0228,310.93,0.64,0.72,2024-08-07,0108,N20,VIIRS,n,2,292.81,1.6,N,0
39.68579,-5.03994,304.71,0.65,0.73,2024-08-07,0108,N20,VIIRS,n,2,291.22,1.36,N,0
39.68567,-5.03171,302.56,0.64,0.72,2024-08-07,0108,N20,VIIRS,n,2,292.5,1.36,N,0
39.67905,-5.0398,306.58,0.65,0.73,2024-08-07,0108,N20,VIIRS,n,2,291.24,1.36,N,0
39.67233,-5.03991,324.15,0.65,0.73,2024-08-07,0108,N20,VIIRS,n,2,291.65,3.45,N,0
39.70646,-5.06815,312.18,0.65,0.73,2024-08-07,0108,N20,VIIRS,n,2,293.74,2.62,N,0
39.71298,-5.05439,308.9,0.65,0.73,2024-08-07,0108,N20,VIIRS,n,2,293.11,2.88,N,0
39.71273,-5.03938,327.15,0.65,0.73,2024-08-07,0108,N20,VIIRS,n,2,294.18,6.94,N,0
39.71286,-5.04731,321.99,0.65,0.73,2024-08-07,0108,N20,VIIRS,n,2,293.63,2.88,N,0
39.71946,-5.03903,338.52,0.65,0.73,2024-08-07,0108,N20,VIIRS,n,2,295.35,25.27,N,0
39.7196,-5.04712,367,0.65,0.73,2024-08-07,0108,N20,VIIRS,h,2,295.74,33.75,N,0
39.7155,-5.0562,307.2,0.65,0.73,2024-08-07,0108,N20,VIIRS,n,2,293.29,9.28,N,0
39.71533,-5.04122,350.34,0.65,0.73,2024-08-07,0108,N20,VIIRS,n,2,297.87,12.52,N,0
39.71542,-5.04902,367,0.65,0.73,2024-08-07,0108,N20,VIIRS,h,2,294.99,12.52,N,0
39.72206,-5.04083,306.43,0.65,0.73,2024-08-07,0108,N20,VIIRS,n,2,292.55,12.52,N,0
39.72216,-5.04893,312.56,0.65,0.73,2024-08-07,0108,N20,VIIRS,n,2,293.71,12.52,N,0
39.66557,-0.24967,304.33,0.36,0.57,2024-08-07,0108,N20,VIIRS,n,2,293.76,0.61,N,0
39.95154,-0.00599,310.81,0.35,0.56,2024-08-07,0108,N20,VIIRS,n,2,295.45,1.61,N,2
40.57718,0.54109,310.04,0.33,0.55,2024-08-07,0108,N20,VIIRS,n,2,292.97,2.2,N,2
37.57068,-0.9215,307.43,0.37,0.58,2024-08-07,0109,N20,VIIRS,n,2,294.81,1.5,N,2
41.31205,1.66057,308.15,0.51,0.66,2024-08-07,0248,N20,VIIRS,n,2,285.45,1.75,N,2
37.56749,-0.91574,310.4,0.49,0.65,2024-08-07,0249,N20,VIIRS,n,2,293.67,2.2,N,2
37.57133,-0.91315,306.61,0.49,0.65,2024-08-07,0249,N20,VIIRS,n,2,293.88,1.26,N,2
39.68429,-5.03431,305.11,0.52,0.5,2024-08-07,0249,N20,VIIRS,n,2,291.77,1.93,N,0
39.70326,-5.07274,304.27,0.52,0.5,2024-08-07,0249,N20,VIIRS,n,2,293.86,2.25,N,0
39.7091,-5.03689,319.73,0.52,0.5,2024-08-07,0249,N20,VIIRS,n,2,293.53,1.78,N,0
39.71189,-5.04849,303.15,0.52,0.5,2024-08-07,0249,N20,VIIRS,n,2,292.31,2.79,N,0
39.71351,-5.03514,303.07,0.52,0.5,2024-08-07,0249,N20,VIIRS,n,2,292.95,1.92,N,0
40.26613,-5.67242,314.36,0.47,0.48,2024-08-07,0249,N20,VIIRS,n,2,290.15,1.53,N,0
40.26422,-5.6691,305.38,0.47,0.48,2024-08-07,0249,N20,VIIRS,n,2,290.23,0.73,N,0
39.7251,-5.04313,344.22,0.52,0.5,2024-08-07,0249,N20,VIIRS,n,2,296.01,7.72,N,0
39.72646,-5.0488,308.12,0.52,0.5,2024-08-07,0249,N20,VIIRS,n,2,293.23,2.91,N,0
39.72207,-5.05062,338.18,0.52,0.5,2024-08-07,0249,N20,VIIRS,n,2,294.65,11.32,N,0
39.72068,-5.04483,352.44,0.52,0.5,2024-08-07,0249,N20,VIIRS,n,2,299.14,7.65,N,0
39.71931,-5.03916,327.37,0.52,0.5,2024-08-07,0249,N20,VIIRS,n,2,294.42,7.65,N,0
39.67547,-5.03788,325.67,0.52,0.5,2024-08-07,0249,N20,VIIRS,n,2,292.06,4.42,N,0
39.67514,-5.03879,309.69,0.52,0.5,2024-08-07,0249,N20,VIIRS,n,2,291.05,1.6,N,0
39.6738,-5.03312,314.83,0.52,0.5,2024-08-07,0249,N20,VIIRS,n,2,291.8,1.59,N,0
39.71489,-5.04086,337.15,0.52,0.5,2024-08-07,0249,N20,VIIRS,n,2,295.95,7.65,N,0
39.71627,-5.04661,339.17,0.52,0.5,2024-08-07,0249,N20,VIIRS,n,2,295.9,7.65,N,0
37.36171,-5.86412,308.2,0.54,0.51,2024-08-07,0250,N20,VIIRS,n,2,295.61,1.22,N,2
37.32121,-6.88885,344.37,0.48,0.64,2024-08-07,1230,N20,VIIRS,n,2,309.11,3.69,D,0
37.32541,-6.89635,345.69,0.48,0.64,2024-08-07,1230,N20,VIIRS,n,2,310.76,4.27,D,0
37.32396,-6.90151,340.77,0.48,0.64,2024-08-07,1230,N20,VIIRS,l,2,311.8,4.2,D,0
38.78513,0.07457,337.86,0.38,0.43,2024-08-07,1230,N20,VIIRS,n,2,304.52,1.17,D,0
37.33383,-6.91134,340.55,0.48,0.64,2024-08-07,1230,N20,VIIRS,l,2,310.94,4.31,D,0
37.33527,-6.90619,353.91,0.48,0.64,2024-08-07,1230,N20,VIIRS,n,2,311.26,4.31,D,0
37.32817,-6.909,343.37,0.48,0.64,2024-08-07,1230,N20,VIIRS,n,2,310.76,4.2,D,0
37.32962,-6.90383,352.39,0.48,0.64,2024-08-07,1230,N20,VIIRS,n,2,311.44,4.2,D,0
37.33105,-6.89873,351.63,0.48,0.64,2024-08-07,1230,N20,VIIRS,n,2,311.75,4.27,D,0
37.33248,-6.89361,339.46,0.48,0.64,2024-08-07,1230,N20,VIIRS,l,2,311.08,4.27,D,0
41.83293,-2.50164,335.92,0.44,0.46,2024-08-07,1231,N20,VIIRS,l,2,307.81,3.62,D,0
41.98115,-0.06777,337,0.51,0.41,2024-08-07,1231,N20,VIIRS,l,2,309.58,4.86,D,0
42.87012,-2.645,338.54,0.42,0.45,2024-08-07,1232,N20,VIIRS,n,2,300.85,4.69,D,0
42.22863,-7.16768,351.94,0.36,0.57,2024-08-07,1232,N20,VIIRS,n,2,295.08,5.77,D,0
42.2277,-7.17111,329.53,0.36,0.57,2024-08-07,1232,N20,VIIRS,n,2,297.59,4.85,D,0
39.99538,-0.23207,300.08,0.64,0.72,2024-08-08,0049,N20,VIIRS,n,2,289.63,0.73,N,0
41.31228,1.66014,311.88,0.6,0.53,2024-08-08,0229,N20,VIIRS,n,2,293.11,2.75,N,2
41.31313,1.66084,312.14,0.6,0.53,2024-08-08,0229,N20,VIIRS,n,2,293.05,1.87,N,2
43.3479,-8.43618,306.77,0.38,0.36,2024-08-08,0229,N20,VIIRS,n,2,289.15,0.67,N,2
41.47333,-1.48673,303.57,0.42,0.45,2024-08-08,0230,N20,VIIRS,n,2,292.53,0.68,N,2
42.55145,-6.76623,301.86,0.4,0.37,2024-08-08,0230,N20,VIIRS,n,2,290.37,0.41,N,2
38.08704,-1.21499,313.02,0.51,0.49,2024-08-08,0230,N20,VIIRS,n,2,294.08,1.95,N,0
38.29661,-6.90025,307.07,0.43,0.38,2024-08-08,0231,N20,VIIRS,n,2,292,0.42,N,0
38.29501,-6.9028,304.21,0.43,0.38,2024-08-08,0231,N20,VIIRS,n,2,292.12,0.63,N,0
37.36135,-5.86592,310.77,0.48,0.4,2024-08-08,0231,N20,VIIRS,n,2,296.48,1.58,N,2
37.84772,-4.45952,312.72,0.54,0.42,2024-08-08,0231,N20,VIIRS,n,2,293.41,1.56,N,0
37.88887,-4.28704,309.01,0.55,0.42,2024-08-08,0231,N20,VIIRS,n,2,294.52,1.71,N,0
36.33294,-5.85122,340.39,0.79,0.78,2024-08-08,1211,N20,VIIRS,n,2,301.51,9.15,D,0
36.33974,-5.85423,337.92,0.79,0.78,2024-08-08,1211,N20,VIIRS,n,2,300.99,9.15,D,0
38.81781,-6.83923,340.17,0.75,0.77,2024-08-08,1212,N20,VIIRS,n,2,301.71,5.33,D,0
38.7529,-7.13042,355.97,0.78,0.78,2024-08-08,1212,N20,VIIRS,l,2,303.96,14.09,D,0
38.75011,-7.13885,355.35,0.78,0.78,2024-08-08,1212,N20,VIIRS,l,2,302.13,14.09,D,0
38.7566,-7.14279,367,0.78,0.78,2024-08-08,1212,N20,VIIRS,h,2,302.02,12.82,D,0
38.75936,-7.13443,356.22,0.78,0.78,2024-08-08,1212,N20,VIIRS,l,2,304.5,12.82,D,0
38.51176,-1.46544,338.83,0.41,0.61,2024-08-08,1212,N20,VIIRS,n,2,306.43,2.58,D,0
37.82984,-3.79426,339.51,0.56,0.69,2024-08-08,1212,N20,VIIRS,n,2,308.17,2.68,D,0
37.82216,-3.7824,339.49,0.56,0.69,2024-08-08,1212,N20,VIIRS,n,2,309.6,3.27,D,0
36.5521,-5.89821,336.73,0.79,0.78,2024-08-08,1212,N20,VIIRS,n,2,301.52,5.19,D,0
37.88653,-4.28353,334.53,0.59,0.7,2024-08-08,1212,N20,VIIRS,l,2,308.83,5.52,D,0
37.25478,-5.98643,343.9,0.47,0.48,2024-08-08,1352,N20,VIIRS,n,2,309.7,4.77,D,0
37.25433,-5.9917,334.39,0.47,0.48,2024-08-08,1352,N20,VIIRS,l,2,308.25,4.77,D,0
37.25943,-2.00571,354.71,0.39,0.59,2024-08-08,1352,N20,VIIRS,n,2,305.83,8.87,D,0
37.88543,-4.27727,350.4,0.59,0.53,2024-08-08,1352,N20,VIIRS,n,2,316.53,10.74,D,0
37.88715,-4.27704,349.24,0.59,0.53,2024-08-08,1352,N20,VIIRS,n,2,317.21,12.79,D,0
40.24422,-3.47557,307.83,0.39,0.36,2024-08-09,0211,N20,VIIRS,n,2,297.57,0.98,N,2
42.55435,-6.76954,305.18,0.42,0.38,2024-08-09,0211,N20,VIIRS,n,2,292.85,0.84,N,2
41.64825,-0.76777,304.07,0.43,0.38,2024-08-09,0211,N20,VIIRS,n,2,293.84,0.65,N,0
41.31159,1.66412,317.05,0.53,0.42,2024-08-09,0211,N20,VIIRS,n,2,294.82,1.75,N,2
41.315,1.66002,310.39,0.53,0.42,2024-08-09,0211,N20,VIIRS,n,2,293.59,2.52,N,2
41.40681,1.99916,308.29,0.55,0.43,2024-08-09,0211,N20,VIIRS,n,2,294.65,1.42,N,2
42.17867,-1.19775,334.08,0.41,0.37,2024-08-09,0211,N20,VIIRS,n,2,293.81,4.87,N,0
43.34618,-8.43397,314.56,0.49,0.4,2024-08-09,0211,N20,VIIRS,n,2,290.6,1.57,N,2
41.47341,-1.48551,305.65,0.41,0.37,2024-08-09,0211,N20,VIIRS,n,2,293.83,0.85,N,2
38.69912,-6.50004,304.91,0.39,0.37,2024-08-09,0212,N20,VIIRS,n,2,293.23,0.81,N,0
38.66647,-4.05375,306.64,0.39,0.36,2024-08-09,0212,N20,VIIRS,n,2,296.29,2.15,N,2
37.36047,-5.86611,310.63,0.38,0.36,2024-08-09,0212,N20,VIIRS,n,2,296,1.32,N,2
41.27354,1.28096,335.21,0.43,0.62,2024-08-09,1154,N20,VIIRS,n,2,301.16,10.14,D,0
41.27211,1.27604,354.46,0.43,0.62,2024-08-09,1154,N20,VIIRS,n,2,307.02,10.14,D,0
41.27456,1.27645,367,0.43,0.62,2024-08-09,1154,N20,VIIRS,h,2,305.72,14.18,D,0
39.27085,-5.19527,347.39,0.48,0.4,2024-08-09,1333,N20,VIIRS,l,2,318.19,15.09,D,0
37.61372,-5.48832,346.74,0.45,0.39,2024-08-09,1333,N20,VIIRS,l,2,320.4,11.12,D,0
39.27418,-5.19265,349.12,0.48,0.4,2024-08-09,1333,N20,VIIRS,n,2,317.78,29.43,D,0
39.27451,-5.19597,347.47,0.48,0.4,2024-08-09,1333,N20,VIIRS,n,2,317.01,15.09,D,0
39.2715,-5.18975,339.81,0.48,0.4,2024-08-09,1333,N20,VIIRS,l,2,314.74,15.09,D,0
41.94897,1.07756,356.07,0.35,0.57,2024-08-09,1334,N20,VIIRS,n,2,303.22,34.52,D,0
41.94872,1.07268,304.76,0.35,0.56,2024-08-09,1334,N20,VIIRS,l,2,318.32,34.52,D,0
42.17709,-1.19378,342.42,0.53,0.5,2024-08-09,1334,N20,VIIRS,n,2,306.33,7.59,D,0
42.13117,-3.95699,347.41,0.39,0.44,2024-08-09,1334,N20,VIIRS,n,2,318.27,23.9,D,0
42.13474,-3.96241,342.29,0.39,0.44,2024-08-09,1334,N20,VIIRS,n,2,316.04,23.9,D,0
42.13519,-3.95768,367,0.39,0.44,2024-08-09,1334,N20,VIIRS,l,2,325.31,23.9,D,0
41.27466,1.27712,367,0.35,0.57,2024-08-09,1334,N20,VIIRS,h,2,305.38,12.67,D,0
41.94352,1.07353,331.72,0.35,0.56,2024-08-09,1334,N20,VIIRS,l,2,304.45,34.52,D,0
42.55215,-6.76894,302.89,0.44,0.46,2024-08-10,0152,N20,VIIRS,n,2,291.36,1.08,N,2
42.17856,-1.19927,316.11,0.4,0.37,2024-08-10,0152,N20,VIIRS,n,2,293.64,2.07,N,0
41.50091,-5.68633,331.83,0.57,0.43,2024-08-10,0152,N20,VIIRS,n,2,293.64,5.53,N,0
42.17789,-1.19444,326.17,0.4,0.37,2024-08-10,0152,N20,VIIRS,n,2,293.77,2.07,N,0
43.03658,-2.21668,303.94,0.43,0.38,2024-08-10,0152,N20,VIIRS,n,2,291.06,0.7,N,2
43.3485,-8.43791,301.41,0.54,0.51,2024-08-10,0152,N20,VIIRS,n,2,290.32,1.07,N,2
41.47505,-1.48596,311.8,0.4,0.37,2024-08-10,0152,N20,VIIRS,n,2,295.26,1.72,N,2
41.27452,1.27415,341.77,0.39,0.36,2024-08-10,0152,N20,VIIRS,n,2,293.39,5.35,N,0
41.31319,1.66494,311.21,0.39,0.36,2024-08-10,0152,N20,VIIRS,n,2,294.73,1.21,N,2
41.31395,1.66039,310.42,0.39,0.36,2024-08-10,0152,N20,VIIRS,n,2,293.54,1.42,N,2
40.57855,0.54112,310.06,0.38,0.36,2024-08-10,0152,N20,VIIRS,n,2,295.33,1.54,N,2
41.40737,2.00129,304.89,0.39,0.36,2024-08-10,0152,N20,VIIRS,n,2,293.79,0.69,N,2
41.40815,1.99665,306.77,0.39,0.36,2024-08-10,0152,N20,VIIRS,n,2,293.18,0.69,N,2
38.37639,-0.54301,314.39,0.38,0.36,2024-08-10,0153,N20,VIIRS,n,2,297.26,1.45,N,2
37.36856,-2.97199,344.8,0.39,0.36,2024-08-10,1314,N20,VIIRS,n,2,315.58,5.29,D,0
38.63448,-5.75204,346.9,0.39,0.36,2024-08-10,1314,N20,VIIRS,n,2,318.75,10.17,D,0
38.6312,-5.75118,367,0.39,0.36,2024-08-10,1314,N20,VIIRS,l,2,360.02,220.53,D,0
38.63049,-5.75561,367,0.39,0.36,2024-08-10,1314,N20,VIIRS,h,2,333.79,62.43,D,0
37.58454,-2.66989,348.5,0.4,0.37,2024-08-10,1314,N20,VIIRS,n,2,320.46,10.47,D,0
41.92164,0.18233,338.48,0.54,0.42,2024-08-10,1315,N20,VIIRS,l,2,313.25,4.55,D,2
41.33547,-1.17165,338.84,0.47,0.4,2024-08-10,1315,N20,VIIRS,l,2,312.32,3.6,D,0
39.77309,-3.18082,342.43,0.4,0.37,2024-08-10,1315,N20,VIIRS,l,2,315.67,2.32,D,0
38.7788,-6.78037,346.47,0.4,0.37,2024-08-10,1315,N20,VIIRS,l,2,320.45,12.14,D,0
43.53781,-5.83139,331.95,0.39,0.36,2024-08-10,1316,N20,VIIRS,n,2,301.76,3.57,D,2
42.20302,-1.06781,338.83,0.39,0.44,2024-08-11,0133,N20,VIIRS,n,2,300.59,9.98,N,0
40.03802,-3.63501,324.55,0.5,0.49,2024-08-11,0133,N20,VIIRS,n,2,294.13,3.68,N,0
40.57835,0.54054,309.12,0.48,0.4,2024-08-11,0133,N20,VIIRS,n,2,295.52,1.95,N,2
41.31145,1.66048,310.87,0.45,0.39,2024-08-11,0133,N20,VIIRS,n,2,294.12,1.59,N,2
41.31499,1.66126,309.39,0.45,0.39,2024-08-11,0133,N20,VIIRS,n,2,294.99,0.89,N,2
42.0262,-0.98745,305.79,0.39,0.44,2024-08-11,0133,N20,VIIRS,n,2,295.28,1.04,N,0
42.55223,-6.77011,308.85,0.38,0.59,2024-08-11,0133,N20,VIIRS,n,2,291.52,0.95,N,2
42.17827,-1.19727,307.61,0.4,0.44,2024-08-11,0133,N20,VIIRS,n,2,295.59,1.14,N,0
42.20239,-1.06493,308.93,0.39,0.44,2024-08-11,0133,N20,VIIRS,n,2,296.03,12.72,N,0
42.20286,-1.06967,355.89,0.39,0.44,2024-08-11,0133,N20,VIIRS,n,2,299.87,12.72,N,0
42.2069,-1.06897,354.46,0.39,0.44,2024-08-11,0133,N20,VIIRS,n,2,298.98,12.72,N,0
42.20347,-1.07263,339.95,0.39,0.44,2024-08-11,0133,N20,VIIRS,n,2,299.33,9.98,N,0
42.20705,-1.06709,311.09,0.39,0.44,2024-08-11,0133,N20,VIIRS,n,2,295.09,9.98,N,0
42.2075,-1.07195,332.12,0.39,0.44,2024-08-11,0133,N20,VIIRS,n,2,295,9.98,N,0
43.03554,-2.21866,306.17,0.45,0.47,2024-08-11,0133,N20,VIIRS,n,2,292.31,0.98,N,2
37.79135,-3.14978,323.96,0.44,0.46,2024-08-11,0134,N20,VIIRS,n,2,299.19,3.86,N,0
37.41637,-6.37128,313.7,0.33,0.55,2024-08-11,0134,N20,VIIRS,n,2,294.61,0.64,N,0
37.41339,-6.37126,316.61,0.33,0.55,2024-08-11,0134,N20,VIIRS,n,2,294.45,0.84,N,0
37.36084,-6.67489,306.43,0.34,0.56,2024-08-11,0134,N20,VIIRS,n,2,294.48,0.79,N,2
40.02201,-4.55316,322.75,0.56,0.51,2024-08-11,0134,N20,VIIRS,n,2,294.54,3.45,N,0
37.79563,-3.14921,319.43,0.44,0.46,2024-08-11,0134,N20,VIIRS,n,2,298.77,3.42,N,0
37.56898,-0.918,307.03,0.51,0.41,2024-08-11,0134,N20,VIIRS,n,2,296.12,2.35,N,2
38.77998,-6.76389,304.31,0.36,0.57,2024-08-11,0134,N20,VIIRS,n,2,294.26,1.1,N,0
38.37563,-0.54448,305.91,0.51,0.41,2024-08-11,0134,N20,VIIRS,n,2,295.5,0.87,N,2
40.02676,-4.55264,322.67,0.56,0.51,2024-08-11,0134,N20,VIIRS,n,2,294.68,4.24,N,0
40.01123,-4.60143,337.76,0.56,0.51,2024-08-11,0134,N20,VIIRS,n,2,295.37,6.82,N,0
42.20378,-1.06359,302.16,0.71,0.75,2024-08-11,0313,N20,VIIRS,n,2,291.06,2.54,N,0
42.20658,-1.06844,312.94,0.71,0.75,2024-08-11,0313,N20,VIIRS,n,2,291.61,1.53,N,0
42.20642,-1.07137,319.49,0.71,0.75,2024-08-11,0313,N20,VIIRS,n,2,291.63,2.54,N,0
39.51746,-3.76739,313.03,0.64,0.72,2024-08-11,0314,N20,VIIRS,n,2,289.92,1.94,N,0
40.23187,-4.28981,314.27,0.58,0.69,2024-08-11,0314,N20,VIIRS,n,2,290.53,1.37,N,0
40.22987,-4.28335,301.89,0.58,0.69,2024-08-11,0314,N20,VIIRS,n,2,290.45,1.37,N,0
39.51968,-3.77439,300.11,0.64,0.72,2024-08-11,0314,N20,VIIRS,n,2,289.42,1.94,N,0
37.4143,-6.36987,304.19,0.55,0.68,2024-08-11,0315,N20,VIIRS,n,2,293.71,0.85,N,0
37.31589,-5.7776,344.62,0.39,0.44,2024-08-11,1255,N20,VIIRS,n,2,312.31,20.41,D,0
37.31501,-5.78188,344.99,0.39,0.44,2024-08-11,1255,N20,VIIRS,l,2,318.64,20.41,D,0
41.40541,2.00132,330.18,0.42,0.38,2024-08-11,1256,N20,VIIRS,l,2,305.11,2.65,D,2
38.42498,-6.42605,348.96,0.4,0.44,2024-08-11,1256,N20,VIIRS,n,2,322.63,23.06,D,0
38.42401,-6.43059,345.59,0.4,0.44,2024-08-11,1256,N20,VIIRS,n,2,320.27,23.06,D,0
38.42892,-6.42737,367,0.4,0.44,2024-08-11,1256,N20,VIIRS,h,2,341.29,64.86,D,0
38.42794,-6.43194,344.51,0.4,0.44,2024-08-11,1256,N20,VIIRS,n,2,318.93,64.86,D,0
38.77703,-6.75484,346.6,0.41,0.45,2024-08-11,1256,N20,VIIRS,n,2,316.57,7.26,D,0
40.38378,-0.96449,348.32,0.39,0.36,2024-08-11,1256,N20,VIIRS,n,2,317.4,48.16,D,0
40.38704,-0.96536,367,0.39,0.36,2024-08-11,1256,N20,VIIRS,h,2,354.74,48.16,D,0
40.38634,-0.96984,367,0.39,0.36,2024-08-11,1256,N20,VIIRS,l,2,344.39,58.36,D,0
40.39031,-0.96622,367,0.39,0.36,2024-08-11,1256,N20,VIIRS,h,2,365.74,80.32,D,0
40.38961,-0.97071,367,0.39,0.36,2024-08-11,1256,N20,VIIRS,h,2,346.48,104.86,D,0
40.38891,-0.97519,367,0.39,0.36,2024-08-11,1256,N20,VIIRS,h,2,333.1,104.86,D,0
40.39101,-0.96174,367,0.39,0.36,2024-08-11,1256,N20,VIIRS,l,2,330.69,80.32,D,0
40.39357,-0.96709,367,0.39,0.36,2024-08-11,1256,N20,VIIRS,h,2,359.88,80.32,D,0
40.39287,-0.97158,367,0.39,0.36,2024-08-11,1256,N20,VIIRS,h,2,357.49,104.86,D,0
40.39217,-0.97606,367,0.39,0.36,2024-08-11,1256,N20,VIIRS,h,2,329.54,104.86,D,0
40.39427,-0.9626,345.63,0.39,0.36,2024-08-11,1256,N20,VIIRS,n,2,315.73,80.32,D,0
40.39684,-0.96797,354.37,0.39,0.36,2024-08-11,1256,N20,VIIRS,n,2,307.58,21.2,D,0
41.31334,1.66466,336.18,0.41,0.37,2024-08-11,1256,N20,VIIRS,l,2,309.92,3.28,D,2
41.66402,-0.80726,344.2,0.38,0.36,2024-08-11,1256,N20,VIIRS,l,2,318.24,3.58,D,0
43.52486,-5.73114,346.23,0.45,0.39,2024-08-11,1257,N20,VIIRS,n,2,311.56,33.87,D,2
41.65974,-6.33906,309.6,0.64,0.72,2024-08-12,0114,N20,VIIRS,n,2,290.56,2.34,N,0
42.55697,-6.7713,299.85,0.68,0.74,2024-08-12,0114,N20,VIIRS,n,2,289.14,1.15,N,0
41.3129,1.6594,313.18,0.48,0.48,2024-08-12,0114,N20,VIIRS,n,2,293.28,2.45,N,2
41.31381,1.66416,316.1,0.48,0.48,2024-08-12,0114,N20,VIIRS,n,2,294.2,1.57,N,2
41.67004,-6.33843,299.86,0.64,0.72,2024-08-12,0114,N20,VIIRS,n,2,289.36,2.13,N,0
41.66993,-6.32997,317.2,0.64,0.72,2024-08-12,0114,N20,VIIRS,n,2,291.81,3.41,N,0
41.65664,-6.33875,309.35,0.64,0.72,2024-08-12,0114,N20,VIIRS,n,2,290.08,3.33,N,0
41.67307,-6.33029,315.85,0.64,0.72,2024-08-12,0114,N20,VIIRS,n,2,290.35,4.2,N,0
39.78826,-2.95963,321.07,0.41,0.61,2024-08-12,0115,N20,VIIRS,n,2,293.17,1.9,N,0
39.29929,-5.26423,307.66,0.54,0.68,2024-08-12,0115,N20,VIIRS,n,2,292.94,1.69,N,0
39.29913,-5.25842,306.99,0.54,0.68,2024-08-12,0115,N20,VIIRS,n,2,293.62,1.64,N,0
41.40952,1.99576,302.39,0.63,0.72,2024-08-12,0254,N20,VIIRS,n,2,291.24,0.56,N,2
41.40881,1.99876,303.24,0.63,0.72,2024-08-12,0254,N20,VIIRS,n,2,291.8,0.7,N,2
41.317,1.65991,308.7,0.61,0.71,2024-08-12,0254,N20,VIIRS,n,2,291.17,2.05,N,2
39.30288,-5.25839,318.47,0.63,0.54,2024-08-12,0255,N20,VIIRS,n,2,293.38,2.8,N,0
41.66809,-6.33007,306.72,0.49,0.48,2024-08-12,0255,N20,VIIRS,n,2,291.6,5.74,N,0
41.67105,-6.32274,308.95,0.49,0.48,2024-08-12,0255,N20,VIIRS,n,2,289.9,5.74,N,0
41.67234,-6.32823,339.14,0.49,0.48,2024-08-12,0255,N20,VIIRS,n,2,291.96,5.74,N,0
39.30142,-5.25879,318.38,0.63,0.54,2024-08-12,0255,N20,VIIRS,n,2,293.65,2.65,N,0
39.78993,-2.9619,313.34,0.4,0.6,2024-08-12,0255,N20,VIIRS,n,2,290.85,1.26,N,0
38.88952,-6.59967,327.91,0.55,0.51,2024-08-12,0256,N20,VIIRS,n,2,293.39,15.05,N,0
38.88649,-6.60752,314.95,0.55,0.51,2024-08-12,0256,N20,VIIRS,n,2,292.43,10.14,N,0
38.891,-6.60574,338.06,0.55,0.51,2024-08-12,0256,N20,VIIRS,n,2,294.22,10.14,N,0
40.14048,-4.09694,345.63,0.48,0.48,2024-08-12,1237,N20,VIIRS,n,2,313.19,7.49,D,0
39.04118,-6.75677,345.46,0.35,0.57,2024-08-12,1237,N20,VIIRS,n,2,311.12,9.32,D,0
39.04219,-6.75289,367,0.35,0.57,2024-08-12,1237,N20,VIIRS,h,2,313.09,9.32,D,0
39.04321,-6.74901,367,0.35,0.57,2024-08-12,1237,N20,VIIRS,h,2,314.51,19.22,D,0
38.88933,-6.60314,367,0.35,0.56,2024-08-12,1237,N20,VIIRS,h,2,312.01,6.53,D,0
38.82623,-6.59252,343.52,0.35,0.56,2024-08-12,1237,N20,VIIRS,n,2,310.64,2.51,D,0
38.82723,-6.58867,340.87,0.35,0.56,2024-08-12,1237,N20,VIIRS,n,2,310.19,3.02,D,0
39.44306,-0.41647,337.88,0.5,0.41,2024-08-12,1237,N20,VIIRS,n,2,308.57,4.12,D,0
40.37264,-3.2718,343.49,0.43,0.46,2024-08-12,1237,N20,VIIRS,n,2,311.95,4.97,D,0
38.82946,-6.59085,336.37,0.35,0.56,2024-08-12,1237,N20,VIIRS,l,2,309.74,2.9,D,0
37.43824,-6.12066,343.2,0.36,0.57,2024-08-12,1237,N20,VIIRS,n,2,311.51,3.3,D,0
42.3489,-3.64322,331.4,0.41,0.45,2024-08-12,1238,N20,VIIRS,l,2,305.13,4,D,0
38.88895,-6.60007,337.7,0.5,0.66,2024-08-12,1418,N20,VIIRS,n,2,306.34,6.43,D,0
38.88824,-6.59944,335.15,0.5,0.66,2024-08-12,1418,N20,VIIRS,l,2,306.2,4.83,D,0
38.61795,-2.80629,308.85,0.5,0.49,2024-08-13,0237,N20,VIIRS,n,2,291.43,1.1,N,0
38.61528,-2.8084,314.93,0.5,0.49,2024-08-13,0237,N20,VIIRS,n,2,290.98,1.29,N,0
38.88922,-6.60494,322.45,0.49,0.4,2024-08-13,0237,N20,VIIRS,n,2,292.21,2.85,N,0
37.56945,-0.91657,309.97,0.33,0.55,2024-08-13,0237,N20,VIIRS,n,2,294.82,0.88,N,2
37.35857,-5.86499,305.3,0.56,0.43,2024-08-13,0237,N20,VIIRS,n,2,294.31,0.99,N,2
38.37653,-0.54481,304.8,0.33,0.55,2024-08-13,0237,N20,VIIRS,n,2,292.69,0.73,N,2
38.19892,-1.27879,332.88,0.34,0.56,2024-08-13,1218,N20,VIIRS,n,2,302.56,2.08,D,0
38.26048,-1.35581,337.27,0.34,0.56,2024-08-13,1218,N20,VIIRS,l,2,308.81,5.23,D,0
38.19994,-1.28008,335,0.34,0.56,2024-08-13,1218,N20,VIIRS,n,2,304.83,0.93,D,0
40.24578,-3.47484,302.2,0.41,0.37,2024-08-14,0217,N20,VIIRS,n,2,290.92,0.74,N,2
43.54029,-5.831,295.2,0.39,0.36,2024-08-14,0217,N20,VIIRS,n,2,284.15,0.73,N,2
42.55378,-6.76671,303.66,0.39,0.36,2024-08-14,0217,N20,VIIRS,n,2,288.63,0.93,N,2
36.77793,-3.72296,353.57,0.44,0.39,2024-08-14,0218,N20,VIIRS,n,2,305.12,15.43,N,0
36.77974,-3.73271,331.69,0.44,0.39,2024-08-14,0218,N20,VIIRS,n,2,299.65,3.39,N,0
36.77886,-3.72795,321.97,0.44,0.39,2024-08-14,0218,N20,VIIRS,n,2,298.65,3.39,N,0
36.77898,-3.74834,337.49,0.44,0.39,2024-08-14,0218,N20,VIIRS,n,2,302.89,26.47,N,0
36.77803,-3.7432,350.69,0.44,0.39,2024-08-14,0218,N20,VIIRS,n,2,306.06,14.53,N,0
36.77712,-3.73831,341.18,0.44,0.39,2024-08-14,0218,N20,VIIRS,n,2,303.91,14.53,N,0
36.77625,-3.73363,348.44,0.44,0.39,2024-08-14,0218,N20,VIIRS,n,2,312.18,23.18,N,0
36.77539,-3.72899,340.53,0.44,0.39,2024-08-14,0218,N20,VIIRS,n,2,304.27,23.18,N,0
36.77447,-3.72406,349.75,0.44,0.39,2024-08-14,0218,N20,VIIRS,n,2,301.89,7.63,N,0
36.78062,-3.73742,322.62,0.44,0.39,2024-08-14,0218,N20,VIIRS,n,2,301.42,4.87,N,0
36.78153,-3.74232,334.59,0.44,0.39,2024-08-14,0218,N20,VIIRS,n,2,303,4.87,N,0
36.78246,-3.74732,367,0.44,0.39,2024-08-14,0218,N20,VIIRS,h,2,331.05,93.28,N,0
36.78345,-3.75272,333.03,0.44,0.39,2024-08-14,0218,N20,VIIRS,n,2,297.39,93.28,N,0
36.78139,-3.72186,355.54,0.44,0.39,2024-08-14,0218,N20,VIIRS,n,2,304.79,15.43,N,0
36.78234,-3.72698,335.52,0.44,0.39,2024-08-14,0218,N20,VIIRS,n,2,299.66,3.39,N,0
36.78325,-3.73188,320.68,0.44,0.39,2024-08-14,0218,N20,VIIRS,n,2,298.64,3.39,N,0
36.78414,-3.73669,320.55,0.44,0.39,2024-08-14,0218,N20,VIIRS,n,2,298.15,4.87,N,0
36.78503,-3.7415,341.04,0.44,0.39,2024-08-14,0218,N20,VIIRS,n,2,302.4,4.87,N,0
36.78593,-3.74632,367,0.44,0.39,2024-08-14,0218,N20,VIIRS,h,2,346.66,93.28,N,0
36.78689,-3.75152,327.35,0.44,0.39,2024-08-14,0218,N20,VIIRS,n,2,322.97,93.28,N,0
36.78675,-3.73104,318.76,0.44,0.39,2024-08-14,0218,N20,VIIRS,n,2,297.25,4.52,N,0
36.78765,-3.73588,309.86,0.44,0.39,2024-08-14,0218,N20,VIIRS,n,2,297.1,2.43,N,0
36.79035,-3.75047,318.11,0.44,0.39,2024-08-14,0218,N20,VIIRS,n,2,297.03,27.72,N,0
36.78853,-3.74061,330.29,0.44,0.39,2024-08-14,0218,N20,VIIRS,n,2,300.51,2.43,N,0
36.78942,-3.74542,340.05,0.44,0.39,2024-08-14,0218,N20,VIIRS,n,2,324.92,27.72,N,0
36.79204,-3.7398,310.85,0.44,0.39,2024-08-14,0218,N20,VIIRS,n,2,297.54,2.43,N,0
36.79293,-3.7446,317.57,0.44,0.39,2024-08-14,0218,N20,VIIRS,n,2,297.68,27.72,N,0
36.79643,-3.74376,311.47,0.44,0.39,2024-08-14,0218,N20,VIIRS,n,2,296.8,2.18,N,0
37.29712,-6.03958,344.27,0.39,0.36,2024-08-14,0218,N20,VIIRS,n,2,296.27,6.01,N,0
37.36087,-5.86701,304.68,0.39,0.36,2024-08-14,0218,N20,VIIRS,n,2,292.96,0.48,N,2
37.00157,-3.68354,304.33,0.44,0.39,2024-08-14,0218,N20,VIIRS,n,2,292.94,31.55,N,0
37.00248,-3.68846,350.81,0.44,0.39,2024-08-14,0218,N20,VIIRS,n,2,302.48,31.55,N,0
36.76315,-3.72227,345.19,0.45,0.39,2024-08-14,0218,N20,VIIRS,n,2,303.03,19.71,N,0
36.76403,-3.72704,344.25,0.44,0.39,2024-08-14,0218,N20,VIIRS,n,2,297.93,19.71,N,0
36.76566,-3.71611,307.94,0.45,0.39,2024-08-14,0218,N20,VIIRS,n,2,296.91,6.54,N,0
37.00594,-3.68744,297.58,0.44,0.39,2024-08-14,0218,N20,VIIRS,n,2,287.08,0.82,N,0
38.32161,-6.7178,307.65,0.38,0.36,2024-08-14,0218,N20,VIIRS,n,2,291.23,0.85,N,0
38.38025,-6.48373,299.63,0.38,0.36,2024-08-14,0218,N20,VIIRS,n,2,289.59,0.71,N,2
38.88671,-6.60255,300.58,0.38,0.36,2024-08-14,0218,N20,VIIRS,n,2,290.17,0.3,N,0
38.67397,-4.06704,305.3,0.41,0.37,2024-08-14,0218,N20,VIIRS,n,2,289.17,0.89,N,0
39.98498,-4.39293,300.73,0.4,0.37,2024-08-14,0218,N20,VIIRS,n,2,289.64,0.28,N,0
39.80212,-2.42542,297.49,0.45,0.39,2024-08-14,0218,N20,VIIRS,n,2,280.68,1.46,N,0
39.80113,-2.42027,329.33,0.45,0.39,2024-08-14,0218,N20,VIIRS,n,2,279.71,3.18,N,0
36.77011,-3.74003,313.78,0.44,0.39,2024-08-14,0218,N20,VIIRS,n,2,298.67,6.3,N,0
36.76661,-3.72121,342.52,0.45,0.39,2024-08-14,0218,N20,VIIRS,n,2,311.95,19.71,N,0
36.76753,-3.72617,346.3,0.44,0.39,2024-08-14,0218,N20,VIIRS,n,2,300.94,19.71,N,0
36.76841,-3.7309,352.16,0.44,0.39,2024-08-14,0218,N20,VIIRS,n,2,302.28,14.01,N,0
36.76925,-3.7354,346.2,0.44,0.39,2024-08-14,0218,N20,VIIRS,n,2,301.99,14.01,N,0
36.77105,-3.74505,342.84,0.44,0.39,2024-08-14,0218,N20,VIIRS,n,2,299.38,6.3,N,0
36.77008,-3.72015,345.96,0.45,0.39,2024-08-14,0218,N20,VIIRS,n,2,301.97,7.63,N,0
36.77102,-3.72521,347.67,0.44,0.39,2024-08-14,0218,N20,VIIRS,n,2,301.69,7.63,N,0
36.77192,-3.73005,355.03,0.44,0.39,2024-08-14,0218,N20,VIIRS,n,2,314.51,23.18,N,0
36.77274,-3.73446,355.94,0.44,0.39,2024-08-14,0218,N20,VIIRS,n,2,310.04,23.18,N,0
36.77361,-3.7391,354.91,0.44,0.39,2024-08-14,0218,N20,VIIRS,n,2,306.98,14.53,N,0
36.77454,-3.74414,355.41,0.44,0.39,2024-08-14,0218,N20,VIIRS,n,2,305.72,14.53,N,0
36.77352,-3.71895,318.43,0.45,0.39,2024-08-14,0218,N20,VIIRS,n,2,298.11,7.63,N,0
28.42537,-16.37084,309.84,0.45,0.47,2024-08-14,0221,N20,VIIRS,n,2,294.19,1.13,N,0
28.4231,-16.36882,309.05,0.45,0.47,2024-08-14,0221,N20,VIIRS,n,2,293.67,1.4,N,0
37.0476,-6.12378,334.78,0.48,0.4,2024-08-14,1339,N20,VIIRS,l,2,308.93,4.97,D,0
37.00164,-3.65925,345.33,0.42,0.45,2024-08-14,1339,N20,VIIRS,n,2,313.87,14.95,D,0
37.00114,-3.66425,351.68,0.42,0.45,2024-08-14,1339,N20,VIIRS,l,2,327.13,42.95,D,0
36.997,-3.66353,348.61,0.42,0.45,2024-08-14,1339,N20,VIIRS,n,2,320.4,18.7,D,0
36.99877,-3.66138,367,0.42,0.45,2024-08-14,1339,N20,VIIRS,l,2,334.73,36.63,D,0
37.00293,-3.66207,349.72,0.42,0.45,2024-08-14,1339,N20,VIIRS,n,2,314.65,36.63,D,0
36.95303,-3.85553,342.02,0.41,0.45,2024-08-14,1339,N20,VIIRS,n,2,307.97,5.55,D,0
36.99652,-3.68592,345.35,0.42,0.45,2024-08-14,1339,N20,VIIRS,l,2,318.96,9.12,D,0
37.00247,-3.66702,354.27,0.42,0.45,2024-08-14,1339,N20,VIIRS,n,2,320.91,36.63,D,0
37.00068,-3.68659,347.04,0.42,0.45,2024-08-14,1339,N20,VIIRS,l,2,320.71,9.12,D,0
37.04696,-6.12919,337.85,0.48,0.4,2024-08-14,1339,N20,VIIRS,n,2,304.2,4.97,D,0
37.14889,-6.21038,345.36,0.48,0.4,2024-08-14,1339,N20,VIIRS,n,2,310.18,8.57,D,0
36.99749,-3.65853,367,0.42,0.45,2024-08-14,1339,N20,VIIRS,h,2,336.11,50.64,D,0
36.99798,-3.6535,336.29,0.42,0.45,2024-08-14,1339,N20,VIIRS,n,2,310.56,50.64,D,0
38.35714,-6.32266,339.51,0.49,0.4,2024-08-14,1340,N20,VIIRS,l,2,314.07,4.05,D,0
43.34474,-8.43415,327.32,0.46,0.39,2024-08-14,1341,N20,VIIRS,l,2,300.6,2.48,D,0
42.66015,-8.65227,301.56,0.46,0.47,2024-08-15,0158,N20,VIIRS,n,2,287.54,1.23,N,0
43.52723,-5.73172,302.2,0.51,0.41,2024-08-15,0158,N20,VIIRS,n,2,287.09,1.81,N,2
43.04238,-2.21983,300.6,0.4,0.37,2024-08-15,0158,N20,VIIRS,n,2,285.49,1.01,N,2
43.03904,-2.22072,306.24,0.4,0.37,2024-08-15,0158,N20,VIIRS,n,2,287.59,1.01,N,2
43.44379,-3.84513,313.13,0.44,0.38,2024-08-15,0158,N20,VIIRS,n,2,287.71,1.48,N,2
43.44398,-3.8468,303.94,0.44,0.38,2024-08-15,0158,N20,VIIRS,n,2,286.56,0.87,N,2
40.57552,0.54308,308.96,0.4,0.37,2024-08-15,0158,N20,VIIRS,n,2,291.06,1.17,N,2
41.47538,-1.48608,306.93,0.39,0.36,2024-08-15,0158,N20,VIIRS,n,2,289.06,0.76,N,2
41.64756,-0.76749,302.34,0.38,0.36,2024-08-15,0158,N20,VIIRS,n,2,288,0.69,N,0
43.55244,-5.85752,299.11,0.52,0.42,2024-08-15,0158,N20,VIIRS,n,2,286.43,0.58,N,2
43.54204,-5.83308,302.56,0.52,0.41,2024-08-15,0158,N20,VIIRS,n,2,287.17,1.23,N,2
43.53823,-5.83386,319.52,0.52,0.41,2024-08-15,0158,N20,VIIRS,n,2,285.64,2.64,N,2
42.55441,-6.77041,303.75,0.56,0.43,2024-08-15,0158,N20,VIIRS,n,2,287.04,0.89,N,0
42.65879,-8.65382,301.56,0.46,0.47,2024-08-15,0158,N20,VIIRS,n,2,287.15,0.93,N,0
37.56896,-0.91732,306.83,0.39,0.36,2024-08-15,0159,N20,VIIRS,n,2,292.53,0.71,N,2
39.34347,-6.07011,310.87,0.48,0.4,2024-08-15,0159,N20,VIIRS,n,2,288.15,0.82,N,0
38.37532,-0.54269,304.9,0.39,0.36,2024-08-15,0159,N20,VIIRS,n,2,291.26,0.51,N,2
37.57137,-0.91448,311.52,0.39,0.36,2024-08-15,0159,N20,VIIRS,n,2,293.25,1.82,N,2
37.36177,-5.86741,306.54,0.45,0.39,2024-08-15,0159,N20,VIIRS,n,2,292.96,0.92,N,2
36.80018,-2.80569,307.89,0.38,0.36,2024-08-15,0200,N20,VIIRS,n,2,292.3,0.46,N,0
43.52276,-5.72758,306.56,0.77,0.77,2024-08-15,0338,N20,VIIRS,n,2,283.78,1.42,N,2
43.52691,-5.73277,299.39,0.77,0.77,2024-08-15,0338,N20,VIIRS,n,2,284.49,1.44,N,2
42.65689,-8.65493,296.41,0.6,0.71,2024-08-15,0338,N20,VIIRS,n,2,286.35,0.74,N,0
43.52385,-5.72413,300.3,0.77,0.77,2024-08-15,0338,N20,VIIRS,n,2,283.33,1.44,N,2
39.36304,-2.79678,344.6,0.45,0.39,2024-08-15,1321,N20,VIIRS,n,2,319.13,6.1,D,0
38.94938,-6.50575,344.82,0.38,0.36,2024-08-15,1321,N20,VIIRS,l,2,319.77,6.27,D,0
41.87827,0.41701,337.26,0.44,0.46,2024-08-15,1321,N20,VIIRS,n,2,299.13,3.59,D,0
38.87373,-6.70948,351.91,0.38,0.36,2024-08-15,1321,N20,VIIRS,n,2,314.13,6.8,D,0
42.67974,-4.28181,337.34,0.43,0.38,2024-08-15,1322,N20,VIIRS,l,2,311.81,3.7,D,0
43.53757,-5.82907,327.82,0.4,0.37,2024-08-15,1322,N20,VIIRS,l,2,302.44,3.03,D,2
43.52601,-5.734,335.45,0.4,0.37,2024-08-15,1322,N20,VIIRS,l,2,308.31,4.33,D,2
43.52332,-5.72819,346.81,0.4,0.37,2024-08-15,1322,N20,VIIRS,n,2,306.41,5.01,D,2
42.06874,-7.54171,332.95,0.38,0.36,2024-08-15,1322,N20,VIIRS,n,2,303.11,7.9,D,0
28.03519,-15.41233,332.16,0.56,0.69,2024-08-15,1459,N20,VIIRS,n,2,300.67,6.12,D,0
41.87722,0.41793,318.5,0.44,0.38,2024-08-16,0139,N20,VIIRS,n,2,287.73,2.21,N,0
43.5407,-5.83068,338.65,0.58,0.52,2024-08-16,0139,N20,VIIRS,n,2,289.12,9.19,N,2
43.52956,-5.73049,331.45,0.57,0.52,2024-08-16,0139,N20,VIIRS,n,2,289.89,4.52,N,2
43.52477,-5.73132,326.21,0.57,0.52,2024-08-16,0139,N20,VIIRS,n,2,289.37,3.76,N,2
43.52542,-5.73124,330.79,0.57,0.52,2024-08-16,0139,N20,VIIRS,n,2,290.11,3.72,N,2
43.34642,-8.43679,300.71,0.39,0.6,2024-08-16,0139,N20,VIIRS,n,2,289.67,0.65,N,2
42.65976,-7.72182,298.72,0.36,0.57,2024-08-16,0139,N20,VIIRS,n,2,286.22,0.55,N,0
42.65951,-7.71708,298.78,0.36,0.57,2024-08-16,0139,N20,VIIRS,n,2,286.83,0.55,N,0
42.55521,-6.7666,299.84,0.64,0.54,2024-08-16,0139,N20,VIIRS,n,2,288.09,0.75,N,2
41.52827,1.80462,299.18,0.4,0.37,2024-08-16,0139,N20,VIIRS,n,2,288.32,0.35,N,2
41.40635,1.99803,305.59,0.4,0.37,2024-08-16,0139,N20,VIIRS,n,2,291.05,0.79,N,2
41.31308,1.66401,318.28,0.4,0.37,2024-08-16,0139,N20,VIIRS,n,2,290.6,1.64,N,2
41.18728,1.2245,302.81,0.41,0.37,2024-08-16,0139,N20,VIIRS,n,2,290.21,0.6,N,0
41.47694,-1.48531,303.28,0.51,0.41,2024-08-16,0139,N20,VIIRS,n,2,287.91,0.44,N,2
40.57764,0.5431,310.79,0.43,0.38,2024-08-16,0139,N20,VIIRS,n,2,292.43,1.25,N,2
40.62234,-0.4174,297.05,0.46,0.39,2024-08-16,0139,N20,VIIRS,n,2,283.97,0.57,N,0
38.66769,-6.32255,317.91,0.55,0.51,2024-08-16,0140,N20,VIIRS,n,2,289.17,2.46,N,0
38.66661,-4.05131,303.78,0.42,0.45,2024-08-16,0140,N20,VIIRS,n,2,289.37,0.98,N,2
38.3764,-0.5454,305.94,0.44,0.38,2024-08-16,0140,N20,VIIRS,n,2,291.02,0.82,N,2
37.83134,-4.57336,305.24,0.44,0.46,2024-08-16,0140,N20,VIIRS,n,2,291.47,0.64,N,0
37.8271,-4.57394,306.88,0.44,0.46,2024-08-16,0140,N20,VIIRS,n,2,292.88,0.85,N,0
38.66631,-6.32342,328.34,0.55,0.51,2024-08-16,0140,N20,VIIRS,n,2,289.82,3.04,N,0
38.6616,-6.324,299.2,0.55,0.51,2024-08-16,0140,N20,VIIRS,n,2,288.33,0.41,N,0
42.99163,-3.84414,296.11,0.59,0.7,2024-08-16,0319,N20,VIIRS,n,2,279.52,1.66,N,0
43.28706,-4.4321,295.78,0.54,0.68,2024-08-16,0319,N20,VIIRS,n,2,285.14,0.44,N,0
42.99356,-3.84361,295.86,0.59,0.7,2024-08-16,0319,N20,VIIRS,n,2,279.04,0.86,N,0
43.52502,-5.72608,317.44,0.47,0.64,2024-08-16,0319,N20,VIIRS,n,2,288.01,2.03,N,2
43.52665,-5.73147,315.82,0.46,0.64,2024-08-16,0319,N20,VIIRS,n,2,288.83,2.03,N,2
41.96967,-6.95967,296.64,0.45,0.63,2024-08-16,0320,N20,VIIRS,n,2,284.39,1.12,N,0
41.96824,-6.95479,308.81,0.45,0.63,2024-08-16,0320,N20,VIIRS,n,2,284.17,1.12,N,0
41.96954,-6.95394,302.35,0.45,0.63,2024-08-16,0320,N20,VIIRS,n,2,284.18,1.27,N,0
41.97099,-6.95878,304.29,0.45,0.63,2024-08-16,0320,N20,VIIRS,n,2,284.46,1.19,N,0
38.66867,-6.32237,308.26,0.61,0.71,2024-08-16,0320,N20,VIIRS,n,2,287.93,1.7,N,0
38.8111,-7.08499,345.37,0.53,0.42,2024-08-16,1302,N20,VIIRS,n,2,319.03,27.62,D,0
37.26252,-6.4619,349.83,0.53,0.42,2024-08-16,1302,N20,VIIRS,n,2,324.22,58.23,D,0
38.89891,-2.13679,344.6,0.39,0.36,2024-08-16,1302,N20,VIIRS,n,2,312.49,3.73,D,0
38.90218,-2.13762,339.17,0.39,0.36,2024-08-16,1302,N20,VIIRS,l,2,311.49,2.47,D,0
43.52246,-5.72698,335.59,0.41,0.37,2024-08-16,1303,N20,VIIRS,n,2,305.08,4.41,D,2
43.53806,-5.82946,329.52,0.51,0.66,2024-08-17,0120,N20,VIIRS,n,2,274.34,8.43,N,2
43.03521,-2.22004,303.03,0.33,0.55,2024-08-17,0120,N20,VIIRS,n,2,285.73,0.76,N,2
41.31366,1.66015,314.61,0.4,0.44,2024-08-17,0120,N20,VIIRS,n,2,290.67,1.25,N,2
41.47394,-1.48671,301.77,0.58,0.52,2024-08-17,0120,N20,VIIRS,n,2,289.96,1.07,N,2
43.53821,-5.83588,347.76,0.51,0.66,2024-08-17,0120,N20,VIIRS,n,2,273.08,9.77,N,2
43.03802,-2.2205,300.77,0.33,0.55,2024-08-17,0120,N20,VIIRS,n,2,286.24,0.75,N,2
40.57939,0.5405,304.57,0.45,0.47,2024-08-17,0121,N20,VIIRS,n,2,292.14,0.86,N,0
38.37718,-0.54399,304.56,0.48,0.48,2024-08-17,0121,N20,VIIRS,n,2,292.19,0.86,N,2
36.9682,-1.90586,304.92,0.55,0.51,2024-08-17,0122,N20,VIIRS,n,2,293.54,1.47,N,2
36.96936,-1.90569,304.58,0.55,0.51,2024-08-17,0122,N20,VIIRS,n,2,293.04,2.08,N,2
43.03539,-2.22125,298.89,0.42,0.61,2024-08-17,0300,N20,VIIRS,n,2,284.32,0.56,N,2
41.31218,1.65643,302.41,0.72,0.76,2024-08-17,0300,N20,VIIRS,n,2,286.26,1.69,N,2
41.40494,1.99485,298.88,0.75,0.77,2024-08-17,0300,N20,VIIRS,n,2,285.52,0.69,N,2
42.25056,-8.51039,304.64,0.44,0.46,2024-08-17,0301,N20,VIIRS,n,2,283.54,1.44,N,0
42.25164,-8.5151,295.47,0.44,0.46,2024-08-17,0301,N20,VIIRS,n,2,280.44,0.94,N,0
42.25474,-8.50907,300.09,0.44,0.46,2024-08-17,0301,N20,VIIRS,n,2,282.69,0.67,N,0
42.25021,-8.50914,303.46,0.44,0.46,2024-08-17,0301,N20,VIIRS,n,2,286.81,1.82,N,0
42.2513,-8.51381,303.87,0.44,0.46,2024-08-17,0301,N20,VIIRS,n,2,282.34,1.82,N,0
42.24641,-8.51177,300.82,0.44,0.46,2024-08-17,0301,N20,VIIRS,n,2,282.29,1.44,N,0
38.31981,-6.7194,303.64,0.34,0.56,2024-08-17,0302,N20,VIIRS,n,2,293.3,1.06,N,0
38.66631,-4.05169,304.15,0.46,0.63,2024-08-17,0302,N20,VIIRS,n,2,289.46,2.22,N,2
41.31298,1.66121,331.03,0.39,0.36,2024-08-17,1243,N20,VIIRS,l,2,305.67,2.15,D,2
40.42382,-3.58452,343.35,0.56,0.43,2024-08-17,1243,N20,VIIRS,n,2,294.52,17.1,D,0
41.84939,0.85045,344.22,0.39,0.36,2024-08-17,1244,N20,VIIRS,n,2,309.01,4.66,D,0
41.97174,-4.42589,338.83,0.57,0.43,2024-08-17,1244,N20,VIIRS,n,2,303.54,25.65,D,0
42.86586,-2.67142,337.71,0.47,0.4,2024-08-17,1244,N20,VIIRS,n,2,303.7,2.71,D,0
42.75051,-5.77529,333.29,0.42,0.45,2024-08-17,1244,N20,VIIRS,n,2,295.21,5,D,0
43.45535,-4.91813,340.88,0.56,0.43,2024-08-17,1244,N20,VIIRS,n,2,285.16,7.37,D,0
27.8926,-15.56273,347.81,0.46,0.39,2024-08-17,1421,N20,VIIRS,l,2,319.86,6.72,D,0
37.31473,-6.69514,340.53,0.59,0.7,2024-08-17,1423,N20,VIIRS,n,2,310.01,3.64,D,0
37.31436,-6.69727,338.46,0.59,0.7,2024-08-17,1423,N20,VIIRS,l,2,309.84,2.89,D,0
41.31157,1.66246,304.06,0.35,0.57,2024-08-18,0101,N20,VIIRS,n,2,288.42,1.03,N,2
38.37938,-0.54646,303.99,0.44,0.62,2024-08-18,0102,N20,VIIRS,n,2,292.03,0.53,N,2
36.18251,-5.42895,304.81,0.79,0.78,2024-08-18,0103,N20,VIIRS,n,2,292.86,1.41,N,0
43.52632,-5.73274,302.54,0.51,0.41,2024-08-18,0242,N20,VIIRS,n,2,286.3,1.17,N,2
41.98874,-4.36742,301.62,0.42,0.45,2024-08-18,0242,N20,VIIRS,n,2,285.23,1.04,N,0
41.72843,-6.46604,310.99,0.51,0.41,2024-08-18,0242,N20,VIIRS,n,2,287.9,1.69,N,0
41.7272,-6.47916,313.68,0.51,0.41,2024-08-18,0242,N20,VIIRS,n,2,287.77,1.53,N,0
38.37857,-0.54566,302.52,0.4,0.6,2024-08-18,0243,N20,VIIRS,n,2,290.98,0.88,N,2
38.37894,-0.54279,304.13,0.4,0.6,2024-08-18,0243,N20,VIIRS,n,2,292.24,0.9,N,2
37.80642,-3.78273,306.98,0.56,0.51,2024-08-18,0243,N20,VIIRS,n,2,291.5,0.93,N,0
37.18769,-5.89717,353.7,0.52,0.67,2024-08-18,1224,N20,VIIRS,n,2,307.68,7.31,D,0
37.36644,-6.33598,343.22,0.54,0.68,2024-08-18,1224,N20,VIIRS,n,2,315.61,59.58,D,0
37.36817,-6.33002,367,0.54,0.68,2024-08-18,1224,N20,VIIRS,h,2,306.43,38.69,D,0
37.18847,-5.9,350.9,0.52,0.67,2024-08-18,1224,N20,VIIRS,n,2,308.21,5.48,D,0
36.55589,-6.09115,341.93,0.55,0.68,2024-08-18,1224,N20,VIIRS,n,2,307.37,4.01,D,0
38.9658,-6.62297,341.5,0.5,0.66,2024-08-18,1225,N20,VIIRS,n,2,303.89,23.74,D,0
38.96423,-6.62839,353.86,0.5,0.66,2024-08-18,1225,N20,VIIRS,n,2,307.26,19.6,D,0
38.96987,-6.63125,367,0.5,0.66,2024-08-18,1225,N20,VIIRS,h,2,306.21,19.6,D,0
38.92234,-6.90622,335.13,0.52,0.67,2024-08-18,1225,N20,VIIRS,n,2,301.07,8.04,D,0
38.92069,-6.91188,344.89,0.52,0.67,2024-08-18,1225,N20,VIIRS,n,2,302.73,7.87,D,0
41.38474,-3.95127,343.31,0.63,0.54,2024-08-18,1225,N20,VIIRS,n,2,301.44,7.22,D,0
40.94355,-5.66383,338.13,0.4,0.6,2024-08-18,1225,N20,VIIRS,n,2,301.17,3.3,D,0
38.1516,-3.99555,335.57,0.46,0.64,2024-08-18,1405,N20,VIIRS,n,2,303.79,12.89,D,0
38.15138,-4.00062,336.94,0.46,0.64,2024-08-18,1405,N20,VIIRS,n,2,304.85,11.79,D,0
38.15771,-3.99056,367,0.46,0.64,2024-08-18,1405,N20,VIIRS,h,2,306.33,12.89,D,0
38.15751,-3.99539,355.89,0.46,0.64,2024-08-18,1405,N20,VIIRS,n,2,309.48,12.89,D,0
38.96672,-6.62781,341.87,0.34,0.56,2024-08-18,1405,N20,VIIRS,n,2,308.86,2.97,D,0
38.96648,-6.6317,342.02,0.34,0.56,2024-08-18,1405,N20,VIIRS,n,2,309.93,2.3,D,0
43.33519,-3.10799,303.03,0.43,0.38,2024-08-19,0223,N20,VIIRS,n,2,287.09,0.74,N,0
43.44247,-3.84197,321.74,0.41,0.37,2024-08-19,0223,N20,VIIRS,n,2,288.75,1.89,N,2
43.55341,-5.85977,302.25,0.39,0.36,2024-08-19,0223,N20,VIIRS,n,2,289.89,0.78,N,2
43.53186,-5.72806,302.89,0.39,0.36,2024-08-19,0223,N20,VIIRS,n,2,289.1,0.7,N,2
43.52859,-5.72906,303.11,0.39,0.36,2024-08-19,0223,N20,VIIRS,n,2,289.07,0.7,N,2
43.52532,-5.73007,322.55,0.39,0.36,2024-08-19,0223,N20,VIIRS,n,2,289.87,1.88,N,2
43.54305,-5.83829,306.85,0.39,0.36,2024-08-19,0223,N20,VIIRS,n,2,288.66,0.72,N,2
43.54229,-5.83359,306.61,0.39,0.36,2024-08-19,0223,N20,VIIRS,n,2,289.82,0.92,N,2
43.53902,-5.8346,301.79,0.39,0.36,2024-08-19,0223,N20,VIIRS,n,2,287.72,0.92,N,2
43.53825,-5.8299,307.69,0.39,0.36,2024-08-19,0223,N20,VIIRS,n,2,288.51,0.92,N,2
43.34637,-8.43503,309.43,0.4,0.37,2024-08-19,0223,N20,VIIRS,n,2,288.94,1.04,N,2
42.90623,-6.2189,298.07,0.39,0.36,2024-08-19,0223,N20,VIIRS,n,2,280.04,5.34,N,0
42.90548,-6.2143,319.15,0.39,0.36,2024-08-19,0223,N20,VIIRS,n,2,282.12,5.46,N,0
42.90297,-6.21985,326.85,0.39,0.36,2024-08-19,0223,N20,VIIRS,n,2,282.37,5.34,N,0
42.90222,-6.21524,314.27,0.39,0.36,2024-08-19,0223,N20,VIIRS,n,2,286.17,5.46,N,0
41.64613,-0.76895,298.17,0.56,0.43,2024-08-19,0223,N20,VIIRS,n,2,287.28,0.42,N,0
42.60659,-6.48427,311.81,0.38,0.36,2024-08-19,0223,N20,VIIRS,n,2,286.92,1.08,N,0
42.55239,-6.76688,307.4,0.38,0.36,2024-08-19,0223,N20,VIIRS,n,2,289.63,1.03,N,2
41.47654,-1.48686,299.5,0.53,0.42,2024-08-19,0223,N20,VIIRS,n,2,287.92,0.52,N,2
38.13842,-3.9417,321.71,0.48,0.4,2024-08-19,0224,N20,VIIRS,n,2,297.63,2.24,N,0
40.24459,-3.47577,304.58,0.46,0.39,2024-08-19,0224,N20,VIIRS,n,2,292.57,0.91,N,2
40.00873,-3.90109,302.88,0.45,0.39,2024-08-19,0224,N20,VIIRS,n,2,292.68,0.82,N,2
38.6728,-4.10748,321.35,0.46,0.39,2024-08-19,0224,N20,VIIRS,n,2,294,2.09,N,0
38.87695,-7.00673,307.66,0.39,0.36,2024-08-19,0224,N20,VIIRS,n,2,292.41,0.85,N,0
38.16124,-3.96115,318.15,0.48,0.4,2024-08-19,0224,N20,VIIRS,n,2,295.8,2.26,N,0
38.16023,-3.95599,311.93,0.48,0.4,2024-08-19,0224,N20,VIIRS,n,2,295.34,2.76,N,0
38.15104,-3.94796,305.85,0.48,0.4,2024-08-19,0224,N20,VIIRS,n,2,294.94,2.2,N,0
38.15052,-3.96461,321.87,0.48,0.4,2024-08-19,0224,N20,VIIRS,n,2,296.29,2.88,N,0
38.14951,-3.95946,313.38,0.48,0.4,2024-08-19,0224,N20,VIIRS,n,2,296.85,3.31,N,0
38.14062,-3.93376,322.12,0.48,0.4,2024-08-19,0224,N20,VIIRS,n,2,296.97,2.14,N,0
38.13953,-3.92826,333.29,0.48,0.4,2024-08-19,0224,N20,VIIRS,n,2,297.99,4.75,N,0
38.14692,-3.96561,307.32,0.48,0.4,2024-08-19,0224,N20,VIIRS,n,2,295.28,1.92,N,0
38.14592,-3.96053,311.27,0.48,0.4,2024-08-19,0224,N20,VIIRS,n,2,296.4,2.47,N,0
38.1417,-3.93924,312.46,0.48,0.4,2024-08-19,0224,N20,VIIRS,n,2,296.74,2.14,N,0
38.13808,-3.94019,330.01,0.48,0.4,2024-08-19,0224,N20,VIIRS,n,2,298.98,2.14,N,0
38.1359,-3.92914,331.05,0.48,0.4,2024-08-19,0224,N20,VIIRS,n,2,298.77,4.75,N,0
38.13699,-3.93467,308.88,0.48,0.4,2024-08-19,0224,N20,VIIRS,n,2,297.83,2.14,N,0
38.13447,-3.94116,325.78,0.48,0.4,2024-08-19,0224,N20,VIIRS,n,2,297.33,5.4,N,0
38.13736,-3.93618,323.58,0.48,0.4,2024-08-19,0224,N20,VIIRS,n,2,299.68,2.7,N,0
38.13522,-3.92508,322.65,0.48,0.4,2024-08-19,0224,N20,VIIRS,n,2,297.14,2.59,N,0
38.13629,-3.93065,314.22,0.48,0.4,2024-08-19,0224,N20,VIIRS,n,2,297.91,2.7,N,0
38.13373,-3.9371,321.36,0.48,0.4,2024-08-19,0224,N20,VIIRS,n,2,297.54,2.7,N,0
38.13481,-3.9427,306.68,0.48,0.4,2024-08-19,0224,N20,VIIRS,n,2,296.03,2.24,N,0
36.96799,-1.90714,307.53,0.41,0.45,2024-08-19,0224,N20,VIIRS,n,2,295.19,1.78,N,2
37.61464,-6.0029,321.16,0.42,0.37,2024-08-19,0224,N20,VIIRS,n,2,297.07,3.2,N,0
37.35952,-5.86421,311.91,0.42,0.38,2024-08-19,0225,N20,VIIRS,n,2,298.17,1.95,N,2
43.53597,-5.82486,325.67,0.57,0.69,2024-08-19,1207,N20,VIIRS,n,2,293.72,4.13,D,0
43.52528,-5.72802,340.91,0.56,0.69,2024-08-19,1207,N20,VIIRS,n,2,296.49,5.28,D,2
42.90448,-6.21187,342.89,0.62,0.72,2024-08-19,1207,N20,VIIRS,n,2,298.11,9.39,D,0
39.47435,-0.45218,367,0.4,0.6,2024-08-19,1346,N20,VIIRS,h,2,302.69,9.7,D,0
39.84976,-3.24605,340.06,0.58,0.52,2024-08-19,1346,N20,VIIRS,l,2,312.58,4.85,D,0
43.52531,-5.72944,329.45,0.47,0.48,2024-08-19,1347,N20,VIIRS,l,2,302.13,7.21,D,2
42.90424,-6.21938,347.25,0.44,0.46,2024-08-19,1347,N20,VIIRS,n,2,313.45,17.48,D,0
42.90464,-6.2146,355.38,0.44,0.46,2024-08-19,1347,N20,VIIRS,n,2,318.55,17.48,D,0
42.90503,-6.20992,367,0.44,0.46,2024-08-19,1347,N20,VIIRS,h,2,319.14,37.94,D,0
42.90544,-6.20509,367,0.44,0.46,2024-08-19,1347,N20,VIIRS,l,2,329.97,37.94,D,0
43.52586,-5.72929,304.78,0.45,0.39,2024-08-20,0204,N20,VIIRS,n,2,289.82,0.85,N,2
43.53778,-5.82944,299.93,0.45,0.39,2024-08-20,0204,N20,VIIRS,n,2,287.05,1.37,N,2
43.52652,-5.73481,320.64,0.45,0.39,2024-08-20,0204,N20,VIIRS,n,2,289.63,1.63,N,2
43.52942,-5.72847,301.76,0.45,0.39,2024-08-20,0204,N20,VIIRS,n,2,288.74,0.85,N,2
43.54134,-5.8286,318.39,0.45,0.39,2024-08-20,0204,N20,VIIRS,n,2,288.56,1.37,N,2
43.54202,-5.83426,319.65,0.45,0.39,2024-08-20,0204,N20,VIIRS,n,2,289.06,3.4,N,2
43.56201,-5.72662,298.47,0.45,0.39,2024-08-20,0204,N20,VIIRS,n,2,288.15,0.28,N,0
41.45423,1.98085,309.73,0.47,0.4,2024-08-20,0204,N20,VIIRS,n,2,293.42,1.19,N,2
41.4756,-1.48828,307.95,0.39,0.36,2024-08-20,0204,N20,VIIRS,n,2,290.39,1.37,N,2
41.64914,-0.76975,306.23,0.4,0.37,2024-08-20,0204,N20,VIIRS,n,2,289.1,0.49,N,0
42.43497,-6.08159,311.48,0.45,0.39,2024-08-20,0204,N20,VIIRS,n,2,286.73,1.53,N,0
42.55402,-6.76865,304.74,0.48,0.4,2024-08-20,0204,N20,VIIRS,n,2,289.91,1.04,N,2
42.55318,-6.76752,303.15,0.48,0.4,2024-08-20,0204,N20,VIIRS,n,2,288.96,0.71,N,2
41.40503,1.99899,308.34,0.47,0.4,2024-08-20,0204,N20,VIIRS,n,2,292.96,1.54,N,2
41.40833,1.99831,311.12,0.47,0.4,2024-08-20,0204,N20,VIIRS,n,2,292.63,1.35,N,2
41.92276,0.17814,335.54,0.41,0.37,2024-08-20,0204,N20,VIIRS,n,2,290,3.45,N,2
42.89703,-6.20938,308.45,0.46,0.39,2024-08-20,0204,N20,VIIRS,n,2,281.07,1.59,N,0
42.90057,-6.20823,331.22,0.46,0.39,2024-08-20,0204,N20,VIIRS,n,2,286.44,4.89,N,0
42.81429,-1.74352,303.9,0.38,0.36,2024-08-20,0204,N20,VIIRS,n,2,287.44,0.81,N,2
43.49118,-5.82366,302.25,0.45,0.39,2024-08-20,0204,N20,VIIRS,n,2,288.04,1.26,N,0
43.49408,-5.8174,299.19,0.45,0.39,2024-08-20,0204,N20,VIIRS,n,2,288.68,17.17,N,0
43.49475,-5.82295,315.37,0.45,0.39,2024-08-20,0204,N20,VIIRS,n,2,295.9,17.17,N,0
43.03574,-2.21816,310.78,0.38,0.36,2024-08-20,0204,N20,VIIRS,n,2,287.34,0.79,N,2
43.52298,-5.73565,303.15,0.45,0.39,2024-08-20,0204,N20,VIIRS,n,2,287.79,1.45,N,2
42.90129,-6.21416,317.36,0.46,0.39,2024-08-20,0204,N20,VIIRS,n,2,282.94,2.12,N,0
40.24688,-3.47799,304.39,0.39,0.36,2024-08-20,0205,N20,VIIRS,n,2,292.76,1.89,N,2
40.51255,-3.36515,303.12,0.39,0.36,2024-08-20,0205,N20,VIIRS,n,2,292.36,0.53,N,0
38.37827,-0.54459,307.97,0.43,0.38,2024-08-20,0205,N20,VIIRS,n,2,294.01,1.09,N,2
36.99134,-5.91373,321.5,0.4,0.37,2024-08-20,0206,N20,VIIRS,n,2,294.4,2.04,N,0
37.12725,-6.15187,335.71,0.39,0.36,2024-08-20,1327,N20,VIIRS,n,2,304.27,3.06,D,0
37.26693,-5.6809,341.33,0.4,0.37,2024-08-20,1327,N20,VIIRS,l,2,311.49,2.92,D,0
40.09747,-4.2824,344.95,0.46,0.39,2024-08-20,1327,N20,VIIRS,l,2,319.06,21.63,D,0
37.26632,-5.68537,336.49,0.4,0.37,2024-08-20,1327,N20,VIIRS,l,2,311.14,2.92,D,0
39.88654,-4.95686,339.13,0.43,0.38,2024-08-20,1327,N20,VIIRS,l,2,310.3,8.96,D,0
42.89629,-6.20458,343.92,0.42,0.38,2024-08-20,1328,N20,VIIRS,n,2,310.46,40.43,D,0
42.89909,-6.21045,350,0.42,0.38,2024-08-20,1328,N20,VIIRS,n,2,314.59,20.2,D,0
42.90033,-6.20056,349.46,0.42,0.38,2024-08-20,1328,N20,VIIRS,n,2,301.35,7.03,D,0
41.92306,0.18015,346.66,0.51,0.5,2024-08-20,1328,N20,VIIRS,n,2,313.2,8.88,D,2
42.87,-2.70915,334.81,0.57,0.43,2024-08-20,1328,N20,VIIRS,n,2,302.02,3.6,D,0
42.89566,-6.20955,367,0.42,0.38,2024-08-20,1328,N20,VIIRS,h,2,326.17,40.43,D,0
42.89691,-6.19962,330.46,0.42,0.38,2024-08-20,1328,N20,VIIRS,n,2,296.57,1.6,D,0
42.90189,-6.21632,347.02,0.42,0.38,2024-08-20,1328,N20,VIIRS,n,2,314.85,12.9,D,0
42.89845,-6.21549,343,0.42,0.38,2024-08-20,1328,N20,VIIRS,n,2,312.45,12.9,D,0
42.8412,-6.43079,304.65,0.51,0.49,2024-08-21,0145,N20,VIIRS,n,2,285.72,2.01,N,0
41.45698,1.97813,310.14,0.38,0.36,2024-08-21,0145,N20,VIIRS,n,2,293.18,0.95,N,2
41.40579,1.99929,316.12,0.38,0.36,2024-08-21,0145,N20,VIIRS,n,2,294.62,1.17,N,2
42.55183,-6.77068,301.59,0.53,0.5,2024-08-21,0145,N20,VIIRS,n,2,288.54,1.08,N,2
42.55304,-6.7687,301.91,0.53,0.5,2024-08-21,0145,N20,VIIRS,n,2,288.55,1.14,N,2
42.84081,-6.43181,300.9,0.51,0.49,2024-08-21,0145,N20,VIIRS,n,2,286.19,1.09,N,0
38.66668,-4.05181,306.39,0.53,0.42,2024-08-21,0146,N20,VIIRS,n,2,293.11,2.61,N,2
41.47502,-1.48923,306.15,0.45,0.39,2024-08-21,0146,N20,VIIRS,n,2,291.52,0.96,N,2
39.66418,-0.24699,307.29,0.4,0.37,2024-08-21,0146,N20,VIIRS,n,2,295.09,1.42,N,2
40.2452,-3.47213,313.26,0.52,0.41,2024-08-21,0146,N20,VIIRS,n,2,293.99,2.23,N,2
40.06058,-4.05617,327.78,0.55,0.42,2024-08-21,0146,N20,VIIRS,n,2,294.49,4.71,N,0
40.05668,-4.05688,325.87,0.55,0.42,2024-08-21,0146,N20,VIIRS,n,2,294,4.71,N,0
40.05989,-4.04979,330.17,0.55,0.42,2024-08-21,0146,N20,VIIRS,n,2,295.03,4.71,N,0
40.056,-4.05051,338.26,0.55,0.42,2024-08-21,0146,N20,VIIRS,n,2,294.2,4.71,N,0
38.31078,-5.26904,325.83,0.4,0.44,2024-08-21,0146,N20,VIIRS,n,2,292.4,1.9,N,0
41.48456,-5.17536,314.54,0.43,0.46,2024-08-21,0146,N20,VIIRS,n,2,290.72,1.58,N,0
40.35706,-3.51331,316.88,0.52,0.42,2024-08-21,0146,N20,VIIRS,n,2,292.13,5.38,N,0
40.36088,-3.51271,345.98,0.52,0.42,2024-08-21,0146,N20,VIIRS,n,2,295.46,5.38,N,0
40.06447,-4.05545,304.92,0.55,0.42,2024-08-21,0146,N20,VIIRS,n,2,293.25,0.78,N,0
40.05606,-4.04982,332.48,0.55,0.42,2024-08-21,0146,N20,VIIRS,n,2,294.6,5.36,N,0
40.05672,-4.05621,328.91,0.55,0.42,2024-08-21,0146,N20,VIIRS,n,2,294.62,5.57,N,0
40.05996,-4.04911,336.69,0.55,0.42,2024-08-21,0146,N20,VIIRS,n,2,294.5,5.53,N,0
40.06061,-4.05549,328.17,0.55,0.42,2024-08-21,0146,N20,VIIRS,n,2,294.19,2.54,N,0
40.06451,-4.05477,304.85,0.55,0.42,2024-08-21,0146,N20,VIIRS,n,2,293.56,2.54,N,0
37.63467,-5.02366,305.98,0.57,0.43,2024-08-21,0147,N20,VIIRS,n,2,293.91,0.82,N,0
36.96643,-1.90704,314.58,0.42,0.38,2024-08-21,0147,N20,VIIRS,n,2,292.82,1.17,N,2
37.3617,-5.93822,304.86,0.42,0.45,2024-08-21,0147,N20,VIIRS,n,2,293.51,0.36,N,0
37.66481,-4.92656,305.96,0.56,0.43,2024-08-21,0147,N20,VIIRS,n,2,294.49,1.3,N,0
37.6499,-5.01452,306.62,0.57,0.43,2024-08-21,0147,N20,VIIRS,n,2,293.49,1.17,N,0
39.11213,-6.00491,307.19,0.73,0.76,2024-08-21,0326,N20,VIIRS,n,2,289.87,1.55,N,0
41.4826,-5.17986,299.17,0.68,0.74,2024-08-21,0326,N20,VIIRS,n,2,287.74,0.7,N,0
40.26733,-3.74875,349.62,0.38,0.36,2024-08-21,1308,N20,VIIRS,n,2,314.16,2.56,D,0
40.26406,-3.74789,351.32,0.38,0.36,2024-08-21,1308,N20,VIIRS,n,2,315.57,2.56,D,0
40.26475,-3.74344,342.47,0.38,0.36,2024-08-21,1308,N20,VIIRS,l,2,315.83,4.58,D,0
40.26011,-3.75149,341.42,0.38,0.36,2024-08-21,1308,N20,VIIRS,l,2,313.82,2.9,D,0
40.2608,-3.74704,350.2,0.38,0.36,2024-08-21,1308,N20,VIIRS,n,2,315.4,2.9,D,0
40.25753,-3.74618,347.53,0.38,0.36,2024-08-21,1308,N20,VIIRS,n,2,314.91,2.9,D,0
39.37118,-0.42995,344.07,0.42,0.38,2024-08-21,1308,N20,VIIRS,n,2,301.57,3.53,D,0
37.68522,-4.99146,355.82,0.41,0.37,2024-08-21,1308,N20,VIIRS,n,2,314.92,19.78,D,0
37.686,-4.98692,342.57,0.41,0.37,2024-08-21,1308,N20,VIIRS,n,2,310.19,3.79,D,0
40.36159,-3.50891,339.94,0.38,0.36,2024-08-21,1308,N20,VIIRS,n,2,310.13,1.51,D,0
40.26664,-3.7532,341.55,0.38,0.36,2024-08-21,1308,N20,VIIRS,l,2,313.86,2.56,D,0
40.26338,-3.75235,341.63,0.38,0.36,2024-08-21,1308,N20,VIIRS,n,2,314.42,2.56,D,0
43.02908,-5.44141,345.75,0.39,0.36,2024-08-21,1309,N20,VIIRS,n,2,313.98,26.5,D,0
40.98082,-4.36365,343.32,0.39,0.36,2024-08-21,1309,N20,VIIRS,n,2,312.38,4.6,D,0
41.11732,-6.33576,336.86,0.41,0.37,2024-08-21,1309,N20,VIIRS,l,2,311.79,1.66,D,0
43.03734,-2.21835,298.28,0.55,0.51,2024-08-22,0126,N20,VIIRS,n,2,287.96,1.14,N,2
42.55233,-6.77153,306.65,0.46,0.64,2024-08-22,0126,N20,VIIRS,n,2,290.12,1.16,N,2
42.93359,-6.56072,299.6,0.46,0.63,2024-08-22,0126,N20,VIIRS,n,2,288.83,1.36,N,0
42.93838,-6.56648,298.87,0.46,0.63,2024-08-22,0126,N20,VIIRS,n,2,286.78,0.32,N,0
41.4753,-1.48741,300.81,0.48,0.48,2024-08-22,0127,N20,VIIRS,n,2,288.16,0.68,N,2
41.4554,1.97817,304.12,0.5,0.41,2024-08-22,0127,N20,VIIRS,n,2,293.37,1.26,N,2
39.95186,-0.00375,305.62,0.39,0.44,2024-08-22,0127,N20,VIIRS,n,2,292.89,1.61,N,2
40.24548,-3.47379,304.42,0.6,0.53,2024-08-22,0127,N20,VIIRS,n,2,274.44,2.07,N,2
40.98007,-4.36688,304.51,0.34,0.56,2024-08-22,0127,N20,VIIRS,n,2,287.21,0.65,N,0
37.38842,-5.8899,317.78,0.38,0.59,2024-08-22,0128,N20,VIIRS,n,2,293.77,1.06,N,0
38.1121,-3.68164,308.99,0.58,0.52,2024-08-22,0128,N20,VIIRS,n,2,292.13,1.31,N,0
36.96718,-1.90738,311.85,0.45,0.47,2024-08-22,0128,N20,VIIRS,n,2,293.6,2.13,N,2
36.96883,-1.90512,311.03,0.45,0.47,2024-08-22,0128,N20,VIIRS,n,2,293.55,1.75,N,2
37.38298,-5.89046,346.07,0.38,0.59,2024-08-22,0128,N20,VIIRS,n,2,294.52,4.27,N,0
40.24441,-3.47485,318.22,0.53,0.67,2024-08-22,0307,N20,VIIRS,n,2,290.76,2.6,N,2
40.98215,-4.36603,297.06,0.45,0.63,2024-08-22,0307,N20,VIIRS,n,2,285.15,0.41,N,0
37.38649,-5.88595,311.96,0.48,0.64,2024-08-22,0308,N20,VIIRS,n,2,292.87,1.49,N,0
39.3806,-2.40848,339.51,0.45,0.39,2024-08-22,1249,N20,VIIRS,l,2,309.92,3.82,D,0
39.01363,-5.68498,333.75,0.42,0.46,2024-08-22,1249,N20,VIIRS,n,2,306.73,2.15,D,0
42.40474,-7.04151,353.43,0.42,0.45,2024-08-22,1250,N20,VIIRS,n,2,309.06,15.76,D,0
42.1535,-3.11408,367,0.44,0.38,2024-08-22,1250,N20,VIIRS,h,2,343.23,208.64,D,0
41.87195,-1.38203,337.74,0.4,0.37,2024-08-22,1250,N20,VIIRS,l,2,311.11,1.55,D,0
41.71178,0.35306,347.23,0.38,0.36,2024-08-22,1250,N20,VIIRS,n,2,303.49,4.99,D,0
40.24495,-3.47129,338.56,0.48,0.4,2024-08-22,1250,N20,VIIRS,l,2,311.72,2.86,D,2
39.92761,-3.31918,337.37,0.48,0.4,2024-08-22,1250,N20,VIIRS,l,2,311.51,3.35,D,0
39.92867,-3.31368,338.27,0.48,0.4,2024-08-22,1250,N20,VIIRS,l,2,309.81,3.35,D,0
38.79025,-6.57794,339.13,0.74,0.76,2024-08-22,1430,N20,VIIRS,n,2,307.31,13.53,D,0
38.79034,-6.56908,367,0.75,0.77,2024-08-22,1430,N20,VIIRS,h,2,306.5,13.53,D,0
38.79392,-6.58326,355.85,0.75,0.77,2024-08-22,1430,N20,VIIRS,n,2,309.88,40.87,D,0
38.80102,-6.58313,348.08,0.75,0.77,2024-08-22,1430,N20,VIIRS,n,2,305.74,7.22,D,0
38.80096,-6.5918,336.77,0.74,0.76,2024-08-22,1430,N20,VIIRS,n,2,305.75,7.22,D,0
38.79397,-6.57438,345.48,0.75,0.77,2024-08-22,1430,N20,VIIRS,n,2,312.1,50.84,D,0
38.79402,-6.56562,367,0.75,0.77,2024-08-22,1430,N20,VIIRS,h,2,302.13,50.84,D,0
38.80435,-6.58637,331.35,0.74,0.76,2024-08-22,1430,N20,VIIRS,l,2,304.52,14.25,D,0
38.79725,-6.58647,356.96,0.74,0.76,2024-08-22,1430,N20,VIIRS,n,2,309.4,14.25,D,0
38.79735,-6.5777,354.45,0.74,0.76,2024-08-22,1430,N20,VIIRS,n,2,310.4,42.74,D,0
38.79745,-6.56897,367,0.75,0.77,2024-08-22,1430,N20,VIIRS,h,2,305.81,42.74,D,0
43.03984,-2.21899,298.01,0.48,0.65,2024-08-23,0107,N20,VIIRS,n,2,287.35,1.2,N,2
43.5391,-5.8318,296.73,0.73,0.76,2024-08-23,0107,N20,VIIRS,n,2,284.66,1.3,N,2
43.52546,-5.7397,296.31,0.72,0.76,2024-08-23,0107,N20,VIIRS,n,2,285.25,1.36,N,2
43.52551,-5.73117,303.24,0.72,0.76,2024-08-23,0107,N20,VIIRS,n,2,285.43,1.36,N,2
40.24485,-3.47835,320.85,0.54,0.68,2024-08-23,0108,N20,VIIRS,n,2,291.57,3.48,N,2
41.47467,-1.49034,302.56,0.43,0.62,2024-08-23,0108,N20,VIIRS,n,2,290.93,0.73,N,2
40.24834,-3.47562,316.08,0.54,0.68,2024-08-23,0108,N20,VIIRS,n,2,291.77,2.84,N,2
38.37749,-0.54529,304.31,0.36,0.57,2024-08-23,0108,N20,VIIRS,n,2,291.46,0.66,N,2
37.92212,-4.31435,301.98,0.58,0.69,2024-08-23,0109,N20,VIIRS,n,2,290.55,0.8,N,0
36.96746,-1.90694,306.07,0.42,0.61,2024-08-23,0109,N20,VIIRS,n,2,293.33,1.07,N,2
43.5452,-5.83452,302.38,0.39,0.44,2024-08-23,0248,N20,VIIRS,n,2,288.3,0.51,N,2
43.56026,-5.72467,299.16,0.39,0.44,2024-08-23,0248,N20,VIIRS,n,2,288.22,0.55,N,0
43.52738,-5.73434,333.7,0.39,0.44,2024-08-23,0248,N20,VIIRS,n,2,289.87,2.74,N,2
43.55517,-5.86061,301.93,0.39,0.44,2024-08-23,0248,N20,VIIRS,n,2,288.29,1.12,N,2
41.40587,1.99903,302.8,0.53,0.67,2024-08-23,0248,N20,VIIRS,n,2,291.05,0.89,N,2
43.52631,-5.72953,310.41,0.39,0.44,2024-08-23,0248,N20,VIIRS,n,2,289.63,2.4,N,2
41.40783,1.99524,301.85,0.53,0.67,2024-08-23,0248,N20,VIIRS,n,2,290.72,1.06,N,2
40.24721,-3.47619,320.28,0.61,0.53,2024-08-23,0249,N20,VIIRS,n,2,291.56,2.67,N,2
37.08073,-6.00787,331.97,0.44,0.62,2024-08-23,1230,N20,VIIRS,l,2,303.22,3.08,D,0
37.91721,-4.30887,340.25,0.34,0.56,2024-08-23,1230,N20,VIIRS,n,2,306.35,3.56,D,0
40.24584,-3.4744,333.02,0.53,0.5,2024-08-23,1231,N20,VIIRS,l,2,306.86,3.77,D,2
43.53661,-5.82824,331.26,0.57,0.52,2024-08-23,1232,N20,VIIRS,n,2,297.74,3.38,D,2
43.54034,-5.8295,338.28,0.57,0.52,2024-08-23,1232,N20,VIIRS,n,2,300.7,10.14,D,2
40.09509,-4.26178,336.23,0.56,0.69,2024-08-23,1411,N20,VIIRS,l,2,306.77,3.77,D,0
37.55428,-5.86511,331.11,0.44,0.62,2024-08-23,1411,N20,VIIRS,l,2,305.46,3.98,D,0
38.92513,-6.4811,343.72,0.42,0.61,2024-08-23,1411,N20,VIIRS,n,2,307.42,3.84,D,0
42.07937,-8.5601,333.01,0.34,0.56,2024-08-23,1412,N20,VIIRS,n,2,298.98,1.68,D,0
42.27898,3.17153,318.53,0.44,0.62,2024-08-24,0048,N20,VIIRS,n,2,290.87,1.36,N,0
41.45697,1.97867,301.87,0.5,0.66,2024-08-24,0049,N20,VIIRS,n,2,290.62,0.63,N,2
43.5261,-5.72733,312.33,0.41,0.37,2024-08-24,0229,N20,VIIRS,n,2,292.51,1.84,N,2
43.54113,-5.83187,337.16,0.4,0.37,2024-08-24,0229,N20,VIIRS,n,2,293.04,4.31,N,2
43.542,-5.83676,306.98,0.4,0.37,2024-08-24,0229,N20,VIIRS,n,2,290.89,1.54,N,2
43.53031,-5.73116,301.52,0.41,0.37,2024-08-24,0229,N20,VIIRS,n,2,290.54,0.59,N,2
43.56161,-5.72346,300.93,0.41,0.37,2024-08-24,0229,N20,VIIRS,n,2,290.92,0.42,N,0
42.55215,-6.76978,304.77,0.4,0.37,2024-08-24,0229,N20,VIIRS,n,2,290.9,0.57,N,2
42.2787,3.17046,306.61,0.33,0.55,2024-08-24,0229,N20,VIIRS,n,2,290.83,0.81,N,0
42.27768,3.17427,305.2,0.33,0.55,2024-08-24,0229,N20,VIIRS,n,2,291.31,0.8,N,0
43.55716,-5.86279,300.99,0.4,0.37,2024-08-24,0229,N20,VIIRS,n,2,290.51,0.61,N,2
43.03703,-2.21977,302.68,0.54,0.42,2024-08-24,0229,N20,VIIRS,n,2,290.42,0.87,N,2
43.30861,-3.02495,312.68,0.49,0.4,2024-08-24,0229,N20,VIIRS,n,2,291.9,1.39,N,0
41.47454,-1.48831,304.14,0.41,0.45,2024-08-24,0229,N20,VIIRS,n,2,291.85,1.02,N,2
43.55297,-5.85898,304.26,0.4,0.37,2024-08-24,0229,N20,VIIRS,n,2,291.6,1.06,N,2
38.37535,-0.54325,306.82,0.54,0.51,2024-08-24,0230,N20,VIIRS,n,2,293.53,0.93,N,2
38.90735,-6.10239,303.11,0.44,0.39,2024-08-24,0230,N20,VIIRS,n,2,290.99,0.34,N,0
40.09547,-4.04509,311.84,0.51,0.41,2024-08-24,0230,N20,VIIRS,n,2,293.23,1.55,N,0
40.24381,-3.47379,318.13,0.54,0.42,2024-08-24,0230,N20,VIIRS,n,2,293.1,2.6,N,2
40.24563,-3.47197,320.53,0.54,0.42,2024-08-24,0230,N20,VIIRS,n,2,293.35,3.03,N,2
42.0205,-7.19086,303,0.39,0.36,2024-08-24,0230,N20,VIIRS,n,2,289.59,0.99,N,0
42.02129,-7.19548,325.42,0.39,0.36,2024-08-24,0230,N20,VIIRS,n,2,295.39,3.21,N,0
42.02378,-7.18984,310.77,0.39,0.36,2024-08-24,0230,N20,VIIRS,n,2,289.53,1.14,N,0
42.02457,-7.19446,328.2,0.39,0.36,2024-08-24,0230,N20,VIIRS,n,2,296.31,4.27,N,0
42.02707,-7.18882,306.19,0.39,0.36,2024-08-24,0230,N20,VIIRS,n,2,289.24,1.14,N,0
37.36243,-5.9228,303.46,0.47,0.4,2024-08-24,0231,N20,VIIRS,n,2,293.26,0.28,N,0
36.96511,-1.90556,305.43,0.5,0.49,2024-08-24,0231,N20,VIIRS,n,2,293.52,1.29,N,2
37.25748,-5.72112,330.4,0.74,0.76,2024-08-24,1212,N20,VIIRS,l,2,301.69,3.63,D,0
40.24588,-3.47389,334.02,0.46,0.64,2024-08-24,1212,N20,VIIRS,n,2,303.04,3,D,2
40.01354,-6.33948,337.87,0.65,0.73,2024-08-24,1212,N20,VIIRS,n,2,298.88,5.1,D,0
38.62366,-6.49933,331.67,0.73,0.76,2024-08-24,1212,N20,VIIRS,l,2,303.82,2.07,D,0
40.24272,-3.47154,335.38,0.34,0.56,2024-08-24,1352,N20,VIIRS,l,2,306.72,3.28,D,2
37.20589,-5.59824,347.03,0.49,0.49,2024-08-24,1352,N20,VIIRS,n,2,312.37,9.8,D,0
37.01908,-3.01776,367,0.34,0.56,2024-08-24,1352,N20,VIIRS,h,2,301.61,8.62,D,0
37.20364,-5.60031,338.25,0.49,0.49,2024-08-24,1352,N20,VIIRS,l,2,312.11,6.06,D,0
40.13892,-3.24432,340.6,0.35,0.57,2024-08-24,1352,N20,VIIRS,n,2,309.29,4.25,D,0
40.13915,-3.24004,367,0.35,0.57,2024-08-24,1352,N20,VIIRS,h,2,308.37,4.25,D,0
37.20409,-5.59478,344.72,0.49,0.49,2024-08-24,1352,N20,VIIRS,n,2,311.73,6.99,D,0
37.20683,-5.42938,344.96,0.5,0.49,2024-08-24,1352,N20,VIIRS,n,2,311.21,6.69,D,0
42.02199,-7.19101,339.55,0.46,0.47,2024-08-24,1353,N20,VIIRS,n,2,303.39,7.69,D,0
41.45392,1.97933,306,0.54,0.42,2024-08-25,0210,N20,VIIRS,n,2,292.44,1.36,N,2
43.34779,-8.43591,300.4,0.49,0.4,2024-08-25,0210,N20,VIIRS,n,2,286.33,0.6,N,2
42.5527,-6.77004,305.8,0.42,0.38,2024-08-25,0210,N20,VIIRS,n,2,286.29,1.03,N,2
42.55416,-6.76763,298.5,0.43,0.38,2024-08-25,0210,N20,VIIRS,n,2,285.33,1.07,N,2
41.40562,1.99536,304.84,0.55,0.42,2024-08-25,0210,N20,VIIRS,n,2,292.47,1.31,N,2
41.92593,0.17935,307.93,0.46,0.39,2024-08-25,0210,N20,VIIRS,n,2,288.04,0.59,N,2
40.24627,-3.47363,323.89,0.39,0.36,2024-08-25,0211,N20,VIIRS,n,2,295.04,3.06,N,2
38.37751,-0.5456,307.33,0.48,0.4,2024-08-25,0211,N20,VIIRS,n,2,295.35,1.26,N,2
37.83893,-4.55678,313.83,0.39,0.36,2024-08-25,0212,N20,VIIRS,n,2,294.15,0.95,N,0
39.43391,-2.71828,336.98,0.41,0.45,2024-08-25,1333,N20,VIIRS,n,2,306.79,4.57,D,0
40.01251,-4.8153,344.67,0.5,0.41,2024-08-25,1333,N20,VIIRS,n,2,314.33,6.44,D,0
39.42934,-2.72247,344.66,0.41,0.45,2024-08-25,1333,N20,VIIRS,n,2,309.31,12.72,D,0
37.29082,-6.29115,349.74,0.42,0.38,2024-08-25,1333,N20,VIIRS,n,2,319.43,9.03,D,0
39.43156,-2.72029,367,0.41,0.45,2024-08-25,1333,N20,VIIRS,h,2,310.89,11.8,D,0
39.42978,-2.71765,338.2,0.41,0.45,2024-08-25,1333,N20,VIIRS,l,2,308.34,4.57,D,0
43.52789,-5.72979,329.83,0.5,0.41,2024-08-25,1334,N20,VIIRS,n,2,295.58,4.37,D,2
42.79077,-6.5709,354.19,0.43,0.46,2024-08-26,0151,N20,VIIRS,n,2,293.97,12.44,N,0
42.79123,-6.57623,338.9,0.43,0.46,2024-08-26,0151,N20,VIIRS,n,2,285.93,12.44,N,0
42.92134,-1.51045,297.48,0.42,0.37,2024-08-26,0151,N20,VIIRS,n,2,285.19,0.56,N,0
43.5264,-5.7274,325.51,0.4,0.44,2024-08-26,0151,N20,VIIRS,n,2,288.76,3.34,N,2
43.53048,-5.72661,303.14,0.4,0.44,2024-08-26,0151,N20,VIIRS,n,2,285.91,1.05,N,2
43.54076,-5.83705,295.5,0.41,0.45,2024-08-26,0151,N20,VIIRS,n,2,285.19,0.95,N,2
42.79186,-6.57718,331.99,0.43,0.46,2024-08-26,0151,N20,VIIRS,n,2,283.3,4.26,N,0
43.56231,-5.72465,297.37,0.4,0.44,2024-08-26,0151,N20,VIIRS,n,2,286.19,0.41,N,0
43.54029,-5.83201,353.37,0.41,0.45,2024-08-26,0151,N20,VIIRS,n,2,289.35,11.66,N,2
43.54488,-5.83643,295.75,0.41,0.45,2024-08-26,0151,N20,VIIRS,n,2,285.71,0.95,N,2
43.55548,-5.8606,303.67,0.41,0.45,2024-08-26,0151,N20,VIIRS,n,2,285.99,1.42,N,2
43.55956,-5.72651,298.28,0.4,0.44,2024-08-26,0151,N20,VIIRS,n,2,286.24,0.72,N,0
42.7909,-6.56662,315.35,0.43,0.46,2024-08-26,0151,N20,VIIRS,n,2,284.06,12.6,N,0
42.79138,-6.57185,353.45,0.43,0.46,2024-08-26,0151,N20,VIIRS,n,2,293.49,12.6,N,0
39.95357,-4.6134,304.92,0.49,0.4,2024-08-26,0152,N20,VIIRS,n,2,294.52,1.41,N,0
41.4086,1.99797,301.48,0.39,0.36,2024-08-26,0152,N20,VIIRS,n,2,290.22,0.49,N,2
41.47625,-1.48525,302.44,0.41,0.37,2024-08-26,0152,N20,VIIRS,n,2,287.68,0.43,N,2
38.37759,-0.54479,311,0.38,0.36,2024-08-26,0152,N20,VIIRS,n,2,293.63,1.18,N,2
41.40532,1.997,302.74,0.39,0.36,2024-08-26,0152,N20,VIIRS,n,2,290.96,0.91,N,2
37.20895,-3.7366,307.36,0.43,0.38,2024-08-26,0153,N20,VIIRS,n,2,292.61,0.74,N,0
37.20959,-3.74144,319.87,0.43,0.38,2024-08-26,0153,N20,VIIRS,n,2,292.52,1.77,N,0
37.20167,-5.93688,303.62,0.52,0.42,2024-08-26,0153,N20,VIIRS,n,2,293.11,0.74,N,0
43.5243,-5.73414,296.36,0.65,0.73,2024-08-26,0331,N20,VIIRS,n,2,281.42,0.92,N,2
43.53041,-5.7303,296.82,0.65,0.73,2024-08-26,0331,N20,VIIRS,n,2,281.89,0.92,N,2
43.52181,-5.72679,298.66,0.65,0.73,2024-08-26,0331,N20,VIIRS,n,2,281.23,1.13,N,2
42.78986,-6.57772,303.44,0.63,0.72,2024-08-26,0332,N20,VIIRS,n,2,282.14,2.49,N,0
42.7896,-6.57872,303.01,0.63,0.72,2024-08-26,0332,N20,VIIRS,n,2,282.68,2.09,N,0
42.56435,-8.53038,313.12,0.52,0.67,2024-08-26,0332,N20,VIIRS,n,2,284.97,1.46,N,0
37.78527,-4.93092,342.4,0.39,0.36,2024-08-26,1314,N20,VIIRS,l,2,314.11,5.51,D,0
36.93417,-3.81189,337.08,0.38,0.36,2024-08-26,1314,N20,VIIRS,n,2,307.15,3.27,D,0
37.51864,-4.89056,337.16,0.39,0.36,2024-08-26,1314,N20,VIIRS,l,2,311.64,2.84,D,0
41.53871,-5.72173,339.47,0.38,0.36,2024-08-26,1315,N20,VIIRS,n,2,310.23,1.63,D,0
42.36786,-5.58685,342.57,0.38,0.36,2024-08-26,1315,N20,VIIRS,n,2,312.42,5.37,D,0
42.36459,-5.58596,346.16,0.38,0.36,2024-08-26,1315,N20,VIIRS,n,2,314.14,6.87,D,0
40.17383,-4.13002,340.93,0.39,0.36,2024-08-26,1315,N20,VIIRS,l,2,313.64,2.41,D,0
40.17712,-4.13082,340.9,0.39,0.36,2024-08-26,1315,N20,VIIRS,l,2,313.65,2.43,D,0
43.5384,-5.8313,335.01,0.39,0.36,2024-08-26,1316,N20,VIIRS,n,2,300.63,4.45,D,2
43.52285,-5.72886,336.53,0.39,0.36,2024-08-26,1316,N20,VIIRS,n,2,302.48,2.33,D,2
43.5272,-5.72842,300.21,0.35,0.56,2024-08-27,0132,N20,VIIRS,n,2,289.36,0.82,N,2
43.53791,-5.83202,337.87,0.35,0.57,2024-08-27,0132,N20,VIIRS,n,2,287.57,2.01,N,2
43.54317,-5.83153,318.87,0.35,0.57,2024-08-27,0132,N20,VIIRS,n,2,288.55,2.01,N,2
43.53756,-5.83494,302.98,0.35,0.57,2024-08-27,0132,N20,VIIRS,n,2,286.69,1.62,N,2
43.04292,-2.21802,303.29,0.46,0.47,2024-08-27,0132,N20,VIIRS,n,2,285.6,0.58,N,2
43.03859,-2.21875,299.79,0.46,0.47,2024-08-27,0132,N20,VIIRS,n,2,287.29,0.94,N,2
43.54261,-5.82987,307.97,0.35,0.57,2024-08-27,0132,N20,VIIRS,n,2,287.77,1.62,N,2
43.54282,-5.83455,330.85,0.35,0.57,2024-08-27,0132,N20,VIIRS,n,2,288.12,1.62,N,2
43.52765,-5.73683,333.1,0.35,0.56,2024-08-27,0132,N20,VIIRS,n,2,288.59,3.75,N,2
42.55582,-6.76896,297.74,0.38,0.59,2024-08-27,0133,N20,VIIRS,n,2,287.72,0.53,N,2
41.67614,-5.59472,305.57,0.33,0.55,2024-08-27,0133,N20,VIIRS,n,2,284.7,0.45,N,0
40.24446,-3.4745,325.1,0.49,0.49,2024-08-27,0133,N20,VIIRS,n,2,290.78,3.38,N,2
40.10296,-4.40379,301.83,0.55,0.51,2024-08-27,0133,N20,VIIRS,n,2,290.41,0.49,N,0
41.74256,-1.14431,310.18,0.39,0.44,2024-08-27,0133,N20,VIIRS,n,2,289.93,1.53,N,0
41.47496,-1.48713,306.03,0.4,0.45,2024-08-27,0133,N20,VIIRS,n,2,291.08,0.66,N,2
42.55037,-6.76973,297.8,0.38,0.59,2024-08-27,0133,N20,VIIRS,n,2,286.46,0.53,N,2
37.36171,-6.67545,302.86,0.34,0.56,2024-08-27,0134,N20,VIIRS,n,2,290.75,0.67,N,2
38.37739,-0.5439,304.57,0.51,0.41,2024-08-27,0134,N20,VIIRS,n,2,292.63,1.11,N,2
43.54316,-5.83402,297.74,0.39,0.59,2024-08-27,0313,N20,VIIRS,n,2,287.4,1.41,N,2
43.53975,-5.83231,303.63,0.39,0.59,2024-08-27,0313,N20,VIIRS,n,2,288.22,1.54,N,2
40.24703,-3.47742,309.33,0.63,0.72,2024-08-27,0313,N20,VIIRS,n,2,289.94,2.66,N,2
37.08096,-5.66564,338.23,0.39,0.44,2024-08-27,1255,N20,VIIRS,l,2,311.12,5.08,D,0
36.96632,-1.90537,332.01,0.42,0.37,2024-08-27,1255,N20,VIIRS,l,2,303.61,2.78,D,2
36.62622,-6.06518,335.12,0.42,0.45,2024-08-27,1255,N20,VIIRS,l,2,306.25,2.16,D,0
38.31791,-0.51527,330.89,0.39,0.36,2024-08-27,1255,N20,VIIRS,l,2,302.24,3.85,D,3
37.37803,-5.89312,340.84,0.39,0.44,2024-08-27,1255,N20,VIIRS,n,2,310.64,3.77,D,0
38.37483,-0.54339,330.68,0.39,0.36,2024-08-27,1255,N20,VIIRS,l,2,305.02,1.32,D,2
38.61476,-0.58187,340.85,0.39,0.36,2024-08-27,1255,N20,VIIRS,n,2,305.54,5.56,D,0
38.61664,-0.59147,346.87,0.39,0.36,2024-08-27,1255,N20,VIIRS,n,2,305.24,8.65,D,0
39.27143,-0.46218,340.99,0.38,0.36,2024-08-27,1255,N20,VIIRS,n,2,303.91,2.39,D,0
39.42805,-2.85179,343.91,0.42,0.38,2024-08-27,1255,N20,VIIRS,l,2,314.85,8.42,D,0
39.43143,-2.85278,355.37,0.42,0.38,2024-08-27,1255,N20,VIIRS,n,2,317.21,8.42,D,0
41.31515,2.10289,335.9,0.42,0.38,2024-08-27,1256,N20,VIIRS,n,2,301.73,2.82,D,0
43.18822,-2.68207,333.91,0.39,0.36,2024-08-27,1256,N20,VIIRS,n,2,303.77,1.83,D,0
41.19275,-6.58132,345.78,0.54,0.42,2024-08-27,1256,N20,VIIRS,n,2,314.55,9.22,D,0
39.43043,-2.85632,346.2,0.42,0.38,2024-08-27,1256,N20,VIIRS,n,2,316.34,6.27,D,0
39.43127,-2.85155,347.2,0.42,0.38,2024-08-27,1256,N20,VIIRS,n,2,315.94,11.58,D,0
39.94664,-2.60075,341.13,0.41,0.37,2024-08-27,1256,N20,VIIRS,n,2,308.64,1.99,D,0
38.88372,-6.28077,351.41,0.38,0.43,2024-08-27,1256,N20,VIIRS,n,2,312.95,10.17,D,0
38.88464,-6.27643,341.66,0.38,0.43,2024-08-27,1256,N20,VIIRS,n,2,307.82,4.44,D,0
38.8816,-6.2771,354.94,0.38,0.43,2024-08-27,1256,N20,VIIRS,n,2,313.5,10.28,D,0
40.24277,-3.47329,338.74,0.43,0.38,2024-08-27,1256,N20,VIIRS,l,2,312.2,3.74,D,2
40.11509,-3.65068,339.97,0.43,0.38,2024-08-27,1256,N20,VIIRS,l,2,310.83,2.36,D,0
39.87058,-6.23645,341.91,0.55,0.43,2024-08-27,1256,N20,VIIRS,n,2,315.21,11.53,D,0
43.53894,-5.82763,330.31,0.46,0.39,2024-08-27,1257,N20,VIIRS,n,2,297.28,1.91,D,2
42.6017,-8.25131,338.82,0.4,0.44,2024-08-27,1257,N20,VIIRS,n,2,296.95,1.99,D,0
43.29731,-3.01661,340.96,0.39,0.36,2024-08-27,1257,N20,VIIRS,n,2,304.68,3.53,D,0
41.96285,-8.00306,329.25,0.78,0.78,2024-08-27,1437,N20,VIIRS,n,2,293.56,3.28,D,0
42.92388,-1.51087,298.52,0.37,0.58,2024-08-28,0113,N20,VIIRS,n,2,288.1,0.37,N,0
42.85838,-2.71763,300.85,0.42,0.61,2024-08-28,0113,N20,VIIRS,n,2,286.29,0.84,N,0
41.47636,-1.48673,301.68,0.35,0.57,2024-08-28,0114,N20,VIIRS,n,2,290.52,0.64,N,2
40.2466,-3.47684,326.44,0.44,0.62,2024-08-28,0114,N20,VIIRS,n,2,294.03,2.56,N,2
42.55473,-6.77046,299.67,0.68,0.74,2024-08-28,0114,N20,VIIRS,n,2,286.88,0.68,N,0
40.24674,-3.47452,315.14,0.44,0.62,2024-08-28,0114,N20,VIIRS,n,2,294.27,2.3,N,2
40.24695,-3.47993,305.06,0.44,0.63,2024-08-28,0114,N20,VIIRS,n,2,291.69,1.87,N,2
38.82959,-7.03107,299.75,0.67,0.74,2024-08-28,0115,N20,VIIRS,n,2,289.12,0.8,N,0
42.92134,-1.51261,298.88,0.38,0.59,2024-08-28,0254,N20,VIIRS,n,2,286.94,0.46,N,0
38.37496,-0.54636,302.06,0.58,0.7,2024-08-28,0255,N20,VIIRS,n,2,289.51,0.67,N,2
40.24515,-3.47584,329.59,0.36,0.58,2024-08-28,0255,N20,VIIRS,n,2,292.65,2.92,N,2
37.58809,-5.23828,316.26,0.35,0.56,2024-08-28,0256,N20,VIIRS,n,2,293.31,1.66,N,0
39.75963,3.14327,344.67,0.39,0.36,2024-08-28,1236,N20,VIIRS,n,2,304.34,3.47,D,0
37.18401,-6.14347,333.43,0.36,0.58,2024-08-28,1236,N20,VIIRS,n,2,296.69,2.69,D,0
37.15708,-5.79484,348.12,0.35,0.57,2024-08-28,1236,N20,VIIRS,n,2,300.01,7.21,D,0
37.15561,-5.79118,353.3,0.35,0.57,2024-08-28,1236,N20,VIIRS,n,2,298.9,7.02,D,0
37.10308,-5.58975,331.06,0.34,0.56,2024-08-28,1236,N20,VIIRS,n,2,300.56,1.61,D,0
37.10564,-5.58869,331.06,0.34,0.56,2024-08-28,1236,N20,VIIRS,n,2,300.4,3.66,D,0
41.99348,-4.3343,347.39,0.45,0.47,2024-08-28,1237,N20,VIIRS,n,2,309.04,18.03,D,0
41.9966,-4.32244,341.92,0.45,0.47,2024-08-28,1237,N20,VIIRS,n,2,305.89,4.37,D,0
41.99778,-4.31722,334.15,0.45,0.47,2024-08-28,1237,N20,VIIRS,n,2,306.73,4.37,D,0
41.99895,-4.31199,353.29,0.45,0.47,2024-08-28,1237,N20,VIIRS,n,2,309.62,19.64,D,0
41.99016,-4.3311,352.77,0.45,0.47,2024-08-28,1237,N20,VIIRS,n,2,310.03,21.58,D,0
41.99137,-4.32575,349.23,0.45,0.47,2024-08-28,1237,N20,VIIRS,n,2,306.44,21.58,D,0
41.94776,2.24953,341.97,0.39,0.36,2024-08-28,1237,N20,VIIRS,n,2,303.25,2.54,D,0
41.98938,-4.33258,339.45,0.45,0.47,2024-08-28,1237,N20,VIIRS,n,2,306.38,18.03,D,0
41.99829,-4.31351,350.28,0.45,0.47,2024-08-28,1237,N20,VIIRS,n,2,310.54,16.21,D,0
38.95473,-5.88624,342.65,0.63,0.54,2024-08-28,1237,N20,VIIRS,n,2,307.46,5,D,0
38.64849,-6.53296,335.15,0.35,0.57,2024-08-28,1237,N20,VIIRS,l,2,309.31,4.33,D,0
38.64945,-6.52928,343.54,0.35,0.57,2024-08-28,1237,N20,VIIRS,n,2,306.69,2.29,D,0
38.6525,-6.53089,348.47,0.35,0.57,2024-08-28,1237,N20,VIIRS,n,2,306.02,2.89,D,0
38.02846,-5.68506,330.11,0.33,0.55,2024-08-28,1237,N20,VIIRS,l,2,303.29,1.78,D,0
40.24511,-3.47536,333.48,0.45,0.47,2024-08-28,1237,N20,VIIRS,l,2,306.2,2.49,D,2
41.99061,-4.32726,344.19,0.45,0.47,2024-08-28,1237,N20,VIIRS,n,2,306.64,15.6,D,0
41.99426,-4.33286,350.5,0.45,0.47,2024-08-28,1237,N20,VIIRS,n,2,309.85,10.47,D,0
41.99543,-4.32765,356.32,0.45,0.47,2024-08-28,1237,N20,VIIRS,n,2,309.85,10.47,D,0
41.99589,-4.3239,346.44,0.45,0.47,2024-08-28,1237,N20,VIIRS,n,2,307.4,15.6,D,0
41.99468,-4.3291,355.09,0.45,0.47,2024-08-28,1237,N20,VIIRS,n,2,311.44,15.6,D,0
43.02192,-4.23451,336.56,0.42,0.45,2024-08-28,1238,N20,VIIRS,l,2,308.84,3.27,D,0
43.02594,-4.23603,341.64,0.42,0.45,2024-08-28,1238,N20,VIIRS,n,2,306.95,3.27,D,0
43.02484,-4.23291,347.65,0.42,0.45,2024-08-28,1238,N20,VIIRS,n,2,308.54,11.58,D,0
42.50756,-7.96133,332.07,0.33,0.55,2024-08-28,1238,N20,VIIRS,n,2,301.8,3.63,D,0
42.5065,-7.96534,345,0.33,0.55,2024-08-28,1238,N20,VIIRS,n,2,303.39,5.9,D,0
43.54048,-5.8293,345.5,0.48,0.48,2024-08-28,1238,N20,VIIRS,n,2,294.66,9.17,D,2
37.42079,-5.07008,352.26,0.59,0.7,2024-08-28,1417,N20,VIIRS,n,2,297.41,8.99,D,0
38.89277,-5.70021,334.78,0.56,0.69,2024-08-28,1417,N20,VIIRS,n,2,299.36,7.88,D,0
38.89259,-5.70693,367,0.56,0.69,2024-08-28,1417,N20,VIIRS,h,2,302.13,7.88,D,0
38.88622,-5.70703,345.01,0.56,0.69,2024-08-28,1417,N20,VIIRS,n,2,301.07,7.88,D,0
37.42059,-5.0698,355.65,0.59,0.7,2024-08-28,1417,N20,VIIRS,n,2,297.35,10.16,D,0
37.41407,-5.06968,342.9,0.59,0.7,2024-08-28,1417,N20,VIIRS,n,2,292.35,3.18,D,0
40.91581,-4.77924,367,0.64,0.72,2024-08-28,1418,N20,VIIRS,h,2,302.23,40.35,D,0
40.91571,-4.78716,356.21,0.64,0.72,2024-08-28,1418,N20,VIIRS,n,2,307.37,50.97,D,0
40.91193,-4.78547,367,0.64,0.72,2024-08-28,1418,N20,VIIRS,h,2,306.64,24.79,D,0
40.91187,-4.79341,354.52,0.64,0.72,2024-08-28,1418,N20,VIIRS,n,2,303.52,29.84,D,0
40.91865,-4.78558,353.62,0.64,0.72,2024-08-28,1418,N20,VIIRS,n,2,302,24.79,D,0
40.90899,-4.78709,347.21,0.64,0.72,2024-08-28,1418,N20,VIIRS,n,2,303.64,10.01,D,0
40.91871,-4.77766,356.09,0.64,0.72,2024-08-28,1418,N20,VIIRS,l,2,287.58,24.79,D,0
41.18372,1.22334,343.25,0.45,0.63,2024-08-29,0055,N20,VIIRS,n,2,279.37,4.78,N,0
41.18353,1.22869,322.2,0.45,0.63,2024-08-29,0055,N20,VIIRS,n,2,279.48,4.78,N,0
41.17807,1.21743,295.31,0.45,0.63,2024-08-29,0055,N20,VIIRS,n,2,276.99,2.35,N,0
40.24405,-3.47931,303.15,0.79,0.78,2024-08-29,0055,N20,VIIRS,n,2,285.79,3.58,N,2
41.17894,1.23586,300.94,0.34,0.56,2024-08-29,0235,N20,VIIRS,n,2,289,1.03,N,0
43.5302,-5.73025,297.3,0.45,0.39,2024-08-29,0235,N20,VIIRS,n,2,277.32,0.71,N,2
43.52673,-5.7315,300.01,0.45,0.39,2024-08-29,0235,N20,VIIRS,n,2,277.77,0.71,N,2
43.52568,-5.72609,306.69,0.45,0.39,2024-08-29,0235,N20,VIIRS,n,2,277.31,1.29,N,2
43.52644,-5.72721,304.01,0.45,0.39,2024-08-29,0235,N20,VIIRS,n,2,277.25,2.15,N,2
43.52298,-5.72848,298.85,0.45,0.39,2024-08-29,0235,N20,VIIRS,n,2,276.74,1.04,N,2
41.17998,1.232,306.56,0.34,0.56,2024-08-29,0235,N20,VIIRS,n,2,289.02,0.61,N,2
42.19674,-8.27401,301.38,0.4,0.37,2024-08-29,0236,N20,VIIRS,n,2,288.54,0.62,N,0
42.19755,-8.27867,303.96,0.4,0.37,2024-08-29,0236,N20,VIIRS,n,2,288.21,0.85,N,0
42.55185,-6.77032,300.26,0.43,0.38,2024-08-29,0236,N20,VIIRS,n,2,285.78,1.19,N,2
42.19423,-8.27966,308.48,0.4,0.37,2024-08-29,0236,N20,VIIRS,n,2,290.61,1.36,N,0
37.12806,-5.76829,310.14,0.57,0.43,2024-08-29,0237,N20,VIIRS,n,2,290.64,1.43,N,0
38.285,-1.50836,337.65,0.35,0.56,2024-08-29,1218,N20,VIIRS,n,2,296,2.25,D,0
37.3364,-6.64603,353.48,0.68,0.74,2024-08-29,1218,N20,VIIRS,n,2,296.44,11.95,D,0
37.33899,-6.64919,331.69,0.68,0.74,2024-08-29,1218,N20,VIIRS,n,2,295.9,6.31,D,0
37.3327,-6.64586,341.69,0.68,0.74,2024-08-29,1218,N20,VIIRS,n,2,296.45,6.31,D,0
42.45518,-6.03378,327.24,0.45,0.63,2024-08-29,1219,N20,VIIRS,n,2,291.31,1.42,D,0
41.95973,0.51487,367,0.69,0.74,2024-08-29,1359,N20,VIIRS,h,2,292.07,18.44,D,0
41.18084,1.23181,337.04,0.4,0.44,2024-08-30,0217,N20,VIIRS,n,2,293.72,10.76,N,2
40.24695,-3.47613,301.91,0.41,0.37,2024-08-30,0217,N20,VIIRS,n,2,286.97,1.01,N,2
42.23989,-8.18105,299.92,0.42,0.38,2024-08-30,0217,N20,VIIRS,n,2,281.45,0.52,N,0
42.55349,-6.7662,300.88,0.39,0.36,2024-08-30,0217,N20,VIIRS,n,2,286.77,0.34,N,2
41.18187,1.22718,310.37,0.4,0.44,2024-08-30,0217,N20,VIIRS,n,2,291.73,6.5,N,2
39.11586,-5.69851,319.2,0.39,0.36,2024-08-30,0218,N20,VIIRS,n,2,292.07,1.59,N,0
38.99057,-5.89555,303.07,0.39,0.36,2024-08-30,0218,N20,VIIRS,n,2,290.95,0.59,N,0
38.99384,-5.89468,305.82,0.39,0.36,2024-08-30,0218,N20,VIIRS,n,2,292.03,0.59,N,0
37.47202,-5.34176,325.99,0.4,0.37,2024-08-30,0218,N20,VIIRS,n,2,293.72,2.09,N,0
38.37824,-0.546,304.91,0.57,0.43,2024-08-30,0218,N20,VIIRS,n,2,288.65,4.08,N,2
37.90088,-4.51474,317.23,0.41,0.37,2024-08-30,0218,N20,VIIRS,n,2,292.8,1.48,N,0
41.1803,1.2324,367,0.37,0.58,2024-08-30,1159,N20,VIIRS,h,2,293.83,7.56,D,2
38.99382,-5.73868,337.92,0.52,0.42,2024-08-30,1339,N20,VIIRS,n,2,305.03,18.68,D,0
38.99446,-5.73263,344.05,0.52,0.42,2024-08-30,1339,N20,VIIRS,n,2,307.98,18.68,D,0
40.24507,-3.47184,332.86,0.47,0.47,2024-08-30,1340,N20,VIIRS,n,2,300.24,2.28,D,2
40.24665,-3.47483,299.65,0.41,0.37,2024-08-31,0158,N20,VIIRS,n,2,261.98,0.75,N,2
39.54906,-3.85115,303.49,0.41,0.37,2024-08-31,0158,N20,VIIRS,n,2,287.12,0.31,N,0
39.96272,-4.44298,305.33,0.43,0.38,2024-08-31,0158,N20,VIIRS,n,2,289.99,4.05,N,0
39.96207,-4.438,325.33,0.43,0.38,2024-08-31,0158,N20,VIIRS,n,2,291.78,4.05,N,0
40.01034,-3.90031,300.89,0.41,0.37,2024-08-31,0158,N20,VIIRS,n,2,288.56,1.35,N,2
41.31126,1.66364,314.96,0.41,0.37,2024-08-31,0158,N20,VIIRS,n,2,291.54,2.1,N,2
42.55371,-6.76755,299.45,0.56,0.43,2024-08-31,0158,N20,VIIRS,n,2,286.7,0.82,N,2
37.17834,-6.8959,314.26,0.49,0.4,2024-08-31,0159,N20,VIIRS,n,2,290.9,1.09,N,0
36.96841,-1.90507,313.92,0.38,0.36,2024-08-31,0159,N20,VIIRS,n,2,293.64,1.32,N,2
37.38633,-5.87655,332.92,0.38,0.36,2024-08-31,1320,N20,VIIRS,n,2,294.39,1.6,D,0
39.86656,-1.89471,333.41,0.49,0.4,2024-08-31,1321,N20,VIIRS,n,2,290.83,5.78,D,0
38.89825,-6.33246,338.31,0.38,0.36,2024-08-31,1321,N20,VIIRS,n,2,310.26,2.1,D,0
38.89891,-6.32808,340.7,0.38,0.36,2024-08-31,1321,N20,VIIRS,n,2,311.43,6.02,D,0
40.2434,-3.47365,315.99,0.41,0.45,2024-09-01,0139,N20,VIIRS,n,2,286.74,2.23,N,2
42.55287,-6.7677,299.41,0.32,0.54,2024-09-01,0139,N20,VIIRS,n,2,286.93,0.48,N,2
42.5531,-6.77151,296.95,0.32,0.54,2024-09-01,0139,N20,VIIRS,n,2,285.54,0.48,N,2
39.86631,-1.89622,297.83,0.52,0.41,2024-09-01,0139,N20,VIIRS,n,2,268.76,0.46,N,0
38.3761,-0.54604,305.93,0.44,0.38,2024-09-01,0140,N20,VIIRS,n,2,291.68,0.88,N,2
37.17767,-6.89694,306.91,0.57,0.52,2024-09-01,0140,N20,VIIRS,n,2,293.08,1.68,N,0
36.9682,-1.90559,311.23,0.48,0.4,2024-09-01,0140,N20,VIIRS,n,2,294.36,1.9,N,2
40.24392,-3.47802,301.97,0.75,0.77,2024-09-01,0319,N20,VIIRS,n,2,279.79,1.94,N,2
40.24217,-3.4761,298.08,0.75,0.77,2024-09-01,0319,N20,VIIRS,n,2,280.22,1.47,N,2
39.12966,-5.627,341.73,0.46,0.39,2024-09-01,1302,N20,VIIRS,n,2,306.57,8.31,D,0
39.20771,-3.90831,331.8,0.41,0.37,2024-09-01,1302,N20,VIIRS,n,2,295.7,1.98,D,0
40.24526,-3.71831,335.89,0.4,0.37,2024-09-01,1302,N20,VIIRS,n,2,303.03,1.56,D,0
40.31216,-3.7326,337,0.4,0.37,2024-09-01,1302,N20,VIIRS,n,2,301.81,3.15,D,0
39.86765,-1.89675,331.8,0.38,0.36,2024-09-01,1302,N20,VIIRS,n,2,296.84,3.16,D,0
41.20097,-4.35721,336.67,0.4,0.37,2024-09-01,1302,N20,VIIRS,n,2,306.14,2.18,D,0
42.34759,-3.68056,336.13,0.39,0.36,2024-09-01,1302,N20,VIIRS,n,2,300.5,5.23,D,0
41.66329,-3.71924,336.42,0.39,0.36,2024-09-01,1302,N20,VIIRS,n,2,303.6,2.63,D,0
43.52492,-5.72911,329.01,0.41,0.37,2024-09-01,1303,N20,VIIRS,l,2,299.89,3.08,D,2
43.53913,-5.82902,328.65,0.41,0.37,2024-09-01,1303,N20,VIIRS,n,2,296.71,2.08,D,2
43.03859,-2.22003,302.25,0.33,0.55,2024-09-02,0120,N20,VIIRS,n,2,287.64,0.65,N,2
40.24378,-3.47717,324.31,0.36,0.58,2024-09-02,0120,N20,VIIRS,n,2,287.68,2.82,N,2
41.31442,1.66003,315.88,0.4,0.45,2024-09-02,0120,N20,VIIRS,n,2,290.41,1.16,N,2
43.32639,-3.10601,295.95,0.37,0.58,2024-09-02,0120,N20,VIIRS,n,2,282.99,0.56,N,0
38.68721,-0.26644,299.88,0.47,0.48,2024-09-02,0121,N20,VIIRS,n,2,286.15,0.69,N,0
37.36135,-6.67542,301.16,0.52,0.67,2024-09-02,0121,N20,VIIRS,n,2,290.04,0.58,N,2
38.66995,-4.05438,305.95,0.38,0.59,2024-09-02,0121,N20,VIIRS,n,2,290.38,1.35,N,0
42.92342,-1.51268,295.05,0.46,0.63,2024-09-02,0300,N20,VIIRS,n,2,284.34,0.54,N,0
41.313,1.66332,301.78,0.72,0.76,2024-09-02,0300,N20,VIIRS,n,2,286.09,2.27,N,2
41.31391,1.66209,305.53,0.72,0.75,2024-09-02,0300,N20,VIIRS,n,2,286.36,3.28,N,2
40.24669,-3.47329,314.66,0.44,0.62,2024-09-02,0301,N20,VIIRS,n,2,287.61,1.61,N,2
38.66938,-4.04923,306.52,0.45,0.63,2024-09-02,0301,N20,VIIRS,n,2,288.66,1.84,N,2
37.62591,-4.83821,306.72,0.44,0.62,2024-09-02,0302,N20,VIIRS,n,2,288.48,1.32,N,0
37.62286,-4.83626,311.39,0.44,0.62,2024-09-02,0302,N20,VIIRS,n,2,288.74,0.88,N,0
37.33901,-7.1316,301.58,0.34,0.56,2024-09-02,0302,N20,VIIRS,n,2,288.63,0.46,N,0
37.33545,-7.13036,301.2,0.34,0.56,2024-09-02,0302,N20,VIIRS,n,2,288.9,0.53,N,0
37.41497,-5.5989,334.7,0.55,0.51,2024-09-02,1242,N20,VIIRS,n,2,305.78,2.78,D,0
36.80199,-5.80718,336.15,0.59,0.53,2024-09-02,1242,N20,VIIRS,n,2,305.78,4.96,D,0
36.80194,-5.80675,336.22,0.59,0.53,2024-09-02,1242,N20,VIIRS,n,2,306,5.18,D,0
37.75874,-4.79071,331.52,0.49,0.49,2024-09-02,1243,N20,VIIRS,l,2,306.11,1.76,D,0
39.01306,-1.88035,341.79,0.51,0.41,2024-09-02,1243,N20,VIIRS,n,2,301.94,9.67,D,0
41.31266,1.66454,335.5,0.39,0.36,2024-09-02,1243,N20,VIIRS,n,2,304.74,3.37,D,2
37.82019,-4.62222,336,0.48,0.48,2024-09-02,1243,N20,VIIRS,l,2,306.48,1.88,D,0
37.65634,-5.53402,339.88,0.68,0.74,2024-09-02,1423,N20,VIIRS,n,2,299.57,4.6,D,0
37.65623,-5.53334,337.84,0.68,0.74,2024-09-02,1423,N20,VIIRS,n,2,299.83,6.31,D,0
42.50828,-1.68719,305.7,0.54,0.68,2024-09-03,0101,N20,VIIRS,n,2,275.56,3.05,N,0
42.50813,-1.68066,309.65,0.54,0.68,2024-09-03,0101,N20,VIIRS,n,2,278.61,3.32,N,0
40.24918,-3.48133,304.05,0.65,0.73,2024-09-03,0101,N20,VIIRS,n,2,288.22,1.85,N,2
40.24725,-3.48127,304.81,0.65,0.73,2024-09-03,0101,N20,VIIRS,n,2,288.12,1.9,N,2
38.9471,-2.01388,347.49,0.54,0.68,2024-09-03,0102,N20,VIIRS,n,2,288.72,25.95,N,0
38.37904,-0.54676,301,0.44,0.62,2024-09-03,0102,N20,VIIRS,n,2,288.84,0.52,N,2
38.9473,-2.02014,367,0.54,0.68,2024-09-03,0102,N20,VIIRS,h,2,288.51,31.11,N,0
38.95084,-2.01261,310.21,0.54,0.68,2024-09-03,0102,N20,VIIRS,n,2,287.84,19.7,N,0
38.95117,-2.02517,297.79,0.54,0.68,2024-09-03,0102,N20,VIIRS,n,2,286.88,11.18,N,0
38.95101,-2.01889,367,0.54,0.68,2024-09-03,0102,N20,VIIRS,h,2,290.31,19.7,N,0
39.41771,-3.80514,306.49,0.67,0.74,2024-09-03,0102,N20,VIIRS,n,2,284.5,1.1,N,0
39.41841,-3.80532,306.51,0.67,0.74,2024-09-03,0102,N20,VIIRS,n,2,284.25,1.1,N,0
38.94997,-2.01863,303.59,0.32,0.55,2024-09-03,0242,N20,VIIRS,n,2,270.43,1.75,N,0
39.41737,-3.80563,302.5,0.51,0.49,2024-09-03,0242,N20,VIIRS,n,2,283.04,0.41,N,0
40.24369,-3.47707,317.46,0.5,0.49,2024-09-03,0242,N20,VIIRS,n,2,289.61,2.37,N,2
38.94907,-2.01507,332.71,0.32,0.55,2024-09-03,0242,N20,VIIRS,n,2,267.6,1.75,N,0
38.37779,-0.54642,300.88,0.4,0.6,2024-09-03,0242,N20,VIIRS,n,2,288.16,0.58,N,2
38.94817,-2.01151,306.37,0.32,0.55,2024-09-03,0242,N20,VIIRS,n,2,261.98,1.55,N,0
36.96652,-1.90616,305.85,0.37,0.58,2024-09-03,0243,N20,VIIRS,n,2,292.03,1.11,N,2
38.94402,-2.01568,330.96,0.59,0.53,2024-09-03,1224,N20,VIIRS,n,2,298.82,22.16,D,0
38.94559,-2.00924,340.12,0.59,0.53,2024-09-03,1224,N20,VIIRS,n,2,297.62,22.16,D,0
36.79922,-5.80892,332.74,0.53,0.67,2024-09-03,1224,N20,VIIRS,l,2,303.37,2.73,D,0
37.69267,-4.7077,345.77,0.42,0.61,2024-09-03,1404,N20,VIIRS,n,2,305.58,2.62,D,0
37.69512,-4.70925,338.17,0.41,0.61,2024-09-03,1404,N20,VIIRS,n,2,304.47,3.63,D,0
36.69834,-6.23736,350.16,0.33,0.56,2024-09-03,1404,N20,VIIRS,n,2,307.6,4.11,D,0
43.54097,-5.82819,297.04,0.39,0.36,2024-09-04,0222,N20,VIIRS,n,2,285.98,1.96,N,2
43.52814,-5.72831,305.78,0.39,0.36,2024-09-04,0222,N20,VIIRS,n,2,288.08,0.59,N,2
43.5289,-5.73303,296.07,0.39,0.36,2024-09-04,0222,N20,VIIRS,n,2,285.64,0.59,N,2
43.53847,-5.83389,325.3,0.39,0.36,2024-09-04,0222,N20,VIIRS,n,2,285.59,1.42,N,2
43.52563,-5.73404,303.1,0.39,0.36,2024-09-04,0222,N20,VIIRS,n,2,287.77,1.39,N,2
43.53141,-5.72731,303.46,0.39,0.36,2024-09-04,0222,N20,VIIRS,n,2,286.8,0.59,N,2
43.52487,-5.72932,321.81,0.39,0.36,2024-09-04,0222,N20,VIIRS,n,2,287.29,1.39,N,2
43.5425,-5.83758,306.69,0.39,0.36,2024-09-04,0222,N20,VIIRS,n,2,285.93,1.42,N,2
43.54174,-5.83288,325.63,0.39,0.36,2024-09-04,0222,N20,VIIRS,n,2,288.26,1.42,N,2
42.0232,-8.08996,343.82,0.39,0.36,2024-09-04,0223,N20,VIIRS,n,2,300.44,29.4,N,0
41.18176,1.23372,333.14,0.47,0.48,2024-09-04,0223,N20,VIIRS,n,2,283.67,7.69,N,2
42.01333,-8.09266,320.7,0.39,0.36,2024-09-04,0223,N20,VIIRS,n,2,285.93,1.86,N,0
42.0258,-8.08442,312.37,0.39,0.36,2024-09-04,0223,N20,VIIRS,n,2,287.15,29.4,N,0
42.02718,-8.09374,303.79,0.39,0.36,2024-09-04,0223,N20,VIIRS,n,2,280.37,0.79,N,0
42.02649,-8.08907,331.05,0.39,0.36,2024-09-04,0223,N20,VIIRS,n,2,282.49,29.4,N,0
41.18305,1.22829,339.42,0.47,0.48,2024-09-04,0223,N20,VIIRS,n,2,285.55,9.43,N,2
43.34438,-8.43616,297.7,0.4,0.37,2024-09-04,0223,N20,VIIRS,n,2,286.44,0.68,N,2
43.34773,-8.43531,301.81,0.4,0.37,2024-09-04,0223,N20,VIIRS,n,2,286.42,0.68,N,2
42.01662,-8.09175,331.29,0.39,0.36,2024-09-04,0223,N20,VIIRS,n,2,284.97,15.1,N,0
42.0206,-8.09551,295.1,0.39,0.36,2024-09-04,0223,N20,VIIRS,n,2,280.83,1.34,N,0
42.01922,-8.08619,321.75,0.39,0.36,2024-09-04,0223,N20,VIIRS,n,2,283.43,15.1,N,0
42.01991,-8.09085,340.01,0.39,0.36,2024-09-04,0223,N20,VIIRS,n,2,297.96,15.1,N,0
42.02978,-8.08819,314.85,0.39,0.36,2024-09-04,0223,N20,VIIRS,n,2,280.25,1.88,N,0
42.11437,-8.67303,316.79,0.4,0.37,2024-09-04,0223,N20,VIIRS,n,2,286.07,1.48,N,0
42.02909,-8.08354,326.38,0.39,0.36,2024-09-04,0223,N20,VIIRS,n,2,280.95,1.88,N,0
42.03047,-8.09286,322.13,0.39,0.36,2024-09-04,0223,N20,VIIRS,n,2,280.39,2.05,N,0
42.55211,-6.7687,303.13,0.38,0.36,2024-09-04,0223,N20,VIIRS,n,2,286.31,0.79,N,2
42.01402,-8.0973,298.37,0.39,0.36,2024-09-04,0223,N20,VIIRS,n,2,281.49,0.95,N,0
42.02388,-8.09462,304.49,0.39,0.36,2024-09-04,0223,N20,VIIRS,n,2,280.68,0.79,N,0
41.17882,1.22656,299.63,0.47,0.48,2024-09-04,0223,N20,VIIRS,n,2,285.16,2,N,0
38.66309,-4.0457,299.5,0.46,0.39,2024-09-04,0224,N20,VIIRS,n,2,286.84,0.45,N,2
37.76258,-0.89351,303.06,0.44,0.46,2024-09-04,0224,N20,VIIRS,n,2,292.51,0.86,N,0
38.94723,-2.01352,333.34,0.56,0.43,2024-09-04,0224,N20,VIIRS,n,2,291.33,17.59,N,0
38.66764,-4.04982,305.98,0.46,0.39,2024-09-04,0224,N20,VIIRS,n,2,289.68,1.46,N,2
38.6641,-4.0509,296.94,0.46,0.39,2024-09-04,0224,N20,VIIRS,n,2,286.45,0.45,N,2
37.36191,-5.9377,303.73,0.42,0.37,2024-09-04,0224,N20,VIIRS,n,2,289.79,0.38,N,0
36.96748,-1.90677,306.24,0.41,0.45,2024-09-04,0224,N20,VIIRS,n,2,293,1.48,N,2
38.94814,-2.0096,340.24,0.51,0.66,2024-09-04,1205,N20,VIIRS,n,2,296.66,8.36,D,0
38.94403,-2.01351,337.76,0.33,0.55,2024-09-04,1345,N20,VIIRS,n,2,300.01,2.59,D,0
37.72568,-4.47752,342.78,0.47,0.48,2024-09-04,1345,N20,VIIRS,n,2,311.68,2.53,D,0
38.94912,-2.01399,367,0.33,0.55,2024-09-04,1345,N20,VIIRS,h,2,302.54,4.23,D,0
42.03082,-8.09039,345.61,0.52,0.42,2024-09-04,1346,N20,VIIRS,n,2,310.69,21.01,D,0
42.02636,-8.09583,367,0.52,0.42,2024-09-04,1346,N20,VIIRS,h,2,337.28,74.44,D,0
42.02766,-8.08342,344.27,0.52,0.42,2024-09-04,1346,N20,VIIRS,n,2,306.69,99.49,D,0
42.03148,-8.08413,340.12,0.52,0.42,2024-09-04,1346,N20,VIIRS,n,2,310.77,21.01,D,0
42.0353,-8.08477,345.35,0.52,0.42,2024-09-04,1346,N20,VIIRS,n,2,304.06,21.01,D,0
42.02319,-8.08894,341.9,0.52,0.42,2024-09-04,1346,N20,VIIRS,n,2,316.34,99.49,D,0
42.00603,-8.10452,339.3,0.52,0.42,2024-09-04,1346,N20,VIIRS,n,2,291,176.26,D,0
42.01049,-8.0989,341.66,0.52,0.42,2024-09-04,1346,N20,VIIRS,n,2,294.94,64.55,D,0
42.00981,-8.10549,367,0.52,0.42,2024-09-04,1346,N20,VIIRS,l,2,361.18,176.26,D,0
42.01428,-8.09984,367,0.52,0.42,2024-09-04,1346,N20,VIIRS,h,2,338.01,82.3,D,0
42.01495,-8.09344,346.29,0.52,0.42,2024-09-04,1346,N20,VIIRS,n,2,298.31,82.3,D,0
42.01939,-8.08815,331.98,0.52,0.42,2024-09-04,1346,N20,VIIRS,n,2,301.59,6.32,D,0
42.02255,-8.09509,367,0.52,0.42,2024-09-04,1346,N20,VIIRS,h,2,338.17,74.44,D,0
42.01875,-8.09426,336.83,0.52,0.42,2024-09-04,1346,N20,VIIRS,n,2,308.72,82.3,D,0
42.01808,-8.10068,367,0.52,0.42,2024-09-04,1346,N20,VIIRS,l,2,337.29,82.3,D,0
42.027,-8.08967,367,0.52,0.42,2024-09-04,1346,N20,VIIRS,h,2,333.96,99.49,D,0
41.45687,1.97736,300.2,0.47,0.4,2024-09-05,0204,N20,VIIRS,n,2,287.63,0.48,N,2
41.40779,1.9954,300.1,0.47,0.4,2024-09-05,0204,N20,VIIRS,n,2,286.77,0.7,N,2
41.40668,2.00098,298.92,0.47,0.4,2024-09-05,0204,N20,VIIRS,n,2,287.33,0.71,N,2
41.40631,1.99899,307.99,0.47,0.4,2024-09-05,0204,N20,VIIRS,n,2,288.32,1.46,N,2
42.22243,-8.20585,348.59,0.55,0.42,2024-09-05,0204,N20,VIIRS,n,2,252.98,5.23,N,0
42.22303,-8.21173,334.79,0.55,0.42,2024-09-05,0204,N20,VIIRS,n,2,252.55,5.23,N,0
42.22364,-8.21762,334.23,0.55,0.42,2024-09-05,0204,N20,VIIRS,n,2,247.93,5.33,N,0
41.3119,1.6642,307.12,0.46,0.39,2024-09-05,0204,N20,VIIRS,n,2,289.19,1.31,N,2
41.18182,1.22948,330.15,0.45,0.39,2024-09-05,0204,N20,VIIRS,n,2,293.92,23.94,N,2
42.22751,-8.21661,348.31,0.55,0.42,2024-09-05,0204,N20,VIIRS,n,2,257.28,5.33,N,0
42.22688,-8.21057,332.8,0.55,0.42,2024-09-05,0204,N20,VIIRS,n,2,255.21,5.23,N,0
41.31292,1.65891,301.69,0.46,0.39,2024-09-05,0204,N20,VIIRS,n,2,287.17,1.2,N,2
41.99332,-8.10397,302.98,0.54,0.42,2024-09-05,0204,N20,VIIRS,n,2,259.69,2.35,N,0
42.00615,-8.11355,324.32,0.54,0.42,2024-09-05,0204,N20,VIIRS,n,2,254.66,4.3,N,0
42.22817,-8.22299,303.7,0.55,0.42,2024-09-05,0204,N20,VIIRS,n,2,252.85,5.33,N,0
42.22627,-8.20459,313.77,0.55,0.42,2024-09-05,0204,N20,VIIRS,n,2,251.14,5.23,N,0
42.22429,-8.22392,330.29,0.55,0.42,2024-09-05,0204,N20,VIIRS,n,2,253.29,5.33,N,0
42.21524,-8.21318,299.1,0.55,0.42,2024-09-05,0204,N20,VIIRS,n,2,252.1,1.83,N,0
42.21586,-8.21924,298.09,0.55,0.42,2024-09-05,0204,N20,VIIRS,n,2,249.84,1.33,N,0
42.21794,-8.20087,307.92,0.55,0.42,2024-09-05,0204,N20,VIIRS,n,2,256.65,1.95,N,0
40.00998,-3.90242,301.27,0.39,0.36,2024-09-05,0204,N20,VIIRS,n,2,289.46,0.83,N,2
39.66375,-0.24726,301.07,0.42,0.38,2024-09-05,0204,N20,VIIRS,n,2,290.86,0.57,N,2
40.24575,-3.47405,328.03,0.39,0.36,2024-09-05,0204,N20,VIIRS,n,2,291.37,2.92,N,2
43.04164,-2.21798,299.05,0.38,0.36,2024-09-05,0204,N20,VIIRS,n,2,277.79,0.54,N,2
43.03837,-2.21891,295.27,0.38,0.36,2024-09-05,0204,N20,VIIRS,n,2,277.43,0.54,N,2
42.81314,-1.73999,297.54,0.38,0.36,2024-09-05,0204,N20,VIIRS,n,2,284.25,0.65,N,2
39.99539,-0.23641,328.8,0.42,0.37,2024-09-05,0204,N20,VIIRS,n,2,289.92,3.33,N,0
42.21854,-8.20675,315.44,0.55,0.42,2024-09-05,0204,N20,VIIRS,n,2,252.78,1.83,N,0
42.21915,-8.21259,312.57,0.55,0.42,2024-09-05,0204,N20,VIIRS,n,2,255.37,1.83,N,0
42.21976,-8.21848,309.96,0.55,0.42,2024-09-05,0204,N20,VIIRS,n,2,251.37,1.33,N,0
40.57682,0.53925,303.38,0.43,0.38,2024-09-05,0204,N20,VIIRS,n,2,288.65,1.01,N,2
42.22041,-8.22483,304.9,0.55,0.42,2024-09-05,0204,N20,VIIRS,n,2,249.61,1.33,N,0
42.22181,-8.19995,322.89,0.55,0.42,2024-09-05,0204,N20,VIIRS,n,2,253.83,4.52,N,0
40.78595,-0.40917,313.72,0.41,0.37,2024-09-05,0204,N20,VIIRS,n,2,282.49,1.3,N,0
43.34599,-8.43833,304.29,0.38,0.43,2024-09-05,0204,N20,VIIRS,n,2,284.86,0.49,N,2
37.51765,-4.57647,307.22,0.39,0.36,2024-09-05,0205,N20,VIIRS,n,2,289.95,1.06,N,0
38.86581,-6.33938,299.77,0.43,0.38,2024-09-05,0205,N20,VIIRS,n,2,288.53,0.32,N,0
36.96517,-1.90477,309.77,0.4,0.37,2024-09-05,0205,N20,VIIRS,n,2,294.06,1.45,N,2
37.47383,-5.68449,305.83,0.4,0.37,2024-09-05,0205,N20,VIIRS,n,2,291.46,0.65,N,0
37.27932,-5.82122,299.48,0.4,0.37,2024-09-05,0205,N20,VIIRS,n,2,288.6,0.3,N,0
37.35914,-6.67578,302.18,0.43,0.38,2024-09-05,0205,N20,VIIRS,n,2,290.12,0.68,N,2
41.98607,-8.09891,296.08,0.79,0.78,2024-09-05,0344,N20,VIIRS,n,2,273.88,7.25,N,0
41.99265,-8.10519,311.45,0.79,0.78,2024-09-05,0344,N20,VIIRS,n,2,267.04,2.67,N,0
41.98558,-8.10779,340.16,0.79,0.78,2024-09-05,0344,N20,VIIRS,n,2,274.12,8.38,N,0
41.98977,-8.10953,343.46,0.79,0.78,2024-09-05,0344,N20,VIIRS,n,2,269.99,9.08,N,0
36.75341,-6.15403,337.26,0.39,0.36,2024-09-05,1326,N20,VIIRS,n,2,310.57,1.86,D,0
36.71474,-6.32789,342.66,0.39,0.36,2024-09-05,1326,N20,VIIRS,n,2,309.83,2.91,D,0
37.51353,-5.5252,352.08,0.4,0.37,2024-09-05,1326,N20,VIIRS,n,2,319.14,21.77,D,0
37.50832,-5.538,348.83,0.4,0.37,2024-09-05,1326,N20,VIIRS,n,2,312.52,9.79,D,0
37.51017,-5.5245,341.71,0.4,0.37,2024-09-05,1326,N20,VIIRS,n,2,311.37,1.79,D,0
36.71145,-6.32715,339.83,0.39,0.36,2024-09-05,1326,N20,VIIRS,n,2,307.43,1.99,D,0
37.51504,-5.5394,350.7,0.4,0.37,2024-09-05,1326,N20,VIIRS,n,2,316.2,31.69,D,0
41.26389,-6.59627,336.51,0.4,0.37,2024-09-05,1327,N20,VIIRS,n,2,271.49,4.25,D,0
41.92375,0.18256,328.67,0.51,0.49,2024-09-05,1327,N20,VIIRS,n,2,299.09,2.74,D,2
38.667,-4.04789,335.37,0.45,0.39,2024-09-05,1327,N20,VIIRS,l,2,307.03,1.59,D,2
41.89246,-7.48,299.53,0.57,0.52,2024-09-06,0145,N20,VIIRS,n,2,280.75,4.46,N,0
43.52517,-5.72866,305.33,0.48,0.48,2024-09-06,0145,N20,VIIRS,n,2,283.32,2.29,N,2
43.52962,-5.72801,298.79,0.48,0.48,2024-09-06,0145,N20,VIIRS,n,2,282.54,1.33,N,2
41.89281,-7.4792,299.64,0.57,0.52,2024-09-06,0145,N20,VIIRS,n,2,280.74,3.32,N,0
41.89502,-7.94344,347.5,0.6,0.53,2024-09-06,0145,N20,VIIRS,n,2,280.77,12.18,N,0
41.89759,-7.47853,336.02,0.57,0.52,2024-09-06,0145,N20,VIIRS,n,2,284.29,3.32,N,0
41.89724,-7.47928,334.28,0.57,0.52,2024-09-06,0145,N20,VIIRS,n,2,284.28,4.46,N,0
37.17603,-6.89625,303.31,0.47,0.48,2024-09-06,0146,N20,VIIRS,n,2,291.82,1.67,N,0
40.24487,-3.473,324.65,0.52,0.42,2024-09-06,0146,N20,VIIRS,n,2,290.62,3.89,N,2
40.04248,-4.48342,346.07,0.38,0.43,2024-09-06,0146,N20,VIIRS,n,2,290.71,12.02,N,0
40.04294,-4.48792,316.97,0.38,0.43,2024-09-06,0146,N20,VIIRS,n,2,285.48,3.98,N,0
40.03895,-4.48858,348.92,0.38,0.43,2024-09-06,0146,N20,VIIRS,n,2,292.11,3.66,N,0
40.03848,-4.48408,340.62,0.38,0.43,2024-09-06,0146,N20,VIIRS,n,2,287.1,6.26,N,0
40.03941,-4.49307,312.67,0.38,0.43,2024-09-06,0146,N20,VIIRS,n,2,285.23,3.66,N,0
40.03541,-4.49377,300.11,0.38,0.43,2024-09-06,0146,N20,VIIRS,n,2,285.17,3.66,N,0
40.03495,-4.48928,298.81,0.38,0.43,2024-09-06,0146,N20,VIIRS,n,2,284.56,3.66,N,0
38.94666,-2.01352,300.49,0.44,0.39,2024-09-06,0146,N20,VIIRS,n,2,288.69,0.55,N,0
39.01124,-5.6936,300.25,0.43,0.46,2024-09-06,0146,N20,VIIRS,n,2,287.84,0.43,N,0
38.37725,-0.54426,306.04,0.4,0.37,2024-09-06,0146,N20,VIIRS,n,2,292.4,1.09,N,2
38.66906,-4.05235,301.7,0.53,0.42,2024-09-06,0146,N20,VIIRS,n,2,291.08,1.73,N,2
36.96854,-1.90703,312.77,0.42,0.38,2024-09-06,0146,N20,VIIRS,n,2,294.49,1.1,N,2
37.36045,-6.67416,298.98,0.46,0.47,2024-09-06,0146,N20,VIIRS,n,2,288.68,1,N,2
37.17654,-6.89722,306.34,0.47,0.48,2024-09-06,0146,N20,VIIRS,n,2,292.04,1.72,N,0
43.5239,-5.72609,306.06,0.55,0.68,2024-09-06,0325,N20,VIIRS,n,2,279.95,1.55,N,2
43.52589,-5.7324,301.56,0.55,0.68,2024-09-06,0325,N20,VIIRS,n,2,280.76,1.55,N,2
43.52271,-5.72677,298.73,0.55,0.68,2024-09-06,0325,N20,VIIRS,n,2,279.75,1.1,N,2
43.52472,-5.73299,302.84,0.55,0.68,2024-09-06,0325,N20,VIIRS,n,2,280.65,1.97,N,2
43.53049,-5.72954,295.1,0.55,0.68,2024-09-06,0325,N20,VIIRS,n,2,280.61,0.87,N,2
36.78627,-5.98099,338.7,0.45,0.39,2024-09-06,1307,N20,VIIRS,l,2,311.77,3.33,D,0
37.59144,-4.78245,339.31,0.41,0.37,2024-09-06,1307,N20,VIIRS,n,2,312.36,2.82,D,0
37.85485,-4.52085,343.94,0.4,0.37,2024-09-06,1307,N20,VIIRS,n,2,313.9,3.33,D,0
37.89102,-4.65718,342.23,0.4,0.37,2024-09-06,1307,N20,VIIRS,n,2,313.08,7.03,D,0
36.96634,-1.90562,334.23,0.39,0.36,2024-09-06,1307,N20,VIIRS,n,2,308.92,2.08,D,2
36.78579,-5.98319,337.45,0.45,0.39,2024-09-06,1307,N20,VIIRS,l,2,311.56,3.8,D,0
40.24561,-3.47371,333.05,0.38,0.36,2024-09-06,1308,N20,VIIRS,l,2,306.05,3.22,D,2
39.64424,-3.81327,344.17,0.39,0.36,2024-09-06,1308,N20,VIIRS,n,2,309.81,8.59,D,0
41.47371,-1.48803,296.95,0.49,0.48,2024-09-07,0126,N20,VIIRS,n,2,285.97,0.73,N,2
41.02152,-5.07057,296.18,0.37,0.58,2024-09-07,0126,N20,VIIRS,n,2,279.39,0.6,N,0
41.18098,1.22852,320,0.54,0.42,2024-09-07,0126,N20,VIIRS,n,2,291.54,2.91,N,2
40.57694,0.54401,306.38,0.57,0.43,2024-09-07,0126,N20,VIIRS,n,2,293.31,1.49,N,2
41.02463,-5.07192,295.87,0.37,0.58,2024-09-07,0126,N20,VIIRS,n,2,279.6,0.69,N,0
39.66402,-0.24936,304.35,0.4,0.44,2024-09-07,0127,N20,VIIRS,n,2,294.14,1.15,N,2
40.24738,-3.47872,307.04,0.6,0.53,2024-09-07,0127,N20,VIIRS,n,2,284.78,1.95,N,2
37.35781,-6.67653,298.34,0.42,0.61,2024-09-07,0127,N20,VIIRS,n,2,286.68,0.82,N,0
36.96721,-1.90524,305.98,0.46,0.47,2024-09-07,0127,N20,VIIRS,n,2,292.27,1.4,N,2
40.24689,-3.47147,297.5,0.6,0.53,2024-09-07,0127,N20,VIIRS,n,2,285.62,1.95,N,2
37.17619,-6.8981,304.98,0.43,0.62,2024-09-07,0128,N20,VIIRS,n,2,290.27,0.89,N,0
43.5536,-5.85833,300.16,0.32,0.55,2024-09-07,0306,N20,VIIRS,n,2,282.95,0.75,N,2
43.54092,-5.83108,298.05,0.32,0.55,2024-09-07,0306,N20,VIIRS,n,2,284.36,0.77,N,2
40.2463,-3.47803,305.54,0.52,0.67,2024-09-07,0307,N20,VIIRS,n,2,283.53,1.39,N,2
40.24459,-3.47236,297.46,0.52,0.67,2024-09-07,0307,N20,VIIRS,n,2,284.79,1.39,N,2
37.17471,-6.8949,301.69,0.42,0.61,2024-09-07,0308,N20,VIIRS,n,2,288.8,0.93,N,0
37.42464,-6.36894,300.34,0.45,0.63,2024-09-07,0308,N20,VIIRS,n,2,284.64,0.6,N,0
37.18135,-6.8972,302.97,0.42,0.61,2024-09-07,0308,N20,VIIRS,n,2,290.13,0.95,N,0
40.24483,-3.47452,333.19,0.48,0.4,2024-09-07,1249,N20,VIIRS,n,2,305.96,4.03,D,2
38.49092,-5.47883,351.41,0.43,0.46,2024-09-07,1249,N20,VIIRS,n,2,307,28.2,D,0
39.79473,-5.25875,333.81,0.39,0.44,2024-09-07,1249,N20,VIIRS,l,2,306.98,2.41,D,0
38.48575,-5.48242,340.29,0.43,0.46,2024-09-07,1249,N20,VIIRS,n,2,310.57,10.81,D,0
38.48681,-5.47762,353.34,0.43,0.46,2024-09-07,1249,N20,VIIRS,n,2,318.66,39.31,D,0
39.4544,-0.46913,338.63,0.4,0.37,2024-09-07,1249,N20,VIIRS,n,2,299.83,2.36,D,0
39.45108,-0.46819,338.48,0.4,0.37,2024-09-07,1249,N20,VIIRS,n,2,307.18,2.36,D,0
41.71307,0.35256,337.76,0.38,0.36,2024-09-07,1249,N20,VIIRS,n,2,299.97,3.02,D,0
42.37656,-5.3335,335.88,0.53,0.42,2024-09-07,1250,N20,VIIRS,n,2,300.89,5.33,D,0
42.37762,-5.33314,337.17,0.53,0.42,2024-09-07,1250,N20,VIIRS,n,2,300.13,5.32,D,0
42.30463,-1.69458,348.03,0.4,0.37,2024-09-07,1250,N20,VIIRS,n,2,300,5.81,D,0
43.53683,-5.83239,329.44,0.53,0.42,2024-09-07,1250,N20,VIIRS,n,2,295.22,2.92,D,2
38.66683,-4.05819,306.78,0.57,0.69,2024-09-08,0108,N20,VIIRS,n,2,284.65,1.85,N,0
38.66799,-4.05915,302.01,0.57,0.69,2024-09-08,0108,N20,VIIRS,n,2,283.78,2.05,N,0
38.86969,-6.52857,300.72,0.77,0.77,2024-09-08,0108,N20,VIIRS,n,2,284.41,1.32,N,0
40.24547,-3.47498,310.14,0.54,0.68,2024-09-08,0108,N20,VIIRS,n,2,288.12,2.43,N,2
40.24563,-3.48155,297.56,0.54,0.68,2024-09-08,0108,N20,VIIRS,n,2,285.34,1.85,N,2
43.52395,-5.73121,305.68,0.39,0.44,2024-09-08,0247,N20,VIIRS,n,2,284.81,0.88,N,2
43.52504,-5.73603,297.64,0.39,0.44,2024-09-08,0247,N20,VIIRS,n,2,286.31,0.85,N,2
43.52892,-5.73436,298.53,0.39,0.44,2024-09-08,0247,N20,VIIRS,n,2,283.62,0.56,N,2
43.52784,-5.72957,301.71,0.39,0.44,2024-09-08,0247,N20,VIIRS,n,2,285.95,0.93,N,2
43.53175,-5.72801,303.94,0.39,0.44,2024-09-08,0247,N20,VIIRS,n,2,284.86,0.93,N,2
40.24456,-3.47237,311.14,0.6,0.53,2024-09-08,0248,N20,VIIRS,n,2,287.79,3.8,N,2
43.33078,-5.77319,297.27,0.39,0.44,2024-09-08,0248,N20,VIIRS,n,2,283.78,0.86,N,2
41.47594,-1.48913,298.13,0.35,0.57,2024-09-08,0248,N20,VIIRS,n,2,285.24,0.42,N,2
39.38262,-3.2177,298.65,0.33,0.55,2024-09-08,0248,N20,VIIRS,n,2,285.45,0.47,N,0
38.86398,-6.52257,313.92,0.46,0.47,2024-09-08,0249,N20,VIIRS,n,2,286.91,1.79,N,0
39.02874,-5.90437,331.91,0.49,0.48,2024-09-08,0249,N20,VIIRS,n,2,285.68,4.09,N,0
38.48952,-5.46238,333.28,0.38,0.59,2024-09-08,1230,N20,VIIRS,n,2,302.7,2.26,D,0
39.14687,-5.71695,347.14,0.37,0.58,2024-09-08,1230,N20,VIIRS,n,2,301.1,6.4,D,0
37.23249,-5.75215,335.33,0.44,0.62,2024-09-08,1410,N20,VIIRS,l,2,308.35,3.26,D,0
38.48966,-5.45036,367,0.47,0.64,2024-09-08,1411,N20,VIIRS,h,2,299.54,13.23,D,0
38.48374,-5.45021,356,0.47,0.64,2024-09-08,1411,N20,VIIRS,n,2,304.67,20.75,D,0
38.49131,-5.45981,367,0.47,0.64,2024-09-08,1411,N20,VIIRS,h,2,302.87,13.35,D,0
38.4856,-5.45453,355.36,0.47,0.64,2024-09-08,1411,N20,VIIRS,n,2,305.32,19.71,D,0
38.48583,-5.44921,367,0.47,0.64,2024-09-08,1411,N20,VIIRS,h,2,303.41,19.71,D,0
38.48927,-5.46098,367,0.47,0.64,2024-09-08,1411,N20,VIIRS,h,2,305.12,14.33,D,0
38.48947,-5.45569,367,0.47,0.64,2024-09-08,1411,N20,VIIRS,h,2,303.7,14.33,D,0
40.57788,0.53842,301.64,0.59,0.7,2024-09-09,0048,N20,VIIRS,n,2,289.58,0.91,N,2
41.31273,1.65692,299.18,0.52,0.67,2024-09-09,0048,N20,VIIRS,n,2,287.12,0.76,N,2
41.31416,1.6653,302.58,0.59,0.53,2024-09-09,0229,N20,VIIRS,n,2,288.04,2.57,N,2
41.92587,0.17617,312.92,0.48,0.48,2024-09-09,0229,N20,VIIRS,n,2,286.01,2.47,N,0
41.92453,0.18171,322.82,0.48,0.48,2024-09-09,0229,N20,VIIRS,n,2,285.83,2.47,N,2
43.32878,-5.77666,296.07,0.41,0.37,2024-09-09,0229,N20,VIIRS,n,2,285.21,0.51,N,2
43.444,-3.84546,299.99,0.46,0.39,2024-09-09,0229,N20,VIIRS,n,2,286.48,1.19,N,2
43.41282,-3.83931,302.32,0.46,0.39,2024-09-09,0229,N20,VIIRS,n,2,286.07,0.68,N,0
43.08335,-2.9986,295.87,0.5,0.41,2024-09-09,0229,N20,VIIRS,n,2,281.94,0.27,N,0
43.53033,-5.73037,300.06,0.41,0.37,2024-09-09,0229,N20,VIIRS,n,2,285.65,0.62,N,2
43.52945,-5.72545,298.56,0.41,0.37,2024-09-09,0229,N20,VIIRS,n,2,285.96,0.97,N,2
43.52788,-5.73642,295.39,0.41,0.37,2024-09-09,0229,N20,VIIRS,n,2,285.26,0.62,N,2
43.527,-5.73149,305.61,0.41,0.37,2024-09-09,0229,N20,VIIRS,n,2,286.62,0.62,N,2
43.54199,-5.8357,298.96,0.4,0.37,2024-09-09,0229,N20,VIIRS,n,2,286.52,2.01,N,2
43.54112,-5.83082,316.08,0.4,0.37,2024-09-09,0229,N20,VIIRS,n,2,286.81,2.01,N,2
43.52367,-5.73259,299.18,0.41,0.37,2024-09-09,0229,N20,VIIRS,n,2,287,1.04,N,2
43.5378,-5.83192,335.38,0.4,0.37,2024-09-09,0229,N20,VIIRS,n,2,285.63,2.01,N,2
43.33213,-5.77564,299.13,0.41,0.37,2024-09-09,0229,N20,VIIRS,n,2,285.52,0.51,N,2
40.24604,-3.47486,320.45,0.53,0.42,2024-09-09,0229,N20,VIIRS,n,2,288.98,3,N,2
41.47519,-1.48942,299.61,0.41,0.45,2024-09-09,0229,N20,VIIRS,n,2,285.5,0.79,N,2
42.55355,-6.76815,302.13,0.39,0.37,2024-09-09,0229,N20,VIIRS,n,2,284.45,0.71,N,2
41.92498,0.17992,334.15,0.48,0.48,2024-09-09,0229,N20,VIIRS,n,2,286.15,3.95,N,2
36.96871,-1.90705,304.12,0.49,0.49,2024-09-09,0230,N20,VIIRS,n,2,292.8,1.37,N,2
38.89635,-6.18025,306.67,0.44,0.38,2024-09-09,0230,N20,VIIRS,n,2,287.34,0.77,N,0
38.66687,-4.05186,310.82,0.54,0.42,2024-09-09,0230,N20,VIIRS,n,2,287.79,2.41,N,2
37.17577,-6.89226,302.56,0.44,0.38,2024-09-09,0230,N20,VIIRS,n,2,291.06,0.67,N,0
37.85872,-4.51642,331.01,0.62,0.71,2024-09-09,1211,N20,VIIRS,l,2,305.56,1.95,D,0
37.85947,-4.51609,333.35,0.62,0.71,2024-09-09,1211,N20,VIIRS,n,2,305.25,2.61,D,0
39.23548,-0.45046,338.35,0.35,0.57,2024-09-09,1211,N20,VIIRS,n,2,304.19,2.37,D,0
37.37535,-5.36056,341.13,0.7,0.75,2024-09-09,1211,N20,VIIRS,n,2,300.99,8.13,D,0
37.85989,-4.51999,335.55,0.57,0.52,2024-09-09,1351,N20,VIIRS,l,2,309.64,3.6,D,0
39.16063,-6.6571,341.61,0.45,0.47,2024-09-09,1352,N20,VIIRS,n,2,310.55,3.63,D,0
39.16324,-6.65439,341.94,0.45,0.47,2024-09-09,1352,N20,VIIRS,n,2,310.22,7.61,D,0
41.4516,-4.91061,296.6,0.39,0.36,2024-09-10,0210,N20,VIIRS,n,2,286.15,0.34,N,0
41.47634,-1.48642,305.36,0.41,0.37,2024-09-10,0210,N20,VIIRS,n,2,286.46,0.72,N,2
41.64743,-0.7669,302.29,0.43,0.38,2024-09-10,0210,N20,VIIRS,n,2,287.96,0.65,N,0
41.31188,1.66048,312.72,0.53,0.42,2024-09-10,0210,N20,VIIRS,n,2,290.41,2.05,N,2
41.40668,1.99824,307.14,0.54,0.42,2024-09-10,0210,N20,VIIRS,n,2,290.75,1.37,N,2
38.87644,-6.34683,306.33,0.39,0.37,2024-09-10,0211,N20,VIIRS,n,2,290.29,1.97,N,0
40.24672,-3.47616,325.67,0.39,0.36,2024-09-10,0211,N20,VIIRS,n,2,289.5,2.62,N,2
37.36727,-5.53891,297.92,0.38,0.36,2024-09-10,0211,N20,VIIRS,n,2,287.74,0.43,N,0
36.96815,-1.90661,314.69,0.45,0.39,2024-09-10,0211,N20,VIIRS,n,2,293.98,1.88,N,2
38.87579,-6.34233,333.4,0.39,0.37,2024-09-10,0211,N20,VIIRS,n,2,291.39,1.97,N,0
38.37738,-0.54379,306.34,0.48,0.4,2024-09-10,0211,N20,VIIRS,n,2,293.52,1.17,N,2
37.17816,-6.89224,301.73,0.4,0.37,2024-09-10,0212,N20,VIIRS,n,2,291.17,0.91,N,0
36.17427,-5.34472,346.31,0.44,0.38,2024-09-10,1332,N20,VIIRS,n,2,307.71,5.86,D,0
36.17488,-5.33986,334.95,0.44,0.38,2024-09-10,1332,N20,VIIRS,n,2,305.17,5.86,D,0
36.40628,-6.14388,338,0.42,0.37,2024-09-10,1332,N20,VIIRS,n,2,304.67,2.98,D,0
37.32343,-5.57489,339.16,0.44,0.38,2024-09-10,1332,N20,VIIRS,l,2,311.67,2.17,D,0
37.24106,-6.62103,338.81,0.41,0.37,2024-09-10,1332,N20,VIIRS,l,2,309.72,6.03,D,0
39.1246,-0.27614,331.49,0.55,0.51,2024-09-10,1333,N20,VIIRS,n,2,299.11,2.12,D,0
40.24333,-3.47432,339.24,0.39,0.44,2024-09-10,1333,N20,VIIRS,n,2,311.12,2.27,D,2
39.97667,-6.31207,341.72,0.44,0.38,2024-09-10,1333,N20,VIIRS,n,2,305.69,7.18,D,0
42.41522,-6.98272,303.86,0.45,0.47,2024-09-11,0151,N20,VIIRS,n,2,284.2,1.01,N,0
40.57605,0.54187,311.22,0.38,0.36,2024-09-11,0151,N20,VIIRS,n,2,292.02,1.36,N,2
41.4742,-1.48873,303.95,0.41,0.37,2024-09-11,0151,N20,VIIRS,n,2,286.37,1.14,N,2
41.31203,1.65972,317.28,0.39,0.36,2024-09-11,0151,N20,VIIRS,n,2,290.31,1.36,N,2
41.40676,1.9982,318.21,0.39,0.36,2024-09-11,0151,N20,VIIRS,n,2,291.82,1.61,N,2
42.55337,-6.76765,303.89,0.44,0.46,2024-09-11,0151,N20,VIIRS,n,2,285.34,0.71,N,2
41.45375,1.98054,309.85,0.39,0.36,2024-09-11,0151,N20,VIIRS,n,2,291.62,0.68,N,2
43.52909,-5.72767,299.38,0.41,0.45,2024-09-11,0151,N20,VIIRS,n,2,285.86,0.67,N,2
43.52544,-5.73339,299.94,0.41,0.45,2024-09-11,0151,N20,VIIRS,n,2,285.84,0.67,N,2
43.52498,-5.72838,298.2,0.41,0.45,2024-09-11,0151,N20,VIIRS,n,2,285.2,0.67,N,2
41.9247,0.1775,302.03,0.39,0.36,2024-09-11,0151,N20,VIIRS,n,2,287.34,0.74,N,2
43.55391,-5.86281,296.99,0.41,0.45,2024-09-11,0151,N20,VIIRS,n,2,283.53,1.2,N,2
43.54285,-5.83322,298.3,0.41,0.45,2024-09-11,0151,N20,VIIRS,n,2,284.75,0.75,N,2
43.53872,-5.83395,338.87,0.41,0.45,2024-09-11,0151,N20,VIIRS,n,2,285.27,8.54,N,2
40.24504,-3.47489,329.34,0.45,0.39,2024-09-11,0152,N20,VIIRS,n,2,293.47,3.67,N,2
38.66581,-4.05624,306.56,0.46,0.39,2024-09-11,0152,N20,VIIRS,n,2,290.88,1.64,N,2
38.88439,-6.96075,306.1,0.41,0.45,2024-09-11,0152,N20,VIIRS,n,2,288.31,0.85,N,0
38.63126,-6.65314,299.3,0.4,0.44,2024-09-11,0152,N20,VIIRS,n,2,288.04,0.42,N,0
38.77434,-3.80694,305.48,0.45,0.39,2024-09-11,0152,N20,VIIRS,n,2,287.5,0.7,N,0
38.7737,-3.80176,305.24,0.45,0.39,2024-09-11,0152,N20,VIIRS,n,2,288.16,0.8,N,0
39.66497,-0.24713,303.47,0.38,0.36,2024-09-11,0152,N20,VIIRS,n,2,292.53,0.4,N,2
40.24679,-3.47589,327.68,0.45,0.39,2024-09-11,0152,N20,VIIRS,n,2,291.78,2.89,N,2
38.77513,-3.803,315.66,0.45,0.39,2024-09-11,0152,N20,VIIRS,n,2,288.28,2,N,0
38.37782,-0.54247,309.48,0.38,0.36,2024-09-11,0152,N20,VIIRS,n,2,293.81,0.85,N,2
38.78207,-3.81065,298.44,0.45,0.39,2024-09-11,0152,N20,VIIRS,n,2,287.1,0.34,N,0
37.17655,-6.8949,302.93,0.39,0.44,2024-09-11,0153,N20,VIIRS,n,2,289.87,1.11,N,0
37.3068,-6.08607,333.04,0.4,0.37,2024-09-11,1313,N20,VIIRS,l,2,304.95,2.15,D,0
37.30347,-6.08519,334.78,0.4,0.37,2024-09-11,1313,N20,VIIRS,l,2,305.72,2.77,D,0
36.77452,-6.18171,334.42,0.41,0.37,2024-09-11,1313,N20,VIIRS,n,2,304.4,2.33,D,0
37.4719,-5.14338,331.34,0.39,0.36,2024-09-11,1313,N20,VIIRS,l,2,304.99,0.49,D,0
38.282,-6.1675,356.35,0.4,0.37,2024-09-11,1314,N20,VIIRS,l,2,308.71,4.99,D,0
37.36808,-6.3505,346.51,0.41,0.37,2024-09-11,1314,N20,VIIRS,n,2,308.89,5.54,D,0
38.2791,-6.14337,343.93,0.4,0.37,2024-09-11,1314,N20,VIIRS,n,2,308.41,1.59,D,0
38.27869,-6.16657,345.14,0.4,0.37,2024-09-11,1314,N20,VIIRS,n,2,308.5,4.99,D,0
38.28018,-6.15764,355.42,0.4,0.37,2024-09-11,1314,N20,VIIRS,l,2,307.86,12.8,D,0
38.27944,-6.1621,356.38,0.4,0.37,2024-09-11,1314,N20,VIIRS,l,2,308.72,12.8,D,0
38.28423,-6.15412,344.99,0.4,0.37,2024-09-11,1314,N20,VIIRS,n,2,309.07,10,D,0
38.28275,-6.16303,351.68,0.4,0.37,2024-09-11,1314,N20,VIIRS,n,2,311.75,12.8,D,0
38.28126,-6.17196,347.89,0.4,0.37,2024-09-11,1314,N20,VIIRS,n,2,311.38,4.99,D,0
38.28456,-6.17291,348.15,0.4,0.37,2024-09-11,1314,N20,VIIRS,n,2,312.57,4.13,D,0
38.28606,-6.16397,356.3,0.4,0.37,2024-09-11,1314,N20,VIIRS,l,2,312.84,8.99,D,0
38.28531,-6.16844,355.22,0.4,0.37,2024-09-11,1314,N20,VIIRS,l,2,309.77,4.13,D,0
38.28788,-6.17384,340.86,0.4,0.37,2024-09-11,1314,N20,VIIRS,n,2,311.16,4.13,D,0
38.3047,-6.33287,342.77,0.4,0.37,2024-09-11,1314,N20,VIIRS,n,2,311.88,12.3,D,0
38.30803,-6.33375,339.72,0.4,0.37,2024-09-11,1314,N20,VIIRS,n,2,307.81,12.3,D,0
40.01122,-4.17891,330.69,0.39,0.36,2024-09-11,1314,N20,VIIRS,n,2,294.01,2.27,D,0
42.01427,-4.55936,332.89,0.39,0.36,2024-09-11,1315,N20,VIIRS,n,2,298.54,2.03,D,0
41.3746,-6.15986,336.73,0.39,0.36,2024-09-11,1315,N20,VIIRS,l,2,310.18,1.36,D,0
42.55487,-6.77159,298.57,0.39,0.59,2024-09-12,0132,N20,VIIRS,n,2,276.31,0.83,N,0
40.01243,-4.18193,306.69,0.54,0.51,2024-09-12,0133,N20,VIIRS,n,2,281.9,1.08,N,0
36.96695,-1.90686,306.86,0.57,0.43,2024-09-12,0134,N20,VIIRS,n,2,291.9,2.02,N,2
36.96885,-1.90661,305.51,0.57,0.43,2024-09-12,0134,N20,VIIRS,n,2,291.66,1.27,N,2
38.66946,-4.05201,297.94,0.65,0.73,2024-09-12,0313,N20,VIIRS,n,2,284.65,1.23,N,0
37.17895,-6.89024,298.08,0.51,0.66,2024-09-12,0314,N20,VIIRS,n,2,287.7,0.78,N,0
37.22804,-3.9355,305.14,0.73,0.76,2024-09-12,0314,N20,VIIRS,n,2,283.76,1.06,N,0
37.22769,-3.93476,306.6,0.73,0.76,2024-09-12,0314,N20,VIIRS,n,2,284.21,1.4,N,0
38.29906,-1.52934,335.39,0.4,0.37,2024-09-12,1255,N20,VIIRS,n,2,304,2.06,D,0
37.71281,-1.4795,348.6,0.4,0.37,2024-09-12,1255,N20,VIIRS,n,2,301.2,4.18,D,0
37.70994,-1.45521,343.58,0.4,0.37,2024-09-12,1255,N20,VIIRS,n,2,301.73,1.95,D,0
37.76638,-1.44041,340.39,0.4,0.37,2024-09-12,1255,N20,VIIRS,n,2,300.68,2.27,D,0
37.73356,-1.4804,343.03,0.4,0.37,2024-09-12,1255,N20,VIIRS,n,2,299.45,1.98,D,0
37.71205,-1.48399,342.94,0.4,0.37,2024-09-12,1255,N20,VIIRS,n,2,301.39,3.23,D,0
40.2445,-3.47301,333.68,0.43,0.38,2024-09-12,1255,N20,VIIRS,n,2,298.07,3.05,D,2
38.26117,-1.55845,335.79,0.4,0.37,2024-09-12,1255,N20,VIIRS,n,2,302.56,2.46,D,0
41.31505,1.65873,304.96,0.49,0.48,2024-09-13,0113,N20,VIIRS,n,2,285.72,2,N,2
42.55233,-6.77061,295.81,0.68,0.74,2024-09-13,0113,N20,VIIRS,n,2,282.74,1.38,N,2
42.55208,-6.77366,299.79,0.68,0.74,2024-09-13,0113,N20,VIIRS,n,2,282.76,1.42,N,0
41.18333,1.22541,330.56,0.51,0.49,2024-09-13,0113,N20,VIIRS,n,2,287.24,3.15,N,0
41.47572,-1.48965,303.25,0.36,0.57,2024-09-13,0113,N20,VIIRS,n,2,283.97,0.85,N,2
40.57787,0.5397,301.66,0.55,0.51,2024-09-13,0114,N20,VIIRS,n,2,289.1,1.04,N,2
40.24744,-3.48005,306,0.45,0.63,2024-09-13,0114,N20,VIIRS,n,2,285.44,1.62,N,2
40.24722,-3.47458,308.28,0.45,0.63,2024-09-13,0114,N20,VIIRS,n,2,286.56,1.62,N,2
39.43808,-1.95191,298.62,0.36,0.58,2024-09-13,0114,N20,VIIRS,n,2,284.49,0.76,N,0
39.43783,-1.94763,296.65,0.36,0.58,2024-09-13,0114,N20,VIIRS,n,2,284.7,0.73,N,0
38.89491,-5.69112,299.8,0.57,0.69,2024-09-13,0114,N20,VIIRS,n,2,287.57,0.45,N,0
38.88845,-5.69138,303.83,0.57,0.69,2024-09-13,0114,N20,VIIRS,n,2,287.97,1.11,N,0
38.8883,-5.6846,302.08,0.57,0.69,2024-09-13,0114,N20,VIIRS,n,2,288.07,1.11,N,0
38.89415,-5.69177,303.44,0.57,0.69,2024-09-13,0114,N20,VIIRS,n,2,287.27,1.11,N,0
38.8877,-5.69196,300.11,0.57,0.69,2024-09-13,0114,N20,VIIRS,n,2,288.35,1.55,N,0
38.88751,-5.68523,306.55,0.57,0.69,2024-09-13,0114,N20,VIIRS,n,2,288.34,1.64,N,0
40.57652,0.53971,301.44,0.55,0.51,2024-09-13,0114,N20,VIIRS,n,2,289.35,1.48,N,2
36.96782,-1.90593,305.74,0.34,0.56,2024-09-13,0115,N20,VIIRS,n,2,291.87,0.77,N,2
41.18165,1.22655,302.94,0.58,0.7,2024-09-13,0254,N20,VIIRS,n,2,285.57,2.82,N,0
40.2453,-3.47478,320.38,0.36,0.57,2024-09-13,0254,N20,VIIRS,n,2,287.62,1.7,N,2
41.24129,0.73449,295.21,0.55,0.68,2024-09-13,0254,N20,VIIRS,n,2,282.67,1.03,N,0
41.24586,0.74171,296.53,0.55,0.68,2024-09-13,0254,N20,VIIRS,n,2,282.3,2.24,N,0
41.17959,1.23305,297.84,0.58,0.7,2024-09-13,0254,N20,VIIRS,n,2,284.44,1.36,N,0
41.3166,1.66184,300.1,0.6,0.71,2024-09-13,0254,N20,VIIRS,n,2,284.13,1.05,N,2
41.31056,1.65853,299.52,0.6,0.71,2024-09-13,0254,N20,VIIRS,n,2,283.68,1.05,N,2
41.31556,1.66135,311.21,0.6,0.71,2024-09-13,0254,N20,VIIRS,n,2,285.38,1.79,N,2
39.0186,-0.39355,297.9,0.56,0.69,2024-09-13,0254,N20,VIIRS,n,2,285.96,1.09,N,0
40.00842,-3.90191,296.01,0.35,0.57,2024-09-13,0254,N20,VIIRS,n,2,285.75,0.4,N,2
40.01035,-3.90224,297.41,0.35,0.57,2024-09-13,0254,N20,VIIRS,n,2,286.41,0.6,N,2
39.01649,-0.39429,299.04,0.56,0.69,2024-09-13,0254,N20,VIIRS,n,2,286.03,0.44,N,0
37.35946,-5.86454,305.08,0.32,0.55,2024-09-13,0255,N20,VIIRS,n,2,290.85,0.83,N,2
37.35966,-5.86468,303.31,0.32,0.55,2024-09-13,0255,N20,VIIRS,n,2,290.01,0.58,N,2
38.3774,-0.54585,302.7,0.57,0.69,2024-09-13,0255,N20,VIIRS,n,2,287.28,1.33,N,2
37.17576,-6.89553,303.15,0.57,0.52,2024-09-13,0255,N20,VIIRS,n,2,291.43,1.43,N,0
38.89576,-5.69147,337.95,0.6,0.53,2024-09-13,0255,N20,VIIRS,n,2,287.88,7.29,N,0
38.89731,-5.69087,331.08,0.6,0.53,2024-09-13,0255,N20,VIIRS,n,2,287.18,2.69,N,0
38.89263,-5.69281,307.04,0.6,0.53,2024-09-13,0255,N20,VIIRS,n,2,286.95,0.95,N,0
37.41238,-5.64175,333.76,0.34,0.56,2024-09-13,1236,N20,VIIRS,l,2,308,2.75,D,0
37.40619,-5.62322,344,0.34,0.56,2024-09-13,1236,N20,VIIRS,n,2,309.78,4.31,D,0
37.40033,-5.62495,341.06,0.34,0.56,2024-09-13,1236,N20,VIIRS,n,2,310.1,3.83,D,0
37.20943,-5.67961,346.8,0.35,0.56,2024-09-13,1236,N20,VIIRS,n,2,310.65,4.22,D,0
37.20736,-5.66632,335.19,0.35,0.56,2024-09-13,1236,N20,VIIRS,l,2,309.4,1.5,D,0
37.0785,-5.66748,335.95,0.35,0.57,2024-09-13,1236,N20,VIIRS,l,2,309.97,1.64,D,0
37.07658,-5.66684,344.67,0.35,0.57,2024-09-13,1236,N20,VIIRS,n,2,310.7,3.16,D,0
38.90866,-6.09041,344.47,0.33,0.55,2024-09-13,1236,N20,VIIRS,n,2,303.74,2.31,D,0
38.9072,-5.71561,344.71,0.63,0.54,2024-09-13,1236,N20,VIIRS,n,2,306.67,11.63,D,0
37.5787,-5.5267,339.67,0.33,0.55,2024-09-13,1236,N20,VIIRS,n,2,306.75,2.4,D,0
37.60631,-5.22563,336.45,0.32,0.55,2024-09-13,1236,N20,VIIRS,n,2,308.64,1.92,D,0
37.40985,-5.64397,349.22,0.34,0.56,2024-09-13,1236,N20,VIIRS,n,2,310.62,4.88,D,0
37.41146,-5.64543,349.08,0.34,0.56,2024-09-13,1236,N20,VIIRS,n,2,310.05,3.91,D,0
36.67339,-4.69898,340.61,0.63,0.54,2024-09-13,1236,N20,VIIRS,n,2,297.28,14.98,D,0
37.07347,-5.66572,335.78,0.35,0.57,2024-09-13,1236,N20,VIIRS,l,2,310.58,1.62,D,0
40.19108,-3.86698,337.53,0.47,0.48,2024-09-13,1237,N20,VIIRS,n,2,303.23,2.27,D,0
40.24303,-3.47055,334.07,0.45,0.47,2024-09-13,1237,N20,VIIRS,n,2,304.09,1.54,D,2
39.36576,-7.14103,335.07,0.36,0.58,2024-09-13,1237,N20,VIIRS,n,2,300.15,1.62,D,0
37.5756,-5.52868,350.87,0.55,0.68,2024-09-13,1416,N20,VIIRS,n,2,306.85,23.63,D,0
37.57581,-5.52228,367,0.55,0.68,2024-09-13,1416,N20,VIIRS,h,2,305.09,24.4,D,0
40.40262,-6.30785,353.8,0.52,0.67,2024-09-13,1417,N20,VIIRS,n,2,292.77,118.64,D,0
40.39478,-6.31222,367,0.52,0.67,2024-09-13,1417,N20,VIIRS,h,2,306.76,75.21,D,0
37.93987,-3.96801,334.8,0.68,0.74,2024-09-13,1417,N20,VIIRS,n,2,300.87,3.74,D,0
40.40107,-6.30896,367,0.53,0.67,2024-09-13,1417,N20,VIIRS,h,2,296.18,92.68,D,0
40.40092,-6.31481,267.24,0.52,0.67,2024-09-13,1417,N20,VIIRS,l,2,315.43,75.21,D,0
37.93942,-3.96652,333.38,0.68,0.74,2024-09-13,1417,N20,VIIRS,n,2,300.85,4.53,D,0
40.39635,-6.30979,367,0.52,0.67,2024-09-13,1417,N20,VIIRS,h,2,311.42,53.74,D,0
40.39616,-6.31629,336.03,0.52,0.67,2024-09-13,1417,N20,VIIRS,n,2,297.36,25.56,D,0
41.31146,1.65704,296.83,0.43,0.62,2024-09-14,0054,N20,VIIRS,n,2,284.37,0.92,N,2
41.31615,1.66053,302.27,0.43,0.62,2024-09-14,0054,N20,VIIRS,n,2,285.56,0.72,N,2
40.57933,0.53859,300.28,0.49,0.65,2024-09-14,0055,N20,VIIRS,n,2,286.18,0.85,N,0
43.55507,-5.86454,302.84,0.44,0.38,2024-09-14,0235,N20,VIIRS,n,2,283.39,0.91,N,0
43.55405,-5.85925,306.44,0.44,0.38,2024-09-14,0235,N20,VIIRS,n,2,285.47,1.37,N,2
43.54208,-5.83531,298.83,0.44,0.38,2024-09-14,0235,N20,VIIRS,n,2,283.72,0.74,N,2
43.54106,-5.83003,297.84,0.44,0.38,2024-09-14,0235,N20,VIIRS,n,2,283.59,0.42,N,2
41.40705,1.99924,298.98,0.36,0.58,2024-09-14,0235,N20,VIIRS,n,2,285.8,0.71,N,2
42.00421,-6.80325,332.33,0.43,0.38,2024-09-14,0235,N20,VIIRS,n,2,287.23,23.7,N,0
42.00327,-6.79823,297.53,0.43,0.38,2024-09-14,0235,N20,VIIRS,n,2,276.44,4.22,N,0
40.57636,0.5412,299.9,0.32,0.55,2024-09-14,0235,N20,VIIRS,n,2,287.18,0.78,N,2
42.55296,-6.76598,296.23,0.43,0.38,2024-09-14,0235,N20,VIIRS,n,2,282.8,0.39,N,0
43.34665,-8.43722,310,0.39,0.36,2024-09-14,0235,N20,VIIRS,n,2,284.68,1.01,N,2
41.31157,1.66281,299.64,0.35,0.57,2024-09-14,0235,N20,VIIRS,n,2,285.17,1.05,N,2
41.3126,1.65897,311.46,0.35,0.57,2024-09-14,0235,N20,VIIRS,n,2,284.26,1.05,N,2
41.6585,-5.26504,342.35,0.49,0.4,2024-09-14,0235,N20,VIIRS,n,2,284.27,9.11,N,0
41.8969,-7.93315,296.95,0.41,0.37,2024-09-14,0235,N20,VIIRS,n,2,283.2,1.18,N,0
43.56151,-5.72543,301.99,0.44,0.39,2024-09-14,0235,N20,VIIRS,n,2,284.68,0.76,N,0
42.30429,-2.17547,298.9,0.43,0.46,2024-09-14,0235,N20,VIIRS,n,2,279.01,0.49,N,0
43.52937,-5.73132,334.23,0.44,0.39,2024-09-14,0235,N20,VIIRS,n,2,283.43,5.33,N,2
37.36054,-5.86832,301.26,0.55,0.43,2024-09-14,0236,N20,VIIRS,n,2,284.51,0.98,N,2
40.24339,-3.47516,318.96,0.42,0.45,2024-09-14,0236,N20,VIIRS,n,2,285.71,2.66,N,2
38.66782,-4.05485,297.9,0.42,0.45,2024-09-14,0236,N20,VIIRS,n,2,286.67,1.73,N,2
38.60482,-6.57806,308.55,0.49,0.4,2024-09-14,0236,N20,VIIRS,n,2,285.88,0.92,N,0
38.60373,-6.57256,302.15,0.49,0.4,2024-09-14,0236,N20,VIIRS,n,2,286.67,0.95,N,0
37.64133,-5.7995,352.74,0.61,0.71,2024-09-14,1217,N20,VIIRS,n,2,295.5,9.92,D,0
37.63997,-5.79947,347.8,0.61,0.71,2024-09-14,1217,N20,VIIRS,n,2,295.51,7.96,D,0
42.00163,-6.81625,350.89,0.51,0.66,2024-09-14,1218,N20,VIIRS,n,2,319.45,40.99,D,0
42.00518,-6.81244,367,0.51,0.66,2024-09-14,1218,N20,VIIRS,h,2,304.59,32.33,D,0
42.00314,-6.81909,353.94,0.51,0.66,2024-09-14,1218,N20,VIIRS,n,2,309.75,32.33,D,0
40.04226,-6.17042,355.41,0.54,0.68,2024-09-14,1218,N20,VIIRS,n,2,301.34,20,D,0
42.00364,-6.80951,367,0.51,0.66,2024-09-14,1218,N20,VIIRS,h,2,309.38,38.81,D,0
39.61616,-3.90566,333.21,0.43,0.62,2024-09-14,1218,N20,VIIRS,n,2,302.19,2.2,D,0
40.14729,-3.53267,344.63,0.4,0.6,2024-09-14,1218,N20,VIIRS,n,2,301.02,3.92,D,0
40.24218,-3.47069,339.88,0.39,0.59,2024-09-14,1218,N20,VIIRS,n,2,302.96,3.34,D,2
43.54093,-5.82915,345.74,0.41,0.61,2024-09-14,1219,N20,VIIRS,n,2,295.63,4.75,D,2
43.54044,-5.82999,340.78,0.41,0.61,2024-09-14,1219,N20,VIIRS,n,2,297.09,5.27,D,2
37.57685,-5.52389,350.94,0.6,0.53,2024-09-14,1357,N20,VIIRS,n,2,305.66,20.49,D,0
37.57473,-5.52373,354.59,0.6,0.53,2024-09-14,1357,N20,VIIRS,n,2,306.16,9,D,0
37.57965,-5.52412,336.15,0.6,0.53,2024-09-14,1357,N20,VIIRS,n,2,302.82,9,D,0
37.50737,-5.70795,343.93,0.59,0.53,2024-09-14,1357,N20,VIIRS,n,2,303.05,7.64,D,0
40.34774,-3.73688,350.98,0.4,0.6,2024-09-14,1358,N20,VIIRS,n,2,307.39,11.18,D,0
40.24513,-3.47348,336.37,0.41,0.61,2024-09-14,1358,N20,VIIRS,n,2,304.83,2.65,D,2
40.34795,-3.73205,367,0.4,0.6,2024-09-14,1358,N20,VIIRS,h,2,305.35,11.11,D,0
43.34504,-8.43369,330.45,0.49,0.48,2024-09-14,1359,N20,VIIRS,n,2,303.14,3.66,D,0
43.53948,-5.83034,327,0.33,0.55,2024-09-14,1359,N20,VIIRS,n,2,298.7,2.53,D,2
41.45498,1.97739,306.36,0.42,0.45,2024-09-15,0216,N20,VIIRS,n,2,287.45,0.86,N,2
43.53192,-5.72863,298.17,0.39,0.36,2024-09-15,0216,N20,VIIRS,n,2,284.55,1.17,N,2
43.54743,-5.76382,295.77,0.39,0.36,2024-09-15,0216,N20,VIIRS,n,2,281.9,0.11,N,0
43.56155,-5.72357,307.42,0.39,0.36,2024-09-15,0216,N20,VIIRS,n,2,286.26,0.62,N,0
43.44432,-3.84557,325.98,0.39,0.36,2024-09-15,0216,N20,VIIRS,n,2,284.17,1.23,N,2
41.94499,-6.93864,326.91,0.39,0.37,2024-09-15,0216,N20,VIIRS,n,2,284.11,3.09,N,0
41.94567,-6.9434,326.52,0.39,0.37,2024-09-15,0216,N20,VIIRS,n,2,281.66,3.09,N,0
41.4762,-1.48813,299.67,0.46,0.39,2024-09-15,0216,N20,VIIRS,n,2,282.13,0.92,N,2
42.55293,-6.7697,300.26,0.4,0.37,2024-09-15,0216,N20,VIIRS,n,2,284.05,0.52,N,2
41.64833,-0.76874,302.4,0.48,0.4,2024-09-15,0216,N20,VIIRS,n,2,284.47,0.78,N,0
41.31405,1.66091,320.56,0.41,0.45,2024-09-15,0216,N20,VIIRS,n,2,288.94,2.02,N,2
41.40583,2.00056,297.45,0.43,0.46,2024-09-15,0216,N20,VIIRS,n,2,286.61,0.65,N,2
41.40697,1.99547,298.91,0.42,0.46,2024-09-15,0216,N20,VIIRS,n,2,285.81,0.65,N,2
41.45629,1.98027,305.9,0.42,0.45,2024-09-15,0216,N20,VIIRS,n,2,287.45,0.79,N,2
42.13055,-1.15809,309.69,0.46,0.39,2024-09-15,0216,N20,VIIRS,n,2,281.56,1.21,N,0
43.34656,-8.43742,301.03,0.44,0.38,2024-09-15,0216,N20,VIIRS,n,2,285.85,0.84,N,2
41.9227,0.18088,296.81,0.52,0.41,2024-09-15,0216,N20,VIIRS,n,2,283.64,1.25,N,2
43.52534,-5.73048,313.66,0.39,0.36,2024-09-15,0216,N20,VIIRS,n,2,284.95,1.38,N,2
43.54085,-5.83499,298.51,0.39,0.36,2024-09-15,0216,N20,VIIRS,n,2,284.54,1.86,N,2
43.54014,-5.83023,328.04,0.39,0.36,2024-09-15,0216,N20,VIIRS,n,2,287.24,1.86,N,2
43.52863,-5.72956,326.36,0.39,0.36,2024-09-15,0216,N20,VIIRS,n,2,286.21,1.17,N,2
36.96598,-1.90766,309.55,0.52,0.41,2024-09-15,0217,N20,VIIRS,n,2,290.46,1.15,N,2
40.71357,-4.24741,304.43,0.39,0.37,2024-09-15,0217,N20,VIIRS,n,2,279.39,1.13,N,0
40.8549,-5.2197,328.44,0.39,0.36,2024-09-15,0217,N20,VIIRS,n,2,282.09,4.85,N,0
40.24469,-3.47527,326.19,0.41,0.37,2024-09-15,0217,N20,VIIRS,n,2,291.07,2.96,N,2
40.01152,-3.89883,298.73,0.4,0.37,2024-09-15,0217,N20,VIIRS,n,2,288.02,0.71,N,0
39.07875,-5.84027,313.71,0.39,0.36,2024-09-15,0217,N20,VIIRS,n,2,289.37,0.89,N,0
39.07547,-5.84115,305.32,0.39,0.36,2024-09-15,0217,N20,VIIRS,n,2,290.78,0.89,N,0
38.66632,-4.04918,299.41,0.41,0.37,2024-09-15,0217,N20,VIIRS,n,2,288.78,0.75,N,2
37.36031,-5.86554,313.09,0.39,0.36,2024-09-15,0218,N20,VIIRS,n,2,293.25,1.47,N,2
37.54627,-5.52474,302.54,0.39,0.36,2024-09-15,0218,N20,VIIRS,n,2,290.82,0.38,N,0
37.17814,-6.89344,301.75,0.38,0.36,2024-09-15,0218,N20,VIIRS,n,2,291.73,0.51,N,0
40.46978,-3.57277,338.27,0.67,0.74,2024-09-15,1159,N20,VIIRS,n,2,301.41,2.92,D,0
43.54048,-5.82481,329.48,0.68,0.74,2024-09-15,1200,N20,VIIRS,n,2,291.65,4.21,D,0
37.56892,-5.52159,367,0.51,0.41,2024-09-15,1338,N20,VIIRS,h,2,326.79,271.05,D,0
37.57022,-5.5099,337.79,0.51,0.41,2024-09-15,1338,N20,VIIRS,n,2,306.75,11.18,D,0
37.56578,-5.51515,349.95,0.51,0.41,2024-09-15,1338,N20,VIIRS,n,2,315.25,83.78,D,0
37.56643,-5.50931,337.16,0.51,0.41,2024-09-15,1338,N20,VIIRS,n,2,306.58,4.77,D,0
37.5645,-5.52673,334.11,0.51,0.41,2024-09-15,1338,N20,VIIRS,n,2,307.59,14,D,0
38.96714,-6.48264,346.96,0.48,0.4,2024-09-15,1339,N20,VIIRS,n,2,314.05,9.61,D,0
40.01239,-4.8135,343.83,0.39,0.44,2024-09-15,1339,N20,VIIRS,n,2,312.54,3.27,D,0
40.24423,-3.47527,338.79,0.46,0.47,2024-09-15,1339,N20,VIIRS,n,2,312.32,5.45,D,2
40.39727,-6.30961,336.15,0.51,0.41,2024-09-15,1339,N20,VIIRS,l,2,307.67,3.84,D,0
40.40092,-6.31125,338.16,0.51,0.41,2024-09-15,1339,N20,VIIRS,n,2,308.34,5.94,D,0
40.40071,-6.31293,338.88,0.51,0.41,2024-09-15,1339,N20,VIIRS,n,2,309.63,7.91,D,0
37.80575,-4.25993,348.04,0.39,0.44,2024-09-15,1339,N20,VIIRS,n,2,310.36,18.28,D,0
37.80981,-4.26045,343.95,0.39,0.44,2024-09-15,1339,N20,VIIRS,n,2,310.01,6.28,D,0
38.96778,-6.47709,349.45,0.48,0.4,2024-09-15,1339,N20,VIIRS,n,2,313.99,9.61,D,0
39.07653,-5.84736,337.37,0.52,0.41,2024-09-15,1339,N20,VIIRS,l,2,310.26,2.91,D,0
43.39825,-4.02879,346.85,0.47,0.47,2024-09-15,1340,N20,VIIRS,n,2,294.02,5.7,D,0
43.39812,-4.03113,338.9,0.47,0.48,2024-09-15,1340,N20,VIIRS,n,2,295.29,5.42,D,0
41.92462,0.17701,300.59,0.39,0.36,2024-09-16,0157,N20,VIIRS,n,2,285.07,0.59,N,2
43.04154,-2.2208,302.54,0.4,0.37,2024-09-16,0157,N20,VIIRS,n,2,280.68,0.52,N,2
43.51925,-5.73616,297.11,0.52,0.42,2024-09-16,0157,N20,VIIRS,n,2,279.71,0.98,N,2
43.52621,-5.7282,297.1,0.52,0.42,2024-09-16,0157,N20,VIIRS,n,2,281.57,1.69,N,2
43.54078,-5.83093,322.98,0.53,0.42,2024-09-16,0157,N20,VIIRS,n,2,285.61,4.14,N,2
43.56118,-5.7276,295.85,0.52,0.42,2024-09-16,0157,N20,VIIRS,n,2,282.8,0.69,N,0
42.14991,-8.30879,297.85,0.44,0.46,2024-09-16,0157,N20,VIIRS,n,2,287.17,1.56,N,0
42.15372,-8.3032,315.47,0.44,0.46,2024-09-16,0157,N20,VIIRS,n,2,290.52,1.89,N,0
42.15414,-8.30786,317.68,0.44,0.46,2024-09-16,0157,N20,VIIRS,n,2,290.36,1.56,N,0
42.14513,-8.31852,302.01,0.44,0.46,2024-09-16,0157,N20,VIIRS,n,2,286.65,0.89,N,0
42.15281,-8.30722,313.92,0.44,0.46,2024-09-16,0157,N20,VIIRS,n,2,291.05,2.49,N,0
42.15321,-8.3119,298.65,0.44,0.46,2024-09-16,0157,N20,VIIRS,n,2,287.81,0.58,N,0
42.15665,-8.30173,300.58,0.44,0.46,2024-09-16,0157,N20,VIIRS,n,2,288.3,2.49,N,0
42.15705,-8.30639,336.24,0.44,0.46,2024-09-16,0157,N20,VIIRS,n,2,289.55,2.49,N,0
42.08641,-7.42156,316.28,0.4,0.44,2024-09-16,0157,N20,VIIRS,n,2,292.18,3.16,N,0
42.09044,-7.42044,302.92,0.4,0.44,2024-09-16,0157,N20,VIIRS,n,2,285.46,0.77,N,0
41.47584,-1.48852,309.2,0.39,0.36,2024-09-16,0157,N20,VIIRS,n,2,284.21,0.9,N,2
41.6484,-0.76739,295.15,0.38,0.36,2024-09-16,0157,N20,VIIRS,n,2,284.78,0.38,N,0
41.31241,1.66372,320.32,0.41,0.37,2024-09-16,0157,N20,VIIRS,n,2,289.67,2.32,N,2
42.55096,-6.76853,295.27,0.56,0.43,2024-09-16,0157,N20,VIIRS,n,2,282.3,0.7,N,2
41.40489,1.99936,309.8,0.42,0.38,2024-09-16,0157,N20,VIIRS,n,2,287.33,1.45,N,2
41.45401,1.98073,302.97,0.42,0.37,2024-09-16,0157,N20,VIIRS,n,2,290.84,0.9,N,2
42.12857,-1.16025,295.49,0.39,0.36,2024-09-16,0157,N20,VIIRS,n,2,283.92,0.4,N,0
38.00303,-1.27349,298.18,0.39,0.36,2024-09-16,0158,N20,VIIRS,n,2,287.32,0.21,N,0
41.3486,-3.94034,302.85,0.43,0.38,2024-09-16,0158,N20,VIIRS,n,2,275.27,0.79,N,0
40.75811,-0.4131,309.28,0.39,0.36,2024-09-16,0158,N20,VIIRS,n,2,281.99,0.99,N,0
40.57783,0.54098,302.74,0.4,0.37,2024-09-16,0158,N20,VIIRS,n,2,289.13,0.53,N,2
40.24466,-3.47729,308.08,0.41,0.37,2024-09-16,0158,N20,VIIRS,n,2,287.9,1.71,N,2
40.24401,-3.47252,317.96,0.41,0.37,2024-09-16,0158,N20,VIIRS,n,2,290.57,1.71,N,2
39.56927,-2.44888,336.52,0.39,0.36,2024-09-16,0158,N20,VIIRS,n,2,286.43,14.51,N,0
39.52901,-2.50061,327.69,0.39,0.36,2024-09-16,0158,N20,VIIRS,n,2,284.12,8.74,N,0
39.52836,-2.49612,312.3,0.39,0.36,2024-09-16,0158,N20,VIIRS,n,2,284.91,8.74,N,0
39.52602,-2.49902,329.73,0.39,0.36,2024-09-16,0158,N20,VIIRS,n,2,285.1,10.42,N,0
38.37815,-0.54449,309.05,0.39,0.36,2024-09-16,0158,N20,VIIRS,n,2,291.1,0.77,N,2
38.37486,-0.54538,299.76,0.39,0.36,2024-09-16,0158,N20,VIIRS,n,2,289.68,0.77,N,2
38.66823,-4.05315,301.66,0.41,0.37,2024-09-16,0158,N20,VIIRS,n,2,289.48,1.41,N,2
37.60706,-5.66325,312.21,0.45,0.39,2024-09-16,0159,N20,VIIRS,n,2,290.94,1.31,N,0
42.08857,-7.42642,301.93,0.71,0.75,2024-09-16,0337,N20,VIIRS,n,2,285.63,1.6,N,0
42.0904,-7.4276,299.07,0.71,0.75,2024-09-16,0337,N20,VIIRS,n,2,284.48,1.71,N,0
36.7672,-6.11515,339.76,0.39,0.36,2024-09-16,1319,N20,VIIRS,l,2,312.95,4.84,D,0
36.76787,-6.11087,345.97,0.39,0.36,2024-09-16,1319,N20,VIIRS,n,2,313.43,4.84,D,0
37.57015,-0.91452,336.46,0.5,0.41,2024-09-16,1319,N20,VIIRS,n,2,303.34,3.62,D,2
39.86161,-1.27594,332.46,0.52,0.41,2024-09-16,1320,N20,VIIRS,l,2,303.07,3.13,D,0
38.25967,-1.47653,342.53,0.49,0.4,2024-09-16,1320,N20,VIIRS,n,2,309.67,3.89,D,0
38.29774,-1.5259,337.28,0.48,0.4,2024-09-16,1320,N20,VIIRS,l,2,312.22,2.64,D,0
37.41509,-6.3116,339.87,0.39,0.36,2024-09-16,1320,N20,VIIRS,l,2,313.95,4.42,D,0
37.47301,-5.67051,342.13,0.38,0.36,2024-09-16,1320,N20,VIIRS,n,2,312.07,2.83,D,0
37.3343,-5.41669,337.49,0.38,0.36,2024-09-16,1320,N20,VIIRS,l,2,311.35,1.27,D,0
39.52658,-2.49517,337.65,0.46,0.39,2024-09-16,1320,N20,VIIRS,n,2,306.71,9.7,D,0
38.93391,-5.66738,353.06,0.39,0.36,2024-09-16,1320,N20,VIIRS,n,2,322.7,16.49,D,0
42.09591,-2.88315,350.86,0.47,0.4,2024-09-16,1321,N20,VIIRS,n,2,306.22,47.61,D,0
42.65059,-6.2371,346.23,0.39,0.36,2024-09-16,1321,N20,VIIRS,n,2,295.22,7.95,D,0
42.64729,-6.23623,367,0.39,0.36,2024-09-16,1321,N20,VIIRS,l,2,374.91,240.68,D,0
42.64663,-6.2409,367,0.39,0.36,2024-09-16,1321,N20,VIIRS,h,2,354.15,240.68,D,0
42.64795,-6.23155,367,0.39,0.36,2024-09-16,1321,N20,VIIRS,h,2,365.36,140.17,D,0
42.64333,-6.24004,367,0.39,0.36,2024-09-16,1321,N20,VIIRS,h,2,338.13,240.68,D,0
42.64399,-6.23536,367,0.39,0.36,2024-09-16,1321,N20,VIIRS,h,2,370.66,240.68,D,0
42.64465,-6.23066,367,0.39,0.36,2024-09-16,1321,N20,VIIRS,h,2,355.61,140.17,D,0
42.64531,-6.22595,367,0.39,0.36,2024-09-16,1321,N20,VIIRS,h,2,355.61,140.17,D,0
42.64179,-6.23173,349.57,0.39,0.36,2024-09-16,1321,N20,VIIRS,n,2,313.15,22.91,D,0
42.64246,-6.22702,367,0.39,0.36,2024-09-16,1321,N20,VIIRS,h,2,348.94,22.91,D,0
42.01114,-7.16355,340.73,0.38,0.36,2024-09-16,1321,N20,VIIRS,n,2,306.91,8.25,D,0
42.00718,-7.16723,341.01,0.38,0.36,2024-09-16,1321,N20,VIIRS,n,2,315.23,41.3,D,0
42.00787,-7.16266,367,0.38,0.36,2024-09-16,1321,N20,VIIRS,h,2,346.31,41.3,D,0
42.00391,-7.16634,367,0.38,0.36,2024-09-16,1321,N20,VIIRS,l,2,340.78,41.3,D,0
42.00461,-7.16177,354.63,0.38,0.36,2024-09-16,1321,N20,VIIRS,l,2,340.75,41.3,D,0
42.0053,-7.15721,347.69,0.38,0.36,2024-09-16,1321,N20,VIIRS,n,2,317.11,26.58,D,0
42.00204,-7.15631,367,0.38,0.36,2024-09-16,1321,N20,VIIRS,l,2,341.29,28.83,D,0
42.00065,-7.16545,367,0.38,0.36,2024-09-16,1321,N20,VIIRS,h,2,352.49,40.43,D,0
42.00134,-7.16088,367,0.38,0.36,2024-09-16,1321,N20,VIIRS,h,2,334.64,40.43,D,0
41.99808,-7.15999,353.17,0.38,0.36,2024-09-16,1321,N20,VIIRS,n,2,323.73,40.43,D,0
41.99877,-7.15542,356.01,0.38,0.36,2024-09-16,1321,N20,VIIRS,n,2,326.16,28.83,D,0
41.99739,-7.16456,367,0.38,0.36,2024-09-16,1321,N20,VIIRS,h,2,341.26,40.43,D,0
41.99481,-7.15909,367,0.38,0.36,2024-09-16,1321,N20,VIIRS,l,2,333.44,51.22,D,0
41.99551,-7.15452,367,0.38,0.36,2024-09-16,1321,N20,VIIRS,h,2,324.66,11.58,D,0
43.11741,-6.92195,332.27,0.39,0.36,2024-09-16,1321,N20,VIIRS,n,2,299.71,6.45,D,0
42.0923,-2.88239,352.66,0.47,0.4,2024-09-16,1321,N20,VIIRS,n,2,303.36,47.61,D,0
42.09565,-2.88128,347.32,0.47,0.4,2024-09-16,1321,N20,VIIRS,n,2,317.33,81.46,D,0
42.09202,-2.88058,351.83,0.47,0.4,2024-09-16,1321,N20,VIIRS,n,2,293.44,6.62,D,0
43.53985,-5.83128,326.26,0.4,0.37,2024-09-16,1321,N20,VIIRS,n,2,293.37,2.55,D,2
42.00142,-7.15477,343.31,0.33,0.56,2024-09-17,0138,N20,VIIRS,n,2,287.29,4.03,N,0
42.64657,-6.24629,315.24,0.61,0.53,2024-09-17,0138,N20,VIIRS,n,2,284.52,5.63,N,0
42.64165,-6.24713,323.96,0.61,0.53,2024-09-17,0138,N20,VIIRS,n,2,282.62,5.63,N,0
42.64112,-6.23879,336.58,0.61,0.53,2024-09-17,0138,N20,VIIRS,n,2,281.7,5.63,N,0
42.66209,-7.72341,296.05,0.36,0.58,2024-09-17,0138,N20,VIIRS,n,2,280.54,0.42,N,0
42.55306,-6.76883,300.77,0.32,0.55,2024-09-17,0138,N20,VIIRS,n,2,284.8,0.92,N,2
41.45472,1.97919,302.19,0.4,0.37,2024-09-17,0138,N20,VIIRS,n,2,287.87,0.71,N,2
41.60244,0.64565,297.96,0.44,0.38,2024-09-17,0138,N20,VIIRS,n,2,285.03,0.34,N,0
41.40713,1.99713,300.66,0.4,0.37,2024-09-17,0138,N20,VIIRS,n,2,286.96,0.61,N,2
43.55387,-5.86117,296.15,0.59,0.53,2024-09-17,0138,N20,VIIRS,n,2,283.62,0.8,N,2
41.40556,2,297.66,0.4,0.37,2024-09-17,0138,N20,VIIRS,n,2,286.58,0.65,N,2
41.31243,1.66327,321.83,0.41,0.37,2024-09-17,0138,N20,VIIRS,n,2,288.96,2.44,N,2
43.54221,-5.83227,311.92,0.59,0.53,2024-09-17,0138,N20,VIIRS,n,2,284.13,2.66,N,2
41.99634,-7.15664,367,0.33,0.56,2024-09-17,0138,N20,VIIRS,h,2,292.36,5.42,N,0
41.9966,-7.16134,306.21,0.33,0.56,2024-09-17,0138,N20,VIIRS,n,2,284.7,5.42,N,0
42.6471,-6.2546,313.26,0.61,0.53,2024-09-17,0138,N20,VIIRS,n,2,284.74,2.76,N,0
42.64603,-6.23791,326.02,0.61,0.53,2024-09-17,0138,N20,VIIRS,n,2,283.56,5.63,N,0
42.66247,-6.26157,310.23,0.61,0.53,2024-09-17,0138,N20,VIIRS,n,2,282.9,3.19,N,0
42.66138,-6.24485,343.75,0.61,0.53,2024-09-17,0138,N20,VIIRS,n,2,288,9.41,N,0
42.66632,-6.24426,334.95,0.61,0.53,2024-09-17,0138,N20,VIIRS,n,2,286.38,9.41,N,0
42.6485,-6.25471,313.15,0.61,0.53,2024-09-17,0138,N20,VIIRS,n,2,284.32,2.77,N,0
42.66382,-6.26165,310.12,0.61,0.53,2024-09-17,0138,N20,VIIRS,n,2,283.07,1.25,N,0
42.66285,-6.2451,353.11,0.61,0.53,2024-09-17,0138,N20,VIIRS,n,2,291.43,17.83,N,0
41.99609,-7.15195,315.8,0.33,0.56,2024-09-17,0138,N20,VIIRS,n,2,287.11,6.17,N,0
41.99146,-7.1619,355.84,0.33,0.56,2024-09-17,0138,N20,VIIRS,n,2,292.61,5.42,N,0
41.99171,-7.16675,317.55,0.33,0.56,2024-09-17,0138,N20,VIIRS,n,2,280.52,6.68,N,0
41.99118,-7.15683,309.35,0.33,0.56,2024-09-17,0138,N20,VIIRS,n,2,284.67,5.42,N,0
41.47632,-1.48778,305.06,0.52,0.42,2024-09-17,0138,N20,VIIRS,n,2,286.06,1.01,N,2
43.52602,-5.7312,301.24,0.58,0.52,2024-09-17,0138,N20,VIIRS,n,2,283.61,2.51,N,2
43.52647,-5.73833,319.47,0.58,0.52,2024-09-17,0138,N20,VIIRS,n,2,283.2,2.51,N,2
43.53086,-5.73057,297.17,0.58,0.52,2024-09-17,0138,N20,VIIRS,n,2,282.08,0.8,N,2
40.24759,-3.47552,300.28,0.41,0.45,2024-09-17,0139,N20,VIIRS,n,2,286.33,1.21,N,2
40.24344,-3.47622,313.58,0.41,0.45,2024-09-17,0139,N20,VIIRS,n,2,287.79,1.21,N,2
39.66417,-0.24974,301.17,0.45,0.39,2024-09-17,0139,N20,VIIRS,n,2,291.11,0.53,N,2
39.57098,-2.4489,315.13,0.55,0.42,2024-09-17,0139,N20,VIIRS,n,2,284.06,2.69,N,0
38.96844,-5.62347,305.38,0.52,0.5,2024-09-17,0139,N20,VIIRS,n,2,287.29,0.8,N,0
38.66912,-4.05365,301.86,0.43,0.46,2024-09-17,0139,N20,VIIRS,n,2,289.89,1.3,N,0
38.66826,-4.05109,302.03,0.43,0.46,2024-09-17,0139,N20,VIIRS,n,2,288.19,1.02,N,2
39.57087,-2.44975,321.89,0.55,0.42,2024-09-17,0139,N20,VIIRS,n,2,283.92,2.68,N,0
39.5288,-2.50254,326.74,0.55,0.43,2024-09-17,0139,N20,VIIRS,n,2,282.28,6.16,N,0
39.52813,-2.49618,320.79,0.55,0.43,2024-09-17,0139,N20,VIIRS,n,2,285.35,7.59,N,0
40.5769,0.54204,310.4,0.43,0.38,2024-09-17,0139,N20,VIIRS,n,2,290.97,0.91,N,2
40.4224,-3.41872,296.23,0.41,0.45,2024-09-17,0139,N20,VIIRS,n,2,285.49,0.42,N,0
40.42501,-3.41997,297.17,0.41,0.45,2024-09-17,0139,N20,VIIRS,n,2,285.43,0.37,N,0
36.96644,-1.90726,312.47,0.48,0.4,2024-09-17,0140,N20,VIIRS,n,2,292.29,1.39,N,2
37.56869,-0.91601,318.93,0.45,0.39,2024-09-17,0140,N20,VIIRS,n,2,290.65,1.42,N,2
37.5701,-0.91659,315.14,0.45,0.39,2024-09-17,0140,N20,VIIRS,n,2,291.31,1.28,N,2
37.00445,-5.74855,302.02,0.5,0.49,2024-09-17,0140,N20,VIIRS,n,2,289.23,0.62,N,0
37.00323,-5.74801,299.84,0.5,0.49,2024-09-17,0140,N20,VIIRS,n,2,289.03,0.75,N,0
43.55449,-5.8634,296.24,0.45,0.63,2024-09-17,0318,N20,VIIRS,n,2,282.32,0.49,N,0
43.52771,-5.73176,310.37,0.46,0.63,2024-09-17,0318,N20,VIIRS,n,2,283.24,1.96,N,2
41.99667,-7.15892,367,0.43,0.62,2024-09-17,0319,N20,VIIRS,h,2,287.09,8.6,N,0
42.66896,-6.24687,348.62,0.46,0.63,2024-09-17,0319,N20,VIIRS,n,2,283.1,6.5,N,0
42.66767,-6.24257,355.53,0.46,0.64,2024-09-17,0319,N20,VIIRS,n,2,285.82,5.07,N,0
42.6663,-6.23805,298.8,0.46,0.64,2024-09-17,0319,N20,VIIRS,n,2,282.22,5.07,N,0
42.66332,-6.24918,354.47,0.46,0.63,2024-09-17,0319,N20,VIIRS,n,2,285.39,16.27,N,0
42.66206,-6.24504,367,0.46,0.64,2024-09-17,0319,N20,VIIRS,h,2,290.61,13.82,N,0
42.66077,-6.24077,341.67,0.46,0.64,2024-09-17,0319,N20,VIIRS,n,2,287.66,13.82,N,0
42.66762,-6.24493,367,0.46,0.64,2024-09-17,0319,N20,VIIRS,h,2,291.6,14.15,N,0
42.66632,-6.24052,367,0.46,0.64,2024-09-17,0319,N20,VIIRS,h,2,288.35,19.99,N,0
42.66886,-6.24911,302.42,0.46,0.64,2024-09-17,0319,N20,VIIRS,n,2,281.66,14.15,N,0
42.66201,-6.24737,322.29,0.46,0.64,2024-09-17,0319,N20,VIIRS,n,2,285.08,5.17,N,0
42.66077,-6.24317,333.62,0.46,0.64,2024-09-17,0319,N20,VIIRS,n,2,285.95,3.55,N,0
42.6595,-6.2389,300.21,0.46,0.64,2024-09-17,0319,N20,VIIRS,n,2,282.84,3.55,N,0
42.64846,-6.24435,295.16,0.46,0.64,2024-09-17,0319,N20,VIIRS,n,2,281.52,4.65,N,0
42.64708,-6.23973,305.4,0.46,0.64,2024-09-17,0319,N20,VIIRS,n,2,281.79,4.38,N,0
42.64563,-6.23484,297.69,0.46,0.64,2024-09-17,0319,N20,VIIRS,n,2,280.17,4.38,N,0
42.64283,-6.24673,338.76,0.46,0.64,2024-09-17,0319,N20,VIIRS,n,2,283.7,4.65,N,0
42.64146,-6.24212,352.85,0.46,0.64,2024-09-17,0319,N20,VIIRS,n,2,285.73,4.38,N,0
42.6456,-6.25604,296.29,0.46,0.64,2024-09-17,0319,N20,VIIRS,n,2,282.26,1.21,N,0
42.66251,-7.72047,321.06,0.39,0.59,2024-09-17,0319,N20,VIIRS,n,2,281.25,1.03,N,0
42.00116,-7.15315,296.81,0.44,0.62,2024-09-17,0319,N20,VIIRS,n,2,283.12,8.6,N,0
41.99543,-7.15463,367,0.44,0.62,2024-09-17,0319,N20,VIIRS,h,2,290.84,8.6,N,0
41.99421,-7.15039,367,0.44,0.62,2024-09-17,0319,N20,VIIRS,h,2,296.66,19.04,N,0
41.99125,-7.16143,367,0.43,0.62,2024-09-17,0319,N20,VIIRS,h,2,289.75,19.16,N,0
41.99011,-7.15751,367,0.44,0.62,2024-09-17,0319,N20,VIIRS,h,2,296.08,19.16,N,0
41.98896,-7.15355,339.62,0.44,0.62,2024-09-17,0319,N20,VIIRS,n,2,299.6,46.02,N,0
41.98578,-7.16381,315.36,0.43,0.62,2024-09-17,0319,N20,VIIRS,n,2,282.47,19.16,N,0
40.24603,-3.47691,313.1,0.74,0.76,2024-09-17,0319,N20,VIIRS,n,2,285.48,2.48,N,2
39.25195,-6.11848,310.21,0.59,0.7,2024-09-17,0319,N20,VIIRS,n,2,285.64,1.31,N,0
38.94722,-5.66927,296.18,0.63,0.72,2024-09-17,0319,N20,VIIRS,n,2,285.4,1.51,N,0
38.94087,-5.66848,301.56,0.63,0.72,2024-09-17,0319,N20,VIIRS,n,2,284.69,1.57,N,0
37.20533,-6.47999,298.17,0.65,0.73,2024-09-17,0320,N20,VIIRS,n,2,286.55,0.69,N,0
38.25948,-1.47392,335.31,0.38,0.36,2024-09-17,1301,N20,VIIRS,n,2,303.44,2.04,D,0
39.04391,-5.73799,343.95,0.47,0.4,2024-09-17,1301,N20,VIIRS,n,2,311.11,4.47,D,0
39.32637,-5.50848,350.7,0.46,0.39,2024-09-17,1301,N20,VIIRS,n,2,314.75,9.1,D,0
40.24538,-3.47238,337.08,0.4,0.37,2024-09-17,1301,N20,VIIRS,n,2,311.89,3.54,D,2
40.5211,-3.58375,335.73,0.4,0.37,2024-09-17,1301,N20,VIIRS,l,2,309.29,2.8,D,0
39.52872,-2.49641,335.07,0.39,0.36,2024-09-17,1301,N20,VIIRS,l,2,305.84,5.1,D,0
38.28368,-1.56077,334.4,0.38,0.36,2024-09-17,1301,N20,VIIRS,n,2,302.74,2.57,D,0
38.10918,-3.62196,336.48,0.41,0.37,2024-09-17,1301,N20,VIIRS,n,2,307.09,1.35,D,0
43.52689,-5.72564,331.66,0.41,0.37,2024-09-17,1302,N20,VIIRS,n,2,298.85,3.4,D,2
41.50591,-5.0248,339.21,0.42,0.37,2024-09-17,1302,N20,VIIRS,n,2,302.76,4.09,D,0
41.93613,-0.80709,333.67,0.4,0.37,2024-09-17,1302,N20,VIIRS,n,2,301.86,1.77,D,0
42.64141,-6.24089,342.74,0.44,0.38,2024-09-17,1302,N20,VIIRS,n,2,307.87,9.68,D,0
42.64212,-6.24322,340.79,0.44,0.38,2024-09-17,1302,N20,VIIRS,n,2,306.3,10.88,D,0
43.52599,-5.73063,343.72,0.41,0.37,2024-09-17,1302,N20,VIIRS,n,2,300.84,11.25,D,2
41.60311,-4.71588,339.46,0.41,0.37,2024-09-17,1302,N20,VIIRS,n,2,301.29,3.33,D,0
41.93281,-0.80626,337.17,0.4,0.37,2024-09-17,1302,N20,VIIRS,n,2,302.98,1.77,D,0
41.93346,-0.80151,343.96,0.4,0.37,2024-09-17,1302,N20,VIIRS,n,2,302.03,3.05,D,0
41.93014,-0.80068,332.67,0.4,0.37,2024-09-17,1302,N20,VIIRS,n,2,302.28,1.55,D,0
41.93079,-0.79593,337.45,0.4,0.37,2024-09-17,1302,N20,VIIRS,n,2,301.88,1.55,D,0
41.9593,-4.49364,337.3,0.4,0.37,2024-09-17,1302,N20,VIIRS,n,2,299.25,2.98,D,0
42.00981,-6.96266,367,0.58,0.7,2024-09-18,0119,N20,VIIRS,h,2,283.41,33.43,N,0
42.00992,-6.97147,299.62,0.58,0.7,2024-09-18,0119,N20,VIIRS,n,2,283.21,25.42,N,0
42.00969,-6.95328,350.4,0.58,0.7,2024-09-18,0119,N20,VIIRS,n,2,289.24,33.43,N,0
43.5612,-5.72768,296.06,0.51,0.66,2024-09-18,0119,N20,VIIRS,n,2,285.21,0.51,N,0
43.56054,-5.72881,295.94,0.51,0.66,2024-09-18,0119,N20,VIIRS,n,2,284.76,0.61,N,0
42.00315,-6.94738,344.81,0.58,0.7,2024-09-18,0119,N20,VIIRS,n,2,285.45,18.33,N,0
42.00326,-6.95619,340.59,0.58,0.7,2024-09-18,0119,N20,VIIRS,n,2,290.45,33.43,N,0
42.00336,-6.96456,343.67,0.58,0.7,2024-09-18,0119,N20,VIIRS,n,2,301.99,33.43,N,0
42.00347,-6.97279,356.14,0.58,0.7,2024-09-18,0119,N20,VIIRS,n,2,292.87,25.42,N,0
42.00297,-6.96506,344.06,0.58,0.7,2024-09-18,0119,N20,VIIRS,n,2,301.61,37.36,N,0
42.00282,-6.95679,331.36,0.58,0.7,2024-09-18,0119,N20,VIIRS,n,2,288.87,23.46,N,0
42.00266,-6.94796,348.8,0.58,0.7,2024-09-18,0119,N20,VIIRS,n,2,286.4,23.46,N,0
42.00325,-6.9812,308.6,0.58,0.7,2024-09-18,0119,N20,VIIRS,n,2,281.24,16.57,N,0
41.9964,-6.95921,367,0.58,0.7,2024-09-18,0119,N20,VIIRS,h,2,289.62,10.55,N,0
41.99625,-6.95076,341.4,0.58,0.7,2024-09-18,0119,N20,VIIRS,n,2,289.62,10.55,N,0
41.99652,-6.96633,313.33,0.58,0.7,2024-09-18,0119,N20,VIIRS,n,2,284.14,8.92,N,0
41.98995,-6.9605,353.62,0.58,0.7,2024-09-18,0119,N20,VIIRS,n,2,281.26,10.55,N,0
41.9898,-6.9516,312.97,0.58,0.7,2024-09-18,0119,N20,VIIRS,n,2,282.56,10.55,N,0
43.53059,-5.73517,341.44,0.51,0.66,2024-09-18,0119,N20,VIIRS,n,2,285.37,3.56,N,2
43.53046,-5.72935,297.35,0.51,0.66,2024-09-18,0119,N20,VIIRS,n,2,285.56,3.92,N,2
43.52446,-5.73595,309.78,0.51,0.66,2024-09-18,0119,N20,VIIRS,n,2,285.49,3.56,N,2
43.3347,-3.11273,314.69,0.37,0.58,2024-09-18,0119,N20,VIIRS,n,2,285.18,2.64,N,0
43.22971,-2.8878,295.87,0.36,0.58,2024-09-18,0119,N20,VIIRS,n,2,284.32,0.77,N,0
42.55156,-6.77477,296.59,0.57,0.69,2024-09-18,0119,N20,VIIRS,n,2,282,1.13,N,0
42.55071,-6.77325,297.49,0.57,0.69,2024-09-18,0119,N20,VIIRS,n,2,281.72,0.77,N,2
42.47309,-8.08605,299.12,0.66,0.73,2024-09-18,0119,N20,VIIRS,n,2,284.84,1.27,N,0
42.47193,-8.08565,298.59,0.66,0.73,2024-09-18,0119,N20,VIIRS,n,2,283.98,1.56,N,0
42.21066,-7.4028,297.72,0.61,0.71,2024-09-18,0119,N20,VIIRS,n,2,282.63,4.47,N,0
42.20407,-7.40391,325.18,0.61,0.71,2024-09-18,0119,N20,VIIRS,n,2,282.92,4.47,N,0
42.20398,-7.39681,337.8,0.61,0.71,2024-09-18,0119,N20,VIIRS,n,2,287.04,4.47,N,0
42.20417,-7.41206,297.07,0.61,0.71,2024-09-18,0119,N20,VIIRS,n,2,282.44,2.35,N,0
42.00357,-6.98083,318.47,0.58,0.7,2024-09-18,0119,N20,VIIRS,n,2,281.11,25.42,N,0
42.0094,-6.96326,367,0.58,0.7,2024-09-18,0119,N20,VIIRS,h,2,284.82,37.36,N,0
42.00923,-6.9539,347.18,0.58,0.7,2024-09-18,0119,N20,VIIRS,n,2,293.3,23.46,N,0
42.00956,-6.97196,302.69,0.58,0.7,2024-09-18,0119,N20,VIIRS,n,2,283.55,37.36,N,0
42.00312,-6.97323,367,0.58,0.7,2024-09-18,0119,N20,VIIRS,h,2,291.49,37.36,N,0
38.70369,-6.47549,320.96,0.52,0.67,2024-09-18,0120,N20,VIIRS,n,2,288.57,2.42,N,0
38.69854,-6.47118,299.53,0.52,0.67,2024-09-18,0120,N20,VIIRS,n,2,288.17,2.03,N,0
38.69876,-6.47721,320.77,0.52,0.67,2024-09-18,0120,N20,VIIRS,n,2,288.25,3.04,N,0
38.69749,-6.47578,303.2,0.52,0.67,2024-09-18,0120,N20,VIIRS,n,2,288.19,0.91,N,0
39.52817,-2.50052,313.15,0.32,0.55,2024-09-18,0120,N20,VIIRS,n,2,284.56,0.92,N,0
40.04107,-4.52186,307.63,0.42,0.61,2024-09-18,0120,N20,VIIRS,n,2,286.71,1.32,N,0
40.25343,-6.2012,310.38,0.51,0.66,2024-09-18,0120,N20,VIIRS,n,2,285.95,1.25,N,0
40.25959,-6.20051,304.8,0.51,0.66,2024-09-18,0120,N20,VIIRS,n,2,287.19,1.25,N,0
40.25858,-6.20121,320.73,0.52,0.66,2024-09-18,0120,N20,VIIRS,n,2,287.83,1.9,N,0
40.24473,-3.47507,317.59,0.37,0.58,2024-09-18,0120,N20,VIIRS,n,2,289.45,2.04,N,2
40.24496,-3.47951,301.01,0.37,0.58,2024-09-18,0120,N20,VIIRS,n,2,287.02,1.71,N,2
41.47477,-1.48946,298.11,0.59,0.53,2024-09-18,0120,N20,VIIRS,n,2,283.78,0.75,N,2
41.47725,-1.49048,299.21,0.59,0.53,2024-09-18,0120,N20,VIIRS,n,2,282.91,1.19,N,2
37.82538,-0.84034,308.08,0.5,0.49,2024-09-18,0121,N20,VIIRS,n,2,288.08,1.26,N,0
37.82492,-0.83463,299.59,0.5,0.49,2024-09-18,0121,N20,VIIRS,n,2,288.17,0.91,N,0
37.82395,-0.83542,314.49,0.5,0.49,2024-09-18,0121,N20,VIIRS,n,2,288.15,2.5,N,0
43.33639,-3.10842,297.57,0.37,0.58,2024-09-18,0259,N20,VIIRS,n,2,284.59,0.73,N,0
43.3353,-3.1045,307.03,0.37,0.58,2024-09-18,0259,N20,VIIRS,n,2,285.16,0.83,N,0
42.20088,-7.40282,295.27,0.49,0.49,2024-09-18,0300,N20,VIIRS,n,2,283.66,1.11,N,0
42.19945,-7.39697,297.42,0.49,0.49,2024-09-18,0300,N20,VIIRS,n,2,283.05,2.29,N,0
42.20495,-7.39717,299.6,0.49,0.49,2024-09-18,0300,N20,VIIRS,n,2,280.99,1.62,N,0
42.20358,-7.39141,311.45,0.49,0.49,2024-09-18,0300,N20,VIIRS,n,2,282.92,2.19,N,0
42.20057,-7.39857,313.43,0.49,0.49,2024-09-18,0300,N20,VIIRS,n,2,283.94,1.62,N,0
42.00774,-6.9579,342.65,0.52,0.5,2024-09-18,0300,N20,VIIRS,n,2,289.8,43.45,N,0
42.00634,-6.95224,345.01,0.52,0.5,2024-09-18,0300,N20,VIIRS,n,2,299.43,43.45,N,0
42.00489,-6.94639,327.92,0.52,0.5,2024-09-18,0300,N20,VIIRS,n,2,282.82,3.57,N,0
42.00335,-6.94014,296.43,0.52,0.5,2024-09-18,0300,N20,VIIRS,n,2,281.38,3.57,N,0
42.00459,-6.96485,327.6,0.52,0.5,2024-09-18,0300,N20,VIIRS,n,2,286.6,6.4,N,0
42.00318,-6.9591,323.63,0.52,0.5,2024-09-18,0300,N20,VIIRS,n,2,288.84,3.38,N,0
42.00038,-6.94778,340.15,0.52,0.5,2024-09-18,0300,N20,VIIRS,n,2,287.4,7.91,N,0
41.99896,-6.94206,324.15,0.52,0.5,2024-09-18,0300,N20,VIIRS,n,2,283.88,7.91,N,0
42.006,-6.97052,301.98,0.52,0.5,2024-09-18,0300,N20,VIIRS,n,2,283.25,6.4,N,0
42.00175,-6.95336,307.17,0.52,0.5,2024-09-18,0300,N20,VIIRS,n,2,285.46,3.38,N,0
42.00155,-6.97216,353.55,0.52,0.5,2024-09-18,0300,N20,VIIRS,n,2,289.93,6.4,N,0
39.52653,-2.50117,301.28,0.51,0.66,2024-09-18,0300,N20,VIIRS,n,2,283.65,1.05,N,0
39.52977,-2.49918,301.95,0.51,0.66,2024-09-18,0300,N20,VIIRS,n,2,283.54,0.96,N,0
40.04287,-4.5187,301.56,0.39,0.59,2024-09-18,0300,N20,VIIRS,n,2,286.1,0.45,N,0
40.25485,-6.19939,313.79,0.63,0.54,2024-09-18,0300,N20,VIIRS,n,2,286.75,2.49,N,0
41.99715,-6.9544,323.57,0.52,0.5,2024-09-18,0300,N20,VIIRS,n,2,290.61,3.38,N,0
41.99582,-6.94902,348.48,0.52,0.5,2024-09-18,0300,N20,VIIRS,n,2,290.96,7.91,N,0
42.00011,-6.96636,303.37,0.52,0.5,2024-09-18,0300,N20,VIIRS,n,2,284.8,6.4,N,0
41.99863,-6.96034,307.56,0.52,0.5,2024-09-18,0300,N20,VIIRS,n,2,285.92,3.38,N,0
41.99451,-6.9437,305.03,0.52,0.5,2024-09-18,0300,N20,VIIRS,n,2,283.5,7.91,N,0
41.99414,-6.96183,344.38,0.52,0.5,2024-09-18,0300,N20,VIIRS,n,2,291.79,19.45,N,0
41.99268,-6.95597,353.16,0.52,0.5,2024-09-18,0300,N20,VIIRS,n,2,296.95,19.45,N,0
41.99134,-6.95056,353.12,0.52,0.5,2024-09-18,0300,N20,VIIRS,n,2,288.84,30,N,0
41.99713,-6.9739,307.66,0.52,0.5,2024-09-18,0300,N20,VIIRS,n,2,282.26,3.91,N,0
41.98823,-6.95763,355.1,0.52,0.5,2024-09-18,0300,N20,VIIRS,n,2,288.22,19.45,N,0
41.98967,-6.96343,316.15,0.52,0.5,2024-09-18,0300,N20,VIIRS,n,2,282.05,19.45,N,0
42.00097,-6.97293,341.56,0.52,0.5,2024-09-18,0300,N20,VIIRS,n,2,291.58,18.43,N,0
41.99665,-6.95504,326.79,0.52,0.5,2024-09-18,0300,N20,VIIRS,n,2,291.63,22.19,N,0
41.99535,-6.94966,346.29,0.52,0.5,2024-09-18,0300,N20,VIIRS,n,2,293.69,22.19,N,0
41.99957,-6.96712,301.83,0.52,0.5,2024-09-18,0300,N20,VIIRS,n,2,284.48,10.64,N,0
41.9981,-6.96107,304.36,0.52,0.5,2024-09-18,0300,N20,VIIRS,n,2,285.11,10.64,N,0
41.99406,-6.94436,319.4,0.52,0.5,2024-09-18,0300,N20,VIIRS,n,2,284,10.68,N,0
41.99363,-6.96258,340.63,0.52,0.5,2024-09-18,0300,N20,VIIRS,n,2,286.17,10.64,N,0
41.9922,-6.9567,347.19,0.52,0.5,2024-09-18,0300,N20,VIIRS,n,2,303.2,22.19,N,0
41.98775,-6.95835,312.18,0.52,0.5,2024-09-18,0300,N20,VIIRS,n,2,282.79,2.28,N,0
40.2452,-3.47267,300.31,0.43,0.62,2024-09-18,0300,N20,VIIRS,n,2,285.87,1.57,N,2
43.52995,-5.7295,300.77,0.54,0.51,2024-09-18,0300,N20,VIIRS,n,2,285.85,2.64,N,2
43.52549,-5.73162,327.76,0.54,0.51,2024-09-18,0300,N20,VIIRS,n,2,286.43,2.64,N,2
42.20386,-7.39566,327.19,0.49,0.49,2024-09-18,0300,N20,VIIRS,n,2,283.47,2.29,N,0
41.99088,-6.95122,352.54,0.52,0.5,2024-09-18,0300,N20,VIIRS,n,2,287.81,22.19,N,0
40.24654,-3.4774,315.48,0.43,0.62,2024-09-18,0300,N20,VIIRS,n,2,285.36,1.57,N,2
37.36132,-5.86635,307.2,0.39,0.59,2024-09-18,0301,N20,VIIRS,n,2,288.1,0.6,N,2
38.88757,-6.07173,299.17,0.35,0.56,2024-09-18,0301,N20,VIIRS,n,2,286.8,0.78,N,0
38.88858,-6.07559,312.21,0.35,0.56,2024-09-18,0301,N20,VIIRS,n,2,286.9,0.78,N,0
37.52331,-5.30115,331.48,0.54,0.51,2024-09-18,1242,N20,VIIRS,n,2,299.8,6.22,D,0
37.52227,-5.30247,331.19,0.54,0.51,2024-09-18,1242,N20,VIIRS,n,2,300.14,5.2,D,0
38.15361,-6.23794,341.24,0.58,0.52,2024-09-18,1242,N20,VIIRS,n,2,302.04,7.76,D,0
36.93538,-5.94533,343.08,0.6,0.53,2024-09-18,1242,N20,VIIRS,n,2,300.71,9.71,D,0
36.93721,-5.9431,342.48,0.6,0.53,2024-09-18,1242,N20,VIIRS,n,2,302.23,10.63,D,0
36.94189,-5.94489,342.66,0.6,0.53,2024-09-18,1242,N20,VIIRS,n,2,300.66,10.63,D,0
36.80223,-5.89146,335.02,0.6,0.53,2024-09-18,1242,N20,VIIRS,n,2,300.3,6.25,D,0
36.94007,-5.9471,347.91,0.6,0.53,2024-09-18,1242,N20,VIIRS,n,2,300.15,9.71,D,0
42.00592,-7.14221,341.56,0.52,0.5,2024-09-18,1243,N20,VIIRS,n,2,306.33,83.43,D,0
40.24229,-3.47474,334.04,0.57,0.43,2024-09-18,1243,N20,VIIRS,n,2,303.06,4.75,D,2
40.33886,-3.81059,341.57,0.39,0.44,2024-09-18,1243,N20,VIIRS,n,2,301.5,3.5,D,0
42.86343,-2.66777,329.44,0.47,0.4,2024-09-18,1243,N20,VIIRS,n,2,293.99,2.78,D,0
41.99627,-6.93714,346.76,0.51,0.49,2024-09-18,1243,N20,VIIRS,n,2,311.11,23.99,D,0
41.99478,-6.94333,345.62,0.51,0.49,2024-09-18,1243,N20,VIIRS,n,2,311.03,13.11,D,0
42.00058,-6.93911,343.11,0.51,0.49,2024-09-18,1243,N20,VIIRS,n,2,298.94,23.99,D,0
41.99912,-6.94516,335.54,0.51,0.49,2024-09-18,1243,N20,VIIRS,l,2,307.83,13.11,D,0
41.99336,-7.14985,340.5,0.52,0.5,2024-09-18,1243,N20,VIIRS,n,2,301.85,39.71,D,0
41.99928,-7.14527,353.75,0.52,0.5,2024-09-18,1243,N20,VIIRS,n,2,318.33,39.71,D,0
42.00379,-7.14659,367,0.52,0.5,2024-09-18,1243,N20,VIIRS,h,2,338.73,71.7,D,0
42.00528,-7.14033,341.17,0.52,0.5,2024-09-18,1243,N20,VIIRS,n,2,299.81,68.64,D,0
42.00222,-7.15319,341.43,0.52,0.5,2024-09-18,1243,N20,VIIRS,n,2,306.94,71.7,D,0
42.00143,-7.14078,340.79,0.52,0.5,2024-09-18,1243,N20,VIIRS,n,2,301.25,83.43,D,0
41.99986,-7.14717,350.14,0.52,0.5,2024-09-18,1243,N20,VIIRS,l,2,330.88,83.43,D,0
43.53907,-5.82773,340.19,0.41,0.45,2024-09-18,1244,N20,VIIRS,n,2,292.49,3.26,D,2
37.16216,-5.48715,340.97,0.67,0.74,2024-09-18,1422,N20,VIIRS,n,2,291.95,7.87,D,0
38.67423,-6.33779,367,0.62,0.71,2024-09-18,1423,N20,VIIRS,h,2,297.38,20.47,D,0
38.6741,-6.34499,354.76,0.62,0.71,2024-09-18,1423,N20,VIIRS,n,2,300.19,19.65,D,0
38.6763,-6.33818,367,0.62,0.71,2024-09-18,1423,N20,VIIRS,h,2,297.59,12.47,D,0
38.67613,-6.34544,336.95,0.62,0.71,2024-09-18,1423,N20,VIIRS,n,2,298.54,12.47,D,0
42.00027,-7.1402,331.04,0.58,0.7,2024-09-18,1424,N20,VIIRS,n,2,299.21,8.74,D,0
42.00017,-7.14693,367,0.58,0.7,2024-09-18,1424,N20,VIIRS,h,2,312.34,27.71,D,0
43.30934,-3.03125,302.74,0.64,0.72,2024-09-19,0100,N20,VIIRS,n,2,284.69,1.09,N,0
41.4555,1.97704,295.81,0.35,0.56,2024-09-19,0100,N20,VIIRS,n,2,284.74,0.55,N,2
39.91568,-4.25265,299.49,0.72,0.76,2024-09-19,0101,N20,VIIRS,n,2,284.46,0.97,N,0
38.37779,-0.54817,298.11,0.45,0.63,2024-09-19,0101,N20,VIIRS,n,2,284.9,0.7,N,2
41.99785,-7.14995,297.01,0.47,0.4,2024-09-19,0241,N20,VIIRS,n,2,285.91,0.86,N,0
43.5302,-5.73135,298.3,0.5,0.41,2024-09-19,0241,N20,VIIRS,n,2,286.19,0.68,N,2
43.52655,-5.73275,312.49,0.5,0.41,2024-09-19,0241,N20,VIIRS,n,2,288.28,1.5,N,2
43.5229,-5.73413,299.03,0.5,0.41,2024-09-19,0241,N20,VIIRS,n,2,287.01,1.5,N,2
41.40545,1.99542,300.7,0.43,0.62,2024-09-19,0241,N20,VIIRS,n,2,284.3,0.73,N,2
41.40714,1.9989,297.46,0.43,0.62,2024-09-19,0241,N20,VIIRS,n,2,284.52,0.75,N,2
41.31154,1.66004,320.26,0.42,0.61,2024-09-19,0241,N20,VIIRS,n,2,285.72,2.18,N,2
43.2804,-7.83337,303.46,0.43,0.38,2024-09-19,0241,N20,VIIRS,n,2,284.27,1.21,N,0
42.92989,-7.94486,327.35,0.43,0.38,2024-09-19,0241,N20,VIIRS,n,2,285.62,10.21,N,0
42.92896,-7.93987,332.95,0.43,0.38,2024-09-19,0241,N20,VIIRS,n,2,295.16,10.21,N,0
41.9914,-6.94471,299.89,0.48,0.4,2024-09-19,0241,N20,VIIRS,n,2,284.31,0.98,N,0
39.93608,-3.74586,302.23,0.49,0.49,2024-09-19,0242,N20,VIIRS,n,2,286.14,1.11,N,2
37.35891,-5.86445,297.56,0.44,0.46,2024-09-19,0242,N20,VIIRS,n,2,271.21,0.51,N,2
40.24532,-3.47406,295.81,0.5,0.49,2024-09-19,0242,N20,VIIRS,n,2,285.47,0.64,N,2
39.91539,-4.23773,367,0.36,0.58,2024-09-19,1224,N20,VIIRS,h,2,299.65,17.97,D,0
39.91435,-4.24162,348.41,0.36,0.58,2024-09-19,1224,N20,VIIRS,n,2,298.02,17.97,D,0
39.90929,-4.23944,348.24,0.36,0.58,2024-09-19,1224,N20,VIIRS,n,2,295.67,5.86,D,0
39.90824,-4.24339,336.65,0.36,0.58,2024-09-19,1224,N20,VIIRS,n,2,296.78,4.03,D,0
39.91298,-4.24147,329.96,0.45,0.63,2024-09-19,1404,N20,VIIRS,n,2,298.83,11.59,D,0
39.9132,-4.23586,367,0.45,0.63,2024-09-19,1404,N20,VIIRS,h,2,298.03,11.59,D,0
42.1824,-8.03305,338.71,0.59,0.53,2024-09-19,1405,N20,VIIRS,n,2,288.02,6.18,D,0
43.0819,-6.18161,330.43,0.38,0.59,2024-09-19,1405,N20,VIIRS,n,2,288.1,3.19,D,0
43.52533,-5.7305,295.82,0.39,0.36,2024-09-20,0222,N20,VIIRS,n,2,277.86,1.53,N,2
43.34626,-8.43502,313.25,0.4,0.37,2024-09-20,0222,N20,VIIRS,n,2,286.21,0.99,N,2
41.47394,-1.48841,297.22,0.52,0.42,2024-09-20,0222,N20,VIIRS,n,2,284.31,0.91,N,2
43.53805,-5.83024,315.55,0.39,0.36,2024-09-20,0222,N20,VIIRS,n,2,283.38,1.66,N,2
43.53881,-5.83494,297.49,0.39,0.36,2024-09-20,0222,N20,VIIRS,n,2,284.67,1.08,N,2
40.91689,-5.71083,314.53,0.39,0.37,2024-09-20,0223,N20,VIIRS,n,2,262.76,0.85,N,0
36.96574,-1.90645,307.28,0.41,0.45,2024-09-20,0224,N20,VIIRS,n,2,289.31,1.48,N,2
37.35907,-5.86464,313.48,0.42,0.37,2024-09-20,0224,N20,VIIRS,n,2,290.9,1.72,N,2
41.92337,0.17801,310.95,0.41,0.37,2024-09-21,0203,N20,VIIRS,n,2,277.38,1.06,N,2
38.37716,-0.54417,306.23,0.42,0.38,2024-09-21,0204,N20,VIIRS,n,2,288.81,1.24,N,2
37.72573,-5.03917,303.2,0.39,0.37,2024-09-21,0205,N20,VIIRS,n,2,286.35,1.18,N,0
38.83027,-6.62888,347.28,0.39,0.36,2024-09-21,1326,N20,VIIRS,n,2,310.63,11.63,D,0
40.24309,-3.47115,326.48,0.49,0.4,2024-09-21,1326,N20,VIIRS,n,2,294.59,2.18,D,2
43.51844,-5.7378,295.62,0.49,0.48,2024-09-22,0144,N20,VIIRS,n,2,284.31,0.72,N,0
43.56046,-5.72428,295.09,0.49,0.48,2024-09-22,0144,N20,VIIRS,n,2,284.6,0.6,N,0
43.56268,-5.72502,295,0.49,0.48,2024-09-22,0144,N20,VIIRS,n,2,284.06,0.68,N,0
43.53999,-5.8396,295.81,0.49,0.49,2024-09-22,0144,N20,VIIRS,n,2,282.88,1.31,N,2
43.53952,-5.8335,308.14,0.49,0.49,2024-09-22,0144,N20,VIIRS,n,2,284.03,1.31,N,2
43.52691,-5.73044,304.65,0.49,0.48,2024-09-22,0144,N20,VIIRS,n,2,286.1,1.68,N,2
40.24675,-3.47736,313.29,0.53,0.42,2024-09-22,0145,N20,VIIRS,n,2,287.38,3.06,N,2
41.2173,-4.26183,296.79,0.39,0.44,2024-09-22,0145,N20,VIIRS,n,2,282.42,0.5,N,0
41.47525,-1.48933,304.8,0.45,0.39,2024-09-22,0145,N20,VIIRS,n,2,286.86,0.82,N,2
41.31168,1.66037,308.69,0.39,0.36,2024-09-22,0145,N20,VIIRS,n,2,286.49,1.53,N,2
38.37685,-0.54589,303.48,0.4,0.37,2024-09-22,0145,N20,VIIRS,n,2,289.75,0.98,N,2
38.05602,-1.11731,298.72,0.41,0.37,2024-09-22,0145,N20,VIIRS,n,2,287.17,0.92,N,0
38.05262,-1.11808,306.25,0.41,0.37,2024-09-22,0145,N20,VIIRS,n,2,286.81,0.92,N,0
38.05199,-1.1134,307.61,0.41,0.37,2024-09-22,0145,N20,VIIRS,n,2,287.91,1.56,N,0
40.24468,-3.47749,313.89,0.53,0.42,2024-09-22,0145,N20,VIIRS,n,2,287.84,2.1,N,2
37.36221,-5.8657,298.48,0.42,0.46,2024-09-22,0146,N20,VIIRS,n,2,288.44,0.61,N,2
36.17696,-5.42844,301.98,0.39,0.44,2024-09-22,0146,N20,VIIRS,n,2,287.39,0.52,N,0
37.35914,-6.67619,297.6,0.47,0.48,2024-09-22,0146,N20,VIIRS,n,2,287.29,0.51,N,2
36.181,-5.42777,300.27,0.39,0.44,2024-09-22,0146,N20,VIIRS,n,2,287.71,0.52,N,2
36.96629,-1.90564,297.82,0.43,0.38,2024-09-22,0146,N20,VIIRS,n,2,269.22,0.75,N,2
42.98199,-9.09011,298.1,0.39,0.59,2024-09-22,0325,N20,VIIRS,n,2,281.52,0.77,N,0
37.50243,-1.6256,335.53,0.39,0.36,2024-09-22,1307,N20,VIIRS,n,2,299.98,3.01,D,0
40.24378,-3.4725,332.84,0.38,0.36,2024-09-22,1307,N20,VIIRS,n,2,300.25,3.9,D,2
37.42322,-6.35437,337.12,0.46,0.39,2024-09-22,1307,N20,VIIRS,n,2,297.76,5.85,D,0
37.15705,-3.56919,335.02,0.39,0.36,2024-09-22,1307,N20,VIIRS,n,2,304.56,1.11,D,0
37.49913,-1.62482,344.24,0.39,0.36,2024-09-22,1307,N20,VIIRS,n,2,298.92,3.28,D,0
37.50306,-1.62125,340.42,0.39,0.36,2024-09-22,1307,N20,VIIRS,n,2,300.55,3.01,D,0
43.5416,-5.83133,331.54,0.39,0.36,2024-09-22,1308,N20,VIIRS,n,2,299.15,4.62,D,2
43.34534,-8.44027,297.79,0.58,0.7,2024-09-23,0125,N20,VIIRS,n,2,283.24,1.06,N,0
43.34513,-8.44214,296.83,0.58,0.7,2024-09-23,0125,N20,VIIRS,n,2,282.92,0.92,N,0
43.5289,-5.73099,305.02,0.42,0.61,2024-09-23,0125,N20,VIIRS,n,2,284.46,1.05,N,2
43.53815,-5.83223,298.74,0.43,0.62,2024-09-23,0125,N20,VIIRS,n,2,282.51,0.69,N,2
43.53834,-5.83756,297.65,0.43,0.62,2024-09-23,0125,N20,VIIRS,n,2,281.31,0.69,N,2
43.56314,-5.72824,298.11,0.42,0.61,2024-09-23,0125,N20,VIIRS,n,2,282.88,0.49,N,0
41.47607,-1.49094,299.22,0.49,0.49,2024-09-23,0126,N20,VIIRS,n,2,284.46,0.69,N,2
39.93979,-3.74539,295.7,0.63,0.54,2024-09-23,0126,N20,VIIRS,n,2,284.15,0.89,N,2
43.52943,-5.72837,303.72,0.32,0.55,2024-09-23,0306,N20,VIIRS,n,2,284.73,0.75,N,2
43.56101,-5.72532,296.96,0.32,0.55,2024-09-23,0306,N20,VIIRS,n,2,283.27,0.32,N,0
43.5305,-5.73234,295.42,0.32,0.55,2024-09-23,0306,N20,VIIRS,n,2,282.63,0.6,N,2
43.41531,-3.84074,302.93,0.4,0.6,2024-09-23,0306,N20,VIIRS,n,2,281.96,0.84,N,0
43.52468,-5.73078,297.54,0.32,0.55,2024-09-23,0306,N20,VIIRS,n,2,283.67,0.69,N,2
37.3617,-5.35356,338.76,0.45,0.47,2024-09-23,1248,N20,VIIRS,n,2,303.31,7.17,D,0
38.94188,-5.98659,331.93,0.45,0.47,2024-09-23,1248,N20,VIIRS,n,2,298.16,2.52,D,0
38.76054,-3.82657,339.1,0.54,0.42,2024-09-23,1248,N20,VIIRS,n,2,303.58,7.99,D,0
37.36059,-5.35853,329.14,0.45,0.47,2024-09-23,1248,N20,VIIRS,l,2,303.65,6.43,D,0
41.87142,-1.33193,339.92,0.4,0.37,2024-09-23,1249,N20,VIIRS,n,2,296.49,2.48,D,0
41.25903,-0.44788,337.56,0.39,0.36,2024-09-23,1249,N20,VIIRS,n,2,296.56,3.19,D,0
41.09873,-0.17314,349.08,0.39,0.36,2024-09-23,1249,N20,VIIRS,n,2,299.31,4.05,D,0
40.44345,-3.60721,335.96,0.49,0.4,2024-09-23,1249,N20,VIIRS,n,2,300.73,3.3,D,0
41.26233,-0.44883,340.24,0.39,0.36,2024-09-23,1249,N20,VIIRS,n,2,296.91,3.2,D,0
42.02514,-1.49161,336.71,0.41,0.37,2024-09-23,1249,N20,VIIRS,n,2,297.44,8.08,D,0
41.63492,-4.70976,337.28,0.52,0.42,2024-09-23,1249,N20,VIIRS,n,2,298.85,2.69,D,0
42.86444,-2.67163,340.4,0.42,0.38,2024-09-23,1249,N20,VIIRS,n,2,297.21,3.41,D,0
41.75885,-1.16438,355.72,0.4,0.37,2024-09-23,1249,N20,VIIRS,l,2,299.55,11.9,D,0
41.75804,-1.16912,351.49,0.4,0.37,2024-09-23,1249,N20,VIIRS,n,2,302.23,9.27,D,0
41.75473,-1.16811,349.85,0.4,0.37,2024-09-23,1249,N20,VIIRS,n,2,303.65,14.96,D,0
41.75553,-1.16338,349.63,0.4,0.37,2024-09-23,1249,N20,VIIRS,n,2,302.44,27,D,0
41.75141,-1.1671,355.44,0.4,0.37,2024-09-23,1249,N20,VIIRS,l,2,301,14.96,D,0
41.53054,0.94166,339.71,0.38,0.36,2024-09-23,1249,N20,VIIRS,n,2,299.97,3.6,D,0
41.2608,-0.45808,335.52,0.39,0.36,2024-09-23,1249,N20,VIIRS,n,2,296.01,3.31,D,0
43.54005,-5.82783,329.99,0.53,0.42,2024-09-23,1250,N20,VIIRS,n,2,293.59,10.17,D,2
43.52743,-5.73389,331.36,0.53,0.42,2024-09-23,1250,N20,VIIRS,n,2,295.83,6.33,D,2
43.52874,-5.72762,331.14,0.53,0.42,2024-09-23,1250,N20,VIIRS,n,2,295.06,6.33,D,2
43.5237,-5.73247,347.44,0.53,0.42,2024-09-23,1250,N20,VIIRS,n,2,299.24,6.33,D,2
38.66868,-4.05607,295.81,0.58,0.69,2024-09-24,0107,N20,VIIRS,n,2,284.34,2.67,N,2
38.66946,-4.05838,297.11,0.58,0.69,2024-09-24,0107,N20,VIIRS,n,2,285.24,1.69,N,0
38.01156,-3.62294,300.13,0.33,0.55,2024-09-24,0248,N20,VIIRS,n,2,284.04,0.31,N,0
37.35931,-5.86531,301.22,0.53,0.5,2024-09-24,0248,N20,VIIRS,n,2,282.09,0.83,N,2
36.96649,-1.90853,301.66,0.44,0.62,2024-09-24,0248,N20,VIIRS,n,2,289.74,0.69,N,2
38.37711,-0.54772,299.01,0.47,0.64,2024-09-24,0248,N20,VIIRS,n,2,287.18,0.63,N,2
39.93464,-3.74485,298.63,0.59,0.53,2024-09-24,0248,N20,VIIRS,n,2,283.69,0.98,N,2
40.24466,-3.47424,304.09,0.59,0.53,2024-09-24,0248,N20,VIIRS,n,2,267.06,1.14,N,2
40.02755,3.82194,341.58,0.41,0.37,2024-09-24,1229,N20,VIIRS,n,2,285.49,4.65,D,0
43.53764,-5.83241,325.82,0.58,0.52,2024-09-24,1231,N20,VIIRS,l,2,296.39,4.71,D,2
43.52148,-5.73348,328.8,0.58,0.52,2024-09-24,1231,N20,VIIRS,n,2,297.53,5.51,D,0
36.79414,-5.7992,332.75,0.43,0.62,2024-09-24,1409,N20,VIIRS,n,2,297.46,2.77,D,0
41.31385,1.65851,298.27,0.53,0.67,2024-09-25,0048,N20,VIIRS,n,2,285.09,0.77,N,2
41.31406,1.66373,309.04,0.58,0.52,2024-09-25,0228,N20,VIIRS,n,2,285.51,2.44,N,2
38.37881,-0.54526,299.02,0.53,0.5,2024-09-25,0229,N20,VIIRS,n,2,286.02,0.73,N,2
41.40761,1.99492,298.13,0.54,0.42,2024-09-26,0209,N20,VIIRS,n,2,286.01,1.3,N,2
41.45331,1.97955,305.62,0.53,0.42,2024-09-26,0209,N20,VIIRS,n,2,284.25,1.43,N,2
41.45709,1.98079,304.82,0.53,0.42,2024-09-26,0209,N20,VIIRS,n,2,283.12,0.73,N,2
41.31368,1.6613,316.45,0.52,0.42,2024-09-26,0209,N20,VIIRS,n,2,289.23,2.68,N,2
41.40547,1.99526,298.87,0.54,0.42,2024-09-26,0209,N20,VIIRS,n,2,286.11,0.99,N,2
38.37585,-0.54625,304.12,0.48,0.4,2024-09-26,0210,N20,VIIRS,n,2,289.98,1.08,N,2
38.37597,-0.5451,306.5,0.47,0.4,2024-09-26,0210,N20,VIIRS,n,2,290.62,1.28,N,2
41.47498,-1.48921,307.03,0.41,0.37,2024-09-26,0210,N20,VIIRS,n,2,291.03,0.77,N,2
36.96591,-1.90403,312.44,0.44,0.39,2024-09-26,0211,N20,VIIRS,n,2,292.41,1.32,N,2
41.92353,0.17995,331.7,0.61,0.53,2024-09-26,1333,N20,VIIRS,n,2,291.58,4.81,D,2
43.52348,-5.73689,330.77,0.5,0.41,2024-09-26,1333,N20,VIIRS,n,2,294.99,3.08,D,2
43.52814,-5.72786,300.86,0.41,0.45,2024-09-27,0150,N20,VIIRS,n,2,286.18,0.79,N,2
43.53993,-5.83171,336.94,0.41,0.45,2024-09-27,0150,N20,VIIRS,n,2,286.35,4.52,N,2
43.52623,-5.73011,302.81,0.41,0.45,2024-09-27,0150,N20,VIIRS,n,2,285.97,1.61,N,2
43.04063,-2.2203,298.54,0.44,0.38,2024-09-27,0150,N20,VIIRS,n,2,285.37,0.57,N,2
43.04106,-2.22048,295.88,0.44,0.38,2024-09-27,0150,N20,VIIRS,n,2,285.58,0.72,N,2
43.30693,-3.02693,295.59,0.47,0.4,2024-09-27,0150,N20,VIIRS,n,2,284.93,0.67,N,2
43.56161,-5.72706,296.83,0.41,0.45,2024-09-27,0150,N20,VIIRS,n,2,284.1,0.28,N,0
43.55236,-5.85949,297.11,0.42,0.45,2024-09-27,0150,N20,VIIRS,n,2,284.18,0.58,N,2
43.54176,-5.83475,325.88,0.42,0.45,2024-09-27,0150,N20,VIIRS,n,2,285.42,2.79,N,2
43.5413,-5.82948,313.42,0.42,0.45,2024-09-27,0150,N20,VIIRS,n,2,285.69,2.32,N,2
39.49864,-1.89445,300.17,0.4,0.37,2024-09-27,0151,N20,VIIRS,n,2,284.43,0.68,N,0
41.92631,0.17908,318.25,0.39,0.36,2024-09-27,0151,N20,VIIRS,n,2,288.34,1.77,N,2
42.05489,-1.70449,306.6,0.42,0.38,2024-09-27,0151,N20,VIIRS,n,2,283.64,1.22,N,0
41.40665,1.99646,305.04,0.39,0.36,2024-09-27,0151,N20,VIIRS,n,2,281.96,1,N,2
42.09826,-5.2163,337.26,0.56,0.43,2024-09-27,0151,N20,VIIRS,n,2,283.84,12.94,N,0
42.09579,-5.21643,338.66,0.56,0.43,2024-09-27,0151,N20,VIIRS,n,2,283.25,16.45,N,0
41.47695,-1.48965,306.19,0.41,0.37,2024-09-27,0151,N20,VIIRS,n,2,289.21,1.09,N,2
40.24646,-3.47666,320.48,0.46,0.39,2024-09-27,0151,N20,VIIRS,n,2,287.69,1.89,N,2
39.93681,-3.74359,301.91,0.46,0.39,2024-09-27,0151,N20,VIIRS,n,2,286.71,0.85,N,2
38.8017,-2.47807,337.12,0.41,0.37,2024-09-27,0151,N20,VIIRS,n,2,287.14,3.97,N,0
37.36106,-6.67493,297.66,0.39,0.44,2024-09-27,0152,N20,VIIRS,n,2,287.4,0.56,N,2
36.96773,-1.9075,309.94,0.39,0.36,2024-09-27,0152,N20,VIIRS,n,2,292.22,0.95,N,2
37.36279,-5.9405,304.04,0.54,0.42,2024-09-27,0152,N20,VIIRS,n,2,288.45,0.63,N,0
42.09628,-5.21501,305.69,0.75,0.77,2024-09-27,0331,N20,VIIRS,n,2,280.3,5.11,N,0
42.09922,-5.22354,324.36,0.75,0.77,2024-09-27,0331,N20,VIIRS,n,2,279.58,6.11,N,0
38.80006,-2.47663,337.77,0.4,0.37,2024-09-27,1313,N20,VIIRS,n,2,298.61,4.16,D,0
37.07286,-3.68743,335.55,0.38,0.36,2024-09-27,1313,N20,VIIRS,l,2,307.27,1.23,D,0
39.19185,-0.48894,333.8,0.47,0.4,2024-09-27,1313,N20,VIIRS,n,2,303.16,4.32,D,0
39.19208,-0.49096,334.44,0.47,0.4,2024-09-27,1313,N20,VIIRS,n,2,303.75,3.53,D,0
39.46776,-0.51483,336.62,0.47,0.4,2024-09-27,1313,N20,VIIRS,n,2,306.34,3.65,D,0
39.62282,-7.45528,343.76,0.42,0.37,2024-09-27,1314,N20,VIIRS,n,2,293.58,4.21,D,0
39.65488,-7.00601,342.79,0.41,0.37,2024-09-27,1314,N20,VIIRS,n,2,298.49,4.66,D,0
39.62957,-7.4573,337.59,0.42,0.37,2024-09-27,1314,N20,VIIRS,n,2,296.08,2.6,D,0
39.86842,-6.83441,344.32,0.4,0.37,2024-09-27,1314,N20,VIIRS,n,2,299.91,5.05,D,0
39.87253,-6.83075,334.98,0.4,0.37,2024-09-27,1314,N20,VIIRS,n,2,296.93,5.05,D,0
39.61944,-7.45428,335.27,0.42,0.37,2024-09-27,1314,N20,VIIRS,n,2,293.5,1.52,D,0
39.65567,-7.00133,341.04,0.41,0.37,2024-09-27,1314,N20,VIIRS,n,2,298.01,7.04,D,0
42.09745,-5.21798,338.29,0.38,0.36,2024-09-27,1314,N20,VIIRS,n,2,297.28,11.59,D,0
40.53662,-3.46789,346.91,0.4,0.37,2024-09-27,1314,N20,VIIRS,n,2,299.2,4.72,D,0
39.65153,-7.00501,349.11,0.41,0.37,2024-09-27,1314,N20,VIIRS,n,2,295.87,4.04,D,0
40.24295,-3.47396,333.05,0.39,0.37,2024-09-27,1314,N20,VIIRS,n,2,302.95,3.93,D,2
39.63041,-7.45257,336.8,0.42,0.37,2024-09-27,1314,N20,VIIRS,n,2,297.82,2.6,D,0
39.62535,-7.46103,348.12,0.42,0.37,2024-09-27,1314,N20,VIIRS,n,2,296.9,2.46,D,0
39.62198,-7.46002,327.77,0.42,0.37,2024-09-27,1314,N20,VIIRS,n,2,297.2,2.46,D,0
43.53985,-5.83113,336.79,0.38,0.36,2024-09-27,1315,N20,VIIRS,n,2,299.07,5.12,D,2
42.09618,-5.21972,344.65,0.32,0.55,2024-09-28,0132,N20,VIIRS,n,2,277.86,3.22,N,0
41.47515,2.18247,298.88,0.44,0.38,2024-09-28,0132,N20,VIIRS,n,2,287.04,0.67,N,0
41.31345,1.66009,310.55,0.45,0.39,2024-09-28,0132,N20,VIIRS,n,2,288.84,1.64,N,2
41.47761,-1.48961,306.6,0.41,0.45,2024-09-28,0132,N20,VIIRS,n,2,280.26,0.93,N,2
40.24621,-3.47512,318.72,0.5,0.49,2024-09-28,0132,N20,VIIRS,n,2,283.72,2.93,N,2
40.24528,-3.47559,317.11,0.5,0.49,2024-09-28,0132,N20,VIIRS,n,2,284.76,3.12,N,2
39.93927,-3.74818,297.18,0.51,0.5,2024-09-28,0132,N20,VIIRS,n,2,280.81,0.67,N,2
36.08619,-5.76896,300.52,0.61,0.53,2024-09-28,0133,N20,VIIRS,n,2,287.56,1.33,N,0
37.36178,-6.67719,295.13,0.35,0.57,2024-09-28,0133,N20,VIIRS,n,2,285.04,0.52,N,0
36.96539,-1.90556,306.13,0.38,0.43,2024-09-28,0133,N20,VIIRS,n,2,289.46,0.86,N,2
36.08934,-5.76876,301.01,0.6,0.53,2024-09-28,0133,N20,VIIRS,n,2,287.79,0.68,N,0
40.24852,-3.47834,301.46,0.62,0.71,2024-09-28,0312,N20,VIIRS,n,2,274.65,2.51,N,2
42.0998,-5.21674,312.08,0.45,0.63,2024-09-28,0312,N20,VIIRS,n,2,276,1.57,N,0
37.36176,-5.86643,296.43,0.57,0.69,2024-09-28,0313,N20,VIIRS,n,2,282.04,0.78,N,2
37.70436,-4.99604,334.51,0.54,0.42,2024-09-28,1254,N20,VIIRS,n,2,305.68,2.31,D,0
38.56486,-1.23422,355.92,0.4,0.37,2024-09-28,1254,N20,VIIRS,l,2,302.59,6.57,D,0
38.56891,-1.23062,348.76,0.4,0.37,2024-09-28,1254,N20,VIIRS,n,2,301.27,5.53,D,0
37.43753,-6.35844,341.09,0.42,0.45,2024-09-28,1254,N20,VIIRS,n,2,306.67,6.52,D,0
37.70269,-4.99444,332.89,0.54,0.42,2024-09-28,1254,N20,VIIRS,n,2,305.54,3,D,0
38.5656,-1.22974,350.1,0.4,0.37,2024-09-28,1254,N20,VIIRS,n,2,301.2,4.36,D,0
38.56816,-1.23511,356.14,0.4,0.37,2024-09-28,1254,N20,VIIRS,l,2,302.5,8.95,D,0
37.43853,-6.35384,348.35,0.42,0.45,2024-09-28,1254,N20,VIIRS,n,2,307.63,6.52,D,0
38.56634,-1.22525,345.73,0.4,0.37,2024-09-28,1254,N20,VIIRS,n,2,300.54,4.36,D,0
38.91236,-7.04256,343.2,0.42,0.45,2024-09-28,1255,N20,VIIRS,n,2,296.65,13.04,D,0
41.56892,0.96315,338.4,0.4,0.37,2024-09-28,1255,N20,VIIRS,n,2,301.09,8.82,D,0
39.96945,-2.96409,347.81,0.42,0.38,2024-09-28,1255,N20,VIIRS,n,2,305.5,2.52,D,0
40.24347,-3.47429,338.03,0.43,0.38,2024-09-28,1255,N20,VIIRS,n,2,302.68,3.41,D,2
39.99139,-2.03913,343.2,0.4,0.37,2024-09-28,1255,N20,VIIRS,n,2,301.87,3.67,D,0
39.59299,-2.09989,335.76,0.4,0.37,2024-09-28,1255,N20,VIIRS,n,2,303.31,3.83,D,0
42.09716,-5.2174,330.76,0.46,0.39,2024-09-28,1255,N20,VIIRS,n,2,297.07,2.99,D,0
39.97284,-2.96509,334.92,0.42,0.38,2024-09-28,1255,N20,VIIRS,n,2,304.2,2.52,D,0
41.55514,-3.08041,337.88,0.41,0.37,2024-09-28,1255,N20,VIIRS,n,2,293.17,2.64,D,0
43.53979,-5.82902,329.31,0.46,0.39,2024-09-28,1256,N20,VIIRS,n,2,294.36,4.89,D,2
40.24699,-3.4801,311.3,0.45,0.63,2024-09-29,0113,N20,VIIRS,n,2,280.49,2.32,N,2
39.93911,-3.74905,296.33,0.46,0.64,2024-09-29,0113,N20,VIIRS,n,2,279.83,0.7,N,0
39.93692,-3.74872,300.97,0.46,0.64,2024-09-29,0113,N20,VIIRS,n,2,281.03,0.99,N,0
43.22355,-2.88243,310.79,0.44,0.62,2024-09-29,0113,N20,VIIRS,n,2,279.62,1.32,N,2
42.31789,-3.66016,349.83,0.48,0.64,2024-09-29,0113,N20,VIIRS,n,2,271.09,7.25,N,0
42.31522,-3.6618,327.18,0.48,0.64,2024-09-29,0113,N20,VIIRS,n,2,270.22,4.47,N,0
42.31503,-3.65579,331.51,0.48,0.64,2024-09-29,0113,N20,VIIRS,n,2,271.83,4.47,N,0
41.3145,1.66023,301.67,0.49,0.49,2024-09-29,0113,N20,VIIRS,n,2,280.93,1.09,N,2
41.31256,1.66113,296.37,0.49,0.49,2024-09-29,0113,N20,VIIRS,n,2,275.51,0.4,N,2
40.57678,0.53961,299.18,0.55,0.51,2024-09-29,0113,N20,VIIRS,n,2,285.28,0.92,N,2
40.2475,-3.47676,324.82,0.45,0.63,2024-09-29,0113,N20,VIIRS,n,2,282.85,3.27,N,2
40.24679,-3.47458,302.57,0.45,0.63,2024-09-29,0113,N20,VIIRS,n,2,281.65,2.06,N,2
39.28814,-5.69522,321.39,0.58,0.7,2024-09-29,0114,N20,VIIRS,n,2,283.54,2.52,N,0
37.59409,-5.09122,296.88,0.53,0.67,2024-09-29,0114,N20,VIIRS,n,2,286.44,0.29,N,0
38.37919,-0.54599,296.65,0.6,0.53,2024-09-29,0114,N20,VIIRS,n,2,286.35,0.76,N,2
39.28801,-5.69609,321.56,0.58,0.7,2024-09-29,0114,N20,VIIRS,n,2,283.81,2.9,N,0
41.31432,1.6638,295.54,0.6,0.7,2024-09-29,0253,N20,VIIRS,n,2,283.29,1.8,N,2
42.31476,-3.66015,327.68,0.62,0.54,2024-09-29,0253,N20,VIIRS,n,2,270.89,4.89,N,0
42.31292,-3.65313,303.45,0.62,0.54,2024-09-29,0253,N20,VIIRS,n,2,271.46,4.89,N,0
43.41097,-3.84035,307.53,0.56,0.52,2024-09-29,0253,N20,VIIRS,n,2,278.74,1.78,N,0
38.37637,-0.54794,295.88,0.57,0.69,2024-09-29,0254,N20,VIIRS,n,2,284.72,0.53,N,2
40.24637,-3.47558,330.06,0.36,0.57,2024-09-29,0254,N20,VIIRS,n,2,283.78,3.07,N,2
39.93989,-3.74556,298.06,0.35,0.57,2024-09-29,0254,N20,VIIRS,n,2,279.39,0.83,N,2
39.28268,-5.69275,296.76,0.58,0.52,2024-09-29,0254,N20,VIIRS,n,2,282.07,1.17,N,0
39.28732,-5.69096,302.59,0.58,0.52,2024-09-29,0254,N20,VIIRS,n,2,282,1.17,N,0
38.32235,-6.71918,305.02,0.55,0.51,2024-09-29,0255,N20,VIIRS,n,2,284.84,1.23,N,2
37.58539,-4.77113,305.57,0.36,0.57,2024-09-29,0255,N20,VIIRS,n,2,285.35,0.58,N,0
37.35924,-5.86551,302.33,0.32,0.54,2024-09-29,0255,N20,VIIRS,n,2,290.01,0.59,N,2
37.35863,-5.86558,302.76,0.32,0.55,2024-09-29,0255,N20,VIIRS,n,2,289.03,0.71,N,2
37.86763,-0.83691,335.93,0.57,0.43,2024-09-29,1235,N20,VIIRS,n,2,299.94,3.08,D,0
39.63778,2.67375,336.43,0.4,0.37,2024-09-29,1236,N20,VIIRS,n,2,298.95,6.34,D,0
39.65482,2.71256,340.6,0.4,0.37,2024-09-29,1236,N20,VIIRS,n,2,296.96,2.63,D,0
41.73945,0.64195,333.59,0.43,0.38,2024-09-29,1236,N20,VIIRS,n,2,295.24,5.54,D,0
41.49794,1.8992,341.26,0.4,0.37,2024-09-29,1236,N20,VIIRS,n,2,300.14,2.92,D,0
40.24402,-3.47129,334.29,0.45,0.47,2024-09-29,1236,N20,VIIRS,n,2,299.85,3.55,D,2
41.25878,1.58136,344.8,0.41,0.37,2024-09-29,1236,N20,VIIRS,n,2,297.85,3.77,D,0
38.92526,-6.47209,367,0.35,0.56,2024-09-29,1236,N20,VIIRS,h,2,308.22,8.99,D,0
38.92028,-6.47007,333.92,0.35,0.56,2024-09-29,1236,N20,VIIRS,n,2,305.2,1.38,D,0
38.92271,-6.47235,348.77,0.35,0.56,2024-09-29,1236,N20,VIIRS,n,2,306.98,9.13,D,0
38.92371,-6.46844,367,0.35,0.56,2024-09-29,1236,N20,VIIRS,h,2,305.6,10.2,D,0
38.39749,-6.40477,339.1,0.35,0.57,2024-09-29,1236,N20,VIIRS,n,2,302.59,9.59,D,0
38.39851,-6.40085,367,0.35,0.57,2024-09-29,1236,N20,VIIRS,h,2,303.41,9.59,D,0
39.61541,2.66552,347.27,0.4,0.37,2024-09-29,1236,N20,VIIRS,n,2,296.75,6.36,D,0
39.65071,2.70887,327.94,0.4,0.37,2024-09-29,1236,N20,VIIRS,n,2,297.64,2,D,0
42.31511,-3.65472,340.51,0.41,0.45,2024-09-29,1237,N20,VIIRS,n,2,296.16,5.23,D,0
38.92321,-6.71834,340.3,0.48,0.65,2024-09-29,1416,N20,VIIRS,n,2,302.19,4.03,D,0
37.44122,-6.09561,344.19,0.51,0.66,2024-09-29,1416,N20,VIIRS,n,2,301.9,3.28,D,0
37.5733,-5.43196,347.83,0.55,0.68,2024-09-29,1416,N20,VIIRS,n,2,302.31,5.56,D,0
38.16684,-6.24776,333.63,0.51,0.66,2024-09-29,1416,N20,VIIRS,n,2,303.59,2.39,D,0
38.91217,-6.85221,331.45,0.47,0.64,2024-09-29,1416,N20,VIIRS,n,2,302.33,1.44,D,0
41.47573,-1.49007,295.66,0.64,0.72,2024-09-30,0054,N20,VIIRS,n,2,283.44,0.35,N,2
40.57839,0.53644,298.66,0.49,0.65,2024-09-30,0054,N20,VIIRS,n,2,286.91,0.9,N,2
43.22361,-2.87778,298.54,0.57,0.43,2024-09-30,0234,N20,VIIRS,n,2,284.43,0.89,N,2
41.40524,1.99707,298.81,0.36,0.57,2024-09-30,0234,N20,VIIRS,n,2,285.9,0.5,N,2
41.40476,1.99767,296.2,0.36,0.57,2024-09-30,0234,N20,VIIRS,n,2,285.5,0.48,N,2
41.31462,1.66284,298.13,0.35,0.57,2024-09-30,0234,N20,VIIRS,n,2,286.84,0.7,N,2
39.93647,-3.74591,308.97,0.41,0.45,2024-09-30,0235,N20,VIIRS,n,2,284.17,1.59,N,2
38.37598,-0.54667,302.45,0.32,0.55,2024-09-30,0235,N20,VIIRS,n,2,287.7,0.56,N,2
40.57943,0.54023,301.11,0.32,0.55,2024-09-30,0235,N20,VIIRS,n,2,288.23,0.39,N,2
40.24486,-3.47394,328.36,0.42,0.45,2024-09-30,0235,N20,VIIRS,n,2,288.48,2.11,N,2
40.24589,-3.47862,298.65,0.41,0.45,2024-09-30,0235,N20,VIIRS,n,2,284.62,2.11,N,2
41.47561,-1.48795,295.71,0.48,0.48,2024-09-30,0235,N20,VIIRS,n,2,283.94,0.59,N,2
40.00941,-3.90273,299.17,0.4,0.44,2024-09-30,0235,N20,VIIRS,n,2,284.51,0.64,N,2
37.36427,-5.93776,304.41,0.54,0.42,2024-09-30,0236,N20,VIIRS,n,2,288.55,0.75,N,0
37.36065,-5.86229,299.79,0.55,0.43,2024-09-30,0236,N20,VIIRS,n,2,289.22,0.84,N,2
36.96727,-1.90459,302.8,0.59,0.53,2024-09-30,0236,N20,VIIRS,n,2,290,1.75,N,2
37.36337,-5.93887,304.36,0.54,0.42,2024-09-30,0236,N20,VIIRS,n,2,288.3,0.59,N,0
37.39307,-5.39307,337.1,0.38,0.43,2024-09-30,0236,N20,VIIRS,n,2,287.3,3.82,N,0
40.24467,-3.47219,342.76,0.39,0.59,2024-09-30,1217,N20,VIIRS,n,2,301.14,4.04,D,2
40.24319,-3.46933,334.23,0.39,0.59,2024-09-30,1217,N20,VIIRS,n,2,300.53,4.35,D,2
42.67466,-1.47351,327.3,0.54,0.51,2024-09-30,1218,N20,VIIRS,n,2,295.71,3.59,D,0
41.58374,0.4856,339.83,0.46,0.47,2024-09-30,1218,N20,VIIRS,n,2,300.43,7.6,D,0
42.67432,-1.47891,328.69,0.54,0.51,2024-09-30,1218,N20,VIIRS,n,2,297.35,6.34,D,0
37.03866,-5.71083,344.51,0.58,0.52,2024-09-30,1357,N20,VIIRS,n,2,310.24,6.42,D,0
37.20584,-6.80573,343.53,0.5,0.49,2024-09-30,1357,N20,VIIRS,n,2,302.45,7.02,D,0
37.03467,-5.70993,339.75,0.58,0.52,2024-09-30,1357,N20,VIIRS,n,2,309.64,2.8,D,0
38.88465,-6.03776,342.28,0.58,0.52,2024-09-30,1358,N20,VIIRS,n,2,308.94,4.75,D,0
38.83262,-6.42799,334.46,0.55,0.51,2024-09-30,1358,N20,VIIRS,n,2,306.7,3.9,D,0
40.24325,-3.47141,338.82,0.41,0.61,2024-09-30,1358,N20,VIIRS,n,2,303.24,3.6,D,2
40.0405,-4.11487,336.82,0.38,0.58,2024-09-30,1358,N20,VIIRS,n,2,305.64,2.47,D,0
39.64052,-3.92197,344.36,0.38,0.59,2024-09-30,1358,N20,VIIRS,n,2,306.83,4.39,D,0
38.88948,-6.03821,339.32,0.58,0.52,2024-09-30,1358,N20,VIIRS,n,2,308.63,4.75,D,0
38.83215,-6.43438,341.62,0.55,0.51,2024-09-30,1358,N20,VIIRS,n,2,309.24,6.17,D,0
41.47468,-1.49104,298.39,0.45,0.39,2024-10-01,0216,N20,VIIRS,n,2,284.43,0.58,N,2
41.31345,1.66451,299.04,0.41,0.45,2024-10-01,0216,N20,VIIRS,n,2,287.42,1.43,N,2
41.31448,1.65985,313.49,0.41,0.45,2024-10-01,0216,N20,VIIRS,n,2,287.08,1.43,N,2
39.93668,-3.74703,312.5,0.41,0.37,2024-10-01,0216,N20,VIIRS,n,2,284.58,1.82,N,2
40.05191,-4.11666,302.9,0.4,0.37,2024-10-01,0216,N20,VIIRS,n,2,283.27,0.48,N,0
40.24722,-3.47869,297.36,0.41,0.37,2024-10-01,0216,N20,VIIRS,n,2,286.36,0.57,N,2
40.24638,-3.47397,328.21,0.41,0.37,2024-10-01,0216,N20,VIIRS,n,2,290.21,3.22,N,2
36.96625,-1.90811,307.66,0.51,0.41,2024-10-01,0217,N20,VIIRS,n,2,289.88,1,N,2
37.66074,-7.11448,307.1,0.38,0.36,2024-10-01,0217,N20,VIIRS,n,2,287.18,0.62,N,0
37.35952,-5.86619,313.21,0.39,0.36,2024-10-01,0217,N20,VIIRS,n,2,292.17,1.26,N,2
37.66007,-7.11016,299.11,0.38,0.36,2024-10-01,0217,N20,VIIRS,n,2,287.15,0.62,N,0
37.38968,-5.39139,302.08,0.39,0.37,2024-10-01,0217,N20,VIIRS,n,2,288.33,0.72,N,0
38.3372,-6.11995,337.55,0.49,0.4,2024-10-01,1338,N20,VIIRS,n,2,303.26,4.15,D,0
38.33349,-6.11931,335.88,0.49,0.4,2024-10-01,1338,N20,VIIRS,l,2,306.35,4.15,D,0
40.243,-3.47445,337.76,0.46,0.47,2024-10-01,1339,N20,VIIRS,n,2,303.13,3.09,D,2
39.87038,-2.94015,348.86,0.48,0.48,2024-10-01,1339,N20,VIIRS,n,2,305.34,14.89,D,0
39.35027,-4.09575,346.3,0.42,0.45,2024-10-01,1339,N20,VIIRS,n,2,302.75,34.36,D,0
39.34615,-4.0948,349.48,0.42,0.45,2024-10-01,1339,N20,VIIRS,n,2,310.79,37.93,D,0
40.57861,0.54246,301.99,0.4,0.37,2024-10-02,0157,N20,VIIRS,n,2,288.92,0.39,N,2
41.45348,1.98043,299.08,0.42,0.37,2024-10-02,0157,N20,VIIRS,n,2,286.48,0.64,N,2
41.31187,1.66159,319.88,0.41,0.37,2024-10-02,0157,N20,VIIRS,n,2,289.12,2.35,N,2
41.4754,-1.48696,308.55,0.39,0.36,2024-10-02,0157,N20,VIIRS,n,2,286.47,1.47,N,2
40.5753,0.54152,304.12,0.4,0.37,2024-10-02,0157,N20,VIIRS,n,2,289,0.39,N,2
39.95135,-0.00561,297.2,0.39,0.36,2024-10-02,0157,N20,VIIRS,n,2,274.41,1.26,N,2
40.2458,-3.47585,325.33,0.41,0.37,2024-10-02,0158,N20,VIIRS,n,2,286.3,3.19,N,2
39.66352,-0.24985,299.92,0.39,0.36,2024-10-02,0158,N20,VIIRS,n,2,288.88,0.48,N,2
38.90356,-5.90354,327.89,0.47,0.4,2024-10-02,0158,N20,VIIRS,n,2,289.95,10.32,N,0
39.93633,-3.74575,309.44,0.41,0.37,2024-10-02,0158,N20,VIIRS,n,2,284.54,1.53,N,2
37.01673,-3.50058,328.13,0.39,0.36,2024-10-02,0158,N20,VIIRS,n,2,284.79,6.79,N,0
37.01342,-3.50126,328.05,0.39,0.36,2024-10-02,0158,N20,VIIRS,n,2,283.74,4.73,N,0
39.93146,-4.26932,297.57,0.43,0.38,2024-10-02,0158,N20,VIIRS,n,2,283.8,0.68,N,0
37.28725,-6.47122,336.41,0.39,0.36,2024-10-02,1319,N20,VIIRS,n,2,289.42,3.6,D,0
38.2524,-1.60174,331.28,0.48,0.4,2024-10-02,1319,N20,VIIRS,n,2,298.76,2.58,D,0
37.17917,-3.9368,334.31,0.4,0.37,2024-10-02,1319,N20,VIIRS,n,2,286.7,2.97,D,0
37.25329,-5.70539,337.89,0.38,0.36,2024-10-02,1319,N20,VIIRS,n,2,299.03,2.58,D,0
41.47427,-1.48664,305.56,0.52,0.42,2024-10-03,0138,N20,VIIRS,n,2,285.88,1.25,N,2
41.9357,-0.41871,337.15,0.48,0.4,2024-10-03,0138,N20,VIIRS,n,2,288.43,26.89,N,0
41.93204,-0.41948,327.02,0.48,0.4,2024-10-03,0138,N20,VIIRS,n,2,284.26,2.95,N,0
40.57693,0.53943,307.66,0.43,0.38,2024-10-03,0138,N20,VIIRS,n,2,290.01,1.44,N,2
43.03541,-2.22,297.5,0.39,0.44,2024-10-03,0138,N20,VIIRS,n,2,282.77,0.78,N,2
37.59389,-5.39029,311.17,0.49,0.48,2024-10-03,0139,N20,VIIRS,n,2,288.69,1.3,N,0
40.57553,0.54254,309.24,0.43,0.38,2024-10-03,0139,N20,VIIRS,n,2,290.35,1.03,N,2
36.18047,-5.42552,301.34,0.47,0.48,2024-10-03,0140,N20,VIIRS,n,2,289.65,0.67,N,2
43.41224,-3.84185,299.27,0.56,0.69,2024-10-03,0318,N20,VIIRS,n,2,284.34,0.78,N,0
40.24756,-3.47563,308.91,0.74,0.76,2024-10-03,0319,N20,VIIRS,n,2,283.32,2.97,N,2
40.24756,-3.47394,306.25,0.74,0.76,2024-10-03,0319,N20,VIIRS,n,2,283.23,3.67,N,2
36.96628,-1.90534,331.62,0.39,0.36,2024-10-03,1300,N20,VIIRS,n,2,303.85,2.07,D,2
36.91438,-2.53143,340.04,0.4,0.37,2024-10-03,1300,N20,VIIRS,n,2,303.02,3.08,D,0
37.26512,-3.77791,343.62,0.42,0.38,2024-10-03,1300,N20,VIIRS,n,2,305.97,4.81,D,0
39.93396,-4.10419,343.2,0.41,0.37,2024-10-03,1301,N20,VIIRS,n,2,298.7,3.96,D,0
37.07314,-5.61441,330.92,0.5,0.41,2024-10-03,1301,N20,VIIRS,l,2,305.29,3.83,D,0
37.48175,-5.30359,339.8,0.48,0.4,2024-10-03,1301,N20,VIIRS,n,2,307.41,4.22,D,0
37.32009,-6.3032,330.12,0.53,0.42,2024-10-03,1301,N20,VIIRS,l,2,303.63,1.19,D,0
37.42662,-6.38166,343.54,0.53,0.42,2024-10-03,1301,N20,VIIRS,n,2,305.86,6.63,D,0
39.54549,-3.6287,334.24,0.4,0.37,2024-10-03,1301,N20,VIIRS,n,2,297.62,3.34,D,0
40.66554,-3.15464,351.47,0.39,0.36,2024-10-03,1301,N20,VIIRS,n,2,301.72,4.64,D,0
41.3123,1.66367,325.75,0.45,0.39,2024-10-03,1301,N20,VIIRS,n,2,298.81,2.77,D,2
40.11384,-4.43309,329.68,0.41,0.37,2024-10-03,1301,N20,VIIRS,n,2,290.94,1.9,D,0
40.24302,-3.47492,333.67,0.4,0.37,2024-10-03,1301,N20,VIIRS,n,2,302.38,2.34,D,2
41.93317,-0.41721,345.02,0.4,0.37,2024-10-03,1302,N20,VIIRS,n,2,297.98,6.68,D,0
43.5391,-5.83298,329.47,0.42,0.37,2024-10-03,1302,N20,VIIRS,n,2,295.79,4.36,D,2
43.52397,-5.73732,328.81,0.41,0.37,2024-10-03,1302,N20,VIIRS,n,2,292.76,2.53,D,2
43.52486,-5.73231,325.59,0.41,0.37,2024-10-03,1302,N20,VIIRS,n,2,292.08,2.53,D,2
41.66757,-4.64896,338.28,0.41,0.37,2024-10-03,1302,N20,VIIRS,n,2,297.39,5.44,D,0
41.66422,-4.64798,355.51,0.41,0.37,2024-10-03,1302,N20,VIIRS,l,2,299.1,5.44,D,0
41.61393,-4.73096,333.33,0.41,0.37,2024-10-03,1302,N20,VIIRS,n,2,297.39,3.45,D,0
43.54211,-5.83206,331.51,0.51,0.66,2024-10-04,0119,N20,VIIRS,n,2,283.69,6.76,N,2
43.54223,-5.83868,335.26,0.51,0.66,2024-10-04,0119,N20,VIIRS,n,2,284,7.04,N,2
43.54326,-5.8309,324.3,0.51,0.66,2024-10-04,0119,N20,VIIRS,n,2,283.64,4.55,N,0
43.54342,-5.83762,335.36,0.51,0.66,2024-10-04,0119,N20,VIIRS,n,2,283.97,4.55,N,2
41.31083,1.66257,295.59,0.41,0.45,2024-10-04,0119,N20,VIIRS,n,2,284.51,0.54,N,2
43.52857,-5.73486,300.12,0.51,0.66,2024-10-04,0119,N20,VIIRS,n,2,283.16,1.26,N,2
43.52244,-5.73578,304.25,0.51,0.66,2024-10-04,0119,N20,VIIRS,n,2,283.25,1.3,N,2
41.45432,1.97731,297.53,0.4,0.44,2024-10-04,0119,N20,VIIRS,n,2,286.99,0.93,N,2
41.31495,1.66324,302.63,0.41,0.45,2024-10-04,0119,N20,VIIRS,n,2,284.94,0.54,N,2
41.47766,-1.48786,297.64,0.59,0.53,2024-10-04,0119,N20,VIIRS,n,2,280.39,0.71,N,2
43.53724,-5.83763,295.94,0.51,0.66,2024-10-04,0119,N20,VIIRS,n,2,282.05,0.77,N,2
43.52792,-5.7359,306.56,0.51,0.66,2024-10-04,0119,N20,VIIRS,n,2,283.81,1.94,N,2
39.93641,-3.74638,300.6,0.38,0.59,2024-10-04,0120,N20,VIIRS,n,2,284.71,0.65,N,2
39.04372,-5.87617,301.01,0.49,0.65,2024-10-04,0120,N20,VIIRS,n,2,286.76,0.57,N,0
39.04187,-5.87786,301.63,0.49,0.65,2024-10-04,0120,N20,VIIRS,n,2,286.48,0.65,N,0
38.6687,-4.05666,298.95,0.38,0.59,2024-10-04,0120,N20,VIIRS,n,2,287.26,0.81,N,2
40.57783,0.53974,302.66,0.46,0.47,2024-10-04,0120,N20,VIIRS,n,2,287.07,1.32,N,2
39.66462,-0.24879,299.14,0.49,0.48,2024-10-04,0120,N20,VIIRS,n,2,288.64,0.73,N,2
36.96571,-1.90513,305.48,0.56,0.52,2024-10-04,0121,N20,VIIRS,n,2,290.89,1.13,N,2
39.95193,-0.00223,297.71,0.65,0.73,2024-10-04,0300,N20,VIIRS,n,2,287.19,1.83,N,2
39.94394,-4.9151,296.59,0.37,0.58,2024-10-04,0300,N20,VIIRS,n,2,283.25,0.38,N,0
40.2468,-3.4766,321.55,0.43,0.62,2024-10-04,0300,N20,VIIRS,n,2,285.06,2.85,N,2
40.24308,-3.4763,317.09,0.43,0.62,2024-10-04,0300,N20,VIIRS,n,2,283.52,3.08,N,2
41.31179,1.66281,297.33,0.71,0.75,2024-10-04,0300,N20,VIIRS,n,2,283.71,1.94,N,2
41.31433,1.65521,296.99,0.71,0.75,2024-10-04,0300,N20,VIIRS,n,2,282.2,1.83,N,0
43.54099,-5.83603,295.57,0.54,0.51,2024-10-04,0300,N20,VIIRS,n,2,283.93,1.16,N,2
41.31445,1.65773,310.44,0.71,0.75,2024-10-04,0300,N20,VIIRS,n,2,284.03,2.45,N,0
38.60083,-6.56051,335.37,0.59,0.53,2024-10-04,1242,N20,VIIRS,n,2,297.07,7.54,D,0
38.60089,-6.56031,333.5,0.59,0.53,2024-10-04,1242,N20,VIIRS,n,2,296.79,4.02,D,0
38.68017,-6.87733,330.67,0.61,0.53,2024-10-04,1242,N20,VIIRS,n,2,297.46,3.73,D,0
41.09548,-0.1732,341.29,0.42,0.37,2024-10-04,1243,N20,VIIRS,n,2,298.51,2.61,D,0
42.17335,0.91123,338.08,0.39,0.36,2024-10-04,1243,N20,VIIRS,n,2,296.95,1.63,D,0
41.09124,-0.17703,343.54,0.42,0.37,2024-10-04,1243,N20,VIIRS,n,2,298.6,2.61,D,0
41.09211,-0.17214,345.62,0.42,0.37,2024-10-04,1243,N20,VIIRS,n,2,298.47,2.61,D,0
41.08536,0.66974,333.6,0.4,0.37,2024-10-04,1243,N20,VIIRS,n,2,299.28,1.98,D,0
39.66631,-0.25056,300.71,0.44,0.62,2024-10-05,0101,N20,VIIRS,n,2,287.57,0.82,N,2
40.24766,-3.4815,314.24,0.66,0.73,2024-10-05,0101,N20,VIIRS,n,2,284.14,3.78,N,2
40.24895,-3.48453,302.41,0.66,0.73,2024-10-05,0101,N20,VIIRS,n,2,282.65,1.33,N,0
40.57589,0.54016,298.91,0.41,0.6,2024-10-05,0101,N20,VIIRS,n,2,287.39,1.17,N,2
39.95319,-0.00702,300.26,0.43,0.62,2024-10-05,0101,N20,VIIRS,n,2,288.18,1.15,N,2
39.95192,-0.00798,300.99,0.43,0.62,2024-10-05,0101,N20,VIIRS,n,2,287.17,1.4,N,0
36.96902,-1.90941,298.24,0.52,0.67,2024-10-05,0102,N20,VIIRS,n,2,286.83,0.96,N,2
36.96991,-1.90793,299.3,0.52,0.67,2024-10-05,0102,N20,VIIRS,n,2,287.34,0.71,N,2
41.40779,1.99425,296.03,0.43,0.62,2024-10-05,0241,N20,VIIRS,n,2,283.2,0.85,N,2
39.66474,-0.24815,297.97,0.37,0.58,2024-10-05,0241,N20,VIIRS,n,2,287.05,0.6,N,2
40.57618,0.54046,297.9,0.39,0.59,2024-10-05,0241,N20,VIIRS,n,2,286.21,0.8,N,2
41.17525,1.21951,297.55,0.4,0.6,2024-10-05,0241,N20,VIIRS,n,2,287.49,0.73,N,0
40.24431,-3.47518,321.63,0.5,0.49,2024-10-05,0242,N20,VIIRS,n,2,286.43,3.49,N,2
40.2462,-3.47547,324.42,0.5,0.49,2024-10-05,0242,N20,VIIRS,n,2,287.28,3.69,N,2
39.93703,-3.74783,304.47,0.49,0.49,2024-10-05,0242,N20,VIIRS,n,2,283.86,1.92,N,2
36.96942,-1.90628,306.54,0.36,0.58,2024-10-05,0242,N20,VIIRS,n,2,287.93,0.84,N,2
38.32975,-6.29788,334.05,0.51,0.66,2024-10-05,1223,N20,VIIRS,n,2,292.9,6.64,D,0
37.59868,-4.70724,336.33,0.44,0.62,2024-10-05,1223,N20,VIIRS,n,2,293.11,2.92,D,0
37.70147,-6.65577,367,0.55,0.68,2024-10-05,1223,N20,VIIRS,h,2,293.42,17.79,D,0
42.51249,-0.35779,337.72,0.4,0.44,2024-10-05,1224,N20,VIIRS,n,2,293.33,4.36,D,0
38.33166,-6.2994,334.13,0.51,0.66,2024-10-05,1224,N20,VIIRS,n,2,291.48,4.55,D,0
39.99539,-3.8676,330.65,0.34,0.56,2024-10-05,1224,N20,VIIRS,n,2,295.18,2.7,D,0
40.24397,-3.47315,331.74,0.32,0.55,2024-10-05,1224,N20,VIIRS,n,2,293.58,2.36,D,2
28.16224,-16.46622,346.8,0.42,0.37,2024-10-05,1401,N20,VIIRS,n,2,306.09,6.82,D,0
28.15262,-16.48182,340.27,0.42,0.37,2024-10-05,1401,N20,VIIRS,n,2,306.69,2.44,D,0
28.15192,-16.48604,336.18,0.42,0.37,2024-10-05,1401,N20,VIIRS,n,2,307.07,1.5,D,0
28.16221,-16.46671,352.37,0.42,0.37,2024-10-05,1401,N20,VIIRS,n,2,306.35,7.78,D,0
39.36494,-3.71427,347.37,0.48,0.65,2024-10-05,1404,N20,VIIRS,n,2,291.3,6.56,D,0
38.88797,-6.50245,338.43,0.33,0.56,2024-10-05,1404,N20,VIIRS,n,2,291.33,0.96,D,0
38.90816,-6.88156,347.72,0.32,0.54,2024-10-05,1404,N20,VIIRS,n,2,292.36,4.09,D,0
38.90793,-6.88528,347.69,0.32,0.54,2024-10-05,1404,N20,VIIRS,n,2,295.32,4.09,D,0
39.36244,-3.71276,356.16,0.48,0.65,2024-10-05,1404,N20,VIIRS,n,2,291.66,9.41,D,0
37.58111,-5.97322,337.78,0.35,0.57,2024-10-05,1404,N20,VIIRS,n,2,295.35,2.93,D,0
37.58134,-5.9692,341.58,0.35,0.57,2024-10-05,1404,N20,VIIRS,n,2,294.84,2.93,D,0
39.93666,-3.74335,311.71,0.45,0.39,2024-10-06,0223,N20,VIIRS,n,2,287.84,1.29,N,2
40.27755,-3.41414,329.1,0.46,0.39,2024-10-06,0223,N20,VIIRS,n,2,283.45,3.61,N,0
38.9488,-5.76637,298.85,0.41,0.37,2024-10-06,0223,N20,VIIRS,n,2,287.45,0.41,N,0
39.54707,-2.86484,315.87,0.5,0.41,2024-10-06,0223,N20,VIIRS,n,2,285.14,1.87,N,0
37.36104,-5.86522,309.66,0.42,0.37,2024-10-06,0224,N20,VIIRS,n,2,291.12,1.21,N,2
37.08595,-5.59907,299.8,0.43,0.38,2024-10-06,0224,N20,VIIRS,n,2,289.2,0.87,N,0
36.96582,-1.90549,308.9,0.41,0.45,2024-10-06,0224,N20,VIIRS,n,2,291.01,0.98,N,2
38.77081,0.1965,335.94,0.4,0.6,2024-10-06,1204,N20,VIIRS,n,2,280.72,3.82,D,0
39.00092,-6.2605,341.92,0.39,0.44,2024-10-06,1345,N20,VIIRS,n,2,300.4,5.14,D,0
37.13753,-5.82134,335.84,0.39,0.44,2024-10-06,1345,N20,VIIRS,n,2,301.9,3.06,D,0
38.34047,-6.10359,350.16,0.39,0.44,2024-10-06,1345,N20,VIIRS,n,2,286.55,53.1,D,0
38.3414,-6.09446,341.51,0.39,0.44,2024-10-06,1345,N20,VIIRS,n,2,291.62,79.41,D,0
38.33553,-6.11203,330.22,0.39,0.44,2024-10-06,1345,N20,VIIRS,n,2,290.66,4.39,D,0
38.33599,-6.10752,348.09,0.39,0.44,2024-10-06,1345,N20,VIIRS,n,2,290.34,53.1,D,0
38.33691,-6.09841,352.79,0.39,0.44,2024-10-06,1345,N20,VIIRS,n,2,299.22,79.41,D,0
38.33644,-6.10299,367,0.39,0.44,2024-10-06,1345,N20,VIIRS,h,2,327.34,53.1,D,0
38.33196,-6.10693,341.05,0.39,0.44,2024-10-06,1345,N20,VIIRS,n,2,294.87,5.06,D,0
37.13709,-5.82574,340.16,0.39,0.44,2024-10-06,1345,N20,VIIRS,n,2,300.79,3.63,D,0
38.34496,-6.09963,352.04,0.39,0.44,2024-10-06,1345,N20,VIIRS,n,2,287.15,17.58,D,0
38.34583,-6.09865,342.04,0.39,0.44,2024-10-06,1345,N20,VIIRS,n,2,286.75,4.38,D,0
38.8732,-5.70431,332.51,0.41,0.45,2024-10-06,1345,N20,VIIRS,n,2,294.72,3.57,D,0
38.89261,-5.89335,352.54,0.4,0.44,2024-10-06,1345,N20,VIIRS,n,2,300.3,4.54,D,0
38.89215,-5.89799,334.7,0.4,0.44,2024-10-06,1345,N20,VIIRS,n,2,299.32,4.54,D,0
38.89672,-5.89384,342.46,0.4,0.44,2024-10-06,1345,N20,VIIRS,n,2,299.35,4.54,D,0
38.34542,-6.09506,343.55,0.39,0.44,2024-10-06,1345,N20,VIIRS,n,2,287.01,17.58,D,0
38.91792,-6.50924,332.3,0.57,0.43,2024-10-06,1345,N20,VIIRS,n,2,297.68,3.63,D,0
41.31327,1.66215,312.93,0.46,0.39,2024-10-07,0203,N20,VIIRS,n,2,284.24,2.17,N,2
41.92544,0.18078,297.92,0.41,0.37,2024-10-07,0203,N20,VIIRS,n,2,283.06,0.77,N,2
39.93771,-3.74559,295.21,0.39,0.36,2024-10-07,0204,N20,VIIRS,n,2,263.96,1.21,N,2
36.9666,-1.90705,314.71,0.4,0.37,2024-10-07,0205,N20,VIIRS,n,2,291.47,0.97,N,2
37.77914,-4.33718,331.08,0.43,0.38,2024-10-07,1326,N20,VIIRS,n,2,297.84,1.58,D,0
43.52856,-5.72806,334.27,0.44,0.38,2024-10-07,1327,N20,VIIRS,n,2,295.01,5.63,D,2
43.34501,-8.43832,298.23,0.33,0.55,2024-10-08,0144,N20,VIIRS,n,2,284.05,0.48,N,2
39.66357,-0.24827,301.22,0.4,0.37,2024-10-08,0145,N20,VIIRS,n,2,287.67,0.57,N,2
39.9353,-3.74374,306.77,0.53,0.42,2024-10-08,0145,N20,VIIRS,n,2,284.23,1.42,N,2
41.47717,-1.48876,297.7,0.45,0.39,2024-10-08,0145,N20,VIIRS,n,2,284.11,0.46,N,2
39.95222,-0.00548,302.96,0.4,0.37,2024-10-08,0145,N20,VIIRS,n,2,291.05,0.8,N,2
36.6734,-6.38487,321.17,0.44,0.46,2024-10-08,0146,N20,VIIRS,n,2,287.17,2.05,N,0
36.67292,-6.37989,305.17,0.44,0.46,2024-10-08,0146,N20,VIIRS,n,2,287.64,1.8,N,0
37.76451,-0.8976,297.51,0.4,0.37,2024-10-08,0146,N20,VIIRS,n,2,286.88,1.19,N,0
43.5279,-5.73541,303.47,0.54,0.68,2024-10-08,0324,N20,VIIRS,n,2,284.78,1.32,N,2
43.41381,-3.83925,298.78,0.67,0.73,2024-10-08,0324,N20,VIIRS,n,2,284.2,1.03,N,0
43.52774,-5.73157,304.05,0.54,0.68,2024-10-08,0325,N20,VIIRS,n,2,284.28,1.32,N,2
27.97816,-15.58095,342.35,0.77,0.77,2024-10-08,1305,N20,VIIRS,n,2,294.01,10.04,D,0
39.8039,3.07291,342.41,0.39,0.44,2024-10-08,1307,N20,VIIRS,n,2,291.36,7.94,D,0
39.79898,3.06452,340.91,0.39,0.44,2024-10-08,1307,N20,VIIRS,n,2,299.64,9.89,D,0
39.79943,3.0691,353.63,0.39,0.44,2024-10-08,1307,N20,VIIRS,n,2,305.59,9.89,D,0
39.79988,3.07368,354.41,0.39,0.44,2024-10-08,1307,N20,VIIRS,n,2,302.17,23.64,D,0
39.80033,3.07824,354.94,0.39,0.44,2024-10-08,1307,N20,VIIRS,n,2,298.3,23.64,D,0
39.79541,3.06982,330.84,0.39,0.44,2024-10-08,1307,N20,VIIRS,n,2,298.11,9.89,D,0
39.79586,3.07437,349.27,0.39,0.44,2024-10-08,1307,N20,VIIRS,n,2,301.91,23.64,D,0
39.7963,3.07892,336.44,0.39,0.44,2024-10-08,1307,N20,VIIRS,n,2,306.46,23.64,D,0
38.63556,-1.77174,330.77,0.39,0.36,2024-10-08,1307,N20,VIIRS,n,2,276.28,3.2,D,0
37.08037,-3.71298,344.78,0.39,0.36,2024-10-08,1307,N20,VIIRS,n,2,296.49,2.54,D,0
39.80345,3.06836,343.13,0.39,0.44,2024-10-08,1307,N20,VIIRS,n,2,295.51,10.07,D,0
43.52978,-5.7328,295.64,0.42,0.61,2024-10-09,0125,N20,VIIRS,n,2,277.55,3.34,N,2
43.53912,-5.83859,297.22,0.43,0.62,2024-10-09,0125,N20,VIIRS,n,2,283.46,1.8,N,0
43.53894,-5.83333,322.46,0.43,0.62,2024-10-09,0125,N20,VIIRS,n,2,283.94,1.8,N,2
43.54521,-5.8492,306.02,0.43,0.62,2024-10-09,0125,N20,VIIRS,n,2,284.17,1.49,N,0
43.52575,-5.73444,295.93,0.33,0.55,2024-10-09,0306,N20,VIIRS,n,2,284.09,0.86,N,2
43.52948,-5.72807,296.41,0.33,0.55,2024-10-09,0306,N20,VIIRS,n,2,282.23,1.32,N,2
43.53054,-5.73208,308.17,0.33,0.55,2024-10-09,0306,N20,VIIRS,n,2,282.42,0.86,N,2
43.52468,-5.73168,295.95,0.32,0.55,2024-10-09,0306,N20,VIIRS,n,2,280.76,0.28,N,2
43.52945,-5.72927,300.91,0.32,0.55,2024-10-09,0306,N20,VIIRS,n,2,284.04,0.78,N,2
43.53059,-5.73344,305.33,0.32,0.55,2024-10-09,0306,N20,VIIRS,n,2,282.6,0.65,N,2
43.54147,-5.83429,301.05,0.32,0.55,2024-10-09,0306,N20,VIIRS,n,2,285.82,0.68,N,2
43.54449,-5.84565,305.43,0.32,0.55,2024-10-09,0306,N20,VIIRS,n,2,287.38,0.74,N,2
43.55015,-5.84674,296.84,0.32,0.55,2024-10-09,0306,N20,VIIRS,n,2,286.25,0.74,N,0
43.55113,-5.85041,302.08,0.32,0.55,2024-10-09,0306,N20,VIIRS,n,2,286.55,0.74,N,0
37.36322,-5.86448,298.14,0.47,0.64,2024-10-09,0307,N20,VIIRS,n,2,285.63,0.67,N,2
43.53947,-5.83922,308.72,0.74,0.76,2024-10-10,0106,N20,VIIRS,n,2,281.17,1.88,N,0
43.52623,-5.73727,305.14,0.73,0.76,2024-10-10,0106,N20,VIIRS,n,2,282.49,2.29,N,2
43.54328,-5.83499,305.17,0.74,0.76,2024-10-10,0106,N20,VIIRS,n,2,282.07,1.93,N,2
43.52952,-5.74071,297.75,0.73,0.76,2024-10-10,0106,N20,VIIRS,n,2,281.3,1.83,N,0
40.57601,0.53865,306.13,0.33,0.55,2024-10-10,0107,N20,VIIRS,n,2,288.45,0.67,N,2
40.57878,0.53963,307.53,0.33,0.55,2024-10-10,0107,N20,VIIRS,n,2,288.51,0.59,N,2
39.95294,-0.00563,305.09,0.35,0.57,2024-10-10,0107,N20,VIIRS,n,2,293.47,1.16,N,2
43.52717,-5.729,300.34,0.39,0.44,2024-10-10,0247,N20,VIIRS,n,2,284.66,0.87,N,2
41.31343,1.65932,301.42,0.5,0.66,2024-10-10,0247,N20,VIIRS,n,2,286.75,0.88,N,2
41.40659,1.99507,300.52,0.52,0.67,2024-10-10,0247,N20,VIIRS,n,2,286.98,0.68,N,2
43.54393,-5.84402,305.66,0.39,0.44,2024-10-10,0247,N20,VIIRS,n,2,283.35,1.14,N,2
43.52328,-5.73064,305.62,0.39,0.44,2024-10-10,0247,N20,VIIRS,n,2,283.17,0.87,N,2
43.52432,-5.73533,302.38,0.39,0.44,2024-10-10,0247,N20,VIIRS,n,2,284.56,0.87,N,2
43.52821,-5.73377,305.61,0.39,0.44,2024-10-10,0247,N20,VIIRS,n,2,284.14,0.87,N,2
39.95308,-0.00715,300.56,0.46,0.63,2024-10-10,0248,N20,VIIRS,n,2,289.08,1.38,N,2
39.93746,-3.74468,298.41,0.59,0.53,2024-10-10,0248,N20,VIIRS,n,2,283.92,1.05,N,2
39.93673,-3.74492,299.93,0.59,0.53,2024-10-10,0248,N20,VIIRS,n,2,283.98,1.04,N,2
38.2492,-1.60742,329.82,0.48,0.48,2024-10-10,1229,N20,VIIRS,n,2,291.34,2.34,D,0
39.24219,-0.26822,338.2,0.39,0.44,2024-10-10,1230,N20,VIIRS,n,2,298.86,3.38,D,0
39.41302,-0.36454,331.05,0.39,0.44,2024-10-10,1230,N20,VIIRS,n,2,298.81,1.8,D,0
39.40311,-0.35146,325.7,0.39,0.44,2024-10-10,1230,N20,VIIRS,l,2,296.92,1.23,D,0
39.39132,-0.34728,326.57,0.39,0.44,2024-10-10,1230,N20,VIIRS,n,2,297.61,1.55,D,0
39.37968,-0.3623,331.11,0.39,0.44,2024-10-10,1230,N20,VIIRS,n,2,297.49,2.73,D,0
39.36705,-0.38182,340.56,0.4,0.44,2024-10-10,1230,N20,VIIRS,n,2,298.68,3.71,D,0
39.35727,-0.38796,331.94,0.4,0.44,2024-10-10,1230,N20,VIIRS,n,2,299.07,2.54,D,0
39.36014,-0.37457,331.01,0.4,0.44,2024-10-10,1230,N20,VIIRS,n,2,298.38,2.33,D,0
39.34748,-0.39411,335.09,0.4,0.44,2024-10-10,1230,N20,VIIRS,n,2,298.59,2.96,D,0
39.30366,-0.35679,330.11,0.4,0.44,2024-10-10,1230,N20,VIIRS,n,2,296.46,3.5,D,0
39.30537,-0.32864,328.86,0.39,0.44,2024-10-10,1230,N20,VIIRS,n,2,299.24,2.54,D,0
39.30725,-0.31973,337.31,0.39,0.44,2024-10-10,1230,N20,VIIRS,n,2,299.74,3.8,D,0
39.3052,-0.30945,340.44,0.39,0.44,2024-10-10,1230,N20,VIIRS,n,2,300.62,6.79,D,0
39.30033,-0.31251,347.59,0.39,0.44,2024-10-10,1230,N20,VIIRS,n,2,303.31,6.79,D,0
39.30127,-0.30807,332.89,0.39,0.44,2024-10-10,1230,N20,VIIRS,n,2,298.32,6.79,D,0
39.28979,-0.3423,326.57,0.4,0.44,2024-10-10,1230,N20,VIIRS,n,2,298.65,1.01,D,0
39.28177,-0.32032,325.15,0.39,0.44,2024-10-10,1230,N20,VIIRS,n,2,299,1.55,D,0
39.2835,-0.29226,331.77,0.39,0.44,2024-10-10,1230,N20,VIIRS,n,2,296.05,1.12,D,0
39.2758,-0.30864,326.5,0.39,0.44,2024-10-10,1230,N20,VIIRS,l,2,297.47,1.91,D,0
39.26779,-0.28673,339.37,0.39,0.44,2024-10-10,1230,N20,VIIRS,n,2,297.25,5.08,D,0
39.24624,-0.28871,347.39,0.39,0.44,2024-10-10,1230,N20,VIIRS,n,2,297.5,5.67,D,0
39.23658,-0.31399,337.47,0.4,0.44,2024-10-10,1230,N20,VIIRS,n,2,296.77,2.92,D,0
39.24314,-0.2638,326.38,0.39,0.44,2024-10-10,1230,N20,VIIRS,n,2,297.84,3.13,D,0
39.2267,-0.30095,331.22,0.39,0.44,2024-10-10,1230,N20,VIIRS,n,2,298.32,2.69,D,0
39.21639,-0.2654,334.76,0.39,0.44,2024-10-10,1230,N20,VIIRS,n,2,297.72,1.93,D,0
39.21433,-0.25515,327.5,0.39,0.44,2024-10-10,1230,N20,VIIRS,l,2,297.79,1.99,D,0
39.20947,-0.2582,342.83,0.39,0.44,2024-10-10,1230,N20,VIIRS,n,2,298.66,4.41,D,0
39.18325,-0.28234,332.16,0.4,0.44,2024-10-10,1230,N20,VIIRS,n,2,297.21,2.45,D,0
41.63686,0.46517,327.14,0.5,0.41,2024-10-10,1230,N20,VIIRS,n,2,292.98,2.54,D,0
43.52526,-5.73462,326.58,0.57,0.52,2024-10-10,1231,N20,VIIRS,n,2,288.56,3.96,D,2
38.32906,-1.68259,328.4,0.74,0.76,2024-10-10,1410,N20,VIIRS,n,2,291.29,4.56,D,0
38.3254,-1.68328,325.81,0.74,0.76,2024-10-10,1410,N20,VIIRS,n,2,290.46,4.24,D,0
38.93735,-6.81034,334.83,0.39,0.6,2024-10-10,1410,N20,VIIRS,n,2,291.27,3.02,D,0
39.92993,-4.16459,325.39,0.56,0.69,2024-10-10,1411,N20,VIIRS,n,2,292.12,3.13,D,0
40.103,-3.73227,335.61,0.59,0.7,2024-10-10,1411,N20,VIIRS,n,2,294.21,5.62,D,0
43.54027,-5.83036,328.12,0.4,0.37,2024-10-11,0228,N20,VIIRS,n,2,284.49,2.73,N,2
43.54113,-5.83523,297.7,0.4,0.37,2024-10-11,0228,N20,VIIRS,n,2,282.59,2.73,N,2
43.52289,-5.73219,296.31,0.41,0.37,2024-10-11,0228,N20,VIIRS,n,2,283.17,0.83,N,2
43.51957,-5.73331,304.37,0.41,0.37,2024-10-11,0228,N20,VIIRS,n,2,282.51,0.83,N,2
41.3108,1.66222,305.64,0.59,0.53,2024-10-11,0228,N20,VIIRS,n,2,284.22,3.35,N,2
43.52709,-5.73601,301.17,0.4,0.37,2024-10-11,0228,N20,VIIRS,n,2,283.97,3.19,N,2
43.52622,-5.73109,331.3,0.41,0.37,2024-10-11,0228,N20,VIIRS,n,2,287.42,3.19,N,2
43.52954,-5.72996,318.76,0.41,0.37,2024-10-11,0228,N20,VIIRS,n,2,283.76,3.19,N,2
43.2272,-2.88097,305.71,0.5,0.41,2024-10-11,0228,N20,VIIRS,n,2,283.73,0.7,N,2
41.31128,1.66255,312.37,0.59,0.53,2024-10-11,0229,N20,VIIRS,n,2,284.78,2.12,N,2
43.3468,-8.43801,311.27,0.38,0.36,2024-10-11,0229,N20,VIIRS,n,2,282.99,1.08,N,2
40.07893,-3.90265,301.74,0.51,0.41,2024-10-11,0229,N20,VIIRS,n,2,280.56,1.06,N,0
39.9356,-3.74463,303.89,0.52,0.42,2024-10-11,0229,N20,VIIRS,n,2,282.52,1.44,N,2
27.98271,-15.58422,302.25,0.43,0.38,2024-10-11,0233,N20,VIIRS,n,2,286.66,0.57,N,0
39.91396,-0.12525,347.02,0.32,0.55,2024-10-11,1211,N20,VIIRS,n,2,295.25,4.8,D,0
39.91488,-0.12168,349.56,0.32,0.55,2024-10-11,1211,N20,VIIRS,n,2,293.34,4.8,D,0
41.84649,-1.17799,326.78,0.32,0.55,2024-10-11,1212,N20,VIIRS,n,2,292.7,2.74,D,0
41.58436,0.48246,329.14,0.54,0.51,2024-10-11,1212,N20,VIIRS,n,2,293.65,3.69,D,0
41.58575,0.4824,327.01,0.54,0.51,2024-10-11,1212,N20,VIIRS,n,2,293.04,2.41,D,0
40.57557,0.54253,301.25,0.49,0.4,2024-10-12,0210,N20,VIIRS,n,2,283.34,0.84,N,2
43.54108,-5.83188,325.69,0.5,0.41,2024-10-12,1334,N20,VIIRS,n,2,296.77,3.63,D,2
43.03641,-2.22009,308.33,0.44,0.38,2024-10-13,0151,N20,VIIRS,n,2,286.09,0.94,N,2
43.554,-5.86095,307.08,0.41,0.45,2024-10-13,0151,N20,VIIRS,n,2,287.45,1.13,N,2
43.53878,-5.83214,313.72,0.41,0.45,2024-10-13,0151,N20,VIIRS,n,2,286.71,1.55,N,2
43.52947,-5.73089,311.29,0.41,0.45,2024-10-13,0151,N20,VIIRS,n,2,287.36,1.27,N,2
43.52538,-5.73175,312.32,0.41,0.45,2024-10-13,0151,N20,VIIRS,n,2,287.8,1.27,N,2
41.45425,1.98055,303.01,0.39,0.36,2024-10-13,0151,N20,VIIRS,n,2,281.19,0.8,N,2
42.55462,-6.77022,299.98,0.44,0.46,2024-10-13,0151,N20,VIIRS,n,2,284.52,0.97,N,2
41.40693,1.9955,298.81,0.39,0.36,2024-10-13,0151,N20,VIIRS,n,2,279.62,0.55,N,2
41.40615,2.00011,298.23,0.39,0.36,2024-10-13,0151,N20,VIIRS,n,2,280.81,0.55,N,2
41.31243,1.65976,303.95,0.39,0.36,2024-10-13,0151,N20,VIIRS,n,2,269,0.91,N,2
40.57632,0.54216,313.03,0.38,0.36,2024-10-13,0151,N20,VIIRS,n,2,287.37,1.27,N,2
43.52841,-5.73353,295.86,0.64,0.72,2024-10-13,0331,N20,VIIRS,n,2,285.35,0.88,N,2
37.29091,-6.81383,347.58,0.42,0.38,2024-10-13,1313,N20,VIIRS,n,2,296.72,3.02,D,0
43.53835,-5.82936,327.4,0.38,0.36,2024-10-13,1315,N20,VIIRS,n,2,296,2.7,D,2
43.52215,-5.73146,335.51,0.39,0.36,2024-10-13,1315,N20,VIIRS,n,2,297.06,5.45,D,2
43.55338,-5.8601,297.79,0.35,0.57,2024-10-14,0132,N20,VIIRS,n,2,286.08,0.77,N,2
43.55358,-5.8646,298.42,0.35,0.57,2024-10-14,0132,N20,VIIRS,n,2,285.11,0.76,N,0
41.47548,-1.48988,303.41,0.41,0.45,2024-10-14,0132,N20,VIIRS,n,2,285.39,0.65,N,2
43.54249,-5.83543,308.77,0.35,0.57,2024-10-14,0132,N20,VIIRS,n,2,286.09,1.41,N,2
43.54225,-5.83083,304.27,0.35,0.57,2024-10-14,0132,N20,VIIRS,n,2,286.24,1.34,N,2
43.55442,-5.86146,302.8,0.35,0.57,2024-10-14,0132,N20,VIIRS,n,2,285.63,0.77,N,2
39.93568,-3.74731,299.03,0.51,0.49,2024-10-14,0133,N20,VIIRS,n,2,284.68,0.8,N,2
36.96827,-1.90555,304.2,0.57,0.43,2024-10-14,0133,N20,VIIRS,n,2,289.27,1.23,N,2
37.35064,-6.63816,299.48,0.52,0.67,2024-10-14,0314,N20,VIIRS,n,2,284.54,0.65,N,0
37.3496,-6.63683,302.08,0.53,0.67,2024-10-14,0314,N20,VIIRS,n,2,284.68,0.76,N,0
37.95297,-1.43906,339.59,0.4,0.37,2024-10-14,1254,N20,VIIRS,n,2,295.8,1.9,D,0
39.28662,-0.37081,329.8,0.38,0.36,2024-10-14,1255,N20,VIIRS,n,2,295.64,2.76,D,0
41.31178,1.66005,306.56,0.49,0.48,2024-10-15,0113,N20,VIIRS,n,2,288.3,1.54,N,2
39.22306,-0.27728,328.46,0.5,0.41,2024-10-15,1236,N20,VIIRS,n,2,294.36,2.75,D,0
41.31076,1.65961,299.87,0.43,0.62,2024-10-16,0054,N20,VIIRS,n,2,285.49,0.77,N,2
40.57722,0.53802,299.52,0.49,0.65,2024-10-16,0055,N20,VIIRS,n,2,284.63,0.72,N,2
41.40761,1.99963,297.21,0.37,0.58,2024-10-16,0235,N20,VIIRS,n,2,285.43,0.63,N,2
39.78628,3.07231,340.45,0.56,0.43,2024-10-16,1217,N20,VIIRS,n,2,297.89,6.96,D,0
39.79783,3.06827,334.98,0.56,0.43,2024-10-16,1217,N20,VIIRS,n,2,299.26,8.98,D,0
39.79648,3.06187,328.52,0.56,0.43,2024-10-16,1217,N20,VIIRS,n,2,298,8.21,D,0
39.12444,-0.25788,334.96,0.57,0.52,2024-10-16,1217,N20,VIIRS,n,2,291.97,3.92,D,0
39.12533,-0.25946,332.86,0.57,0.52,2024-10-16,1217,N20,VIIRS,n,2,291.86,5.31,D,0
39.20614,-0.27794,328.91,0.57,0.52,2024-10-16,1217,N20,VIIRS,n,2,292.4,3.39,D,0
38.08256,-1.36345,338.29,0.34,0.56,2024-10-16,1217,N20,VIIRS,n,2,294.47,2.93,D,0
38.30073,-1.31016,327.12,0.34,0.56,2024-10-16,1217,N20,VIIRS,n,2,294.85,2.64,D,0
39.79148,3.07735,328.76,0.56,0.43,2024-10-16,1217,N20,VIIRS,n,2,295.64,71.92,D,0
39.79397,3.0696,337.72,0.56,0.43,2024-10-16,1217,N20,VIIRS,n,2,300.38,71.92,D,0
40.57583,0.54207,299.96,0.57,0.43,2024-10-17,0216,N20,VIIRS,n,2,289.68,1.13,N,2
36.96643,-1.90485,305.56,0.52,0.41,2024-10-17,0217,N20,VIIRS,n,2,290.86,1.21,N,2
37.36045,-5.86442,306.03,0.39,0.36,2024-10-17,0218,N20,VIIRS,n,2,287.33,0.88,N,2
39.23946,-0.35477,346.62,0.5,0.66,2024-10-17,1159,N20,VIIRS,n,2,291.31,4.4,D,0
39.25153,-0.33584,336.58,0.5,0.66,2024-10-17,1159,N20,VIIRS,n,2,291.33,6.82,D,0
39.28721,-0.34673,327.57,0.5,0.65,2024-10-17,1159,N20,VIIRS,n,2,291.48,2.61,D,0
39.1604,-0.32685,332.18,0.5,0.66,2024-10-17,1159,N20,VIIRS,n,2,292.09,5.58,D,0
39.24947,-0.33253,346.53,0.5,0.66,2024-10-17,1159,N20,VIIRS,n,2,292.09,4.5,D,0
39.24321,-0.35425,327.45,0.5,0.66,2024-10-17,1159,N20,VIIRS,n,2,290.78,8.23,D,0
43.52206,-5.73569,326.4,0.39,0.44,2024-10-17,1340,N20,VIIRS,n,2,294.28,2.37,D,2
43.53971,-5.83153,321.64,0.52,0.42,2024-10-18,0157,N20,VIIRS,n,2,284.51,3.39,N,2
41.92398,0.17971,296.23,0.39,0.36,2024-10-18,0157,N20,VIIRS,n,2,281.69,0.26,N,2
41.45437,1.97937,295.87,0.42,0.38,2024-10-18,0157,N20,VIIRS,n,2,270.15,0.78,N,2
43.525,-5.72951,296.15,0.52,0.41,2024-10-18,0157,N20,VIIRS,n,2,282.92,0.84,N,2
43.53259,-5.72792,295.52,0.52,0.41,2024-10-18,0157,N20,VIIRS,n,2,283.01,1.83,N,0
43.52567,-5.73581,310.13,0.52,0.41,2024-10-18,0157,N20,VIIRS,n,2,285.46,2.57,N,2
43.5288,-5.72875,325.91,0.52,0.41,2024-10-18,0157,N20,VIIRS,n,2,284.11,1.83,N,2
43.55462,-5.86191,297.73,0.52,0.42,2024-10-18,0157,N20,VIIRS,n,2,282.62,0.64,N,2
41.47655,-1.48717,302.98,0.39,0.36,2024-10-18,0157,N20,VIIRS,n,2,279.92,1.03,N,2
41.40846,1.99575,296.69,0.42,0.38,2024-10-18,0157,N20,VIIRS,n,2,283.62,1.05,N,2
38.66661,-4.05011,312.1,0.41,0.37,2024-10-18,0158,N20,VIIRS,n,2,280.47,1.85,N,2
40.57751,0.54058,305.2,0.4,0.37,2024-10-18,0158,N20,VIIRS,n,2,286.36,0.87,N,2
39.93757,-3.7477,298.26,0.41,0.37,2024-10-18,0158,N20,VIIRS,n,2,280.89,0.69,N,2
39.93692,-3.74289,297.09,0.41,0.37,2024-10-18,0158,N20,VIIRS,n,2,282.95,0.76,N,2
39.1395,-0.27485,339.18,0.57,0.43,2024-10-18,1320,N20,VIIRS,n,2,298.87,5.65,D,0
40.1945,-4.38549,329.57,0.41,0.37,2024-10-18,1320,N20,VIIRS,n,2,283.84,2,D,0
40.19852,-4.38147,331.8,0.41,0.37,2024-10-18,1320,N20,VIIRS,n,2,283.55,5.64,D,0
41.92273,0.18251,338.48,0.43,0.46,2024-10-18,1321,N20,VIIRS,n,2,291.05,5.78,D,2
41.92288,0.1804,343.69,0.43,0.46,2024-10-18,1321,N20,VIIRS,n,2,291.09,8.26,D,2
41.40574,1.99748,302.61,0.4,0.37,2024-10-19,0138,N20,VIIRS,n,2,284.12,0.65,N,2
41.45483,1.9772,311.51,0.4,0.37,2024-10-19,0138,N20,VIIRS,n,2,284.48,0.95,N,2
41.31244,1.66132,320.92,0.41,0.37,2024-10-19,0139,N20,VIIRS,n,2,285.48,2.31,N,2
40.57683,0.53862,300.08,0.43,0.38,2024-10-19,0139,N20,VIIRS,n,2,284.31,0.95,N,2
36.96768,-1.90484,298.82,0.48,0.4,2024-10-19,0140,N20,VIIRS,n,2,275.69,1.37,N,2
37.05148,-3.86309,347.78,0.43,0.38,2024-10-19,1301,N20,VIIRS,n,2,297.25,3.08,D,0
37.04297,-3.87053,342.51,0.43,0.38,2024-10-19,1301,N20,VIIRS,n,2,298.01,3.7,D,0
37.05579,-3.87914,340.51,0.43,0.38,2024-10-19,1301,N20,VIIRS,n,2,295.77,1.92,D,0
37.06004,-3.87546,336.04,0.43,0.38,2024-10-19,1301,N20,VIIRS,n,2,295.16,1.92,D,0
37.0592,-3.88015,337.53,0.43,0.38,2024-10-19,1301,N20,VIIRS,n,2,295.25,1.92,D,0
37.06938,-3.86328,338.72,0.43,0.38,2024-10-19,1301,N20,VIIRS,n,2,296.47,4.73,D,0
38.85033,-5.62351,327.51,0.46,0.39,2024-10-19,1301,N20,VIIRS,n,2,290.2,1.69,D,0
41.31055,1.66326,325.52,0.46,0.39,2024-10-19,1302,N20,VIIRS,n,2,297.37,1.29,D,2
41.45537,1.97758,302.62,0.39,0.44,2024-10-20,0120,N20,VIIRS,n,2,280.45,0.82,N,2
41.31319,1.66302,305.57,0.4,0.45,2024-10-20,0120,N20,VIIRS,n,2,277.22,0.89,N,2
36.7585,-3.67794,296.33,0.35,0.57,2024-10-20,0121,N20,VIIRS,n,2,284.7,0.28,N,0
36.96862,-1.90519,304,0.56,0.51,2024-10-20,0121,N20,VIIRS,n,2,287.02,1.32,N,2
37.17634,-6.8917,302.91,0.35,0.57,2024-10-20,0301,N20,VIIRS,n,2,283.78,1.35,N,0
37.36008,-5.86436,295.68,0.39,0.6,2024-10-20,0301,N20,VIIRS,n,2,282.79,0.88,N,2
36.72292,-4.50507,295.79,0.48,0.65,2024-10-20,0301,N20,VIIRS,n,2,282.44,0.55,N,0
37.21716,-6.90046,299.98,0.35,0.57,2024-10-20,0301,N20,VIIRS,n,2,282.64,0.44,N,0
39.15938,-4.1927,331.78,0.43,0.46,2024-10-20,1242,N20,VIIRS,n,2,282.3,5.13,D,0
41.31108,1.66221,327.84,0.39,0.36,2024-10-20,1243,N20,VIIRS,n,2,296.88,1.53,D,2
39.16002,-4.19581,325.45,0.43,0.46,2024-10-20,1243,N20,VIIRS,n,2,285.63,5.1,D,0
38.62804,-6.72957,336.38,0.59,0.53,2024-10-20,1243,N20,VIIRS,n,2,289.84,5.51,D,0
38.63427,-6.725,332.22,0.59,0.53,2024-10-20,1243,N20,VIIRS,n,2,292.01,5.99,D,0
38.6327,-6.73141,338.06,0.59,0.53,2024-10-20,1243,N20,VIIRS,n,2,293.44,5.99,D,0
41.51693,0.80419,341.35,0.39,0.37,2024-10-20,1243,N20,VIIRS,n,2,291.26,2.91,D,0
43.52597,-5.73029,339.44,0.4,0.45,2024-10-20,1244,N20,VIIRS,n,2,294.91,6.02,D,2
43.53817,-5.8305,332.72,0.41,0.45,2024-10-20,1244,N20,VIIRS,n,2,293.56,2.7,D,2
43.03642,-2.22196,299.11,0.58,0.7,2024-10-21,0100,N20,VIIRS,n,2,284.48,0.52,N,2
43.04288,-2.22164,309.72,0.58,0.7,2024-10-21,0100,N20,VIIRS,n,2,284.19,1.08,N,2
39.97086,-4.04054,300.89,0.7,0.75,2024-10-21,0101,N20,VIIRS,n,2,281.43,1.13,N,0
40.57816,0.53979,303.62,0.4,0.6,2024-10-21,0101,N20,VIIRS,n,2,286.51,0.85,N,2
41.17559,1.21815,298.64,0.37,0.58,2024-10-21,0101,N20,VIIRS,n,2,288.47,0.71,N,0
37.57566,-4.76636,301.03,0.75,0.77,2024-10-21,0102,N20,VIIRS,n,2,283.8,1.37,N,0
38.66873,-4.05916,306.14,0.69,0.74,2024-10-21,0102,N20,VIIRS,n,2,282.31,1.72,N,0
37.57193,-4.76591,299.59,0.75,0.77,2024-10-21,0102,N20,VIIRS,n,2,283.8,1.65,N,0
38.66916,-4.05628,296.41,0.69,0.74,2024-10-21,0102,N20,VIIRS,n,2,282.4,2.14,N,2
43.52602,-5.73587,328.49,0.51,0.41,2024-10-21,0241,N20,VIIRS,n,2,289.52,4.13,N,2
43.5438,-5.84017,296.46,0.5,0.41,2024-10-21,0241,N20,VIIRS,n,2,285.3,0.3,N,0
43.54256,-5.83417,297.41,0.5,0.41,2024-10-21,0241,N20,VIIRS,n,2,287.04,0.73,N,2
43.3312,-5.77494,297.58,0.51,0.41,2024-10-21,0241,N20,VIIRS,n,2,284.97,0.65,N,2
41.31181,1.65772,302.1,0.42,0.61,2024-10-21,0241,N20,VIIRS,n,2,276.3,1.59,N,2
41.80224,-1.31048,307.03,0.59,0.53,2024-10-21,0241,N20,VIIRS,n,2,283.92,1.41,N,0
43.03411,-2.21925,302.03,0.49,0.49,2024-10-21,0241,N20,VIIRS,n,2,285.16,1.74,N,2
41.80255,-1.31018,306.42,0.59,0.53,2024-10-21,0241,N20,VIIRS,n,2,284.24,1.63,N,0
43.44536,-3.84619,301.28,0.41,0.45,2024-10-21,0241,N20,VIIRS,n,2,285.85,0.35,N,2
43.03417,-2.22438,303.89,0.49,0.49,2024-10-21,0241,N20,VIIRS,n,2,285.42,1.29,N,0
40.57539,0.53897,295.09,0.39,0.59,2024-10-21,0241,N20,VIIRS,n,2,282,0.46,N,0
43.55602,-5.86121,295.85,0.5,0.41,2024-10-21,0241,N20,VIIRS,n,2,285.5,0.67,N,2
43.52969,-5.73456,298.51,0.51,0.41,2024-10-21,0241,N20,VIIRS,n,2,285.79,1.71,N,2
38.66757,-4.05002,298.37,0.51,0.5,2024-10-21,0242,N20,VIIRS,n,2,283.05,1.46,N,2
38.66916,-4.04993,301.89,0.51,0.5,2024-10-21,0242,N20,VIIRS,n,2,283.45,1,N,2
39.97487,-4.03434,305.37,0.48,0.48,2024-10-21,0242,N20,VIIRS,n,2,283.23,1.9,N,0
39.93556,-3.74457,304.56,0.5,0.49,2024-10-21,0242,N20,VIIRS,n,2,284.16,1.15,N,2
37.57384,-4.76208,303.45,0.5,0.49,2024-10-21,0243,N20,VIIRS,n,2,284.94,0.81,N,0
37.17857,-6.89332,306.57,0.4,0.44,2024-10-21,0243,N20,VIIRS,n,2,288.83,1.06,N,0
37.27015,-5.5626,299.68,0.46,0.47,2024-10-21,0243,N20,VIIRS,n,2,286.07,0.58,N,0
37.36058,-5.86557,299.85,0.44,0.46,2024-10-21,0243,N20,VIIRS,n,2,288.82,0.71,N,2
39.60447,2.94718,328.71,0.49,0.4,2024-10-21,1223,N20,VIIRS,n,2,292.7,2.97,D,0
38.13347,-1.03638,339.84,0.54,0.51,2024-10-21,1223,N20,VIIRS,n,2,297.52,5.68,D,0
38.08791,-0.92233,328.82,0.54,0.51,2024-10-21,1223,N20,VIIRS,n,2,295.9,2.58,D,0
38.78,-7.11539,328.97,0.54,0.68,2024-10-21,1224,N20,VIIRS,n,2,295.47,2.48,D,0
38.90767,-6.28871,338.57,0.49,0.65,2024-10-21,1224,N20,VIIRS,n,2,295.79,4.84,D,0
39.40308,-0.35166,328.82,0.47,0.48,2024-10-21,1224,N20,VIIRS,n,2,292.76,2.11,D,0
41.45295,-1.39174,337.97,0.47,0.48,2024-10-21,1224,N20,VIIRS,n,2,291.44,4.53,D,0
41.45267,-1.38943,338.7,0.47,0.48,2024-10-21,1224,N20,VIIRS,n,2,291.48,3.36,D,0
41.67852,0.22914,326.23,0.39,0.44,2024-10-21,1224,N20,VIIRS,n,2,292.15,1.89,D,0
41.62354,0.2097,337.76,0.39,0.44,2024-10-21,1224,N20,VIIRS,n,2,291.11,3.82,D,0
39.85586,-4.7018,354.67,0.38,0.59,2024-10-21,1224,N20,VIIRS,n,2,300.98,9.89,D,0
39.85698,-4.69768,328.3,0.38,0.59,2024-10-21,1224,N20,VIIRS,n,2,294.74,9.89,D,0
39.852,-4.70235,352.08,0.38,0.59,2024-10-21,1224,N20,VIIRS,n,2,297.33,9.79,D,0
39.8531,-4.6982,367,0.38,0.59,2024-10-21,1224,N20,VIIRS,h,2,296.6,9.79,D,0
39.13387,-7.11242,333.46,0.53,0.67,2024-10-21,1224,N20,VIIRS,n,2,295.75,3.89,D,0
40.74713,0.53348,337.09,0.4,0.44,2024-10-21,1224,N20,VIIRS,n,2,294.02,2.5,D,0
39.89493,-3.85716,328.77,0.34,0.56,2024-10-21,1224,N20,VIIRS,n,2,296.11,2.87,D,0
38.78582,-7.11832,326.16,0.54,0.68,2024-10-21,1224,N20,VIIRS,n,2,293.84,2.48,D,0
38.78571,-3.73468,339.14,0.36,0.57,2024-10-21,1224,N20,VIIRS,n,2,293.91,3.29,D,0
38.68122,-6.77858,330.46,0.32,0.55,2024-10-21,1404,N20,VIIRS,n,2,299,2.11,D,0
38.1686,-6.28796,335.93,0.34,0.56,2024-10-21,1404,N20,VIIRS,n,2,297.37,5.44,D,0
37.64055,-5.35688,337.03,0.38,0.59,2024-10-21,1404,N20,VIIRS,n,2,296.24,3.6,D,0
37.64469,-5.35696,337.43,0.38,0.59,2024-10-21,1404,N20,VIIRS,n,2,295.13,3.3,D,0
37.50322,-5.31722,336.36,0.38,0.59,2024-10-21,1404,N20,VIIRS,n,2,297.41,3.29,D,0
37.39823,-6.37498,346.65,0.33,0.55,2024-10-21,1404,N20,VIIRS,n,2,298.86,4.3,D,0
38.90695,-6.28184,367,0.35,0.56,2024-10-21,1404,N20,VIIRS,h,2,302.08,7.64,D,0
38.96579,-5.50489,347.17,0.38,0.59,2024-10-21,1404,N20,VIIRS,n,2,296.04,8.5,D,0
39.43935,-5.78089,327.24,0.37,0.58,2024-10-21,1404,N20,VIIRS,n,2,295.38,2.2,D,0
38.90173,-6.28125,367,0.35,0.56,2024-10-21,1404,N20,VIIRS,h,2,299.85,7.12,D,0
38.86165,-3.17412,351.85,0.51,0.66,2024-10-21,1404,N20,VIIRS,n,2,293.64,8.16,D,0
38.17332,-6.29609,331.37,0.34,0.56,2024-10-21,1404,N20,VIIRS,n,2,296.69,2.24,D,0
38.90149,-6.28531,347.59,0.35,0.56,2024-10-21,1404,N20,VIIRS,n,2,301.03,6.47,D,0
41.82007,-1.21491,330.29,0.67,0.74,2024-10-21,1405,N20,VIIRS,n,2,288.27,7.86,D,0
41.81971,-1.20836,348.89,0.67,0.74,2024-10-21,1405,N20,VIIRS,n,2,288.34,11.98,D,0
41.82008,-1.20652,331.92,0.68,0.74,2024-10-21,1405,N20,VIIRS,n,2,287.3,6.49,D,0
42.55366,-6.77009,301.19,0.38,0.36,2024-10-22,0222,N20,VIIRS,n,2,282.56,0.69,N,2
41.31323,1.66189,307.33,0.49,0.49,2024-10-22,0222,N20,VIIRS,n,2,280.17,1.86,N,2
41.63898,0.45954,296.8,0.43,0.46,2024-10-22,0222,N20,VIIRS,n,2,282.75,0.65,N,0
43.34639,-8.43499,302.63,0.4,0.37,2024-10-22,0222,N20,VIIRS,n,2,284.44,0.78,N,2
41.40697,1.99712,298.17,0.51,0.49,2024-10-22,0222,N20,VIIRS,n,2,283.69,0.85,N,2
39.93874,-3.74483,305.96,0.46,0.39,2024-10-22,0223,N20,VIIRS,n,2,284.86,1.56,N,2
36.96896,-1.90579,301.45,0.41,0.45,2024-10-22,0224,N20,VIIRS,n,2,286.7,0.58,N,2
36.96535,-1.90457,301.57,0.41,0.45,2024-10-22,0224,N20,VIIRS,n,2,286.23,0.81,N,2
39.64218,-3.89583,336.68,0.61,0.71,2024-10-22,1205,N20,VIIRS,n,2,290.4,5.82,D,0
38.83675,-5.60022,345.76,0.78,0.78,2024-10-22,1205,N20,VIIRS,n,2,292.93,7.36,D,0
38.24425,-5.97821,329.4,0.4,0.44,2024-10-22,1345,N20,VIIRS,n,2,300.56,3.35,D,0
38.28167,-5.51021,339.34,0.42,0.45,2024-10-22,1345,N20,VIIRS,n,2,297.67,4.35,D,0
39.54708,-4.68422,326.03,0.48,0.48,2024-10-22,1345,N20,VIIRS,n,2,289.59,2.33,D,0
38.94417,-5.79626,349.23,0.41,0.45,2024-10-22,1345,N20,VIIRS,n,2,306.43,9.72,D,0
38.94461,-5.79149,331.65,0.41,0.45,2024-10-22,1345,N20,VIIRS,n,2,301.96,9.72,D,0
38.6783,-6.779,337.83,0.55,0.43,2024-10-22,1345,N20,VIIRS,n,2,303.61,6.37,D,0
38.73073,-6.26439,341.33,0.39,0.44,2024-10-22,1345,N20,VIIRS,n,2,302.36,6.68,D,0
38.7267,-6.26376,355.92,0.39,0.44,2024-10-22,1345,N20,VIIRS,n,2,303.37,6.68,D,0
38.24379,-5.98278,337.32,0.4,0.44,2024-10-22,1345,N20,VIIRS,n,2,301.61,4.3,D,0
43.54387,-5.84123,301.83,0.46,0.39,2024-10-23,0203,N20,VIIRS,n,2,284.27,0.93,N,0
43.54454,-5.84687,312.28,0.46,0.39,2024-10-23,0203,N20,VIIRS,n,2,284.62,1.58,N,2
42.81539,-1.74317,302.96,0.38,0.36,2024-10-23,0203,N20,VIIRS,n,2,282.33,0.96,N,2
43.52344,-5.73109,318.11,0.45,0.39,2024-10-23,0203,N20,VIIRS,n,2,284.02,1.56,N,2
43.52699,-5.73025,307.02,0.45,0.39,2024-10-23,0203,N20,VIIRS,n,2,285.65,1.56,N,2
43.53963,-5.83637,316.08,0.46,0.39,2024-10-23,0203,N20,VIIRS,n,2,284.33,3.45,N,2
43.53896,-5.83077,328.01,0.46,0.39,2024-10-23,0203,N20,VIIRS,n,2,286.66,5.57,N,2
43.53054,-5.72943,298.47,0.45,0.39,2024-10-23,0203,N20,VIIRS,n,2,283.99,0.71,N,2
43.5432,-5.83562,306.57,0.46,0.39,2024-10-23,0203,N20,VIIRS,n,2,285.17,0.93,N,2
39.93679,-3.74538,316.07,0.39,0.36,2024-10-23,0204,N20,VIIRS,n,2,286.41,1.59,N,2
41.40809,1.99944,307.96,0.47,0.4,2024-10-23,0204,N20,VIIRS,n,2,284.95,1.11,N,2
41.45362,1.98018,298.37,0.47,0.4,2024-10-23,0204,N20,VIIRS,n,2,285.3,0.65,N,2
42.48678,-3.39693,316.97,0.39,0.36,2024-10-23,0204,N20,VIIRS,n,2,281.24,7.09,N,0
42.48746,-3.4016,327.27,0.39,0.36,2024-10-23,0204,N20,VIIRS,n,2,284.26,10.86,N,0
42.4952,-3.36053,330.75,0.39,0.36,2024-10-23,0204,N20,VIIRS,n,2,287.96,14.63,N,0
42.4985,-3.35964,321.8,0.39,0.36,2024-10-23,0204,N20,VIIRS,n,2,280.82,1.07,N,0
42.55451,-6.77036,295.74,0.48,0.4,2024-10-23,0204,N20,VIIRS,n,2,281.87,1.02,N,2
41.47688,-1.48902,307.34,0.39,0.36,2024-10-23,0204,N20,VIIRS,n,2,282.26,0.73,N,2
40.02409,-3.85094,308.12,0.39,0.36,2024-10-23,0204,N20,VIIRS,n,2,284.12,0.87,N,0
40.011,-3.90082,298.65,0.39,0.36,2024-10-23,0204,N20,VIIRS,n,2,285.28,0.63,N,0
42.5517,-6.77122,300.89,0.48,0.4,2024-10-23,0204,N20,VIIRS,n,2,281.53,0.74,N,2
36.96891,-1.90668,307.04,0.4,0.37,2024-10-23,0205,N20,VIIRS,n,2,287.99,0.5,N,2
36.96558,-1.9076,302.81,0.4,0.37,2024-10-23,0205,N20,VIIRS,n,2,287.96,0.67,N,2
37.3597,-5.86483,304.77,0.41,0.37,2024-10-23,0205,N20,VIIRS,n,2,289.23,0.97,N,2
37.17582,-6.89631,309.9,0.43,0.38,2024-10-23,0205,N20,VIIRS,n,2,290.02,1.59,N,0
42.48749,-3.39519,329.74,0.79,0.78,2024-10-23,1147,N20,VIIRS,n,2,285.62,7.05,D,0
42.48621,-3.39029,328.4,0.79,0.78,2024-10-23,1147,N20,VIIRS,n,2,285.35,7.31,D,0
38.62065,-5.41429,337.74,0.41,0.37,2024-10-23,1326,N20,VIIRS,n,2,296.21,3.85,D,0
38.98359,-5.97004,327.35,0.4,0.37,2024-10-23,1326,N20,VIIRS,n,2,294.77,1.6,D,0
39.07736,-5.65972,336,0.41,0.37,2024-10-23,1326,N20,VIIRS,n,2,301.33,17.38,D,0
39.07308,-5.76971,339.86,0.41,0.37,2024-10-23,1326,N20,VIIRS,n,2,295.76,4.06,D,0
39.09809,-5.63515,330.85,0.41,0.37,2024-10-23,1326,N20,VIIRS,n,2,295.88,2.6,D,0
39.08511,-5.75791,334.13,0.41,0.37,2024-10-23,1326,N20,VIIRS,n,2,295.67,3.94,D,0
39.08588,-5.75596,329.27,0.41,0.37,2024-10-23,1326,N20,VIIRS,n,2,295.06,1.87,D,0
39.10404,-5.75029,343.37,0.41,0.37,2024-10-23,1326,N20,VIIRS,n,2,296.61,6.23,D,0
39.17516,-5.84306,332.32,0.41,0.37,2024-10-23,1326,N20,VIIRS,n,2,298.3,3.14,D,0
39.018,-3.69698,335.29,0.47,0.4,2024-10-23,1326,N20,VIIRS,n,2,291.34,11.49,D,0
39.01861,-3.69155,342.8,0.47,0.4,2024-10-23,1326,N20,VIIRS,n,2,297.27,11.49,D,0
38.65999,-6.49509,327.86,0.39,0.36,2024-10-23,1326,N20,VIIRS,n,2,302.34,1.61,D,0
39.01828,-3.69461,345.52,0.47,0.4,2024-10-23,1326,N20,VIIRS,n,2,298.55,15.54,D,0
38.40987,-5.97418,336.28,0.4,0.37,2024-10-23,1326,N20,VIIRS,n,2,298.14,4.29,D,0
38.34202,-6.20303,331.75,0.39,0.37,2024-10-23,1326,N20,VIIRS,n,2,296.41,2.38,D,0
38.25385,-5.75497,336.45,0.4,0.37,2024-10-23,1326,N20,VIIRS,n,2,297.72,3.58,D,0
38.21933,-5.66911,334.48,0.4,0.37,2024-10-23,1326,N20,VIIRS,n,2,297.37,3.17,D,0
37.76148,-4.91063,341.95,0.42,0.38,2024-10-23,1326,N20,VIIRS,n,2,300.86,2.62,D,0
37.75805,-4.90991,335.75,0.42,0.38,2024-10-23,1326,N20,VIIRS,n,2,301.38,2.62,D,0
37.39936,-6.43373,343.97,0.39,0.36,2024-10-23,1326,N20,VIIRS,n,2,299.14,3.62,D,0
37.41561,-5.74241,343.38,0.4,0.37,2024-10-23,1326,N20,VIIRS,n,2,300.91,5.3,D,0
38.95545,-5.81286,328.77,0.4,0.37,2024-10-23,1326,N20,VIIRS,n,2,300.01,1.31,D,0
38.92818,-5.78303,328.22,0.41,0.37,2024-10-23,1326,N20,VIIRS,l,2,300.41,1.69,D,0
38.9248,-5.78232,336.79,0.41,0.37,2024-10-23,1326,N20,VIIRS,n,2,301.31,3.34,D,0
38.9607,-5.79968,335.49,0.41,0.37,2024-10-23,1326,N20,VIIRS,n,2,300.32,2.76,D,0
42.49628,-3.35969,331.85,0.53,0.42,2024-10-23,1327,N20,VIIRS,n,2,293.29,9.35,D,0
42.48472,-3.39714,340.6,0.53,0.42,2024-10-23,1327,N20,VIIRS,n,2,293.27,8.94,D,0
42.49491,-3.35792,339.91,0.53,0.42,2024-10-23,1327,N20,VIIRS,n,2,294.43,9.04,D,0
42.48698,-3.39609,330.85,0.53,0.42,2024-10-23,1327,N20,VIIRS,n,2,294.53,9.93,D,0
41.58287,-5.30576,328.91,0.44,0.38,2024-10-23,1327,N20,VIIRS,n,2,297.1,1.88,D,0
43.52578,-5.72995,339.92,0.44,0.39,2024-10-23,1328,N20,VIIRS,n,2,297.34,13.82,D,2
43.52674,-5.72777,334.37,0.44,0.39,2024-10-23,1328,N20,VIIRS,n,2,295.83,7.76,D,2
43.52607,-5.73327,327.76,0.44,0.39,2024-10-23,1328,N20,VIIRS,n,2,295.28,6.44,D,2
43.55949,-5.72791,298.47,0.48,0.48,2024-10-24,0144,N20,VIIRS,n,2,286.41,0.43,N,0
43.52843,-5.73268,349.26,0.48,0.48,2024-10-24,0144,N20,VIIRS,n,2,288.88,6.32,N,2
43.52443,-5.73904,323.62,0.48,0.48,2024-10-24,0144,N20,VIIRS,n,2,286.6,6.32,N,0
43.22607,-2.8828,302.43,0.53,0.42,2024-10-24,0144,N20,VIIRS,n,2,285.98,0.63,N,2
43.54081,-5.83425,338.38,0.49,0.48,2024-10-24,0144,N20,VIIRS,n,2,288.53,7.59,N,2
43.22368,-2.87714,298.7,0.53,0.42,2024-10-24,0144,N20,VIIRS,n,2,285.98,0.72,N,2
42.49541,-3.36069,324.2,0.54,0.42,2024-10-24,0145,N20,VIIRS,n,2,281.22,4.79,N,0
39.94962,-0.00187,301.3,0.4,0.37,2024-10-24,0145,N20,VIIRS,n,2,285.57,1.39,N,0
39.95028,-0.0065,306.73,0.4,0.37,2024-10-24,0145,N20,VIIRS,n,2,286.29,1.41,N,2
40.57778,0.54349,301.2,0.39,0.36,2024-10-24,0145,N20,VIIRS,n,2,287.01,0.71,N,2
40.57844,0.53892,298.16,0.39,0.36,2024-10-24,0145,N20,VIIRS,n,2,286.09,0.53,N,2
41.31137,1.66279,316.98,0.39,0.36,2024-10-24,0145,N20,VIIRS,n,2,285.7,1.5,N,2
41.40725,1.99568,304.59,0.38,0.36,2024-10-24,0145,N20,VIIRS,n,2,285.53,1.13,N,2
41.45396,1.97997,307.1,0.38,0.36,2024-10-24,0145,N20,VIIRS,n,2,287.2,0.91,N,2
42.48782,-3.40221,326.82,0.55,0.42,2024-10-24,0145,N20,VIIRS,n,2,282.17,13.04,N,0
43.34597,-8.43916,308.04,0.33,0.55,2024-10-24,0145,N20,VIIRS,n,2,287.5,0.53,N,0
43.34861,-8.4371,299.52,0.33,0.55,2024-10-24,0145,N20,VIIRS,n,2,287.44,0.5,N,2
43.33232,-5.7733,296.5,0.48,0.48,2024-10-24,0145,N20,VIIRS,n,2,284.62,0.43,N,0
43.03984,-2.22038,297.12,0.49,0.41,2024-10-24,0145,N20,VIIRS,n,2,285.52,0.38,N,2
37.71966,-4.71607,311.75,0.56,0.43,2024-10-24,0146,N20,VIIRS,n,2,284.82,1.68,N,0
37.72028,-4.71613,312,0.56,0.43,2024-10-24,0146,N20,VIIRS,n,2,284.65,1.05,N,0
37.17724,-6.89834,301.5,0.47,0.48,2024-10-24,0146,N20,VIIRS,n,2,286.94,1.4,N,0
36.9664,-1.90628,312.04,0.42,0.38,2024-10-24,0146,N20,VIIRS,n,2,286.97,1.6,N,2
43.52796,-5.7316,313.74,0.55,0.68,2024-10-24,0325,N20,VIIRS,n,2,286.63,2.85,N,2
43.52655,-5.73024,296.61,0.55,0.68,2024-10-24,0325,N20,VIIRS,n,2,286.18,1.69,N,2
43.52876,-5.73705,312.92,0.55,0.68,2024-10-24,0325,N20,VIIRS,n,2,286.41,2.22,N,2
37.05194,-3.85804,355.63,0.39,0.36,2024-10-24,1307,N20,VIIRS,l,2,300.66,6.04,D,0
36.6041,-6.09733,336.12,0.45,0.39,2024-10-24,1307,N20,VIIRS,n,2,296.48,4.1,D,0
37.04205,-3.85546,335.32,0.39,0.36,2024-10-24,1307,N20,VIIRS,n,2,297.44,3.55,D,0
37.04062,-3.86419,338.88,0.39,0.36,2024-10-24,1307,N20,VIIRS,n,2,298.37,3.2,D,0
37.03991,-3.86854,328.55,0.39,0.36,2024-10-24,1307,N20,VIIRS,n,2,297.27,3.2,D,0
37.0392,-3.87288,341.7,0.39,0.36,2024-10-24,1307,N20,VIIRS,n,2,297.62,3.72,D,0
37.04535,-3.85631,340.43,0.39,0.36,2024-10-24,1307,N20,VIIRS,n,2,297.5,3.55,D,0
37.04392,-3.86504,343.74,0.39,0.36,2024-10-24,1307,N20,VIIRS,n,2,298.96,3.2,D,0
37.04865,-3.85718,340.36,0.39,0.36,2024-10-24,1307,N20,VIIRS,n,2,296.74,6.04,D,0
36.73355,-5.6911,339.69,0.44,0.38,2024-10-24,1307,N20,VIIRS,n,2,296.98,4.08,D,0
37.06041,-3.86935,351.15,0.39,0.36,2024-10-24,1307,N20,VIIRS,n,2,300.16,5.03,D,0
37.05828,-3.8824,344.6,0.39,0.36,2024-10-24,1307,N20,VIIRS,n,2,298.08,5.79,D,0
37.06371,-3.87021,355.94,0.39,0.36,2024-10-24,1307,N20,VIIRS,l,2,299.62,5.03,D,0
37.06844,-3.86233,337.58,0.39,0.36,2024-10-24,1307,N20,VIIRS,n,2,297.61,2.32,D,0
37.07174,-3.86319,337.42,0.39,0.36,2024-10-24,1307,N20,VIIRS,n,2,297.95,2.32,D,0
37.07103,-3.86754,336.56,0.39,0.36,2024-10-24,1307,N20,VIIRS,n,2,297.65,2.32,D,0
37.44399,-1.86941,326.67,0.39,0.36,2024-10-24,1307,N20,VIIRS,l,2,298.99,8.24,D,0
37.44336,-1.87375,349.91,0.39,0.36,2024-10-24,1307,N20,VIIRS,n,2,303.19,8.24,D,0
37.20255,-3.68755,350.95,0.39,0.36,2024-10-24,1307,N20,VIIRS,n,2,299.43,4.35,D,0
38.40881,-3.52706,331.13,0.39,0.36,2024-10-24,1307,N20,VIIRS,n,2,292.05,3.31,D,0
38.30898,-6.15086,328.05,0.43,0.38,2024-10-24,1307,N20,VIIRS,n,2,294.58,1.91,D,0
38.32977,-6.26239,331.09,0.44,0.38,2024-10-24,1307,N20,VIIRS,n,2,294.03,3.95,D,0
38.43182,-6.22037,325.32,0.43,0.38,2024-10-24,1307,N20,VIIRS,n,2,293.78,2.89,D,0
38.44516,-6.23224,335.67,0.43,0.38,2024-10-24,1307,N20,VIIRS,n,2,290.4,3.86,D,0
41.36019,-1.57992,333.43,0.41,0.37,2024-10-24,1308,N20,VIIRS,n,2,294.24,7.13,D,0
41.92967,-1.71567,339.99,0.41,0.37,2024-10-24,1308,N20,VIIRS,n,2,290.28,3.59,D,0
41.44255,-4.61465,325.33,0.39,0.36,2024-10-24,1308,N20,VIIRS,l,2,296.23,1.95,D,0
38.9536,-5.77311,326.74,0.42,0.37,2024-10-24,1308,N20,VIIRS,n,2,295.68,4.69,D,0
39.28378,-4.20656,330.08,0.39,0.36,2024-10-24,1308,N20,VIIRS,n,2,293.97,2.82,D,0
39.18888,-6.95031,331.08,0.45,0.39,2024-10-24,1308,N20,VIIRS,n,2,293.48,3.13,D,0
42.63678,-1.75845,337.02,0.41,0.37,2024-10-24,1308,N20,VIIRS,n,2,292.74,5.9,D,0
40.11694,-3.74936,331.33,0.38,0.36,2024-10-24,1308,N20,VIIRS,n,2,292.56,2.76,D,0
43.52423,-5.73475,344.99,0.39,0.36,2024-10-24,1309,N20,VIIRS,n,2,297.17,6.8,D,2
39.95073,-0.00558,305.99,0.39,0.44,2024-10-25,0126,N20,VIIRS,n,2,286.81,1.02,N,2
41.31169,1.66206,312.06,0.51,0.41,2024-10-25,0126,N20,VIIRS,n,2,286.61,2.44,N,2
40.57536,0.5426,297.56,0.57,0.43,2024-10-25,0126,N20,VIIRS,n,2,280.67,1.24,N,2
37.02635,-3.99894,330.78,0.39,0.44,2024-10-25,1248,N20,VIIRS,n,2,296.55,3.18,D,0
37.02776,-4.00064,327.7,0.39,0.44,2024-10-25,1248,N20,VIIRS,n,2,295.45,2.73,D,0
38.85511,-6.93422,339.39,0.49,0.49,2024-10-25,1249,N20,VIIRS,n,2,294.96,5.8,D,0
43.54224,-5.8408,305.85,0.74,0.76,2024-10-26,0107,N20,VIIRS,n,2,277.95,2.72,N,2
37.1807,-6.90211,299.98,0.79,0.78,2024-10-26,0108,N20,VIIRS,n,2,283.61,1.82,N,0
43.54145,-5.83564,297.71,0.39,0.44,2024-10-26,0247,N20,VIIRS,n,2,279.77,1.52,N,2
43.54044,-5.83104,318.13,0.39,0.44,2024-10-26,0247,N20,VIIRS,n,2,281.45,1.92,N,2
43.5275,-5.73415,313.86,0.39,0.44,2024-10-26,0247,N20,VIIRS,n,2,281.18,1.31,N,2
43.52645,-5.72936,295.98,0.39,0.44,2024-10-26,0247,N20,VIIRS,n,2,280.97,1.31,N,2
36.96707,-1.90766,300.75,0.45,0.63,2024-10-26,0249,N20,VIIRS,n,2,286.08,0.89,N,2
36.1903,-5.40168,301.69,0.61,0.53,2024-10-26,0249,N20,VIIRS,n,2,283.63,1.54,N,0
36.96901,-1.90726,301,0.44,0.63,2024-10-26,0249,N20,VIIRS,n,2,285.86,0.61,N,2
38.16389,-0.94684,327.72,0.44,0.46,2024-10-26,1230,N20,VIIRS,n,2,295.9,2.63,D,0
43.52609,-5.72926,301.75,0.41,0.37,2024-10-27,0228,N20,VIIRS,n,2,282.43,0.86,N,2
43.52942,-5.72814,322.17,0.41,0.37,2024-10-27,0228,N20,VIIRS,n,2,281.1,1.75,N,2
43.32918,-5.77758,295.43,0.41,0.37,2024-10-27,0228,N20,VIIRS,n,2,279.46,0.53,N,0
43.54104,-5.83361,327.55,0.4,0.37,2024-10-27,0228,N20,VIIRS,n,2,283.35,2.26,N,2
43.55284,-5.86069,304.85,0.4,0.37,2024-10-27,0228,N20,VIIRS,n,2,281.18,0.99,N,2
41.31277,1.65986,305.39,0.59,0.53,2024-10-27,0229,N20,VIIRS,n,2,282.22,1.7,N,2
37.17518,-6.89226,304.26,0.44,0.38,2024-10-27,0230,N20,VIIRS,n,2,284.99,0.63,N,0
28.93339,-13.64261,337.83,0.42,0.37,2024-10-27,1349,N20,VIIRS,n,2,301.66,2.35,D,0
42.55379,-6.76705,297.84,0.43,0.38,2024-10-28,0210,N20,VIIRS,n,2,279.58,0.77,N,2
43.31678,-3.00678,295.58,0.38,0.36,2024-10-28,0210,N20,VIIRS,n,2,283.83,0.33,N,0
42.37301,-1.4463,295.22,0.41,0.37,2024-10-28,0210,N20,VIIRS,n,2,270.32,0.54,N,0
38.37971,-6.48279,295.96,0.39,0.36,2024-10-28,0211,N20,VIIRS,n,2,279.45,0.4,N,2
37.17556,-6.8946,302.2,0.39,0.37,2024-10-28,0211,N20,VIIRS,n,2,283.51,1.09,N,0
37.36349,-5.93965,313.01,0.39,0.36,2024-10-28,0211,N20,VIIRS,n,2,281.6,1.02,N,0
38.21367,-5.93887,340.64,0.44,0.38,2024-10-28,1332,N20,VIIRS,n,2,294.58,5.24,D,0
37.24865,-7.20998,330.77,0.4,0.37,2024-10-28,1332,N20,VIIRS,n,2,294.79,2.95,D,0
38.66655,-6.71577,325.66,0.42,0.38,2024-10-28,1333,N20,VIIRS,n,2,294.24,7.36,D,0
38.67061,-6.71167,331.15,0.42,0.38,2024-10-28,1333,N20,VIIRS,n,2,295.13,7.36,D,0
38.66999,-6.71648,337.26,0.42,0.38,2024-10-28,1333,N20,VIIRS,n,2,297.09,7.36,D,0
38.94689,-5.88737,334.63,0.45,0.39,2024-10-28,1333,N20,VIIRS,n,2,295.89,3.56,D,0
38.98099,-5.72421,335.62,0.45,0.39,2024-10-28,1333,N20,VIIRS,n,2,290.73,4.18,D,0
39.85735,2.90309,336.38,0.41,0.61,2024-10-28,1333,N20,VIIRS,n,2,284.78,5.07,D,0
39.05445,-6.53795,332.54,0.43,0.38,2024-10-28,1333,N20,VIIRS,n,2,294.68,2.49,D,0
39.86052,2.90615,330.7,0.42,0.61,2024-10-28,1333,N20,VIIRS,n,2,282.82,3.4,D,0
38.28839,-6.14928,327.29,0.43,0.38,2024-10-28,1333,N20,VIIRS,n,2,291.17,2.11,D,0
38.27934,-6.02053,325.18,0.44,0.38,2024-10-28,1333,N20,VIIRS,n,2,292.54,2.08,D,0
43.54168,-5.83535,319.8,0.41,0.45,2024-10-29,0151,N20,VIIRS,n,2,282.4,4.54,N,2
43.56052,-5.72453,296.58,0.4,0.45,2024-10-29,0151,N20,VIIRS,n,2,282.68,0.51,N,0
42.13869,-3.34892,295.16,0.47,0.39,2024-10-29,0151,N20,VIIRS,n,2,278.9,0.79,N,0
42.55311,-6.77152,302.08,0.44,0.46,2024-10-29,0151,N20,VIIRS,n,2,281.12,0.67,N,2
41.92514,0.1766,297.86,0.39,0.36,2024-10-29,0151,N20,VIIRS,n,2,283.38,0.45,N,2
43.22588,-2.87867,301.17,0.46,0.39,2024-10-29,0151,N20,VIIRS,n,2,282.24,0.78,N,2
43.52827,-5.73527,296.15,0.4,0.45,2024-10-29,0151,N20,VIIRS,n,2,282.69,1.38,N,2
43.52782,-5.73041,324.35,0.4,0.45,2024-10-29,0151,N20,VIIRS,n,2,283.99,1.38,N,2
43.5412,-5.8302,335.31,0.41,0.45,2024-10-29,0151,N20,VIIRS,n,2,284.03,4.54,N,2
43.53003,-5.73086,300.03,0.65,0.73,2024-10-29,0331,N20,VIIRS,n,2,279.92,1.46,N,2
39.07946,-6.72845,330.55,0.4,0.37,2024-10-29,1314,N20,VIIRS,n,2,291.69,2.36,D,0
38.9955,-6.44213,344.28,0.4,0.37,2024-10-29,1314,N20,VIIRS,n,2,293.43,3.24,D,0
38.99218,-6.44122,343.89,0.4,0.37,2024-10-29,1314,N20,VIIRS,n,2,294.19,3.24,D,0
38.99625,-6.4376,339.1,0.4,0.37,2024-10-29,1314,N20,VIIRS,n,2,293.43,2.84,D,0
38.85265,-6.18395,332.02,0.39,0.36,2024-10-29,1314,N20,VIIRS,n,2,289.1,2.55,D,0
38.99294,-6.43669,339.99,0.4,0.37,2024-10-29,1314,N20,VIIRS,n,2,293.8,2.84,D,0
36.96655,-1.90798,305.1,0.57,0.43,2024-10-30,0134,N20,VIIRS,n,2,285.18,1.2,N,2
40.29927,-2.91124,348.15,0.41,0.37,2024-10-30,1255,N20,VIIRS,n,2,290.41,11.35,D,0
40.7382,-3.17819,346.86,0.41,0.37,2024-10-30,1255,N20,VIIRS,n,2,290.61,5.56,D,0
40.73905,-3.17339,336.64,0.41,0.37,2024-10-30,1255,N20,VIIRS,n,2,290.45,2.26,D,0
38.31192,-1.41816,325.3,0.4,0.37,2024-10-30,1255,N20,VIIRS,n,2,289.66,1.68,D,0
39.42097,-0.38246,328.51,0.38,0.36,2024-10-30,1255,N20,VIIRS,n,2,295.7,4.98,D,0
39.42166,-0.37804,325.25,0.38,0.36,2024-10-30,1255,N20,VIIRS,n,2,293.61,3.67,D,0
38.31524,-1.41904,325.39,0.4,0.37,2024-10-30,1255,N20,VIIRS,n,2,291.39,1.68,D,0
43.52352,-5.72668,338.38,0.45,0.39,2024-10-30,1256,N20,VIIRS,n,2,291.54,5.07,D,2
43.52597,-5.73342,333.66,0.45,0.39,2024-10-30,1256,N20,VIIRS,n,2,293.49,5.63,D,2
43.54006,-5.82821,329.09,0.46,0.39,2024-10-30,1256,N20,VIIRS,n,2,290.96,2.65,D,2
42.55165,-6.77372,295.42,0.68,0.74,2024-10-31,0113,N20,VIIRS,n,2,281.32,0.89,N,0
42.55206,-6.77415,295.99,0.68,0.74,2024-10-31,0113,N20,VIIRS,n,2,281.5,1.29,N,0
36.96746,-1.90719,305.85,0.34,0.56,2024-10-31,0115,N20,VIIRS,n,2,285.61,0.71,N,2
43.54393,-5.84641,299.64,0.46,0.47,2024-10-31,0254,N20,VIIRS,n,2,283.68,0.65,N,2
42.08686,-7.67276,295.15,0.41,0.45,2024-10-31,0254,N20,VIIRS,n,2,280.82,0.45,N,0
43.34661,-8.43754,303.51,0.53,0.42,2024-10-31,0254,N20,VIIRS,n,2,284.33,1.28,N,2
41.31425,1.65801,301.79,0.61,0.71,2024-10-31,0254,N20,VIIRS,n,2,280.98,2.8,N,0
41.31495,1.66009,306.86,0.61,0.71,2024-10-31,0254,N20,VIIRS,n,2,278.99,6.24,N,2
43.52467,-5.72757,317.32,0.46,0.47,2024-10-31,0254,N20,VIIRS,n,2,284.87,1.57,N,2
43.52601,-5.73314,296.11,0.46,0.47,2024-10-31,0254,N20,VIIRS,n,2,284.29,1.01,N,2
41.40679,1.99687,295.83,0.63,0.72,2024-10-31,0254,N20,VIIRS,n,2,282.41,3.06,N,2
43.5243,-5.72629,330.44,0.48,0.48,2024-10-31,1238,N20,VIIRS,n,2,293.96,3.04,D,2
43.52295,-5.73196,336.12,0.48,0.48,2024-10-31,1238,N20,VIIRS,n,2,294.75,3.04,D,2
43.52921,-5.72654,304.05,0.45,0.39,2024-11-01,0235,N20,VIIRS,n,2,284.67,2.19,N,2
43.52719,-5.73354,337.96,0.45,0.39,2024-11-01,0235,N20,VIIRS,n,2,286.93,5.58,N,2
43.52616,-5.72813,328.29,0.45,0.39,2024-11-01,0235,N20,VIIRS,n,2,285.53,1.82,N,2
43.54217,-5.83148,297.51,0.44,0.39,2024-11-01,0235,N20,VIIRS,n,2,284.9,0.74,N,2
43.52373,-5.73477,306.51,0.45,0.39,2024-11-01,0235,N20,VIIRS,n,2,285.43,1.22,N,2
43.52962,-5.72685,301.31,0.45,0.39,2024-11-01,0235,N20,VIIRS,n,2,284.54,1.82,N,2
43.55511,-5.86084,297.23,0.44,0.39,2024-11-01,0235,N20,VIIRS,n,2,284.05,0.55,N,2
43.52575,-5.72781,328.8,0.45,0.39,2024-11-01,0235,N20,VIIRS,n,2,285.67,2.19,N,2
43.52681,-5.73321,330.66,0.45,0.39,2024-11-01,0235,N20,VIIRS,n,2,286.22,2.19,N,2
41.31201,1.65873,297.41,0.36,0.57,2024-11-01,0235,N20,VIIRS,n,2,282.59,0.69,N,2
43.3314,-5.77323,301.87,0.45,0.39,2024-11-01,0235,N20,VIIRS,n,2,283.13,0.54,N,0
43.53027,-5.73196,295.89,0.45,0.39,2024-11-01,0235,N20,VIIRS,n,2,284.04,2.19,N,2
36.96587,-1.90911,300.15,0.6,0.53,2024-11-01,0236,N20,VIIRS,n,2,286.99,0.92,N,2
38.37773,-0.54619,304.6,0.33,0.55,2024-11-01,0236,N20,VIIRS,n,2,285.49,0.88,N,2
38.03975,-0.76722,335.66,0.32,0.55,2024-11-01,1217,N20,VIIRS,n,2,289.75,2.35,D,0
38.20652,-0.88956,326.42,0.32,0.55,2024-11-01,1217,N20,VIIRS,n,2,291.69,2.99,D,0
43.52355,-5.73123,329.79,0.4,0.6,2024-11-01,1219,N20,VIIRS,n,2,289.97,3.68,D,2
27.89167,-15.40998,346.8,0.43,0.38,2024-11-01,1355,N20,VIIRS,n,2,299.6,4.44,D,0
27.91942,-15.4157,349.07,0.43,0.38,2024-11-01,1355,N20,VIIRS,n,2,302.85,4.72,D,0
28.1756,-16.43964,342.49,0.47,0.4,2024-11-01,1355,N20,VIIRS,n,2,303.18,3.78,D,0
27.90851,-15.39574,336.68,0.43,0.38,2024-11-01,1355,N20,VIIRS,n,2,302.29,4.19,D,0
27.88399,-15.41278,335.95,0.43,0.38,2024-11-01,1355,N20,VIIRS,n,2,303.02,2.37,D,0
27.8882,-15.40922,350,0.43,0.38,2024-11-01,1355,N20,VIIRS,n,2,300.72,4.44,D,0
27.87334,-15.40299,335.84,0.43,0.38,2024-11-01,1355,N20,VIIRS,n,2,300.66,2.82,D,0
27.88053,-15.41202,346.11,0.43,0.38,2024-11-01,1355,N20,VIIRS,n,2,301.63,2.37,D,0
38.04028,-0.768,329.17,0.56,0.69,2024-11-01,1358,N20,VIIRS,n,2,288.96,3.14,D,0
43.52939,-5.72977,306.53,0.39,0.36,2024-11-02,0216,N20,VIIRS,n,2,285.29,1.28,N,2
43.54164,-5.83485,296.17,0.39,0.36,2024-11-02,0216,N20,VIIRS,n,2,285.1,2.51,N,2
43.34757,-8.4356,298.5,0.43,0.38,2024-11-02,0216,N20,VIIRS,n,2,284.02,0.43,N,2
43.52612,-5.73069,319.63,0.39,0.36,2024-11-02,0216,N20,VIIRS,n,2,286.06,1.28,N,2
43.53997,-5.80068,296.37,0.39,0.36,2024-11-02,0216,N20,VIIRS,n,2,281.51,0.17,N,0
43.53267,-5.72883,299.92,0.39,0.36,2024-11-02,0216,N20,VIIRS,n,2,284.72,0.93,N,0
43.33153,-5.77507,301.34,0.39,0.36,2024-11-02,0216,N20,VIIRS,n,2,283.88,0.68,N,2
43.55243,-5.86151,297.55,0.39,0.36,2024-11-02,0216,N20,VIIRS,n,2,283.31,0.84,N,2
43.22536,-2.88077,304.02,0.4,0.37,2024-11-02,0216,N20,VIIRS,n,2,284,0.7,N,2
43.31711,-3.00419,304.71,0.4,0.37,2024-11-02,0216,N20,VIIRS,n,2,283.02,0.78,N,0
42.55363,-6.7691,299.59,0.39,0.36,2024-11-02,0216,N20,VIIRS,n,2,280.42,0.69,N,2
43.52354,-5.73635,303.53,0.39,0.36,2024-11-02,0216,N20,VIIRS,n,2,286.02,1.01,N,2
43.54093,-5.8301,327.28,0.39,0.36,2024-11-02,0216,N20,VIIRS,n,2,286.3,2.51,N,2
38.37725,-0.54748,299.48,0.57,0.43,2024-11-02,0217,N20,VIIRS,n,2,284.95,1.09,N,2
39.93769,-3.74717,305.87,0.41,0.37,2024-11-02,0217,N20,VIIRS,n,2,279.65,1.34,N,2
38.5012,-2.9351,342.58,0.48,0.48,2024-11-02,1339,N20,VIIRS,n,2,294.48,13.34,D,0
38.50195,-2.93205,339.65,0.48,0.48,2024-11-02,1339,N20,VIIRS,n,2,293.87,14.49,D,0
42.2445,-5.29594,343.15,0.4,0.44,2024-11-02,1340,N20,VIIRS,n,2,295.88,10.34,D,0
43.03845,-6.21848,341.44,0.56,0.43,2024-11-02,1340,N20,VIIRS,n,2,288.28,24.08,D,0
42.24856,-5.29665,346.48,0.4,0.44,2024-11-02,1340,N20,VIIRS,n,2,293.87,5.48,D,0
41.47566,-1.48866,295.07,0.39,0.36,2024-11-03,0157,N20,VIIRS,n,2,283.01,0.49,N,2
41.31227,1.66214,311.01,0.41,0.37,2024-11-03,0157,N20,VIIRS,n,2,279.38,1.6,N,2
43.30967,-3.02508,300.52,0.42,0.37,2024-11-03,0157,N20,VIIRS,n,2,283.61,0.49,N,0
43.34518,-8.43726,318.11,0.45,0.47,2024-11-03,0157,N20,VIIRS,n,2,283.98,1.89,N,2
41.92313,0.178,297.54,0.39,0.36,2024-11-03,0157,N20,VIIRS,n,2,280.69,0.39,N,2
40.57595,0.54295,299.36,0.4,0.37,2024-11-03,0158,N20,VIIRS,n,2,286.84,0.5,N,2
38.37814,-0.54397,296.54,0.39,0.36,2024-11-03,0158,N20,VIIRS,n,2,284.06,0.7,N,2
39.93781,-3.74534,312.83,0.41,0.37,2024-11-03,0158,N20,VIIRS,n,2,283.39,1.48,N,2
40.57676,0.53827,296.82,0.4,0.37,2024-11-03,0158,N20,VIIRS,n,2,286.45,0.58,N,2
37.36158,-5.86755,300.31,0.45,0.39,2024-11-03,0159,N20,VIIRS,n,2,285.93,0.43,N,2
37.17739,-6.89433,298.79,0.49,0.41,2024-11-03,0159,N20,VIIRS,n,2,286.38,0.91,N,0
36.96838,-1.90485,301.22,0.38,0.36,2024-11-03,0159,N20,VIIRS,n,2,272.74,1.31,N,2
43.41667,-6.44449,327.24,0.39,0.36,2024-11-03,1321,N20,VIIRS,n,2,290.92,4.23,D,0
43.539,-5.8294,330.35,0.4,0.37,2024-11-03,1321,N20,VIIRS,n,2,293.93,4.65,D,2
43.34653,-8.4392,296.07,0.4,0.6,2024-11-04,0138,N20,VIIRS,n,2,284.35,0.29,N,2
43.52679,-5.73249,316.72,0.58,0.52,2024-11-04,0138,N20,VIIRS,n,2,286.33,3.77,N,2
43.5307,-5.73454,310.4,0.58,0.52,2024-11-04,0138,N20,VIIRS,n,2,283.65,1.25,N,2
43.54184,-5.83542,335.83,0.58,0.52,2024-11-04,0138,N20,VIIRS,n,2,286.52,3.97,N,2
43.52589,-5.73529,298.36,0.58,0.52,2024-11-04,0138,N20,VIIRS,n,2,286.06,1.25,N,2
43.53845,-5.8329,323.85,0.58,0.52,2024-11-04,0138,N20,VIIRS,n,2,284.1,3.73,N,2
38.3755,-0.5455,297.5,0.44,0.38,2024-11-04,0139,N20,VIIRS,n,2,286.28,0.73,N,2
43.52687,-5.73297,302.43,0.46,0.64,2024-11-04,0318,N20,VIIRS,n,2,284.54,1.33,N,2
38.65558,-3.03678,331.95,0.4,0.37,2024-11-04,1301,N20,VIIRS,n,2,294.44,2.56,D,0
39.94971,4.16171,332.39,0.56,0.43,2024-11-04,1301,N20,VIIRS,n,2,290.13,4.6,D,0
38.84517,-1.36466,343.23,0.38,0.36,2024-11-04,1301,N20,VIIRS,n,2,287.05,4.77,D,0
38.65889,-3.03767,326.05,0.4,0.37,2024-11-04,1301,N20,VIIRS,n,2,294.09,2.06,D,0
38.05376,-1.46263,333.57,0.38,0.36,2024-11-04,1301,N20,VIIRS,n,2,294.63,2.4,D,0
38.09574,-0.87015,338.65,0.38,0.36,2024-11-04,1301,N20,VIIRS,n,2,294.15,3.32,D,0
37.2953,-1.94986,330.32,0.39,0.36,2024-11-04,1301,N20,VIIRS,n,2,295.07,4.33,D,0
37.29201,-1.94904,331.19,0.39,0.36,2024-11-04,1301,N20,VIIRS,n,2,295.18,4.33,D,0
36.95681,-2.43271,346.7,0.4,0.37,2024-11-04,1301,N20,VIIRS,n,2,298.32,3.56,D,0
41.94798,-5.68249,331.67,0.43,0.38,2024-11-04,1302,N20,VIIRS,n,2,287.52,2.75,D,0
42.30853,-5.90693,327.34,0.43,0.38,2024-11-04,1302,N20,VIIRS,n,2,288.15,3.32,D,0
42.30945,-5.90186,328.16,0.43,0.38,2024-11-04,1302,N20,VIIRS,n,2,286.16,3.32,D,0
41.94888,-5.67747,325.59,0.43,0.38,2024-11-04,1302,N20,VIIRS,n,2,287.39,2.75,D,0
41.4753,-5.75931,336.43,0.43,0.38,2024-11-04,1302,N20,VIIRS,n,2,292.67,2.4,D,0
43.03581,-2.22093,300.17,0.33,0.55,2024-11-05,0119,N20,VIIRS,n,2,279.61,0.53,N,2
43.04092,-2.22024,296.8,0.33,0.55,2024-11-05,0119,N20,VIIRS,n,2,278.52,0.53,N,2
39.93808,-3.74659,297.41,0.37,0.58,2024-11-05,0120,N20,VIIRS,n,2,283,0.77,N,2
38.66998,-4.05545,296.89,0.38,0.59,2024-11-05,0121,N20,VIIRS,n,2,283.71,0.93,N,2
37.36357,-5.8671,296.53,0.39,0.6,2024-11-05,0301,N20,VIIRS,n,2,285.82,0.6,N,0
37.36152,-5.86708,298.02,0.4,0.6,2024-11-05,0301,N20,VIIRS,n,2,286.07,0.54,N,2
37.17634,-6.89322,300.57,0.35,0.57,2024-11-05,0301,N20,VIIRS,n,2,286.91,0.64,N,0
38.24244,-1.49494,325.18,0.5,0.41,2024-11-05,1242,N20,VIIRS,n,2,295.42,2.04,D,0
39.25708,-3.7421,331.59,0.4,0.44,2024-11-05,1242,N20,VIIRS,n,2,291.59,2.2,D,0
43.52295,-5.73373,332.94,0.4,0.45,2024-11-05,1244,N20,VIIRS,n,2,295.34,3.81,D,2
43.54034,-5.83066,330.04,0.41,0.45,2024-11-05,1244,N20,VIIRS,n,2,294.87,3.06,D,2
39.94977,-0.00731,312.23,0.42,0.61,2024-11-06,0101,N20,VIIRS,n,2,284.8,2.35,N,0
37.83501,-1.02151,297.26,0.47,0.64,2024-11-06,0102,N20,VIIRS,n,2,284.3,0.47,N,0
43.4439,-3.84499,308.61,0.41,0.45,2024-11-06,0241,N20,VIIRS,n,2,285.81,1.17,N,2
43.52638,-5.7268,297.71,0.51,0.41,2024-11-06,0241,N20,VIIRS,n,2,285.68,0.63,N,2
43.54665,-5.84334,311.47,0.5,0.41,2024-11-06,0241,N20,VIIRS,n,2,285.66,1.6,N,2
43.54053,-5.8328,307.33,0.5,0.41,2024-11-06,0241,N20,VIIRS,n,2,287.1,1.85,N,2
43.32915,-5.77336,299.14,0.51,0.41,2024-11-06,0241,N20,VIIRS,n,2,283.97,0.76,N,2
41.31279,1.65794,299.07,0.43,0.62,2024-11-06,0241,N20,VIIRS,n,2,283.36,0.89,N,2
41.31368,1.66171,305.99,0.43,0.62,2024-11-06,0241,N20,VIIRS,n,2,284.18,1.16,N,2
41.17544,1.2198,296.36,0.41,0.61,2024-11-06,0241,N20,VIIRS,n,2,285.47,0.92,N,0
40.57706,0.54009,295.66,0.39,0.6,2024-11-06,0241,N20,VIIRS,n,2,284.82,0.51,N,2
39.95264,-0.00595,297.94,0.38,0.59,2024-11-06,0242,N20,VIIRS,n,2,285.33,1.05,N,2
39.95148,-0.0017,299.21,0.38,0.59,2024-11-06,0242,N20,VIIRS,n,2,285.05,1.16,N,2
39.9381,-3.744,303.07,0.5,0.49,2024-11-06,0242,N20,VIIRS,n,2,282.38,1.24,N,2
37.83665,-1.01875,296.14,0.39,0.59,2024-11-06,0242,N20,VIIRS,n,2,283.92,0.4,N,0
37.66113,-4.92577,296.09,0.49,0.48,2024-11-06,0242,N20,VIIRS,n,2,285.11,0.47,N,0
37.35913,-5.86554,304.38,0.44,0.46,2024-11-06,0243,N20,VIIRS,n,2,287.28,0.8,N,2
37.20067,-3.71619,367,0.4,0.6,2024-11-06,1223,N20,VIIRS,h,2,296.98,5.33,D,0
37.20478,-3.72269,325.59,0.4,0.6,2024-11-06,1223,N20,VIIRS,n,2,292.55,5.33,D,0
37.20168,-3.71779,367,0.4,0.6,2024-11-06,1223,N20,VIIRS,h,2,297.64,8.9,D,0
37.20576,-3.72426,330.59,0.4,0.6,2024-11-06,1223,N20,VIIRS,n,2,292.57,1.4,D,0
37.90619,-3.97177,333.8,0.39,0.59,2024-11-06,1223,N20,VIIRS,n,2,294.15,2.47,D,0
40.77921,-6.54476,339.39,0.44,0.63,2024-11-06,1224,N20,VIIRS,n,2,290.06,5.33,D,0
40.7809,-2.63833,339.17,0.56,0.52,2024-11-06,1224,N20,VIIRS,n,2,289.94,7.93,D,0
39.06456,-5.78197,337.52,0.45,0.63,2024-11-06,1224,N20,VIIRS,n,2,290.8,5.86,D,0
41.46481,-1.26175,337.9,0.46,0.47,2024-11-06,1224,N20,VIIRS,n,2,289.87,5.94,D,0
43.53641,-5.8293,343.36,0.34,0.56,2024-11-06,1225,N20,VIIRS,n,2,291.04,2.93,D,2
40.80876,-5.64699,325.04,0.39,0.59,2024-11-06,1405,N20,VIIRS,n,2,289.92,1.67,D,0
43.34578,-8.43564,303.23,0.4,0.37,2024-11-07,0222,N20,VIIRS,n,2,281.42,0.62,N,2
43.53236,-5.72671,302.65,0.39,0.36,2024-11-07,0222,N20,VIIRS,n,2,286.09,0.8,N,2
43.52987,-5.73243,333.75,0.39,0.36,2024-11-07,0222,N20,VIIRS,n,2,286.06,3.13,N,2
43.52661,-5.73343,336.17,0.39,0.36,2024-11-07,0222,N20,VIIRS,n,2,288.94,3.13,N,2
43.52584,-5.72872,300.35,0.39,0.36,2024-11-07,0222,N20,VIIRS,n,2,286.52,3.13,N,2
43.53946,-5.83311,338.14,0.39,0.36,2024-11-07,0222,N20,VIIRS,n,2,286.69,4.11,N,2
43.52335,-5.73443,299.62,0.39,0.36,2024-11-07,0222,N20,VIIRS,n,2,285.95,0.73,N,2
43.33086,-5.77318,305.38,0.39,0.36,2024-11-07,0222,N20,VIIRS,n,2,285.16,0.87,N,2
43.52008,-5.73544,308.54,0.39,0.36,2024-11-07,0222,N20,VIIRS,n,2,285.07,0.73,N,2
42.55286,-6.76755,299.92,0.38,0.36,2024-11-07,0222,N20,VIIRS,n,2,282.8,0.54,N,2
39.93852,-3.74355,304.16,0.46,0.39,2024-11-07,0223,N20,VIIRS,n,2,283.44,1.38,N,2
38.66472,-4.04972,296.22,0.46,0.39,2024-11-07,0223,N20,VIIRS,n,2,280.84,0.62,N,2
37.3604,-5.86457,306.7,0.42,0.38,2024-11-07,0224,N20,VIIRS,n,2,287.35,0.9,N,2
38.32095,-6.71785,309.68,0.4,0.37,2024-11-07,0224,N20,VIIRS,n,2,284.9,1.21,N,2
43.54132,-5.82883,326.08,0.57,0.69,2024-11-07,1206,N20,VIIRS,n,2,293.06,2.86,D,2
43.52361,-5.73323,331.02,0.47,0.48,2024-11-07,1346,N20,VIIRS,n,2,296.09,4.36,D,2
43.03391,-2.21965,302.82,0.38,0.36,2024-11-08,0203,N20,VIIRS,n,2,283.48,0.49,N,2
43.30868,-3.02716,298.57,0.39,0.36,2024-11-08,0203,N20,VIIRS,n,2,288.08,0.51,N,2
40.57574,0.53978,297.15,0.43,0.38,2024-11-08,0204,N20,VIIRS,n,2,285.51,0.76,N,2
38.37714,-0.54277,302.09,0.43,0.38,2024-11-08,0204,N20,VIIRS,n,2,286.77,0.68,N,2
39.93685,-3.74674,310.44,0.39,0.36,2024-11-08,0204,N20,VIIRS,n,2,278.67,1.38,N,2
41.40822,1.9969,302.8,0.47,0.4,2024-11-08,0204,N20,VIIRS,n,2,284.21,0.81,N,2
41.31465,1.66121,313.08,0.46,0.39,2024-11-08,0204,N20,VIIRS,n,2,284.33,1.52,N,2
41.31307,1.65919,313.18,0.46,0.39,2024-11-08,0204,N20,VIIRS,n,2,284.42,1.14,N,2
41.47657,-1.48823,296.14,0.39,0.36,2024-11-08,0204,N20,VIIRS,n,2,281.21,0.49,N,2
39.95156,-0.00481,303.1,0.42,0.38,2024-11-08,0204,N20,VIIRS,n,2,287.91,0.99,N,2
38.66507,-4.05624,295.26,0.39,0.36,2024-11-08,0205,N20,VIIRS,n,2,282.49,0.42,N,0
41.59872,0.37739,325.19,0.56,0.69,2024-11-08,1147,N20,VIIRS,n,2,286.28,2.47,D,0
38.69893,-6.7603,338.1,0.39,0.36,2024-11-08,1326,N20,VIIRS,n,2,284.76,2.51,D,0
38.6983,-6.76474,326.95,0.39,0.36,2024-11-08,1326,N20,VIIRS,n,2,285.49,2.51,D,0
41.80886,-4.56444,328.96,0.47,0.39,2024-11-08,1327,N20,VIIRS,n,2,289.77,2.59,D,0
41.05299,-5.80758,367,0.42,0.38,2024-11-08,1327,N20,VIIRS,h,2,292.08,11.13,D,0
43.52339,-5.7391,337.64,0.48,0.48,2024-11-09,0144,N20,VIIRS,n,2,286.71,4.92,N,0
43.52293,-5.7332,298.18,0.48,0.48,2024-11-09,0144,N20,VIIRS,n,2,283.76,2.03,N,2
43.53972,-5.83404,303.8,0.49,0.48,2024-11-09,0144,N20,VIIRS,n,2,285.05,0.86,N,2
43.56285,-5.72699,295.35,0.48,0.48,2024-11-09,0144,N20,VIIRS,n,2,283.66,0.56,N,0
43.52736,-5.73246,309.03,0.48,0.48,2024-11-09,0144,N20,VIIRS,n,2,285.97,2.36,N,2
41.31166,1.66011,312.71,0.39,0.36,2024-11-09,0145,N20,VIIRS,n,2,284.78,1.35,N,2
41.45417,1.97792,305.51,0.38,0.36,2024-11-09,0145,N20,VIIRS,n,2,286.09,0.83,N,2
41.40678,1.99816,309.96,0.38,0.36,2024-11-09,0145,N20,VIIRS,n,2,285.81,1.1,N,2
41.31494,1.66098,297.39,0.39,0.36,2024-11-09,0145,N20,VIIRS,n,2,283.86,0.41,N,2
41.47698,-1.48964,300.18,0.45,0.39,2024-11-09,0145,N20,VIIRS,n,2,279.97,0.7,N,2
40.57777,0.54191,308.46,0.39,0.36,2024-11-09,0145,N20,VIIRS,n,2,286.37,1.04,N,2
39.95282,-0.00384,299.4,0.4,0.37,2024-11-09,0145,N20,VIIRS,n,2,288.53,0.91,N,2
39.94947,-0.00464,302.08,0.4,0.37,2024-11-09,0145,N20,VIIRS,n,2,286.45,0.63,N,0
36.96589,-1.90836,305.35,0.42,0.38,2024-11-09,0146,N20,VIIRS,n,2,287.89,0.81,N,2
38.37871,-0.54632,296.15,0.4,0.37,2024-11-09,0146,N20,VIIRS,n,2,285.29,0.37,N,2
43.53289,-5.73367,298.16,0.55,0.68,2024-11-09,0325,N20,VIIRS,n,2,281.78,0.62,N,0
43.52806,-5.73613,301.11,0.55,0.68,2024-11-09,0325,N20,VIIRS,n,2,283.13,1.86,N,2
43.52701,-5.73679,295.64,0.55,0.68,2024-11-09,0325,N20,VIIRS,n,2,283.6,1.02,N,2
36.5256,-5.7764,345.74,0.44,0.39,2024-11-09,1307,N20,VIIRS,n,2,296.15,10.02,D,0
36.52384,-5.78611,337.72,0.44,0.39,2024-11-09,1307,N20,VIIRS,n,2,296.32,4.89,D,0
36.53083,-5.76765,339.02,0.44,0.39,2024-11-09,1307,N20,VIIRS,n,2,296.18,6.16,D,0
37.65095,-4.58328,335.06,0.4,0.37,2024-11-09,1307,N20,VIIRS,n,2,294.79,1.86,D,0
36.81273,-5.2161,338.69,0.42,0.38,2024-11-09,1307,N20,VIIRS,n,2,293.28,2.17,D,0
37.67762,-5.22754,335.85,0.41,0.37,2024-11-09,1307,N20,VIIRS,n,2,291.75,6.19,D,0
37.65428,-4.58416,338.09,0.4,0.37,2024-11-09,1307,N20,VIIRS,n,2,295.07,1.86,D,0
36.91039,-4.49065,335.68,0.4,0.37,2024-11-09,1307,N20,VIIRS,n,2,296.13,1.9,D,0
37.28022,-3.74844,336.1,0.39,0.36,2024-11-09,1307,N20,VIIRS,n,2,295.3,2.62,D,0
39.13134,-5.8211,331.09,0.42,0.37,2024-11-09,1308,N20,VIIRS,n,2,292.36,4.09,D,0
42.25578,-5.38375,330.99,0.39,0.36,2024-11-09,1308,N20,VIIRS,n,2,293.25,3.26,D,0
40.88831,-4.93382,329.16,0.39,0.36,2024-11-09,1308,N20,VIIRS,n,2,291.59,1.39,D,0
40.71519,-6.5452,332.57,0.42,0.38,2024-11-09,1308,N20,VIIRS,n,2,290.58,3.94,D,0
40.85055,-6.28125,326.04,0.41,0.37,2024-11-09,1308,N20,VIIRS,n,2,289.16,2.55,D,0
40.91398,-6.52708,326.44,0.42,0.37,2024-11-09,1308,N20,VIIRS,n,2,289.05,2.08,D,0
43.52423,-5.73354,331.71,0.39,0.36,2024-11-09,1309,N20,VIIRS,n,2,294.02,6.1,D,2
43.53912,-5.83253,329.15,0.39,0.36,2024-11-09,1309,N20,VIIRS,n,2,291.8,1.94,D,2
41.47505,-1.49006,300.5,0.49,0.48,2024-11-10,0126,N20,VIIRS,n,2,280.25,1.1,N,2
39.93602,-3.74887,297.01,0.62,0.54,2024-11-10,0126,N20,VIIRS,n,2,279.66,0.86,N,0
39.93696,-3.74989,295.73,0.62,0.54,2024-11-10,0126,N20,VIIRS,n,2,279.49,1.21,N,0
39.95008,-0.00395,296.82,0.39,0.44,2024-11-10,0126,N20,VIIRS,n,2,285.32,0.79,N,2
39.95412,-0.00326,297.9,0.39,0.44,2024-11-10,0126,N20,VIIRS,n,2,286.83,0.72,N,0
40.57625,0.54159,308.34,0.57,0.43,2024-11-10,0126,N20,VIIRS,n,2,284.04,1.68,N,2
41.47688,-1.49041,302.29,0.49,0.48,2024-11-10,0126,N20,VIIRS,n,2,279.55,1.33,N,2
38.37692,-0.54447,296.67,0.4,0.44,2024-11-10,0127,N20,VIIRS,n,2,285.26,0.47,N,2
36.96795,-1.9055,304.14,0.46,0.47,2024-11-10,0127,N20,VIIRS,n,2,286.57,1.25,N,2
39.17105,-3.03065,322.05,0.55,0.51,2024-11-10,0127,N20,VIIRS,n,2,279.04,2.82,N,0
39.17057,-3.02419,298.37,0.55,0.51,2024-11-10,0127,N20,VIIRS,n,2,279.92,2.82,N,0
37.361,-5.86888,301.23,0.38,0.59,2024-11-10,0127,N20,VIIRS,n,2,285.77,0.72,N,2
39.17112,-3.03117,313.06,0.59,0.7,2024-11-10,0307,N20,VIIRS,n,2,276.98,1.97,N,0
37.36007,-5.86878,298.89,0.48,0.65,2024-11-10,0308,N20,VIIRS,n,2,285.14,0.55,N,2
39.93583,-3.75027,295.3,0.56,0.69,2024-11-11,0107,N20,VIIRS,n,2,279.66,0.89,N,0
40.575,0.53807,297.69,0.33,0.55,2024-11-11,0107,N20,VIIRS,n,2,282.34,0.71,N,0
40.57771,0.53806,302.06,0.33,0.55,2024-11-11,0107,N20,VIIRS,n,2,283.29,0.84,N,2
39.95417,-0.00454,296.19,0.35,0.57,2024-11-11,0107,N20,VIIRS,n,2,285.58,0.66,N,0
38.08436,-1.23285,321.28,0.39,0.6,2024-11-11,0108,N20,VIIRS,n,2,280.74,1.86,N,0
36.96925,-1.90657,298.41,0.42,0.61,2024-11-11,0108,N20,VIIRS,n,2,285.07,0.93,N,2
43.41113,-3.83708,296.87,0.48,0.48,2024-11-11,0247,N20,VIIRS,n,2,277.04,3.79,N,0
43.54292,-5.83707,295.28,0.39,0.44,2024-11-11,0247,N20,VIIRS,n,2,284.87,0.77,N,2
43.54526,-5.83703,295.49,0.39,0.44,2024-11-11,0247,N20,VIIRS,n,2,284.52,0.51,N,2
43.41252,-3.84277,337.46,0.48,0.48,2024-11-11,0247,N20,VIIRS,n,2,280.96,3.79,N,0
43.41143,-3.83886,337.71,0.48,0.48,2024-11-11,0247,N20,VIIRS,n,2,280.44,5.13,N,0
39.48649,-6.65211,298.8,0.44,0.46,2024-11-11,0248,N20,VIIRS,n,2,274.91,0.89,N,0
39.4824,-6.65164,298.12,0.44,0.46,2024-11-11,0248,N20,VIIRS,n,2,278.09,1.18,N,0
37.21241,-3.73255,325.64,0.33,0.55,2024-11-11,1229,N20,VIIRS,n,2,291.16,3.45,D,0
37.21329,-3.729,343.34,0.33,0.55,2024-11-11,1229,N20,VIIRS,n,2,291.21,4.59,D,0
38.25729,-5.50771,339.7,0.38,0.59,2024-11-11,1230,N20,VIIRS,n,2,291.79,5.97,D,0
41.29106,0.00272,331.36,0.52,0.42,2024-11-11,1230,N20,VIIRS,n,2,290.44,3.93,D,0
39.24761,-6.4486,346.31,0.4,0.6,2024-11-11,1230,N20,VIIRS,n,2,291.57,8.09,D,0
39.11916,-5.77915,332.14,0.37,0.58,2024-11-11,1230,N20,VIIRS,n,2,289.62,2.12,D,0
39.04378,-5.93224,326.23,0.38,0.59,2024-11-11,1230,N20,VIIRS,n,2,291.05,1.88,D,0
39.07323,-5.61393,327.97,0.37,0.58,2024-11-11,1230,N20,VIIRS,n,2,290.09,2.06,D,0
39.35345,-2.41841,331.96,0.5,0.49,2024-11-11,1230,N20,VIIRS,n,2,291.05,2.81,D,0
38.2319,-6.01942,329.9,0.41,0.6,2024-11-11,1230,N20,VIIRS,n,2,288.94,2.55,D,0
38.24773,-1.67697,325.93,0.48,0.48,2024-11-11,1230,N20,VIIRS,n,2,292.01,3.93,D,0
38.2484,-1.6945,337.14,0.48,0.48,2024-11-11,1230,N20,VIIRS,n,2,296.26,18.25,D,0
37.43354,-5.99232,331,0.43,0.62,2024-11-11,1230,N20,VIIRS,n,2,292.3,2.22,D,0
38.25842,-5.50348,338.86,0.38,0.59,2024-11-11,1230,N20,VIIRS,n,2,290.8,4.64,D,0
39.24807,-6.44549,343.98,0.42,0.61,2024-11-11,1410,N20,VIIRS,n,2,289.9,3.85,D,0
37.3384,-6.89157,330.13,0.38,0.59,2024-11-11,1410,N20,VIIRS,n,2,297.94,2.26,D,0
37.3371,-6.89165,331.27,0.38,0.59,2024-11-11,1410,N20,VIIRS,n,2,298.14,2.34,D,0
37.21713,-3.73231,328.69,0.57,0.69,2024-11-11,1410,N20,VIIRS,n,2,291.7,2.7,D,0
37.19894,-4.09713,349.1,0.54,0.68,2024-11-11,1410,N20,VIIRS,n,2,290.49,5.97,D,0
38.98611,-5.9485,326.08,0.44,0.63,2024-11-11,1410,N20,VIIRS,n,2,289.77,3.77,D,0
38.36418,-7.24658,330.56,0.37,0.58,2024-11-11,1410,N20,VIIRS,n,2,294.22,2.41,D,0
43.34727,-8.43646,315.16,0.38,0.36,2024-11-12,0228,N20,VIIRS,n,2,283.29,1.24,N,2
39.93599,-3.74307,295.87,0.53,0.42,2024-11-12,0229,N20,VIIRS,n,2,279.71,1.02,N,2
41.45491,0.46496,297.22,0.51,0.5,2024-11-12,0229,N20,VIIRS,n,2,277.26,0.81,N,0
41.45797,0.46549,296.45,0.51,0.5,2024-11-12,0229,N20,VIIRS,n,2,277.05,0.88,N,0
38.87165,-6.69893,298.96,0.43,0.38,2024-11-12,0230,N20,VIIRS,n,2,281.59,0.56,N,0
37.3619,-5.86571,302.16,0.47,0.4,2024-11-12,0230,N20,VIIRS,n,2,284.66,0.82,N,2
38.87297,-6.70026,299.37,0.43,0.38,2024-11-12,0230,N20,VIIRS,n,2,281.94,0.74,N,0
38.66545,-4.05011,298.3,0.54,0.42,2024-11-12,0230,N20,VIIRS,n,2,277.48,1.82,N,2
28.66529,-17.85137,303.44,0.56,0.43,2024-11-12,0233,N20,VIIRS,n,2,288.21,0.96,N,0
28.66565,-17.85606,295.82,0.56,0.43,2024-11-12,0233,N20,VIIRS,n,2,285.37,0.37,N,0
28.66501,-17.85045,297.56,0.56,0.43,2024-11-12,0233,N20,VIIRS,n,2,287,0.65,N,0
38.28514,-1.68661,351.7,0.43,0.62,2024-11-12,1211,N20,VIIRS,n,2,282.18,9.85,D,0
38.28661,-1.68131,356.09,0.43,0.62,2024-11-12,1211,N20,VIIRS,l,2,280.17,9.85,D,0
38.29178,-1.68441,353.2,0.43,0.62,2024-11-12,1211,N20,VIIRS,n,2,281.28,8.22,D,0
39.24475,-6.44005,337.82,0.7,0.75,2024-11-12,1211,N20,VIIRS,n,2,287.26,11.25,D,0
39.24242,-6.44723,337.61,0.7,0.75,2024-11-12,1211,N20,VIIRS,n,2,288.61,10.93,D,0
39.11274,-5.80628,326.77,0.65,0.73,2024-11-12,1211,N20,VIIRS,n,2,287.86,2.66,D,0
39.11031,-5.81286,330.32,0.5,0.49,2024-11-12,1351,N20,VIIRS,n,2,290.86,2.71,D,0
38.56527,-7.29763,338.84,0.41,0.45,2024-11-12,1351,N20,VIIRS,n,2,292.32,2.27,D,0
39.00582,-5.84324,341.09,0.5,0.49,2024-11-12,1351,N20,VIIRS,n,2,292.21,6.13,D,0
39.01917,-5.92891,325.07,0.49,0.49,2024-11-12,1351,N20,VIIRS,n,2,289.89,1.81,D,0
39.07436,-5.74945,325.84,0.5,0.49,2024-11-12,1351,N20,VIIRS,n,2,290.08,1.3,D,0
38.56313,-7.29888,332.51,0.41,0.45,2024-11-12,1351,N20,VIIRS,n,2,293.44,4.36,D,0
38.56358,-7.29415,338.47,0.41,0.45,2024-11-12,1351,N20,VIIRS,n,2,292.45,5.43,D,0
38.91938,-5.90177,341.59,0.49,0.49,2024-11-12,1351,N20,VIIRS,n,2,296.15,10.38,D,0
39.01521,-5.67417,338.5,0.51,0.49,2024-11-12,1351,N20,VIIRS,n,2,292.47,5.07,D,0
39.24294,-6.44813,350.95,0.46,0.47,2024-11-12,1352,N20,VIIRS,n,2,294.83,8.03,D,0
39.2473,-6.44876,341.79,0.46,0.47,2024-11-12,1352,N20,VIIRS,n,2,295.43,8.03,D,0
43.34791,-8.4347,300.55,0.49,0.41,2024-11-13,0210,N20,VIIRS,n,2,280.81,0.6,N,2
37.36066,-5.86579,300.26,0.39,0.36,2024-11-13,0211,N20,VIIRS,n,2,283.32,0.56,N,2
37.43794,-5.99622,338.36,0.43,0.38,2024-11-13,1332,N20,VIIRS,n,2,287.12,4.12,D,0
41.40545,1.99787,303.4,0.39,0.36,2024-11-14,0151,N20,VIIRS,n,2,281.99,1.08,N,2
41.31428,1.66076,314.17,0.39,0.36,2024-11-14,0151,N20,VIIRS,n,2,283.52,2.17,N,2
40.79102,-6.21612,326.26,0.39,0.36,2024-11-14,1314,N20,VIIRS,n,2,285.92,1.9,D,0
41.58078,-3.71194,340.87,0.4,0.37,2024-11-14,1314,N20,VIIRS,n,2,275.62,4.28,D,0
43.54116,-5.83122,323.02,0.35,0.57,2024-11-15,0132,N20,VIIRS,n,2,282.15,2.6,N,2
41.19608,1.22759,301.9,0.46,0.39,2024-11-15,0132,N20,VIIRS,n,2,282.57,6.03,N,0
41.19675,1.2221,328.5,0.46,0.39,2024-11-15,0132,N20,VIIRS,n,2,283.91,6.03,N,0
43.52036,-5.73674,299.96,0.35,0.57,2024-11-15,0132,N20,VIIRS,n,2,280.63,0.59,N,2
43.52537,-5.73181,312.07,0.35,0.57,2024-11-15,0132,N20,VIIRS,n,2,282.56,1.21,N,2
43.5258,-5.7401,310.68,0.35,0.57,2024-11-15,0132,N20,VIIRS,n,2,281.04,2.15,N,2
43.52559,-5.73603,323.79,0.35,0.57,2024-11-15,0132,N20,VIIRS,n,2,283.55,2.15,N,2
43.53059,-5.73108,298.25,0.35,0.57,2024-11-15,0132,N20,VIIRS,n,2,282.17,1.21,N,2
43.5414,-5.83563,327.29,0.35,0.57,2024-11-15,0132,N20,VIIRS,n,2,281.41,2.6,N,2
43.52522,-5.73043,299.34,0.35,0.57,2024-11-15,0132,N20,VIIRS,n,2,283.25,1.14,N,2
43.52542,-5.73461,310.52,0.35,0.57,2024-11-15,0132,N20,VIIRS,n,2,282.63,1.14,N,2
43.52562,-5.73892,338.89,0.35,0.57,2024-11-15,0132,N20,VIIRS,n,2,283.72,3.22,N,2
43.53065,-5.73392,295.27,0.35,0.57,2024-11-15,0132,N20,VIIRS,n,2,280.91,1.14,N,2
43.54067,-5.83433,351.79,0.35,0.57,2024-11-15,0132,N20,VIIRS,n,2,283.04,4.6,N,2
43.56186,-5.72648,295.97,0.35,0.57,2024-11-15,0132,N20,VIIRS,n,2,282.27,0.5,N,0
43.52831,-5.7337,327.18,0.39,0.59,2024-11-15,0312,N20,VIIRS,n,2,281.16,1.48,N,2
43.52694,-5.72896,298.5,0.39,0.59,2024-11-15,0312,N20,VIIRS,n,2,281.32,1.48,N,2
43.52317,-5.73632,309.56,0.39,0.59,2024-11-15,0312,N20,VIIRS,n,2,279.72,1.48,N,2
43.54191,-5.83342,297.32,0.38,0.59,2024-11-15,0312,N20,VIIRS,n,2,279.5,0.78,N,2
36.80886,-4.1699,329.78,0.5,0.41,2024-11-15,1254,N20,VIIRS,n,2,293.51,5.7,D,0
43.52425,-5.73362,336.49,0.46,0.39,2024-11-15,1256,N20,VIIRS,n,2,280.15,4.98,D,2
43.54234,-5.83496,336.47,0.62,0.71,2024-11-16,0113,N20,VIIRS,n,2,277.9,5.45,N,2
43.52798,-5.73499,298.63,0.61,0.71,2024-11-16,0113,N20,VIIRS,n,2,278.24,1.33,N,2
43.526,-5.7375,295.87,0.61,0.71,2024-11-16,0113,N20,VIIRS,n,2,278.12,1.45,N,2
41.47853,-1.48841,295.39,0.36,0.57,2024-11-16,0113,N20,VIIRS,n,2,280.29,1.18,N,0
43.04021,-2.22149,296.05,0.4,0.6,2024-11-16,0113,N20,VIIRS,n,2,282.73,0.27,N,2
43.22703,-2.88699,299.5,0.43,0.62,2024-11-16,0113,N20,VIIRS,n,2,282.43,0.65,N,0
43.53985,-5.83726,342.13,0.62,0.71,2024-11-16,0113,N20,VIIRS,n,2,277.26,6.67,N,2
36.96728,-1.90739,305.22,0.34,0.56,2024-11-16,0114,N20,VIIRS,n,2,286.56,0.78,N,2
43.03692,-2.22434,297.67,0.35,0.57,2024-11-16,0253,N20,VIIRS,n,2,281.8,0.48,N,0
41.31677,1.65678,296,0.6,0.71,2024-11-16,0253,N20,VIIRS,n,2,279.91,1.65,N,0
43.44504,-3.84738,297.69,0.57,0.52,2024-11-16,0253,N20,VIIRS,n,2,281.66,0.64,N,2
39.78504,2.97217,326.15,0.4,0.37,2024-11-16,1236,N20,VIIRS,n,2,283.72,2.7,D,0
39.1861,-5.80718,335.84,0.55,0.68,2024-11-16,1417,N20,VIIRS,n,2,287.11,3.91,D,0
39.95453,-0.00734,295.86,0.52,0.67,2024-11-17,0055,N20,VIIRS,n,2,284.84,0.73,N,0
43.31823,-3.00899,301.5,0.57,0.43,2024-11-17,0234,N20,VIIRS,n,2,282.58,1.08,N,3
43.31758,-3.00243,303.52,0.57,0.43,2024-11-17,0234,N20,VIIRS,n,2,282.23,1.84,N,0
43.31675,-3.0023,295.75,0.57,0.43,2024-11-17,0234,N20,VIIRS,n,2,282.23,0.95,N,0
41.40593,1.99761,296.89,0.37,0.58,2024-11-17,0235,N20,VIIRS,n,2,281.92,0.71,N,2
41.40665,1.99479,297.73,0.37,0.58,2024-11-17,0235,N20,VIIRS,n,2,281.27,0.52,N,2
43.34749,-8.43869,303.24,0.39,0.36,2024-11-17,0235,N20,VIIRS,n,2,283.7,0.76,N,2
42.55106,-6.76758,296.07,0.43,0.38,2024-11-17,0235,N20,VIIRS,n,2,278.63,0.75,N,2
40.57637,0.53846,296.85,0.33,0.55,2024-11-17,0235,N20,VIIRS,n,2,279.33,0.45,N,2
40.57907,0.54121,300.62,0.57,0.43,2024-11-18,0216,N20,VIIRS,n,2,283.87,0.71,N,2
41.40748,1.99993,296.25,0.43,0.46,2024-11-18,0216,N20,VIIRS,n,2,280.76,0.91,N,2
41.31444,1.66317,314.19,0.41,0.45,2024-11-18,0216,N20,VIIRS,n,2,283.37,1.47,N,2
42.55339,-6.77085,296.81,0.39,0.37,2024-11-18,0216,N20,VIIRS,n,2,279.57,0.75,N,2
41.47533,-1.4904,297.95,0.46,0.39,2024-11-18,0216,N20,VIIRS,n,2,278.89,0.49,N,2
37.36046,-5.86779,296.08,0.39,0.36,2024-11-18,0217,N20,VIIRS,n,2,285.36,0.82,N,2
37.84296,-1.40013,331.95,0.62,0.71,2024-11-18,1158,N20,VIIRS,n,2,289.61,11.12,D,0
37.84358,-1.39935,353.25,0.62,0.71,2024-11-18,1158,N20,VIIRS,n,2,291.43,9.15,D,0
37.84559,-1.39283,332.13,0.62,0.71,2024-11-18,1158,N20,VIIRS,n,2,289.4,9.15,D,0
37.84493,-1.3936,353.8,0.62,0.71,2024-11-18,1158,N20,VIIRS,n,2,289.71,13.42,D,0
41.47934,-1.36587,327.35,0.48,0.65,2024-11-18,1159,N20,VIIRS,n,2,284.12,2.43,D,0
41.47528,-1.36306,326.79,0.48,0.65,2024-11-18,1159,N20,VIIRS,n,2,283.59,2.74,D,0
42.18771,-1.84514,330.39,0.49,0.65,2024-11-18,1159,N20,VIIRS,n,2,282.47,3.87,D,0
38.21448,-6.71125,325.82,0.47,0.4,2024-11-18,1339,N20,VIIRS,n,2,291.18,2.06,D,0
41.47436,-1.48631,296.77,0.39,0.36,2024-11-19,0157,N20,VIIRS,n,2,279.73,0.94,N,2
41.31234,1.66166,319.58,0.41,0.37,2024-11-19,0157,N20,VIIRS,n,2,284.53,2.47,N,2
43.2249,-2.88022,313.83,0.41,0.37,2024-11-19,0157,N20,VIIRS,n,2,282.01,1.52,N,2
40.57618,0.53903,309.64,0.4,0.37,2024-11-19,0157,N20,VIIRS,n,2,284.87,0.69,N,2
41.647,-0.7681,297.29,0.38,0.36,2024-11-19,0157,N20,VIIRS,n,2,280,0.41,N,0
40.24527,-3.47531,295.54,0.41,0.37,2024-11-19,0158,N20,VIIRS,n,2,282.19,1.08,N,2
39.95165,-0.00455,298.01,0.39,0.36,2024-11-19,0158,N20,VIIRS,n,2,287.2,1.06,N,2
38.378,-0.54278,302.01,0.39,0.36,2024-11-19,0158,N20,VIIRS,n,2,285.83,0.84,N,2
41.13053,-0.19713,332.44,0.74,0.76,2024-11-19,1140,N20,VIIRS,n,2,282.98,5.98,D,0
41.13058,-0.20228,332.7,0.4,0.44,2024-11-19,1320,N20,VIIRS,n,2,289.33,3.36,D,0
38.33037,-1.29378,341.1,0.5,0.41,2024-11-19,1320,N20,VIIRS,n,2,293.59,6.19,D,0
38.3341,-1.29447,343.19,0.5,0.41,2024-11-19,1320,N20,VIIRS,n,2,293.1,6.19,D,0
38.81406,-2.61004,330.47,0.45,0.39,2024-11-19,1320,N20,VIIRS,n,2,290.85,3.98,D,0
41.13013,-0.20712,331.43,0.4,0.44,2024-11-19,1320,N20,VIIRS,n,2,290.02,3.42,D,0
41.2027,-0.18382,330.38,0.4,0.44,2024-11-19,1320,N20,VIIRS,n,2,289.14,3.06,D,0
43.52587,-5.73153,330.16,0.4,0.37,2024-11-19,1321,N20,VIIRS,n,2,277.02,6.48,D,2
42.40141,-4.25733,330.6,0.43,0.38,2024-11-19,1321,N20,VIIRS,n,2,287.26,6.32,D,0
42.39795,-4.25656,331.95,0.43,0.38,2024-11-19,1321,N20,VIIRS,n,2,288.38,6.32,D,0
41.47499,-1.49054,302.23,0.52,0.41,2024-11-20,0138,N20,VIIRS,n,2,281.69,1.17,N,2
38.37582,-0.54571,300.07,0.44,0.39,2024-11-20,0139,N20,VIIRS,n,2,287.84,0.62,N,2
37.35069,-6.63952,320.11,0.63,0.72,2024-11-20,0320,N20,VIIRS,n,2,282.64,2.28,N,0
36.95317,-2.3212,367,0.39,0.36,2024-11-20,1300,N20,VIIRS,h,2,306.63,7.35,D,0
36.95462,-2.31238,330.17,0.39,0.36,2024-11-20,1300,N20,VIIRS,n,2,295.55,4.43,D,0
36.9539,-2.31678,345.96,0.39,0.36,2024-11-20,1300,N20,VIIRS,n,2,302.01,4.43,D,0
36.95245,-2.32558,330.59,0.39,0.37,2024-11-20,1300,N20,VIIRS,n,2,297.81,7.35,D,0
36.94725,-2.31534,352.7,0.39,0.36,2024-11-20,1300,N20,VIIRS,n,2,303.01,8.81,D,0
36.94841,-2.32921,326.94,0.39,0.37,2024-11-20,1300,N20,VIIRS,n,2,296.63,2.8,D,0
36.94913,-2.32485,331.76,0.39,0.37,2024-11-20,1300,N20,VIIRS,n,2,303.73,7.35,D,0
36.94985,-2.32048,348.02,0.39,0.36,2024-11-20,1300,N20,VIIRS,n,2,305.32,7.35,D,0
36.95058,-2.31606,332.81,0.39,0.36,2024-11-20,1300,N20,VIIRS,n,2,302.53,4.43,D,0
36.95649,-2.32194,330.58,0.39,0.36,2024-11-20,1300,N20,VIIRS,n,2,296.6,2.24,D,0
37.51848,-1.84598,342.31,0.39,0.36,2024-11-20,1300,N20,VIIRS,n,2,299.26,5.73,D,0
37.68909,-1.18891,344.72,0.38,0.36,2024-11-20,1300,N20,VIIRS,n,2,295.98,2.77,D,0
36.94653,-2.31975,349.95,0.39,0.36,2024-11-20,1300,N20,VIIRS,n,2,310.43,16.42,D,0
36.94769,-2.33361,330.99,0.39,0.37,2024-11-20,1300,N20,VIIRS,l,2,301.14,2.8,D,0
39.1106,-5.82089,327.08,0.47,0.4,2024-11-20,1301,N20,VIIRS,n,2,286.81,2.12,D,0
39.98681,-3.84586,327.4,0.4,0.37,2024-11-20,1301,N20,VIIRS,n,2,285.66,2.59,D,0
38.03702,-1.97559,325.23,0.39,0.36,2024-11-20,1301,N20,VIIRS,n,2,289.1,1.49,D,0
36.95166,-2.3264,311.47,0.59,0.53,2024-11-21,0121,N20,VIIRS,n,2,285.47,2.28,N,0
36.96675,-1.90809,303.82,0.56,0.51,2024-11-21,0121,N20,VIIRS,n,2,286.65,1.51,N,2
36.94986,-2.32745,331,0.59,0.53,2024-11-21,0121,N20,VIIRS,n,2,287.18,4.99,N,0
36.94689,-2.32805,319.4,0.59,0.53,2024-11-21,0121,N20,VIIRS,n,2,286.74,2.28,N,0
36.95858,-2.33699,296.39,0.62,0.71,2024-11-21,0301,N20,VIIRS,n,2,283.53,0.71,N,0
37.3608,-5.86667,301.25,0.39,0.6,2024-11-21,0301,N20,VIIRS,n,2,283.8,0.73,N,2
36.95826,-2.32332,342.08,0.39,0.44,2024-11-21,1242,N20,VIIRS,n,2,293.76,4.95,D,0
36.95736,-2.32761,339.95,0.39,0.44,2024-11-21,1242,N20,VIIRS,n,2,293.62,4.95,D,0
36.96287,-2.32568,315.33,0.55,0.68,2024-11-22,0102,N20,VIIRS,n,2,282.15,2.35,N,0
36.96613,-2.32353,328.7,0.55,0.68,2024-11-22,0102,N20,VIIRS,n,2,282.78,3.68,N,0
36.96264,-2.31967,301.09,0.55,0.68,2024-11-22,0102,N20,VIIRS,n,2,281.76,1.7,N,0
43.52546,-5.73458,328.88,0.5,0.41,2024-11-22,0241,N20,VIIRS,n,2,283.44,3.19,N,2
43.34644,-8.43468,297.52,0.42,0.37,2024-11-22,0241,N20,VIIRS,n,2,277.1,0.84,N,2
43.33081,-5.77471,295.32,0.51,0.41,2024-11-22,0241,N20,VIIRS,n,2,280.42,0.86,N,2
43.54177,-5.83257,305.46,0.5,0.41,2024-11-22,0241,N20,VIIRS,n,2,282.33,1.16,N,2
43.41216,-3.83893,307.69,0.41,0.45,2024-11-22,0241,N20,VIIRS,n,2,273.74,0.69,N,0
36.96418,-2.32383,320.91,0.35,0.56,2024-11-22,0242,N20,VIIRS,n,2,281.13,2.7,N,0
36.96699,-1.90737,301.38,0.36,0.58,2024-11-22,0242,N20,VIIRS,n,2,284.37,0.91,N,2
36.96724,-1.90743,301.93,0.36,0.58,2024-11-22,0242,N20,VIIRS,n,2,284.69,0.81,N,2
36.95691,-2.3264,309.16,0.35,0.56,2024-11-22,0242,N20,VIIRS,n,2,281.95,1.15,N,0
36.95793,-2.33044,297.38,0.35,0.56,2024-11-22,0242,N20,VIIRS,n,2,281.57,0.95,N,0
36.96116,-2.32167,319.56,0.35,0.56,2024-11-22,0242,N20,VIIRS,n,2,281.48,1.91,N,0
36.96624,-2.32015,333.22,0.35,0.56,2024-11-22,0242,N20,VIIRS,n,2,282.72,1.91,N,0
36.96317,-2.31993,322.96,0.35,0.56,2024-11-22,0242,N20,VIIRS,n,2,283.67,2.7,N,0
37.9137,-1.4626,325.88,0.58,0.52,2024-11-22,1223,N20,VIIRS,n,2,287.5,3.71,D,0
37.86123,-0.87943,329.14,0.54,0.51,2024-11-22,1223,N20,VIIRS,n,2,291.54,2.4,D,0
37.91332,-1.46211,325.3,0.58,0.52,2024-11-22,1223,N20,VIIRS,n,2,287.2,2.76,D,0
43.5405,-5.82933,326.38,0.34,0.56,2024-11-22,1225,N20,VIIRS,n,2,280.84,2.35,D,2
43.52462,-5.73321,328.87,0.34,0.56,2024-11-22,1225,N20,VIIRS,n,2,281.47,2.78,D,2
41.31292,1.66345,295.84,0.49,0.49,2024-11-23,0222,N20,VIIRS,n,2,279.56,0.94,N,2
43.52763,-5.73552,332,0.39,0.36,2024-11-23,0222,N20,VIIRS,n,2,266.64,1.8,N,2
43.52686,-5.73082,299.47,0.39,0.36,2024-11-23,0222,N20,VIIRS,n,2,264.46,1.8,N,2
43.52436,-5.73652,299.98,0.39,0.36,2024-11-23,0222,N20,VIIRS,n,2,260.57,0.81,N,2
40.72197,-6.2615,295.03,0.39,0.36,2024-11-23,0223,N20,VIIRS,n,2,279.98,0.47,N,0
43.28758,-4.57272,339.2,0.51,0.66,2024-11-23,1206,N20,VIIRS,n,2,279.41,5.43,D,0
37.64719,-5.30237,338.48,0.42,0.45,2024-11-23,1345,N20,VIIRS,n,2,290.82,4.37,D,0
41.47573,-1.48932,299.04,0.39,0.36,2024-11-24,0203,N20,VIIRS,n,2,272.9,0.67,N,2
38.37718,-0.54642,302.51,0.42,0.38,2024-11-24,0204,N20,VIIRS,n,2,284.2,1.14,N,2
40.96819,-4.30085,328.95,0.4,0.37,2024-11-24,0204,N20,VIIRS,n,2,279.16,15.89,N,0
40.97085,-4.29534,305.88,0.4,0.37,2024-11-24,0204,N20,VIIRS,n,2,288.55,12.9,N,0
40.97152,-4.30003,328.7,0.4,0.37,2024-11-24,0204,N20,VIIRS,n,2,278.62,7.73,N,0
37.36093,-5.86472,299.6,0.41,0.37,2024-11-24,0205,N20,VIIRS,n,2,283.31,0.52,N,2
37.33355,-2.13766,296.5,0.4,0.37,2024-11-24,0205,N20,VIIRS,n,2,281.01,0.38,N,0
42.36566,-4.77621,351.76,0.46,0.39,2024-11-24,1327,N20,VIIRS,n,2,280.05,8.64,D,0
42.48465,-2.35787,327.31,0.5,0.41,2024-11-25,0144,N20,VIIRS,n,2,282.33,2.85,N,0
41.3124,1.66083,296.83,0.39,0.36,2024-11-25,0144,N20,VIIRS,n,2,284.6,0.73,N,2
39.66366,-0.24981,296.93,0.4,0.37,2024-11-25,0145,N20,VIIRS,n,2,284.83,0.35,N,2
38.37725,-0.54347,300.09,0.4,0.37,2024-11-25,0145,N20,VIIRS,n,2,285.07,0.98,N,2
40.57528,0.54022,295.81,0.39,0.37,2024-11-25,0145,N20,VIIRS,n,2,285.05,0.4,N,2
40.96981,-4.29954,310.28,0.39,0.44,2024-11-25,0145,N20,VIIRS,n,2,283.41,0.99,N,0
39.59983,-0.30573,327.82,0.43,0.38,2024-11-25,1307,N20,VIIRS,n,2,288.92,2.23,D,0
40.7355,0.50721,326.86,0.46,0.39,2024-11-25,1307,N20,VIIRS,n,2,289.81,2.27,D,0
38.95947,-5.77151,339.42,0.42,0.38,2024-11-25,1307,N20,VIIRS,n,2,290.36,2.43,D,0
43.53902,-5.82897,328.12,0.39,0.36,2024-11-25,1308,N20,VIIRS,n,2,288.03,3.46,D,2
42.39902,-4.25577,325.21,0.38,0.36,2024-11-25,1308,N20,VIIRS,n,2,284.69,2.08,D,0
40.72417,-6.2566,334.13,0.41,0.37,2024-11-25,1308,N20,VIIRS,n,2,286.54,3.15,D,0
40.5772,0.53986,300.65,0.57,0.43,2024-11-26,0126,N20,VIIRS,n,2,284.21,1.27,N,2
40.57524,0.53972,295.1,0.57,0.43,2024-11-26,0126,N20,VIIRS,n,2,283.11,0.88,N,2
36.96717,-1.90614,305.5,0.46,0.47,2024-11-26,0127,N20,VIIRS,n,2,287.84,1.28,N,2
36.9661,-1.90821,305.67,0.46,0.47,2024-11-26,0127,N20,VIIRS,n,2,287.47,0.8,N,2
38.93328,1.45603,330.25,0.38,0.36,2024-11-26,1248,N20,VIIRS,n,2,291.7,2.74,D,0
37.28839,-1.9468,336.85,0.47,0.4,2024-11-26,1248,N20,VIIRS,n,2,286.75,5.12,D,0
41.48151,-1.35484,332.18,0.4,0.37,2024-11-26,1249,N20,VIIRS,n,2,272.32,3.47,D,0
43.5407,-5.82976,341.12,0.53,0.42,2024-11-26,1250,N20,VIIRS,n,2,287.77,14.37,D,2
43.52608,-5.73665,295.15,0.74,0.76,2024-11-27,0106,N20,VIIRS,n,2,274.15,2.21,N,2
43.3254,-3.10909,295.26,0.54,0.68,2024-11-27,0106,N20,VIIRS,n,2,282.27,0.8,N,0
43.543,-5.83957,332.97,0.75,0.77,2024-11-27,0106,N20,VIIRS,n,2,279.56,5.29,N,2
43.53978,-5.83903,330.39,0.75,0.77,2024-11-27,0106,N20,VIIRS,n,2,278.64,5.65,N,2
40.57977,0.5396,296.42,0.33,0.56,2024-11-27,0107,N20,VIIRS,n,2,270.73,0.46,N,2
40.57748,0.53976,298.93,0.33,0.56,2024-11-27,0107,N20,VIIRS,n,2,270.43,0.55,N,2
43.33242,-5.77419,297.73,0.39,0.44,2024-11-27,0247,N20,VIIRS,n,2,278.95,0.32,N,2
43.54214,-5.8336,296.45,0.39,0.44,2024-11-27,0247,N20,VIIRS,n,2,280.91,0.57,N,2
43.52464,-5.73446,308.13,0.39,0.44,2024-11-27,0247,N20,VIIRS,n,2,278.84,1.15,N,2
43.55198,-5.85936,295.01,0.39,0.44,2024-11-27,0247,N20,VIIRS,n,2,280.14,0.83,N,2
43.52853,-5.7329,303.65,0.39,0.44,2024-11-27,0247,N20,VIIRS,n,2,279.06,1.28,N,2
43.52962,-5.73016,299.39,0.39,0.44,2024-11-27,0247,N20,VIIRS,n,2,279.92,0.74,N,2
43.5627,-5.72653,300.23,0.39,0.44,2024-11-27,0247,N20,VIIRS,n,2,281.28,0.53,N,0
39.57032,-0.31139,336.88,0.39,0.44,2024-11-27,1229,N20,VIIRS,n,2,291.29,2.7,D,0
37.28676,-6.90419,330.44,0.48,0.65,2024-11-27,1229,N20,VIIRS,n,2,290.31,2.76,D,0
37.28846,-6.90372,327.21,0.48,0.65,2024-11-27,1229,N20,VIIRS,n,2,290.18,2.87,D,0
37.62703,-5.65769,326.93,0.41,0.6,2024-11-27,1229,N20,VIIRS,n,2,287.66,1.82,D,0
38.09941,-0.87842,337.96,0.45,0.47,2024-11-27,1229,N20,VIIRS,n,2,288.24,4.08,D,0
37.02152,-4.455,340.06,0.37,0.58,2024-11-27,1229,N20,VIIRS,n,2,287.13,4.65,D,0
37.02051,-4.45895,328.81,0.37,0.58,2024-11-27,1229,N20,VIIRS,n,2,288.44,4.45,D,0
39.49068,-0.34969,336.49,0.39,0.44,2024-11-27,1229,N20,VIIRS,n,2,291.85,1.87,D,0
41.26864,-0.12472,329.32,0.53,0.42,2024-11-27,1230,N20,VIIRS,n,2,285.99,3.73,D,0
38.08823,-6.24854,338.77,0.42,0.61,2024-11-27,1410,N20,VIIRS,n,2,288.74,5.29,D,0
38.08799,-6.25326,331.48,0.42,0.61,2024-11-27,1410,N20,VIIRS,n,2,288.95,5.3,D,0
40.57605,0.53821,295.24,0.6,0.7,2024-11-28,0048,N20,VIIRS,n,2,281.58,0.76,N,2
41.19077,1.21126,303.51,0.56,0.69,2024-11-28,0048,N20,VIIRS,n,2,278.21,1.53,N,0
41.19294,1.21545,307.42,0.56,0.69,2024-11-28,0048,N20,VIIRS,n,2,279.29,1.66,N,0
43.34621,-8.43509,304.32,0.38,0.36,2024-11-28,0228,N20,VIIRS,n,2,280.51,1.12,N,2
41.45553,1.97531,301.11,0.6,0.53,2024-11-28,0228,N20,VIIRS,n,2,278.65,1.56,N,2
43.33075,-5.7771,300.66,0.4,0.37,2024-11-28,0228,N20,VIIRS,n,2,280.8,0.51,N,0
43.32473,-3.10609,295.41,0.48,0.4,2024-11-28,0228,N20,VIIRS,n,2,285.18,0.68,N,0
43.54002,-5.83264,325.19,0.4,0.37,2024-11-28,0228,N20,VIIRS,n,2,283.96,2.16,N,2
43.55182,-5.8596,297.5,0.4,0.37,2024-11-28,0228,N20,VIIRS,n,2,282.43,0.51,N,2
43.52592,-5.73376,295.33,0.4,0.37,2024-11-28,0228,N20,VIIRS,n,2,283.73,1.34,N,2
43.54419,-5.83639,301.65,0.4,0.37,2024-11-28,0228,N20,VIIRS,n,2,282.69,0.69,N,2
43.30834,-3.02479,296.72,0.49,0.4,2024-11-28,0228,N20,VIIRS,n,2,281.02,0.93,N,2
42.55153,-6.76791,301.69,0.39,0.36,2024-11-28,0228,N20,VIIRS,n,2,277.49,0.68,N,2
41.18916,1.22885,298.78,0.56,0.52,2024-11-28,0228,N20,VIIRS,n,2,278.17,1.22,N,0
41.47552,-1.49053,297.89,0.41,0.45,2024-11-28,0228,N20,VIIRS,n,2,276.87,0.55,N,2
43.55997,-5.72755,297.25,0.4,0.37,2024-11-28,0228,N20,VIIRS,n,2,281.83,0.29,N,0
43.44481,-3.84595,295.31,0.45,0.39,2024-11-28,0228,N20,VIIRS,n,2,280.32,0.26,N,2
37.35944,-5.86736,301.11,0.47,0.4,2024-11-28,0230,N20,VIIRS,n,2,283.83,0.95,N,2
36.9689,-1.90572,298.28,0.49,0.49,2024-11-28,0230,N20,VIIRS,n,2,285.76,0.87,N,2
38.08603,-6.25294,296.68,0.45,0.39,2024-11-28,0230,N20,VIIRS,n,2,282.07,0.44,N,0
38.09901,-0.87609,333.18,0.4,0.6,2024-11-28,1210,N20,VIIRS,n,2,290.12,4.99,D,0
39.69097,3.00254,332.49,0.46,0.47,2024-11-28,1210,N20,VIIRS,n,2,291.03,3.5,D,0
37.02102,-4.46054,330.01,0.65,0.73,2024-11-28,1210,N20,VIIRS,n,2,287.23,5.52,D,0
38.07866,-0.80033,339.59,0.39,0.59,2024-11-28,1210,N20,VIIRS,n,2,290.73,3.35,D,0
40.92911,-1.44048,331.49,0.36,0.57,2024-11-28,1211,N20,VIIRS,n,2,288.2,2.88,D,0
40.27744,-5.69809,347.64,0.6,0.71,2024-11-28,1211,N20,VIIRS,n,2,288.46,13.13,D,0
39.69511,-0.23897,332.76,0.33,0.55,2024-11-28,1211,N20,VIIRS,n,2,290.06,1.86,D,0
39.49742,-0.36507,348.12,0.34,0.56,2024-11-28,1211,N20,VIIRS,n,2,293.18,3.45,D,0
41.63644,-1.37636,331.58,0.34,0.56,2024-11-28,1211,N20,VIIRS,n,2,285.95,1.63,D,0
42.18757,3.07406,328.17,0.4,0.44,2024-11-28,1211,N20,VIIRS,n,2,288.93,2.31,D,0
43.38465,-6.39385,353.89,0.52,0.67,2024-11-28,1212,N20,VIIRS,n,2,291.3,14.94,D,0
43.38029,-6.38999,329.89,0.52,0.67,2024-11-28,1212,N20,VIIRS,n,2,289.63,3.29,D,0
43.3861,-6.39286,367,0.52,0.67,2024-11-28,1212,N20,VIIRS,h,2,290.1,15.82,D,0
43.38618,-6.38891,355.3,0.52,0.67,2024-11-28,1212,N20,VIIRS,n,2,289.19,14.95,D,0
43.1112,-2.44516,330.09,0.35,0.56,2024-11-28,1212,N20,VIIRS,n,2,288.35,2.4,D,0
37.21572,-7.28529,330.35,0.4,0.44,2024-11-28,1351,N20,VIIRS,n,2,290.43,2.65,D,0
38.30484,-5.8953,350.73,0.48,0.48,2024-11-28,1351,N20,VIIRS,n,2,294.19,12.7,D,0
39.13216,-5.41262,334.39,0.52,0.5,2024-11-28,1351,N20,VIIRS,n,2,289.42,4.38,D,0
38.93705,-5.9059,351.99,0.49,0.48,2024-11-28,1351,N20,VIIRS,n,2,294.87,17.67,D,0
38.93906,-5.9037,340.17,0.49,0.48,2024-11-28,1351,N20,VIIRS,n,2,296.53,18.97,D,0
38.30362,-5.89762,349.84,0.48,0.48,2024-11-28,1351,N20,VIIRS,n,2,293.41,13.84,D,0
38.30405,-5.89221,327.45,0.48,0.48,2024-11-28,1351,N20,VIIRS,n,2,289.82,3.98,D,0
43.52584,-5.73415,325.15,0.55,0.51,2024-11-28,1352,N20,VIIRS,n,2,291.52,4.89,D,2
43.52213,-5.73381,335.01,0.55,0.51,2024-11-28,1352,N20,VIIRS,n,2,293.43,7.17,D,2
43.03531,-2.22244,304.68,0.39,0.36,2024-11-29,0209,N20,VIIRS,n,2,279.06,0.73,N,2
43.32639,-3.10256,297.7,0.38,0.36,2024-11-29,0209,N20,VIIRS,n,2,286.71,0.58,N,0
43.04186,-2.22042,295.29,0.39,0.36,2024-11-29,0209,N20,VIIRS,n,2,278.8,0.48,N,2
43.53957,-5.83425,296.65,0.41,0.37,2024-11-29,0209,N20,VIIRS,n,2,277.62,1.18,N,2
43.3317,-5.77356,296.72,0.41,0.37,2024-11-29,0209,N20,VIIRS,n,2,281.13,0.27,N,2
41.40844,2.00013,297.12,0.54,0.42,2024-11-29,0209,N20,VIIRS,n,2,278.47,0.78,N,2
42.29213,-5.88269,300.79,0.41,0.37,2024-11-29,0209,N20,VIIRS,n,2,275.36,0.56,N,0
41.4744,-1.48749,300.82,0.41,0.37,2024-11-29,0209,N20,VIIRS,n,2,278.39,0.88,N,2
36.75104,-3.00176,304.38,0.41,0.37,2024-11-29,0211,N20,VIIRS,n,2,284.38,1.58,N,0
36.96577,-1.90437,310.54,0.45,0.39,2024-11-29,0211,N20,VIIRS,n,2,286.19,1.33,N,2
36.74767,-3.00269,326.99,0.41,0.37,2024-11-29,0211,N20,VIIRS,n,2,284.21,1.58,N,0
42.59718,-0.17546,342.81,0.47,0.64,2024-11-29,1153,N20,VIIRS,n,2,286.26,10.52,D,0
42.59605,-0.17922,354.08,0.47,0.64,2024-11-29,1153,N20,VIIRS,n,2,290.9,10.52,D,0
38.9368,-5.88792,330.14,0.44,0.39,2024-11-29,1332,N20,VIIRS,n,2,292.33,5.73,D,0
38.66516,-4.04468,330.36,0.52,0.42,2024-11-29,1332,N20,VIIRS,n,2,290.65,5.18,D,2
38.93743,-5.88284,336.15,0.44,0.39,2024-11-29,1332,N20,VIIRS,n,2,294.48,10.81,D,0
37.81864,-1.03372,338.51,0.48,0.48,2024-11-29,1332,N20,VIIRS,n,2,293.74,2.91,D,0
38.2073,-5.96459,342.56,0.43,0.38,2024-11-29,1332,N20,VIIRS,n,2,291.44,9.38,D,0
41.26608,1.25009,330.57,0.34,0.56,2024-11-29,1333,N20,VIIRS,n,2,290.76,3.68,D,0
43.25906,-5.63434,328.74,0.5,0.41,2024-11-29,1333,N20,VIIRS,n,2,291.25,4.45,D,0
43.32517,-3.10414,297.04,0.47,0.4,2024-11-30,0150,N20,VIIRS,n,2,286.5,0.63,N,0
43.07804,-6.20643,353.58,0.43,0.46,2024-11-30,0150,N20,VIIRS,n,2,281.79,8.57,N,0
43.5396,-5.83469,336.97,0.41,0.45,2024-11-30,0150,N20,VIIRS,n,2,283.17,3.11,N,2
43.30855,-3.02452,295.4,0.47,0.4,2024-11-30,0150,N20,VIIRS,n,2,284.26,0.47,N,2
39.66433,-0.24616,296.97,0.39,0.36,2024-11-30,0151,N20,VIIRS,n,2,285.05,0.26,N,2
41.45462,1.97953,301.52,0.39,0.36,2024-11-30,0151,N20,VIIRS,n,2,283.16,0.78,N,2
40.57627,0.53918,308.06,0.38,0.36,2024-11-30,0151,N20,VIIRS,n,2,285.09,1.22,N,2
41.47532,-1.48918,302.64,0.41,0.37,2024-11-30,0151,N20,VIIRS,n,2,279.8,0.78,N,2
41.40662,1.99904,307.46,0.39,0.36,2024-11-30,0151,N20,VIIRS,n,2,281.75,0.72,N,2
37.99598,-1.10793,340.15,0.39,0.36,2024-11-30,0152,N20,VIIRS,n,2,288.21,8.23,N,0
36.9675,-1.90582,314.39,0.39,0.36,2024-11-30,0152,N20,VIIRS,n,2,288.83,1.52,N,2
38.03291,-3.46529,295.06,0.43,0.38,2024-11-30,0152,N20,VIIRS,n,2,281.91,0.51,N,0
37.99269,-1.10872,328.94,0.39,0.36,2024-11-30,0152,N20,VIIRS,n,2,284.36,3.07,N,0
37.38132,-4.74173,339.87,0.39,0.36,2024-11-30,1313,N20,VIIRS,n,2,291.15,2.09,D,0
38.30384,-5.65316,330.05,0.39,0.36,2024-11-30,1313,N20,VIIRS,n,2,294.06,2.05,D,0
38.9391,-5.88827,328.93,0.39,0.36,2024-11-30,1313,N20,VIIRS,n,2,294.17,1.56,D,0
38.96874,-5.93812,329.84,0.39,0.36,2024-11-30,1313,N20,VIIRS,n,2,290.8,2.52,D,0
39.00452,-5.88729,327.56,0.39,0.36,2024-11-30,1313,N20,VIIRS,n,2,290.61,2.21,D,0
39.04293,-5.90079,326.04,0.39,0.36,2024-11-30,1313,N20,VIIRS,n,2,290.6,2.98,D,0
39.38345,-3.79438,330.57,0.39,0.36,2024-11-30,1313,N20,VIIRS,n,2,291.2,2.85,D,0
37.03126,-3.91642,331.59,0.38,0.36,2024-11-30,1313,N20,VIIRS,n,2,292.97,2.18,D,0
37.18047,-3.71882,329.39,0.38,0.36,2024-11-30,1313,N20,VIIRS,n,2,293.83,1.96,D,0
38.47779,-1.15668,337.55,0.44,0.38,2024-11-30,1313,N20,VIIRS,n,2,297.42,3.01,D,0
39.83894,-5.16909,329.72,0.38,0.36,2024-11-30,1314,N20,VIIRS,n,2,288.77,2.75,D,0
40.57202,-3.23522,331.72,0.4,0.37,2024-11-30,1314,N20,VIIRS,n,2,290.08,2.56,D,0
43.52218,-5.73609,329.76,0.38,0.36,2024-11-30,1315,N20,VIIRS,n,2,280.4,5.28,D,2
41.475,-1.487,302.57,0.41,0.45,2024-12-01,0132,N20,VIIRS,n,2,280.3,0.73,N,2
38.13316,-1.83403,337.77,0.41,0.37,2024-12-01,1254,N20,VIIRS,n,2,291.54,2,D,0
37.12037,-2.3006,345.75,0.43,0.38,2024-12-01,1254,N20,VIIRS,n,2,292.13,5.05,D,0
39.10569,-1.97876,342.88,0.4,0.37,2024-12-01,1254,N20,VIIRS,n,2,292.64,3.05,D,0
37.10041,-2.21107,336.19,0.43,0.38,2024-12-01,1254,N20,VIIRS,n,2,291.43,4.83,D,0
39.91813,-4.18616,328.61,0.46,0.39,2024-12-01,1255,N20,VIIRS,n,2,284.07,3.65,D,0
43.53978,-5.83339,327.82,0.46,0.39,2024-12-01,1256,N20,VIIRS,n,2,290.55,3.57,D,2
43.52521,-5.73326,331.34,0.46,0.39,2024-12-01,1256,N20,VIIRS,n,2,289.75,5.3,D,2
43.54086,-5.82775,325.34,0.46,0.39,2024-12-01,1256,N20,VIIRS,n,2,287.57,3.54,D,2
43.55928,-5.72916,296.03,0.61,0.71,2024-12-02,0112,N20,VIIRS,n,2,280.27,1.38,N,0
40.57749,0.53843,297.68,0.55,0.51,2024-12-02,0113,N20,VIIRS,n,2,279.11,1.02,N,2
40.57864,0.53826,296.98,0.55,0.51,2024-12-02,0113,N20,VIIRS,n,2,278.63,1.22,N,2
37.36133,-5.86542,302.5,0.32,0.55,2024-12-02,0255,N20,VIIRS,n,2,284.25,0.59,N,2
37.36201,-5.86545,301.53,0.32,0.55,2024-12-02,0255,N20,VIIRS,n,2,283.6,0.5,N,2
38.85089,-1.40659,340.55,0.38,0.44,2024-12-02,1235,N20,VIIRS,n,2,292.17,3.85,D,0
37.60075,-2.10205,327.91,0.44,0.46,2024-12-02,1235,N20,VIIRS,n,2,292.95,3.37,D,0
38.4802,-1.15842,344.37,0.57,0.43,2024-12-02,1235,N20,VIIRS,n,2,296.55,13.65,D,0
38.64912,-1.93353,333.18,0.41,0.45,2024-12-02,1235,N20,VIIRS,n,2,288.41,2.43,D,0
39.46937,-3.22082,332.79,0.46,0.47,2024-12-02,1236,N20,VIIRS,n,2,287.6,2.19,D,0
41.13602,0.03639,347.07,0.46,0.39,2024-12-02,1236,N20,VIIRS,n,2,283.17,6.17,D,0
43.52633,-5.73215,303.73,0.44,0.39,2024-12-03,0234,N20,VIIRS,n,2,283.67,1.7,N,2
41.45849,1.97895,304.14,0.36,0.57,2024-12-03,0234,N20,VIIRS,n,2,279.98,0.51,N,2
41.40852,1.99624,299.39,0.36,0.57,2024-12-03,0234,N20,VIIRS,n,2,279.94,0.64,N,2
41.40792,1.99673,300.29,0.36,0.58,2024-12-03,0234,N20,VIIRS,n,2,280.28,0.67,N,2
39.04703,-5.42232,295.02,0.54,0.42,2024-12-03,0235,N20,VIIRS,n,2,281.51,0.6,N,0
36.52778,-6.06405,302.43,0.56,0.43,2024-12-03,0236,N20,VIIRS,n,2,284.83,1.25,N,0
36.52774,-6.06485,298.63,0.56,0.43,2024-12-03,0236,N20,VIIRS,n,2,284.61,1.76,N,0
37.52948,-1.4706,325.71,0.36,0.58,2024-12-03,1216,N20,VIIRS,n,2,291.93,1.71,D,0
38.25169,-1.66736,367,0.36,0.57,2024-12-03,1216,N20,VIIRS,h,2,295.49,5.85,D,0
38.25267,-1.66357,344.08,0.36,0.57,2024-12-03,1216,N20,VIIRS,n,2,291.79,5.85,D,0
38.71555,-1.67179,337.09,0.35,0.57,2024-12-03,1217,N20,VIIRS,n,2,292.67,2.91,D,0
28.06207,-16.58902,346.3,0.49,0.4,2024-12-03,1355,N20,VIIRS,n,2,300.77,4,D,0
38.25292,-1.66457,337.63,0.5,0.66,2024-12-03,1357,N20,VIIRS,n,2,292.2,4.28,D,0
38.25221,-1.66215,335.84,0.5,0.66,2024-12-03,1357,N20,VIIRS,n,2,291.96,7.66,D,0
43.44217,-3.84634,311.9,0.39,0.36,2024-12-04,0215,N20,VIIRS,n,2,279.07,0.86,N,0
40.27545,-4.9812,299.1,0.39,0.36,2024-12-04,0216,N20,VIIRS,n,2,280.51,0.48,N,0
42.55393,-6.76889,301.48,0.4,0.37,2024-12-04,0216,N20,VIIRS,n,2,282.22,0.87,N,2
36.96642,-1.90657,300.85,0.51,0.41,2024-12-04,0217,N20,VIIRS,n,2,283.48,1.48,N,2
36.52776,-6.06555,303.82,0.39,0.36,2024-12-04,0217,N20,VIIRS,n,2,280.84,0.74,N,0
37.35983,-5.86667,297.95,0.39,0.36,2024-12-04,0217,N20,VIIRS,n,2,281.86,0.74,N,2
41.53481,0.44274,326.64,0.4,0.6,2024-12-04,1158,N20,VIIRS,n,2,285.79,2.98,D,0
38.38223,-5.9497,333.3,0.5,0.41,2024-12-04,1338,N20,VIIRS,n,2,291.52,3.36,D,0
38.48206,-1.16404,327.39,0.58,0.52,2024-12-04,1338,N20,VIIRS,n,2,284.87,4.14,D,0
41.06166,0.6537,325.17,0.39,0.59,2024-12-04,1339,N20,VIIRS,n,2,286.94,3.12,D,0
42.21904,-2.00261,313.33,0.39,0.37,2024-12-05,0157,N20,VIIRS,n,2,266.81,1.55,N,0
36.96669,-1.90561,301.61,0.38,0.36,2024-12-05,0158,N20,VIIRS,n,2,270.96,0.99,N,2
38.37807,-0.54462,299.59,0.39,0.36,2024-12-05,0158,N20,VIIRS,n,2,279.49,0.73,N,2
38.25485,-1.6645,348.2,0.48,0.4,2024-12-05,1319,N20,VIIRS,n,2,293.6,14.06,D,0
37.62111,-5.40843,332.37,0.38,0.36,2024-12-05,1319,N20,VIIRS,n,2,291.43,2.26,D,0
38.37325,-1.70058,334.09,0.48,0.4,2024-12-05,1319,N20,VIIRS,n,2,290.59,3.5,D,0
37.02595,-6.48008,340.33,0.39,0.36,2024-12-05,1319,N20,VIIRS,n,2,294.46,8.47,D,0
39.28502,-2.901,341.27,0.44,0.38,2024-12-05,1319,N20,VIIRS,n,2,289.46,5.86,D,0
39.28516,-2.89811,329.95,0.44,0.38,2024-12-05,1319,N20,VIIRS,n,2,289.79,5.2,D,0
39.12835,-5.50271,325.91,0.39,0.36,2024-12-05,1319,N20,VIIRS,n,2,286.18,2.04,D,0
41.47609,0.12093,327.96,0.41,0.45,2024-12-05,1320,N20,VIIRS,n,2,287.13,2.59,D,0
40.75262,-6.62561,328.96,0.38,0.36,2024-12-05,1320,N20,VIIRS,n,2,285.72,3.43,D,0
36.93791,-3.20889,329.34,0.41,0.37,2024-12-06,1300,N20,VIIRS,n,2,292.79,2.08,D,0
37.09615,-2.21094,338.17,0.39,0.36,2024-12-06,1300,N20,VIIRS,n,2,292.94,7.31,D,0
37.10346,-2.20825,345.89,0.39,0.36,2024-12-06,1300,N20,VIIRS,n,2,291.95,8.35,D,0
37.12357,-2.29519,356.52,0.39,0.37,2024-12-06,1300,N20,VIIRS,l,2,296.55,4.96,D,0
37.12429,-2.2908,346.02,0.39,0.37,2024-12-06,1300,N20,VIIRS,n,2,295.94,5.5,D,0
37.11954,-2.29873,347.63,0.39,0.37,2024-12-06,1300,N20,VIIRS,n,2,295.85,3.08,D,0
37.12026,-2.29437,342.23,0.39,0.37,2024-12-06,1300,N20,VIIRS,n,2,294.58,3.08,D,0
37.10533,-2.2178,347.37,0.39,0.36,2024-12-06,1300,N20,VIIRS,n,2,293.38,7.6,D,0
39.50665,-0.33174,327.04,0.39,0.36,2024-12-06,1300,N20,VIIRS,n,2,287.73,1.49,D,0
37.28237,-3.78722,355.86,0.43,0.38,2024-12-06,1300,N20,VIIRS,l,2,291.19,4.39,D,0
37.27896,-3.78629,341.14,0.43,0.38,2024-12-06,1300,N20,VIIRS,n,2,290.05,4.39,D,0
37.0975,-3.79366,335.63,0.43,0.38,2024-12-06,1300,N20,VIIRS,n,2,290.41,2.24,D,0
37.12688,-2.29601,350.25,0.39,0.37,2024-12-06,1300,N20,VIIRS,n,2,295.91,4.96,D,0
40.26183,-5.69068,327.7,0.45,0.39,2024-12-06,1301,N20,VIIRS,n,2,291.83,3.01,D,0
40.62684,-0.96125,329.49,0.39,0.36,2024-12-06,1301,N20,VIIRS,n,2,280.1,3.84,D,0
39.4789,-1.96056,326.12,0.38,0.36,2024-12-06,1301,N20,VIIRS,n,2,288.66,1.66,D,0
36.96852,-1.9053,302.57,0.57,0.52,2024-12-07,0120,N20,VIIRS,n,2,286.68,1.23,N,2
38.37732,-0.54819,295.47,0.5,0.49,2024-12-07,0120,N20,VIIRS,n,2,285.11,0.61,N,2
37.35955,-5.86836,296.36,0.39,0.59,2024-12-07,0301,N20,VIIRS,n,2,281.62,0.78,N,2
36.57812,-5.22789,325.91,0.56,0.52,2024-12-07,1241,N20,VIIRS,n,2,284.84,3.42,D,0
41.57794,0.43783,330.13,0.4,0.37,2024-12-07,1242,N20,VIIRS,n,2,288.55,3.47,D,0
38.37835,-0.5467,295.14,0.45,0.63,2024-12-08,0101,N20,VIIRS,n,2,284.13,0.54,N,2
36.96899,-1.90751,295.17,0.52,0.67,2024-12-08,0101,N20,VIIRS,n,2,285.16,0.86,N,2
36.73392,-3.56115,296.35,0.65,0.73,2024-12-08,0101,N20,VIIRS,n,2,283.54,1.41,N,0
36.73374,-3.55383,310.92,0.64,0.72,2024-12-08,0101,N20,VIIRS,n,2,283.92,1.41,N,0
36.727,-3.55421,308.31,0.64,0.72,2024-12-08,0101,N20,VIIRS,n,2,283.99,1.41,N,0
38.37687,-0.5462,300.31,0.39,0.59,2024-12-08,0241,N20,VIIRS,n,2,282.53,0.68,N,2
38.25047,-1.18809,308.56,0.36,0.58,2024-12-08,0241,N20,VIIRS,n,2,279.04,1,N,0
38.24928,-1.18358,302.64,0.36,0.58,2024-12-08,0241,N20,VIIRS,n,2,280.37,1,N,0
36.96875,-1.90729,300.66,0.36,0.57,2024-12-08,0242,N20,VIIRS,n,2,285.44,0.49,N,2
36.73076,-3.55455,317.49,0.59,0.53,2024-12-08,0242,N20,VIIRS,n,2,287.35,2.83,N,0
36.73151,-3.55548,309.74,0.59,0.53,2024-12-08,0242,N20,VIIRS,n,2,286.53,1.17,N,0
36.72995,-3.54904,297.6,0.59,0.53,2024-12-08,0242,N20,VIIRS,n,2,287.27,1.23,N,0
37.35022,-6.63612,324.92,0.4,0.44,2024-12-08,0242,N20,VIIRS,n,2,254.34,2.75,N,0
39.08244,-5.77127,352.85,0.37,0.58,2024-12-08,1403,N20,VIIRS,n,2,288.26,4.6,D,0
36.73307,-3.54442,325.6,0.46,0.64,2024-12-08,1403,N20,VIIRS,n,2,287.94,5.58,D,0
36.72692,-3.5493,333.96,0.46,0.64,2024-12-08,1403,N20,VIIRS,n,2,291.22,9.76,D,0
36.72717,-3.54401,349.48,0.46,0.64,2024-12-08,1403,N20,VIIRS,n,2,289.85,5.58,D,0
39.09222,-5.78926,350.1,0.37,0.58,2024-12-08,1403,N20,VIIRS,n,2,286.92,5.69,D,0
41.65239,1.07942,311.51,0.45,0.47,2024-12-09,0222,N20,VIIRS,n,2,274.39,1.59,N,0
41.4547,1.97916,300.59,0.5,0.49,2024-12-09,0222,N20,VIIRS,n,2,278.76,0.85,N,2
41.65356,1.07433,310.46,0.45,0.47,2024-12-09,0222,N20,VIIRS,n,2,273.73,2.24,N,0
36.24565,-5.41164,310.9,0.44,0.38,2024-12-09,0223,N20,VIIRS,n,2,276.44,1.38,N,0
36.96873,-1.90757,296.23,0.4,0.44,2024-12-09,0223,N20,VIIRS,n,2,280.72,0.41,N,2
36.86374,-2.45604,328.34,0.57,0.43,2024-12-09,0223,N20,VIIRS,n,2,281.54,7.92,N,0
36.8624,-2.44966,297.84,0.57,0.43,2024-12-09,0223,N20,VIIRS,n,2,282.52,7.92,N,0
37.36014,-5.86769,298.22,0.42,0.37,2024-12-09,0223,N20,VIIRS,n,2,279.74,0.64,N,2
37.35972,-5.86507,300.4,0.42,0.37,2024-12-09,0223,N20,VIIRS,n,2,279.73,0.68,N,2
36.18478,-5.39828,297.62,0.44,0.38,2024-12-09,0223,N20,VIIRS,n,2,287.39,1.25,N,0
38.81342,-5.72647,338.7,0.41,0.45,2024-12-09,1344,N20,VIIRS,n,2,286.98,3.23,D,0
38.81023,-5.72823,335.53,0.41,0.45,2024-12-09,1344,N20,VIIRS,n,2,286.68,3.78,D,0
40.24594,-3.47488,298.84,0.39,0.36,2024-12-10,0203,N20,VIIRS,n,2,276.38,0.89,N,2
36.96768,-1.90498,308.38,0.4,0.37,2024-12-10,0204,N20,VIIRS,n,2,283.15,1.49,N,2
38.37638,-0.54487,295.27,0.42,0.38,2024-12-10,0204,N20,VIIRS,n,2,280.41,0.74,N,2
37.35986,-5.86461,297.26,0.41,0.37,2024-12-10,0204,N20,VIIRS,n,2,277.39,0.51,N,2
41.6252,0.04548,329.04,0.59,0.7,2024-12-10,1146,N20,VIIRS,n,2,280.59,4.8,D,0
36.35421,-5.86548,326.7,0.39,0.36,2024-12-10,1325,N20,VIIRS,n,2,291.14,4.65,D,0
38.33992,-5.51704,340.88,0.4,0.37,2024-12-10,1325,N20,VIIRS,n,2,289.94,15.05,D,0
40.06103,-5.77733,336.83,0.41,0.37,2024-12-10,1326,N20,VIIRS,n,2,284.05,4.06,D,0
39.06201,-5.79184,327.59,0.4,0.37,2024-12-10,1326,N20,VIIRS,n,2,285.11,2.37,D,0
39.06263,-5.78721,328.19,0.4,0.37,2024-12-10,1326,N20,VIIRS,n,2,285.54,2.51,D,0
39.05131,-5.79422,334.65,0.4,0.37,2024-12-10,1326,N20,VIIRS,n,2,286.93,4.59,D,0
39.0756,-5.61323,332.61,0.41,0.37,2024-12-10,1326,N20,VIIRS,n,2,286.58,5.21,D,0
39.0716,-5.61715,333.54,0.41,0.37,2024-12-10,1326,N20,VIIRS,n,2,285.54,3.29,D,0
39.07222,-5.6125,328.68,0.41,0.37,2024-12-10,1326,N20,VIIRS,n,2,286.77,3.29,D,0
39.02481,-5.88798,331.17,0.4,0.37,2024-12-10,1326,N20,VIIRS,n,2,286.94,3.1,D,0
39.01686,-5.89567,325.25,0.4,0.37,2024-12-10,1326,N20,VIIRS,n,2,286.58,2.37,D,0
39.11448,-5.81302,327.7,0.4,0.37,2024-12-10,1326,N20,VIIRS,n,2,285.88,1.81,D,0
39.11605,-5.8113,330.95,0.4,0.37,2024-12-10,1326,N20,VIIRS,n,2,286.83,4.71,D,0
39.10986,-5.82152,331.07,0.4,0.37,2024-12-10,1326,N20,VIIRS,n,2,285.63,3.27,D,0
41.62548,0.04631,329.74,0.49,0.49,2024-12-10,1326,N20,VIIRS,n,2,282.58,5.5,D,0
37.66228,-4.92794,307.88,0.39,0.44,2024-12-11,0145,N20,VIIRS,n,2,274.73,1.14,N,0
37.28098,-3.75156,326.76,0.39,0.36,2024-12-11,1306,N20,VIIRS,n,2,289.15,4.89,D,0
37.55808,-4.86261,340.61,0.41,0.37,2024-12-11,1306,N20,VIIRS,n,2,291.96,4.59,D,0
37.64235,-4.57653,345.26,0.4,0.37,2024-12-11,1306,N20,VIIRS,n,2,287.85,4.18,D,0
37.70543,-4.4713,327.77,0.4,0.37,2024-12-11,1306,N20,VIIRS,n,2,287.74,1.1,D,0
38.45729,-1.72516,327.44,0.39,0.36,2024-12-11,1306,N20,VIIRS,n,2,285.22,2.24,D,0
37.2817,-3.74717,334.02,0.39,0.36,2024-12-11,1306,N20,VIIRS,n,2,289.04,3.8,D,0
39.05397,-5.5817,334.05,0.42,0.37,2024-12-11,1307,N20,VIIRS,n,2,286.33,3.73,D,0
39.0141,-5.87006,329.28,0.42,0.38,2024-12-11,1307,N20,VIIRS,n,2,287.85,4.82,D,0
39.01363,-5.86811,336.43,0.42,0.38,2024-12-11,1307,N20,VIIRS,n,2,287.56,4.76,D,0
39.29008,-5.20067,339.59,0.4,0.37,2024-12-11,1307,N20,VIIRS,n,2,285.18,14.21,D,0
39.90967,-5.52861,338.24,0.41,0.37,2024-12-11,1307,N20,VIIRS,n,2,284.84,1.92,D,0
38.59301,-5.66588,334.84,0.42,0.38,2024-12-11,1307,N20,VIIRS,n,2,286.59,3.6,D,0
38.66828,-4.05643,296.4,0.32,0.54,2024-12-12,0126,N20,VIIRS,n,2,274,1.08,N,2
40.24685,-3.4736,312.02,0.61,0.54,2024-12-12,0126,N20,VIIRS,n,2,274.19,2.31,N,2
38.6689,-4.05513,296.89,0.32,0.54,2024-12-12,0126,N20,VIIRS,n,2,274.73,0.93,N,2
43.34516,-8.43607,311.98,0.48,0.48,2024-12-12,0305,N20,VIIRS,n,2,276.42,1.2,N,2
40.24731,-3.47513,320.67,0.51,0.66,2024-12-12,0306,N20,VIIRS,n,2,274.39,3.46,N,2
40.24598,-3.47679,322.57,0.51,0.66,2024-12-12,0306,N20,VIIRS,n,2,274.92,3.38,N,2
38.11293,-1.29226,331.52,0.44,0.38,2024-12-12,1247,N20,VIIRS,n,2,288.11,3.2,D,0
38.11256,-1.28909,329.46,0.44,0.38,2024-12-12,1247,N20,VIIRS,n,2,289.01,3.14,D,0
39.1013,-4.85206,325.83,0.39,0.44,2024-12-12,1248,N20,VIIRS,n,2,276.51,2.02,D,0
38.34766,-1.6895,326.5,0.45,0.39,2024-12-12,1248,N20,VIIRS,n,2,291.35,10.21,D,0
40.03984,-3.82072,328.99,0.51,0.41,2024-12-12,1248,N20,VIIRS,n,2,287.37,3.4,D,0
42.36969,-4.77445,325.91,0.51,0.41,2024-12-12,1249,N20,VIIRS,n,2,282.35,2.86,D,0
42.65135,-2.15993,328.92,0.41,0.37,2024-12-12,1249,N20,VIIRS,n,2,282.64,2.95,D,0
43.53765,-5.82973,328.77,0.53,0.42,2024-12-12,1249,N20,VIIRS,n,2,285.37,6.97,D,2
43.53951,-5.82932,339.53,0.53,0.42,2024-12-12,1249,N20,VIIRS,n,2,286.08,6.44,D,2
43.52303,-5.73369,331.65,0.53,0.42,2024-12-12,1249,N20,VIIRS,n,2,287.22,4.72,D,2
43.52434,-5.72734,332.08,0.53,0.42,2024-12-12,1249,N20,VIIRS,n,2,287.41,5.68,D,2
43.22388,-2.88379,296.15,0.53,0.67,2024-12-13,0106,N20,VIIRS,n,2,275.39,0.77,N,2
43.5287,-5.73904,316.96,0.74,0.76,2024-12-13,0106,N20,VIIRS,n,2,274.66,2.3,N,2
43.52875,-5.73088,295.53,0.74,0.76,2024-12-13,0106,N20,VIIRS,n,2,274.08,2.3,N,2
43.54074,-5.82926,298.21,0.57,0.43,2024-12-13,0246,N20,VIIRS,n,2,275.3,1.6,N,2
43.52507,-5.73933,296.92,0.39,0.44,2024-12-13,0246,N20,VIIRS,n,2,274.95,1.37,N,2
43.52401,-5.73455,326.71,0.39,0.44,2024-12-13,0246,N20,VIIRS,n,2,277.26,1.37,N,2
43.52685,-5.7283,299.55,0.39,0.44,2024-12-13,0246,N20,VIIRS,n,2,278.6,1.66,N,2
43.52789,-5.733,309,0.39,0.44,2024-12-13,0246,N20,VIIRS,n,2,277.55,1.37,N,2
43.55977,-5.72468,296.25,0.39,0.44,2024-12-13,0246,N20,VIIRS,n,2,275.72,0.49,N,0
43.44342,-3.84434,302.18,0.47,0.48,2024-12-13,0246,N20,VIIRS,n,2,277.73,1.27,N,2
39.98478,-0.24987,325.91,0.38,0.44,2024-12-13,1229,N20,VIIRS,n,2,287.36,1.68,D,0
41.29979,0.20953,326.43,0.52,0.41,2024-12-13,1230,N20,VIIRS,n,2,282.42,3.5,D,0
42.58086,-8.50891,351.19,0.42,0.61,2024-12-13,1230,N20,VIIRS,n,2,278.39,5.21,D,0
42.58002,-8.50846,356,0.42,0.61,2024-12-13,1230,N20,VIIRS,n,2,278.5,6.1,D,0
41.57337,-6.20251,327.84,0.44,0.62,2024-12-13,1410,N20,VIIRS,n,2,277.43,2.72,D,0
43.34622,-8.43698,323.67,0.39,0.36,2024-12-14,0228,N20,VIIRS,n,2,275.77,1.84,N,2
40.24667,-3.47795,304.44,0.52,0.42,2024-12-14,0228,N20,VIIRS,n,2,273.96,1.58,N,2
40.24648,-3.4725,313.12,0.53,0.42,2024-12-14,0228,N20,VIIRS,n,2,274.64,3.04,N,2
40.01619,-4.1895,308.54,0.5,0.41,2024-12-14,0228,N20,VIIRS,n,2,266.26,1.77,N,0
38.37882,-0.54348,295.87,0.53,0.5,2024-12-14,0229,N20,VIIRS,n,2,279.62,1.11,N,2
37.35953,-5.86589,298.07,0.47,0.4,2024-12-14,0229,N20,VIIRS,n,2,279.53,0.9,N,2
40.42738,-1.06618,335.96,0.35,0.57,2024-12-14,1211,N20,VIIRS,n,2,278.19,4.1,D,0
41.71592,-5.20346,330.31,0.52,0.67,2024-12-14,1211,N20,VIIRS,n,2,277.97,7.12,D,0
41.57078,-6.20245,330.57,0.5,0.49,2024-12-14,1351,N20,VIIRS,n,2,285.26,2.75,D,0
41.57287,-6.19975,330.44,0.5,0.49,2024-12-14,1352,N20,VIIRS,n,2,283.56,3.59,D,0
41.7191,-5.2068,337.91,0.56,0.52,2024-12-14,1352,N20,VIIRS,n,2,281.13,5,D,0
43.03656,-2.21825,300.6,0.39,0.36,2024-12-15,0209,N20,VIIRS,n,2,277.43,0.92,N,2
43.54175,-5.83246,323.76,0.41,0.37,2024-12-15,0209,N20,VIIRS,n,2,280.11,3.2,N,2
43.34743,-8.43542,313.89,0.5,0.41,2024-12-15,0209,N20,VIIRS,n,2,275.58,1.36,N,2
43.34695,-8.43584,312.38,0.5,0.41,2024-12-15,0209,N20,VIIRS,n,2,275.74,2.19,N,2
41.4552,1.98067,298.27,0.53,0.42,2024-12-15,0209,N20,VIIRS,n,2,277.93,0.72,N,2
41.64182,-0.75389,307.29,0.42,0.38,2024-12-15,0209,N20,VIIRS,n,2,277.15,1.01,N,0
41.03352,-5.43333,315.64,0.39,0.36,2024-12-15,0209,N20,VIIRS,n,2,270.92,0.94,N,0
40.24731,-3.47535,298.55,0.39,0.36,2024-12-15,0210,N20,VIIRS,n,2,273.68,1.62,N,2
40.24404,-3.47626,317.94,0.39,0.36,2024-12-15,0210,N20,VIIRS,n,2,275.16,1.62,N,2
39.11751,-0.55593,325.68,0.46,0.39,2024-12-15,0210,N20,VIIRS,n,2,280.59,3.06,N,0
38.37626,-0.54449,299,0.48,0.4,2024-12-15,0210,N20,VIIRS,n,2,280.67,1.07,N,2
36.96855,-1.90689,306.05,0.44,0.39,2024-12-15,0210,N20,VIIRS,n,2,281.06,0.81,N,2
40.18798,-4.26135,336.09,0.53,0.42,2024-12-15,1332,N20,VIIRS,n,2,284.93,6.17,D,0
43.52414,-5.73554,344.58,0.5,0.41,2024-12-15,1333,N20,VIIRS,n,2,289.64,7.28,D,2
43.54008,-5.83475,336.6,0.42,0.45,2024-12-16,0150,N20,VIIRS,n,2,277.84,6.8,N,2
43.53961,-5.82952,314.28,0.42,0.45,2024-12-16,0150,N20,VIIRS,n,2,277.68,5.35,N,2
43.52662,-5.73298,351.9,0.41,0.45,2024-12-16,0150,N20,VIIRS,n,2,282.13,10.19,N,2
43.52707,-5.73798,310.09,0.41,0.45,2024-12-16,0150,N20,VIIRS,n,2,278.06,10.19,N,2
43.52616,-5.72793,310.76,0.41,0.45,2024-12-16,0150,N20,VIIRS,n,2,280.26,2.56,N,2
41.45548,1.98058,311.83,0.39,0.36,2024-12-16,0150,N20,VIIRS,n,2,278.74,1.38,N,2
40.24481,-3.4767,322.67,0.46,0.39,2024-12-16,0151,N20,VIIRS,n,2,278.39,2.97,N,2
39.11944,-0.55828,313.6,0.39,0.36,2024-12-16,0151,N20,VIIRS,n,2,279.47,1.39,N,0
38.37833,-0.54616,302.76,0.38,0.36,2024-12-16,0151,N20,VIIRS,n,2,279.67,0.65,N,2
36.96597,-1.90777,311.21,0.39,0.36,2024-12-16,0152,N20,VIIRS,n,2,281.31,0.94,N,2
43.52994,-5.73822,316.15,0.63,0.72,2024-12-16,0330,N20,VIIRS,n,2,277.59,2.17,N,0
43.52716,-5.73002,299.42,0.64,0.72,2024-12-16,0330,N20,VIIRS,n,2,278.87,2.17,N,2
43.52921,-5.73214,323.15,0.64,0.72,2024-12-16,0330,N20,VIIRS,n,2,279.3,4.1,N,2
37.26562,-6.41102,328.95,0.41,0.37,2024-12-16,1313,N20,VIIRS,n,2,289.58,4.02,D,0
37.28317,-3.75497,337.44,0.38,0.36,2024-12-16,1313,N20,VIIRS,n,2,289.35,2.84,D,0
37.91084,-1.46684,325.63,0.42,0.38,2024-12-16,1313,N20,VIIRS,n,2,289.22,1.57,D,0
38.28114,-1.68872,340.91,0.42,0.38,2024-12-16,1313,N20,VIIRS,n,2,289.17,5,D,0
38.28458,-1.6894,341.8,0.42,0.38,2024-12-16,1313,N20,VIIRS,n,2,288.47,4.51,D,0
38.32963,-1.68707,342.57,0.42,0.38,2024-12-16,1313,N20,VIIRS,n,2,290.61,7.02,D,0
39.06536,-5.79728,328.73,0.39,0.36,2024-12-16,1313,N20,VIIRS,n,2,283.92,3.55,D,0
39.06464,-5.80172,325.99,0.39,0.36,2024-12-16,1313,N20,VIIRS,n,2,284.27,3.05,D,0
39.06865,-5.79817,329.54,0.39,0.36,2024-12-16,1313,N20,VIIRS,n,2,283.85,3.55,D,0
39.06793,-5.80261,328.26,0.39,0.36,2024-12-16,1313,N20,VIIRS,n,2,283.48,3.05,D,0
39.11099,-5.79095,330.11,0.39,0.36,2024-12-16,1313,N20,VIIRS,n,2,283.13,2.65,D,0
39.1526,-5.57526,330.08,0.39,0.36,2024-12-16,1313,N20,VIIRS,n,2,284.28,2.31,D,0
39.69162,-3.22155,329.3,0.4,0.37,2024-12-16,1313,N20,VIIRS,n,2,288.39,2.31,D,0
39.2439,-6.43885,332.53,0.4,0.37,2024-12-16,1313,N20,VIIRS,n,2,287.09,4.58,D,0
40.24416,-3.47472,332.83,0.4,0.37,2024-12-16,1313,N20,VIIRS,n,2,289.47,3.45,D,2
41.66301,0.28542,333.37,0.54,0.42,2024-12-16,1314,N20,VIIRS,n,2,286.22,8.04,D,0
41.84783,-1.28999,327.2,0.47,0.39,2024-12-16,1314,N20,VIIRS,n,2,285.19,2.5,D,0
42.14564,-5.80556,339.27,0.38,0.36,2024-12-16,1314,N20,VIIRS,n,2,283.13,4.11,D,0
42.36581,-4.62119,326.93,0.39,0.36,2024-12-16,1314,N20,VIIRS,n,2,283.04,2.51,D,0
41.66574,0.28578,331.3,0.54,0.42,2024-12-16,1314,N20,VIIRS,n,2,285.63,7.81,D,0
42.46376,-4.69789,333.94,0.39,0.36,2024-12-16,1314,N20,VIIRS,n,2,283.44,3.56,D,0
43.5253,-5.73261,351.5,0.38,0.36,2024-12-16,1314,N20,VIIRS,n,2,295.65,14.59,D,2
43.53812,-5.82936,330.01,0.38,0.36,2024-12-16,1314,N20,VIIRS,n,2,287.12,2.88,D,2
28.15871,-16.78774,345.81,0.36,0.57,2024-12-16,1451,N20,VIIRS,n,2,298.28,9.85,D,0
28.15845,-16.79094,353.88,0.36,0.57,2024-12-16,1451,N20,VIIRS,n,2,303.46,11.65,D,0
28.15785,-16.78848,367,0.36,0.57,2024-12-16,1451,N20,VIIRS,h,2,298.84,10.66,D,0
28.1576,-16.79168,353.32,0.36,0.57,2024-12-16,1451,N20,VIIRS,n,2,301.97,10.93,D,0
40.24504,-3.47831,312.57,0.5,0.49,2024-12-17,0132,N20,VIIRS,n,2,270.96,2.77,N,2
36.96557,-1.90674,303.66,0.38,0.43,2024-12-17,0133,N20,VIIRS,n,2,283.45,0.9,N,2
37.1227,-2.29618,336.47,0.43,0.38,2024-12-17,1254,N20,VIIRS,n,2,291.33,6.69,D,0
37.12614,-2.29705,341.21,0.43,0.38,2024-12-17,1254,N20,VIIRS,n,2,290.94,3.07,D,0
37.91035,-1.46778,325.19,0.4,0.37,2024-12-17,1254,N20,VIIRS,n,2,287.32,2.07,D,0
38.40985,-0.70111,328.89,0.39,0.36,2024-12-17,1254,N20,VIIRS,n,2,285.04,3.28,D,0
39.20763,-1.75748,337.44,0.4,0.37,2024-12-17,1254,N20,VIIRS,n,2,286.52,8.76,D,0
38.86519,-4.81831,325.82,0.5,0.41,2024-12-17,1254,N20,VIIRS,n,2,285.19,3,D,0
39.46626,-1.49878,335.98,0.39,0.36,2024-12-17,1254,N20,VIIRS,n,2,285.85,5.21,D,0
39.46881,-1.50421,330.5,0.39,0.37,2024-12-17,1254,N20,VIIRS,n,2,284.74,3.66,D,0
39.23119,-3.70249,326.6,0.45,0.39,2024-12-17,1254,N20,VIIRS,n,2,286.4,3.14,D,0
41.66713,2.3568,325.37,0.43,0.38,2024-12-17,1255,N20,VIIRS,n,2,283.34,2.16,D,0
43.03665,-2.22154,295.52,0.41,0.6,2024-12-18,0112,N20,VIIRS,n,2,278.87,0.34,N,2
40.24867,-3.47747,299.5,0.45,0.63,2024-12-18,0113,N20,VIIRS,n,2,262.29,0.49,N,2
38.6669,-4.05491,346.44,0.47,0.64,2024-12-18,0114,N20,VIIRS,n,2,274.83,6.92,N,2
38.66712,-4.06053,301.3,0.47,0.64,2024-12-18,0114,N20,VIIRS,n,2,274,2.94,N,0
36.96986,-1.90695,304.1,0.35,0.56,2024-12-18,0114,N20,VIIRS,n,2,282.51,0.88,N,2
43.03543,-2.22251,299.03,0.35,0.56,2024-12-18,0253,N20,VIIRS,n,2,280.37,0.38,N,2
43.52924,-5.72765,306.14,0.46,0.47,2024-12-18,0253,N20,VIIRS,n,2,282.63,2.46,N,2
43.53146,-5.72806,296.31,0.46,0.47,2024-12-18,0253,N20,VIIRS,n,2,281.7,0.66,N,2
43.5273,-5.72983,301.11,0.46,0.47,2024-12-18,0253,N20,VIIRS,n,2,284.17,1.52,N,2
43.54553,-5.84689,295.02,0.45,0.47,2024-12-18,0253,N20,VIIRS,n,2,282.27,0.68,N,2
43.54181,-5.83098,307.88,0.45,0.47,2024-12-18,0253,N20,VIIRS,n,2,282.85,0.96,N,2
41.81775,-1.50729,297.47,0.41,0.6,2024-12-18,0253,N20,VIIRS,n,2,274.04,0.7,N,0
40.24768,-3.47545,321.32,0.36,0.57,2024-12-18,0254,N20,VIIRS,n,2,277.46,2,N,2
40.24667,-3.47427,324.12,0.36,0.57,2024-12-18,0254,N20,VIIRS,n,2,279.2,2.55,N,2
38.66496,-4.04993,318.66,0.37,0.58,2024-12-18,0254,N20,VIIRS,n,2,275.48,3.53,N,2
38.66389,-4.0459,313.81,0.37,0.58,2024-12-18,0254,N20,VIIRS,n,2,274.85,2.09,N,2
37.91251,-1.4673,327.27,0.4,0.45,2024-12-18,1235,N20,VIIRS,n,2,291.91,2.03,D,0
38.07114,-1.32321,331.73,0.4,0.44,2024-12-18,1235,N20,VIIRS,n,2,289.16,2.13,D,0
38.74226,-1.2962,328.54,0.57,0.43,2024-12-18,1235,N20,VIIRS,n,2,289.19,2.62,D,0
39.24024,-6.4403,345.4,0.34,0.56,2024-12-18,1236,N20,VIIRS,n,2,279.68,3.74,D,0
41.46476,-1.38953,327.94,0.51,0.41,2024-12-18,1236,N20,VIIRS,n,2,282.25,3.2,D,0
41.46491,-1.39062,327.33,0.51,0.41,2024-12-18,1236,N20,VIIRS,n,2,282.27,3.25,D,0
41.10407,1.21048,296.51,0.46,0.64,2024-12-19,0054,N20,VIIRS,n,2,278.84,0.9,N,0
43.53205,-5.7254,296.5,0.44,0.39,2024-12-19,0234,N20,VIIRS,n,2,283.75,0.61,N,2
43.52964,-5.73206,295.41,0.44,0.38,2024-12-19,0234,N20,VIIRS,n,2,283.22,0.66,N,2
43.52617,-5.73324,316.64,0.44,0.38,2024-12-19,0234,N20,VIIRS,n,2,286.68,1.97,N,2
43.52272,-5.73446,328.26,0.44,0.38,2024-12-19,0234,N20,VIIRS,n,2,285.46,1.97,N,2
43.542,-5.83552,301.96,0.44,0.38,2024-12-19,0234,N20,VIIRS,n,2,284.06,0.76,N,2
43.54099,-5.83026,302.47,0.44,0.38,2024-12-19,0234,N20,VIIRS,n,2,284.32,0.76,N,2
43.52375,-5.73982,297.2,0.44,0.38,2024-12-19,0234,N20,VIIRS,n,2,283,1.97,N,2
43.33102,-5.77406,296.94,0.44,0.39,2024-12-19,0234,N20,VIIRS,n,2,282.57,0.71,N,2
38.66679,-4.04675,323.95,0.42,0.45,2024-12-19,0235,N20,VIIRS,n,2,264.02,4.68,N,2
38.66512,-4.04952,332.52,0.42,0.45,2024-12-19,0235,N20,VIIRS,n,2,264.5,3.31,N,2
41.44873,-1.25363,325.9,0.56,0.52,2024-12-19,1217,N20,VIIRS,n,2,285.32,3.48,D,0
43.52316,-5.73266,341.2,0.33,0.55,2024-12-19,1358,N20,VIIRS,n,2,280.62,3.45,D,2
43.54027,-5.83076,325.25,0.39,0.36,2024-12-20,0215,N20,VIIRS,n,2,280.59,2.56,N,2
43.52625,-5.73566,329.57,0.39,0.36,2024-12-20,0215,N20,VIIRS,n,2,282.59,2.24,N,2
43.52554,-5.73093,303.78,0.39,0.36,2024-12-20,0215,N20,VIIRS,n,2,279.31,1.12,N,2
43.52296,-5.7366,297.59,0.39,0.36,2024-12-20,0215,N20,VIIRS,n,2,278.62,2.24,N,2
41.45803,1.97738,299.5,0.42,0.45,2024-12-20,0215,N20,VIIRS,n,2,278.21,0.58,N,2
40.24677,-3.47738,301.15,0.41,0.37,2024-12-20,0216,N20,VIIRS,n,2,275.68,1.87,N,2
40.24592,-3.47266,319.53,0.41,0.37,2024-12-20,0216,N20,VIIRS,n,2,277.36,1.84,N,2
38.3769,-0.54328,298.78,0.56,0.43,2024-12-20,0216,N20,VIIRS,n,2,283.74,0.95,N,2
37.98177,-1.16344,311.63,0.53,0.42,2024-12-20,0217,N20,VIIRS,n,2,279.39,1.17,N,0
37.35976,-5.86415,303.39,0.39,0.36,2024-12-20,0217,N20,VIIRS,n,2,281.68,1.05,N,2
36.80223,-3.47255,295.06,0.45,0.39,2024-12-20,0217,N20,VIIRS,n,2,283.25,0.39,N,0
37.92771,-2.08706,340.93,0.68,0.74,2024-12-20,1158,N20,VIIRS,n,2,287.23,8.32,D,0
37.93151,-2.08758,349.07,0.68,0.74,2024-12-20,1158,N20,VIIRS,n,2,285.8,7.47,D,0
38.29427,-1.6777,326.95,0.63,0.72,2024-12-20,1158,N20,VIIRS,n,2,286.77,4.06,D,0
41.56511,0.45742,340.77,0.38,0.59,2024-12-20,1339,N20,VIIRS,n,2,285.91,3.08,D,0
43.5409,-5.8298,319.88,0.53,0.42,2024-12-21,0156,N20,VIIRS,n,2,280.67,3.3,N,2
43.52684,-5.73322,313.28,0.52,0.42,2024-12-21,0156,N20,VIIRS,n,2,281.44,3.19,N,2
41.45529,1.97856,314.16,0.42,0.37,2024-12-21,0157,N20,VIIRS,n,2,277.43,1.52,N,2
40.24459,-3.47571,321.44,0.41,0.37,2024-12-21,0157,N20,VIIRS,n,2,276.95,2.89,N,2
38.37724,-0.54321,303.46,0.39,0.36,2024-12-21,0158,N20,VIIRS,n,2,281.11,1.04,N,2
36.96679,-1.90511,311.89,0.38,0.36,2024-12-21,0158,N20,VIIRS,n,2,284.6,1.56,N,2
37.3643,-5.94127,299.86,0.46,0.39,2024-12-21,0158,N20,VIIRS,n,2,275.9,0.79,N,0
37.36367,-5.93609,300.46,0.46,0.39,2024-12-21,0158,N20,VIIRS,n,2,276.66,0.81,N,0
37.36253,-5.93785,312.16,0.46,0.39,2024-12-21,0158,N20,VIIRS,n,2,276.5,1.81,N,0
37.27174,-7.36544,338.85,0.4,0.37,2024-12-21,1319,N20,VIIRS,n,2,289.7,3.02,D,0
38.52219,-7.0576,349.58,0.39,0.36,2024-12-21,1319,N20,VIIRS,n,2,286.61,7.72,D,0
39.18054,-3.74041,327.84,0.42,0.37,2024-12-21,1319,N20,VIIRS,n,2,286.22,2.63,D,0
39.17974,-3.7433,327.48,0.42,0.37,2024-12-21,1320,N20,VIIRS,n,2,286.38,2.74,D,0
39.7748,-3.07561,328.08,0.44,0.38,2024-12-21,1320,N20,VIIRS,n,2,288.24,2.05,D,0
40.24454,-3.47212,327.08,0.43,0.38,2024-12-21,1320,N20,VIIRS,n,2,286.86,3.73,D,2
41.92414,0.18238,337.67,0.42,0.45,2024-12-21,1320,N20,VIIRS,n,2,284.66,2.81,D,2
43.55276,-5.86181,296.82,0.59,0.53,2024-12-22,0138,N20,VIIRS,n,2,279.77,0.89,N,2
43.54109,-5.83284,310.2,0.59,0.53,2024-12-22,0138,N20,VIIRS,n,2,280.68,2.81,N,2
43.52967,-5.73072,301.51,0.58,0.52,2024-12-22,0138,N20,VIIRS,n,2,281.29,2.4,N,2
41.45464,1.97834,299.31,0.4,0.37,2024-12-22,0138,N20,VIIRS,n,2,277.73,0.85,N,2
41.0589,1.02381,295.37,0.42,0.38,2024-12-22,0138,N20,VIIRS,n,2,281.19,0.37,N,0
40.24503,-3.47581,318.35,0.42,0.45,2024-12-22,0138,N20,VIIRS,n,2,277.56,2.67,N,2
38.01809,-1.09443,300.1,0.46,0.39,2024-12-22,0139,N20,VIIRS,n,2,274.42,0.92,N,0
36.96645,-1.9076,307.01,0.49,0.4,2024-12-22,0139,N20,VIIRS,n,2,280.37,1.12,N,2
40.24836,-3.47928,295.77,0.74,0.76,2024-12-22,0319,N20,VIIRS,n,2,270.72,2.19,N,2
37.09469,-2.208,339.22,0.39,0.36,2024-12-22,1300,N20,VIIRS,n,2,292.74,1.98,D,0
37.10058,-2.21402,344.91,0.39,0.36,2024-12-22,1300,N20,VIIRS,n,2,292.22,6.73,D,0
37.1086,-2.20699,341.03,0.39,0.36,2024-12-22,1300,N20,VIIRS,n,2,292.18,11.11,D,0
37.10718,-2.21568,336.88,0.39,0.36,2024-12-22,1300,N20,VIIRS,n,2,291.59,10.51,D,0
37.1119,-2.20782,335.37,0.39,0.36,2024-12-22,1300,N20,VIIRS,n,2,291.96,1.38,D,0
37.11696,-2.28169,338.67,0.39,0.36,2024-12-22,1300,N20,VIIRS,n,2,291.95,2.64,D,0
37.11954,-2.28692,344.19,0.39,0.36,2024-12-22,1300,N20,VIIRS,n,2,293.06,7.46,D,0
37.11811,-2.29566,339.37,0.39,0.36,2024-12-22,1300,N20,VIIRS,n,2,291.14,6.75,D,0
37.12285,-2.28773,346.71,0.39,0.36,2024-12-22,1300,N20,VIIRS,n,2,295.69,7.46,D,0
37.12141,-2.29649,341.09,0.39,0.36,2024-12-22,1300,N20,VIIRS,n,2,292.24,6.75,D,0
37.1207,-2.30085,336.38,0.39,0.36,2024-12-22,1300,N20,VIIRS,n,2,293.23,2.93,D,0
37.12543,-2.29293,345.56,0.39,0.36,2024-12-22,1300,N20,VIIRS,n,2,293.24,3.26,D,0
37.12472,-2.2973,341.29,0.39,0.36,2024-12-22,1300,N20,VIIRS,n,2,293.13,3.26,D,0
37.27823,-3.78007,340.29,0.42,0.38,2024-12-22,1300,N20,VIIRS,n,2,287.73,3.98,D,0
38.32354,-1.6767,334.41,0.38,0.36,2024-12-22,1300,N20,VIIRS,n,2,291.46,3.36,D,0
40.24546,-3.4742,330.75,0.4,0.37,2024-12-22,1301,N20,VIIRS,n,2,288.11,3.35,D,2
39.24469,-0.38518,343,0.39,0.36,2024-12-22,1301,N20,VIIRS,n,2,289.34,7.48,D,0
39.11195,-3.36786,336.98,0.4,0.37,2024-12-22,1301,N20,VIIRS,n,2,287.13,1.44,D,0
39.3046,-3.36088,336.89,0.4,0.37,2024-12-22,1301,N20,VIIRS,n,2,287.48,1.64,D,0
39.92438,-4.10232,337.31,0.41,0.37,2024-12-22,1301,N20,VIIRS,n,2,285.33,1.96,D,0
42.36231,1.44726,329.74,0.46,0.39,2024-12-22,1301,N20,VIIRS,n,2,283.43,3.89,D,0
40.24412,-3.47594,312.22,0.37,0.58,2024-12-23,0119,N20,VIIRS,n,2,277.13,2.31,N,2
41.64403,0.48347,303.31,0.47,0.48,2024-12-23,0119,N20,VIIRS,n,2,278.46,0.7,N,0
36.96719,-1.90851,301.17,0.56,0.52,2024-12-23,0120,N20,VIIRS,n,2,282.67,0.98,N,2
36.96674,-1.90785,299.3,0.56,0.52,2024-12-23,0120,N20,VIIRS,n,2,283.12,1.36,N,2
37.18227,-6.9016,296.47,0.54,0.68,2024-12-23,0120,N20,VIIRS,n,2,283.31,1.08,N,0
40.24667,-3.47642,322.22,0.37,0.58,2024-12-23,0120,N20,VIIRS,n,2,278.13,2.06,N,2
41.64811,0.48441,295.22,0.61,0.71,2024-12-23,0259,N20,VIIRS,n,2,277.71,0.6,N,0
40.24493,-3.47506,306.07,0.43,0.62,2024-12-23,0300,N20,VIIRS,n,2,274.76,2.4,N,2
37.24419,-3.74639,348.36,0.45,0.47,2024-12-23,1241,N20,VIIRS,n,2,295.98,23.45,D,0
39.25304,-0.38255,341.52,0.44,0.39,2024-12-23,1242,N20,VIIRS,n,2,286.44,6.57,D,0
43.5234,-5.73217,333.86,0.41,0.45,2024-12-23,1243,N20,VIIRS,n,2,284.82,4.03,D,2
42.05527,-1.69629,308.76,0.55,0.51,2024-12-24,0241,N20,VIIRS,n,2,277.98,2.66,N,0
42.05687,-1.70267,317.42,0.55,0.51,2024-12-24,0241,N20,VIIRS,n,2,277.22,3.08,N,0
42.0524,-1.7047,325.8,0.55,0.51,2024-12-24,0241,N20,VIIRS,n,2,277.78,3.08,N,0
42.05081,-1.69835,308.24,0.55,0.51,2024-12-24,0241,N20,VIIRS,n,2,277.35,2.66,N,0
40.2449,-3.47849,305.73,0.5,0.49,2024-12-24,0241,N20,VIIRS,n,2,274.27,3.08,N,2
36.96692,-1.90616,301.75,0.36,0.57,2024-12-24,0242,N20,VIIRS,n,2,281.03,0.92,N,2
39.09601,-0.46074,325.09,0.49,0.48,2024-12-24,1223,N20,VIIRS,n,2,289.04,3.42,D,0
38.20664,-5.88689,326.53,0.49,0.65,2024-12-24,1223,N20,VIIRS,n,2,286.52,2.49,D,0
39.23074,-3.69974,344.87,0.35,0.57,2024-12-24,1223,N20,VIIRS,n,2,286.92,5.07,D,0
38.90356,-6.5715,339.12,0.51,0.66,2024-12-24,1223,N20,VIIRS,n,2,286.98,9.99,D,0
38.90197,-6.57701,352.37,0.51,0.66,2024-12-24,1223,N20,VIIRS,n,2,289.85,11.01,D,0
38.90509,-6.5745,351.29,0.51,0.66,2024-12-24,1223,N20,VIIRS,n,2,287.02,10.89,D,0
43.53702,-5.82711,346.06,0.34,0.56,2024-12-24,1225,N20,VIIRS,n,2,282.98,3.24,D,2
37.53871,-4.87503,326.97,0.4,0.6,2024-12-24,1403,N20,VIIRS,n,2,294.65,2.23,D,0
40.24533,-3.47515,321.46,0.46,0.39,2024-12-25,0222,N20,VIIRS,n,2,280.55,2.55,N,2
43.3465,-8.43886,304,0.4,0.37,2024-12-25,0222,N20,VIIRS,n,2,280.24,0.66,N,2
41.26568,-6.62664,305.6,0.39,0.36,2024-12-25,0222,N20,VIIRS,n,2,274.88,0.89,N,0
40.51332,-4.30046,304.79,0.43,0.38,2024-12-25,0222,N20,VIIRS,n,2,275.81,0.68,N,0
40.15347,-4.50422,325.63,0.43,0.38,2024-12-25,0223,N20,VIIRS,n,2,275.18,1.8,N,0
38.69237,-1.43421,302.23,0.4,0.44,2024-12-25,0223,N20,VIIRS,n,2,275.28,1.12,N,0
39.65289,-7.50182,295.77,0.38,0.36,2024-12-25,0223,N20,VIIRS,n,2,276.14,0.51,N,0
36.6796,-6.40034,321.79,0.41,0.37,2024-12-25,0224,N20,VIIRS,n,2,277.51,2.03,N,0
36.18418,-5.39847,299.92,0.44,0.39,2024-12-25,0224,N20,VIIRS,n,2,289.81,1.34,N,0
38.71337,-6.11657,332.3,0.39,0.44,2024-12-25,1345,N20,VIIRS,n,2,290.07,2.2,D,0
39.09377,-5.88946,325.03,0.41,0.45,2024-12-25,1345,N20,VIIRS,n,2,292.25,1.83,D,0
43.52537,-5.7321,334.15,0.46,0.47,2024-12-25,1346,N20,VIIRS,n,2,289.92,5.33,D,2
43.34812,-8.43743,306.15,0.39,0.44,2024-12-26,0203,N20,VIIRS,n,2,279.72,0.93,N,2
40.24516,-3.47421,322.74,0.39,0.36,2024-12-26,0204,N20,VIIRS,n,2,281.15,2.49,N,2
38.37581,-0.54414,301.9,0.42,0.38,2024-12-26,0204,N20,VIIRS,n,2,283.14,1.06,N,2
39.02121,-5.87502,325.66,0.4,0.37,2024-12-26,1326,N20,VIIRS,n,2,289.66,4.39,D,0
39.02059,-5.87965,348.82,0.4,0.37,2024-12-26,1326,N20,VIIRS,n,2,291.6,4.39,D,0
39.05703,-5.71087,335.73,0.41,0.37,2024-12-26,1326,N20,VIIRS,n,2,289.51,2.83,D,0
39.04611,-5.81853,325.49,0.4,0.37,2024-12-26,1326,N20,VIIRS,n,2,288.5,1.89,D,0
39.04549,-5.82316,332.28,0.4,0.37,2024-12-26,1326,N20,VIIRS,n,2,288.88,2.84,D,0
39.9907,-2.79035,332.19,0.52,0.42,2024-12-26,1326,N20,VIIRS,n,2,286.73,4.67,D,0
40.24266,-3.47107,325.64,0.49,0.4,2024-12-26,1326,N20,VIIRS,n,2,290.1,3.48,D,2
40.58817,-6.65323,331.48,0.4,0.37,2024-12-26,1326,N20,VIIRS,n,2,286.28,4.51,D,0
43.34556,-8.43723,297.67,0.33,0.55,2024-12-27,0144,N20,VIIRS,n,2,279.02,0.39,N,2
39.95195,-0.00551,296.19,0.4,0.37,2024-12-27,0145,N20,VIIRS,n,2,284.51,1.23,N,2
40.24539,-3.47354,319.38,0.52,0.42,2024-12-27,0145,N20,VIIRS,n,2,278.64,3.47,N,2
38.37816,-0.5468,295.73,0.4,0.37,2024-12-27,0145,N20,VIIRS,n,2,278.62,0.38,N,2
38.37666,-0.5451,301.21,0.4,0.37,2024-12-27,0145,N20,VIIRS,n,2,280.97,0.87,N,2
38.4493,-5.21645,334.33,0.4,0.44,2024-12-27,0145,N20,VIIRS,n,2,274.96,3.59,N,0
36.96766,-1.9057,311.88,0.42,0.38,2024-12-27,0146,N20,VIIRS,n,2,285.09,1.13,N,2
37.11695,-2.61634,329.9,0.38,0.36,2024-12-27,1306,N20,VIIRS,n,2,291.94,2.52,D,0
37.07834,-3.78852,341.18,0.39,0.36,2024-12-27,1307,N20,VIIRS,n,2,288.74,3.31,D,0
37.07246,-3.78246,342.05,0.39,0.36,2024-12-27,1307,N20,VIIRS,n,2,287.02,1.98,D,0
37.07176,-3.7868,338.79,0.39,0.36,2024-12-27,1307,N20,VIIRS,n,2,286.36,1.98,D,0
37.08526,-3.78462,335.18,0.39,0.36,2024-12-27,1307,N20,VIIRS,n,2,286.73,7.24,D,0
37.44478,-3.88667,335.95,0.39,0.36,2024-12-27,1307,N20,VIIRS,n,2,289.08,1.34,D,0
38.55185,-5.83213,328.63,0.42,0.38,2024-12-27,1307,N20,VIIRS,n,2,288.96,2.4,D,0
39.01163,-5.87769,326.09,0.42,0.38,2024-12-27,1307,N20,VIIRS,n,2,288.18,1.94,D,0
40.42591,-1.07379,329.1,0.41,0.37,2024-12-27,1307,N20,VIIRS,n,2,286.44,2.53,D,0
40.24459,-3.47185,328.55,0.38,0.36,2024-12-27,1307,N20,VIIRS,n,2,288.59,2.19,D,2
41.27578,1.38674,333.06,0.51,0.41,2024-12-27,1307,N20,VIIRS,n,2,286.34,3.27,D,0
42.15745,-1.62806,329.68,0.41,0.37,2024-12-27,1308,N20,VIIRS,n,2,286.13,3.16,D,0
40.95389,-2.93975,327.28,0.39,0.36,2024-12-27,1308,N20,VIIRS,n,2,284.83,2.51,D,0
40.95456,-2.9352,327.71,0.39,0.36,2024-12-27,1308,N20,VIIRS,n,2,285.57,2.76,D,0
40.24833,-3.47843,297.49,0.6,0.53,2024-12-28,0126,N20,VIIRS,n,2,275.47,1.88,N,2
40.24522,-3.47864,311.44,0.6,0.53,2024-12-28,0126,N20,VIIRS,n,2,276.88,2.88,N,2
37.17991,-6.90076,295.3,0.44,0.62,2024-12-28,0127,N20,VIIRS,n,2,282.05,0.68,N,0
40.2445,-3.47843,306.45,0.52,0.67,2024-12-28,0306,N20,VIIRS,n,2,274.12,1.55,N,2
38.89776,-6.54741,328.5,0.48,0.48,2024-12-28,1248,N20,VIIRS,n,2,287.12,3.29,D,0
36.56669,-6.01728,335.67,0.5,0.49,2024-12-28,1248,N20,VIIRS,n,2,289.89,5.55,D,0
37.17792,-6.89025,339.19,0.54,0.51,2024-12-28,1248,N20,VIIRS,n,2,289.72,6.86,D,0
37.17685,-6.89056,339.93,0.54,0.51,2024-12-28,1248,N20,VIIRS,n,2,290.74,9.31,D,0
39.51396,-0.6192,337.02,0.4,0.37,2024-12-28,1248,N20,VIIRS,n,2,288.14,1.45,D,0
40.43638,0.42712,330.03,0.39,0.36,2024-12-28,1248,N20,VIIRS,n,2,288.37,3.08,D,0
40.24536,-3.47342,326.67,0.49,0.4,2024-12-28,1249,N20,VIIRS,n,2,287.62,2.94,D,2
40.24433,-3.4752,325.83,0.49,0.4,2024-12-28,1249,N20,VIIRS,n,2,286.17,3.33,D,2
40.24608,-3.47609,305.26,0.54,0.68,2024-12-29,0107,N20,VIIRS,n,2,276.17,1.99,N,2
40.24694,-3.47466,308.56,0.6,0.53,2024-12-29,0248,N20,VIIRS,n,2,274.5,2.82,N,2
37.35132,-6.63376,308,0.48,0.48,2024-12-29,0249,N20,VIIRS,n,2,279.52,1.14,N,0
37.15731,-3.6484,329.07,0.33,0.55,2024-12-29,1229,N20,VIIRS,n,2,286.8,1.44,D,0
37.15697,-3.64861,329.42,0.33,0.55,2024-12-29,1229,N20,VIIRS,n,2,286.77,1.52,D,0
38.40073,-5.19164,326.97,0.37,0.58,2024-12-29,1229,N20,VIIRS,n,2,284.06,2.73,D,0
41.89507,-7.70066,326.39,0.38,0.58,2024-12-29,1411,N20,VIIRS,n,2,282.15,5.12,D,0
43.54139,-5.82981,296.95,0.4,0.37,2024-12-30,0228,N20,VIIRS,n,2,278.5,0.82,N,2
43.41137,-3.83761,325.01,0.46,0.39,2024-12-30,0228,N20,VIIRS,n,2,276.7,2.68,N,0
43.41245,-3.8431,305.44,0.46,0.39,2024-12-30,0228,N20,VIIRS,n,2,275,2.2,N,0
43.52723,-5.73064,300.39,0.4,0.37,2024-12-30,0228,N20,VIIRS,n,2,280.94,0.71,N,2
43.5248,-5.73671,297.15,0.4,0.37,2024-12-30,0228,N20,VIIRS,n,2,280.04,0.71,N,2
40.24695,-3.47657,315.04,0.53,0.42,2024-12-30,0229,N20,VIIRS,n,2,275.45,2.51,N,2
39.71145,-0.65811,337.53,0.35,0.57,2024-12-30,1211,N20,VIIRS,n,2,286.77,2.59,D,0
28.51662,-13.85514,339.64,0.43,0.38,2024-12-30,1349,N20,VIIRS,n,2,299.09,2.3,D,0
37.38295,-6.23435,325.11,0.45,0.47,2024-12-30,1351,N20,VIIRS,n,2,288.8,1.95,D,0
38.93053,-6.10979,341.06,0.48,0.48,2024-12-30,1351,N20,VIIRS,n,2,286.99,4.52,D,0
39.2264,-4.20232,325.49,0.61,0.53,2024-12-30,1351,N20,VIIRS,n,2,286.37,1.92,D,0
39.23132,-4.20286,333.1,0.61,0.53,2024-12-30,1351,N20,VIIRS,n,2,286.95,4.84,D,0
39.22801,-4.2043,340.74,0.61,0.53,2024-12-30,1351,N20,VIIRS,n,2,289.15,14.01,D,0
43.33126,-5.77586,297.84,0.41,0.37,2024-12-31,0209,N20,VIIRS,n,2,275.24,0.54,N,2
43.54152,-5.82965,326.29,0.41,0.37,2024-12-31,0209,N20,VIIRS,n,2,279.41,2.3,N,2
43.5422,-5.83475,319.63,0.41,0.37,2024-12-31,0209,N20,VIIRS,n,2,280.62,3.02,N,2
43.52798,-5.72875,296.76,0.41,0.37,2024-12-31,0209,N20,VIIRS,n,2,280.32,1.11,N,2
43.53812,-5.83052,320.89,0.41,0.37,2024-12-31,0209,N20,VIIRS,n,2,276.47,5.41,N,2
40.24495,-3.47281,311.23,0.39,0.36,2024-12-31,0210,N20,VIIRS,n,2,276.24,1.27,N,2
39.03273,-5.70611,297.77,0.39,0.36,2024-12-31,0210,N20,VIIRS,n,2,273.03,0.66,N,0
40.24569,-3.4773,297.01,0.39,0.36,2024-12-31,0210,N20,VIIRS,n,2,272.42,1.27,N,2
39.24731,-4.21652,336.06,0.52,0.42,2024-12-31,1332,N20,VIIRS,n,2,287.87,7.99,D,0
38.93407,-6.79096,327.47,0.42,0.38,2024-12-31,1332,N20,VIIRS,n,2,290.27,2,D,0
38.96954,-5.91559,339.95,0.44,0.39,2024-12-31,1332,N20,VIIRS,n,2,288.55,4.24,D,0
38.82438,-6.21968,327.26,0.43,0.38,2024-12-31,1332,N20,VIIRS,n,2,288.1,2.13,D,0
39.35228,-6.20244,327.92,0.44,0.38,2024-12-31,1332,N20,VIIRS,n,2,286.8,6.14,D,0
38.21756,-5.97083,326.27,0.44,0.38,2024-12-31,1332,N20,VIIRS,n,2,289.34,2.14,D,0
39.24597,-4.21751,337.61,0.52,0.42,2024-12-31,1332,N20,VIIRS,n,2,287.62,8.49,D,0
40.2427,-3.47292,326.73,0.39,0.44,2024-12-31,1333,N20,VIIRS,n,2,287.82,3.17,D,2
