latitude,longitude,bright_ti4,scan,track,acq_date,acq_time,satellite,instrument,confidence,version,bright_ti5,frp,daynight,type
43.12081,-4.09294,316.96,0.57,0.52,2023-01-01,0134,N,VIIRS,n,2,254.19,2.46,N,0
41.19305,-4.43897,305.15,0.57,0.52,2023-01-01,0135,N,VIIRS,n,2,277.03,2.27,N,0
39.71268,2.61262,295.96,0.41,0.37,2023-01-01,0135,N,VIIRS,n,2,280.38,0.42,N,0
43.43084,-4.96905,321.67,0.41,0.61,2023-01-01,0315,N,VIIRS,n,2,270.78,3.04,N,0
43.4353,-4.96326,337.5,0.41,0.61,2023-01-01,0315,N,VIIRS,n,2,270.66,3.04,N,0
43.43304,-4.96545,339.4,0.41,0.61,2023-01-01,0315,N,VIIRS,n,2,271.03,4.9,N,0
28.61705,-17.86952,301.68,0.4,0.44,2023-01-01,0319,N,VIIRS,n,2,289.83,1.06,N,0
37.65676,-0.94219,335.72,0.39,0.36,2023-01-01,1257,N,VIIRS,n,2,289.38,2.65,D,0
43.33007,-5.77365,295.13,0.46,0.47,2023-01-02,0256,N,VIIRS,n,2,279.83,0.86,N,2
41.31306,1.6613,304.5,0.58,0.7,2023-01-02,0256,N,VIIRS,n,2,278.95,1.93,N,2
43.53969,-5.83087,296.68,0.45,0.47,2023-01-02,0256,N,VIIRS,n,2,280.53,0.82,N,2
28.61631,-17.87183,300,0.39,0.36,2023-01-02,0301,N,VIIRS,n,2,289.72,1.6,N,0
37.69673,-1.27883,326.66,0.39,0.44,2023-01-02,1238,N,VIIRS,n,2,290.78,1.03,D,0
40.03563,-0.01426,333.9,0.47,0.4,2023-01-02,1239,N,VIIRS,n,2,273.18,4.37,D,0
40.7921,0.65834,327.96,0.44,0.38,2023-01-02,1239,N,VIIRS,n,2,268.23,1.86,D,0
40.03691,-0.01202,334.71,0.47,0.4,2023-01-02,1239,N,VIIRS,n,2,275.5,4.33,D,0
43.5385,-5.82925,343.85,0.48,0.48,2023-01-02,1240,N,VIIRS,n,2,286.74,8.51,D,2
43.52623,-5.72966,302.97,0.44,0.39,2023-01-03,0237,N,VIIRS,n,2,279.2,1.26,N,2
43.5433,-5.83807,295.42,0.44,0.38,2023-01-03,0237,N,VIIRS,n,2,276.58,0.48,N,2
38.37452,-0.5447,297.74,0.32,0.55,2023-01-03,0238,N,VIIRS,n,2,279.69,0.51,N,2
38.32145,-1.68194,343.05,0.35,0.56,2023-01-03,1220,N,VIIRS,n,2,288.74,3.05,D,0
38.32849,-1.67617,343.23,0.35,0.56,2023-01-03,1220,N,VIIRS,n,2,289.72,3.68,D,0
38.32745,-1.68021,335.32,0.35,0.56,2023-01-03,1220,N,VIIRS,n,2,288.35,3.68,D,0
40.03619,-0.01166,353.38,0.52,0.5,2023-01-03,1220,N,VIIRS,n,2,289.59,9.38,D,0
41.66999,0.89807,326.91,0.43,0.46,2023-01-03,1220,N,VIIRS,n,2,284.3,1.33,D,0
41.22898,-1.64622,328.88,0.58,0.52,2023-01-03,1220,N,VIIRS,n,2,283.71,5.28,D,0
42.3888,-2.73712,338.95,0.61,0.54,2023-01-03,1221,N,VIIRS,n,2,283.91,8.39,D,0
41.562,-1.37129,338.24,0.55,0.51,2023-01-03,1221,N,VIIRS,n,2,288.64,6.03,D,0
41.5629,-1.37149,338.72,0.55,0.51,2023-01-03,1221,N,VIIRS,n,2,288.67,4.25,D,0
42.38409,-2.73483,343.54,0.61,0.54,2023-01-03,1221,N,VIIRS,n,2,284.6,8.39,D,0
37.76223,-1.27254,335.6,0.52,0.67,2023-01-03,1400,N,VIIRS,n,2,287.97,5.37,D,0
43.44005,-3.84327,295.21,0.39,0.36,2023-01-04,0218,N,VIIRS,n,2,278.1,0.41,N,2
43.03486,-2.22176,314.6,0.41,0.37,2023-01-04,0218,N,VIIRS,n,2,274.29,1.51,N,2
43.03557,-2.21757,309.71,0.42,0.37,2023-01-04,0218,N,VIIRS,n,2,274.23,0.8,N,2
43.54214,-5.83263,296.51,0.39,0.36,2023-01-04,0218,N,VIIRS,n,2,274.56,0.77,N,2
43.53884,-5.83356,303.41,0.39,0.36,2023-01-04,0218,N,VIIRS,n,2,273.15,0.77,N,2
41.31305,1.66125,314.94,0.41,0.45,2023-01-04,0219,N,VIIRS,n,2,280.87,1.97,N,2
37.36106,-5.86537,301.48,0.39,0.36,2023-01-04,0220,N,VIIRS,n,2,282.81,0.66,N,2
28.0098,-16.65354,326.62,0.47,0.48,2023-01-04,0223,N,VIIRS,n,2,287.16,3.43,N,0
39.46991,-0.57344,328.83,0.49,0.65,2023-01-04,1201,N,VIIRS,n,2,287.33,3.04,D,0
39.46523,-0.57363,331.15,0.49,0.65,2023-01-04,1201,N,VIIRS,n,2,287.84,3.73,D,0
37.1766,-3.73538,338.08,0.41,0.45,2023-01-04,1341,N,VIIRS,n,2,290.25,8.85,D,0
39.46554,-0.57271,329.59,0.32,0.55,2023-01-04,1342,N,VIIRS,n,2,290.45,1.37,D,0
39.51418,-0.37314,325.99,0.33,0.55,2023-01-04,1342,N,VIIRS,n,2,290.34,1.21,D,0
43.54104,-5.83458,299.81,0.53,0.42,2023-01-05,0200,N,VIIRS,n,2,280.69,1.95,N,2
43.52619,-5.73143,307.58,0.52,0.42,2023-01-05,0200,N,VIIRS,n,2,282.13,1.66,N,2
43.52237,-5.73224,314.17,0.52,0.42,2023-01-05,0200,N,VIIRS,n,2,280.23,1.87,N,2
42.2198,-1.25856,295.83,0.39,0.36,2023-01-05,0200,N,VIIRS,n,2,273.44,0.5,N,0
41.31133,1.65985,312.68,0.41,0.37,2023-01-05,0200,N,VIIRS,n,2,278.72,1.32,N,2
38.37586,-0.54673,298.8,0.39,0.36,2023-01-05,0201,N,VIIRS,n,2,280.67,1.06,N,2
38.41943,-1.53654,295.24,0.38,0.36,2023-01-05,0201,N,VIIRS,n,2,274.23,0.28,N,0
36.96555,-1.90571,308.78,0.38,0.36,2023-01-05,0201,N,VIIRS,n,2,283.76,0.96,N,2
43.52624,-5.72805,307.74,0.73,0.76,2023-01-05,0340,N,VIIRS,n,2,280.19,2.72,N,2
43.52338,-5.71999,299.66,0.73,0.76,2023-01-05,0340,N,VIIRS,n,2,278.47,1.41,N,0
38.16062,-6.61458,337.04,0.39,0.36,2023-01-05,1322,N,VIIRS,n,2,289.91,2.12,D,0
40.57369,-4.82578,332.41,0.4,0.37,2023-01-05,1323,N,VIIRS,n,2,285.24,3.38,D,0
43.52604,-5.73759,325.9,0.4,0.37,2023-01-05,1324,N,VIIRS,n,2,288.76,1.84,D,0
42.3896,-1.60468,331.61,0.54,0.42,2023-01-05,1324,N,VIIRS,n,2,289.23,8.13,D,0
42.39027,-1.59812,328.89,0.54,0.42,2023-01-05,1324,N,VIIRS,n,2,287.23,8.13,D,0
43.52623,-5.72825,301.39,0.58,0.52,2023-01-06,0141,N,VIIRS,n,2,279.7,1.71,N,2
43.53773,-5.83005,309.77,0.59,0.53,2023-01-06,0141,N,VIIRS,n,2,262.59,1.58,N,2
43.5267,-5.73536,316.21,0.58,0.52,2023-01-06,0141,N,VIIRS,n,2,276.67,2.76,N,2
43.52184,-5.73614,306.55,0.58,0.52,2023-01-06,0141,N,VIIRS,n,2,276.27,2.76,N,2
43.21705,-3.76154,295.14,0.46,0.47,2023-01-06,0141,N,VIIRS,n,2,277.24,0.48,N,0
43.03321,-2.21792,300.85,0.39,0.44,2023-01-06,0141,N,VIIRS,n,2,274.85,0.58,N,2
41.31221,1.66365,313.77,0.41,0.37,2023-01-06,0141,N,VIIRS,n,2,278.96,1.59,N,2
41.5993,-3.88085,330.95,0.45,0.47,2023-01-06,0141,N,VIIRS,n,2,272.6,4.04,N,0
38.37574,-0.54371,301.09,0.44,0.39,2023-01-06,0142,N,VIIRS,n,2,280.8,1.19,N,2
37.62506,-0.9702,299.7,0.45,0.39,2023-01-06,0142,N,VIIRS,n,2,278.21,0.36,N,0
41.59835,-3.87345,302.72,0.62,0.72,2023-01-06,0321,N,VIIRS,n,2,269.32,2.55,N,0
41.60068,-3.88054,309.55,0.62,0.72,2023-01-06,0321,N,VIIRS,n,2,269.66,3.59,N,0
28.61621,-17.86963,298.76,0.49,0.48,2023-01-06,0326,N,VIIRS,n,2,287.46,1.67,N,0
39.87408,-4.30531,341.81,0.41,0.37,2023-01-06,1304,N,VIIRS,n,2,285.77,3.21,D,0
38.77515,-1.74828,331.6,0.38,0.36,2023-01-06,1304,N,VIIRS,n,2,285.15,2.88,D,0
38.77187,-1.74744,332.95,0.38,0.36,2023-01-06,1304,N,VIIRS,n,2,284.6,2.88,D,0
38.77254,-1.74305,328.43,0.38,0.36,2023-01-06,1304,N,VIIRS,n,2,284.63,5.9,D,0
39.92352,-4.09964,340.16,0.41,0.37,2023-01-06,1304,N,VIIRS,n,2,285.84,3.33,D,0
39.93822,-3.54081,338.46,0.4,0.37,2023-01-06,1304,N,VIIRS,n,2,288.69,6.8,D,0
43.15163,-1.7876,325.72,0.39,0.36,2023-01-06,1305,N,VIIRS,n,2,288.86,4.25,D,0
43.14564,-1.80554,331.37,0.39,0.36,2023-01-06,1305,N,VIIRS,n,2,288.92,3.76,D,0
43.14698,-1.79616,334.01,0.39,0.36,2023-01-06,1305,N,VIIRS,n,2,290.98,4.65,D,0
41.60151,-3.87579,328.16,0.39,0.36,2023-01-06,1305,N,VIIRS,n,2,283.72,7.88,D,0
43.23994,-3.76323,295.77,0.4,0.6,2023-01-07,0122,N,VIIRS,n,2,274.57,0.53,N,0
41.31126,1.66124,307.55,0.41,0.45,2023-01-07,0122,N,VIIRS,n,2,277.56,1.46,N,2
43.52273,-5.73413,303.41,0.5,0.66,2023-01-07,0122,N,VIIRS,n,2,269.29,1.59,N,2
43.17232,-3.71237,317.98,0.4,0.6,2023-01-07,0122,N,VIIRS,n,2,275.75,2.54,N,0
43.17335,-3.73623,324.27,0.4,0.6,2023-01-07,0122,N,VIIRS,n,2,276.9,2.53,N,0
43.2811,-5.12038,307.21,0.47,0.64,2023-01-07,0122,N,VIIRS,n,2,276.55,0.88,N,0
39.9516,-0.0048,296.53,0.48,0.48,2023-01-07,0123,N,VIIRS,n,2,282.99,1.21,N,2
36.9677,-1.90495,299.27,0.56,0.51,2023-01-07,0124,N,VIIRS,n,2,282.38,1.39,N,2
43.28174,-3.65409,307.88,0.34,0.56,2023-01-07,0302,N,VIIRS,n,2,280.39,1.32,N,0
43.1769,-3.73013,302.15,0.34,0.56,2023-01-07,0302,N,VIIRS,n,2,272.18,0.42,N,0
41.31011,1.66266,297.5,0.69,0.74,2023-01-07,0302,N,VIIRS,n,2,277.22,1.81,N,2
41.31071,1.66214,302.38,0.69,0.74,2023-01-07,0302,N,VIIRS,n,2,278.19,1.27,N,2
43.10875,-1.31173,302.5,0.45,0.63,2023-01-07,0302,N,VIIRS,n,2,278.25,0.75,N,0
43.10302,-1.31381,309.14,0.45,0.63,2023-01-07,0302,N,VIIRS,n,2,280.64,1.65,N,0
43.4417,-3.84362,295.24,0.33,0.55,2023-01-07,0302,N,VIIRS,n,2,280.84,0.37,N,2
43.28706,-3.65298,335.6,0.34,0.56,2023-01-07,0302,N,VIIRS,n,2,282.35,1.32,N,0
37.36149,-5.86563,297.38,0.38,0.59,2023-01-07,0304,N,VIIRS,n,2,280.07,0.65,N,2
28.61886,-17.89081,300.1,0.43,0.38,2023-01-07,0307,N,VIIRS,n,2,290.1,3.02,N,0
28.61454,-17.86646,297.29,0.43,0.38,2023-01-07,0307,N,VIIRS,n,2,287.12,0.67,N,0
28.61524,-17.8704,299.34,0.43,0.38,2023-01-07,0307,N,VIIRS,n,2,286.57,2.03,N,0
36.72336,-3.50232,336.43,0.44,0.46,2023-01-07,1244,N,VIIRS,n,2,290.41,1.64,D,0
36.78876,-4.19948,338.33,0.48,0.48,2023-01-07,1244,N,VIIRS,n,2,292.49,8.57,D,0
39.71668,-3.11374,345.56,0.55,0.43,2023-01-07,1245,N,VIIRS,n,2,286.71,16.36,D,0
37.75283,-2.17985,327.82,0.55,0.42,2023-01-07,1245,N,VIIRS,n,2,286.5,2.59,D,0
36.96807,-1.90515,295.4,0.51,0.66,2023-01-08,0105,N,VIIRS,n,2,282.13,0.99,N,2
36.96619,-1.906,296.93,0.51,0.66,2023-01-08,0105,N,VIIRS,n,2,282.44,0.62,N,2
36.96539,-1.907,295.45,0.36,0.57,2023-01-08,0245,N,VIIRS,n,2,273.37,0.9,N,2
28.61368,-17.8661,296.3,0.41,0.37,2023-01-08,0248,N,VIIRS,n,2,285.14,0.46,N,0
28.15867,-16.46663,335.32,0.41,0.37,2023-01-08,1404,N,VIIRS,n,2,297.38,1.01,D,0
41.31284,1.66209,309.73,0.49,0.48,2023-01-09,0225,N,VIIRS,n,2,283.8,1.77,N,2
43.34431,-8.43492,301.03,0.4,0.37,2023-01-09,0225,N,VIIRS,n,2,279.27,0.43,N,2
41.31061,1.66175,305.53,0.49,0.48,2023-01-09,0225,N,VIIRS,n,2,282.78,1.64,N,2
43.0337,-2.21921,299.39,0.46,0.39,2023-01-09,0225,N,VIIRS,n,2,272.16,0.58,N,2
37.35886,-5.86595,301.33,0.42,0.37,2023-01-09,0226,N,VIIRS,n,2,283.89,1.07,N,2
37.36005,-5.86357,305.04,0.42,0.37,2023-01-09,0227,N,VIIRS,n,2,284.45,1.2,N,2
41.66474,0.69947,330.84,0.62,0.54,2023-01-09,1208,N,VIIRS,n,2,283.38,3.21,D,0
41.84825,2.71654,326.62,0.49,0.49,2023-01-09,1208,N,VIIRS,n,2,285.2,2.82,D,0
42.42976,-2.72891,338.97,0.43,0.62,2023-01-09,1208,N,VIIRS,n,2,283.84,4.41,D,0
41.28793,-0.06059,327.26,0.35,0.56,2023-01-09,1208,N,VIIRS,n,2,282.21,2.86,D,0
43.226,-2.881,295.53,0.39,0.36,2023-01-10,0206,N,VIIRS,n,2,276.95,0.74,N,2
42.69998,-2.99637,329.09,0.39,0.36,2023-01-10,0206,N,VIIRS,n,2,277.62,6.5,N,0
41.40768,1.99675,303.33,0.47,0.39,2023-01-10,0206,N,VIIRS,n,2,278.46,0.95,N,2
41.31366,1.65998,310.33,0.46,0.39,2023-01-10,0206,N,VIIRS,n,2,280.44,1.11,N,2
37.35979,-5.86461,301.96,0.41,0.37,2023-01-10,0208,N,VIIRS,n,2,284.12,0.8,N,2
37.35995,-5.86701,302.88,0.41,0.37,2023-01-10,0208,N,VIIRS,n,2,284.13,0.81,N,2
40.74245,0.53983,333.61,0.57,0.69,2023-01-10,1149,N,VIIRS,n,2,286.73,3.44,D,0
42.69854,-2.99407,325.6,0.55,0.43,2023-01-10,1330,N,VIIRS,n,2,284.79,2.64,D,0
41.14796,-4.17575,343.28,0.47,0.4,2023-01-10,1330,N,VIIRS,n,2,285.88,6.25,D,0
42.50599,-2.94519,332.45,0.55,0.43,2023-01-10,1330,N,VIIRS,n,2,284.72,12.22,D,0
43.22478,-2.88093,296.18,0.53,0.42,2023-01-11,0147,N,VIIRS,n,2,279,0.36,N,2
43.25175,-3.67813,321.11,0.38,0.44,2023-01-11,0147,N,VIIRS,n,2,278.04,2.67,N,0
41.40586,1.99936,308.3,0.38,0.36,2023-01-11,0147,N,VIIRS,n,2,276.29,0.87,N,2
43.252,-3.67484,308.87,0.38,0.44,2023-01-11,0147,N,VIIRS,n,2,277.73,1.07,N,0
43.25247,-3.67981,319.61,0.38,0.44,2023-01-11,0147,N,VIIRS,n,2,278.4,1.73,N,0
39.95198,-0.00466,295.9,0.4,0.37,2023-01-11,0148,N,VIIRS,n,2,283.7,0.61,N,2
36.96783,-1.9058,305.14,0.42,0.38,2023-01-11,0149,N,VIIRS,n,2,285.46,1,N,2
37.56849,-0.91829,300.36,0.4,0.37,2023-01-11,0149,N,VIIRS,n,2,284.68,0.43,N,2
37.65962,-1.64272,308.53,0.42,0.38,2023-01-11,0149,N,VIIRS,n,2,280.37,0.66,N,0
37.65616,-1.64345,299.5,0.42,0.38,2023-01-11,0149,N,VIIRS,n,2,279.92,0.66,N,0
39.33584,-0.60113,336.71,0.42,0.38,2023-01-11,1310,N,VIIRS,n,2,289.79,3.3,D,0
43.52756,-5.73078,335.77,0.39,0.36,2023-01-11,1311,N,VIIRS,n,2,288.15,3.61,D,2
43.52488,-5.74002,299.42,0.42,0.61,2023-01-12,0128,N,VIIRS,n,2,265.16,1.27,N,2
43.5247,-5.73503,308.51,0.42,0.61,2023-01-12,0128,N,VIIRS,n,2,266.25,1.27,N,2
41.17908,1.22484,296.17,0.54,0.42,2023-01-12,0129,N,VIIRS,n,2,280.35,1.83,N,0
41.31086,1.65977,299.73,0.52,0.41,2023-01-12,0129,N,VIIRS,n,2,277.64,1.89,N,2
36.96565,-1.90457,299.16,0.46,0.47,2023-01-12,0130,N,VIIRS,n,2,278.76,1.47,N,2
43.52652,-5.72744,295.4,0.32,0.55,2023-01-12,0309,N,VIIRS,n,2,275.64,1.15,N,2
43.52277,-5.7337,312.95,0.32,0.55,2023-01-12,0309,N,VIIRS,n,2,273.4,1.54,N,2
38.33627,-1.68826,347.03,0.44,0.39,2023-01-12,1251,N,VIIRS,n,2,293.13,6.21,D,0
38.19112,-0.74962,331.32,0.42,0.37,2023-01-12,1251,N,VIIRS,n,2,291.42,12.71,D,0
38.24725,-1.67516,337.11,0.44,0.39,2023-01-12,1251,N,VIIRS,n,2,293.31,5.97,D,0
38.33975,-1.68928,345.93,0.44,0.39,2023-01-12,1251,N,VIIRS,n,2,290.16,6.88,D,0
37.99384,-5.24877,333.56,0.42,0.45,2023-01-12,1251,N,VIIRS,n,2,287.04,2.49,D,0
41.52414,-1.32047,329.28,0.4,0.37,2023-01-12,1252,N,VIIRS,n,2,283.83,5.39,D,0
41.77338,0.90614,330.65,0.38,0.36,2023-01-12,1252,N,VIIRS,n,2,280.49,1.39,D,0
41.5248,-1.31796,339.37,0.4,0.37,2023-01-12,1252,N,VIIRS,n,2,282.94,4.64,D,0
40.89183,-1.13962,329.07,0.4,0.37,2023-01-12,1252,N,VIIRS,n,2,279.25,2.7,D,0
41.52161,-1.3147,328.75,0.4,0.37,2023-01-12,1252,N,VIIRS,n,2,283.89,5.39,D,0
41.62831,0.95817,336.69,0.38,0.36,2023-01-12,1252,N,VIIRS,n,2,278.69,6.09,D,0
36.96482,-1.90496,295.45,0.42,0.61,2023-01-13,0111,N,VIIRS,n,2,282.4,0.67,N,2
37.61069,-5.26176,357.31,0.38,0.59,2023-01-13,1232,N,VIIRS,l,2,288.83,4.77,D,0
37.6159,-5.26395,329.13,0.38,0.59,2023-01-13,1232,N,VIIRS,n,2,287.18,4.77,D,0
42.15058,3.04605,336.64,0.4,0.37,2023-01-13,1233,N,VIIRS,n,2,289.24,4.47,D,0
41.89703,2.70988,332.72,0.41,0.37,2023-01-13,1233,N,VIIRS,n,2,287.36,3.34,D,0
42.12539,2.98277,338.47,0.41,0.37,2023-01-13,1233,N,VIIRS,n,2,288.39,2.93,D,0
41.60374,2.02095,302.62,0.5,0.66,2023-01-14,0051,N,VIIRS,n,2,272.51,0.77,N,0
43.52326,-5.73331,309.88,0.4,0.37,2023-01-14,0231,N,VIIRS,n,2,278.21,1.34,N,2
42.17478,-1.75039,297.53,0.38,0.43,2023-01-14,0231,N,VIIRS,n,2,271.88,0.79,N,0
42.17576,-1.75483,324.66,0.38,0.43,2023-01-14,0231,N,VIIRS,n,2,271.59,2.67,N,0
42.17867,-1.74883,296.15,0.38,0.43,2023-01-14,0231,N,VIIRS,n,2,271.49,0.79,N,0
43.1667,-6.4608,318.98,0.39,0.37,2023-01-14,0231,N,VIIRS,n,2,279.77,5.42,N,0
43.17,-6.4597,344.06,0.39,0.37,2023-01-14,0231,N,VIIRS,n,2,285.64,5.42,N,0
43.54075,-5.83169,318.65,0.4,0.37,2023-01-14,0231,N,VIIRS,n,2,279.17,2.18,N,2
43.5266,-5.7322,303.98,0.4,0.37,2023-01-14,0231,N,VIIRS,n,2,277.84,0.91,N,2
43.52906,-5.72615,303.69,0.4,0.37,2023-01-14,0231,N,VIIRS,n,2,277.55,0.9,N,2
43.52994,-5.73108,296.29,0.4,0.37,2023-01-14,0231,N,VIIRS,n,2,276.97,0.91,N,2
43.5526,-5.85879,295.11,0.4,0.37,2023-01-14,0231,N,VIIRS,n,2,277.5,0.45,N,2
43.22318,-2.87783,298.98,0.49,0.41,2023-01-14,0231,N,VIIRS,n,2,276.77,1.09,N,2
38.29208,-1.39072,309.48,0.48,0.48,2023-01-14,0232,N,VIIRS,n,2,271.01,0.62,N,0
42.36177,3.13858,325.17,0.39,0.44,2023-01-14,1214,N,VIIRS,n,2,287.5,1.75,D,0
39.22258,-0.50294,325.11,0.34,0.56,2023-01-14,1214,N,VIIRS,n,2,288.34,0.8,D,0
42.17481,3.06306,336.19,0.39,0.44,2023-01-14,1214,N,VIIRS,n,2,287.72,3.31,D,0
38.34048,-6.53265,325.23,0.45,0.47,2023-01-14,1354,N,VIIRS,n,2,283.79,2.82,D,0
39.15815,-3.00854,299.61,0.4,0.37,2023-01-15,0213,N,VIIRS,n,2,272.36,0.88,N,0
39.16148,-3.00759,301.02,0.4,0.37,2023-01-15,0213,N,VIIRS,n,2,272.62,0.82,N,0
39.38049,-3.21197,326.28,0.39,0.36,2023-01-15,0213,N,VIIRS,n,2,273.18,2.41,N,0
40.3295,-1.09566,298.8,0.43,0.38,2023-01-15,0213,N,VIIRS,n,2,271.27,0.68,N,0
40.33043,-1.1006,305.22,0.43,0.38,2023-01-15,0213,N,VIIRS,n,2,271.93,1.35,N,0
38.88394,-3.72047,316.92,0.39,0.36,2023-01-15,0214,N,VIIRS,n,2,271.9,1.32,N,0
37.36,-5.8657,302.09,0.39,0.36,2023-01-15,0214,N,VIIRS,n,2,280.92,0.77,N,2
36.18357,-5.39918,297.25,0.38,0.36,2023-01-15,0214,N,VIIRS,n,2,286.95,1.17,N,0
37.78376,-3.60489,297.78,0.4,0.37,2023-01-15,0214,N,VIIRS,n,2,272.89,0.96,N,0
37.78708,-3.60395,296.73,0.4,0.37,2023-01-15,0214,N,VIIRS,n,2,273.43,0.96,N,0
36.9661,-1.90729,298.91,0.45,0.39,2023-01-15,0214,N,VIIRS,n,2,281.82,1.01,N,2
39.47198,-0.49989,295.46,0.39,0.36,2023-01-16,0154,N,VIIRS,n,2,276.81,15.66,N,0
39.47528,-0.49905,317.33,0.39,0.36,2023-01-16,0154,N,VIIRS,n,2,287.55,15.66,N,0
36.96548,-1.90739,304.99,0.39,0.36,2023-01-16,0155,N,VIIRS,n,2,282.19,1.41,N,2
37.56863,-0.91875,295.77,0.38,0.36,2023-01-16,0155,N,VIIRS,n,2,282.21,0.77,N,2
36.71611,-2.69395,299.77,0.4,0.37,2023-01-16,0155,N,VIIRS,n,2,280.3,0.75,N,0
37.56796,-0.91441,297.23,0.38,0.36,2023-01-16,0155,N,VIIRS,n,2,281.84,0.45,N,2
38.49775,-1.76873,341.39,0.42,0.38,2023-01-16,1316,N,VIIRS,n,2,287.19,13.27,D,0
36.88557,-2.12008,329.43,0.4,0.37,2023-01-16,1316,N,VIIRS,n,2,289.41,1.39,D,0
37.3888,-1.7635,331.06,0.41,0.37,2023-01-16,1316,N,VIIRS,n,2,281.64,2.95,D,0
41.4536,1.98037,307.93,0.44,0.38,2023-01-17,0135,N,VIIRS,n,2,282.29,1.38,N,2
38.80843,-1.73812,299.43,0.39,0.44,2023-01-17,0136,N,VIIRS,n,2,277.11,0.67,N,0
38.88345,-2.13105,298.76,0.41,0.45,2023-01-17,0136,N,VIIRS,n,2,275.84,1.09,N,0
37.33575,-3.20072,340.58,0.45,0.39,2023-01-17,1257,N,VIIRS,n,2,287.86,4.65,D,0
36.96317,-2.06174,333.73,0.42,0.38,2023-01-17,1257,N,VIIRS,n,2,290.52,2.89,D,0
41.45412,1.97814,296.02,0.47,0.48,2023-01-18,0116,N,VIIRS,n,2,278.77,0.74,N,2
39.93561,-3.74489,297.59,0.35,0.57,2023-01-18,0257,N,VIIRS,n,2,274.32,0.61,N,2
41.90574,0.263,326.76,0.44,0.38,2023-01-18,1239,N,VIIRS,n,2,280.33,2.88,D,0
36.83114,-6.0485,326.26,0.36,0.57,2023-01-18,1239,N,VIIRS,n,2,286.82,1.42,D,0
39.93743,-3.74567,295.28,0.41,0.45,2023-01-19,0238,N,VIIRS,n,2,272.43,0.99,N,2
37.35983,-5.86477,295.05,0.55,0.43,2023-01-19,0239,N,VIIRS,n,2,277.33,0.84,N,2
41.51796,0.57234,325.21,0.45,0.47,2023-01-19,1221,N,VIIRS,n,2,281.63,2.46,D,0
41.40606,1.9984,298.01,0.42,0.45,2023-01-20,0219,N,VIIRS,n,2,278.91,0.62,N,2
39.93661,-3.74384,304.12,0.41,0.37,2023-01-20,0220,N,VIIRS,n,2,280,0.94,N,2
42.30928,-1.74163,344.43,0.46,0.64,2023-01-20,1202,N,VIIRS,n,2,279.89,5.98,D,0
41.54045,0.73166,325.23,0.37,0.58,2023-01-20,1202,N,VIIRS,n,2,282.29,2.05,D,0
41.57366,0.9145,328.37,0.36,0.58,2023-01-20,1202,N,VIIRS,n,2,282.04,2.09,D,0
41.5699,0.95917,329.35,0.36,0.58,2023-01-20,1202,N,VIIRS,n,2,281.75,2.29,D,0
37.98788,-2.35192,326,0.5,0.49,2023-01-20,1341,N,VIIRS,n,2,281.92,1.55,D,0
41.40618,1.99624,299.38,0.42,0.38,2023-01-21,0200,N,VIIRS,n,2,274.41,0.87,N,2
40.98928,-0.03596,303.54,0.39,0.36,2023-01-21,0200,N,VIIRS,n,2,271.75,0.81,N,0
39.10072,-0.69737,302.28,0.39,0.36,2023-01-21,0201,N,VIIRS,n,2,274.49,0.57,N,0
38.37567,-0.54338,303.78,0.39,0.36,2023-01-21,0201,N,VIIRS,n,2,280.15,0.98,N,2
38.33152,-1.68576,326.33,0.38,0.36,2023-01-21,0201,N,VIIRS,n,2,275.68,2.9,N,0
38.95917,-0.58593,306.24,0.39,0.36,2023-01-21,0201,N,VIIRS,n,2,276.19,1.15,N,0
40.51229,-1.26347,296.78,0.38,0.36,2023-01-21,0201,N,VIIRS,n,2,268.36,0.6,N,0
39.55963,-0.32493,326.78,0.39,0.36,2023-01-21,0201,N,VIIRS,n,2,277.88,1.25,N,0
39.10402,-0.69647,306.35,0.39,0.36,2023-01-21,0201,N,VIIRS,n,2,275.89,0.57,N,0
36.17994,-5.4216,296.95,0.43,0.38,2023-01-21,0202,N,VIIRS,n,2,285.14,1.03,N,0
41.31257,1.66333,316.53,0.41,0.37,2023-01-22,0141,N,VIIRS,n,2,276.36,1.58,N,2
43.52857,-5.72747,300.63,0.58,0.52,2023-01-22,0141,N,VIIRS,n,2,276.62,1.81,N,2
43.52418,-5.73535,298.32,0.58,0.52,2023-01-22,0141,N,VIIRS,n,2,276.84,1.97,N,2
43.03456,-2.21876,296.86,0.39,0.44,2023-01-22,0141,N,VIIRS,n,2,272.46,0.82,N,2
41.4534,1.97996,303.2,0.4,0.37,2023-01-22,0141,N,VIIRS,n,2,276.03,1.06,N,2
41.40562,1.99785,296.48,0.4,0.37,2023-01-22,0141,N,VIIRS,n,2,273.03,0.61,N,2
43.54009,-5.82907,305.04,0.59,0.53,2023-01-22,0141,N,VIIRS,n,2,275.61,2.38,N,2
40.94419,-0.23683,315.52,0.46,0.39,2023-01-22,0142,N,VIIRS,n,2,270.6,1.98,N,0
38.89972,-3.05695,296.37,0.57,0.43,2023-01-22,0142,N,VIIRS,n,2,269.55,0.74,N,0
39.38262,-3.20898,298.87,0.39,0.44,2023-01-22,0142,N,VIIRS,n,2,269.74,1.21,N,0
39.38308,-3.21358,303.16,0.39,0.44,2023-01-22,0142,N,VIIRS,n,2,270.4,1.21,N,0
39.67421,-0.56121,302.79,0.46,0.39,2023-01-22,0142,N,VIIRS,n,2,274.8,1.02,N,0
39.67492,-0.55967,304.37,0.46,0.39,2023-01-22,0142,N,VIIRS,n,2,274.84,0.49,N,0
39.7496,-1.0003,296.83,0.48,0.4,2023-01-22,0142,N,VIIRS,n,2,273.13,1.07,N,0
39.65875,-0.21887,306.61,0.44,0.39,2023-01-22,0142,N,VIIRS,n,2,275.77,0.91,N,0
40.26345,-3.86106,325.06,0.43,0.46,2023-01-22,0142,N,VIIRS,n,2,271.58,3.01,N,0
40.86839,-0.13629,311.02,0.45,0.39,2023-01-22,0142,N,VIIRS,n,2,269.03,1.06,N,0
38.37669,-0.5451,296.27,0.44,0.39,2023-01-22,0142,N,VIIRS,n,2,278.02,0.76,N,2
36.96579,-1.90832,296.95,0.48,0.4,2023-01-22,0143,N,VIIRS,n,2,280.74,0.82,N,2
43.52756,-5.72974,301.25,0.45,0.63,2023-01-22,0321,N,VIIRS,n,2,276.06,0.87,N,2
43.52212,-5.73284,297.72,0.45,0.63,2023-01-22,0321,N,VIIRS,n,2,274.75,0.87,N,2
39.85044,-3.88963,329.47,0.4,0.37,2023-01-22,1304,N,VIIRS,n,2,287.02,3.7,D,0
41.35907,-0.5205,335.12,0.4,0.37,2023-01-22,1305,N,VIIRS,n,2,293.45,28.88,D,0
41.82251,-1.4926,343.32,0.39,0.36,2023-01-22,1305,N,VIIRS,n,2,284.02,10.29,D,0
43.52668,-5.73445,303.01,0.5,0.66,2023-01-23,0122,N,VIIRS,n,2,274.04,2.04,N,2
41.31406,1.66028,302.53,0.41,0.45,2023-01-23,0122,N,VIIRS,n,2,272.61,1.45,N,2
43.52774,-5.73403,302.96,0.5,0.66,2023-01-23,0122,N,VIIRS,n,2,274.2,2.05,N,2
43.54106,-5.83692,295.36,0.51,0.66,2023-01-23,0122,N,VIIRS,n,2,273.01,1.06,N,2
41.48014,1.92891,302.33,0.4,0.44,2023-01-23,0122,N,VIIRS,n,2,268.22,0.59,N,0
39.93757,-3.74491,297.25,0.42,0.61,2023-01-23,0303,N,VIIRS,n,2,270.58,0.74,N,2
41.3155,1.66305,300.9,0.69,0.74,2023-01-23,0303,N,VIIRS,n,2,270.53,2.38,N,2
39.38019,-0.54097,331.64,0.44,0.39,2023-01-23,1245,N,VIIRS,n,2,285.21,3.72,D,0
39.39842,3.17921,327.38,0.38,0.36,2023-01-23,1245,N,VIIRS,n,2,277.97,2.74,D,0
42.08005,0.07148,337.73,0.4,0.37,2023-01-23,1246,N,VIIRS,n,2,280.72,3.54,D,0
40.25326,-5.15041,336.97,0.45,0.47,2023-01-23,1246,N,VIIRS,n,2,277.31,4.52,D,0
42.6458,-1.64367,327.81,0.44,0.38,2023-01-23,1246,N,VIIRS,n,2,276.2,3.23,D,0
37.35971,-5.86326,297.25,0.44,0.46,2023-01-24,0245,N,VIIRS,n,2,274.72,1.1,N,2
38.37725,-0.54385,300.03,0.39,0.59,2023-01-24,0245,N,VIIRS,n,2,274.85,0.7,N,2
37.44862,-5.34525,333.13,0.47,0.64,2023-01-24,1226,N,VIIRS,n,2,284.37,3.05,D,0
37.45015,-5.34778,326.52,0.47,0.64,2023-01-24,1226,N,VIIRS,n,2,284.15,3.23,D,0
39.04112,-0.21936,342.07,0.47,0.47,2023-01-24,1226,N,VIIRS,n,2,273.76,6.92,D,0
41.40139,-0.42594,345.65,0.42,0.45,2023-01-24,1227,N,VIIRS,n,2,282.36,4.74,D,0
41.98063,-5.69348,335.07,0.37,0.58,2023-01-24,1227,N,VIIRS,n,2,279.77,2.92,D,0
28.1588,-16.47002,330.51,0.41,0.37,2023-01-24,1404,N,VIIRS,n,2,297.93,1.45,D,0
28.1595,-16.46592,330.62,0.41,0.37,2023-01-24,1404,N,VIIRS,n,2,295.79,1.45,D,0
38.61657,-3.71926,340.32,0.47,0.64,2023-01-24,1407,N,VIIRS,n,2,276.12,6.01,D,0
38.61423,-3.71701,339.6,0.47,0.64,2023-01-24,1407,N,VIIRS,n,2,275.47,5.63,D,0
38.33095,-5.29159,296.55,0.42,0.38,2023-01-25,0226,N,VIIRS,n,2,271.84,0.69,N,0
38.37729,-0.54253,295.17,0.44,0.46,2023-01-25,0226,N,VIIRS,n,2,269.17,0.96,N,2
38.23838,-0.67555,305.81,0.44,0.46,2023-01-25,0226,N,VIIRS,n,2,271.48,0.97,N,0
39.93669,-3.74569,298.53,0.45,0.39,2023-01-25,0226,N,VIIRS,n,2,270.79,1.07,N,2
37.36161,-5.86498,295.39,0.42,0.37,2023-01-25,0227,N,VIIRS,n,2,274.76,0.48,N,2
41.57241,0.41948,337.44,0.32,0.55,2023-01-25,1208,N,VIIRS,n,2,284.35,3.02,D,0
40.91606,-3.04813,329.43,0.49,0.65,2023-01-25,1208,N,VIIRS,n,2,282.14,3.8,D,0
40.91017,-3.0458,356.23,0.49,0.65,2023-01-25,1208,N,VIIRS,l,2,285.1,8.92,D,0
40.91193,-3.03999,330.77,0.49,0.65,2023-01-25,1208,N,VIIRS,n,2,282.9,9.61,D,0
42.72646,-4.28318,329.12,0.5,0.66,2023-01-25,1209,N,VIIRS,n,2,277.25,2.86,D,0
42.72299,-4.28356,337.1,0.54,0.51,2023-01-25,1349,N,VIIRS,n,2,277.53,5.65,D,0
42.39388,-6.43886,342.64,0.42,0.45,2023-01-25,1349,N,VIIRS,n,2,286.21,10.5,D,0
42.51331,-4.26025,338.8,0.54,0.51,2023-01-25,1349,N,VIIRS,n,2,280.58,5.75,D,0
41.3894,2.08075,311.61,0.47,0.4,2023-01-26,0206,N,VIIRS,n,2,273.1,0.8,N,0
41.31152,1.66278,312.93,0.46,0.39,2023-01-26,0206,N,VIIRS,n,2,275.62,2.36,N,2
41.40571,1.99889,300.86,0.47,0.39,2023-01-26,0206,N,VIIRS,n,2,274.36,1.23,N,2
38.37687,-0.54274,302.21,0.42,0.38,2023-01-26,0207,N,VIIRS,n,2,278.14,1.05,N,2
41.10283,1.18457,298.35,0.44,0.39,2023-01-26,0207,N,VIIRS,n,2,274.47,0.67,N,0
39.93742,-3.7451,302.42,0.39,0.36,2023-01-26,0207,N,VIIRS,n,2,272.61,1.14,N,2
36.74258,-6.32629,298.04,0.41,0.37,2023-01-26,0208,N,VIIRS,n,2,273.44,0.65,N,0
37.35883,-5.86722,306.28,0.41,0.37,2023-01-26,0208,N,VIIRS,n,2,275.94,0.9,N,2
40.37008,0.32942,327.91,0.5,0.49,2023-01-26,1329,N,VIIRS,n,2,285.64,3.21,D,0
41.92395,0.17765,338.38,0.51,0.49,2023-01-26,1330,N,VIIRS,n,2,285.51,2.77,D,2
41.37077,0.47074,337.79,0.52,0.5,2023-01-26,1330,N,VIIRS,n,2,285.24,4.52,D,0
41.92387,0.18248,326.37,0.51,0.49,2023-01-26,1330,N,VIIRS,n,2,285.4,5.79,D,2
41.10275,1.1833,303.27,0.39,0.36,2023-01-27,0148,N,VIIRS,n,2,275.13,0.58,N,0
41.40715,1.99773,304.07,0.38,0.36,2023-01-27,0148,N,VIIRS,n,2,274.56,1.07,N,2
41.31248,1.66096,319.97,0.39,0.36,2023-01-27,0148,N,VIIRS,n,2,277.78,1.89,N,2
38.37607,-0.54597,300.84,0.4,0.37,2023-01-27,0149,N,VIIRS,n,2,275.68,0.92,N,2
28.3294,-16.50014,302.22,0.37,0.58,2023-01-27,0332,N,VIIRS,n,2,267.12,0.23,N,0
38.56664,-1.64038,335.99,0.39,0.36,2023-01-27,1310,N,VIIRS,n,2,288.69,2.58,D,0
36.34482,-5.30911,329.9,0.43,0.38,2023-01-27,1310,N,VIIRS,n,2,288.73,1.97,D,0
36.3,-5.84096,333.83,0.45,0.39,2023-01-27,1310,N,VIIRS,n,2,291.09,4.6,D,0
38.87101,-2.31146,328.95,0.39,0.36,2023-01-27,1310,N,VIIRS,n,2,283.05,4.19,D,0
36.96618,-1.90787,298.63,0.46,0.47,2023-01-28,0130,N,VIIRS,n,2,277.99,1.46,N,2
38.37616,-0.54306,295.61,0.4,0.45,2023-01-28,0130,N,VIIRS,n,2,277.13,0.7,N,2
38.73579,-2.22125,343.49,0.46,0.39,2023-01-28,1251,N,VIIRS,n,2,280.62,6.66,D,0
38.33155,-1.68293,331.11,0.44,0.39,2023-01-28,1251,N,VIIRS,n,2,288.1,4.97,D,0
38.32806,-1.68193,337.77,0.44,0.39,2023-01-28,1251,N,VIIRS,n,2,291.54,4.97,D,0
37.35064,-1.78346,329.19,0.46,0.39,2023-01-28,1251,N,VIIRS,n,2,288.08,3.91,D,0
36.74026,-6.32178,337.91,0.51,0.49,2023-01-28,1251,N,VIIRS,n,2,289.85,6.01,D,0
36.74325,-6.3265,338.52,0.51,0.49,2023-01-28,1251,N,VIIRS,n,2,287.03,10.2,D,0
39.59875,-7.47651,330.14,0.5,0.49,2023-01-28,1252,N,VIIRS,n,2,284.31,3.96,D,0
41.13813,1.02012,329.42,0.38,0.36,2023-01-28,1252,N,VIIRS,n,2,287.38,1.18,D,0
40.3279,-0.08114,329,0.39,0.36,2023-01-28,1252,N,VIIRS,n,2,284.96,2.18,D,0
39.65831,-2.2614,328.7,0.44,0.39,2023-01-28,1252,N,VIIRS,n,2,286.91,2.33,D,0
39.40375,-3.02757,329.27,0.48,0.4,2023-01-28,1252,N,VIIRS,n,2,287.66,5.97,D,0
41.31185,1.66401,325.58,0.39,0.36,2023-01-28,1252,N,VIIRS,n,2,287.5,2.22,D,2
43.52576,-5.73215,301.82,0.39,0.44,2023-01-29,0250,N,VIIRS,n,2,277.31,1.39,N,2
38.37738,-0.54406,297.18,0.46,0.64,2023-01-29,0251,N,VIIRS,n,2,274.65,0.69,N,2
37.17828,-6.88652,337.06,0.47,0.48,2023-01-29,0252,N,VIIRS,n,2,276.39,3.74,N,0
38.72969,-2.22211,337.07,0.5,0.49,2023-01-29,1233,N,VIIRS,n,2,281.29,3.64,D,0
39.09756,-5.7406,326.93,0.37,0.58,2023-01-29,1233,N,VIIRS,n,2,283.01,1.93,D,0
38.73325,-2.2209,336.43,0.5,0.49,2023-01-29,1233,N,VIIRS,n,2,280.38,5.53,D,0
39.04587,-6.01807,336.5,0.38,0.59,2023-01-29,1233,N,VIIRS,n,2,283.29,3.01,D,0
41.92513,0.18119,310.36,0.48,0.48,2023-01-30,0231,N,VIIRS,n,2,267.98,1.21,N,2
41.92086,0.17941,300.06,0.48,0.48,2023-01-30,0231,N,VIIRS,n,2,267.54,1.21,N,0
41.31237,1.66238,307.65,0.58,0.52,2023-01-30,0231,N,VIIRS,n,2,274.44,1.89,N,2
41.93401,-1.44346,299.95,0.4,0.44,2023-01-30,0232,N,VIIRS,n,2,267.84,0.7,N,0
41.31352,1.66387,307.28,0.58,0.52,2023-01-30,0232,N,VIIRS,n,2,273.82,2.62,N,2
41.64474,2.38308,339.54,0.43,0.46,2023-01-30,1214,N,VIIRS,n,2,287.91,7.07,D,0
41.33361,1.66127,327.94,0.48,0.48,2023-01-30,1214,N,VIIRS,n,2,288.78,1.87,D,0
39.99029,0.01046,344.26,0.62,0.54,2023-01-30,1214,N,VIIRS,n,2,286.2,7.2,D,0
38.18213,-2.16521,332.69,0.45,0.63,2023-01-30,1214,N,VIIRS,n,2,283.79,3.33,D,0
38.29679,-1.68628,335.39,0.42,0.61,2023-01-30,1214,N,VIIRS,n,2,287.11,4.33,D,0
42.32478,-8.38126,347.57,0.67,0.74,2023-01-30,1215,N,VIIRS,n,2,282.57,8.56,D,0
42.3264,-8.38353,351.38,0.67,0.74,2023-01-30,1215,N,VIIRS,n,2,281.96,7.65,D,0
41.79324,-1.08166,329.82,0.63,0.54,2023-01-30,1215,N,VIIRS,n,2,283.82,5.03,D,0
41.79298,-1.08127,327.1,0.63,0.54,2023-01-30,1215,N,VIIRS,n,2,283.73,3.77,D,0
39.96762,0.00873,332.77,0.52,0.66,2023-01-30,1355,N,VIIRS,n,2,285.79,9.41,D,0
39.96746,0.00249,354.25,0.52,0.66,2023-01-30,1355,N,VIIRS,n,2,286.85,8.31,D,0
39.96977,0.00712,349.61,0.52,0.66,2023-01-30,1355,N,VIIRS,n,2,286.16,12.9,D,0
43.52501,-5.73201,304.11,0.41,0.37,2023-01-31,0212,N,VIIRS,n,2,275.47,1.64,N,2
43.54194,-5.83268,296.47,0.41,0.37,2023-01-31,0212,N,VIIRS,n,2,276.24,1.01,N,2
43.53853,-5.83355,325.15,0.41,0.37,2023-01-31,0212,N,VIIRS,n,2,274.67,1.87,N,2
43.52264,-5.73429,299.66,0.41,0.37,2023-01-31,0213,N,VIIRS,n,2,274.9,1.26,N,2
41.31058,1.66451,296.25,0.52,0.42,2023-01-31,0213,N,VIIRS,n,2,273.97,1.16,N,2
39.93513,-3.74601,301.08,0.39,0.36,2023-01-31,0213,N,VIIRS,n,2,270.73,1.24,N,2
37.3788,-5.7182,296.43,0.38,0.36,2023-01-31,0214,N,VIIRS,n,2,277.9,0.54,N,0
36.96603,-1.90673,306.06,0.44,0.39,2023-01-31,0214,N,VIIRS,n,2,278.73,1.39,N,2
38.37761,-6.48544,297.44,0.4,0.37,2023-01-31,0214,N,VIIRS,n,2,273.87,0.66,N,0
39.31635,-0.42922,327.28,0.58,0.7,2023-01-31,1155,N,VIIRS,n,2,288.8,2.63,D,0
42.02921,3.12011,335.86,0.33,0.55,2023-01-31,1156,N,VIIRS,n,2,290.25,3.31,D,0
40.61224,-0.96853,330.94,0.57,0.69,2023-01-31,1156,N,VIIRS,n,2,282.26,3.66,D,0
40.90061,-3.03817,341.46,0.7,0.75,2023-01-31,1156,N,VIIRS,n,2,283.34,9.95,D,0
40.91192,-2.98697,356.55,0.42,0.45,2023-01-31,1336,N,VIIRS,n,2,298.2,20.17,D,0
40.90268,-2.99544,329.78,0.41,0.45,2023-01-31,1336,N,VIIRS,n,2,286.8,2.78,D,0
41.87156,-7.95931,331.8,0.41,0.37,2023-01-31,1336,N,VIIRS,n,2,287.17,8.8,D,0
42.42446,-6.47007,325.33,0.46,0.39,2023-01-31,1337,N,VIIRS,n,2,281.98,3.86,D,0
42.30215,-6.59536,356.28,0.45,0.39,2023-01-31,1337,N,VIIRS,n,2,289.57,50.41,D,0
42.3015,-6.60087,328.65,0.45,0.39,2023-01-31,1337,N,VIIRS,n,2,302.36,38.77,D,0
42.30278,-6.58996,344.72,0.45,0.39,2023-01-31,1337,N,VIIRS,n,2,298.31,50.41,D,0
42.29214,-6.58687,328.99,0.45,0.39,2023-01-31,1337,N,VIIRS,n,2,288.08,6.61,D,0
42.42088,-6.46914,355.61,0.46,0.39,2023-01-31,1337,N,VIIRS,n,2,296.89,25.95,D,0
41.45434,1.97874,303.79,0.39,0.36,2023-02-01,0154,N,VIIRS,n,2,276.86,0.95,N,2
40.487,0.44911,321.8,0.38,0.36,2023-02-01,0154,N,VIIRS,n,2,277.5,2.08,N,0
41.3129,1.66264,315.97,0.39,0.36,2023-02-01,0154,N,VIIRS,n,2,277.47,1.73,N,2
41.40807,1.99688,297.05,0.39,0.36,2023-02-01,0154,N,VIIRS,n,2,274.94,1.1,N,2
40.48372,0.44822,320.29,0.38,0.36,2023-02-01,0154,N,VIIRS,n,2,275.67,2.08,N,0
38.37609,-0.54672,297.61,0.38,0.36,2023-02-01,0155,N,VIIRS,n,2,276.01,0.6,N,2
39.93524,-3.74686,298.87,0.46,0.39,2023-02-01,0155,N,VIIRS,n,2,270.95,1.13,N,2
37.97248,-3.178,332.26,0.39,0.36,2023-02-01,1316,N,VIIRS,n,2,292.41,4.36,D,0
36.5509,-6.0926,340.41,0.41,0.37,2023-02-01,1316,N,VIIRS,n,2,293.59,2.98,D,0
38.85147,-4.79203,330.52,0.38,0.36,2023-02-01,1317,N,VIIRS,n,2,289.32,2.13,D,0
38.45707,-5.65002,331.37,0.39,0.36,2023-02-01,1317,N,VIIRS,n,2,288.04,2.6,D,0
39.4171,-0.45354,325.44,0.48,0.4,2023-02-01,1317,N,VIIRS,n,2,289.79,1.03,D,0
38.85215,-4.78764,332.29,0.38,0.36,2023-02-01,1317,N,VIIRS,n,2,289.37,3.44,D,0
39.32584,-2.06634,329.41,0.42,0.38,2023-02-01,1317,N,VIIRS,n,2,288.24,1.6,D,0
39.02865,-5.90014,333.04,0.39,0.36,2023-02-01,1317,N,VIIRS,n,2,288.89,4.36,D,0
39.60477,-4.72498,345.21,0.38,0.36,2023-02-01,1317,N,VIIRS,n,2,287.49,4.74,D,0
40.45748,-5.73245,326.79,0.39,0.36,2023-02-01,1317,N,VIIRS,n,2,283.1,2.43,D,0
40.91993,-2.96845,345.28,0.41,0.37,2023-02-01,1317,N,VIIRS,n,2,290.77,5.91,D,0
41.29192,-3.69615,327.9,0.4,0.37,2023-02-01,1317,N,VIIRS,n,2,281.19,3.42,D,0
41.79052,-1.07968,336.21,0.48,0.4,2023-02-01,1317,N,VIIRS,n,2,288.09,3.73,D,0
42.13747,-1.57186,344.09,0.46,0.39,2023-02-01,1317,N,VIIRS,n,2,286.23,5.28,D,0
42.28825,-6.57226,334.55,0.39,0.36,2023-02-01,1318,N,VIIRS,n,2,292.94,12.3,D,0
42.29229,-6.56853,329.21,0.39,0.36,2023-02-01,1318,N,VIIRS,n,2,287.17,12.3,D,0
42.29155,-6.57315,337.3,0.39,0.36,2023-02-01,1318,N,VIIRS,n,2,290.25,12.3,D,0
42.38585,-6.36817,326.09,0.38,0.36,2023-02-01,1318,N,VIIRS,n,2,281.76,6.78,D,0
43.52351,-5.73554,312.5,0.35,0.57,2023-02-02,0135,N,VIIRS,n,2,277.23,1.04,N,2
43.52329,-5.73114,310.84,0.35,0.57,2023-02-02,0135,N,VIIRS,n,2,275.86,1.04,N,2
43.03596,-2.21772,302.8,0.46,0.47,2023-02-02,0135,N,VIIRS,n,2,274.95,1.46,N,2
43.03622,-2.21988,301.41,0.46,0.47,2023-02-02,0135,N,VIIRS,n,2,275.72,1.16,N,2
41.31106,1.66277,309.13,0.45,0.39,2023-02-02,0135,N,VIIRS,n,2,277.01,2.05,N,2
41.45413,1.98127,303.55,0.44,0.38,2023-02-02,0135,N,VIIRS,n,2,278.47,1.58,N,2
43.55116,-5.8626,305.09,0.35,0.57,2023-02-02,0135,N,VIIRS,n,2,275.57,0.65,N,2
43.53895,-5.83173,335.2,0.35,0.57,2023-02-02,0135,N,VIIRS,n,2,277.27,2.01,N,2
43.52857,-5.73054,311.22,0.35,0.57,2023-02-02,0135,N,VIIRS,n,2,277.08,1.23,N,2
36.96672,-1.90557,305.41,0.57,0.43,2023-02-02,0136,N,VIIRS,n,2,281.66,1.66,N,2
40.29803,-3.31399,298.36,0.49,0.48,2023-02-02,0136,N,VIIRS,n,2,271.05,1.17,N,0
40.29974,-5.88878,307.52,0.33,0.56,2023-02-02,0136,N,VIIRS,n,2,275.27,0.91,N,0
37.07887,-5.93747,330.92,0.4,0.44,2023-02-02,1257,N,VIIRS,n,2,295.79,2.39,D,0
39.41336,-5.67274,325.22,0.53,0.42,2023-02-02,1258,N,VIIRS,n,2,288.33,3.07,D,0
38.48535,-0.48057,332.89,0.39,0.36,2023-02-02,1258,N,VIIRS,n,2,292.55,2.39,D,0
38.86781,-2.30803,330.07,0.41,0.37,2023-02-02,1258,N,VIIRS,n,2,290.17,3.38,D,0
38.87119,-2.30898,325.16,0.41,0.37,2023-02-02,1258,N,VIIRS,n,2,289.37,2.14,D,0
39.19015,-0.49319,331.16,0.38,0.36,2023-02-02,1258,N,VIIRS,n,2,292.88,1.35,D,0
38.547,-5.55846,329.52,0.54,0.42,2023-02-02,1258,N,VIIRS,n,2,288.03,2.95,D,0
39.65393,-0.3079,331.38,0.38,0.36,2023-02-02,1258,N,VIIRS,n,2,294.43,2.23,D,0
39.96803,-3.83894,325.87,0.44,0.38,2023-02-02,1258,N,VIIRS,n,2,291.87,1.89,D,0
40.4659,-1.26125,333.58,0.39,0.36,2023-02-02,1258,N,VIIRS,n,2,287.8,8.35,D,0
40.29712,-3.31286,331.03,0.42,0.38,2023-02-02,1258,N,VIIRS,n,2,292.15,3.06,D,0
39.51066,-7.3005,327.6,0.41,0.45,2023-02-02,1258,N,VIIRS,n,2,286.76,2.08,D,0
40.12686,-5.05448,328.81,0.48,0.4,2023-02-02,1258,N,VIIRS,n,2,286.86,2.52,D,0
41.15961,0.13946,331.35,0.39,0.36,2023-02-02,1258,N,VIIRS,n,2,288.15,2.28,D,0
40.90763,-2.99346,347.14,0.41,0.37,2023-02-02,1258,N,VIIRS,n,2,297.33,9.31,D,0
40.911,-2.99445,338.43,0.41,0.37,2023-02-02,1258,N,VIIRS,n,2,290.84,9.31,D,0
40.90856,-3.0493,339.87,0.41,0.37,2023-02-02,1258,N,VIIRS,n,2,292.16,4.3,D,0
40.90787,-3.05206,331.61,0.41,0.37,2023-02-02,1258,N,VIIRS,n,2,290.81,4.75,D,0
40.94659,-2.9729,347.51,0.41,0.37,2023-02-02,1258,N,VIIRS,n,2,297.22,12.14,D,0
41.48405,-1.32508,328.36,0.39,0.36,2023-02-02,1258,N,VIIRS,n,2,291.5,2.46,D,0
41.79037,-1.08028,345.05,0.38,0.36,2023-02-02,1258,N,VIIRS,n,2,289.59,5.75,D,0
41.79132,-1.46813,334.96,0.39,0.36,2023-02-02,1258,N,VIIRS,n,2,289.83,2.1,D,0
41.79461,-1.46907,341.54,0.39,0.36,2023-02-02,1258,N,VIIRS,n,2,286.02,3.05,D,0
43.52557,-5.73572,330.12,0.45,0.39,2023-02-02,1259,N,VIIRS,n,2,289.1,5.95,D,2
42.14077,-1.57973,352.3,0.39,0.36,2023-02-02,1259,N,VIIRS,n,2,287.55,4.44,D,0
42.14004,-1.58435,329.38,0.39,0.36,2023-02-02,1259,N,VIIRS,n,2,287.48,4.44,D,0
42.18117,-1.88632,332.82,0.39,0.36,2023-02-02,1259,N,VIIRS,n,2,288.7,1.77,D,0
42.12319,-6.56915,333.09,0.51,0.41,2023-02-02,1259,N,VIIRS,n,2,299.92,44.05,D,0
42.21105,-7.05027,336.8,0.54,0.42,2023-02-02,1259,N,VIIRS,n,2,285.7,3.91,D,0
42.56704,-6.17501,344.84,0.49,0.4,2023-02-02,1259,N,VIIRS,n,2,286.55,7.1,D,0
43.0039,-7.05925,337.64,0.52,0.41,2023-02-02,1259,N,VIIRS,n,2,287.19,3.88,D,0
43.00649,-7.06169,337.68,0.52,0.41,2023-02-02,1259,N,VIIRS,n,2,281.77,5.62,D,0
43.52311,-5.72901,327.86,0.45,0.39,2023-02-02,1259,N,VIIRS,n,2,288.2,2.51,D,2
43.12676,-8.76104,344.51,0.7,0.75,2023-02-02,1440,N,VIIRS,n,2,285.05,7.6,D,0
43.11972,-8.7611,340.47,0.7,0.75,2023-02-02,1440,N,VIIRS,n,2,286.81,6.02,D,0
41.31065,1.66147,301.2,0.49,0.48,2023-02-03,0116,N,VIIRS,n,2,276.7,1.2,N,2
43.22262,-2.8789,311,0.43,0.62,2023-02-03,0116,N,VIIRS,n,2,274.24,0.87,N,0
43.2234,-2.88122,304.7,0.43,0.62,2023-02-03,0116,N,VIIRS,n,2,274.01,1.46,N,2
43.54031,-5.83509,295.01,0.61,0.71,2023-02-03,0116,N,VIIRS,n,2,275.4,0.84,N,2
43.52615,-5.7344,308.54,0.6,0.71,2023-02-03,0116,N,VIIRS,n,2,276.56,2.38,N,2
40.35695,-4.33848,298.99,0.49,0.65,2023-02-03,0117,N,VIIRS,n,2,269.66,0.52,N,0
36.96688,-1.9049,295.06,0.34,0.56,2023-02-03,0118,N,VIIRS,n,2,281.38,0.7,N,2
43.52547,-5.72707,311.77,0.46,0.47,2023-02-03,0256,N,VIIRS,n,2,276.48,1.37,N,2
43.52623,-5.72611,295.37,0.46,0.47,2023-02-03,0256,N,VIIRS,n,2,275.12,0.92,N,2
43.52338,-5.73345,295.52,0.46,0.47,2023-02-03,0256,N,VIIRS,n,2,276.39,0.92,N,2
43.52756,-5.73165,303.26,0.46,0.47,2023-02-03,0256,N,VIIRS,n,2,275.85,0.92,N,2
40.35799,-4.33736,309.82,0.32,0.54,2023-02-03,0257,N,VIIRS,n,2,269,0.61,N,0
28.62089,-17.89145,299.92,0.39,0.36,2023-02-03,0301,N,VIIRS,n,2,289.55,1.88,N,2
37.18886,-2.4063,327.88,0.46,0.47,2023-02-03,1238,N,VIIRS,n,2,293.99,4.32,D,0
37.18459,-2.40502,346.22,0.46,0.47,2023-02-03,1238,N,VIIRS,n,2,293.64,4.32,D,0
38.05959,-4.08765,339.93,0.53,0.5,2023-02-03,1239,N,VIIRS,n,2,290.64,7.82,D,0
39.16231,-2.57373,337.99,0.42,0.45,2023-02-03,1239,N,VIIRS,n,2,292.97,3.06,D,0
39.38484,-1.88368,334.74,0.39,0.44,2023-02-03,1239,N,VIIRS,n,2,295.71,3.27,D,0
39.71854,-1.41094,328.81,0.55,0.42,2023-02-03,1239,N,VIIRS,n,2,289.03,4.9,D,0
40.55302,-1.01601,327.13,0.51,0.41,2023-02-03,1239,N,VIIRS,n,2,291.82,1.75,D,0
41.31284,1.66098,325.66,0.41,0.37,2023-02-03,1239,N,VIIRS,n,2,295.11,1.2,D,2
40.19239,-4.33064,342.02,0.49,0.48,2023-02-03,1239,N,VIIRS,n,2,290.65,7.41,D,0
41.52917,0.32847,333.63,0.44,0.38,2023-02-03,1239,N,VIIRS,n,2,289.31,4.21,D,0
38.3168,-1.67004,344.94,0.4,0.44,2023-02-03,1239,N,VIIRS,n,2,297.1,11.02,D,0
36.81925,-6.1099,328.09,0.36,0.58,2023-02-03,1239,N,VIIRS,n,2,294.12,2.04,D,0
37.1964,-3.70994,340.71,0.53,0.5,2023-02-03,1239,N,VIIRS,n,2,291.92,5.88,D,0
37.19825,-3.70856,330.02,0.53,0.5,2023-02-03,1239,N,VIIRS,n,2,290.49,4.38,D,0
41.87689,-7.96609,333.83,0.33,0.56,2023-02-03,1240,N,VIIRS,n,2,283.51,4.96,D,0
43.52436,-5.72568,326.08,0.47,0.48,2023-02-03,1240,N,VIIRS,n,2,288.16,2.87,D,2
42.46669,-5.98208,336.93,0.52,0.5,2023-02-03,1240,N,VIIRS,n,2,286.46,4.87,D,0
41.87586,-7.96995,341.31,0.33,0.56,2023-02-03,1240,N,VIIRS,n,2,285.53,3.84,D,0
41.87103,-7.96742,342.86,0.33,0.56,2023-02-03,1240,N,VIIRS,n,2,287.95,3.6,D,0
42.22834,-6.42691,341.71,0.55,0.51,2023-02-03,1240,N,VIIRS,n,2,286.61,9.72,D,0
42.22565,-6.41765,338.28,0.55,0.51,2023-02-03,1240,N,VIIRS,n,2,287.94,10.97,D,0
42.22754,-6.42477,352.23,0.55,0.51,2023-02-03,1240,N,VIIRS,n,2,286.75,9.91,D,0
42.22919,-6.41803,337.99,0.55,0.51,2023-02-03,1240,N,VIIRS,n,2,287.6,9.91,D,0
42.35558,-4.61397,326.8,0.45,0.47,2023-02-03,1240,N,VIIRS,n,2,287.23,4.96,D,0
42.14442,-1.57379,338.31,0.5,0.41,2023-02-03,1240,N,VIIRS,n,2,287.78,4.2,D,0
42.14196,-1.5665,332.11,0.5,0.41,2023-02-03,1240,N,VIIRS,n,2,287.06,3.43,D,0
42.12854,-1.5744,334.19,0.5,0.41,2023-02-03,1240,N,VIIRS,n,2,288.97,7.06,D,0
42.3317,2.53321,344.72,0.39,0.36,2023-02-03,1240,N,VIIRS,n,2,293.86,9.56,D,0
42.33245,2.53782,350.6,0.39,0.36,2023-02-03,1240,N,VIIRS,n,2,301.75,14.22,D,0
41.72121,0.51493,332.84,0.43,0.38,2023-02-03,1240,N,VIIRS,n,2,291.4,9.06,D,0
40.90829,-2.9893,330.47,0.41,0.45,2023-02-03,1240,N,VIIRS,n,2,291.56,2.19,D,0
40.91144,-2.97514,333.64,0.41,0.45,2023-02-03,1240,N,VIIRS,n,2,291.51,3.37,D,0
40.90641,-3.01792,341.44,0.77,0.78,2023-02-03,1420,N,VIIRS,n,2,292.29,9.2,D,0
40.90697,-3.021,348.92,0.77,0.78,2023-02-03,1420,N,VIIRS,n,2,292.97,9.84,D,0
41.80648,-5.85543,355.76,0.56,0.69,2023-02-03,1421,N,VIIRS,n,2,288.77,8.48,D,0
42.38797,-4.64784,345.63,0.65,0.73,2023-02-03,1421,N,VIIRS,n,2,287.27,6.78,D,0
42.38713,-4.6477,343.02,0.65,0.73,2023-02-03,1421,N,VIIRS,n,2,287.19,10.14,D,0
41.87254,-7.9643,326.56,0.44,0.62,2023-02-03,1421,N,VIIRS,n,2,286.75,2.01,D,0
41.80639,-5.86246,338.61,0.56,0.69,2023-02-03,1421,N,VIIRS,n,2,287.6,8.48,D,0
43.22533,-2.88097,301.35,0.75,0.77,2023-02-04,0057,N,VIIRS,n,2,273.77,0.88,N,2
39.93519,-3.74607,301.86,0.41,0.45,2023-02-04,0238,N,VIIRS,n,2,272.99,1.08,N,2
41.31192,1.66186,323.7,0.35,0.56,2023-02-04,0238,N,VIIRS,n,2,281.89,1.68,N,2
41.40633,1.99881,304.08,0.36,0.57,2023-02-04,0238,N,VIIRS,n,2,277.14,0.54,N,2
38.37607,-0.54511,306.27,0.32,0.55,2023-02-04,0239,N,VIIRS,n,2,278.4,0.73,N,2
36.96571,-1.9079,295.43,0.59,0.53,2023-02-04,0239,N,VIIRS,n,2,278.09,1.58,N,2
38.90618,-5.98047,304.7,0.51,0.41,2023-02-04,0239,N,VIIRS,n,2,272.87,1.39,N,0
36.18027,-5.42815,295.65,0.4,0.44,2023-02-04,0240,N,VIIRS,n,2,282.4,0.45,N,0
28.15262,-15.64689,297.08,0.4,0.37,2023-02-04,0242,N,VIIRS,n,2,284.02,0.56,N,0
38.32603,-1.67385,329.03,0.35,0.56,2023-02-04,1220,N,VIIRS,n,2,294.33,1.98,D,0
38.14199,-1.19947,331.09,0.33,0.55,2023-02-04,1220,N,VIIRS,n,2,292.28,1.74,D,0
38.36294,-1.68463,332.52,0.35,0.56,2023-02-04,1220,N,VIIRS,n,2,292.53,2.14,D,0
42.13799,-1.26031,337.54,0.53,0.5,2023-02-04,1221,N,VIIRS,n,2,288.64,6.52,D,0
42.3301,-1.60227,339.62,0.54,0.51,2023-02-04,1221,N,VIIRS,n,2,290.01,9.32,D,0
42.10847,2.42366,328.88,0.54,0.42,2023-02-04,1221,N,VIIRS,n,2,289.71,2.37,D,0
39.93177,-3.90493,333.25,0.39,0.59,2023-02-04,1401,N,VIIRS,n,2,293.04,2.04,D,0
38.86864,-6.52976,327.7,0.55,0.51,2023-02-04,1401,N,VIIRS,n,2,292.34,2.5,D,0
41.99087,-6.96964,347.78,0.56,0.51,2023-02-04,1402,N,VIIRS,n,2,295.54,26.88,D,0
42.28789,-6.58812,333.83,0.59,0.53,2023-02-04,1402,N,VIIRS,n,2,296.15,4.73,D,0
41.31131,1.66047,317.64,0.41,0.45,2023-02-05,0219,N,VIIRS,n,2,281.25,1.8,N,2
41.40459,1.99862,300.57,0.42,0.45,2023-02-05,0219,N,VIIRS,n,2,277.1,0.96,N,2
43.34615,-8.43451,299.54,0.44,0.38,2023-02-05,0219,N,VIIRS,n,2,275.8,0.32,N,2
40.83144,0.57351,354.67,0.56,0.43,2023-02-05,0219,N,VIIRS,n,2,297.72,41.83,N,0
40.83274,0.56744,315.55,0.56,0.43,2023-02-05,0219,N,VIIRS,n,2,282.42,3.94,N,0
40.83095,0.56768,316.09,0.56,0.43,2023-02-05,0219,N,VIIRS,n,2,282.37,18.81,N,0
40.82963,0.57372,339.43,0.56,0.43,2023-02-05,0219,N,VIIRS,n,2,293.34,18.81,N,0
40.82759,0.57209,307.47,0.56,0.43,2023-02-05,0219,N,VIIRS,n,2,281.21,1.74,N,0
40.83482,0.56901,317.87,0.56,0.43,2023-02-05,0219,N,VIIRS,n,2,283.24,2.73,N,0
40.83348,0.57518,325.65,0.56,0.43,2023-02-05,0219,N,VIIRS,n,2,283.01,2.73,N,0
41.90351,-1.47921,313.22,0.45,0.39,2023-02-05,0219,N,VIIRS,n,2,276.92,1.42,N,0
37.70856,-5.34219,297.7,0.39,0.36,2023-02-05,0220,N,VIIRS,n,2,275.75,0.63,N,0
37.36055,-5.86589,297.86,0.39,0.36,2023-02-05,0220,N,VIIRS,n,2,278.76,0.7,N,2
37.1996,-4.78487,299.22,0.41,0.37,2023-02-05,0220,N,VIIRS,n,2,273.57,0.77,N,0
37.28977,-4.75764,296.79,0.41,0.37,2023-02-05,0220,N,VIIRS,n,2,274.44,0.58,N,0
37.27293,-4.54286,305.96,0.41,0.37,2023-02-05,0220,N,VIIRS,n,2,275.28,0.98,N,0
36.96828,-1.90541,295.18,0.51,0.41,2023-02-05,0220,N,VIIRS,n,2,280.94,0.59,N,2
38.3799,-6.48382,295.09,0.38,0.36,2023-02-05,0220,N,VIIRS,n,2,276.02,0.86,N,0
38.30986,-5.28384,303.46,0.39,0.36,2023-02-05,0220,N,VIIRS,n,2,273.46,0.66,N,0
38.31061,-5.28828,298.47,0.39,0.36,2023-02-05,0220,N,VIIRS,n,2,273.76,0.66,N,0
38.44504,-4.89657,300.75,0.4,0.37,2023-02-05,0220,N,VIIRS,n,2,272,0.85,N,0
38.66191,-6.09915,298.88,0.38,0.36,2023-02-05,0220,N,VIIRS,n,2,273.68,0.89,N,0
38.2641,-3.62274,310.23,0.43,0.38,2023-02-05,0220,N,VIIRS,n,2,275.21,1.12,N,0
38.90471,-5.98169,299.2,0.38,0.36,2023-02-05,0220,N,VIIRS,n,2,273.74,0.74,N,0
38.37711,-0.54282,295.13,0.56,0.43,2023-02-05,0220,N,VIIRS,n,2,279.76,1.05,N,2
40.10721,-4.94012,295.95,0.39,0.36,2023-02-05,0220,N,VIIRS,n,2,272.49,0.39,N,0
39.93645,-3.74264,300.63,0.41,0.37,2023-02-05,0220,N,VIIRS,n,2,272.85,1.36,N,2
37.29052,-6.38956,301.36,0.39,0.36,2023-02-05,0221,N,VIIRS,n,2,276.74,0.61,N,0
37.04034,-4.8616,298.62,0.41,0.37,2023-02-05,0221,N,VIIRS,n,2,271.57,0.47,N,0
40.55474,-1.02417,341.71,0.48,0.65,2023-02-05,1202,N,VIIRS,n,2,288.09,7.92,D,0
38.6642,-4.04641,334.16,0.42,0.45,2023-02-05,1342,N,VIIRS,n,2,295.25,2.56,D,0
40.10477,-5.86331,340.31,0.53,0.42,2023-02-05,1342,N,VIIRS,n,2,297.07,17.63,D,0
38.87405,-5.66141,332.67,0.52,0.42,2023-02-05,1342,N,VIIRS,n,2,295.07,4.24,D,0
42.84179,-6.7273,332.14,0.52,0.42,2023-02-05,1343,N,VIIRS,n,2,290.2,20.12,D,0
42.07925,-1.17685,330.91,0.63,0.54,2023-02-05,1343,N,VIIRS,n,2,286.72,7.28,D,0
43.1405,-5.59583,327.36,0.39,0.44,2023-02-05,1343,N,VIIRS,n,2,284.66,1.79,D,0
42.83797,-6.72641,356.25,0.52,0.42,2023-02-05,1343,N,VIIRS,n,2,300.46,20.12,D,0
41.45415,1.97855,307.99,0.42,0.37,2023-02-06,0200,N,VIIRS,n,2,279.95,1.31,N,2
41.45598,1.97747,304.25,0.42,0.37,2023-02-06,0200,N,VIIRS,n,2,277.88,1.66,N,2
43.22519,-2.87856,296.4,0.42,0.37,2023-02-06,0200,N,VIIRS,n,2,277.12,1.12,N,2
41.90154,-7.72336,300.09,0.41,0.45,2023-02-06,0200,N,VIIRS,n,2,269.46,2.07,N,0
41.90103,-7.718,328.82,0.41,0.45,2023-02-06,0200,N,VIIRS,n,2,268.71,2.07,N,0
42.06956,-8.20085,321.71,0.43,0.46,2023-02-06,0200,N,VIIRS,n,2,274.79,3.84,N,0
42.07383,-8.20043,335.33,0.43,0.46,2023-02-06,0200,N,VIIRS,n,2,276.34,3.84,N,0
42.0725,-8.19838,320.04,0.43,0.46,2023-02-06,0200,N,VIIRS,n,2,275.88,5.48,N,0
42.0729,-8.20294,355.13,0.43,0.46,2023-02-06,0200,N,VIIRS,n,2,278.89,5.48,N,0
41.31385,1.6618,299.39,0.41,0.37,2023-02-06,0200,N,VIIRS,n,2,272.76,0.71,N,2
38.37516,-0.5467,299.51,0.39,0.36,2023-02-06,0201,N,VIIRS,n,2,278.15,0.49,N,2
40.24921,-5.63608,297.36,0.48,0.4,2023-02-06,0201,N,VIIRS,n,2,273.84,1.07,N,0
40.24627,-5.64302,327.42,0.48,0.4,2023-02-06,0201,N,VIIRS,n,2,278.34,27.61,N,0
40.24483,-5.63072,331.77,0.48,0.4,2023-02-06,0201,N,VIIRS,n,2,274.98,6.24,N,0
40.24553,-5.63666,332.55,0.48,0.4,2023-02-06,0201,N,VIIRS,n,2,290.25,27.61,N,0
38.66554,-4.0502,300.35,0.41,0.37,2023-02-06,0201,N,VIIRS,n,2,270.85,0.44,N,2
36.96745,-1.90515,311.82,0.38,0.36,2023-02-06,0202,N,VIIRS,n,2,282.81,1.62,N,2
41.89912,-7.7252,302.38,0.67,0.74,2023-02-06,0340,N,VIIRS,n,2,267.78,6.31,N,0
42.07173,-8.19268,320.36,0.63,0.72,2023-02-06,0340,N,VIIRS,n,2,277.26,5.1,N,0
42.07545,-8.20382,346.95,0.63,0.72,2023-02-06,0340,N,VIIRS,n,2,278.64,5.1,N,0
41.90072,-7.71373,315.8,0.67,0.74,2023-02-06,0341,N,VIIRS,n,2,267.62,3.79,N,0
42.07631,-8.19896,300.14,0.63,0.72,2023-02-06,0341,N,VIIRS,n,2,276.88,9.97,N,0
42.06764,-8.195,323.49,0.63,0.72,2023-02-06,0341,N,VIIRS,n,2,277.15,8.62,N,0
36.53838,-6.09762,337.1,0.39,0.36,2023-02-06,1322,N,VIIRS,n,2,293.47,8.47,D,0
36.54962,-6.09146,356.24,0.39,0.36,2023-02-06,1322,N,VIIRS,l,2,294.77,8.16,D,0
36.55223,-6.09655,337.58,0.39,0.36,2023-02-06,1322,N,VIIRS,n,2,297.83,2.28,D,0
37.09255,-6.09382,335.05,0.38,0.36,2023-02-06,1322,N,VIIRS,n,2,297.13,8.42,D,0
37.55963,-3.00535,334.38,0.42,0.38,2023-02-06,1322,N,VIIRS,n,2,297.5,2.9,D,0
36.54893,-6.09575,355.58,0.39,0.36,2023-02-06,1322,N,VIIRS,n,2,295.48,5.01,D,0
37.3953,-5.22306,331.64,0.39,0.36,2023-02-06,1323,N,VIIRS,n,2,299.28,9.48,D,0
37.99485,-5.24254,350.82,0.39,0.36,2023-02-06,1323,N,VIIRS,n,2,296.14,9.94,D,0
38.14502,-6.22415,336.96,0.38,0.36,2023-02-06,1323,N,VIIRS,n,2,294.1,4.98,D,0
38.84253,-3.36259,337.52,0.42,0.38,2023-02-06,1323,N,VIIRS,n,2,290.45,3.48,D,0
39.32178,-3.12318,328.41,0.44,0.38,2023-02-06,1323,N,VIIRS,n,2,285.64,1.99,D,0
38.87571,-6.48457,329.47,0.38,0.36,2023-02-06,1323,N,VIIRS,n,2,292.83,1.81,D,0
40.39799,-3.00723,340.04,0.45,0.39,2023-02-06,1323,N,VIIRS,n,2,287.83,6.54,D,0
40.44897,-5.73965,325.18,0.39,0.36,2023-02-06,1323,N,VIIRS,n,2,284.98,2.08,D,0
40.91997,-2.95469,346.19,0.46,0.39,2023-02-06,1323,N,VIIRS,n,2,288.63,7.27,D,0
41.19906,-3.95576,330.06,0.43,0.38,2023-02-06,1324,N,VIIRS,n,2,284.81,2.89,D,0
41.5193,-0.57041,339.62,0.39,0.44,2023-02-06,1324,N,VIIRS,n,2,288.29,4.1,D,0
42.1225,-1.57103,345.52,0.53,0.42,2023-02-06,1324,N,VIIRS,n,2,288.83,8.14,D,0
42.12638,-1.57166,345.63,0.53,0.42,2023-02-06,1324,N,VIIRS,n,2,287.45,8.14,D,0
42.14776,-1.55575,330.93,0.53,0.42,2023-02-06,1324,N,VIIRS,n,2,288.35,3.82,D,0
42.36697,-1.5043,325.42,0.54,0.42,2023-02-06,1324,N,VIIRS,n,2,287.95,3.82,D,0
42.07021,-8.20259,332.5,0.39,0.36,2023-02-06,1324,N,VIIRS,n,2,289.82,3.19,D,0
42.46368,-6.37503,330,0.39,0.36,2023-02-06,1324,N,VIIRS,n,2,288.39,29.63,D,0
42.60285,-6.20799,353.49,0.39,0.36,2023-02-06,1324,N,VIIRS,n,2,291.51,12.11,D,0
42.76029,-5.54521,347.31,0.4,0.37,2023-02-06,1324,N,VIIRS,n,2,291.02,14.51,D,0
43.39231,-5.02568,327.22,0.42,0.37,2023-02-06,1324,N,VIIRS,n,2,287.64,3.51,D,0
41.51527,-0.56974,338.88,0.39,0.44,2023-02-06,1324,N,VIIRS,n,2,287.39,4.1,D,0
43.40083,-4.82963,345.95,0.52,0.5,2023-02-07,0141,N,VIIRS,n,2,276.65,6.93,N,0
43.39604,-4.82825,313.57,0.52,0.5,2023-02-07,0141,N,VIIRS,n,2,273.43,2.34,N,0
43.53694,-5.83355,311.03,0.59,0.53,2023-02-07,0141,N,VIIRS,n,2,274.49,3.15,N,2
43.52554,-5.73133,316.62,0.58,0.52,2023-02-07,0141,N,VIIRS,n,2,278.01,3.34,N,2
41.89439,-7.97161,329.13,0.37,0.58,2023-02-07,0142,N,VIIRS,n,2,273.57,4.12,N,0
41.89463,-7.97639,345.64,0.37,0.58,2023-02-07,0142,N,VIIRS,n,2,273.45,4.12,N,0
41.9005,-7.98521,304.46,0.37,0.58,2023-02-07,0142,N,VIIRS,n,2,273.35,2.53,N,0
41.88333,-7.96696,319.25,0.37,0.58,2023-02-07,0142,N,VIIRS,n,2,273.45,2.13,N,0
41.87834,-7.97526,303.5,0.37,0.58,2023-02-07,0142,N,VIIRS,n,2,271.59,0.49,N,0
41.87291,-7.97496,297.95,0.37,0.58,2023-02-07,0142,N,VIIRS,n,2,271.65,0.49,N,0
39.93506,-3.74684,296.81,0.42,0.45,2023-02-07,0142,N,VIIRS,n,2,273.58,1.01,N,2
39.34093,-1.91767,306.51,0.51,0.41,2023-02-07,0142,N,VIIRS,n,2,272.22,1.66,N,0
41.9003,-7.98123,326.85,0.37,0.58,2023-02-07,0142,N,VIIRS,n,2,274.21,2.53,N,0
41.8892,-7.97595,311.05,0.37,0.58,2023-02-07,0142,N,VIIRS,n,2,271.53,4.03,N,0
41.88897,-7.97142,349.93,0.37,0.58,2023-02-07,0142,N,VIIRS,n,2,274.56,4.03,N,0
41.89487,-7.98099,312.22,0.37,0.58,2023-02-07,0142,N,VIIRS,n,2,272.19,2.53,N,0
43.52192,-5.73023,300.26,0.45,0.63,2023-02-07,0321,N,VIIRS,n,2,273.53,0.87,N,2
43.39917,-4.83656,321.03,0.5,0.65,2023-02-07,0321,N,VIIRS,n,2,275.32,4.99,N,0
43.3977,-4.8319,327.78,0.5,0.65,2023-02-07,0321,N,VIIRS,n,2,274.79,5.46,N,0
43.396,-4.83331,304.65,0.5,0.66,2023-02-07,0321,N,VIIRS,n,2,273.4,1.84,N,0
43.52716,-5.72727,302.17,0.45,0.63,2023-02-07,0321,N,VIIRS,n,2,275.42,1.18,N,2
43.52174,-5.73041,295.9,0.45,0.63,2023-02-07,0321,N,VIIRS,n,2,273.32,1.18,N,2
43.52735,-5.72707,300.12,0.45,0.63,2023-02-07,0321,N,VIIRS,n,2,275.66,0.87,N,2
41.8979,-7.97002,308.81,0.39,0.6,2023-02-07,0322,N,VIIRS,n,2,271.73,1.53,N,0
41.89909,-7.97427,312.18,0.39,0.6,2023-02-07,0322,N,VIIRS,n,2,272.35,1.53,N,0
41.90025,-7.97838,320.17,0.39,0.6,2023-02-07,0322,N,VIIRS,n,2,272.26,2.81,N,0
41.89288,-7.97333,299.84,0.39,0.6,2023-02-07,0322,N,VIIRS,n,2,270.2,0.9,N,0
40.09213,-5.8743,331.44,0.45,0.39,2023-02-07,1304,N,VIIRS,n,2,288.16,5.66,D,0
42.7617,-5.55316,341.59,0.41,0.37,2023-02-07,1305,N,VIIRS,n,2,286.94,48.28,D,0
42.75832,-5.55207,332.76,0.41,0.37,2023-02-07,1305,N,VIIRS,n,2,299.31,31,D,0
42.76081,-5.55816,331.63,0.41,0.37,2023-02-07,1305,N,VIIRS,n,2,284.19,25.03,D,0
43.52788,-5.73677,298.69,0.5,0.66,2023-02-08,0122,N,VIIRS,n,2,274.32,1.49,N,2
43.5261,-5.73584,313.62,0.5,0.66,2023-02-08,0122,N,VIIRS,n,2,275.35,2.47,N,2
43.52598,-5.72957,298.08,0.5,0.66,2023-02-08,0122,N,VIIRS,n,2,274.72,1.25,N,2
43.52774,-5.73094,303.84,0.5,0.66,2023-02-08,0122,N,VIIRS,n,2,275.44,1.49,N,2
41.31158,1.66107,312.19,0.41,0.45,2023-02-08,0123,N,VIIRS,n,2,279,1.61,N,2
43.52837,-5.72827,320.04,0.54,0.51,2023-02-08,0303,N,VIIRS,n,2,275.35,1.95,N,2
43.52391,-5.73043,315.77,0.54,0.51,2023-02-08,0303,N,VIIRS,n,2,274.95,2.33,N,2
28.61494,-17.8691,295.48,0.43,0.38,2023-02-08,0307,N,VIIRS,n,2,285.41,1.4,N,2
41.36342,-5.97769,331.29,0.46,0.47,2023-02-08,1246,N,VIIRS,n,2,280.39,2.64,D,0
39.79015,-5.1484,327.88,0.46,0.47,2023-02-08,1246,N,VIIRS,n,2,282.18,3.87,D,0
43.22391,-2.8776,327.16,0.47,0.4,2023-02-08,1246,N,VIIRS,n,2,289,2.72,D,2
42.92881,-8.92083,325.25,0.58,0.52,2023-02-08,1247,N,VIIRS,n,2,285.53,4.08,D,0
43.28942,-8.01806,342.68,0.52,0.5,2023-02-08,1247,N,VIIRS,n,2,284.7,8.32,D,0
42.93337,-8.92324,337.06,0.58,0.52,2023-02-08,1247,N,VIIRS,n,2,283.38,5.57,D,0
43.52652,-5.73283,333.19,0.4,0.44,2023-02-08,1247,N,VIIRS,n,2,288.61,5.38,D,2
43.04143,-2.21938,296.49,0.58,0.7,2023-02-09,0103,N,VIIRS,n,2,273.76,0.97,N,2
43.52296,-5.73617,297.45,0.5,0.41,2023-02-09,0244,N,VIIRS,n,2,276,1.98,N,2
43.52534,-5.72868,308.65,0.5,0.41,2023-02-09,0244,N,VIIRS,n,2,277.33,2.44,N,2
43.03912,-2.22237,295.32,0.48,0.48,2023-02-09,0244,N,VIIRS,n,2,272.83,0.66,N,2
43.04111,-2.22183,299.08,0.48,0.48,2023-02-09,0244,N,VIIRS,n,2,271.99,0.62,N,2
43.52662,-5.73478,319.68,0.5,0.41,2023-02-09,0244,N,VIIRS,n,2,277.41,2.44,N,2
37.22897,-5.18853,338.29,0.47,0.64,2023-02-09,1226,N,VIIRS,n,2,287.17,3.6,D,0
40.90969,-2.97955,340.05,0.58,0.52,2023-02-09,1227,N,VIIRS,n,2,286.73,12.78,D,0
40.79414,-3.13247,337.31,0.59,0.53,2023-02-09,1227,N,VIIRS,n,2,283.63,11.35,D,0
41.36284,-5.97634,354.94,0.39,0.6,2023-02-09,1227,N,VIIRS,n,2,284.24,7.48,D,0
40.79122,-3.12355,327.72,0.59,0.53,2023-02-09,1227,N,VIIRS,n,2,289.31,11.26,D,0
40.78946,-3.13048,348.01,0.59,0.53,2023-02-09,1227,N,VIIRS,n,2,288.65,11.26,D,0
40.13253,-5.05595,328.12,0.38,0.59,2023-02-09,1227,N,VIIRS,n,2,283.84,2.65,D,0
40.12783,-5.05527,337.63,0.38,0.59,2023-02-09,1227,N,VIIRS,n,2,284.82,3.38,D,0
40.92018,-3.01466,329.8,0.58,0.52,2023-02-09,1227,N,VIIRS,n,2,284.99,4.54,D,0
40.90828,-2.98043,351.75,0.58,0.52,2023-02-09,1227,N,VIIRS,n,2,284.93,10.16,D,0
42.43104,-5.90005,336.98,0.36,0.58,2023-02-09,1228,N,VIIRS,n,2,283.66,2.32,D,0
43.25705,-3.96908,336.36,0.56,0.52,2023-02-09,1228,N,VIIRS,n,2,284.83,16.82,D,0
42.23141,-8.21316,335.91,0.47,0.64,2023-02-09,1228,N,VIIRS,n,2,283.44,6.14,D,0
42.23305,-8.20771,348.65,0.47,0.64,2023-02-09,1228,N,VIIRS,n,2,287.81,10.09,D,0
43.2631,-3.96534,334.79,0.56,0.52,2023-02-09,1228,N,VIIRS,n,2,279.92,16.82,D,0
42.93317,-6.98552,341.67,0.4,0.6,2023-02-09,1228,N,VIIRS,n,2,281.9,4.98,D,0
43.53981,-5.82963,326.96,0.39,0.36,2023-02-10,0225,N,VIIRS,n,2,276.55,2.22,N,2
43.54797,-5.75282,314.77,0.39,0.36,2023-02-10,0225,N,VIIRS,n,2,272.83,1.41,N,0
43.55172,-5.8606,302.74,0.38,0.36,2023-02-10,0225,N,VIIRS,n,2,275.14,0.97,N,2
43.52772,-5.73428,329.28,0.39,0.36,2023-02-10,0225,N,VIIRS,n,2,279.48,2.52,N,2
43.52695,-5.72955,316.21,0.39,0.36,2023-02-10,0225,N,VIIRS,n,2,278.8,2.52,N,2
43.52444,-5.73529,315.52,0.39,0.36,2023-02-10,0225,N,VIIRS,n,2,278.81,2.52,N,2
43.52367,-5.73057,314.08,0.39,0.36,2023-02-10,0225,N,VIIRS,n,2,275.85,2.52,N,2
41.40651,1.99689,297.1,0.5,0.49,2023-02-10,0225,N,VIIRS,n,2,276.1,0.89,N,2
38.665,-4.04953,300.85,0.46,0.39,2023-02-10,0226,N,VIIRS,n,2,271.43,1.32,N,2
39.93681,-3.74353,299.89,0.45,0.39,2023-02-10,0226,N,VIIRS,n,2,274.75,1.33,N,2
37.58774,-5.17433,314.03,0.43,0.38,2023-02-10,0227,N,VIIRS,n,2,277.62,2.22,N,0
40.91372,-2.97224,334,0.49,0.65,2023-02-10,1208,N,VIIRS,n,2,281.38,4.6,D,0
42.30311,-8.24087,335.95,0.78,0.78,2023-02-10,1209,N,VIIRS,n,2,282.26,9.93,D,0
42.29617,-7.28713,337.88,0.71,0.75,2023-02-10,1209,N,VIIRS,n,2,278.46,6.11,D,0
42.02064,-4.81837,325.46,0.5,0.49,2023-02-10,1349,N,VIIRS,n,2,287.04,2.24,D,0
40.91105,-2.99167,335.17,0.6,0.53,2023-02-10,1349,N,VIIRS,n,2,287.79,7.03,D,0
40.91006,-3.00607,341.37,0.6,0.53,2023-02-10,1349,N,VIIRS,n,2,295.83,22.73,D,0
40.91221,-2.99237,337.41,0.6,0.53,2023-02-10,1349,N,VIIRS,n,2,288.63,6.5,D,0
40.91131,-3.00679,342.5,0.6,0.53,2023-02-10,1349,N,VIIRS,n,2,302.22,51.33,D,0
40.91623,-3.00759,339.26,0.6,0.53,2023-02-10,1349,N,VIIRS,n,2,286.74,51.33,D,0
43.14925,-3.80885,340.66,0.57,0.52,2023-02-10,1349,N,VIIRS,n,2,289.65,9.19,D,0
43.15086,-3.80816,338.9,0.57,0.52,2023-02-10,1349,N,VIIRS,n,2,288.52,11.85,D,0
43.00053,-2.18989,327.32,0.34,0.56,2023-02-10,1349,N,VIIRS,n,2,287.18,2.04,D,0
42.35463,-1.67144,352.16,0.36,0.58,2023-02-10,1349,N,VIIRS,n,2,288.05,4.02,D,0
42.81222,-1.74232,304.05,0.38,0.36,2023-02-11,0206,N,VIIRS,n,2,268.91,0.79,N,2
43.52573,-5.73117,336.7,0.45,0.39,2023-02-11,0206,N,VIIRS,n,2,280.32,3.09,N,2
43.53812,-5.8329,343.22,0.46,0.39,2023-02-11,0206,N,VIIRS,n,2,275.19,9.07,N,2
43.5297,-5.72963,296.88,0.46,0.39,2023-02-11,0206,N,VIIRS,n,2,274.86,0.55,N,2
43.52932,-5.73038,308.39,0.45,0.39,2023-02-11,0206,N,VIIRS,n,2,275.56,3.09,N,2
41.74288,0.491,297.13,0.42,0.37,2023-02-11,0206,N,VIIRS,n,2,271.1,0.63,N,0
43.15904,-5.79676,318.16,0.45,0.39,2023-02-11,0206,N,VIIRS,n,2,276.56,1.59,N,0
43.16264,-5.7961,316.69,0.45,0.39,2023-02-11,0206,N,VIIRS,n,2,275.92,1.59,N,0
43.16341,-5.80252,295.94,0.45,0.39,2023-02-11,0206,N,VIIRS,n,2,275.96,1.59,N,0
42.34636,-5.68852,311.98,0.44,0.39,2023-02-11,0207,N,VIIRS,n,2,268.95,1.51,N,0
42.3487,-5.68667,305.99,0.44,0.39,2023-02-11,0207,N,VIIRS,n,2,268.41,0.86,N,0
41.40584,1.99851,303.93,0.47,0.39,2023-02-11,0207,N,VIIRS,n,2,275.44,1.08,N,2
39.93655,-3.74302,305.77,0.39,0.36,2023-02-11,0207,N,VIIRS,n,2,274.76,0.99,N,2
37.62197,-5.05199,325.42,0.41,0.37,2023-02-11,1329,N,VIIRS,n,2,293.34,2.75,D,0
41.82581,-1.18108,355.72,0.43,0.46,2023-02-11,1330,N,VIIRS,n,2,286.84,9.05,D,0
42.14692,-8.09159,328.72,0.39,0.36,2023-02-11,1330,N,VIIRS,n,2,289.36,3.07,D,0
42.16622,-8.25446,330.05,0.39,0.36,2023-02-11,1330,N,VIIRS,n,2,289.79,2.18,D,0
43.22704,-5.71417,331.07,0.44,0.38,2023-02-11,1330,N,VIIRS,n,2,295.21,8.32,D,0
42.32286,-2.75979,330.04,0.56,0.43,2023-02-11,1330,N,VIIRS,n,2,286.98,3.36,D,0
43.38614,-5.29122,339.78,0.45,0.39,2023-02-11,1330,N,VIIRS,n,2,293.67,9.92,D,0
43.52311,-5.72846,330.54,0.44,0.38,2023-02-11,1331,N,VIIRS,n,2,291.61,12.15,D,2
43.38711,-5.28822,338.19,0.45,0.39,2023-02-11,1331,N,VIIRS,n,2,288.87,4.25,D,0
43.52567,-5.73069,330.13,0.49,0.48,2023-02-12,0147,N,VIIRS,n,2,279.56,5.53,N,2
43.28948,-3.88304,308.9,0.39,0.44,2023-02-12,0147,N,VIIRS,n,2,277.25,1.27,N,0
43.29362,-3.88319,326.26,0.39,0.44,2023-02-12,0147,N,VIIRS,n,2,279.71,2.68,N,0
43.52456,-5.73049,325.94,0.49,0.48,2023-02-12,0147,N,VIIRS,n,2,277.87,3.09,N,2
43.52504,-5.73643,336.47,0.49,0.48,2023-02-12,0147,N,VIIRS,n,2,278.89,6.7,N,2
43.52905,-5.72983,310.68,0.49,0.48,2023-02-12,0147,N,VIIRS,n,2,278.11,3.09,N,2
43.53796,-5.83404,309.32,0.49,0.49,2023-02-12,0147,N,VIIRS,n,2,274.55,1.96,N,2
43.53015,-5.73,296.56,0.49,0.48,2023-02-12,0147,N,VIIRS,n,2,276.06,0.76,N,2
43.52612,-5.73668,336.69,0.49,0.48,2023-02-12,0147,N,VIIRS,n,2,279.51,5.53,N,2
43.53741,-5.83365,308.09,0.49,0.49,2023-02-12,0147,N,VIIRS,n,2,273.5,0.95,N,2
39.60437,-3.33131,315.76,0.51,0.41,2023-02-12,0148,N,VIIRS,n,2,269.53,1.89,N,0
39.93488,-3.74493,296.48,0.54,0.42,2023-02-12,0148,N,VIIRS,n,2,274.85,0.92,N,2
39.93492,-3.74499,295.58,0.54,0.42,2023-02-12,0148,N,VIIRS,n,2,275.01,1.03,N,2
41.47583,-1.48713,296.87,0.45,0.39,2023-02-12,0148,N,VIIRS,n,2,271.21,0.93,N,2
41.31282,1.66217,317.28,0.39,0.36,2023-02-12,0148,N,VIIRS,n,2,277.63,1.86,N,2
41.40747,2.00002,298.31,0.38,0.36,2023-02-12,0148,N,VIIRS,n,2,274.64,0.37,N,2
42.57888,-7.01205,336.87,0.55,0.51,2023-02-12,0148,N,VIIRS,n,2,274.29,12.69,N,0
42.29096,-3.69667,326.02,0.57,0.43,2023-02-12,0148,N,VIIRS,n,2,269.34,3.71,N,0
42.28984,-3.69617,325.46,0.57,0.43,2023-02-12,0148,N,VIIRS,n,2,268.32,2.12,N,0
42.57888,-7.01095,336.7,0.55,0.51,2023-02-12,0148,N,VIIRS,n,2,275.81,11.7,N,0
42.57829,-7.00297,335.23,0.55,0.51,2023-02-12,0148,N,VIIRS,n,2,274.55,11.7,N,0
41.45518,1.97964,297.75,0.38,0.36,2023-02-12,0148,N,VIIRS,n,2,276.58,0.88,N,2
42.57833,-7.00404,335.33,0.55,0.51,2023-02-12,0148,N,VIIRS,n,2,275.91,5.54,N,0
42.57371,-7.00647,305.03,0.55,0.51,2023-02-12,0148,N,VIIRS,n,2,270.95,5.54,N,0
38.37571,-0.54416,305.95,0.4,0.37,2023-02-12,0149,N,VIIRS,n,2,278.51,1.21,N,2
43.53083,-5.73241,314.33,0.53,0.67,2023-02-12,0328,N,VIIRS,n,2,274.91,3.17,N,2
42.58026,-7.00609,321.27,0.49,0.65,2023-02-12,0328,N,VIIRS,n,2,272.4,2.53,N,0
42.5785,-7.00546,322.69,0.49,0.65,2023-02-12,0328,N,VIIRS,n,2,272.2,2.29,N,0
43.52499,-5.73566,330.79,0.53,0.67,2023-02-12,0328,N,VIIRS,n,2,277.48,3.17,N,2
38.63832,-3.95419,337.86,0.39,0.36,2023-02-12,1310,N,VIIRS,n,2,290.46,2.23,D,0
38.6409,-3.95947,340.53,0.39,0.36,2023-02-12,1310,N,VIIRS,n,2,289.68,3.92,D,0
38.64162,-3.95503,340.22,0.39,0.36,2023-02-12,1310,N,VIIRS,n,2,291.53,2.23,D,0
38.63688,-3.96305,335.35,0.39,0.36,2023-02-12,1310,N,VIIRS,n,2,290.96,3.92,D,0
38.6353,-3.9599,335.13,0.39,0.36,2023-02-12,1310,N,VIIRS,n,2,289.85,3.46,D,0
37.20467,-5.98122,331.78,0.44,0.38,2023-02-12,1310,N,VIIRS,n,2,292.85,3.67,D,0
42.09069,3.06008,339.67,0.41,0.45,2023-02-12,1311,N,VIIRS,n,2,289.53,4.74,D,0
41.92511,0.17961,328.81,0.47,0.39,2023-02-12,1311,N,VIIRS,n,2,289.29,2.25,D,2
42.29112,-3.69834,333.93,0.39,0.36,2023-02-12,1311,N,VIIRS,n,2,290.38,4.5,D,0
42.27176,-5.68466,327.51,0.39,0.36,2023-02-12,1311,N,VIIRS,n,2,287.74,2.6,D,0
43.10847,-1.66497,326.22,0.42,0.38,2023-02-12,1311,N,VIIRS,n,2,285.99,2.61,D,0
39.89468,-4.35231,340.66,0.39,0.36,2023-02-12,1311,N,VIIRS,n,2,288.32,3.49,D,0
40.55541,-1.01815,332.2,0.42,0.37,2023-02-12,1311,N,VIIRS,n,2,290.38,3.03,D,0
39.89725,-4.3577,338,0.39,0.36,2023-02-12,1311,N,VIIRS,n,2,286.54,3.49,D,0
43.21863,-4.4873,332.06,0.38,0.36,2023-02-12,1312,N,VIIRS,n,2,292,2.98,D,0
42.57969,-6.9976,332.99,0.41,0.37,2023-02-12,1312,N,VIIRS,n,2,289.46,7.85,D,0
42.58307,-6.99867,326.74,0.41,0.37,2023-02-12,1312,N,VIIRS,l,2,297.17,29.45,D,0
43.22544,-5.71416,331.52,0.39,0.36,2023-02-12,1312,N,VIIRS,n,2,296.15,3.79,D,0
43.27744,-3.77338,330.94,0.39,0.36,2023-02-12,1312,N,VIIRS,n,2,294.08,2.29,D,0
43.15486,-3.80029,331.49,0.39,0.36,2023-02-12,1312,N,VIIRS,n,2,288.07,5.75,D,0
43.15156,-3.7994,343.5,0.39,0.36,2023-02-12,1312,N,VIIRS,n,2,296.58,7.93,D,0
43.11046,-3.91578,328.7,0.39,0.36,2023-02-12,1312,N,VIIRS,n,2,288.55,3.59,D,0
43.10717,-3.91485,332.34,0.39,0.36,2023-02-12,1312,N,VIIRS,n,2,293.23,5.61,D,0
42.58216,-7.00376,336.07,0.41,0.37,2023-02-12,1312,N,VIIRS,n,2,292.22,29.45,D,0
43.52616,-5.73205,349.67,0.39,0.36,2023-02-12,1312,N,VIIRS,n,2,300.7,17.73,D,2
43.55115,-5.86225,296.58,0.43,0.62,2023-02-13,0128,N,VIIRS,n,2,274.13,0.87,N,2
43.53843,-5.83013,296.03,0.42,0.61,2023-02-13,0128,N,VIIRS,n,2,274.75,0.8,N,2
43.52377,-5.7346,320.01,0.42,0.61,2023-02-13,0128,N,VIIRS,n,2,278.5,2.7,N,2
43.53835,-5.8298,295.18,0.42,0.61,2023-02-13,0128,N,VIIRS,n,2,274.26,1.26,N,2
43.52318,-5.73443,317.61,0.42,0.61,2023-02-13,0128,N,VIIRS,n,2,277.53,2.9,N,2
43.39092,-5.07065,298.14,0.39,0.59,2023-02-13,0128,N,VIIRS,n,2,279.28,0.58,N,0
43.2733,-3.77077,297.64,0.33,0.56,2023-02-13,0128,N,VIIRS,n,2,278.04,0.22,N,0
43.28977,-4.65036,304.41,0.37,0.58,2023-02-13,0128,N,VIIRS,n,2,276.35,1.27,N,0
43.28965,-4.64764,302.41,0.37,0.58,2023-02-13,0128,N,VIIRS,n,2,276.42,1.24,N,0
43.28936,-4.64136,308.45,0.37,0.58,2023-02-13,0128,N,VIIRS,n,2,277.84,0.82,N,0
43.28875,-4.65111,295.85,0.37,0.58,2023-02-13,0128,N,VIIRS,n,2,275.68,0.6,N,0
43.28862,-4.64844,302.45,0.37,0.58,2023-02-13,0128,N,VIIRS,n,2,275.8,0.6,N,0
43.28831,-4.64223,305.9,0.37,0.58,2023-02-13,0128,N,VIIRS,n,2,277.02,0.96,N,0
43.2896,-5.1359,304.89,0.39,0.59,2023-02-13,0128,N,VIIRS,n,2,281.14,0.8,N,0
43.20363,-3.83959,299.53,0.34,0.56,2023-02-13,0128,N,VIIRS,n,2,277,0.58,N,0
43.17626,-3.44664,299.61,0.32,0.55,2023-02-13,0128,N,VIIRS,n,2,275.36,0.28,N,0
41.31266,1.65912,305.52,0.52,0.42,2023-02-13,0129,N,VIIRS,n,2,275.26,1.35,N,2
42.29132,-3.70004,309.39,0.32,0.55,2023-02-13,0129,N,VIIRS,n,2,270.71,1.17,N,0
42.78756,-9.12217,304.64,0.61,0.71,2023-02-13,0129,N,VIIRS,n,2,273.95,4.43,N,0
42.28853,-3.69809,300.43,0.32,0.55,2023-02-13,0129,N,VIIRS,n,2,268.7,0.58,N,0
41.31074,1.66418,311.53,0.52,0.41,2023-02-13,0129,N,VIIRS,n,2,275.66,1.98,N,2
36.96526,-1.90485,301.67,0.46,0.47,2023-02-13,0130,N,VIIRS,n,2,281.85,0.98,N,2
38.37515,-0.54678,296.75,0.41,0.45,2023-02-13,0130,N,VIIRS,n,2,276.52,0.52,N,2
43.44036,-5.19313,302.05,0.34,0.56,2023-02-13,0309,N,VIIRS,n,2,276.36,0.91,N,0
43.52745,-5.73278,315.09,0.32,0.54,2023-02-13,0309,N,VIIRS,n,2,276.46,1.65,N,2
43.38906,-5.06842,311.59,0.35,0.56,2023-02-13,0309,N,VIIRS,n,2,277.97,1.21,N,0
43.43178,-5.20261,306.76,0.34,0.56,2023-02-13,0309,N,VIIRS,n,2,276.81,0.83,N,0
43.43555,-5.196,311.71,0.34,0.56,2023-02-13,0309,N,VIIRS,n,2,278.56,0.91,N,0
43.27299,-3.77524,304.62,0.4,0.6,2023-02-13,0309,N,VIIRS,n,2,278.43,0.66,N,0
43.20321,-3.84294,316.79,0.4,0.6,2023-02-13,0309,N,VIIRS,n,2,277.7,1.28,N,0
43.43679,-5.20047,302.24,0.34,0.56,2023-02-13,0309,N,VIIRS,n,2,276.35,1.61,N,0
43.28986,-5.1392,295.61,0.34,0.56,2023-02-13,0309,N,VIIRS,n,2,268.94,0.49,N,0
43.52315,-5.73269,302.61,0.32,0.54,2023-02-13,0309,N,VIIRS,n,2,275.64,1.44,N,2
43.52418,-5.73658,318.94,0.32,0.54,2023-02-13,0309,N,VIIRS,n,2,277.3,1.44,N,2
43.52639,-5.72887,295.17,0.32,0.54,2023-02-13,0309,N,VIIRS,n,2,276.51,0.43,N,2
37.24733,-7.13383,318.15,0.4,0.6,2023-02-13,0311,N,VIIRS,n,2,276.96,1.36,N,0
28.61648,-17.86989,298.82,0.49,0.4,2023-02-13,0314,N,VIIRS,n,2,287.05,1.54,N,2
28.6208,-17.89261,298.74,0.49,0.4,2023-02-13,0314,N,VIIRS,n,2,288.14,2.23,N,2
41.45565,1.98173,326.63,0.39,0.36,2023-02-13,1252,N,VIIRS,n,2,294.07,1.94,D,2
40.97081,-2.98926,330.07,0.45,0.39,2023-02-13,1252,N,VIIRS,n,2,289.63,2.19,D,0
40.90952,-2.99751,343.88,0.45,0.39,2023-02-13,1252,N,VIIRS,n,2,291.8,6.54,D,0
40.92361,-2.96271,330.07,0.45,0.39,2023-02-13,1252,N,VIIRS,n,2,289.26,4.1,D,0
41.5173,-1.83606,333.8,0.41,0.37,2023-02-13,1252,N,VIIRS,n,2,291.01,3.59,D,0
40.9226,-2.96804,330.42,0.45,0.39,2023-02-13,1252,N,VIIRS,n,2,291.45,4.1,D,0
40.91004,-2.97518,344.93,0.45,0.39,2023-02-13,1252,N,VIIRS,n,2,297,21.95,D,0
42.31149,-1.34819,328.88,0.4,0.37,2023-02-13,1252,N,VIIRS,n,2,288.41,6.19,D,0
43.29088,-4.65029,337.59,0.48,0.4,2023-02-13,1253,N,VIIRS,n,2,284.21,4.13,D,0
43.25212,-6.66331,333.91,0.38,0.43,2023-02-13,1253,N,VIIRS,n,2,282.4,2.88,D,0
43.37578,-5.00236,325.58,0.49,0.4,2023-02-13,1253,N,VIIRS,n,2,286.05,4.67,D,0
43.28885,-4.50453,333.21,0.47,0.4,2023-02-13,1253,N,VIIRS,n,2,284.89,2.91,D,0
43.28529,-4.50322,331.01,0.47,0.4,2023-02-13,1253,N,VIIRS,n,2,287.53,2.95,D,0
43.28642,-4.49746,325.45,0.47,0.4,2023-02-13,1253,N,VIIRS,n,2,285.6,4.91,D,0
42.54798,-4.28692,342.2,0.48,0.4,2023-02-13,1253,N,VIIRS,n,2,289.49,4.42,D,0
37.51712,-5.94253,329.2,0.77,0.77,2023-02-13,1432,N,VIIRS,n,2,288.28,4.7,D,0
37.51762,-5.94159,326.21,0.77,0.77,2023-02-13,1432,N,VIIRS,n,2,288.36,3.31,D,0
43.16054,-6.26696,295.71,0.77,0.77,2023-02-14,0109,N,VIIRS,n,2,276.58,2.99,N,0
43.15331,-6.25717,305.39,0.77,0.77,2023-02-14,0109,N,VIIRS,n,2,275.62,2.99,N,0
43.52343,-5.73848,299.62,0.72,0.76,2023-02-14,0109,N,VIIRS,n,2,275.32,1.86,N,2
43.5393,-5.83319,327.56,0.73,0.76,2023-02-14,0109,N,VIIRS,n,2,276.71,3.45,N,2
43.52586,-5.73898,299.54,0.72,0.76,2023-02-14,0109,N,VIIRS,n,2,276.6,1.39,N,0
43.53727,-5.84121,299.87,0.73,0.76,2023-02-14,0109,N,VIIRS,n,2,274.1,2.51,N,0
43.53731,-5.83224,316.65,0.73,0.76,2023-02-14,0109,N,VIIRS,n,2,274.62,2.51,N,2
43.16083,-6.26431,315.15,0.77,0.77,2023-02-14,0109,N,VIIRS,n,2,276.55,4.19,N,0
43.17137,-3.76388,296.35,0.58,0.69,2023-02-14,0109,N,VIIRS,n,2,275.44,1.18,N,0
43.22585,-2.88384,296.72,0.52,0.67,2023-02-14,0109,N,VIIRS,n,2,268.51,0.83,N,2
43.22325,-2.88478,295.18,0.52,0.67,2023-02-14,0109,N,VIIRS,n,2,267.96,0.72,N,2
43.21278,-1.49444,296.86,0.44,0.63,2023-02-14,0109,N,VIIRS,n,2,278.75,0.87,N,0
43.28114,-3.72481,312.32,0.57,0.69,2023-02-14,0109,N,VIIRS,n,2,277.79,2.22,N,0
43.28121,-3.72992,312.11,0.58,0.69,2023-02-14,0109,N,VIIRS,n,2,277.95,2.22,N,0
43.28128,-3.73524,332.23,0.58,0.69,2023-02-14,0109,N,VIIRS,n,2,278.77,4.45,N,0
43.28765,-3.72458,295.97,0.57,0.69,2023-02-14,0109,N,VIIRS,n,2,278.52,2.22,N,0
43.28773,-3.73026,316.61,0.58,0.69,2023-02-14,0109,N,VIIRS,n,2,278.32,2.22,N,0
43.15366,-6.25269,298.87,0.77,0.77,2023-02-14,0109,N,VIIRS,n,2,275.89,4.19,N,0
43.28781,-3.73592,305.89,0.58,0.69,2023-02-14,0109,N,VIIRS,n,2,277.79,4.45,N,0
43.16061,-6.25311,324.89,0.77,0.77,2023-02-14,0109,N,VIIRS,n,2,275.33,2.99,N,0
43.15656,-6.25014,334.53,0.56,0.43,2023-02-14,0250,N,VIIRS,n,2,279.73,3.93,N,0
43.15791,-6.25635,315.34,0.56,0.43,2023-02-14,0250,N,VIIRS,n,2,278.01,3.93,N,0
43.16059,-6.2495,325.4,0.56,0.43,2023-02-14,0250,N,VIIRS,n,2,278.74,3.93,N,0
43.16451,-6.24837,298.43,0.56,0.43,2023-02-14,0250,N,VIIRS,n,2,276.11,0.61,N,0
41.31267,1.66427,297.52,0.49,0.65,2023-02-14,0250,N,VIIRS,n,2,275.17,1.06,N,2
41.40665,1.9966,295.69,0.5,0.66,2023-02-14,0250,N,VIIRS,n,2,275.42,0.49,N,2
43.52288,-5.73085,297.9,0.39,0.44,2023-02-14,0250,N,VIIRS,n,2,273.15,1.09,N,2
43.52784,-5.73395,295.81,0.39,0.44,2023-02-14,0250,N,VIIRS,n,2,276.06,1.09,N,2
43.2816,-3.72288,297,0.48,0.48,2023-02-14,0250,N,VIIRS,n,2,259.45,2.21,N,0
43.28416,-3.72117,310.11,0.48,0.48,2023-02-14,0250,N,VIIRS,n,2,262.09,1.75,N,0
43.28582,-3.72795,323.49,0.48,0.48,2023-02-14,0250,N,VIIRS,n,2,263.59,3.49,N,0
43.28992,-3.72535,324.17,0.48,0.48,2023-02-14,0250,N,VIIRS,n,2,265.76,3.49,N,0
28.61592,-17.86779,296.74,0.39,0.36,2023-02-14,0255,N,VIIRS,n,2,286.54,1.07,N,2
28.61957,-17.89167,300.29,0.39,0.36,2023-02-14,0255,N,VIIRS,n,2,289.93,2.29,N,2
42.09978,2.82407,329.76,0.41,0.37,2023-02-14,1233,N,VIIRS,n,2,289.79,2.6,D,0
41.69993,1.04145,326.19,0.47,0.4,2023-02-14,1233,N,VIIRS,n,2,293.28,1.3,D,0
39.95355,-6.36225,335.9,0.38,0.58,2023-02-14,1233,N,VIIRS,n,2,286.48,2.75,D,0
39.9526,-6.36005,325.01,0.38,0.58,2023-02-14,1233,N,VIIRS,n,2,286.06,3.73,D,0
41.94376,1.87508,330.02,0.44,0.38,2023-02-14,1233,N,VIIRS,n,2,290.25,5.05,D,0
41.94281,1.86997,329.1,0.44,0.38,2023-02-14,1233,N,VIIRS,n,2,289.24,4.24,D,0
41.93985,1.87393,338.41,0.44,0.38,2023-02-14,1233,N,VIIRS,n,2,290.57,6.6,D,0
41.94332,1.87287,344.08,0.44,0.38,2023-02-14,1233,N,VIIRS,n,2,291.51,6.6,D,0
38.22559,-6.06162,332.26,0.4,0.6,2023-02-14,1233,N,VIIRS,n,2,288.16,3.06,D,0
38.22686,-6.05701,327.25,0.4,0.6,2023-02-14,1233,N,VIIRS,n,2,287.67,3.06,D,0
38.22802,-6.05824,339.17,0.4,0.6,2023-02-14,1233,N,VIIRS,n,2,287.97,5.68,D,0
38.25928,-5.54261,326.03,0.38,0.59,2023-02-14,1233,N,VIIRS,n,2,285.36,1.75,D,0
41.94029,1.87616,331.31,0.44,0.38,2023-02-14,1233,N,VIIRS,n,2,291.32,5.05,D,0
43.53905,-5.83202,339.14,0.57,0.52,2023-02-14,1234,N,VIIRS,n,2,287.78,5.3,D,2
38.8102,-6.31828,332.67,0.42,0.61,2023-02-14,1413,N,VIIRS,n,2,287.18,2.05,D,0
42.44489,-5.84506,331.54,0.47,0.64,2023-02-14,1414,N,VIIRS,n,2,285.74,4.02,D,0
40.60914,-5.98965,325.95,0.45,0.63,2023-02-14,1414,N,VIIRS,n,2,285.07,2.01,D,0
42.12616,-8.45241,367,0.34,0.56,2023-02-14,1414,N,VIIRS,h,2,293.31,7.52,D,0
42.13139,-8.45304,350.32,0.34,0.56,2023-02-14,1414,N,VIIRS,n,2,290,7.52,D,0
43.16045,-6.25571,345.01,0.45,0.63,2023-02-14,1415,N,VIIRS,n,2,293.14,5.64,D,0
43.29991,-3.37764,327.94,0.47,0.4,2023-02-15,0231,N,VIIRS,n,2,282.76,4.31,N,0
43.29879,-3.37209,327.83,0.47,0.4,2023-02-15,0231,N,VIIRS,n,2,283.77,4.31,N,0
43.38255,-3.79046,311.32,0.45,0.39,2023-02-15,0231,N,VIIRS,n,2,283.11,6.22,N,0
43.29743,-3.3843,342.77,0.47,0.4,2023-02-15,0231,N,VIIRS,n,2,282.53,7.54,N,0
43.29628,-3.37862,338.42,0.47,0.4,2023-02-15,0231,N,VIIRS,n,2,283.24,5.54,N,0
43.37769,-3.80394,319,0.45,0.39,2023-02-15,0231,N,VIIRS,n,2,283.3,1.64,N,0
43.37665,-3.79865,309.78,0.45,0.39,2023-02-15,0231,N,VIIRS,n,2,281.98,1.64,N,0
43.37347,-3.78261,303.37,0.45,0.39,2023-02-15,0231,N,VIIRS,n,2,280.55,0.77,N,0
43.30072,-3.37819,327.54,0.47,0.4,2023-02-15,0231,N,VIIRS,n,2,282.56,5.84,N,0
43.29964,-3.37277,337.39,0.47,0.4,2023-02-15,0231,N,VIIRS,n,2,283.99,4.14,N,0
43.38171,-3.79176,305.16,0.45,0.39,2023-02-15,0231,N,VIIRS,n,2,282.5,1.17,N,0
43.30181,-3.38369,311.74,0.47,0.4,2023-02-15,0231,N,VIIRS,n,2,283.75,5.84,N,0
43.29821,-3.38481,336.04,0.47,0.4,2023-02-15,0231,N,VIIRS,n,2,283.9,5.84,N,0
43.29708,-3.37914,345.5,0.47,0.4,2023-02-15,0231,N,VIIRS,n,2,284.2,5.84,N,0
43.37621,-3.78281,305.06,0.46,0.39,2023-02-15,0231,N,VIIRS,n,2,280.29,1.17,N,0
43.29599,-3.37358,313.11,0.47,0.4,2023-02-15,0231,N,VIIRS,n,2,281.5,4.14,N,0
43.3758,-3.80004,333.84,0.45,0.39,2023-02-15,0231,N,VIIRS,n,2,284.71,4.16,N,0
43.37231,-3.80145,337.78,0.45,0.39,2023-02-15,0231,N,VIIRS,n,2,282.72,4.16,N,0
43.36987,-3.80819,312.75,0.45,0.39,2023-02-15,0231,N,VIIRS,n,2,281.22,2.49,N,0
43.36629,-3.8091,333.83,0.45,0.39,2023-02-15,0231,N,VIIRS,n,2,281.91,2.49,N,0
43.31081,-3.79469,298.21,0.46,0.39,2023-02-15,0231,N,VIIRS,n,2,280.94,1.04,N,0
43.20686,-3.82887,322.42,0.46,0.39,2023-02-15,0231,N,VIIRS,n,2,280.41,2.17,N,0
43.20572,-3.82314,301.76,0.46,0.39,2023-02-15,0231,N,VIIRS,n,2,279.57,1.23,N,0
43.52763,-5.72985,310.97,0.4,0.37,2023-02-15,0231,N,VIIRS,n,2,275.59,1.03,N,2
43.54268,-5.83402,299.4,0.4,0.37,2023-02-15,0231,N,VIIRS,n,2,280.24,1.96,N,2
43.53848,-5.83025,327.17,0.4,0.37,2023-02-15,0231,N,VIIRS,n,2,279.38,1.96,N,2
43.53861,-5.83175,329.24,0.4,0.37,2023-02-15,0231,N,VIIRS,n,2,279.72,3.11,N,2
43.28743,-4.66599,323.68,0.43,0.38,2023-02-15,0231,N,VIIRS,n,2,277.84,2.07,N,0
43.28637,-4.66035,325.77,0.43,0.38,2023-02-15,0231,N,VIIRS,n,2,279.1,1.68,N,0
43.28523,-4.65424,305.37,0.43,0.38,2023-02-15,0231,N,VIIRS,n,2,278.27,1.68,N,0
43.28378,-4.66598,304.28,0.43,0.38,2023-02-15,0231,N,VIIRS,n,2,278.46,1.52,N,0
43.28268,-4.66008,295.55,0.43,0.38,2023-02-15,0231,N,VIIRS,n,2,278.87,1.3,N,0
43.49043,-6.34793,346.56,0.39,0.36,2023-02-15,0231,N,VIIRS,n,2,281.63,5.56,N,0
43.48964,-6.34328,309.21,0.39,0.36,2023-02-15,0231,N,VIIRS,n,2,277.61,5.56,N,0
43.28146,-5.36612,303.66,0.41,0.37,2023-02-15,0231,N,VIIRS,n,2,271.04,0.62,N,0
43.28053,-5.36101,295.03,0.41,0.37,2023-02-15,0231,N,VIIRS,n,2,270.11,0.77,N,0
43.27957,-5.35573,306.59,0.41,0.37,2023-02-15,0231,N,VIIRS,n,2,272.1,0.77,N,0
43.25276,-5.4241,307.78,0.41,0.37,2023-02-15,0231,N,VIIRS,n,2,269.84,0.83,N,0
43.34024,-6.25266,338.48,0.4,0.37,2023-02-15,0231,N,VIIRS,n,2,279.2,5.22,N,0
43.33694,-6.25378,329.23,0.4,0.37,2023-02-15,0231,N,VIIRS,n,2,281.02,8.52,N,0
43.33612,-6.24904,331.34,0.4,0.37,2023-02-15,0231,N,VIIRS,n,2,279.86,8.52,N,0
43.3328,-6.2501,325,0.4,0.37,2023-02-15,0231,N,VIIRS,n,2,277.04,8.52,N,0
43.2482,-6.25432,303.18,0.4,0.37,2023-02-15,0231,N,VIIRS,n,2,269.46,2.38,N,0
43.24489,-6.25537,337.34,0.4,0.37,2023-02-15,0231,N,VIIRS,n,2,271.93,2.38,N,0
43.06868,-5.5807,306.63,0.41,0.37,2023-02-15,0231,N,VIIRS,n,2,275.64,1.81,N,0
43.06774,-5.57559,315.84,0.41,0.37,2023-02-15,0231,N,VIIRS,n,2,276.86,1.58,N,0
43.06533,-5.58188,301.03,0.41,0.37,2023-02-15,0231,N,VIIRS,n,2,276.7,0.72,N,0
43.38596,-3.78873,328.29,0.45,0.39,2023-02-15,0231,N,VIIRS,n,2,288.3,6.22,N,0
43.38013,-3.60689,332.64,0.46,0.39,2023-02-15,0231,N,VIIRS,n,2,282.37,3.7,N,0
43.38366,-3.60558,300.35,0.46,0.39,2023-02-15,0231,N,VIIRS,n,2,283.1,1.14,N,0
43.38499,-3.7838,322.49,0.45,0.39,2023-02-15,0231,N,VIIRS,n,2,283.24,6.22,N,0
43.30466,-3.38221,320.59,0.47,0.4,2023-02-15,0231,N,VIIRS,n,2,283.03,4.42,N,0
43.30359,-3.37689,325.24,0.47,0.4,2023-02-15,0231,N,VIIRS,n,2,281.4,4.31,N,0
43.30103,-3.38317,335.52,0.47,0.4,2023-02-15,0231,N,VIIRS,n,2,284.94,4.42,N,0
43.34522,-8.43388,301.64,0.38,0.36,2023-02-15,0232,N,VIIRS,n,2,278.29,0.63,N,2
43.34595,-8.43858,304.18,0.38,0.36,2023-02-15,0232,N,VIIRS,n,2,278.91,0.88,N,2
43.11444,-6.49635,335.4,0.39,0.36,2023-02-15,0232,N,VIIRS,n,2,267.31,3.55,N,0
43.11116,-6.49757,308.26,0.39,0.36,2023-02-15,0232,N,VIIRS,n,2,266.61,1.37,N,0
37.3587,-5.86512,298.76,0.47,0.4,2023-02-15,0233,N,VIIRS,n,2,280.1,0.69,N,2
38.59624,-5.60665,325.58,0.65,0.73,2023-02-15,1214,N,VIIRS,n,2,278.76,3.46,D,0
43.33697,-6.26041,339.77,0.5,0.66,2023-02-15,1215,N,VIIRS,n,2,285.77,8.77,D,0
43.3446,-6.25743,336.66,0.5,0.66,2023-02-15,1215,N,VIIRS,n,2,285.21,6.4,D,0
40.98233,-2.9928,344.23,0.41,0.61,2023-02-15,1215,N,VIIRS,n,2,288.57,5.41,D,0
40.9791,-2.99299,336.12,0.41,0.61,2023-02-15,1215,N,VIIRS,n,2,288.02,5.94,D,0
43.24335,-6.25597,331.13,0.5,0.66,2023-02-15,1215,N,VIIRS,n,2,290.64,5.12,D,0
43.24957,-6.25758,329.48,0.5,0.66,2023-02-15,1215,N,VIIRS,n,2,284.03,14.55,D,0
43.2479,-6.26291,356.54,0.5,0.66,2023-02-15,1215,N,VIIRS,l,2,288.99,14.99,D,0
43.3367,-6.25753,345.77,0.5,0.66,2023-02-15,1215,N,VIIRS,n,2,286.85,8.11,D,0
43.33918,-6.25334,339.91,0.5,0.66,2023-02-15,1215,N,VIIRS,n,2,288.12,6.4,D,0
43.3461,-6.25266,333.75,0.5,0.66,2023-02-15,1215,N,VIIRS,n,2,284.11,6.4,D,0
43.31171,-3.22201,337.28,0.36,0.58,2023-02-15,1215,N,VIIRS,n,2,286.44,2.23,D,0
43.11545,-6.49516,352.23,0.52,0.67,2023-02-15,1215,N,VIIRS,n,2,289.8,23.92,D,0
43.11698,-6.49026,357.03,0.52,0.67,2023-02-15,1215,N,VIIRS,l,2,285.97,28.2,D,0
43.11498,-6.4913,367,0.52,0.67,2023-02-15,1215,N,VIIRS,h,2,292.31,19.46,D,0
42.15826,-1.55157,327.05,0.33,0.55,2023-02-15,1215,N,VIIRS,n,2,276.79,2.48,D,0
43.26469,-1.52668,335.45,0.61,0.53,2023-02-15,1215,N,VIIRS,n,2,288.6,7.92,D,0
43.11356,-6.49577,349.23,0.52,0.67,2023-02-15,1215,N,VIIRS,n,2,288.24,19.46,D,0
42.35933,-1.65308,340.93,0.44,0.62,2023-02-15,1355,N,VIIRS,n,2,275.12,4.1,D,0
41.83871,-7.44917,337.61,0.44,0.46,2023-02-15,1355,N,VIIRS,n,2,290.93,4.04,D,0
41.84072,-7.45309,326.41,0.44,0.46,2023-02-15,1355,N,VIIRS,n,2,290.48,1.82,D,0
42.15512,-1.55474,333.64,0.44,0.62,2023-02-15,1355,N,VIIRS,n,2,285.34,4.94,D,0
40.97015,-2.98799,346,0.36,0.58,2023-02-15,1355,N,VIIRS,n,2,274.91,3.06,D,0
40.30111,-6.26531,342.05,0.48,0.48,2023-02-15,1355,N,VIIRS,n,2,285.47,6.31,D,0
43.2471,-6.2577,334.56,0.52,0.5,2023-02-15,1356,N,VIIRS,n,2,292.78,4.54,D,0
43.00387,-1.93788,347.56,0.43,0.62,2023-02-15,1356,N,VIIRS,n,2,287.47,4.72,D,0
43.187,-3.88036,329.55,0.34,0.56,2023-02-15,1356,N,VIIRS,n,2,290.26,3.28,D,0
43.11541,-6.49297,335.74,0.5,0.49,2023-02-15,1356,N,VIIRS,n,2,286.77,3.62,D,0
43.33881,-6.25976,342.83,0.52,0.5,2023-02-15,1356,N,VIIRS,n,2,294.73,15.44,D,0
43.33923,-6.25381,340.89,0.52,0.5,2023-02-15,1356,N,VIIRS,n,2,292.71,15.44,D,0
43.33418,-6.25929,337.65,0.52,0.5,2023-02-15,1356,N,VIIRS,n,2,289.06,15.44,D,0
43.33458,-6.25356,339.54,0.52,0.5,2023-02-15,1356,N,VIIRS,n,2,295.69,15.44,D,0
43.00364,-1.93926,328.2,0.43,0.62,2023-02-15,1356,N,VIIRS,n,2,286.39,3.64,D,0
43.242,-6.26393,338.48,0.52,0.5,2023-02-15,1356,N,VIIRS,n,2,289.61,5.3,D,0
43.3112,-4.97517,328.58,0.6,0.53,2023-02-15,1356,N,VIIRS,n,2,291.4,3.78,D,0
43.30576,-3.02345,303.43,0.38,0.36,2023-02-16,0212,N,VIIRS,n,2,277.28,0.41,N,0
43.30904,-3.02247,302.11,0.38,0.36,2023-02-16,0212,N,VIIRS,n,2,277.49,0.38,N,2
43.4406,-3.84464,314.67,0.39,0.36,2023-02-16,0212,N,VIIRS,n,2,279.58,1.37,N,2
43.44389,-3.84369,309.78,0.39,0.36,2023-02-16,0212,N,VIIRS,n,2,278.33,0.8,N,2
43.27149,-3.69794,301.6,0.38,0.36,2023-02-16,0213,N,VIIRS,n,2,277.73,0.42,N,0
43.18646,-5.31939,295.52,0.4,0.37,2023-02-16,0213,N,VIIRS,n,2,275.29,1.58,N,0
43.18717,-5.32453,320.75,0.4,0.37,2023-02-16,0213,N,VIIRS,n,2,276.1,1.58,N,0
43.34818,-6.2608,307.37,0.42,0.38,2023-02-16,0213,N,VIIRS,n,2,276.72,0.73,N,0
43.38885,-6.57648,300.76,0.43,0.38,2023-02-16,0213,N,VIIRS,n,2,272.17,1.3,N,0
43.49154,-6.34273,332.91,0.43,0.38,2023-02-16,0213,N,VIIRS,n,2,278.32,6.13,N,0
42.81299,-1.7402,296.82,0.4,0.37,2023-02-16,0213,N,VIIRS,n,2,272.19,0.38,N,2
43.2849,-4.66615,331.92,0.39,0.36,2023-02-16,0213,N,VIIRS,n,2,279.97,3.39,N,0
43.28558,-4.67084,344.68,0.39,0.36,2023-02-16,0213,N,VIIRS,n,2,281.45,9.49,N,0
43.28627,-4.67558,340.52,0.39,0.36,2023-02-16,0213,N,VIIRS,n,2,282.73,9.49,N,0
43.18311,-5.32033,307.27,0.4,0.37,2023-02-16,0213,N,VIIRS,n,2,275.03,1.58,N,0
43.3315,-4.90828,299.99,0.4,0.37,2023-02-16,0213,N,VIIRS,n,2,275.36,0.6,N,0
43.38785,-5.08638,296.33,0.4,0.37,2023-02-16,0213,N,VIIRS,n,2,275.6,0.84,N,0
43.39119,-5.0854,309.72,0.4,0.37,2023-02-16,0213,N,VIIRS,n,2,277.8,0.84,N,0
43.53889,-5.82864,301.15,0.41,0.37,2023-02-16,0213,N,VIIRS,n,2,278.1,1.47,N,2
43.53958,-5.83377,315.71,0.41,0.37,2023-02-16,0213,N,VIIRS,n,2,279.61,1.47,N,2
41.95159,-1.24194,328.02,0.41,0.37,2023-02-16,0213,N,VIIRS,n,2,273.44,2.98,N,0
41.31114,1.66226,305.9,0.52,0.42,2023-02-16,0213,N,VIIRS,n,2,276.37,1.76,N,2
40.24395,-3.47778,295.4,0.39,0.36,2023-02-16,0213,N,VIIRS,n,2,275.66,0.68,N,2
39.93681,-3.74415,301.77,0.39,0.36,2023-02-16,0213,N,VIIRS,n,2,273.22,0.99,N,2
43.52517,-5.72701,322.38,0.41,0.37,2023-02-16,0213,N,VIIRS,n,2,273.3,1.92,N,2
43.52858,-5.72615,314.7,0.41,0.37,2023-02-16,0213,N,VIIRS,n,2,270.36,1.92,N,2
43.26821,-3.69885,295.76,0.38,0.36,2023-02-16,0213,N,VIIRS,n,2,277.78,0.4,N,0
43.18382,-5.3255,327.03,0.4,0.37,2023-02-16,0213,N,VIIRS,n,2,275.77,1.58,N,0
37.2204,-6.22379,301.32,0.39,0.36,2023-02-16,0214,N,VIIRS,n,2,275.75,1.24,N,0
37.35923,-5.866,303.94,0.39,0.36,2023-02-16,0214,N,VIIRS,n,2,280.69,1.02,N,2
37.22105,-6.22815,328.94,0.39,0.36,2023-02-16,0214,N,VIIRS,n,2,276.08,2.51,N,0
36.18321,-5.39868,297.39,0.38,0.36,2023-02-16,0215,N,VIIRS,n,2,286.97,0.83,N,0
43.10722,-1.59891,357.07,0.51,0.66,2023-02-16,1156,N,VIIRS,l,2,289.77,22.26,D,0
40.98846,-3.0031,339.32,0.69,0.74,2023-02-16,1156,N,VIIRS,n,2,289.48,6.43,D,0
43.10611,-1.60263,354.01,0.51,0.66,2023-02-16,1156,N,VIIRS,n,2,289.49,14.16,D,0
43.10746,-1.59835,348.01,0.51,0.66,2023-02-16,1156,N,VIIRS,n,2,286.97,14.16,D,0
40.92832,-2.97827,329.14,0.69,0.75,2023-02-16,1156,N,VIIRS,n,2,289.15,5.66,D,0
43.10585,-1.60329,355.91,0.51,0.66,2023-02-16,1156,N,VIIRS,n,2,287.29,15.22,D,0
40.90336,-2.98427,348.45,0.7,0.75,2023-02-16,1156,N,VIIRS,n,2,289.38,8.96,D,0
43.28839,-4.66538,325.08,0.7,0.75,2023-02-16,1157,N,VIIRS,n,2,280.45,4.69,D,0
43.0373,-4.09392,325.04,0.67,0.74,2023-02-16,1157,N,VIIRS,n,2,286.63,3.58,D,0
36.6805,-5.83294,331.8,0.43,0.38,2023-02-16,1335,N,VIIRS,n,2,294.97,3.43,D,0
36.68111,-5.82817,333.84,0.43,0.38,2023-02-16,1335,N,VIIRS,n,2,294.53,3.43,D,0
37.08928,-5.9498,343.07,0.43,0.38,2023-02-16,1335,N,VIIRS,n,2,295.18,11,D,0
37.1062,-6.14874,330.07,0.42,0.38,2023-02-16,1335,N,VIIRS,n,2,293.77,1.14,D,0
37.72013,-5.59061,327.06,0.44,0.39,2023-02-16,1335,N,VIIRS,n,2,293.88,2.1,D,0
37.73484,-7.17374,327.15,0.4,0.37,2023-02-16,1335,N,VIIRS,n,2,295.36,2.33,D,0
40.54336,-5.47084,329.38,0.48,0.4,2023-02-16,1336,N,VIIRS,n,2,290.2,3.07,D,0
42.616,-1.47081,329.64,0.51,0.5,2023-02-16,1336,N,VIIRS,n,2,291.25,2.43,D,0
41.87594,-7.64222,344.85,0.42,0.38,2023-02-16,1336,N,VIIRS,n,2,294.56,11.16,D,0
38.89111,-6.71784,342.18,0.42,0.38,2023-02-16,1336,N,VIIRS,n,2,292.31,4.83,D,0
40.04158,-5.54782,335.3,0.47,0.4,2023-02-16,1336,N,VIIRS,n,2,294.53,7.34,D,0
40.31388,-5.33913,344.84,0.48,0.4,2023-02-16,1336,N,VIIRS,n,2,287.47,12.95,D,0
42.3975,-2.32719,336.68,0.46,0.47,2023-02-16,1336,N,VIIRS,n,2,291.42,3.33,D,0
41.93959,1.87386,335.45,0.37,0.58,2023-02-16,1336,N,VIIRS,n,2,290.31,3.09,D,0
41.23073,-4.02789,329.53,0.56,0.43,2023-02-16,1336,N,VIIRS,n,2,290.81,4.32,D,0
38.88956,-6.71932,342.8,0.42,0.38,2023-02-16,1336,N,VIIRS,n,2,294.49,4.36,D,0
41.23263,-4.02717,331.95,0.56,0.43,2023-02-16,1336,N,VIIRS,n,2,289.9,3.7,D,0
40.94416,-2.97386,330.3,0.41,0.45,2023-02-16,1336,N,VIIRS,n,2,293.86,1.89,D,0
40.92097,-2.94983,328.17,0.42,0.45,2023-02-16,1336,N,VIIRS,n,2,294.46,2.69,D,0
40.91176,-2.95842,332.24,0.41,0.45,2023-02-16,1336,N,VIIRS,n,2,295.34,2.77,D,0
40.91039,-2.96051,343.18,0.41,0.45,2023-02-16,1336,N,VIIRS,n,2,295.28,4.79,D,0
40.90622,-2.95993,339.64,0.41,0.45,2023-02-16,1336,N,VIIRS,n,2,294.38,4.79,D,0
43.06203,-5.58374,351.29,0.5,0.41,2023-02-16,1337,N,VIIRS,n,2,291.77,15.86,D,0
43.46941,-5.98824,329.2,0.49,0.4,2023-02-16,1337,N,VIIRS,n,2,284.22,8.57,D,0
43.46505,-5.99335,342.68,0.49,0.4,2023-02-16,1337,N,VIIRS,n,2,289.02,8.57,D,0
43.46573,-5.98715,330.09,0.49,0.4,2023-02-16,1337,N,VIIRS,n,2,286.73,8.57,D,0
43.384,-5.27705,341.89,0.52,0.42,2023-02-16,1337,N,VIIRS,n,2,296.16,16.19,D,0
42.98503,-8.58016,331.45,0.41,0.37,2023-02-16,1337,N,VIIRS,n,2,290.23,3.14,D,0
43.26665,-6.16735,331.92,0.48,0.4,2023-02-16,1337,N,VIIRS,n,2,287.15,3.57,D,0
43.28304,-4.67108,345.3,0.55,0.43,2023-02-16,1337,N,VIIRS,n,2,292.6,8.35,D,0
42.46365,-6.36784,343.76,0.46,0.39,2023-02-16,1337,N,VIIRS,n,2,288.73,6.8,D,0
42.46298,-6.37356,348.39,0.46,0.39,2023-02-16,1337,N,VIIRS,n,2,290.14,15.06,D,0
43.10658,-1.60255,339.36,0.51,0.49,2023-02-16,1337,N,VIIRS,n,2,292.58,15.93,D,0
43.11397,-1.69002,338.56,0.51,0.49,2023-02-16,1337,N,VIIRS,n,2,292.75,6.01,D,0
43.2584,-4.59566,346.14,0.56,0.43,2023-02-16,1337,N,VIIRS,n,2,292.41,15.2,D,0
41.40733,1.99741,305.25,0.39,0.36,2023-02-17,0154,N,VIIRS,n,2,277.19,0.98,N,2
43.26607,-4.60228,295.57,0.54,0.42,2023-02-17,0154,N,VIIRS,n,2,273.49,0.38,N,0
43.21749,-3.76608,299.83,0.5,0.41,2023-02-17,0154,N,VIIRS,n,2,276.27,0.9,N,0
43.2239,-2.87664,304.97,0.46,0.39,2023-02-17,0154,N,VIIRS,n,2,277.52,0.57,N,2
43.52571,-5.73223,309.37,0.41,0.45,2023-02-17,0154,N,VIIRS,n,2,281,2.34,N,2
43.5387,-5.8289,331.74,0.41,0.45,2023-02-17,0154,N,VIIRS,n,2,278.45,6.95,N,2
39.95208,-0.00406,296.33,0.38,0.36,2023-02-17,0154,N,VIIRS,n,2,282.44,0.92,N,2
41.3124,1.66387,313.91,0.39,0.36,2023-02-17,0154,N,VIIRS,n,2,278.06,1.74,N,2
43.26299,-4.60308,345.4,0.54,0.42,2023-02-17,0154,N,VIIRS,n,2,288.45,38.14,N,0
42.44493,-3.18117,305.41,0.47,0.4,2023-02-17,0154,N,VIIRS,n,2,272.42,1.05,N,0
42.81419,-1.74329,297.67,0.42,0.38,2023-02-17,0154,N,VIIRS,n,2,273.82,0.81,N,2
43.14037,-4.18684,308.52,0.52,0.42,2023-02-17,0154,N,VIIRS,n,2,276.8,7.28,N,0
43.14109,-4.19365,317.55,0.52,0.42,2023-02-17,0154,N,VIIRS,n,2,275.85,7.28,N,0
43.26788,-5.4711,310.14,0.4,0.44,2023-02-17,0154,N,VIIRS,n,2,276.06,1.43,N,0
43.26837,-5.47642,308.29,0.4,0.44,2023-02-17,0154,N,VIIRS,n,2,276.22,1.42,N,0
43.14416,-4.18571,319.96,0.52,0.42,2023-02-17,0154,N,VIIRS,n,2,279.05,7.28,N,0
43.14492,-4.19298,345.07,0.52,0.42,2023-02-17,0154,N,VIIRS,n,2,282.52,7.28,N,0
43.28733,-5.54656,298.54,0.4,0.44,2023-02-17,0154,N,VIIRS,n,2,276.82,0.77,N,0
43.25936,-4.60642,308.57,0.54,0.42,2023-02-17,0154,N,VIIRS,n,2,278.7,3.49,N,0
43.25863,-4.59949,326.17,0.54,0.42,2023-02-17,0154,N,VIIRS,n,2,279.36,3.18,N,0
43.26231,-4.59659,327.68,0.54,0.42,2023-02-17,0154,N,VIIRS,n,2,279.27,3.06,N,0
43.53917,-5.83416,338.36,0.41,0.45,2023-02-17,0154,N,VIIRS,n,2,281.3,12.65,N,2
43.12282,-1.70794,328.11,0.43,0.38,2023-02-17,0154,N,VIIRS,n,2,276.08,2.7,N,0
38.37503,-0.54366,302.14,0.38,0.36,2023-02-17,0155,N,VIIRS,n,2,279.17,0.81,N,2
39.93704,-3.74654,303.59,0.46,0.39,2023-02-17,0155,N,VIIRS,n,2,275.38,0.95,N,2
43.26924,-5.46874,309.92,0.65,0.73,2023-02-17,0334,N,VIIRS,n,2,275.07,2.69,N,0
43.27152,-5.47546,309.32,0.65,0.73,2023-02-17,0334,N,VIIRS,n,2,275.58,3.18,N,0
43.26649,-5.47229,319.37,0.65,0.73,2023-02-17,0334,N,VIIRS,n,2,275.65,2.58,N,0
43.26873,-5.47877,296.43,0.65,0.73,2023-02-17,0334,N,VIIRS,n,2,275.69,2.58,N,0
43.25381,-4.5902,311.52,0.71,0.75,2023-02-17,0334,N,VIIRS,n,2,276.04,3.53,N,0
43.25426,-4.59237,304.48,0.71,0.75,2023-02-17,0334,N,VIIRS,n,2,275.92,2.3,N,0
43.26637,-4.60455,308.69,0.71,0.75,2023-02-17,0334,N,VIIRS,n,2,275.43,2.3,N,0
43.1447,-4.19358,306.83,0.74,0.76,2023-02-17,0334,N,VIIRS,n,2,275.48,2.91,N,0
43.21709,-3.7645,301.82,0.77,0.77,2023-02-17,0334,N,VIIRS,n,2,275.46,1.78,N,0
43.26284,-5.47207,297.69,0.65,0.73,2023-02-17,0334,N,VIIRS,n,2,275.42,0.91,N,0
42.7931,0.66008,351.32,0.68,0.74,2023-02-17,1137,N,VIIRS,n,2,287.75,12.44,D,0
40.91181,-2.99478,345.39,0.41,0.37,2023-02-17,1317,N,VIIRS,n,2,301.53,20.22,D,0
42.1821,-1.77279,326.27,0.45,0.39,2023-02-17,1317,N,VIIRS,n,2,291.59,2.25,D,0
41.89518,-1.37609,335.88,0.47,0.39,2023-02-17,1317,N,VIIRS,n,2,292.14,4.63,D,0
41.74565,-0.80648,328.12,0.49,0.4,2023-02-17,1317,N,VIIRS,n,2,289.59,2.23,D,0
42.28499,-1.87057,333.06,0.45,0.39,2023-02-17,1317,N,VIIRS,n,2,290.53,3.12,D,0
41.51966,-1.85447,330.09,0.44,0.39,2023-02-17,1317,N,VIIRS,n,2,291.63,1.4,D,0
40.95646,-2.97521,327.52,0.41,0.37,2023-02-17,1317,N,VIIRS,n,2,295.35,2.29,D,0
40.9152,-2.99562,336.47,0.41,0.37,2023-02-17,1317,N,VIIRS,n,2,302.27,20.22,D,0
39.78915,3.05777,335.25,0.46,0.47,2023-02-17,1317,N,VIIRS,n,2,291.53,3.59,D,0
39.17105,-5.45175,328.84,0.39,0.36,2023-02-17,1317,N,VIIRS,n,2,288.51,2.8,D,0
40.17266,-3.58345,325.98,0.39,0.37,2023-02-17,1317,N,VIIRS,l,2,296.43,1.4,D,0
42.79536,0.66306,367,0.39,0.44,2023-02-17,1318,N,VIIRS,h,2,313.87,12.59,D,0
43.54094,-5.83298,332.55,0.38,0.36,2023-02-17,1318,N,VIIRS,n,2,293.71,2.33,D,2
43.53765,-5.83205,330.26,0.38,0.36,2023-02-17,1318,N,VIIRS,n,2,291.2,2.33,D,2
43.20533,-6.68715,341.29,0.39,0.36,2023-02-17,1318,N,VIIRS,n,2,295.37,10.48,D,0
43.14112,-6.40153,340.14,0.38,0.36,2023-02-17,1318,N,VIIRS,n,2,305.41,23.46,D,0
43.27076,-5.47956,327.58,0.39,0.36,2023-02-17,1318,N,VIIRS,n,2,287.14,4.3,D,0
43.27145,-5.47486,346.63,0.39,0.36,2023-02-17,1318,N,VIIRS,n,2,289.08,11.9,D,0
43.11776,-6.46318,344.38,0.38,0.36,2023-02-17,1318,N,VIIRS,n,2,292.06,13,D,0
43.26815,-5.47395,347.35,0.39,0.36,2023-02-17,1318,N,VIIRS,n,2,299.47,10.26,D,0
43.15788,-5.87556,325.2,0.38,0.36,2023-02-17,1318,N,VIIRS,n,2,292.18,2.17,D,0
43.20094,-5.07345,338.65,0.39,0.36,2023-02-17,1318,N,VIIRS,n,2,292.66,22.89,D,0
43.26065,-4.602,334.45,0.39,0.36,2023-02-17,1318,N,VIIRS,n,2,299.76,9.87,D,0
42.86081,-6.60152,325.73,0.39,0.36,2023-02-17,1318,N,VIIRS,n,2,288.66,2.7,D,0
43.31554,-3.3213,331.31,0.42,0.38,2023-02-17,1318,N,VIIRS,n,2,283.39,3.12,D,0
43.31207,-3.3207,350.98,0.42,0.38,2023-02-17,1318,N,VIIRS,n,2,287.59,9.09,D,0
43.21697,-3.76594,326.39,0.41,0.37,2023-02-17,1318,N,VIIRS,n,2,288.44,5.14,D,0
43.21761,-3.76112,341.79,0.41,0.37,2023-02-17,1318,N,VIIRS,n,2,297.46,24.79,D,0
42.99025,-5.26618,351.34,0.39,0.36,2023-02-17,1318,N,VIIRS,n,2,294.63,9.61,D,0
42.98626,-5.27004,328.8,0.39,0.36,2023-02-17,1318,N,VIIRS,n,2,286.53,3.22,D,0
43.21682,-3.27891,328.1,0.42,0.38,2023-02-17,1318,N,VIIRS,n,2,293.02,7.11,D,0
43.2175,-3.2735,331.37,0.42,0.38,2023-02-17,1318,N,VIIRS,n,2,290.36,7.11,D,0
43.26981,-1.52769,329.56,0.47,0.4,2023-02-17,1318,N,VIIRS,n,2,284.81,2.66,D,0
42.63428,-5.2146,342.96,0.39,0.36,2023-02-17,1318,N,VIIRS,n,2,293.73,4.01,D,0
42.11591,-8.34287,327.14,0.41,0.37,2023-02-17,1318,N,VIIRS,n,2,293.22,2.28,D,0
42.50238,-5.87222,331.38,0.38,0.36,2023-02-17,1318,N,VIIRS,n,2,291.13,2.66,D,0
42.43287,-5.79006,325.79,0.38,0.36,2023-02-17,1318,N,VIIRS,n,2,289.26,2.19,D,0
42.79491,0.65829,327.1,0.39,0.44,2023-02-17,1318,N,VIIRS,n,2,282.71,12.59,D,0
42.79586,0.66853,338.82,0.39,0.44,2023-02-17,1318,N,VIIRS,n,2,288.94,8.76,D,0
41.31228,1.66366,318.2,0.45,0.39,2023-02-18,0135,N,VIIRS,n,2,279.42,2.59,N,2
43.19239,-5.47728,318.52,0.34,0.56,2023-02-18,0135,N,VIIRS,n,2,276.97,3.65,N,0
43.23243,-6.26029,323.54,0.37,0.58,2023-02-18,0135,N,VIIRS,n,2,278.92,2.48,N,0
43.19258,-5.48079,355.4,0.34,0.56,2023-02-18,0135,N,VIIRS,n,2,278.04,3.65,N,0
41.45073,2.12947,310.9,0.44,0.38,2023-02-18,0135,N,VIIRS,n,2,280.77,1.05,N,0
41.45007,2.13473,301.18,0.44,0.38,2023-02-18,0135,N,VIIRS,n,2,281.08,1.05,N,0
43.55355,-5.85906,296.02,0.36,0.57,2023-02-18,0135,N,VIIRS,n,2,280.18,0.48,N,2
43.54148,-5.83246,312.26,0.35,0.57,2023-02-18,0135,N,VIIRS,n,2,281.3,1.37,N,2
43.53616,-5.83296,303.4,0.35,0.57,2023-02-18,0135,N,VIIRS,n,2,278.81,0.7,N,2
43.53068,-5.72624,296.85,0.35,0.57,2023-02-18,0135,N,VIIRS,n,2,279.64,0.99,N,2
43.52562,-5.73124,303.41,0.35,0.57,2023-02-18,0135,N,VIIRS,n,2,281.3,1.72,N,2
43.28142,-4.6892,333.79,0.62,0.54,2023-02-18,0135,N,VIIRS,n,2,279.54,5.02,N,0
43.28183,-4.68951,337.36,0.62,0.54,2023-02-18,0135,N,VIIRS,n,2,279.57,7.2,N,0
43.3462,-8.43854,305.09,0.48,0.64,2023-02-18,0135,N,VIIRS,n,2,280.32,0.93,N,2
43.12598,-3.87073,314.26,0.56,0.52,2023-02-18,0135,N,VIIRS,n,2,279.33,1.8,N,0
43.12689,-3.86962,317.62,0.56,0.51,2023-02-18,0135,N,VIIRS,n,2,279.72,2.71,N,0
43.3455,-8.43734,307.23,0.48,0.64,2023-02-18,0135,N,VIIRS,n,2,280.38,1.17,N,2
43.20294,-5.47858,297.61,0.34,0.56,2023-02-18,0135,N,VIIRS,n,2,277.64,2.83,N,0
43.19778,-5.48012,346.79,0.34,0.56,2023-02-18,0135,N,VIIRS,n,2,279.91,2.83,N,0
43.19761,-5.47695,342.33,0.34,0.56,2023-02-18,0135,N,VIIRS,n,2,279.13,2.83,N,0
38.51353,-3.50031,298.83,0.48,0.48,2023-02-18,0136,N,VIIRS,n,2,274.27,1.23,N,0
43.21302,-3.75024,296.47,0.48,0.64,2023-02-18,0315,N,VIIRS,n,2,277.32,0.88,N,0
43.19434,-5.06845,303.82,0.41,0.61,2023-02-18,0315,N,VIIRS,n,2,277.58,0.64,N,0
43.3447,-8.43679,295.04,0.57,0.52,2023-02-18,0315,N,VIIRS,n,2,279.14,0.48,N,2
43.34501,-8.43555,297.68,0.57,0.52,2023-02-18,0315,N,VIIRS,n,2,278.91,1.04,N,2
41.45331,1.88025,334,0.41,0.37,2023-02-18,1258,N,VIIRS,n,2,293.37,3.73,D,0
39.42387,3.11555,325.9,0.43,0.38,2023-02-18,1258,N,VIIRS,n,2,293.26,0.87,D,0
41.29881,-1.90854,337.21,0.39,0.36,2023-02-18,1258,N,VIIRS,n,2,293.68,4.1,D,0
41.29267,-1.0529,336.78,0.38,0.36,2023-02-18,1258,N,VIIRS,n,2,289.18,4.08,D,0
41.28938,-1.05199,345.09,0.38,0.36,2023-02-18,1258,N,VIIRS,n,2,295.4,4.08,D,0
41.31284,1.66176,327.45,0.41,0.37,2023-02-18,1258,N,VIIRS,n,2,297.5,2,D,2
43.18428,-1.83921,349.86,0.38,0.36,2023-02-18,1259,N,VIIRS,n,2,293.14,10.14,D,0
43.18101,-1.83822,351.28,0.38,0.36,2023-02-18,1259,N,VIIRS,n,2,299.67,10.14,D,0
43.18175,-1.83354,329.29,0.38,0.36,2023-02-18,1259,N,VIIRS,n,2,290.54,10.14,D,0
43.17773,-1.83724,343.86,0.38,0.36,2023-02-18,1259,N,VIIRS,n,2,300.49,13.3,D,0
43.23805,-1.4727,334.69,0.38,0.36,2023-02-18,1259,N,VIIRS,n,2,302.7,7.63,D,0
43.15644,-1.73277,338.62,0.38,0.36,2023-02-18,1259,N,VIIRS,n,2,299.55,9.84,D,0
43.18129,-1.57371,338.5,0.38,0.36,2023-02-18,1259,N,VIIRS,n,2,296.92,14.76,D,0
43.17802,-1.57274,341.47,0.38,0.36,2023-02-18,1259,N,VIIRS,n,2,295.32,4.6,D,0
43.15176,-1.57168,331.93,0.38,0.36,2023-02-18,1259,N,VIIRS,n,2,295.66,18.21,D,0
43.08741,-1.9592,353.31,0.39,0.36,2023-02-18,1259,N,VIIRS,n,2,300.43,9.43,D,0
43.14848,-1.57075,332.3,0.38,0.36,2023-02-18,1259,N,VIIRS,n,2,298.4,18.21,D,0
43.0993,-1.55639,352.66,0.38,0.36,2023-02-18,1259,N,VIIRS,n,2,291.39,4.14,D,0
43.09603,-1.55543,334.97,0.38,0.36,2023-02-18,1259,N,VIIRS,n,2,290.39,4.14,D,0
42.16518,-6.65576,326.1,0.52,0.41,2023-02-18,1259,N,VIIRS,n,2,288.82,8.22,D,0
42.16649,-6.64941,337.82,0.52,0.41,2023-02-18,1259,N,VIIRS,n,2,298.35,8.22,D,0
43.08395,-1.34875,348.76,0.38,0.36,2023-02-18,1259,N,VIIRS,n,2,309.45,10.65,D,0
43.07996,-1.35249,334.99,0.38,0.36,2023-02-18,1259,N,VIIRS,n,2,297.15,10.65,D,0
42.07027,-1.19426,327.47,0.38,0.36,2023-02-18,1259,N,VIIRS,n,2,289.56,1.17,D,0
43.19925,-5.48321,350.6,0.45,0.39,2023-02-18,1259,N,VIIRS,n,2,296.06,9,D,0
43.20114,-5.47336,339.15,0.45,0.39,2023-02-18,1259,N,VIIRS,n,2,294.39,7.08,D,0
43.2002,-5.47827,337.54,0.45,0.39,2023-02-18,1259,N,VIIRS,n,2,298.31,9,D,0
43.19829,-5.48828,328.18,0.45,0.39,2023-02-18,1259,N,VIIRS,n,2,295.46,3.36,D,0
43.20378,-5.47909,348.14,0.45,0.39,2023-02-18,1259,N,VIIRS,n,2,294.92,9.09,D,0
43.20287,-5.48387,331.94,0.45,0.39,2023-02-18,1259,N,VIIRS,n,2,291.67,9.09,D,0
43.20187,-5.48911,331.34,0.45,0.39,2023-02-18,1259,N,VIIRS,n,2,288.5,2.04,D,0
43.28102,-6.04074,341.18,0.47,0.4,2023-02-18,1259,N,VIIRS,n,2,292.04,7.01,D,0
43.53924,-5.83046,335.4,0.46,0.39,2023-02-18,1259,N,VIIRS,n,2,294.82,6.08,D,2
43.12495,-3.86345,337.26,0.41,0.37,2023-02-18,1259,N,VIIRS,n,2,291.28,5.89,D,0
43.12409,-3.86831,347.76,0.41,0.37,2023-02-18,1259,N,VIIRS,n,2,294.25,5.89,D,0
43.12828,-3.86469,330.28,0.41,0.37,2023-02-18,1259,N,VIIRS,n,2,293.04,2.93,D,0
43.29436,-3.52203,325.2,0.4,0.37,2023-02-18,1259,N,VIIRS,n,2,295.17,1.42,D,0
43.19364,-5.06948,339.85,0.44,0.38,2023-02-18,1259,N,VIIRS,n,2,294.8,4.47,D,0
43.14084,-3.75368,356.03,0.41,0.37,2023-02-18,1259,N,VIIRS,n,2,304.99,14.08,D,0
43.14174,-3.7486,333.65,0.41,0.37,2023-02-18,1259,N,VIIRS,l,2,306.9,11.86,D,0
43.28055,-4.67788,343.13,0.43,0.38,2023-02-18,1259,N,VIIRS,n,2,298.38,6.37,D,0
43.27848,-4.69172,326.91,0.54,0.68,2023-02-19,0116,N,VIIRS,n,2,277.47,2.34,N,0
41.31215,1.65949,310.57,0.49,0.49,2023-02-19,0116,N,VIIRS,n,2,278.35,1.99,N,2
41.3131,1.65959,310.79,0.49,0.49,2023-02-19,0116,N,VIIRS,n,2,278.59,1.36,N,2
41.84937,-1.27747,300.88,0.35,0.57,2023-02-19,0116,N,VIIRS,n,2,255.31,0.65,N,0
41.93546,-1.38759,298.7,0.36,0.57,2023-02-19,0116,N,VIIRS,n,2,266.41,0.83,N,0
41.93244,-1.3871,303.01,0.36,0.57,2023-02-19,0116,N,VIIRS,n,2,265.66,0.85,N,0
43.10785,-6.73708,297.33,0.68,0.74,2023-02-19,0116,N,VIIRS,n,2,275.46,1.18,N,0
43.1458,-3.74947,295.47,0.48,0.65,2023-02-19,0116,N,VIIRS,n,2,275.61,0.96,N,0
43.12548,-1.72517,299.84,0.38,0.59,2023-02-19,0116,N,VIIRS,n,2,276.48,0.52,N,0
43.2784,-4.68772,295.61,0.54,0.68,2023-02-19,0116,N,VIIRS,n,2,276.67,2.34,N,0
43.27856,-4.69585,306.61,0.54,0.68,2023-02-19,0116,N,VIIRS,n,2,276.5,3.82,N,0
43.28007,-4.68876,305.75,0.54,0.68,2023-02-19,0116,N,VIIRS,n,2,277.33,2.85,N,0
43.28021,-4.69774,298.44,0.54,0.68,2023-02-19,0116,N,VIIRS,n,2,276.73,2.28,N,0
43.28014,-4.69261,321.23,0.54,0.68,2023-02-19,0116,N,VIIRS,n,2,277.07,2.28,N,0
43.3074,-3.02447,297.08,0.44,0.63,2023-02-19,0116,N,VIIRS,n,2,278.84,0.51,N,2
43.37498,-6.42413,297.92,0.66,0.73,2023-02-19,0116,N,VIIRS,n,2,275.41,0.97,N,0
43.18055,-1.84029,300.63,0.35,0.57,2023-02-19,0256,N,VIIRS,n,2,274.53,0.92,N,0
43.12526,-1.72401,307.02,0.36,0.57,2023-02-19,0256,N,VIIRS,n,2,274.98,0.73,N,0
43.33712,-6.45844,307.84,0.42,0.46,2023-02-19,0256,N,VIIRS,n,2,276.5,1.34,N,0
41.31279,1.66508,296.72,0.58,0.7,2023-02-19,0256,N,VIIRS,n,2,274.14,1.3,N,2
41.31453,1.66069,296.91,0.58,0.7,2023-02-19,0256,N,VIIRS,n,2,273.85,1.98,N,2
40.24471,-3.47644,296.75,0.35,0.57,2023-02-19,0257,N,VIIRS,n,2,277.87,0.94,N,2
43.10545,-6.73165,298.36,0.42,0.45,2023-02-19,0257,N,VIIRS,n,2,274.56,1.56,N,0
28.61416,-17.86656,297.1,0.39,0.36,2023-02-19,0301,N,VIIRS,n,2,286.93,1.64,N,2
39.36571,-2.6844,348.49,0.43,0.46,2023-02-19,1239,N,VIIRS,n,2,287.65,14.76,D,0
41.10081,-4.70751,332.34,0.49,0.48,2023-02-19,1240,N,VIIRS,n,2,292.33,5.99,D,0
43.11212,-1.79851,342.67,0.5,0.41,2023-02-19,1240,N,VIIRS,n,2,290.05,3.95,D,0
43.03167,-2.02183,328.77,0.51,0.41,2023-02-19,1240,N,VIIRS,n,2,287.94,7.43,D,0
43.03276,-2.01652,335.99,0.51,0.41,2023-02-19,1240,N,VIIRS,n,2,292.81,7.43,D,0
43.07683,-1.79875,338,0.5,0.41,2023-02-19,1240,N,VIIRS,n,2,288.38,4.92,D,0
42.13713,-1.27608,329.87,0.49,0.4,2023-02-19,1240,N,VIIRS,n,2,290.41,3.68,D,0
42.13461,-1.14298,329.83,0.49,0.4,2023-02-19,1240,N,VIIRS,n,2,290.73,4.51,D,0
41.09948,-4.71317,339.14,0.49,0.48,2023-02-19,1240,N,VIIRS,n,2,290.3,5.99,D,0
41.73885,0.80465,329.96,0.42,0.38,2023-02-19,1240,N,VIIRS,n,2,291.2,1.68,D,0
41.73925,0.80162,329.2,0.42,0.38,2023-02-19,1240,N,VIIRS,n,2,292.67,2.33,D,0
42.36103,-5.67406,346.95,0.51,0.49,2023-02-19,1240,N,VIIRS,n,2,290.23,14.1,D,0
42.36088,-5.67361,346.94,0.51,0.49,2023-02-19,1240,N,VIIRS,n,2,291.82,11.08,D,0
42.43541,-5.00281,330.65,0.47,0.48,2023-02-19,1240,N,VIIRS,n,2,289.86,3.22,D,0
43.11501,-1.92454,336.11,0.5,0.41,2023-02-19,1240,N,VIIRS,n,2,293.27,9.07,D,0
43.11634,-1.91808,367,0.5,0.41,2023-02-19,1240,N,VIIRS,h,2,296.79,18.12,D,0
43.11262,-1.91699,328.38,0.5,0.41,2023-02-19,1240,N,VIIRS,n,2,293.6,2.55,D,0
43.10926,-1.79907,344.5,0.49,0.41,2023-02-19,1240,N,VIIRS,n,2,291.95,9.53,D,0
43.10847,-1.79716,332.21,0.5,0.41,2023-02-19,1240,N,VIIRS,n,2,287.35,3.95,D,0
43.10492,-6.72773,339.39,0.54,0.51,2023-02-19,1240,N,VIIRS,n,2,289.73,12.37,D,0
43.10709,-6.72868,335.03,0.54,0.51,2023-02-19,1240,N,VIIRS,n,2,286.92,5.34,D,0
43.10233,-6.72767,335.07,0.54,0.51,2023-02-19,1240,N,VIIRS,n,2,287.25,5.34,D,0
43.15117,-5.77326,341.41,0.49,0.49,2023-02-19,1240,N,VIIRS,n,2,285.9,10,D,0
43.15236,-5.76831,338.15,0.49,0.48,2023-02-19,1240,N,VIIRS,n,2,285.75,10,D,0
43.20362,-3.57515,350.04,0.39,0.44,2023-02-19,1240,N,VIIRS,n,2,291.74,7.84,D,0
43.13346,-3.69717,330.3,0.39,0.44,2023-02-19,1240,N,VIIRS,n,2,283.67,2.17,D,0
43.13115,-3.70023,340.22,0.72,0.76,2023-02-19,1421,N,VIIRS,n,2,283.62,9.81,D,0
43.10274,-6.7252,367,0.51,0.66,2023-02-19,1421,N,VIIRS,h,2,291.69,16.76,D,0
43.10291,-6.71752,325.9,0.51,0.66,2023-02-19,1421,N,VIIRS,n,2,286.79,14.12,D,0
43.10905,-6.7208,334.35,0.51,0.66,2023-02-19,1421,N,VIIRS,n,2,284.93,14.12,D,0
43.10889,-6.72751,357.35,0.51,0.66,2023-02-19,1421,N,VIIRS,l,2,285.11,16.76,D,0
43.13483,-3.69819,338.49,0.72,0.76,2023-02-19,1421,N,VIIRS,n,2,283.53,11.68,D,0
43.33354,-6.36644,325.88,0.53,0.67,2023-02-19,1421,N,VIIRS,n,2,287.24,5.57,D,0
43.33704,-6.36616,325.64,0.53,0.67,2023-02-19,1421,N,VIIRS,n,2,284.67,4.47,D,0
43.1907,-5.75341,330.27,0.44,0.39,2023-02-20,0238,N,VIIRS,n,2,282.14,10.56,N,0
43.18813,-5.75934,298.85,0.44,0.39,2023-02-20,0238,N,VIIRS,n,2,275.39,1.06,N,0
43.18718,-5.75441,297.33,0.44,0.39,2023-02-20,0238,N,VIIRS,n,2,275.56,0.8,N,0
41.31478,1.66184,296.71,0.34,0.56,2023-02-20,0238,N,VIIRS,n,2,265.76,0.49,N,2
43.34739,-8.43517,300.15,0.39,0.36,2023-02-20,0238,N,VIIRS,n,2,279.05,0.57,N,2
43.34561,-8.43776,309.05,0.39,0.36,2023-02-20,0238,N,VIIRS,n,2,279.92,1.1,N,2
41.99458,-7.0245,325.34,0.42,0.38,2023-02-20,0238,N,VIIRS,n,2,272.38,2.49,N,0
41.99549,-7.02946,315.1,0.42,0.38,2023-02-20,0238,N,VIIRS,n,2,271.61,2.16,N,0
41.99116,-7.02555,331.66,0.42,0.38,2023-02-20,0238,N,VIIRS,n,2,270.31,2.49,N,0
41.99208,-7.03054,309.47,0.42,0.38,2023-02-20,0238,N,VIIRS,n,2,269.3,2.16,N,0
41.99429,-7.14079,296.68,0.42,0.38,2023-02-20,0238,N,VIIRS,n,2,272.03,1.98,N,0
39.93489,-3.74428,300.02,0.41,0.45,2023-02-20,0238,N,VIIRS,n,2,279.36,0.63,N,2
41.99181,-7.14689,302.21,0.42,0.38,2023-02-20,0238,N,VIIRS,n,2,273.42,2.79,N,0
41.99092,-7.14205,337.06,0.42,0.38,2023-02-20,0238,N,VIIRS,n,2,272.39,1.98,N,0
43.44122,-3.84224,316.84,0.51,0.41,2023-02-20,0238,N,VIIRS,n,2,281.16,1.2,N,2
43.52745,-5.73132,312.71,0.44,0.38,2023-02-20,0238,N,VIIRS,n,2,279.53,1.44,N,2
43.52398,-5.73255,303.9,0.44,0.38,2023-02-20,0238,N,VIIRS,n,2,278.48,1.44,N,2
43.52295,-5.72721,297.36,0.44,0.38,2023-02-20,0238,N,VIIRS,n,2,278.48,1.08,N,2
43.38363,-6.42705,326.7,0.42,0.38,2023-02-20,0238,N,VIIRS,n,2,275.22,1.62,N,0
43.19353,-5.75606,353.42,0.44,0.39,2023-02-20,0238,N,VIIRS,n,2,283,16.1,N,0
43.18999,-5.75697,356.28,0.44,0.39,2023-02-20,0238,N,VIIRS,n,2,283.37,16.1,N,0
43.19167,-5.75846,337.68,0.44,0.39,2023-02-20,0238,N,VIIRS,n,2,285.1,23.86,N,0
43.25317,-1.54883,335.39,0.51,0.5,2023-02-20,1221,N,VIIRS,n,2,291.86,5.92,D,0
42.70288,-5.82064,327.33,0.42,0.61,2023-02-20,1221,N,VIIRS,n,2,284.96,2.17,D,0
43.21293,-3.737,334.63,0.33,0.55,2023-02-20,1221,N,VIIRS,n,2,290.88,3.67,D,0
43.24854,-1.54783,338.29,0.51,0.5,2023-02-20,1221,N,VIIRS,n,2,294.58,5.92,D,0
43.19281,-3.87277,367,0.33,0.55,2023-02-20,1221,N,VIIRS,h,2,294.28,6.28,D,0
43.1697,-1.56979,339.61,0.52,0.5,2023-02-20,1221,N,VIIRS,n,2,294.16,13.51,D,0
43.17131,-1.56333,355.18,0.52,0.5,2023-02-20,1221,N,VIIRS,n,2,300.93,13.51,D,0
42.65549,-3.91245,331.55,0.35,0.56,2023-02-20,1221,N,VIIRS,n,2,287.83,1.66,D,0
43.17491,-1.57033,335.61,0.52,0.5,2023-02-20,1221,N,VIIRS,n,2,288.32,11.41,D,0
43.17058,-1.568,341,0.52,0.5,2023-02-20,1221,N,VIIRS,n,2,298.72,11.41,D,0
43.19387,-3.86884,326.91,0.33,0.55,2023-02-20,1221,N,VIIRS,n,2,290.67,5.58,D,0
43.17212,-1.56172,341.95,0.52,0.5,2023-02-20,1221,N,VIIRS,n,2,296.25,25.92,D,0
43.16001,-1.57122,340.71,0.52,0.5,2023-02-20,1221,N,VIIRS,n,2,292.47,7.26,D,0
43.12974,-1.78851,334.74,0.53,0.5,2023-02-20,1221,N,VIIRS,n,2,294.02,6.49,D,0
43.08511,-1.96557,337.88,0.54,0.51,2023-02-20,1221,N,VIIRS,n,2,289.42,6.05,D,0
43.24995,-1.54207,340.43,0.51,0.5,2023-02-20,1221,N,VIIRS,n,2,296.34,16.16,D,0
43.13181,-1.78743,330.24,0.53,0.5,2023-02-20,1221,N,VIIRS,n,2,292.68,6.98,D,0
43.08808,-1.96538,339.42,0.54,0.51,2023-02-20,1221,N,VIIRS,n,2,290.41,7.16,D,0
43.19684,-3.70127,326.66,0.33,0.55,2023-02-20,1221,N,VIIRS,n,2,286.33,2.73,D,0
42.24046,-6.22751,352.07,0.46,0.63,2023-02-20,1221,N,VIIRS,n,2,281.39,6.6,D,0
43.17569,-1.56544,342.04,0.52,0.5,2023-02-20,1221,N,VIIRS,n,2,288.12,19.6,D,0
42.24109,-6.22775,340.69,0.46,0.63,2023-02-20,1221,N,VIIRS,n,2,280.4,8.4,D,0
40.97934,-2.9939,329.57,0.35,0.56,2023-02-20,1221,N,VIIRS,n,2,289.95,2.16,D,0
39.96114,-4.72072,330.37,0.35,0.57,2023-02-20,1401,N,VIIRS,n,2,288.2,2.21,D,0
40.96088,-2.97738,357,0.44,0.62,2023-02-20,1401,N,VIIRS,n,2,282.62,6.89,D,0
41.76902,-1.10722,326.89,0.55,0.68,2023-02-20,1401,N,VIIRS,n,2,288.27,5.34,D,0
39.64218,-4.98663,335.77,0.34,0.56,2023-02-20,1401,N,VIIRS,n,2,284.38,4.37,D,0
39.64249,-4.98885,345.41,0.34,0.56,2023-02-20,1401,N,VIIRS,n,2,284.97,4.16,D,0
43.1927,-3.8683,326.82,0.41,0.61,2023-02-20,1402,N,VIIRS,n,2,289.77,4.87,D,0
43.09774,-4.05916,329.92,0.4,0.6,2023-02-20,1402,N,VIIRS,n,2,289.34,4.85,D,0
43.09789,-4.05531,367,0.4,0.6,2023-02-20,1402,N,VIIRS,h,2,291.72,10.05,D,0
43.15831,-1.57306,353.71,0.53,0.67,2023-02-20,1402,N,VIIRS,n,2,294.24,7.61,D,0
43.12433,-3.95894,340.33,0.41,0.6,2023-02-20,1402,N,VIIRS,n,2,291.46,3.38,D,0
43.24976,-1.54497,341.88,0.54,0.68,2023-02-20,1402,N,VIIRS,n,2,293.76,5.97,D,0
43.25557,-1.57556,334.51,0.54,0.67,2023-02-20,1402,N,VIIRS,n,2,292.47,6.08,D,0
43.1925,-3.87368,354.08,0.41,0.61,2023-02-20,1402,N,VIIRS,n,2,291.32,4.87,D,0
43.20913,-3.57304,335.66,0.42,0.61,2023-02-20,1402,N,VIIRS,n,2,290.4,3.53,D,0
43.14284,-1.7277,332.67,0.53,0.67,2023-02-20,1402,N,VIIRS,n,2,290.56,4.72,D,0
41.76371,-1.10832,334.45,0.55,0.68,2023-02-20,1402,N,VIIRS,n,2,289.89,5.71,D,0
43.16175,-5.99847,304.58,0.39,0.36,2023-02-21,0219,N,VIIRS,n,2,276.24,1.06,N,0
43.0893,-5.81137,305.86,0.39,0.36,2023-02-21,0219,N,VIIRS,n,2,278.8,1.21,N,0
43.08269,-5.81311,301.76,0.39,0.36,2023-02-21,0219,N,VIIRS,n,2,279.04,1.69,N,0
43.08599,-5.81223,328.94,0.39,0.36,2023-02-21,0219,N,VIIRS,n,2,280.62,1.21,N,0
43.08529,-5.80746,302.03,0.39,0.36,2023-02-21,0219,N,VIIRS,n,2,278.37,1.21,N,0
43.08198,-5.8083,313.63,0.39,0.36,2023-02-21,0219,N,VIIRS,n,2,279.14,1.69,N,0
42.91596,-5.78396,297.68,0.39,0.36,2023-02-21,0219,N,VIIRS,n,2,270.88,0.49,N,0
43.24358,-5.08086,332.95,0.38,0.36,2023-02-21,0219,N,VIIRS,n,2,253.92,6.14,N,0
43.10537,-5.46295,295.68,0.39,0.36,2023-02-21,0219,N,VIIRS,n,2,261.9,0.25,N,0
43.07867,-5.80915,330.66,0.39,0.36,2023-02-21,0219,N,VIIRS,n,2,279.11,1.69,N,0
43.07583,-6.46087,299.84,0.39,0.37,2023-02-21,0219,N,VIIRS,n,2,275.56,0.78,N,0
43.16245,-6.0032,326.33,0.39,0.36,2023-02-21,0219,N,VIIRS,n,2,277.15,2.98,N,0
38.66563,-4.05196,323.55,0.41,0.37,2023-02-21,0220,N,VIIRS,n,2,278.58,3.06,N,2
38.37534,-0.54418,295.37,0.55,0.43,2023-02-21,0220,N,VIIRS,n,2,280.32,0.88,N,2
37.35779,-5.86375,296.15,0.39,0.36,2023-02-21,0220,N,VIIRS,n,2,280.67,0.47,N,2
40.24445,-3.47553,297.76,0.41,0.37,2023-02-21,0220,N,VIIRS,n,2,280.37,0.89,N,2
39.93544,-3.7446,301.74,0.41,0.37,2023-02-21,0220,N,VIIRS,n,2,279.64,0.95,N,2
41.27596,1.27948,349.76,0.36,0.57,2023-02-21,1202,N,VIIRS,n,2,289.61,3.44,D,0
40.94407,0.47771,331.83,0.4,0.6,2023-02-21,1202,N,VIIRS,n,2,284.03,2.89,D,0
41.64715,0.9422,327.96,0.36,0.58,2023-02-21,1202,N,VIIRS,n,2,289.67,2.08,D,0
39.01579,-5.79041,333.58,0.52,0.41,2023-02-21,1342,N,VIIRS,n,2,291.46,3.98,D,0
38.82819,-6.23288,333.89,0.49,0.4,2023-02-21,1342,N,VIIRS,n,2,295.08,5.06,D,0
38.82882,-6.22722,338.95,0.49,0.41,2023-02-21,1342,N,VIIRS,n,2,296.72,5.06,D,0
38.71363,-5.17124,325.42,0.55,0.42,2023-02-21,1342,N,VIIRS,n,2,291.43,4.13,D,0
41.56794,-1.32037,335.16,0.61,0.54,2023-02-21,1342,N,VIIRS,n,2,290.36,5.75,D,0
37.71215,-5.84612,328.08,0.5,0.41,2023-02-21,1342,N,VIIRS,n,2,294.71,2.6,D,0
40.98832,-2.99676,335.46,0.5,0.49,2023-02-21,1342,N,VIIRS,n,2,285.41,5.32,D,0
40.992,-3.00097,338.94,0.49,0.49,2023-02-21,1342,N,VIIRS,n,2,284.86,5.44,D,0
41.939,-1.40327,343.65,0.61,0.53,2023-02-21,1343,N,VIIRS,n,2,288.04,7.77,D,0
43.13877,-1.44346,332.83,0.62,0.54,2023-02-21,1343,N,VIIRS,n,2,277.1,5.66,D,0
41.93871,-1.40437,340.96,0.61,0.53,2023-02-21,1343,N,VIIRS,n,2,288.25,10.75,D,0
41.40531,1.99899,303.36,0.42,0.37,2023-02-22,0200,N,VIIRS,n,2,279.96,0.97,N,2
41.31289,1.66396,311.52,0.41,0.37,2023-02-22,0200,N,VIIRS,n,2,280.52,1.95,N,2
38.37792,-0.54596,295.81,0.39,0.36,2023-02-22,0201,N,VIIRS,n,2,281.34,0.61,N,2
36.78047,-5.12577,318.81,0.43,0.38,2023-02-22,0202,N,VIIRS,n,2,276.29,2.14,N,0
37.3603,-5.86446,296.95,0.46,0.39,2023-02-22,0202,N,VIIRS,n,2,282.78,0.71,N,2
36.70616,-4.73685,328.02,0.39,0.36,2023-02-22,1322,N,VIIRS,n,2,295.26,1.25,D,0
37.56745,-7.21085,339.84,0.39,0.36,2023-02-22,1323,N,VIIRS,n,2,293.95,3.64,D,0
37.56307,-7.23732,335.21,0.39,0.36,2023-02-22,1323,N,VIIRS,n,2,292.84,3.86,D,0
37.57223,-7.20286,351.58,0.39,0.36,2023-02-22,1323,N,VIIRS,n,2,294.93,4.09,D,0
37.57044,-7.23463,337.86,0.39,0.36,2023-02-22,1323,N,VIIRS,n,2,293.57,2.04,D,0
38.70039,-1.22142,338.03,0.5,0.41,2023-02-22,1323,N,VIIRS,n,2,293.5,3.55,D,0
40.12621,-3.59551,332.5,0.43,0.38,2023-02-22,1323,N,VIIRS,n,2,294.95,4.09,D,0
40.12969,-3.59626,333.03,0.43,0.38,2023-02-22,1323,N,VIIRS,n,2,294.03,4.09,D,0
40.94593,0.48281,337.48,0.43,0.46,2023-02-22,1323,N,VIIRS,n,2,289.92,4.75,D,0
37.57006,-6.07201,336.4,0.38,0.36,2023-02-22,1323,N,VIIRS,n,2,296.45,2.92,D,0
37.64697,-5.81105,330.79,0.38,0.36,2023-02-22,1323,N,VIIRS,n,2,296.69,2.19,D,0
37.69961,-5.59942,328.37,0.38,0.36,2023-02-22,1323,N,VIIRS,n,2,293.57,1.37,D,0
37.56818,-7.20643,352.84,0.39,0.36,2023-02-22,1323,N,VIIRS,n,2,294.14,4.09,D,0
37.56672,-7.21527,343.34,0.39,0.36,2023-02-22,1323,N,VIIRS,n,2,293.49,3.64,D,0
41.92289,0.17862,338.3,0.42,0.45,2023-02-22,1324,N,VIIRS,n,2,293.24,7.36,D,2
41.31227,1.66027,296.21,0.41,0.37,2023-02-23,0141,N,VIIRS,n,2,278.68,0.79,N,2
37.65847,-1.6433,296.83,0.48,0.4,2023-02-23,0143,N,VIIRS,n,2,278.15,0.66,N,0
37.25672,-6.19275,298.29,0.53,0.5,2023-02-23,0143,N,VIIRS,n,2,278.15,1.39,N,0
36.96545,-1.90637,295.52,0.49,0.4,2023-02-23,0143,N,VIIRS,n,2,283.98,0.68,N,2
36.35696,-5.28237,334.11,0.49,0.4,2023-02-23,1303,N,VIIRS,n,2,290.92,5.48,D,0
36.70764,-4.73122,334.74,0.46,0.39,2023-02-23,1303,N,VIIRS,n,2,294.58,6.16,D,0
39.23209,-5.3828,325.8,0.45,0.39,2023-02-23,1304,N,VIIRS,n,2,289.32,4.56,D,0
39.23615,-0.47528,329.56,0.39,0.36,2023-02-23,1304,N,VIIRS,n,2,289.84,1.37,D,0
38.9184,-5.91953,327.66,0.48,0.4,2023-02-23,1304,N,VIIRS,n,2,290.02,2.3,D,0
39.15838,-0.50008,330.49,0.39,0.36,2023-02-23,1304,N,VIIRS,n,2,291.9,2.23,D,0
39.13616,-0.41592,325.12,0.39,0.36,2023-02-23,1304,N,VIIRS,n,2,291.24,1.82,D,0
39.40917,-4.10225,341.35,0.41,0.37,2023-02-23,1304,N,VIIRS,n,2,285.16,3.73,D,0
43.52531,-5.72875,326.64,0.41,0.37,2023-02-23,1305,N,VIIRS,n,2,285.71,2.58,D,2
43.53908,-5.83013,303.89,0.51,0.66,2023-02-24,0122,N,VIIRS,n,2,265.1,0.68,N,2
43.53924,-5.83672,296.42,0.51,0.66,2023-02-24,0122,N,VIIRS,n,2,266.5,1.8,N,2
43.53712,-5.83078,300.09,0.51,0.66,2023-02-24,0122,N,VIIRS,n,2,265.2,1.78,N,2
40.24201,-3.47477,308.67,0.37,0.58,2023-02-24,0123,N,VIIRS,n,2,271.52,0.91,N,2
38.66802,-4.05337,296.51,0.38,0.59,2023-02-24,0123,N,VIIRS,n,2,272.46,1.09,N,2
39.96063,-5.83329,305.16,0.49,0.65,2023-02-24,0123,N,VIIRS,n,2,269.6,1.53,N,0
40.24741,-3.47414,302.12,0.37,0.58,2023-02-24,0123,N,VIIRS,n,2,271.89,0.91,N,2
40.2455,-3.47656,308,0.42,0.61,2023-02-24,0303,N,VIIRS,n,2,272.46,2.34,N,2
40.24754,-3.47476,308.87,0.42,0.61,2023-02-24,0303,N,VIIRS,n,2,272.53,1.35,N,2
28.61573,-17.87058,296.09,0.42,0.38,2023-02-24,0307,N,VIIRS,n,2,285.2,1.72,N,2
39.97418,-6.35854,328.73,0.52,0.5,2023-02-24,1246,N,VIIRS,n,2,291.78,2.67,D,0
40.24575,-3.47352,302.05,0.66,0.73,2023-02-25,0104,N,VIIRS,n,2,271.58,1.68,N,2
40.24523,-3.47475,299.55,0.49,0.49,2023-02-25,0245,N,VIIRS,n,2,262.56,1.36,N,2
38.37891,-0.54165,295.3,0.38,0.59,2023-02-25,0245,N,VIIRS,n,2,277.34,0.75,N,2
39.93608,-3.74314,307.24,0.45,0.39,2023-02-26,0226,N,VIIRS,n,2,275.05,1,N,2
40.24643,-3.47659,303.92,0.45,0.39,2023-02-26,0226,N,VIIRS,n,2,274.87,2.01,N,2
38.37439,-0.54439,295.38,0.44,0.46,2023-02-26,0226,N,VIIRS,n,2,277.37,0.97,N,2
40.60545,-4.3197,331.76,0.59,0.7,2023-02-26,1208,N,VIIRS,n,2,278.65,4.32,D,0
43.53798,-5.82982,327.07,0.46,0.39,2023-02-27,0206,N,VIIRS,n,2,278.25,2.35,N,2
43.56907,-5.68715,300.14,0.46,0.39,2023-02-27,0206,N,VIIRS,n,2,278.31,1.77,N,3
39.9365,-3.74508,308.69,0.39,0.36,2023-02-27,0207,N,VIIRS,n,2,273.01,1.38,N,2
38.37522,-0.54271,302.75,0.42,0.38,2023-02-27,0207,N,VIIRS,n,2,278.22,0.61,N,2
36.18325,-5.39735,297.96,0.39,0.37,2023-02-27,0208,N,VIIRS,n,2,287.31,0.98,N,0
37.29264,-6.03396,329.01,0.39,0.36,2023-02-27,1329,N,VIIRS,n,2,296.58,1.58,D,0
37.74257,-7.16812,327.01,0.38,0.36,2023-02-27,1329,N,VIIRS,n,2,296.08,3.15,D,0
38.86586,-5.98152,329.06,0.4,0.37,2023-02-27,1329,N,VIIRS,n,2,294.15,2.2,D,0
39.07656,-5.53134,327.07,0.41,0.37,2023-02-27,1329,N,VIIRS,n,2,291.85,1.8,D,0
42.46577,-5.46099,328.81,0.44,0.38,2023-02-27,1330,N,VIIRS,n,2,279.85,3.38,D,0
40.22054,-4.67235,333.08,0.44,0.39,2023-02-27,1330,N,VIIRS,n,2,286.29,5.57,D,0
37.4691,-5.73626,332.96,0.43,0.38,2023-02-28,1310,N,VIIRS,n,2,293.5,2.57,D,0
38.66667,-3.99252,328.62,0.39,0.36,2023-02-28,1310,N,VIIRS,n,2,293.6,3.66,D,0
38.6678,-4.00669,345.15,0.39,0.36,2023-02-28,1310,N,VIIRS,n,2,293.5,2.64,D,0
39.25111,-0.41159,338.67,0.42,0.38,2023-02-28,1310,N,VIIRS,n,2,294.59,3.29,D,0
38.95107,-5.97558,332.83,0.42,0.38,2023-02-28,1310,N,VIIRS,n,2,294.01,2.54,D,0
39.45194,-5.20935,333.26,0.4,0.37,2023-02-28,1310,N,VIIRS,n,2,292.97,5.79,D,0
38.66957,-3.97474,339.04,0.39,0.36,2023-02-28,1310,N,VIIRS,n,2,290.69,2.33,D,0
38.66627,-3.97385,336.06,0.39,0.36,2023-02-28,1310,N,VIIRS,n,2,286.93,2.33,D,0
38.667,-3.9694,328.53,0.39,0.36,2023-02-28,1310,N,VIIRS,n,2,288.01,10.13,D,0
38.66416,-3.97441,335.69,0.39,0.36,2023-02-28,1310,N,VIIRS,n,2,291.45,1.39,D,0
37.0854,-4.44466,337.6,0.4,0.37,2023-02-28,1310,N,VIIRS,n,2,297.98,3.28,D,0
36.80785,-3.12342,327.95,0.39,0.36,2023-02-28,1310,N,VIIRS,n,2,295.76,1.41,D,0
39.82524,-5.6381,356.83,0.41,0.37,2023-02-28,1311,N,VIIRS,l,2,293.2,28.28,D,0
39.81681,-5.62569,339.1,0.41,0.37,2023-02-28,1311,N,VIIRS,n,2,292.64,1.84,D,0
42.4651,-5.43738,334.53,0.39,0.36,2023-02-28,1311,N,VIIRS,n,2,280.44,3.94,D,0
41.75068,-1.06828,330.38,0.42,0.38,2023-02-28,1311,N,VIIRS,n,2,286.35,21.57,D,0
39.90543,-6.04501,336.54,0.42,0.37,2023-02-28,1311,N,VIIRS,n,2,289.85,3.32,D,0
39.77996,-5.71621,339.27,0.41,0.37,2023-02-28,1311,N,VIIRS,n,2,291.12,2.45,D,0
40.24564,-3.47257,325.01,0.38,0.36,2023-02-28,1311,N,VIIRS,n,2,292.35,2.2,D,2
39.82271,-5.6324,343.08,0.41,0.37,2023-02-28,1311,N,VIIRS,n,2,291.86,15.84,D,0
40.29714,-3.70868,325.24,0.38,0.36,2023-02-28,1311,N,VIIRS,n,2,293.27,0.51,D,0
43.52514,-5.73349,316.32,0.42,0.61,2023-03-01,0128,N,VIIRS,n,2,275.83,3.03,N,2
43.52495,-5.72815,317.1,0.42,0.61,2023-03-01,0128,N,VIIRS,n,2,276.3,2.21,N,2
41.75001,-1.07669,319.66,0.47,0.48,2023-03-01,0129,N,VIIRS,n,2,272.4,9.87,N,0
41.45371,1.97729,295.51,0.51,0.41,2023-03-01,0129,N,VIIRS,n,2,275.7,1.18,N,2
41.37072,2.04157,302.6,0.51,0.41,2023-03-01,0129,N,VIIRS,n,2,273.58,0.81,N,0
41.36694,2.04082,295.51,0.51,0.41,2023-03-01,0129,N,VIIRS,n,2,274.01,0.73,N,0
41.31253,1.66385,313.63,0.52,0.42,2023-03-01,0129,N,VIIRS,n,2,275.72,2.21,N,2
40.24281,-3.47316,305.36,0.61,0.53,2023-03-01,0129,N,VIIRS,n,2,270.12,1.45,N,2
39.95108,-0.00439,295.07,0.4,0.44,2023-03-01,0129,N,VIIRS,n,2,280.29,0.88,N,2
40.24324,-3.47875,299.59,0.61,0.53,2023-03-01,0129,N,VIIRS,n,2,269.96,2.85,N,2
39.76348,-2.15472,312.1,0.51,0.5,2023-03-01,0129,N,VIIRS,n,2,266.06,2.39,N,0
41.74954,-1.07091,332.63,0.47,0.48,2023-03-01,0129,N,VIIRS,n,2,276.42,9.87,N,0
36.96611,-1.90416,303.81,0.46,0.47,2023-03-01,0130,N,VIIRS,n,2,279.11,1.33,N,2
37.17601,-6.89819,302.69,0.44,0.62,2023-03-01,0130,N,VIIRS,n,2,279.62,1.23,N,0
41.74939,-1.07425,322.44,0.59,0.7,2023-03-01,0309,N,VIIRS,n,2,271.73,2.6,N,0
43.52389,-5.72815,322.26,0.63,0.54,2023-03-01,0309,N,VIIRS,n,2,274.43,2.99,N,2
41.75043,-1.07494,320.45,0.59,0.7,2023-03-01,0309,N,VIIRS,n,2,271.72,2.86,N,0
40.24344,-3.47438,314.61,0.5,0.66,2023-03-01,0309,N,VIIRS,n,2,270.31,2.66,N,2
40.24199,-3.47482,307.04,0.5,0.66,2023-03-01,0309,N,VIIRS,n,2,267.81,1.98,N,2
37.53916,-6.15936,310.01,0.44,0.62,2023-03-01,0310,N,VIIRS,n,2,272.86,1.3,N,0
37.53977,-6.15825,303.51,0.44,0.62,2023-03-01,0310,N,VIIRS,n,2,273.22,1.08,N,0
37.17781,-6.88986,302.35,0.41,0.61,2023-03-01,0311,N,VIIRS,n,2,277.96,1.39,N,0
37.17662,-6.89122,309.53,0.41,0.61,2023-03-01,0311,N,VIIRS,n,2,277.87,1.58,N,0
37.74212,-6.82098,328.55,0.52,0.5,2023-03-01,1251,N,VIIRS,n,2,292.04,3.58,D,0
37.80317,-2.24822,337.89,0.48,0.4,2023-03-01,1251,N,VIIRS,n,2,291.36,5.6,D,0
37.73454,-1.55172,326.29,0.45,0.39,2023-03-01,1251,N,VIIRS,n,2,296.14,1.74,D,0
37.18737,-6.30751,339.6,0.5,0.49,2023-03-01,1251,N,VIIRS,n,2,296.18,2.53,D,0
37.19179,-6.30906,326.93,0.5,0.49,2023-03-01,1251,N,VIIRS,n,2,294.6,2.53,D,0
39.65647,-0.30847,327.41,0.4,0.37,2023-03-01,1251,N,VIIRS,n,2,291.79,2.17,D,0
41.75076,-1.07351,333.88,0.4,0.37,2023-03-01,1252,N,VIIRS,n,2,293.27,7.2,D,0
39.46325,-5.69388,332.97,0.42,0.45,2023-03-01,1252,N,VIIRS,n,2,286.69,2.85,D,0
40.38637,-4.93615,334.52,0.56,0.43,2023-03-01,1252,N,VIIRS,n,2,283.61,6.36,D,0
40.57399,-5.81511,328.07,0.4,0.44,2023-03-01,1252,N,VIIRS,n,2,283.84,2.15,D,0
40.47509,-6.36897,339.49,0.43,0.46,2023-03-01,1252,N,VIIRS,n,2,286.2,3.62,D,0
42.20303,1.98558,331.6,0.39,0.36,2023-03-01,1252,N,VIIRS,n,2,280.88,1.88,D,0
40.43231,0.37601,343.87,0.39,0.36,2023-03-01,1252,N,VIIRS,n,2,289.42,4.21,D,0
39.15497,-7.00053,332.38,0.49,0.49,2023-03-01,1252,N,VIIRS,n,2,290.46,4.12,D,0
41.75306,-1.07454,318.49,0.42,0.61,2023-03-02,0110,N,VIIRS,n,2,272.22,1.62,N,0
42.50007,-4.70766,310.22,0.64,0.72,2023-03-02,0110,N,VIIRS,n,2,266.45,2.31,N,0
42.50054,-4.7033,301.41,0.64,0.72,2023-03-02,0110,N,VIIRS,n,2,266.03,2.6,N,0
40.24428,-3.47451,303.09,0.54,0.68,2023-03-02,0110,N,VIIRS,n,2,270.04,1.32,N,2
41.31331,1.6606,298.83,0.6,0.53,2023-03-02,0110,N,VIIRS,n,2,274.45,1.53,N,2
43.52567,-5.72575,314.14,0.38,0.43,2023-03-02,0250,N,VIIRS,n,2,275.94,1.33,N,2
43.5267,-5.73036,341.14,0.38,0.43,2023-03-02,0250,N,VIIRS,n,2,281.73,4.42,N,2
43.52775,-5.73508,319.86,0.38,0.43,2023-03-02,0250,N,VIIRS,n,2,276.57,4.42,N,2
43.52386,-5.73665,323.36,0.38,0.43,2023-03-02,0250,N,VIIRS,n,2,276.39,1.91,N,2
43.52282,-5.73199,300.3,0.38,0.43,2023-03-02,0250,N,VIIRS,n,2,276.06,1.91,N,2
43.52179,-5.72741,309.14,0.38,0.43,2023-03-02,0250,N,VIIRS,n,2,274.78,1.16,N,2
41.75171,-1.0722,314.42,0.35,0.57,2023-03-02,0250,N,VIIRS,n,2,271.48,0.98,N,0
42.50434,-4.70654,317.12,0.45,0.47,2023-03-02,0250,N,VIIRS,n,2,267.53,2.88,N,0
42.50308,-4.70123,304.19,0.45,0.47,2023-03-02,0250,N,VIIRS,n,2,266.93,1.81,N,0
42.50134,-4.70435,328.6,0.45,0.47,2023-03-02,0250,N,VIIRS,n,2,267.61,4.16,N,0
42.29848,-5.92944,310.39,0.4,0.44,2023-03-02,0250,N,VIIRS,n,2,267.53,1.35,N,0
40.24735,-3.47468,299.88,0.58,0.52,2023-03-02,0251,N,VIIRS,n,2,270.32,1.38,N,2
40.24268,-3.47663,295.39,0.58,0.52,2023-03-02,0251,N,VIIRS,n,2,268.08,1.38,N,2
37.17454,-6.89356,296.01,0.46,0.47,2023-03-02,0252,N,VIIRS,n,2,278.4,1.35,N,0
39.27715,-0.39596,348.44,0.4,0.44,2023-03-02,1233,N,VIIRS,n,2,291.48,4.62,D,0
38.35949,-5.84575,334.84,0.39,0.6,2023-03-02,1233,N,VIIRS,n,2,292.57,2.68,D,0
38.35967,-5.8471,331.13,0.39,0.6,2023-03-02,1233,N,VIIRS,n,2,293.49,1.14,D,0
39.65553,-0.71371,339.57,0.4,0.45,2023-03-02,1233,N,VIIRS,n,2,292.85,7.46,D,0
38.53272,-5.5295,328.16,0.38,0.58,2023-03-02,1233,N,VIIRS,n,2,288.86,1.84,D,0
39.96281,-4.69952,325.15,0.63,0.54,2023-03-02,1233,N,VIIRS,n,2,292.41,3.14,D,0
39.46256,-5.69746,325.67,0.36,0.58,2023-03-02,1233,N,VIIRS,n,2,288.29,1.9,D,0
42.20357,1.98693,334.49,0.43,0.38,2023-03-02,1233,N,VIIRS,n,2,275.72,6.15,D,0
41.94135,1.87669,328.63,0.44,0.38,2023-03-02,1233,N,VIIRS,n,2,277.67,3.19,D,0
43.52319,-5.72502,330.17,0.57,0.52,2023-03-02,1234,N,VIIRS,n,2,286.8,2.66,D,2
42.36941,-3.73273,339.44,0.49,0.49,2023-03-02,1234,N,VIIRS,n,2,284.11,6.27,D,0
42.37122,-3.73442,336.84,0.49,0.48,2023-03-02,1234,N,VIIRS,n,2,282.67,2.54,D,0
37.15477,-6.50363,349.69,0.39,0.59,2023-03-02,1413,N,VIIRS,n,2,297.71,9.16,D,0
38.53294,-5.52957,328.48,0.45,0.63,2023-03-02,1413,N,VIIRS,n,2,290.53,3.45,D,0
38.46553,-5.58946,342.89,0.45,0.63,2023-03-02,1413,N,VIIRS,n,2,293.21,4.3,D,0
38.42102,-6.20015,326.69,0.42,0.61,2023-03-02,1413,N,VIIRS,n,2,292.07,1.51,D,0
37.15452,-6.50812,345.94,0.39,0.59,2023-03-02,1413,N,VIIRS,n,2,291.55,6.56,D,0
43.33047,-5.77425,299.35,0.4,0.37,2023-03-03,0231,N,VIIRS,n,2,276,0.76,N,2
41.31343,1.66415,307.14,0.57,0.52,2023-03-03,0231,N,VIIRS,n,2,275.87,1.94,N,2
40.2463,-3.47419,306.56,0.52,0.42,2023-03-03,0232,N,VIIRS,n,2,273.27,2.47,N,2
42.36982,-3.73333,313.83,0.47,0.4,2023-03-03,0232,N,VIIRS,n,2,269.09,1.96,N,0
39.93641,-3.74487,301.36,0.52,0.41,2023-03-03,0232,N,VIIRS,n,2,271.95,1.34,N,2
38.37607,-0.54341,297.4,0.52,0.5,2023-03-03,0232,N,VIIRS,n,2,276.45,1.08,N,2
38.30234,-6.68332,298.66,0.43,0.38,2023-03-03,0233,N,VIIRS,n,2,271.29,0.73,N,0
37.18563,-6.90314,305.59,0.43,0.38,2023-03-03,0233,N,VIIRS,n,2,279.99,0.92,N,0
36.96766,-1.90594,298.77,0.48,0.48,2023-03-03,0233,N,VIIRS,n,2,278.64,1.36,N,2
39.80519,-0.14199,329.94,0.32,0.55,2023-03-03,1214,N,VIIRS,n,2,288.57,1.63,D,0
39.21443,-3.47201,344.85,0.49,0.65,2023-03-03,1214,N,VIIRS,n,2,297,4.7,D,0
39.49945,-0.37286,325.4,0.34,0.56,2023-03-03,1214,N,VIIRS,n,2,287.73,0.82,D,0
38.69159,-1.4426,350.77,0.4,0.6,2023-03-03,1214,N,VIIRS,n,2,291.66,5.51,D,0
42.1103,-8.05901,356.18,0.66,0.73,2023-03-03,1215,N,VIIRS,n,2,283.43,16.05,D,0
41.14669,-4.17577,347.74,0.47,0.64,2023-03-03,1215,N,VIIRS,n,2,287.4,5.17,D,0
41.14361,-4.17405,337.33,0.47,0.64,2023-03-03,1215,N,VIIRS,n,2,285.91,4.04,D,0
40.90548,-2.98246,329.64,0.42,0.61,2023-03-03,1215,N,VIIRS,n,2,288.36,8.14,D,0
40.90686,-2.97765,367,0.42,0.61,2023-03-03,1215,N,VIIRS,h,2,291.34,8.14,D,0
40.90304,-2.97785,367,0.42,0.61,2023-03-03,1215,N,VIIRS,h,2,296.06,17.84,D,0
43.54075,-5.83151,326.69,0.47,0.64,2023-03-03,1215,N,VIIRS,n,2,285.05,3.81,D,2
42.10845,-8.05695,356.71,0.66,0.73,2023-03-03,1215,N,VIIRS,n,2,285.15,14.81,D,0
42.92714,-9.05641,332.99,0.69,0.74,2023-03-03,1216,N,VIIRS,n,2,284.21,5.42,D,0
42.92675,-9.05629,335.83,0.69,0.74,2023-03-03,1216,N,VIIRS,n,2,284.76,5.49,D,0
37.34225,-2.17646,367,0.37,0.58,2023-03-03,1354,N,VIIRS,h,2,296.25,7.8,D,0
38.57021,-1.6412,351.51,0.41,0.6,2023-03-03,1354,N,VIIRS,n,2,293.81,4.82,D,0
38.56753,-1.64025,343.16,0.41,0.6,2023-03-03,1354,N,VIIRS,n,2,294.88,7.08,D,0
37.34771,-2.17618,342.91,0.37,0.58,2023-03-03,1354,N,VIIRS,n,2,295.6,7.8,D,0
37.34797,-2.17181,327.83,0.37,0.58,2023-03-03,1354,N,VIIRS,n,2,295.68,7.83,D,0
37.342,-2.18078,367,0.37,0.58,2023-03-03,1354,N,VIIRS,h,2,294.88,7.8,D,0
37.03538,-4.33127,327.41,0.56,0.52,2023-03-03,1354,N,VIIRS,n,2,296.04,3.21,D,0
36.31425,-6.07173,329.31,0.44,0.46,2023-03-03,1354,N,VIIRS,n,2,297.54,4.59,D,0
39.92255,-5.58445,325.31,0.51,0.5,2023-03-03,1355,N,VIIRS,n,2,292.75,3.08,D,0
40.19895,-3.0365,347.31,0.35,0.57,2023-03-03,1355,N,VIIRS,n,2,295.17,5.54,D,0
39.92562,-5.58724,326.53,0.51,0.5,2023-03-03,1355,N,VIIRS,n,2,292.8,2.97,D,0
40.94161,-2.97624,341.98,0.36,0.57,2023-03-03,1355,N,VIIRS,n,2,290.82,3.9,D,0
41.7075,0.84059,326.44,0.58,0.69,2023-03-03,1355,N,VIIRS,n,2,288.15,2.27,D,0
42.15528,-7.04354,327.79,0.46,0.47,2023-03-03,1355,N,VIIRS,n,2,288.77,2.88,D,0
42.73421,-6.5938,333.43,0.49,0.49,2023-03-03,1356,N,VIIRS,n,2,290.83,2.33,D,0
41.31364,1.66522,301.16,0.52,0.41,2023-03-04,0213,N,VIIRS,n,2,276.23,0.67,N,2
40.21414,-5.80893,313.75,0.39,0.37,2023-03-04,0213,N,VIIRS,n,2,273.21,1.54,N,0
40.2169,-5.78025,303.98,0.39,0.37,2023-03-04,0213,N,VIIRS,n,2,273.12,1.91,N,0
39.93702,-3.74511,310.4,0.39,0.36,2023-03-04,0213,N,VIIRS,n,2,274.17,1.53,N,2
40.2467,-5.68902,333.51,0.39,0.36,2023-03-04,0213,N,VIIRS,n,2,273.68,4.2,N,0
40.24367,-3.47469,325.31,0.39,0.36,2023-03-04,0213,N,VIIRS,n,2,276.34,2.36,N,2
43.34731,-8.43784,300.55,0.5,0.41,2023-03-04,0213,N,VIIRS,n,2,275.32,0.76,N,2
42.81316,-1.74028,311.81,0.39,0.37,2023-03-04,0213,N,VIIRS,n,2,271.7,1.27,N,2
38.37743,-0.54655,295.27,0.47,0.4,2023-03-04,0214,N,VIIRS,n,2,276.51,1.18,N,2
36.96685,-1.90714,308.43,0.44,0.38,2023-03-04,0214,N,VIIRS,n,2,280.27,0.93,N,2
39.57309,-0.30388,330.46,0.57,0.69,2023-03-04,1155,N,VIIRS,n,2,288.75,3.06,D,0
40.52781,-1.01986,338.29,0.58,0.7,2023-03-04,1156,N,VIIRS,n,2,287.63,4.49,D,0
41.91047,1.06684,351.92,0.42,0.61,2023-03-04,1156,N,VIIRS,n,2,285.38,5.17,D,0
41.90877,1.06882,349.16,0.42,0.61,2023-03-04,1156,N,VIIRS,n,2,286.32,4.96,D,0
40.13526,-5.1711,326.72,0.48,0.4,2023-03-04,1336,N,VIIRS,n,2,294.5,3,D,0
39.44804,-1.80311,335.93,0.45,0.47,2023-03-04,1336,N,VIIRS,n,2,297.27,4.49,D,0
39.4472,-1.80058,338.05,0.45,0.47,2023-03-04,1336,N,VIIRS,n,2,297.16,3.4,D,0
38.67387,-5.545,325.09,0.45,0.39,2023-03-04,1336,N,VIIRS,l,2,299.49,1.58,D,0
41.88795,-7.62528,301.1,0.42,0.37,2023-03-04,1336,N,VIIRS,l,2,302.45,68.19,D,0
41.88861,-7.62021,367,0.42,0.37,2023-03-04,1336,N,VIIRS,l,2,327.23,116.55,D,0
41.88519,-7.6193,334.13,0.42,0.37,2023-03-04,1336,N,VIIRS,n,2,299.12,3.68,D,0
41.70192,0.83999,328.32,0.33,0.55,2023-03-04,1336,N,VIIRS,n,2,289.85,1.73,D,0
40.22852,-6.02065,332.76,0.45,0.39,2023-03-04,1336,N,VIIRS,n,2,296.86,3.19,D,0
40.22137,-6.01917,335.89,0.45,0.39,2023-03-04,1336,N,VIIRS,n,2,291.48,3.87,D,0
40.13884,-5.71674,342.61,0.46,0.39,2023-03-04,1336,N,VIIRS,n,2,292.23,10.05,D,0
40.13527,-5.71568,343.78,0.46,0.39,2023-03-04,1336,N,VIIRS,n,2,296.63,10.05,D,0
42.08206,-8.18491,329.12,0.41,0.37,2023-03-04,1337,N,VIIRS,n,2,288.59,1.29,D,0
42.51383,-7.3384,329.59,0.43,0.38,2023-03-04,1337,N,VIIRS,n,2,290.64,2.02,D,0
43.21373,-1.56293,331.5,0.51,0.49,2023-03-04,1337,N,VIIRS,n,2,286.28,2.79,D,0
43.53763,-5.83458,304.1,0.42,0.45,2023-03-05,0154,N,VIIRS,n,2,274.52,1.85,N,2
41.47528,-1.48812,296.74,0.41,0.37,2023-03-05,0154,N,VIIRS,n,2,272.98,0.74,N,2
42.30183,-8.24162,319.76,0.53,0.5,2023-03-05,0154,N,VIIRS,n,2,274.8,5.29,N,0
42.30223,-8.24704,311.79,0.53,0.5,2023-03-05,0154,N,VIIRS,n,2,273.33,5.29,N,0
42.30648,-8.2408,310.29,0.53,0.5,2023-03-05,0154,N,VIIRS,n,2,272.96,5.29,N,0
42.30689,-8.2463,337.26,0.53,0.5,2023-03-05,0154,N,VIIRS,n,2,275.73,5.29,N,0
41.313,1.66416,308.55,0.39,0.36,2023-03-05,0154,N,VIIRS,n,2,277.41,1.41,N,2
41.40503,1.99658,303.37,0.39,0.36,2023-03-05,0154,N,VIIRS,n,2,276.27,0.63,N,2
41.45249,1.98162,299.09,0.39,0.36,2023-03-05,0154,N,VIIRS,n,2,279.15,0.82,N,2
41.45326,1.97702,296,0.39,0.36,2023-03-05,0154,N,VIIRS,n,2,276.2,0.82,N,2
41.45655,1.97799,308.57,0.39,0.36,2023-03-05,0154,N,VIIRS,n,2,278.19,0.82,N,2
43.52383,-5.73231,320.22,0.41,0.45,2023-03-05,0154,N,VIIRS,n,2,276.12,7.31,N,2
43.53714,-5.82931,312.73,0.42,0.45,2023-03-05,0154,N,VIIRS,n,2,274.58,1.49,N,2
43.52798,-5.73153,350.61,0.41,0.45,2023-03-05,0154,N,VIIRS,n,2,279.19,7.31,N,2
43.5418,-5.83385,306.04,0.42,0.45,2023-03-05,0154,N,VIIRS,n,2,277.58,1.39,N,2
43.52878,-5.73048,339.56,0.41,0.45,2023-03-05,0154,N,VIIRS,n,2,278.42,3.58,N,2
43.53789,-5.83367,329.46,0.42,0.45,2023-03-05,0154,N,VIIRS,n,2,276.49,2.19,N,2
43.54206,-5.83293,301.34,0.42,0.45,2023-03-05,0154,N,VIIRS,n,2,277.76,2.19,N,2
43.55273,-5.85784,295.66,0.42,0.45,2023-03-05,0154,N,VIIRS,n,2,276.93,1.22,N,2
40.24368,-3.47438,324.84,0.46,0.39,2023-03-05,0155,N,VIIRS,n,2,277.72,2.94,N,2
39.93507,-3.74373,302.78,0.46,0.39,2023-03-05,0155,N,VIIRS,n,2,274.13,1.25,N,2
38.37625,-0.54393,307.24,0.38,0.36,2023-03-05,0155,N,VIIRS,n,2,280.03,1.26,N,2
36.96638,-1.90708,301.8,0.39,0.36,2023-03-05,0155,N,VIIRS,n,2,274,1.31,N,2
43.52525,-5.73218,305.47,0.61,0.71,2023-03-05,0334,N,VIIRS,n,2,277.1,2.27,N,2
37.54182,-2.32394,327.21,0.4,0.37,2023-03-05,1316,N,VIIRS,n,2,293.67,1.96,D,0
43.5393,-5.83049,331.07,0.38,0.36,2023-03-05,1318,N,VIIRS,n,2,293.45,2.62,D,2
43.69146,-7.75724,302.81,0.45,0.63,2023-03-06,0135,N,VIIRS,n,2,276.44,0.8,N,0
43.53947,-5.83134,343.9,0.36,0.57,2023-03-06,0135,N,VIIRS,n,2,278.76,4.31,N,2
43.52922,-5.72917,295.16,0.35,0.57,2023-03-06,0135,N,VIIRS,n,2,277.17,0.63,N,2
43.69574,-7.75678,299.39,0.45,0.63,2023-03-06,0135,N,VIIRS,n,2,277.02,0.69,N,0
43.52413,-5.73413,299.97,0.35,0.57,2023-03-06,0135,N,VIIRS,n,2,277.76,1.31,N,2
43.52391,-5.72969,301.33,0.35,0.57,2023-03-06,0135,N,VIIRS,n,2,277.18,0.93,N,2
43.52584,-5.73192,296.82,0.38,0.58,2023-03-06,0315,N,VIIRS,n,2,278.13,1.38,N,2
43.54242,-5.83079,311.66,0.37,0.58,2023-03-06,0315,N,VIIRS,n,2,276.82,1.62,N,2
40.24585,-3.47612,299.29,0.6,0.7,2023-03-06,0316,N,VIIRS,n,2,275.13,2.23,N,2
28.61562,-17.86911,298.4,0.39,0.44,2023-03-06,0320,N,VIIRS,n,2,284.01,1.35,N,2
41.57222,0.82763,326.41,0.4,0.37,2023-03-06,1258,N,VIIRS,n,2,294.72,2.46,D,0
39.67249,2.80995,326.48,0.42,0.38,2023-03-06,1258,N,VIIRS,n,2,290.83,2.22,D,0
39.47157,-3.60641,327.74,0.44,0.38,2023-03-06,1258,N,VIIRS,n,2,290.69,2.04,D,0
43.10169,-3.91668,338.19,0.41,0.37,2023-03-06,1259,N,VIIRS,n,2,290.31,3.46,D,0
43.13065,-3.90005,298.43,0.49,0.65,2023-03-07,0116,N,VIIRS,n,2,275.68,1.36,N,0
41.31275,1.66401,304.72,0.49,0.49,2023-03-07,0116,N,VIIRS,n,2,277.86,1.97,N,2
43.13042,-3.88975,298.55,0.49,0.65,2023-03-07,0116,N,VIIRS,n,2,274.55,1.98,N,0
41.3111,1.65977,307.32,0.58,0.7,2023-03-07,0257,N,VIIRS,n,2,276.7,1.74,N,2
39.60312,-0.28187,329.98,0.5,0.41,2023-03-07,1239,N,VIIRS,n,2,276.2,3.53,D,0
39.14753,-0.31904,330.57,0.51,0.41,2023-03-07,1239,N,VIIRS,n,2,286.58,5.49,D,0
39.69885,2.87176,337.08,0.4,0.37,2023-03-07,1239,N,VIIRS,n,2,285.83,1.74,D,0
42.18849,-1.88015,326.27,0.52,0.41,2023-03-07,1240,N,VIIRS,n,2,287.33,2.38,D,0
41.58411,0.67319,326.47,0.43,0.38,2023-03-07,1240,N,VIIRS,n,2,291.58,3.36,D,0
41.58317,0.6681,330.99,0.43,0.38,2023-03-07,1240,N,VIIRS,n,2,288.6,2.97,D,0
42.18994,-1.87922,325.5,0.52,0.41,2023-03-07,1240,N,VIIRS,n,2,285.98,3.44,D,0
42.01295,2.23096,299.75,0.41,0.61,2023-03-08,0057,N,VIIRS,n,2,266.38,0.88,N,0
42.01685,2.23136,298.96,0.41,0.61,2023-03-08,0057,N,VIIRS,n,2,266.64,0.83,N,0
43.33447,-6.17678,303.4,0.43,0.38,2023-03-08,0238,N,VIIRS,n,2,268.84,2.01,N,0
43.332,-6.18307,322.66,0.43,0.38,2023-03-08,0238,N,VIIRS,n,2,268.02,2.01,N,0
43.33789,-6.17553,297.77,0.43,0.38,2023-03-08,0238,N,VIIRS,n,2,269.8,1.11,N,0
43.33102,-6.17787,297.33,0.43,0.38,2023-03-08,0238,N,VIIRS,n,2,269.39,2.01,N,0
41.40522,1.99686,300.41,0.35,0.57,2023-03-08,0238,N,VIIRS,n,2,278.93,0.56,N,2
43.33544,-6.18194,328.81,0.43,0.38,2023-03-08,0238,N,VIIRS,n,2,271.64,2.01,N,0
36.96779,-1.90715,296.66,0.58,0.52,2023-03-08,0239,N,VIIRS,n,2,282.83,1.23,N,2
37.37691,-2.26123,367,0.4,0.6,2023-03-08,1220,N,VIIRS,h,2,298.75,6.95,D,0
28.19538,-16.43751,335.14,0.47,0.4,2023-03-08,1358,N,VIIRS,n,2,302.94,3.47,D,0
28.1942,-16.43958,350.7,0.47,0.4,2023-03-08,1358,N,VIIRS,n,2,302.14,5.05,D,0
43.52841,-5.72854,311.37,0.39,0.36,2023-03-09,0219,N,VIIRS,n,2,284.1,1.12,N,2
43.53172,-5.7276,303.16,0.39,0.36,2023-03-09,0219,N,VIIRS,n,2,281.92,1.12,N,2
43.54465,-5.83844,304.24,0.39,0.36,2023-03-09,0219,N,VIIRS,n,2,279.75,0.96,N,2
43.52912,-5.73328,313.2,0.39,0.36,2023-03-09,0219,N,VIIRS,n,2,281.42,1.23,N,2
43.53993,-5.82977,327.9,0.39,0.36,2023-03-09,0219,N,VIIRS,n,2,271.05,1.7,N,2
43.54063,-5.83457,297.49,0.39,0.36,2023-03-09,0219,N,VIIRS,n,2,277.06,1.7,N,2
42.55238,-6.77,298.88,0.4,0.37,2023-03-09,0219,N,VIIRS,n,2,281.38,0.73,N,0
43.26754,-5.21465,306.01,0.38,0.36,2023-03-09,0219,N,VIIRS,n,2,281.58,0.73,N,0
43.27081,-5.21364,305,0.38,0.36,2023-03-09,0219,N,VIIRS,n,2,280.9,0.73,N,0
43.52511,-5.72946,311.06,0.39,0.36,2023-03-09,0219,N,VIIRS,n,2,282.57,1.39,N,2
41.918,-1.31623,332.68,0.46,0.63,2023-03-09,1202,N,VIIRS,n,2,287.73,3.5,D,0
41.58049,-0.69097,340.32,0.33,0.55,2023-03-09,1343,N,VIIRS,n,2,292.87,1.97,D,0
43.27132,-5.20453,351.08,0.41,0.45,2023-03-09,1343,N,VIIRS,n,2,293.6,6.78,D,0
43.39021,-4.96998,332.25,0.42,0.45,2023-03-09,1343,N,VIIRS,n,2,289.64,2.68,D,0
43.27089,-5.20925,338.74,0.41,0.45,2023-03-09,1343,N,VIIRS,n,2,290.89,6.78,D,0
43.2685,-5.14721,301.71,0.49,0.41,2023-03-10,0200,N,VIIRS,n,2,280.34,1.05,N,0
43.30344,-3.71053,336.6,0.44,0.38,2023-03-10,0200,N,VIIRS,n,2,280.69,4.17,N,0
43.54574,-5.8433,299.17,0.53,0.42,2023-03-10,0200,N,VIIRS,n,2,282.45,0.94,N,2
43.3067,-3.73682,298.13,0.44,0.38,2023-03-10,0200,N,VIIRS,n,2,278.15,0.7,N,0
43.30604,-3.73151,295.38,0.44,0.38,2023-03-10,0200,N,VIIRS,n,2,278.21,0.7,N,0
43.5405,-5.83074,330.2,0.53,0.42,2023-03-10,0200,N,VIIRS,n,2,285.24,2.9,N,2
43.29992,-3.71137,332.82,0.44,0.38,2023-03-10,0200,N,VIIRS,n,2,280.5,4.24,N,0
43.54186,-5.8439,296.81,0.53,0.42,2023-03-10,0200,N,VIIRS,n,2,282.28,0.86,N,2
43.52962,-5.72611,300.3,0.52,0.42,2023-03-10,0200,N,VIIRS,n,2,283.39,1,N,2
43.53664,-5.83154,305.92,0.53,0.42,2023-03-10,0200,N,VIIRS,n,2,281.91,2.9,N,2
43.52646,-5.73336,302.31,0.52,0.42,2023-03-10,0200,N,VIIRS,n,2,284.37,1,N,2
43.52578,-5.72687,302.2,0.52,0.42,2023-03-10,0200,N,VIIRS,n,2,284.71,1,N,2
43.52262,-5.73417,296.87,0.52,0.42,2023-03-10,0200,N,VIIRS,n,2,284.25,0.88,N,2
43.39152,-4.81647,300.68,0.48,0.4,2023-03-10,0200,N,VIIRS,n,2,282.53,0.95,N,0
43.39033,-4.97064,315.06,0.49,0.4,2023-03-10,0200,N,VIIRS,n,2,283.61,1.86,N,0
43.38995,-5.00068,329.04,0.49,0.4,2023-03-10,0200,N,VIIRS,n,2,283.58,3.36,N,0
43.38927,-4.99466,315.24,0.49,0.4,2023-03-10,0200,N,VIIRS,n,2,282.92,2,N,0
43.3791,-4.972,338.76,0.49,0.4,2023-03-10,0200,N,VIIRS,n,2,285.23,17.65,N,0
43.37612,-4.97921,324.82,0.49,0.4,2023-03-10,0200,N,VIIRS,n,2,283.74,3.22,N,0
43.32621,-4.80598,305.57,0.48,0.4,2023-03-10,0200,N,VIIRS,n,2,282.96,0.72,N,0
43.26593,-4.47665,298.99,0.47,0.39,2023-03-10,0200,N,VIIRS,n,2,278.97,0.69,N,0
43.26643,-4.47879,299.64,0.47,0.39,2023-03-10,0200,N,VIIRS,n,2,280.04,0.97,N,0
43.30671,-5.01354,296.36,0.49,0.4,2023-03-10,0200,N,VIIRS,n,2,280.37,1.08,N,0
43.33013,-5.25352,320.82,0.5,0.41,2023-03-10,0200,N,VIIRS,n,2,283.16,2.09,N,0
43.32937,-5.24675,313.37,0.5,0.41,2023-03-10,0200,N,VIIRS,n,2,282.06,2.09,N,0
43.32973,-5.28424,308.24,0.5,0.41,2023-03-10,0200,N,VIIRS,n,2,281.3,1.77,N,0
43.32638,-5.25425,312.4,0.5,0.41,2023-03-10,0200,N,VIIRS,n,2,282.13,1.84,N,0
43.32594,-5.28461,318.57,0.5,0.41,2023-03-10,0200,N,VIIRS,n,2,281.3,1.77,N,0
43.31787,-5.35041,303.48,0.5,0.41,2023-03-10,0200,N,VIIRS,n,2,281,1.29,N,0
43.31485,-5.35797,327.92,0.5,0.41,2023-03-10,0200,N,VIIRS,n,2,282.58,3.88,N,0
43.31406,-5.35081,326.51,0.5,0.41,2023-03-10,0200,N,VIIRS,n,2,280.47,3.88,N,0
43.28714,-5.14318,313.27,0.49,0.41,2023-03-10,0200,N,VIIRS,n,2,282.71,1.76,N,0
43.28342,-5.14407,326.12,0.49,0.41,2023-03-10,0200,N,VIIRS,n,2,282.84,3.56,N,0
43.12031,-3.91271,304.58,0.44,0.39,2023-03-10,0200,N,VIIRS,n,2,278.06,0.96,N,0
43.32838,-5.7724,295.51,0.52,0.42,2023-03-10,0200,N,VIIRS,n,2,283.94,0.56,N,2
43.26213,-5.22773,297.28,0.5,0.41,2023-03-10,0200,N,VIIRS,n,2,278.75,0.66,N,0
42.81409,-1.74373,296.35,0.39,0.36,2023-03-10,0200,N,VIIRS,n,2,272.23,0.47,N,2
43.29695,-6.26981,309.07,0.55,0.43,2023-03-10,0200,N,VIIRS,n,2,278.41,2.29,N,0
43.29363,-6.27646,332.39,0.55,0.43,2023-03-10,0200,N,VIIRS,n,2,280.94,7.7,N,0
43.29302,-6.27048,308.15,0.55,0.43,2023-03-10,0200,N,VIIRS,n,2,280.24,2.29,N,0
43.2897,-6.27713,304.67,0.55,0.43,2023-03-10,0200,N,VIIRS,n,2,278.07,1.87,N,0
43.23292,-6.26052,297.42,0.55,0.43,2023-03-10,0200,N,VIIRS,n,2,278.07,0.68,N,0
40.24565,-3.47544,308.48,0.41,0.37,2023-03-10,0201,N,VIIRS,n,2,275.27,1.07,N,2
37.35868,-5.8653,302.24,0.46,0.39,2023-03-10,0202,N,VIIRS,n,2,284.89,1.03,N,2
43.43895,-6.58826,322.13,0.67,0.74,2023-03-10,0340,N,VIIRS,n,2,278.59,47.31,N,0
43.44425,-6.57542,322.68,0.67,0.74,2023-03-10,0340,N,VIIRS,n,2,279.28,26.86,N,0
43.43389,-6.57354,298.02,0.67,0.74,2023-03-10,0340,N,VIIRS,n,2,277.36,19.1,N,0
43.43681,-6.58204,342.27,0.67,0.74,2023-03-10,0340,N,VIIRS,n,2,292.27,47.31,N,0
43.38244,-4.967,307.31,0.79,0.78,2023-03-10,0340,N,VIIRS,n,2,280.89,4.42,N,0
43.3889,-4.98497,296.24,0.79,0.78,2023-03-10,0340,N,VIIRS,n,2,279.33,4.12,N,0
43.44202,-6.57497,324.97,0.67,0.74,2023-03-10,0340,N,VIIRS,n,2,279.22,3.01,N,0
43.37886,-4.97985,346.24,0.79,0.78,2023-03-10,0340,N,VIIRS,n,2,281.34,4.42,N,0
43.4447,-6.58277,299.37,0.67,0.74,2023-03-10,0340,N,VIIRS,n,2,278.05,3.01,N,0
43.39059,-4.95936,311.72,0.79,0.78,2023-03-10,0340,N,VIIRS,n,2,280.98,2.04,N,0
43.37962,-4.97438,332.58,0.79,0.78,2023-03-10,0340,N,VIIRS,n,2,280.52,8.16,N,0
43.31349,-5.34771,296.93,0.76,0.77,2023-03-10,0340,N,VIIRS,n,2,275.88,1.82,N,0
43.38998,-5.00272,298.15,0.78,0.78,2023-03-10,0340,N,VIIRS,n,2,278.93,2.23,N,0
43.38658,-4.99341,297.45,0.79,0.78,2023-03-10,0340,N,VIIRS,n,2,279.26,4.86,N,0
43.38244,-4.98208,319.21,0.79,0.78,2023-03-10,0340,N,VIIRS,n,2,280.57,4.86,N,0
43.39226,-4.99428,310.36,0.79,0.78,2023-03-10,0340,N,VIIRS,n,2,280.46,4.12,N,0
43.31562,-5.35362,315.51,0.76,0.77,2023-03-10,0340,N,VIIRS,n,2,276.83,1.82,N,0
43.37656,-4.97347,300.01,0.79,0.78,2023-03-10,0340,N,VIIRS,n,2,278.39,4.42,N,0
43.439,-6.58234,367,0.67,0.74,2023-03-10,0340,N,VIIRS,h,2,293.72,26.86,N,0
43.44146,-6.58937,304.81,0.67,0.73,2023-03-10,0340,N,VIIRS,n,2,277.97,44.59,N,0
43.43624,-6.57445,309.31,0.67,0.74,2023-03-10,0340,N,VIIRS,n,2,278.33,26.86,N,0
43.43307,-6.58731,307.19,0.67,0.74,2023-03-10,0340,N,VIIRS,n,2,277.43,2.73,N,0
36.21741,-5.44746,326.04,0.38,0.36,2023-03-10,1322,N,VIIRS,n,2,291.09,1.89,D,0
38.48747,-6.52635,325.8,0.38,0.36,2023-03-10,1323,N,VIIRS,n,2,290.98,1.48,D,0
38.26341,-5.30108,325.11,0.39,0.36,2023-03-10,1323,N,VIIRS,n,2,291.53,1.63,D,0
37.19007,-6.30601,336.69,0.39,0.36,2023-03-10,1323,N,VIIRS,n,2,297.77,3.43,D,0
39.64802,-7.00806,344.4,0.39,0.36,2023-03-10,1323,N,VIIRS,n,2,293.3,5.73,D,0
39.64473,-7.00718,344.69,0.39,0.36,2023-03-10,1323,N,VIIRS,n,2,293.65,3.5,D,0
38.88938,-6.20762,329.08,0.38,0.36,2023-03-10,1323,N,VIIRS,n,2,292.96,1.88,D,0
38.66776,-4.04985,328.32,0.41,0.37,2023-03-10,1323,N,VIIRS,n,2,289.41,1.63,D,2
43.2989,-6.26338,341.84,0.39,0.36,2023-03-10,1324,N,VIIRS,n,2,293.14,11.95,D,0
43.2956,-6.26234,336.44,0.39,0.36,2023-03-10,1324,N,VIIRS,n,2,297.16,11.95,D,0
43.29591,-6.08707,346.06,0.4,0.37,2023-03-10,1324,N,VIIRS,n,2,297.45,11.78,D,0
43.21584,-6.10925,339.04,0.39,0.37,2023-03-10,1324,N,VIIRS,n,2,293.55,8.94,D,0
43.21251,-6.10836,337.88,0.39,0.37,2023-03-10,1324,N,VIIRS,n,2,294.2,3.14,D,0
43.32475,-5.28395,329.76,0.41,0.37,2023-03-10,1324,N,VIIRS,n,2,290.31,1.77,D,0
43.29647,-5.39127,357.27,0.41,0.37,2023-03-10,1324,N,VIIRS,l,2,286.95,5.93,D,0
43.29306,-5.39056,342.34,0.41,0.37,2023-03-10,1324,N,VIIRS,n,2,285.13,5.93,D,0
43.31887,-5.3547,331.38,0.41,0.37,2023-03-10,1324,N,VIIRS,n,2,281.65,1.76,D,0
43.32816,-5.28468,327.34,0.41,0.37,2023-03-10,1324,N,VIIRS,n,2,288.34,1.69,D,0
43.54064,-5.83018,330.15,0.4,0.37,2023-03-10,1324,N,VIIRS,n,2,289.41,2.4,D,2
43.30411,-6.27527,345.49,0.39,0.36,2023-03-10,1324,N,VIIRS,n,2,291.75,8.56,D,0
43.30549,-6.26555,346.38,0.39,0.36,2023-03-10,1324,N,VIIRS,n,2,293.68,103.01,D,0
43.3008,-6.27433,332.53,0.39,0.36,2023-03-10,1324,N,VIIRS,n,2,293.86,8.56,D,0
43.25152,-6.16254,298.51,0.61,0.53,2023-03-11,0141,N,VIIRS,n,2,284.51,1.48,N,0
42.39302,2.86253,297.72,0.39,0.36,2023-03-11,0141,N,VIIRS,n,2,278.18,0.72,N,0
42.38969,2.86167,307.8,0.39,0.36,2023-03-11,0141,N,VIIRS,n,2,278.63,1.16,N,0
43.26792,-5.47926,310.09,0.57,0.52,2023-03-11,0141,N,VIIRS,n,2,282.94,1.63,N,0
43.29649,-6.07148,332.25,0.61,0.53,2023-03-11,0141,N,VIIRS,n,2,282.39,5.19,N,0
43.29605,-6.06428,300.58,0.6,0.53,2023-03-11,0141,N,VIIRS,n,2,284.11,3.08,N,0
43.30208,-6.24514,319.36,0.62,0.54,2023-03-11,0141,N,VIIRS,n,2,281.68,2.27,N,0
43.29751,-6.25306,295.36,0.62,0.54,2023-03-11,0141,N,VIIRS,n,2,281.71,2.27,N,0
43.29713,-6.24678,316.75,0.62,0.54,2023-03-11,0141,N,VIIRS,n,2,285.29,2.27,N,0
43.29362,-6.18826,319.19,0.61,0.54,2023-03-11,0141,N,VIIRS,n,2,284.33,2.61,N,0
43.29325,-6.2661,301.22,0.62,0.54,2023-03-11,0141,N,VIIRS,n,2,282.53,0.83,N,0
43.29289,-6.26003,300.26,0.62,0.54,2023-03-11,0141,N,VIIRS,n,2,283.96,0.83,N,0
43.26817,-5.9357,327.49,0.6,0.53,2023-03-11,0141,N,VIIRS,n,2,284.62,3.41,N,0
43.26784,-5.9305,295.16,0.6,0.53,2023-03-11,0141,N,VIIRS,n,2,284.15,1.37,N,0
43.26608,-5.9023,316,0.59,0.53,2023-03-11,0141,N,VIIRS,n,2,284.88,1.86,N,0
43.26323,-5.93601,310.64,0.6,0.53,2023-03-11,0141,N,VIIRS,n,2,283.08,1.75,N,0
43.26291,-5.93088,295.21,0.6,0.53,2023-03-11,0141,N,VIIRS,n,2,284.37,1.16,N,0
43.24344,-5.62363,298.2,0.57,0.52,2023-03-11,0141,N,VIIRS,n,2,284.92,0.8,N,0
43.24187,-5.59925,316.2,0.57,0.52,2023-03-11,0141,N,VIIRS,n,2,283.86,2.62,N,0
43.24142,-5.59236,295.88,0.57,0.52,2023-03-11,0141,N,VIIRS,n,2,282.73,1.5,N,0
43.22972,-5.63797,308.59,0.58,0.52,2023-03-11,0141,N,VIIRS,n,2,284.88,1.96,N,0
43.25687,-6.16115,309.86,0.61,0.54,2023-03-11,0141,N,VIIRS,n,2,284.79,1.24,N,0
43.22479,-5.63707,300.41,0.58,0.52,2023-03-11,0141,N,VIIRS,n,2,281.54,1.17,N,0
43.25191,-6.16198,309.94,0.61,0.54,2023-03-11,0141,N,VIIRS,n,2,284.42,1.24,N,0
43.22639,-5.63855,322,0.57,0.52,2023-03-11,0141,N,VIIRS,n,2,283.58,3.54,N,0
43.25648,-6.16168,314.11,0.61,0.53,2023-03-11,0141,N,VIIRS,n,2,284.67,2.59,N,0
43.2995,-5.31465,295.68,0.55,0.51,2023-03-11,0141,N,VIIRS,n,2,266.59,1.27,N,0
43.18462,-5.32004,296.44,0.55,0.51,2023-03-11,0141,N,VIIRS,n,2,279,0.61,N,0
43.15644,-5.26079,305.96,0.55,0.51,2023-03-11,0141,N,VIIRS,n,2,280.86,1.21,N,0
43.39299,-4.99082,295.51,0.54,0.5,2023-03-11,0141,N,VIIRS,n,2,275.7,1.13,N,0
43.39129,-4.99041,300.88,0.54,0.5,2023-03-11,0141,N,VIIRS,n,2,277.79,1,N,0
43.38911,-5.35798,307.36,0.56,0.51,2023-03-11,0141,N,VIIRS,n,2,283.94,2.09,N,0
43.33046,-5.27491,296.88,0.55,0.51,2023-03-11,0141,N,VIIRS,n,2,277.84,0.79,N,0
43.30427,-5.31398,297.68,0.55,0.51,2023-03-11,0141,N,VIIRS,n,2,265.69,1.31,N,0
41.52883,1.80505,298.62,0.41,0.37,2023-03-11,0142,N,VIIRS,n,2,283.56,0.29,N,2
41.47284,2.18388,299.91,0.4,0.37,2023-03-11,0142,N,VIIRS,n,2,285.76,0.53,N,0
41.45288,1.97819,302.91,0.4,0.37,2023-03-11,0142,N,VIIRS,n,2,286.54,1.16,N,0
41.405,1.99622,296.58,0.4,0.37,2023-03-11,0142,N,VIIRS,n,2,284.84,0.45,N,2
41.31109,1.66219,314.69,0.41,0.37,2023-03-11,0142,N,VIIRS,n,2,286.79,1.91,N,2
41.47493,-1.48773,295.57,0.52,0.42,2023-03-11,0142,N,VIIRS,n,2,281.37,0.73,N,2
40.24264,-3.47542,300.73,0.42,0.45,2023-03-11,0142,N,VIIRS,n,2,269.48,1.54,N,2
43.31492,-6.29692,298.64,0.43,0.62,2023-03-11,0322,N,VIIRS,n,2,282.42,0.43,N,0
43.2958,-6.19169,305.98,0.43,0.62,2023-03-11,0322,N,VIIRS,n,2,283.7,1.01,N,0
43.2702,-6.04396,319.41,0.44,0.62,2023-03-11,0322,N,VIIRS,n,2,283.24,1.71,N,0
43.55207,-5.86044,297.59,0.44,0.62,2023-03-11,0322,N,VIIRS,n,2,282.81,0.95,N,2
43.29008,-5.09374,302.96,0.48,0.65,2023-03-11,0322,N,VIIRS,n,2,271.24,0.99,N,0
43.55167,-5.86091,298.3,0.44,0.62,2023-03-11,0322,N,VIIRS,n,2,283.13,0.59,N,2
43.29338,-5.09049,324.52,0.48,0.65,2023-03-11,0322,N,VIIRS,n,2,274.51,1.53,N,0
43.26912,-5.14007,303.26,0.48,0.65,2023-03-11,0322,N,VIIRS,n,2,284.14,1.42,N,0
43.31228,-5.32286,308.77,0.47,0.64,2023-03-11,0322,N,VIIRS,n,2,280.99,2.41,N,0
43.30253,-5.31237,327.05,0.47,0.64,2023-03-11,0322,N,VIIRS,n,2,282.19,3.4,N,0
43.27365,-6.03449,300.4,0.44,0.62,2023-03-11,0322,N,VIIRS,n,2,282.67,1.71,N,0
43.2684,-6.03799,325.21,0.44,0.62,2023-03-11,0322,N,VIIRS,n,2,282.97,1.71,N,0
43.41805,-5.23096,298.89,0.47,0.64,2023-03-11,0322,N,VIIRS,n,2,274.14,1.57,N,0
43.425,-5.23235,314.35,0.47,0.64,2023-03-11,0322,N,VIIRS,n,2,273.43,1.57,N,0
40.24628,-3.47393,298.69,0.71,0.75,2023-03-11,0322,N,VIIRS,n,2,278.55,1.9,N,2
43.14283,-6.40292,297.56,0.43,0.62,2023-03-11,0322,N,VIIRS,n,2,276.66,2.89,N,0
43.14405,-6.40703,316.2,0.43,0.62,2023-03-11,0322,N,VIIRS,n,2,279.1,2.89,N,0
43.1464,-6.4149,308.68,0.43,0.62,2023-03-11,0322,N,VIIRS,n,2,280.11,5,N,0
43.14527,-6.4111,351,0.43,0.62,2023-03-11,0322,N,VIIRS,n,2,281.81,5,N,0
43.14956,-6.40464,302.22,0.43,0.62,2023-03-11,0322,N,VIIRS,n,2,275.18,1.52,N,0
43.15085,-6.40898,336.92,0.43,0.62,2023-03-11,0322,N,VIIRS,n,2,279.22,4.01,N,0
43.15221,-6.41352,330.95,0.43,0.62,2023-03-11,0322,N,VIIRS,n,2,280.97,4.01,N,0
43.18016,-6.23447,295.76,0.43,0.62,2023-03-11,0322,N,VIIRS,n,2,280.03,0.5,N,0
43.31279,-6.29896,317.78,0.43,0.62,2023-03-11,0322,N,VIIRS,n,2,282.33,1.77,N,0
43.30965,-6.3001,295.83,0.43,0.62,2023-03-11,0322,N,VIIRS,n,2,280.14,0.43,N,0
37.07202,-2.29583,346.94,0.39,0.36,2023-03-11,1304,N,VIIRS,n,2,304.35,1.84,D,0
37.96803,-1.36763,347.48,0.38,0.36,2023-03-11,1304,N,VIIRS,n,2,301.81,3.12,D,0
37.96466,-1.38935,338.03,0.38,0.36,2023-03-11,1304,N,VIIRS,n,2,302.38,1.73,D,0
36.93073,-2.47234,347.44,0.4,0.37,2023-03-11,1304,N,VIIRS,n,2,302.6,4.24,D,0
37.03635,-2.32307,341.12,0.39,0.36,2023-03-11,1304,N,VIIRS,n,2,304.87,3.13,D,0
37.03708,-2.31867,356.66,0.39,0.36,2023-03-11,1304,N,VIIRS,l,2,304.18,3.13,D,0
37.0404,-2.31954,352.95,0.39,0.36,2023-03-11,1304,N,VIIRS,n,2,305.04,4.84,D,0
37.03967,-2.32394,354.48,0.39,0.36,2023-03-11,1304,N,VIIRS,n,2,304.77,4.84,D,0
37.04445,-2.31601,336,0.39,0.36,2023-03-11,1304,N,VIIRS,n,2,305.73,2.69,D,0
37.04372,-2.32039,352.15,0.39,0.36,2023-03-11,1304,N,VIIRS,n,2,305.9,4.84,D,0
37.043,-2.32478,349.76,0.39,0.36,2023-03-11,1304,N,VIIRS,n,2,305.09,4.84,D,0
37.04705,-2.32124,338.55,0.39,0.36,2023-03-11,1304,N,VIIRS,n,2,306.2,2,D,0
37.0661,-2.28966,343.23,0.39,0.36,2023-03-11,1304,N,VIIRS,n,2,302.72,1.58,D,0
37.07014,-2.28616,345.11,0.39,0.36,2023-03-11,1304,N,VIIRS,n,2,306.18,2.18,D,0
37.0687,-2.29495,343.41,0.39,0.36,2023-03-11,1304,N,VIIRS,n,2,301.97,1.58,D,0
37.96728,-1.39451,349,0.38,0.36,2023-03-11,1304,N,VIIRS,n,2,303.22,4.38,D,0
36.89351,-3.52836,339.16,0.42,0.38,2023-03-11,1304,N,VIIRS,n,2,296.79,8.49,D,0
37.76618,-1.72071,350.73,0.39,0.36,2023-03-11,1304,N,VIIRS,n,2,300.19,3.69,D,0
37.76549,-1.72506,335.06,0.39,0.36,2023-03-11,1304,N,VIIRS,n,2,299.43,1.48,D,0
37.95015,-1.39477,340.95,0.38,0.36,2023-03-11,1304,N,VIIRS,n,2,299.33,1.97,D,0
39.6423,-3.77399,352.15,0.4,0.37,2023-03-11,1304,N,VIIRS,n,2,297.9,3.23,D,0
38.89084,-0.40173,336.38,0.39,0.36,2023-03-11,1304,N,VIIRS,n,2,291.66,6.61,D,0
37.9488,-1.40346,336.21,0.38,0.36,2023-03-11,1304,N,VIIRS,n,2,299.56,3.63,D,0
37.95344,-1.39559,338.75,0.38,0.36,2023-03-11,1304,N,VIIRS,n,2,299.61,1.97,D,0
37.95606,-1.40075,343.02,0.38,0.36,2023-03-11,1304,N,VIIRS,n,2,299.94,3.75,D,0
38.89212,-0.39279,352.48,0.39,0.36,2023-03-11,1304,N,VIIRS,n,2,296.64,17.51,D,0
38.89276,-0.38833,336.42,0.39,0.36,2023-03-11,1304,N,VIIRS,n,2,293.01,17.51,D,0
38.88993,-0.39357,337.85,0.39,0.36,2023-03-11,1304,N,VIIRS,n,2,292.65,11.89,D,0
38.89058,-0.38911,349.26,0.39,0.36,2023-03-11,1304,N,VIIRS,n,2,297.92,11.89,D,0
38.18953,-1.38425,330.22,0.38,0.36,2023-03-11,1304,N,VIIRS,n,2,300.4,2.06,D,0
39.93229,-4.09797,350.21,0.41,0.37,2023-03-11,1305,N,VIIRS,n,2,295.13,9.27,D,0
39.93462,-4.10189,337.07,0.41,0.37,2023-03-11,1305,N,VIIRS,n,2,294.36,3.52,D,0
41.48498,-0.66932,328.39,0.4,0.37,2023-03-11,1305,N,VIIRS,n,2,297.22,1.69,D,0
41.29013,-1.20895,336.42,0.39,0.36,2023-03-11,1305,N,VIIRS,n,2,291.7,4.46,D,0
41.48163,-0.66851,340.14,0.4,0.37,2023-03-11,1305,N,VIIRS,n,2,300.27,18.48,D,0
42.18484,-1.7941,342.98,0.39,0.36,2023-03-11,1305,N,VIIRS,n,2,295.38,7.47,D,0
39.93546,-4.09717,340.22,0.41,0.37,2023-03-11,1305,N,VIIRS,n,2,294.85,2.82,D,0
43.27115,-5.89742,332.12,0.42,0.38,2023-03-11,1306,N,VIIRS,n,2,284.43,4.34,D,0
43.52322,-5.73472,296.46,0.51,0.66,2023-03-12,0122,N,VIIRS,n,2,276.03,1.35,N,2
43.52941,-5.73403,297.54,0.51,0.66,2023-03-12,0122,N,VIIRS,n,2,283.48,1.35,N,0
43.53782,-5.83124,308.57,0.51,0.66,2023-03-12,0122,N,VIIRS,n,2,278.29,1.16,N,2
40.24509,-3.4741,312.16,0.37,0.58,2023-03-12,0123,N,VIIRS,n,2,281.73,1.53,N,2
39.48265,3.07253,296.34,0.51,0.41,2023-03-12,0123,N,VIIRS,n,2,284.61,0.48,N,0
40.24316,-3.47634,325.13,0.37,0.58,2023-03-12,0123,N,VIIRS,n,2,282.8,2.48,N,2
41.31313,1.66249,317.16,0.41,0.45,2023-03-12,0123,N,VIIRS,n,2,288.2,1.98,N,2
40.24531,-3.4786,300.84,0.37,0.58,2023-03-12,0123,N,VIIRS,n,2,281.22,1.89,N,2
41.45374,1.9823,297.31,0.4,0.44,2023-03-12,0123,N,VIIRS,n,2,286.26,0.81,N,0
41.4542,1.97745,306.91,0.4,0.44,2023-03-12,0123,N,VIIRS,n,2,286.06,0.99,N,2
41.71747,0.55891,338.51,0.47,0.48,2023-03-12,0123,N,VIIRS,n,2,283.66,5.29,N,0
41.72188,0.55959,326.3,0.47,0.48,2023-03-12,0123,N,VIIRS,n,2,283.7,1.85,N,0
41.90534,-1.73371,298.68,0.62,0.54,2023-03-12,0123,N,VIIRS,n,2,282.92,1.27,N,0
38.37566,-0.54516,299.39,0.49,0.49,2023-03-12,0124,N,VIIRS,n,2,288.63,0.82,N,2
36.96749,-1.90703,305.17,0.56,0.52,2023-03-12,0124,N,VIIRS,n,2,286.51,1.58,N,2
41.72322,0.55825,320.11,0.59,0.7,2023-03-12,0303,N,VIIRS,n,2,281.83,2.32,N,0
41.71715,0.55483,308.99,0.59,0.7,2023-03-12,0303,N,VIIRS,n,2,281.22,2.32,N,0
41.31204,1.65937,308.91,0.68,0.74,2023-03-12,0303,N,VIIRS,n,2,285.36,2.15,N,2
41.31142,1.66225,308.61,0.68,0.74,2023-03-12,0303,N,VIIRS,n,2,285.69,1.87,N,2
41.4049,1.99721,296.74,0.7,0.75,2023-03-12,0303,N,VIIRS,n,2,283.26,0.51,N,2
38.66952,-4.04926,300.83,0.44,0.62,2023-03-12,0304,N,VIIRS,n,2,279.21,1.2,N,2
40.24517,-3.47383,313.34,0.42,0.61,2023-03-12,0304,N,VIIRS,n,2,281.97,1.93,N,2
38.66399,-4.05156,306.41,0.44,0.62,2023-03-12,0304,N,VIIRS,n,2,277.83,1.2,N,2
37.36105,-5.86502,302.8,0.38,0.59,2023-03-12,0304,N,VIIRS,n,2,284.95,0.45,N,2
38.66788,-4.04845,299.7,0.44,0.62,2023-03-12,0304,N,VIIRS,n,2,278.47,1.79,N,2
38.66707,-3.36634,338.57,0.4,0.44,2023-03-12,1245,N,VIIRS,n,2,301.22,2.37,D,0
38.00602,-1.21698,333.34,0.49,0.41,2023-03-12,1245,N,VIIRS,n,2,298.17,9.26,D,0
38.00566,-1.21441,332.53,0.49,0.41,2023-03-12,1245,N,VIIRS,n,2,298.18,4.77,D,0
38.00932,-1.21558,335.24,0.49,0.41,2023-03-12,1245,N,VIIRS,n,2,295.71,4.77,D,0
41.09509,-0.17318,344.77,0.42,0.37,2023-03-12,1246,N,VIIRS,n,2,297.28,3.36,D,0
41.09171,-0.17212,339.39,0.42,0.37,2023-03-12,1246,N,VIIRS,n,2,296.82,2.62,D,0
41.08918,-0.16622,341.05,0.42,0.37,2023-03-12,1246,N,VIIRS,n,2,296.64,2.35,D,0
42.08336,-0.93661,340,0.43,0.38,2023-03-12,1246,N,VIIRS,n,2,298.1,19.29,D,0
40.07463,-0.137,328.92,0.43,0.38,2023-03-12,1246,N,VIIRS,n,2,301.19,2.46,D,0
42.1745,0.91301,342.96,0.39,0.36,2023-03-12,1246,N,VIIRS,n,2,295.78,2.2,D,0
42.00189,0.11954,345.71,0.4,0.37,2023-03-12,1246,N,VIIRS,n,2,294.05,3.36,D,0
43.05045,-5.75194,342.94,0.68,0.74,2023-03-12,1427,N,VIIRS,n,2,292.69,15.04,D,0
43.05046,-5.74678,367,0.69,0.74,2023-03-12,1427,N,VIIRS,h,2,297.35,15.04,D,0
43.049,-5.75212,346.03,0.69,0.74,2023-03-12,1428,N,VIIRS,n,2,293.39,18.1,D,0
43.04898,-5.74687,367,0.69,0.74,2023-03-12,1428,N,VIIRS,h,2,296.93,30.94,D,0
41.31217,1.66034,309.77,0.36,0.57,2023-03-13,0104,N,VIIRS,n,2,281.64,1.15,N,2
40.2426,-3.47947,301.51,0.65,0.73,2023-03-13,0104,N,VIIRS,n,2,276.92,1.88,N,2
40.24203,-3.47732,306.03,0.65,0.73,2023-03-13,0104,N,VIIRS,n,2,277.17,1.82,N,2
38.37653,-0.5468,301.66,0.44,0.63,2023-03-13,0105,N,VIIRS,n,2,287.14,0.88,N,2
36.9647,-1.90657,298.85,0.52,0.66,2023-03-13,0105,N,VIIRS,n,2,285.84,0.65,N,2
43.25775,-6.3014,303.26,0.48,0.4,2023-03-13,0244,N,VIIRS,n,2,284.33,1.49,N,0
43.2553,-6.30838,307.66,0.48,0.4,2023-03-13,0244,N,VIIRS,n,2,283.1,1.4,N,0
43.25423,-6.30309,312.88,0.48,0.4,2023-03-13,0244,N,VIIRS,n,2,283.73,2.84,N,0
43.25074,-6.30496,330.51,0.48,0.4,2023-03-13,0244,N,VIIRS,n,2,284.01,2.84,N,0
43.20395,-6.3597,306.72,0.48,0.4,2023-03-13,0244,N,VIIRS,n,2,284.1,0.95,N,0
43.20048,-6.36161,303.34,0.48,0.4,2023-03-13,0244,N,VIIRS,n,2,281.59,0.95,N,0
43.19704,-6.36361,312.01,0.48,0.4,2023-03-13,0244,N,VIIRS,n,2,282.68,1.98,N,0
43.19572,-6.35722,311.98,0.48,0.4,2023-03-13,0244,N,VIIRS,n,2,283.04,1.98,N,0
43.20214,-6.36256,312.76,0.48,0.4,2023-03-13,0244,N,VIIRS,n,2,282.97,1.28,N,0
43.19868,-6.36461,301.51,0.48,0.4,2023-03-13,0244,N,VIIRS,n,2,281.35,1.28,N,0
43.19392,-6.36,325.05,0.48,0.4,2023-03-13,0244,N,VIIRS,n,2,283.18,2.82,N,0
43.19296,-6.37459,344.95,0.48,0.4,2023-03-13,0244,N,VIIRS,n,2,282.26,8.54,N,0
43.18939,-6.37601,330.69,0.48,0.4,2023-03-13,0244,N,VIIRS,n,2,280.39,3.13,N,0
43.18829,-6.37052,299.46,0.48,0.4,2023-03-13,0244,N,VIIRS,n,2,280.08,3.13,N,0
43.1858,-6.37733,331.26,0.48,0.4,2023-03-13,0244,N,VIIRS,n,2,280.78,3.13,N,0
43.3111,-5.30985,307.78,0.52,0.42,2023-03-13,0244,N,VIIRS,n,2,285.89,1.84,N,0
43.16301,-6.28293,343.87,0.48,0.4,2023-03-13,0244,N,VIIRS,n,2,288.04,5.69,N,0
43.16189,-6.27738,328.97,0.48,0.4,2023-03-13,0244,N,VIIRS,n,2,284.47,5.69,N,0
43.15845,-6.27955,332.79,0.48,0.4,2023-03-13,0244,N,VIIRS,n,2,283.26,5.69,N,0
43.13678,-6.26814,315.32,0.48,0.4,2023-03-13,0244,N,VIIRS,n,2,285.38,1.24,N,0
43.15136,-6.37849,329.01,0.48,0.4,2023-03-13,0244,N,VIIRS,n,2,281.42,7.43,N,0
43.15028,-6.37316,326.05,0.48,0.4,2023-03-13,0244,N,VIIRS,n,2,283.15,7.43,N,0
43.15237,-6.38352,295.26,0.48,0.4,2023-03-13,0244,N,VIIRS,n,2,280.4,1.07,N,0
43.16653,-6.28114,313.11,0.48,0.4,2023-03-13,0244,N,VIIRS,n,2,286.18,1.81,N,0
43.25881,-6.30664,326.22,0.48,0.4,2023-03-13,0244,N,VIIRS,n,2,285.4,2.42,N,0
43.30962,-5.31035,313.7,0.52,0.42,2023-03-13,0244,N,VIIRS,n,2,285.74,1.56,N,0
43.44332,-3.84247,298.06,0.4,0.44,2023-03-13,0244,N,VIIRS,n,2,267,0.31,N,2
42.24668,-6.71348,300.91,0.48,0.4,2023-03-13,0245,N,VIIRS,n,2,276.69,1.13,N,0
42.25249,-6.70389,313.51,0.48,0.4,2023-03-13,0245,N,VIIRS,n,2,279.04,1.81,N,0
42.2454,-6.70706,302.5,0.48,0.4,2023-03-13,0245,N,VIIRS,n,2,278.82,1.04,N,0
38.37588,-0.54357,295.14,0.38,0.59,2023-03-13,0245,N,VIIRS,n,2,270.37,0.46,N,2
36.9683,-1.90648,297.91,0.35,0.57,2023-03-13,0246,N,VIIRS,n,2,284.05,0.89,N,2
37.35908,-5.86737,301.58,0.43,0.46,2023-03-13,0246,N,VIIRS,n,2,282.2,0.86,N,2
38.9171,-3.14024,331.18,0.33,0.55,2023-03-13,1227,N,VIIRS,n,2,299.74,1.58,D,0
42.30383,2.95816,332.52,0.45,0.39,2023-03-13,1227,N,VIIRS,n,2,274.77,1.97,D,0
41.77361,0.80616,336.19,0.55,0.43,2023-03-13,1227,N,VIIRS,n,2,286.07,8.02,D,0
39.88678,-0.11153,330.36,0.44,0.46,2023-03-13,1227,N,VIIRS,n,2,293.42,2.9,D,0
38.18894,-4.36629,338.03,0.4,0.6,2023-03-13,1227,N,VIIRS,n,2,291.8,5.83,D,0
42.67404,-2.12566,338.17,0.48,0.48,2023-03-13,1228,N,VIIRS,n,2,295.4,7.55,D,0
42.01162,-1.89139,354.15,0.48,0.48,2023-03-13,1228,N,VIIRS,n,2,302.25,22.01,D,0
42.45573,-2.58783,348.75,0.51,0.49,2023-03-13,1228,N,VIIRS,n,2,298.19,9.99,D,0
42.97247,-2.24389,333.39,0.48,0.48,2023-03-13,1228,N,VIIRS,n,2,291.78,4.27,D,0
43.2242,-3.89459,355.27,0.56,0.51,2023-03-13,1228,N,VIIRS,n,2,291.7,16.32,D,0
43.22877,-3.89662,337.53,0.56,0.51,2023-03-13,1228,N,VIIRS,n,2,288.08,5.72,D,0
43.33216,-3.76735,347.13,0.55,0.51,2023-03-13,1228,N,VIIRS,n,2,294.05,21.57,D,0
43.33662,-3.76965,356.22,0.55,0.51,2023-03-13,1228,N,VIIRS,n,2,298.83,21.57,D,0
43.33348,-3.7693,367,0.55,0.51,2023-03-13,1228,N,VIIRS,h,2,300.67,26.46,D,0
43.3379,-3.77175,348.17,0.55,0.51,2023-03-13,1228,N,VIIRS,n,2,292.9,26.46,D,0
43.15072,-5.26552,367,0.33,0.55,2023-03-13,1228,N,VIIRS,h,2,293.99,6.11,D,0
43.14958,-5.26979,352.08,0.33,0.55,2023-03-13,1228,N,VIIRS,n,2,292.29,6.11,D,0
43.31157,-5.38687,340.89,0.33,0.55,2023-03-13,1228,N,VIIRS,n,2,292.07,2.45,D,0
28.16382,-16.46855,337.96,0.42,0.37,2023-03-13,1405,N,VIIRS,n,2,302.98,2.27,D,0
28.19497,-16.44446,348.22,0.41,0.37,2023-03-13,1405,N,VIIRS,n,2,305.07,2.62,D,0
42.07204,-1.16152,328.5,0.67,0.73,2023-03-13,1408,N,VIIRS,n,2,294.3,3.67,D,0
42.0115,-1.8909,367,0.61,0.71,2023-03-13,1408,N,VIIRS,h,2,301.11,12.97,D,0
42.01818,-1.89113,367,0.61,0.71,2023-03-13,1408,N,VIIRS,h,2,300.19,29.22,D,0
43.02596,-2.24308,329.45,0.59,0.7,2023-03-13,1409,N,VIIRS,n,2,290.68,3.37,D,0
43.53144,-5.72716,296.55,0.39,0.36,2023-03-14,0225,N,VIIRS,n,2,282.62,0.51,N,2
43.33847,-4.58029,301.6,0.4,0.37,2023-03-14,0225,N,VIIRS,n,2,271.83,1.08,N,0
43.52816,-5.72817,296.26,0.39,0.36,2023-03-14,0225,N,VIIRS,n,2,283.3,0.55,N,2
43.54174,-5.83291,300.06,0.38,0.36,2023-03-14,0225,N,VIIRS,n,2,283.34,0.6,N,2
43.53846,-5.83391,325.01,0.38,0.36,2023-03-14,0225,N,VIIRS,n,2,282.51,2.48,N,2
43.52565,-5.7339,305.95,0.39,0.36,2023-03-14,0225,N,VIIRS,n,2,284.73,0.93,N,2
43.52489,-5.72918,300.95,0.39,0.36,2023-03-14,0225,N,VIIRS,n,2,283.72,0.55,N,2
43.55615,-5.85815,309.68,0.38,0.36,2023-03-14,0225,N,VIIRS,n,2,282.74,1.44,N,2
41.31141,1.65941,311.98,0.48,0.48,2023-03-14,0226,N,VIIRS,n,2,286.96,1.44,N,2
41.40796,1.99879,295.58,0.5,0.49,2023-03-14,0226,N,VIIRS,n,2,283.85,0.84,N,2
40.57565,0.53948,295.31,0.44,0.46,2023-03-14,0226,N,VIIRS,n,2,284.15,0.41,N,0
41.23293,1.10802,312.96,0.46,0.47,2023-03-14,0226,N,VIIRS,n,2,284.18,1.34,N,0
40.24425,-3.47599,321.02,0.46,0.39,2023-03-14,0226,N,VIIRS,n,2,281.72,2.46,N,2
38.37538,-0.54543,302.36,0.44,0.46,2023-03-14,0226,N,VIIRS,n,2,287.49,0.87,N,2
41.23725,1.1092,302.43,0.46,0.47,2023-03-14,0226,N,VIIRS,n,2,283.2,1.34,N,0
41.78727,-1.09849,299.14,0.53,0.42,2023-03-14,0226,N,VIIRS,n,2,280.94,0.78,N,0
36.96712,-1.90711,304.8,0.4,0.44,2023-03-14,0227,N,VIIRS,n,2,285.68,1.41,N,2
37.35913,-5.86428,311.38,0.42,0.37,2023-03-14,0227,N,VIIRS,n,2,284.58,1.06,N,2
37.36147,-5.93637,303.36,0.41,0.37,2023-03-14,0227,N,VIIRS,n,2,281.55,1.04,N,0
39.22687,-0.37133,328.33,0.41,0.61,2023-03-14,1208,N,VIIRS,n,2,294.86,1.21,D,0
39.55632,-4.79287,327.11,0.47,0.47,2023-03-14,1349,N,VIIRS,n,2,284.91,3,D,0
43.26876,-5.4661,300.37,0.44,0.39,2023-03-15,0207,N,VIIRS,n,2,274.31,0.71,N,0
43.5436,-5.84218,309.89,0.46,0.39,2023-03-15,0207,N,VIIRS,n,2,279.09,1.42,N,2
43.54293,-5.83649,300.26,0.46,0.39,2023-03-15,0207,N,VIIRS,n,2,279.82,0.71,N,2
43.54224,-5.83071,296.77,0.46,0.39,2023-03-15,0207,N,VIIRS,n,2,279.56,0.71,N,2
43.53864,-5.83155,343.17,0.46,0.39,2023-03-15,0207,N,VIIRS,n,2,281.46,8.28,N,2
43.52654,-5.72952,310.95,0.46,0.39,2023-03-15,0207,N,VIIRS,n,2,282.37,1.33,N,2
43.52362,-5.73597,306.57,0.46,0.39,2023-03-15,0207,N,VIIRS,n,2,281.91,1.33,N,2
43.52295,-5.73033,295.03,0.46,0.39,2023-03-15,0207,N,VIIRS,n,2,280.07,1.33,N,2
43.30717,-5.36483,297.73,0.44,0.38,2023-03-15,0207,N,VIIRS,n,2,276.95,0.42,N,0
43.26944,-5.47169,295.89,0.45,0.39,2023-03-15,0207,N,VIIRS,n,2,273.94,0.71,N,0
43.18088,-5.63014,313.06,0.45,0.39,2023-03-15,0207,N,VIIRS,n,2,275.83,1.87,N,0
43.1802,-5.62453,304.99,0.45,0.39,2023-03-15,0207,N,VIIRS,n,2,274.98,0.8,N,0
43.07011,-5.72296,315.23,0.45,0.39,2023-03-15,0207,N,VIIRS,n,2,273.53,1.51,N,0
43.07237,-5.72366,308.78,0.45,0.39,2023-03-15,0207,N,VIIRS,n,2,273.79,1.31,N,0
43.06882,-5.72456,306.03,0.45,0.39,2023-03-15,0207,N,VIIRS,n,2,274.21,1.25,N,0
41.40528,1.99775,298.16,0.46,0.39,2023-03-15,0207,N,VIIRS,n,2,271.73,0.63,N,2
41.40496,1.99641,295.18,0.46,0.39,2023-03-15,0207,N,VIIRS,n,2,270.73,0.56,N,2
41.47593,-1.48921,296.9,0.39,0.36,2023-03-15,0207,N,VIIRS,n,2,277.19,0.64,N,2
39.95078,-0.00392,297.03,0.42,0.38,2023-03-15,0207,N,VIIRS,n,2,282.77,1.22,N,2
40.24463,-3.47362,325.5,0.39,0.36,2023-03-15,0207,N,VIIRS,n,2,282.65,3.74,N,2
39.93587,-3.74734,300.34,0.39,0.36,2023-03-15,0207,N,VIIRS,n,2,277.6,1.31,N,2
37.24176,-6.20734,301.22,0.42,0.37,2023-03-15,0208,N,VIIRS,n,2,280.56,0.64,N,0
37.24519,-6.2066,297.49,0.42,0.37,2023-03-15,0208,N,VIIRS,n,2,280.98,0.64,N,0
38.37678,-0.5449,302.4,0.42,0.38,2023-03-15,0208,N,VIIRS,n,2,285.24,1,N,2
37.35919,-5.86464,308.44,0.41,0.37,2023-03-15,0208,N,VIIRS,n,2,284.29,0.96,N,2
36.96505,-1.90661,309.99,0.4,0.37,2023-03-15,0208,N,VIIRS,n,2,283.8,1.75,N,2
38.3783,-6.48327,295.08,0.43,0.38,2023-03-15,0208,N,VIIRS,n,2,279.33,0.53,N,0
37.23426,-6.20413,298.04,0.42,0.37,2023-03-15,0208,N,VIIRS,n,2,279.33,0.57,N,0
41.99022,-2.39095,333.84,0.71,0.75,2023-03-15,1150,N,VIIRS,n,2,279.8,17.69,D,0
41.98441,-2.3852,357.18,0.71,0.75,2023-03-15,1150,N,VIIRS,l,2,283.55,17.69,D,0
40.45454,0.42736,328.62,0.59,0.7,2023-03-15,1150,N,VIIRS,n,2,291.14,3.59,D,0
37.21005,-3.81533,330.81,0.45,0.39,2023-03-15,1329,N,VIIRS,n,2,303.25,1.8,D,0
39.22371,-3.09605,349.76,0.5,0.41,2023-03-15,1330,N,VIIRS,n,2,307.39,5.87,D,0
39.25653,-0.45301,331.39,0.44,0.46,2023-03-15,1330,N,VIIRS,n,2,296.99,2.08,D,0
39.21325,-0.35192,340.53,0.45,0.47,2023-03-15,1330,N,VIIRS,n,2,296.77,6.82,D,0
38.7205,-7.13853,340.41,0.39,0.36,2023-03-15,1330,N,VIIRS,n,2,300.37,3.82,D,0
41.45628,-1.38006,341.24,0.42,0.45,2023-03-15,1330,N,VIIRS,n,2,293.54,4.1,D,0
40.78703,-6.42025,334.57,0.4,0.37,2023-03-15,1330,N,VIIRS,n,2,296.73,2.99,D,0
40.96453,-3.61161,328,0.49,0.41,2023-03-15,1330,N,VIIRS,n,2,288.52,1.99,D,0
40.55732,-6.67202,330.79,0.4,0.37,2023-03-15,1330,N,VIIRS,n,2,297.33,2.25,D,0
40.42971,-5.32908,340.41,0.43,0.38,2023-03-15,1330,N,VIIRS,n,2,293.62,12.51,D,0
40.42619,-5.32866,344.93,0.43,0.38,2023-03-15,1330,N,VIIRS,n,2,296.6,10.26,D,0
40.10318,-6.9231,328.86,0.39,0.36,2023-03-15,1330,N,VIIRS,n,2,295.68,1.79,D,0
39.69237,-3.71464,335.98,0.47,0.4,2023-03-15,1330,N,VIIRS,n,2,303.91,7.02,D,0
39.37088,-5.86439,340.29,0.41,0.37,2023-03-15,1330,N,VIIRS,n,2,298.95,4.28,D,0
39.22346,-3.09822,342.51,0.5,0.41,2023-03-15,1330,N,VIIRS,n,2,305.84,6.47,D,0
43.52428,-5.7312,334.1,0.44,0.38,2023-03-15,1331,N,VIIRS,n,2,296.1,5.42,D,2
42.44135,-5.75155,337.09,0.43,0.38,2023-03-15,1331,N,VIIRS,n,2,294.11,4.23,D,0
43.28749,-3.6245,353.5,0.52,0.42,2023-03-15,1331,N,VIIRS,n,2,294.76,9.99,D,0
43.27255,-5.4599,334.26,0.45,0.39,2023-03-15,1331,N,VIIRS,n,2,289.11,4.25,D,0
43.29528,-5.36011,329.05,0.45,0.39,2023-03-15,1331,N,VIIRS,n,2,289.39,4.49,D,0
43.28104,-6.09839,329.85,0.43,0.38,2023-03-15,1331,N,VIIRS,n,2,292.3,1.45,D,0
43.28199,-6.0957,339.44,0.43,0.38,2023-03-15,1331,N,VIIRS,n,2,294.16,3.62,D,0
43.26616,-5.08584,334.19,0.45,0.47,2023-03-16,0148,N,VIIRS,n,2,282.7,4.47,N,0
43.16823,-5.79519,314.9,0.49,0.48,2023-03-16,0148,N,VIIRS,n,2,283.2,2.37,N,0
43.20628,-5.21284,296.14,0.46,0.47,2023-03-16,0148,N,VIIRS,n,2,282.34,0.47,N,0
43.22333,-5.10477,298.63,0.45,0.47,2023-03-16,0148,N,VIIRS,n,2,282.07,1.58,N,0
43.17119,-5.79613,306.41,0.49,0.48,2023-03-16,0148,N,VIIRS,n,2,283.04,1.48,N,0
43.1666,-5.79555,299.85,0.49,0.48,2023-03-16,0148,N,VIIRS,n,2,281.84,0.71,N,0
43.11355,-5.87141,338.64,0.49,0.49,2023-03-16,0148,N,VIIRS,n,2,279.97,12.26,N,0
43.11304,-5.86492,336.73,0.49,0.49,2023-03-16,0148,N,VIIRS,n,2,282.6,12.26,N,0
43.15205,-6.44587,325.22,0.52,0.5,2023-03-16,0148,N,VIIRS,n,2,269.1,2.61,N,0
43.10426,-5.86909,318.27,0.49,0.49,2023-03-16,0148,N,VIIRS,n,2,279.05,2.37,N,0
43.08318,-5.77303,307.58,0.48,0.48,2023-03-16,0148,N,VIIRS,n,2,281.26,1.54,N,0
43.07071,-5.72857,295.19,0.48,0.48,2023-03-16,0148,N,VIIRS,n,2,278.02,1.61,N,0
43.07008,-5.72042,316.97,0.48,0.48,2023-03-16,0148,N,VIIRS,n,2,274.48,2.68,N,0
43.11045,-6.38738,309.7,0.52,0.5,2023-03-16,0148,N,VIIRS,n,2,276.19,1.98,N,0
43.11245,-6.38665,309.35,0.52,0.5,2023-03-16,0148,N,VIIRS,n,2,276.36,1.57,N,0
43.02097,-5.80557,301.65,0.49,0.48,2023-03-16,0148,N,VIIRS,n,2,253.16,0.69,N,0
43.0123,-5.75364,333.09,0.48,0.48,2023-03-16,0148,N,VIIRS,n,2,268.85,3.02,N,0
43.01309,-5.76353,318.19,0.48,0.48,2023-03-16,0148,N,VIIRS,n,2,269.82,5.74,N,0
43.00791,-5.75523,330.73,0.48,0.48,2023-03-16,0148,N,VIIRS,n,2,272.06,3.02,N,0
41.40622,1.99999,296.32,0.38,0.36,2023-03-16,0148,N,VIIRS,n,2,281.11,0.4,N,2
41.31257,1.66038,318.42,0.39,0.36,2023-03-16,0148,N,VIIRS,n,2,282.88,1.66,N,2
43.11382,-3.92643,331.79,0.4,0.44,2023-03-16,0148,N,VIIRS,n,2,283.27,2.43,N,0
43.22264,-5.09686,322.94,0.45,0.47,2023-03-16,0148,N,VIIRS,n,2,285.29,3.49,N,0
43.22299,-5.10089,324.88,0.45,0.47,2023-03-16,0148,N,VIIRS,n,2,284.54,1.58,N,0
43.11224,-3.92458,307.18,0.4,0.44,2023-03-16,0148,N,VIIRS,n,2,282.01,0.66,N,0
43.11634,-3.92415,316.95,0.4,0.44,2023-03-16,0148,N,VIIRS,n,2,283.23,1.71,N,0
43.11594,-3.91986,333.82,0.4,0.44,2023-03-16,0148,N,VIIRS,n,2,283.63,1.71,N,0
43.11884,-3.90681,297.79,0.4,0.44,2023-03-16,0148,N,VIIRS,n,2,282.65,1.12,N,0
43.11925,-3.9111,313.47,0.4,0.44,2023-03-16,0148,N,VIIRS,n,2,282.39,1.48,N,0
43.12004,-3.91953,298.7,0.4,0.44,2023-03-16,0148,N,VIIRS,n,2,282.81,1.71,N,0
43.22308,-5.09545,321.03,0.45,0.47,2023-03-16,0148,N,VIIRS,n,2,285.2,2.28,N,0
43.22344,-5.09973,326.15,0.45,0.47,2023-03-16,0148,N,VIIRS,n,2,284.68,2.28,N,0
43.23131,-5.14193,295.16,0.45,0.47,2023-03-16,0148,N,VIIRS,n,2,282.41,10.02,N,0
43.23571,-5.14206,346.97,0.45,0.47,2023-03-16,0148,N,VIIRS,n,2,292.69,10.02,N,0
43.23606,-5.14627,326.45,0.45,0.47,2023-03-16,0148,N,VIIRS,n,2,283.16,11.29,N,0
43.23971,-5.13731,318.46,0.45,0.47,2023-03-16,0148,N,VIIRS,n,2,286.08,1.73,N,0
43.24048,-5.14658,317.11,0.45,0.47,2023-03-16,0148,N,VIIRS,n,2,283.34,2.05,N,0
43.24008,-5.14182,320.63,0.45,0.47,2023-03-16,0148,N,VIIRS,n,2,284.36,1.73,N,0
43.24443,-5.14119,295.73,0.45,0.47,2023-03-16,0148,N,VIIRS,n,2,282.96,1.73,N,0
43.27008,-5.4572,300.86,0.47,0.48,2023-03-16,0148,N,VIIRS,n,2,280.29,1.83,N,0
43.27047,-5.46204,319.33,0.47,0.48,2023-03-16,0148,N,VIIRS,n,2,281.75,1.83,N,0
43.27091,-5.46753,305.77,0.47,0.48,2023-03-16,0148,N,VIIRS,n,2,280.18,1.05,N,0
43.27454,-5.45712,295.72,0.47,0.48,2023-03-16,0148,N,VIIRS,n,2,280.85,0.99,N,0
43.27496,-5.46226,303.35,0.47,0.48,2023-03-16,0148,N,VIIRS,n,2,281.43,0.99,N,0
43.27542,-5.46809,315.78,0.47,0.48,2023-03-16,0148,N,VIIRS,n,2,282.43,2.28,N,0
43.27869,-5.39775,295.97,0.47,0.47,2023-03-16,0148,N,VIIRS,n,2,281.96,4.24,N,0
43.27819,-5.39154,325.86,0.47,0.47,2023-03-16,0148,N,VIIRS,n,2,283.38,2.07,N,0
43.25752,-5.08747,302.2,0.45,0.47,2023-03-16,0148,N,VIIRS,n,2,278.96,1.06,N,0
43.28215,-5.38556,299.28,0.47,0.47,2023-03-16,0148,N,VIIRS,n,2,282.06,2.07,N,0
43.2826,-5.39106,310.64,0.47,0.47,2023-03-16,0148,N,VIIRS,n,2,283.72,2.07,N,0
43.54321,-5.83336,297.33,0.49,0.49,2023-03-16,0148,N,VIIRS,n,2,280.58,0.8,N,2
43.53869,-5.83399,337.63,0.49,0.49,2023-03-16,0148,N,VIIRS,n,2,280.66,5.3,N,2
43.53061,-5.72969,303.25,0.49,0.48,2023-03-16,0148,N,VIIRS,n,2,279.65,2.59,N,2
43.52612,-5.73038,337.93,0.49,0.48,2023-03-16,0148,N,VIIRS,n,2,282.15,2.59,N,2
43.52659,-5.73638,313.16,0.49,0.48,2023-03-16,0148,N,VIIRS,n,2,281.38,2.59,N,2
43.52211,-5.73721,306.31,0.49,0.48,2023-03-16,0148,N,VIIRS,n,2,279.64,1.84,N,2
43.52163,-5.73111,313.01,0.49,0.48,2023-03-16,0148,N,VIIRS,n,2,278.93,1.84,N,2
43.30215,-3.67585,312.2,0.39,0.44,2023-03-16,0148,N,VIIRS,n,2,283.48,1.33,N,0
43.30249,-3.67721,309.3,0.39,0.44,2023-03-16,0148,N,VIIRS,n,2,283.16,1.21,N,0
43.30309,-3.76628,302.99,0.39,0.44,2023-03-16,0148,N,VIIRS,n,2,284.33,0.5,N,0
43.38667,-5.30934,300.43,0.46,0.47,2023-03-16,0148,N,VIIRS,n,2,279.76,0.88,N,0
43.38234,-5.31067,314.81,0.46,0.47,2023-03-16,0148,N,VIIRS,n,2,277.94,2.04,N,0
43.04001,-2.21893,295.19,0.5,0.41,2023-03-16,0148,N,VIIRS,n,2,279.76,0.89,N,2
43.03626,-2.21976,306.07,0.5,0.41,2023-03-16,0148,N,VIIRS,n,2,281.06,0.89,N,2
43.27907,-5.34782,348.96,0.46,0.47,2023-03-16,0148,N,VIIRS,n,2,283.83,7.4,N,0
43.28312,-5.39752,346.82,0.47,0.47,2023-03-16,0148,N,VIIRS,n,2,286.91,4.24,N,0
43.30764,-5.64753,309.13,0.48,0.48,2023-03-16,0148,N,VIIRS,n,2,280.72,1.52,N,0
43.26176,-5.0857,344.17,0.45,0.47,2023-03-16,0148,N,VIIRS,n,2,282.99,4.47,N,0
43.26228,-5.09181,339.52,0.45,0.47,2023-03-16,0148,N,VIIRS,n,2,284.34,4.47,N,0
43.28349,-5.34749,326.99,0.46,0.47,2023-03-16,0148,N,VIIRS,n,2,282.51,2.75,N,0
43.04024,-2.21938,297.12,0.5,0.41,2023-03-16,0148,N,VIIRS,n,2,280.03,0.7,N,2
43.03649,-2.2202,302.29,0.5,0.41,2023-03-16,0148,N,VIIRS,n,2,280.99,0.7,N,2
43.29018,-5.32066,312.16,0.46,0.47,2023-03-16,0148,N,VIIRS,n,2,282.93,1.05,N,0
43.26662,-5.09121,304.12,0.45,0.47,2023-03-16,0148,N,VIIRS,n,2,280.82,4.47,N,0
40.60344,-6.50183,295.84,0.5,0.49,2023-03-16,0149,N,VIIRS,n,2,275.81,0.44,N,0
39.9369,-3.74689,296.31,0.54,0.42,2023-03-16,0149,N,VIIRS,n,2,278.63,0.92,N,2
40.24479,-3.4757,323.41,0.53,0.42,2023-03-16,0149,N,VIIRS,n,2,284.8,4.01,N,2
38.3757,-0.54614,305.63,0.4,0.37,2023-03-16,0149,N,VIIRS,n,2,282.66,1.41,N,2
36.96645,-1.90592,316.1,0.43,0.38,2023-03-16,0149,N,VIIRS,n,2,287.19,1.97,N,2
37.36101,-5.86765,295.75,0.42,0.45,2023-03-16,0149,N,VIIRS,n,2,284.61,0.4,N,2
36.18146,-5.42577,295.93,0.39,0.44,2023-03-16,0150,N,VIIRS,n,2,284.61,0.71,N,2
43.26554,-5.08212,304.04,0.57,0.69,2023-03-16,0328,N,VIIRS,n,2,272.68,2.03,N,0
43.55114,-5.86284,301.77,0.52,0.67,2023-03-16,0328,N,VIIRS,n,2,272,1.41,N,2
43.3817,-5.30931,304.32,0.55,0.68,2023-03-16,0328,N,VIIRS,n,2,270.55,0.85,N,0
43.52957,-5.72956,302.51,0.53,0.67,2023-03-16,0328,N,VIIRS,n,2,272.58,1.54,N,2
43.55048,-5.86413,304.28,0.52,0.67,2023-03-16,0328,N,VIIRS,n,2,271.83,0.89,N,0
43.3844,-5.30975,308.38,0.55,0.68,2023-03-16,0328,N,VIIRS,n,2,271.9,1.04,N,0
43.52834,-5.73146,308.04,0.53,0.67,2023-03-16,0328,N,VIIRS,n,2,272.25,1.24,N,2
43.30486,-3.76535,297.65,0.65,0.73,2023-03-16,0328,N,VIIRS,n,2,282.42,0.73,N,0
43.28407,-5.39831,303.51,0.55,0.68,2023-03-16,0328,N,VIIRS,n,2,270.48,1.43,N,0
43.29086,-5.32142,311.59,0.56,0.69,2023-03-16,0328,N,VIIRS,n,2,272.91,2.62,N,0
43.30286,-5.6413,295.55,0.54,0.68,2023-03-16,0328,N,VIIRS,n,2,275.76,1.21,N,0
43.2734,-5.46345,313.88,0.55,0.68,2023-03-16,0328,N,VIIRS,n,2,272.97,1.69,N,0
43.27521,-5.46904,305.78,0.55,0.68,2023-03-16,0328,N,VIIRS,n,2,273,1.69,N,0
43.28145,-5.34733,313.92,0.56,0.69,2023-03-16,0328,N,VIIRS,n,2,275.46,3.93,N,0
43.28799,-5.32424,324.41,0.56,0.69,2023-03-16,0328,N,VIIRS,n,2,272.9,2.89,N,0
43.25784,-5.08035,314.48,0.57,0.69,2023-03-16,0328,N,VIIRS,n,2,273.52,1.59,N,0
43.25985,-5.0865,295.39,0.57,0.69,2023-03-16,0328,N,VIIRS,n,2,272.72,2.03,N,0
43.26182,-5.0925,326.16,0.57,0.69,2023-03-16,0328,N,VIIRS,n,2,272.84,2.03,N,0
43.28001,-5.34294,317.47,0.56,0.69,2023-03-16,0328,N,VIIRS,n,2,274.65,3.38,N,0
43.28523,-5.3258,298.69,0.56,0.69,2023-03-16,0328,N,VIIRS,n,2,271.67,1.9,N,0
43.28423,-5.34453,307.49,0.56,0.69,2023-03-16,0328,N,VIIRS,n,2,275,1.19,N,0
43.28285,-5.34025,297.91,0.56,0.69,2023-03-16,0328,N,VIIRS,n,2,274.4,1.19,N,0
43.27675,-5.34314,309.92,0.56,0.69,2023-03-16,0328,N,VIIRS,n,2,273.39,2.89,N,0
43.28086,-5.39957,298.89,0.55,0.68,2023-03-16,0328,N,VIIRS,n,2,269.13,1.36,N,0
43.26374,-5.0766,298.66,0.57,0.69,2023-03-16,0328,N,VIIRS,n,2,273.71,1.59,N,0
41.54937,0.93771,332.01,0.49,0.4,2023-03-16,1311,N,VIIRS,n,2,298.23,2.24,D,0
41.19612,-0.00088,352.75,0.45,0.39,2023-03-16,1311,N,VIIRS,n,2,302.29,7.05,D,0
40.24346,-3.4734,334.27,0.38,0.36,2023-03-16,1311,N,VIIRS,n,2,303.23,3.92,D,2
40.45446,0.42766,341.13,0.46,0.39,2023-03-16,1311,N,VIIRS,n,2,291.98,6.3,D,0
39.46033,-1.28964,338.43,0.4,0.37,2023-03-16,1311,N,VIIRS,n,2,306.85,3.37,D,0
41.35128,-1.58456,333.25,0.41,0.37,2023-03-16,1311,N,VIIRS,n,2,300.16,2.41,D,0
41.1997,-0.00161,347.22,0.45,0.39,2023-03-16,1311,N,VIIRS,n,2,297.2,7.05,D,0
43.21892,-5.20365,332.94,0.39,0.36,2023-03-16,1312,N,VIIRS,n,2,286.38,2.72,D,0
43.11354,-5.87401,329.5,0.39,0.36,2023-03-16,1312,N,VIIRS,n,2,285.18,7.51,D,0
43.27546,-5.33708,333.46,0.39,0.36,2023-03-16,1312,N,VIIRS,n,2,285.85,3.17,D,0
43.27469,-5.34189,329.32,0.39,0.36,2023-03-16,1312,N,VIIRS,n,2,284.99,2.27,D,0
43.27721,-5.34763,332.42,0.39,0.36,2023-03-16,1312,N,VIIRS,n,2,282.28,4.52,D,0
43.1768,-6.60929,328.83,0.4,0.37,2023-03-16,1312,N,VIIRS,n,2,289.91,3.31,D,0
43.17419,-6.64483,336.81,0.4,0.37,2023-03-16,1312,N,VIIRS,n,2,284.68,4.71,D,0
43.20171,-6.68932,344.36,0.4,0.37,2023-03-16,1312,N,VIIRS,n,2,284.73,6.03,D,0
43.20422,-6.69526,332.93,0.4,0.37,2023-03-16,1312,N,VIIRS,n,2,289.57,3.49,D,0
43.20758,-6.69608,327.84,0.4,0.37,2023-03-16,1312,N,VIIRS,n,2,285.2,3.49,D,0
43.52492,-5.73489,328.39,0.39,0.36,2023-03-16,1312,N,VIIRS,n,2,282.42,3.32,D,2
42.37902,0.93394,341.66,0.5,0.41,2023-03-16,1312,N,VIIRS,n,2,296.24,10.65,D,0
42.25352,-1.70938,326.63,0.41,0.37,2023-03-16,1312,N,VIIRS,n,2,297.63,1.22,D,0
43.02001,-5.79845,338.84,0.39,0.36,2023-03-16,1312,N,VIIRS,n,2,289.91,5.5,D,0
43.11024,-5.87301,352.04,0.39,0.36,2023-03-16,1312,N,VIIRS,n,2,296.42,7.51,D,0
43.19572,-4.21798,323.15,0.35,0.57,2023-03-17,0129,N,VIIRS,n,2,277.21,2.43,N,0
43.2719,-4.35435,319.62,0.36,0.57,2023-03-17,0129,N,VIIRS,n,2,263.23,2.01,N,0
43.19621,-4.22806,311.19,0.35,0.57,2023-03-17,0129,N,VIIRS,n,2,275.64,1.85,N,0
43.19597,-4.223,303.86,0.35,0.57,2023-03-17,0129,N,VIIRS,n,2,275.99,1.85,N,0
43.19777,-4.22943,301.17,0.35,0.57,2023-03-17,0129,N,VIIRS,n,2,276.27,2.37,N,0
43.19699,-4.21485,311.83,0.35,0.57,2023-03-17,0129,N,VIIRS,n,2,276.57,1.44,N,0
43.19725,-4.21981,314.94,0.35,0.57,2023-03-17,0129,N,VIIRS,n,2,276.27,1.78,N,0
43.19752,-4.2247,315.73,0.35,0.57,2023-03-17,0129,N,VIIRS,n,2,276.05,1.78,N,0
38.378,-0.54565,295.18,0.41,0.45,2023-03-17,0130,N,VIIRS,n,2,277.77,0.52,N,2
37.57686,-1.46967,314.14,0.44,0.46,2023-03-17,0130,N,VIIRS,n,2,280.74,1.53,N,0
37.57732,-1.47456,306.12,0.44,0.46,2023-03-17,0130,N,VIIRS,n,2,280.74,1.53,N,0
38.3763,-0.54382,301.96,0.41,0.45,2023-03-17,0130,N,VIIRS,n,2,279.8,0.84,N,2
36.17618,-5.42667,295.23,0.35,0.57,2023-03-17,0131,N,VIIRS,n,2,274.25,0.75,N,0
43.10982,-5.7161,304.31,0.33,0.55,2023-03-17,0309,N,VIIRS,n,2,276.5,1.27,N,0
43.12112,-3.74064,300.21,0.41,0.6,2023-03-17,0309,N,VIIRS,n,2,274.8,1.44,N,0
43.34365,-5.30364,296.22,0.34,0.56,2023-03-17,0309,N,VIIRS,n,2,279.12,0.62,N,0
43.1254,-3.73448,315.64,0.41,0.6,2023-03-17,0309,N,VIIRS,n,2,275.8,1.44,N,0
43.12654,-3.73842,307.07,0.41,0.6,2023-03-17,0309,N,VIIRS,n,2,276.31,1.44,N,0
43.12864,-3.74568,326.18,0.4,0.6,2023-03-17,0309,N,VIIRS,n,2,277.5,5.48,N,0
43.12978,-3.74966,334.16,0.4,0.6,2023-03-17,0309,N,VIIRS,n,2,280.06,6.38,N,0
43.12392,-3.734,300.88,0.41,0.6,2023-03-17,0309,N,VIIRS,n,2,275.06,1.73,N,0
43.12609,-3.74136,298.48,0.4,0.6,2023-03-17,0309,N,VIIRS,n,2,275.12,1.82,N,0
43.12717,-3.74503,296.21,0.4,0.6,2023-03-17,0309,N,VIIRS,n,2,275.76,3.18,N,0
43.12502,-3.73773,322.62,0.4,0.6,2023-03-17,0309,N,VIIRS,n,2,276.51,1.82,N,0
43.12835,-3.74904,348.29,0.4,0.6,2023-03-17,0309,N,VIIRS,n,2,280.57,3.18,N,0
43.08481,-5.86684,319.97,0.32,0.55,2023-03-17,0309,N,VIIRS,n,2,277.75,2.97,N,0
43.25139,-3.77667,300.61,0.4,0.6,2023-03-17,0309,N,VIIRS,n,2,272.49,0.96,N,0
43.0862,-5.87197,323.09,0.32,0.55,2023-03-17,0309,N,VIIRS,n,2,277.71,3.68,N,0
40.24562,-3.47441,325.16,0.48,0.4,2023-03-17,1252,N,VIIRS,n,2,294.91,2.06,D,2
39.32294,-0.44451,367,0.4,0.37,2023-03-17,1252,N,VIIRS,h,2,298.26,10.46,D,0
41.25653,-0.4489,336.5,0.39,0.36,2023-03-17,1252,N,VIIRS,n,2,296.38,17.08,D,0
41.25831,-0.45911,350.82,0.39,0.36,2023-03-17,1252,N,VIIRS,n,2,297.16,31.3,D,0
41.26061,-0.44522,356.35,0.39,0.36,2023-03-17,1252,N,VIIRS,l,2,297.76,17.08,D,0
41.26392,-0.44617,351.62,0.39,0.36,2023-03-17,1252,N,VIIRS,n,2,297.37,8.65,D,0
41.26315,-0.4508,346.48,0.39,0.36,2023-03-17,1252,N,VIIRS,n,2,299.18,8.65,D,0
41.26239,-0.45543,343.86,0.39,0.36,2023-03-17,1252,N,VIIRS,n,2,296.61,2.46,D,0
41.26162,-0.46006,342.95,0.39,0.36,2023-03-17,1252,N,VIIRS,n,2,295.98,2.46,D,0
41.5905,-0.6821,334.81,0.39,0.36,2023-03-17,1252,N,VIIRS,n,2,298.94,5.92,D,0
41.48299,-1.4794,345.37,0.41,0.37,2023-03-17,1252,N,VIIRS,n,2,302.35,11.4,D,0
41.50473,-1.43543,327.18,0.41,0.37,2023-03-17,1252,N,VIIRS,l,2,301.1,2.3,D,0
43.1863,-3.72557,332.44,0.45,0.39,2023-03-17,1253,N,VIIRS,n,2,281.41,3.34,D,0
42.99101,-1.22502,327.9,0.39,0.36,2023-03-17,1253,N,VIIRS,n,2,288.87,5.67,D,0
42.9885,-1.21925,333.15,0.39,0.36,2023-03-17,1253,N,VIIRS,n,2,292.44,3.04,D,0
41.92679,-1.1148,336.18,0.4,0.37,2023-03-17,1253,N,VIIRS,n,2,295.06,1.18,D,0
41.75535,-1.16646,354.22,0.4,0.37,2023-03-17,1253,N,VIIRS,n,2,297.07,4.11,D,0
41.75616,-1.16173,348.15,0.4,0.37,2023-03-17,1253,N,VIIRS,n,2,296.31,4.11,D,0
41.64378,-1.07558,335.01,0.4,0.37,2023-03-17,1253,N,VIIRS,n,2,296.09,4.08,D,0
43.26778,-4.43961,328.81,0.47,0.4,2023-03-17,1253,N,VIIRS,n,2,289.81,3.14,D,0
43.27136,-4.34247,326.16,0.47,0.39,2023-03-17,1253,N,VIIRS,n,2,291.99,4.01,D,0
43.26736,-4.44128,345.07,0.47,0.4,2023-03-17,1253,N,VIIRS,n,2,291.07,7.16,D,0
43.14514,-4.28887,338.61,0.47,0.39,2023-03-17,1253,N,VIIRS,n,2,290.82,4.91,D,0
43.24185,-4.35733,343.88,0.47,0.4,2023-03-17,1253,N,VIIRS,n,2,288.24,10.03,D,0
43.14056,-4.29285,336.24,0.47,0.39,2023-03-17,1253,N,VIIRS,n,2,295.74,9.36,D,0
43.14159,-4.28752,338.1,0.47,0.39,2023-03-17,1253,N,VIIRS,n,2,294.5,10.47,D,0
43.27163,-5.08862,297,0.67,0.74,2023-03-18,0110,N,VIIRS,n,2,272.63,1.41,N,0
38.37436,-0.54566,300.73,0.36,0.58,2023-03-18,0111,N,VIIRS,n,2,282.27,0.79,N,2
43.22623,-2.87824,299.84,0.53,0.5,2023-03-18,0250,N,VIIRS,n,2,282.61,0.96,N,2
40.24261,-3.47347,301.1,0.59,0.53,2023-03-18,0251,N,VIIRS,n,2,278.96,1.32,N,2
43.33072,-5.77356,300.39,0.39,0.44,2023-03-18,0251,N,VIIRS,n,2,279.73,1,N,2
43.33022,-5.77567,299.3,0.39,0.44,2023-03-18,0251,N,VIIRS,n,2,280.06,0.76,N,2
37.36006,-5.86686,299.2,0.52,0.5,2023-03-18,0252,N,VIIRS,n,2,284.08,0.89,N,2
43.54132,-5.82888,339.43,0.57,0.52,2023-03-18,1235,N,VIIRS,n,2,280.82,5.73,D,2
41.92215,0.17919,313.28,0.47,0.48,2023-03-19,0232,N,VIIRS,n,2,277.17,1.56,N,2
43.53174,-5.72544,298.56,0.4,0.37,2023-03-19,0232,N,VIIRS,n,2,282.26,0.62,N,2
43.52841,-5.72654,298.99,0.4,0.37,2023-03-19,0232,N,VIIRS,n,2,282.03,0.71,N,2
41.92641,0.18097,332.57,0.47,0.48,2023-03-19,0232,N,VIIRS,n,2,276.45,1.56,N,2
43.34633,-8.43424,308.27,0.38,0.36,2023-03-19,0232,N,VIIRS,n,2,281.48,0.74,N,2
37.35868,-5.8637,304.25,0.47,0.4,2023-03-19,0233,N,VIIRS,n,2,283.46,1.38,N,2
38.31987,-6.71717,309.45,0.43,0.38,2023-03-19,0233,N,VIIRS,n,2,281.94,1.48,N,0
37.57073,-0.91478,295.81,0.53,0.5,2023-03-19,0233,N,VIIRS,n,2,284.08,0.94,N,2
38.37642,-0.54718,297.44,0.53,0.5,2023-03-19,0233,N,VIIRS,n,2,278.19,1.07,N,2
40.24373,-3.47292,325.09,0.46,0.63,2023-03-19,1215,N,VIIRS,n,2,295.53,3.12,D,2
40.2444,-3.47317,325.21,0.46,0.63,2023-03-19,1215,N,VIIRS,n,2,295.14,1.81,D,2
37.47404,-5.99183,330.83,0.46,0.47,2023-03-19,1355,N,VIIRS,n,2,297.72,3.2,D,0
41.47471,-1.48864,296.72,0.41,0.37,2023-03-20,0213,N,VIIRS,n,2,277.68,0.71,N,2
41.40458,1.99897,300.47,0.54,0.42,2023-03-20,0213,N,VIIRS,n,2,280.87,1.31,N,2
43.52595,-5.7335,302.96,0.41,0.37,2023-03-20,0213,N,VIIRS,n,2,278.68,1.85,N,2
43.52526,-5.72845,339.39,0.41,0.37,2023-03-20,0213,N,VIIRS,n,2,277.96,2.51,N,2
43.53901,-5.83006,327.87,0.41,0.37,2023-03-20,0213,N,VIIRS,n,2,275.17,1.71,N,2
43.52867,-5.72759,302.87,0.41,0.37,2023-03-20,0213,N,VIIRS,n,2,276.96,2.51,N,2
43.55342,-5.85824,297.71,0.41,0.37,2023-03-20,0213,N,VIIRS,n,2,273.5,0.72,N,2
43.54797,-5.74723,295.14,0.41,0.37,2023-03-20,0213,N,VIIRS,n,2,274.49,0.22,N,0
43.03314,-2.21853,300.6,0.39,0.36,2023-03-20,0213,N,VIIRS,n,2,271.12,1.26,N,2
39.41011,-0.40603,296.25,0.46,0.39,2023-03-20,0214,N,VIIRS,n,2,281.2,0.3,N,0
39.16395,-0.25535,295.21,0.47,0.4,2023-03-20,0214,N,VIIRS,n,2,282.61,0.8,N,0
37.40485,-1.64828,301.28,0.45,0.39,2023-03-20,0214,N,VIIRS,n,2,281.44,0.81,N,0
38.37482,-0.54425,301.63,0.48,0.4,2023-03-20,0214,N,VIIRS,n,2,281.93,1.35,N,2
40.24318,-3.47567,304.97,0.39,0.36,2023-03-20,0214,N,VIIRS,n,2,262.35,0.94,N,2
39.54527,-0.40044,295.55,0.46,0.39,2023-03-20,0214,N,VIIRS,n,2,281.64,0.66,N,0
36.96638,-1.9042,309.16,0.44,0.39,2023-03-20,0215,N,VIIRS,n,2,285.23,1.57,N,2
37.35821,-5.86389,310.24,0.39,0.36,2023-03-20,0215,N,VIIRS,n,2,284.02,1.37,N,2
40.01507,4.13902,327,0.33,0.56,2023-03-20,1156,N,VIIRS,n,2,290.41,1.79,D,0
37.39534,-2.36718,340.21,0.4,0.45,2023-03-20,1335,N,VIIRS,n,2,299.33,3.78,D,0
39.47702,-5.67436,331.48,0.46,0.39,2023-03-20,1336,N,VIIRS,n,2,293.74,3.35,D,0
37.14328,-5.84466,336.52,0.43,0.38,2023-03-20,1336,N,VIIRS,n,2,305.2,1.15,D,0
37.14348,-5.84292,335.91,0.43,0.38,2023-03-20,1336,N,VIIRS,n,2,307.17,1.77,D,0
38.722,-7.13638,345.73,0.41,0.37,2023-03-20,1336,N,VIIRS,n,2,302.07,3.79,D,0
38.14708,-4.79426,333.73,0.48,0.4,2023-03-20,1336,N,VIIRS,n,2,300.95,3.63,D,0
37.71414,-5.72817,345.62,0.44,0.38,2023-03-20,1336,N,VIIRS,n,2,304.65,7.97,D,0
41.4225,-1.7294,341.04,0.48,0.48,2023-03-20,1337,N,VIIRS,n,2,295.92,3.74,D,0
42.46459,0.29143,344.11,0.63,0.54,2023-03-20,1337,N,VIIRS,n,2,278.14,13.64,D,0
42.18822,-5.84114,331.93,0.48,0.4,2023-03-20,1337,N,VIIRS,n,2,289.91,4.79,D,0
42.19019,-5.84059,330.95,0.48,0.4,2023-03-20,1337,N,VIIRS,n,2,289.81,3.28,D,0
43.52243,-5.73619,331.8,0.5,0.41,2023-03-20,1337,N,VIIRS,n,2,290.44,6.12,D,2
42.23201,-5.82012,328.61,0.48,0.4,2023-03-20,1337,N,VIIRS,n,2,287.81,1.4,D,0
40.878,-5.88365,346.53,0.46,0.39,2023-03-20,1337,N,VIIRS,n,2,286.23,7.51,D,0
41.42442,-1.72629,342.49,0.48,0.48,2023-03-20,1337,N,VIIRS,n,2,295.52,4.96,D,0
43.22369,-2.87828,300.7,0.46,0.39,2023-03-21,0154,N,VIIRS,n,2,277.84,0.9,N,2
43.0354,-2.21942,298.38,0.44,0.38,2023-03-21,0154,N,VIIRS,n,2,272.78,0.79,N,2
43.0818,-2.99809,305.12,0.47,0.4,2023-03-21,0154,N,VIIRS,n,2,275.88,0.81,N,0
39.93565,-3.74251,295.33,0.46,0.39,2023-03-21,0155,N,VIIRS,n,2,278.96,1.26,N,2
41.47417,-1.48925,295.99,0.41,0.37,2023-03-21,0155,N,VIIRS,n,2,276.79,0.44,N,0
39.95169,-0.00313,296.92,0.38,0.36,2023-03-21,0155,N,VIIRS,n,2,286.07,1.12,N,2
40.24445,-3.47397,315.94,0.46,0.39,2023-03-21,0155,N,VIIRS,n,2,278.85,2.31,N,2
38.3778,-0.54228,303.83,0.38,0.36,2023-03-21,0155,N,VIIRS,n,2,283.46,0.88,N,2
39.93584,-3.74348,302.25,0.46,0.39,2023-03-21,0155,N,VIIRS,n,2,280.27,0.83,N,2
36.96594,-1.90447,314.08,0.39,0.36,2023-03-21,0156,N,VIIRS,n,2,285.25,1.38,N,2
43.30451,-5.84765,344.42,0.62,0.72,2023-03-21,0334,N,VIIRS,n,2,279.92,8.35,N,0
43.17252,-6.02077,324.78,0.62,0.71,2023-03-21,0334,N,VIIRS,n,2,277.13,4.23,N,0
43.30162,-5.84844,296.4,0.62,0.71,2023-03-21,0334,N,VIIRS,n,2,278.61,1.42,N,0
43.17538,-6.02936,304.86,0.62,0.71,2023-03-21,0334,N,VIIRS,n,2,275.97,5.36,N,0
43.30777,-5.84475,343.18,0.62,0.71,2023-03-21,0334,N,VIIRS,n,2,279.91,5.81,N,0
42.67125,-6.8583,297.4,0.59,0.7,2023-03-21,0334,N,VIIRS,n,2,274.23,0.89,N,0
39.81321,-5.66248,346.99,0.39,0.36,2023-03-21,1317,N,VIIRS,n,2,300.71,2.79,D,0
37.08353,-4.54494,343.05,0.38,0.36,2023-03-21,1317,N,VIIRS,n,2,307.34,3.16,D,0
37.21442,-5.85554,336.3,0.4,0.37,2023-03-21,1317,N,VIIRS,n,2,302.48,1.33,D,0
37.21367,-5.85999,352.4,0.4,0.37,2023-03-21,1317,N,VIIRS,n,2,301.57,1.64,D,0
37.21776,-5.85641,341.35,0.4,0.37,2023-03-21,1317,N,VIIRS,n,2,302.58,4.55,D,0
37.21701,-5.86087,356.72,0.4,0.37,2023-03-21,1317,N,VIIRS,l,2,303.89,8.67,D,0
37.21627,-5.86532,356.69,0.4,0.37,2023-03-21,1317,N,VIIRS,l,2,305.3,8.67,D,0
37.21961,-5.8662,354.22,0.4,0.37,2023-03-21,1317,N,VIIRS,n,2,301.99,8.67,D,0
37.22036,-5.86174,356.61,0.4,0.37,2023-03-21,1317,N,VIIRS,l,2,304.2,8.67,D,0
37.22369,-5.86262,338.21,0.4,0.37,2023-03-21,1317,N,VIIRS,n,2,302.63,4.94,D,0
37.22295,-5.86707,348.13,0.4,0.37,2023-03-21,1317,N,VIIRS,n,2,302.9,4.94,D,0
37.2222,-5.87153,337.19,0.4,0.37,2023-03-21,1317,N,VIIRS,n,2,303.65,3.7,D,0
37.22853,-5.85458,350.54,0.4,0.37,2023-03-21,1317,N,VIIRS,n,2,303.86,6.09,D,0
37.22704,-5.86349,347.29,0.4,0.37,2023-03-21,1317,N,VIIRS,n,2,302.46,4.94,D,0
37.22554,-5.8724,355.87,0.4,0.37,2023-03-21,1317,N,VIIRS,n,2,303.18,3.7,D,0
37.22779,-5.85903,357.99,0.4,0.37,2023-03-21,1317,N,VIIRS,l,2,303.91,6.09,D,0
37.22629,-5.86794,358.09,0.4,0.37,2023-03-21,1317,N,VIIRS,l,2,304.63,4.94,D,0
37.23187,-5.85545,336.71,0.4,0.37,2023-03-21,1317,N,VIIRS,n,2,307.48,4.65,D,0
37.23038,-5.86436,345.46,0.4,0.37,2023-03-21,1317,N,VIIRS,n,2,302.31,5.34,D,0
37.22813,-5.87772,338.04,0.4,0.37,2023-03-21,1317,N,VIIRS,n,2,302.31,5.25,D,0
37.23112,-5.8599,357.24,0.4,0.37,2023-03-21,1317,N,VIIRS,l,2,303.97,4.65,D,0
37.22963,-5.86882,357.24,0.4,0.37,2023-03-21,1317,N,VIIRS,l,2,303.36,5.34,D,0
37.22888,-5.87327,357.21,0.4,0.37,2023-03-21,1317,N,VIIRS,l,2,303.69,5.25,D,0
37.23147,-5.8786,336.49,0.4,0.37,2023-03-21,1317,N,VIIRS,n,2,301.77,5.25,D,0
37.23222,-5.87414,357.22,0.4,0.37,2023-03-21,1317,N,VIIRS,l,2,303.71,5.25,D,0
37.23556,-5.87502,349.38,0.4,0.37,2023-03-21,1317,N,VIIRS,n,2,302.73,4.17,D,0
37.7147,-4.61301,335.04,0.38,0.36,2023-03-21,1317,N,VIIRS,n,2,304.74,4.51,D,0
38.28217,-1.59627,335.15,0.42,0.38,2023-03-21,1317,N,VIIRS,n,2,302.97,3.48,D,0
38.28155,-1.60112,344.03,0.42,0.38,2023-03-21,1317,N,VIIRS,n,2,300.53,4.6,D,0
38.28564,-1.59704,338.19,0.42,0.38,2023-03-21,1317,N,VIIRS,n,2,302.25,3.48,D,0
38.28502,-1.60188,345,0.42,0.38,2023-03-21,1317,N,VIIRS,n,2,302.27,4.6,D,0
37.73566,-6.81747,335.08,0.41,0.37,2023-03-21,1317,N,VIIRS,n,2,301.71,3.15,D,0
38.14789,-4.79688,339.04,0.38,0.36,2023-03-21,1317,N,VIIRS,n,2,301.06,3.72,D,0
38.42564,-3.77176,347.44,0.39,0.36,2023-03-21,1317,N,VIIRS,n,2,299.2,10.98,D,0
38.4815,-5.3503,339.68,0.39,0.36,2023-03-21,1317,N,VIIRS,n,2,304.86,3.32,D,0
38.48479,-5.35117,337.99,0.39,0.36,2023-03-21,1317,N,VIIRS,n,2,303.82,3.74,D,0
38.67105,-5.29738,335.15,0.39,0.36,2023-03-21,1317,N,VIIRS,n,2,304.68,1.85,D,0
38.82486,-4.98814,332.38,0.38,0.36,2023-03-21,1317,N,VIIRS,n,2,303.19,1.44,D,0
38.86673,-6.15558,334.81,0.39,0.36,2023-03-21,1317,N,VIIRS,n,2,304.29,4.44,D,0
39.69558,-0.84201,327.46,0.46,0.39,2023-03-21,1317,N,VIIRS,n,2,268.51,3.1,D,0
39.1934,-5.43191,333.87,0.39,0.36,2023-03-21,1317,N,VIIRS,n,2,304.57,1.92,D,0
39.65979,-7.00076,336.69,0.4,0.37,2023-03-21,1317,N,VIIRS,n,2,301.54,2.85,D,0
40.24576,-3.47257,336,0.4,0.37,2023-03-21,1317,N,VIIRS,n,2,304.92,3.42,D,2
39.62109,-7.44892,335.27,0.41,0.37,2023-03-21,1317,N,VIIRS,n,2,299.81,3.54,D,0
39.62365,-7.45462,342.97,0.41,0.37,2023-03-21,1317,N,VIIRS,n,2,300.45,3.54,D,0
40.30483,-3.45114,344.02,0.4,0.37,2023-03-21,1317,N,VIIRS,n,2,298.52,4.08,D,0
42.3065,-1.3387,326.51,0.47,0.4,2023-03-21,1318,N,VIIRS,l,2,298.91,2.25,D,0
42.11143,-0.03944,330.96,0.53,0.42,2023-03-21,1318,N,VIIRS,n,2,294.73,4.02,D,0
40.79802,-5.64449,340.73,0.38,0.36,2023-03-21,1318,N,VIIRS,n,2,297.09,4.99,D,0
40.5599,-5.21043,334.66,0.38,0.36,2023-03-21,1318,N,VIIRS,n,2,297.12,2.54,D,0
40.37287,-5.16855,328.59,0.38,0.36,2023-03-21,1318,N,VIIRS,n,2,297.42,1.6,D,0
42.4389,-5.74051,329.57,0.38,0.36,2023-03-21,1318,N,VIIRS,n,2,301.54,1.39,D,0
40.59721,-3.22546,339.31,0.4,0.37,2023-03-21,1318,N,VIIRS,n,2,300.71,2.46,D,0
43.09921,-3.85408,336.69,0.41,0.37,2023-03-21,1318,N,VIIRS,n,2,292.91,2.81,D,0
43.10004,-3.92572,332.12,0.4,0.37,2023-03-21,1318,N,VIIRS,n,2,298.59,4.33,D,0
43.09934,-3.93084,329.67,0.4,0.37,2023-03-21,1318,N,VIIRS,n,2,293.22,4.33,D,0
43.53983,-5.83002,328.84,0.38,0.36,2023-03-21,1318,N,VIIRS,l,2,299.08,2.26,D,2
42.34208,-5.6382,340.18,0.38,0.36,2023-03-21,1318,N,VIIRS,n,2,302.92,2.62,D,0
42.36414,-5.67321,333.97,0.38,0.36,2023-03-21,1318,N,VIIRS,n,2,299.48,2.37,D,0
42.23107,-6.22358,330.86,0.38,0.36,2023-03-21,1318,N,VIIRS,n,2,299.27,5.17,D,0
41.63541,-4.68578,332.05,0.39,0.36,2023-03-21,1318,N,VIIRS,n,2,305.78,2.21,D,0
43.09582,-3.85329,329.47,0.41,0.37,2023-03-21,1318,N,VIIRS,n,2,289.79,1.51,D,0
43.19526,-1.68956,335.68,0.47,0.4,2023-03-21,1318,N,VIIRS,n,2,291.98,7.29,D,0
43.09693,-1.86821,343.47,0.46,0.39,2023-03-21,1318,N,VIIRS,n,2,297.88,28.06,D,0
43.25383,-4.00039,340.22,0.4,0.37,2023-03-21,1318,N,VIIRS,n,2,292.23,6.36,D,0
43.17542,-5.78701,329.27,0.38,0.36,2023-03-21,1318,N,VIIRS,n,2,293.14,4.04,D,0
43.17471,-5.79169,327.83,0.38,0.36,2023-03-21,1318,N,VIIRS,n,2,295.37,4.04,D,0
43.16172,-5.90067,331.55,0.38,0.36,2023-03-21,1318,N,VIIRS,n,2,294.35,1.28,D,0
43.23475,-5.84779,336.05,0.38,0.36,2023-03-21,1318,N,VIIRS,n,2,300.9,4.5,D,0
43.52761,-5.72793,337.36,0.39,0.36,2023-03-21,1318,N,VIIRS,n,2,299.44,6.21,D,2
42.23435,-6.22451,331.88,0.38,0.36,2023-03-21,1318,N,VIIRS,n,2,292.05,5.17,D,0
41.45295,1.98059,301.19,0.44,0.39,2023-03-22,0136,N,VIIRS,n,2,282.77,0.95,N,2
41.45425,1.97944,304.97,0.44,0.39,2023-03-22,0136,N,VIIRS,n,2,283.1,1.16,N,2
40.24452,-3.47553,318.96,0.5,0.49,2023-03-22,0136,N,VIIRS,n,2,283.62,3.11,N,2
36.96444,-1.90336,301.21,0.57,0.43,2023-03-22,0137,N,VIIRS,n,2,283.34,1.56,N,2
41.45549,-1.38315,300.02,0.69,0.74,2023-03-22,0316,N,VIIRS,n,2,274.94,0.74,N,0
41.45395,-1.38078,295.82,0.69,0.74,2023-03-22,0316,N,VIIRS,n,2,275.31,0.74,N,0
40.24689,-3.47646,305.2,0.6,0.71,2023-03-22,0316,N,VIIRS,n,2,279.72,2.58,N,2
38.11005,-3.62272,335.07,0.46,0.39,2023-03-22,1258,N,VIIRS,n,2,301.73,1.98,D,0
37.47118,-2.07658,331.71,0.42,0.37,2023-03-22,1258,N,VIIRS,l,2,305.95,1.35,D,0
38.43012,-3.77627,339.61,0.46,0.39,2023-03-22,1258,N,VIIRS,n,2,294.98,6.48,D,0
37.73707,-6.81409,340.75,0.43,0.46,2023-03-22,1258,N,VIIRS,n,2,300.75,3.22,D,0
38.68267,-6.71419,341.05,0.41,0.45,2023-03-22,1258,N,VIIRS,n,2,300.47,3.76,D,0
39.34911,-0.49566,336.37,0.38,0.36,2023-03-22,1258,N,VIIRS,n,2,300.74,3,D,0
39.59747,-1.37106,335.07,0.39,0.36,2023-03-22,1258,N,VIIRS,l,2,307.44,2.15,D,0
42.44456,1.83388,333.14,0.42,0.38,2023-03-22,1259,N,VIIRS,n,2,294.67,3.47,D,0
39.96585,-5.94931,337.34,0.53,0.42,2023-03-22,1259,N,VIIRS,n,2,290.94,3.19,D,0
39.84003,-5.31938,333.27,0.5,0.41,2023-03-22,1259,N,VIIRS,n,2,294.83,2.93,D,0
40.51719,-1.2988,342.29,0.39,0.36,2023-03-22,1259,N,VIIRS,n,2,303.41,3.65,D,0
40.24609,-3.47305,332.14,0.43,0.38,2023-03-22,1259,N,VIIRS,n,2,301.47,3.57,D,2
40.50727,0.47333,331.79,0.39,0.36,2023-03-22,1259,N,VIIRS,n,2,298.27,2.32,D,0
39.96726,-5.95023,335.59,0.53,0.42,2023-03-22,1259,N,VIIRS,n,2,291,4.48,D,0
41.19693,-0.38495,340.54,0.38,0.36,2023-03-22,1259,N,VIIRS,n,2,297.8,4.2,D,0
43.54071,-5.83196,344.98,0.46,0.39,2023-03-22,1300,N,VIIRS,n,2,295.56,6.38,D,2
43.12873,-5.49884,310.98,0.59,0.7,2023-03-23,0116,N,VIIRS,n,2,274.29,1.97,N,0
40.24259,-3.47556,320.11,0.45,0.63,2023-03-23,0117,N,VIIRS,n,2,282.09,2.07,N,2
36.96629,-1.90548,306.95,0.34,0.56,2023-03-23,0118,N,VIIRS,n,2,284.61,0.83,N,2
36.96679,-1.90765,295.03,0.34,0.56,2023-03-23,0118,N,VIIRS,n,2,282.65,0.49,N,2
38.37594,-0.54355,299.67,0.6,0.53,2023-03-23,0118,N,VIIRS,n,2,283.55,1.37,N,2
43.26471,-5.64376,298.93,0.46,0.47,2023-03-23,0257,N,VIIRS,n,2,258.91,1.87,N,0
43.30442,-4.166,332.08,0.54,0.51,2023-03-23,0257,N,VIIRS,n,2,276.57,4.97,N,0
43.17402,-3.85474,302.86,0.57,0.52,2023-03-23,0257,N,VIIRS,n,2,269.47,1.29,N,0
43.21959,-5.16633,306.44,0.49,0.49,2023-03-23,0257,N,VIIRS,n,2,273.13,2.6,N,0
43.21824,-5.16073,312.23,0.49,0.49,2023-03-23,0257,N,VIIRS,n,2,272.45,2.6,N,0
43.21531,-5.16833,325.86,0.49,0.49,2023-03-23,0257,N,VIIRS,n,2,271.84,2.6,N,0
43.26455,-5.6442,295.84,0.47,0.47,2023-03-23,0257,N,VIIRS,n,2,257.6,0.73,N,0
39.74769,-3.18458,324.27,0.38,0.58,2023-03-23,0258,N,VIIRS,n,2,277.33,1.9,N,0
38.37758,-0.54611,298.57,0.55,0.68,2023-03-23,0258,N,VIIRS,n,2,282.29,1.01,N,2
36.184,-5.3989,298.57,0.36,0.57,2023-03-23,0259,N,VIIRS,n,2,288.08,1.39,N,0
38.04724,-0.80273,336.83,0.55,0.43,2023-03-23,1239,N,VIIRS,n,2,303.37,7.64,D,0
37.1652,-2.18447,334.56,0.45,0.47,2023-03-23,1239,N,VIIRS,n,2,306.77,3.43,D,0
37.0932,-2.0898,354.8,0.44,0.46,2023-03-23,1239,N,VIIRS,n,2,304.98,9.81,D,0
39.64684,2.79921,343.44,0.4,0.37,2023-03-23,1239,N,VIIRS,n,2,301.3,3.26,D,0
39.65017,2.79827,342.34,0.4,0.37,2023-03-23,1239,N,VIIRS,n,2,299.87,6.1,D,0
38.28244,-0.67309,333.31,0.54,0.42,2023-03-23,1239,N,VIIRS,n,2,302.23,3.01,D,0
38.28195,-0.67238,333.18,0.54,0.42,2023-03-23,1239,N,VIIRS,n,2,302.79,6.35,D,0
40.06987,-0.64051,367,0.5,0.41,2023-03-23,1240,N,VIIRS,h,2,346.62,118.69,D,0
40.06737,-0.63348,341.66,0.5,0.41,2023-03-23,1240,N,VIIRS,n,2,311.35,118.69,D,0
40.07103,-0.6348,367,0.5,0.41,2023-03-23,1240,N,VIIRS,h,2,363.33,118.69,D,0
40.06621,-0.63922,367,0.5,0.41,2023-03-23,1240,N,VIIRS,h,2,331.75,118.69,D,0
39.03364,-3.80335,330.76,0.49,0.49,2023-03-23,1240,N,VIIRS,n,2,304.42,1.66,D,0
40.9253,-2.97346,330.7,0.41,0.45,2023-03-23,1240,N,VIIRS,n,2,298.02,3.16,D,0
40.92931,-2.9749,344.29,0.41,0.45,2023-03-23,1240,N,VIIRS,n,2,298.76,3.16,D,0
42.99672,-1.21014,333.05,0.47,0.4,2023-03-23,1240,N,VIIRS,n,2,292.73,3.13,D,0
41.31331,1.66471,330.11,0.41,0.37,2023-03-23,1240,N,VIIRS,n,2,299.35,3.11,D,2
40.07355,-0.64175,342.57,0.5,0.41,2023-03-23,1240,N,VIIRS,n,2,303.38,151.36,D,0
40.07585,-0.63032,336.15,0.5,0.41,2023-03-23,1240,N,VIIRS,n,2,295.72,47.7,D,0
40.0747,-0.63606,367,0.5,0.41,2023-03-23,1240,N,VIIRS,h,2,345.27,151.36,D,0
40.07579,-0.608,297.19,0.56,0.69,2023-03-24,0058,N,VIIRS,n,2,278.81,5.69,N,0
40.10786,-0.6025,301.79,0.56,0.69,2023-03-24,0058,N,VIIRS,n,2,280.71,1.25,N,0
40.10827,-0.61959,303.53,0.56,0.69,2023-03-24,0058,N,VIIRS,n,2,281.69,2.24,N,0
40.10842,-0.62577,299.76,0.56,0.69,2023-03-24,0058,N,VIIRS,n,2,281.33,2.24,N,0
40.10886,-0.64438,295.42,0.56,0.69,2023-03-24,0058,N,VIIRS,n,2,282.14,3.68,N,0
40.10857,-0.63199,353.47,0.56,0.69,2023-03-24,0058,N,VIIRS,n,2,287.93,8.23,N,0
40.10872,-0.63817,335,0.56,0.69,2023-03-24,0058,N,VIIRS,n,2,285.38,8.23,N,0
39.64918,-3.12691,299.75,0.75,0.77,2023-03-24,0058,N,VIIRS,n,2,275.91,0.94,N,0
40.06239,-0.61715,299.27,0.56,0.69,2023-03-24,0058,N,VIIRS,n,2,279.32,0.97,N,0
40.06884,-0.6174,311.49,0.56,0.69,2023-03-24,0058,N,VIIRS,n,2,280.04,5.08,N,0
40.0685,-0.60487,346.09,0.56,0.69,2023-03-24,0058,N,VIIRS,n,2,280.99,4.66,N,0
40.06867,-0.6112,338.19,0.56,0.69,2023-03-24,0058,N,VIIRS,n,2,280.99,4.66,N,0
40.07491,-0.60411,304.74,0.56,0.69,2023-03-24,0058,N,VIIRS,n,2,280.42,4.66,N,0
40.07509,-0.61056,301.46,0.56,0.69,2023-03-24,0058,N,VIIRS,n,2,277.6,4.66,N,0
40.08056,-0.57618,300.19,0.56,0.69,2023-03-24,0058,N,VIIRS,n,2,280.78,37.96,N,0
40.08112,-0.59596,310.84,0.56,0.69,2023-03-24,0058,N,VIIRS,n,2,281.61,47.1,N,0
40.08131,-0.60291,300.73,0.56,0.69,2023-03-24,0058,N,VIIRS,n,2,281.23,2.77,N,0
40.08259,-0.64892,313.01,0.56,0.69,2023-03-24,0058,N,VIIRS,n,2,276.53,3.81,N,0
40.08073,-0.58223,353.51,0.56,0.69,2023-03-24,0058,N,VIIRS,n,2,283.41,37.96,N,0
40.08092,-0.589,367,0.56,0.69,2023-03-24,0058,N,VIIRS,h,2,282.72,47.1,N,0
40.08242,-0.64257,323.15,0.56,0.69,2023-03-24,0058,N,VIIRS,n,2,278.35,3.81,N,0
40.08701,-0.57688,304.9,0.56,0.69,2023-03-24,0058,N,VIIRS,n,2,281.68,37.96,N,0
40.08772,-0.6017,298.76,0.56,0.69,2023-03-24,0058,N,VIIRS,n,2,279.98,2.77,N,0
40.08717,-0.58239,339.37,0.56,0.69,2023-03-24,0058,N,VIIRS,n,2,301.14,37.96,N,0
40.08734,-0.5884,367,0.56,0.69,2023-03-24,0058,N,VIIRS,h,2,305.04,47.1,N,0
40.08752,-0.5948,323.35,0.56,0.69,2023-03-24,0058,N,VIIRS,n,2,281.74,47.1,N,0
40.08902,-0.64786,325.25,0.56,0.69,2023-03-24,0058,N,VIIRS,n,2,280.38,3.81,N,0
40.06306,-0.61493,308.47,0.56,0.69,2023-03-24,0058,N,VIIRS,n,2,279.11,1.6,N,0
40.06923,-0.60245,308.72,0.56,0.69,2023-03-24,0058,N,VIIRS,n,2,278.5,3.37,N,0
40.06951,-0.6151,314.4,0.56,0.69,2023-03-24,0058,N,VIIRS,n,2,280.28,5.69,N,0
40.06937,-0.60883,367,0.56,0.69,2023-03-24,0058,N,VIIRS,h,2,284.15,5.69,N,0
40.07565,-0.60149,297.72,0.56,0.69,2023-03-24,0058,N,VIIRS,n,2,279.92,3.37,N,0
40.08146,-0.57398,295.81,0.56,0.69,2023-03-24,0058,N,VIIRS,n,2,281.54,4.43,N,0
40.08205,-0.60005,311,0.56,0.69,2023-03-24,0058,N,VIIRS,n,2,282.28,25.29,N,0
40.08159,-0.57984,349.01,0.56,0.69,2023-03-24,0058,N,VIIRS,n,2,283.68,52.93,N,0
40.08174,-0.58626,367,0.56,0.69,2023-03-24,0058,N,VIIRS,h,2,294.98,52.93,N,0
40.0819,-0.59306,325.8,0.56,0.69,2023-03-24,0058,N,VIIRS,n,2,282.24,25.29,N,0
40.0831,-0.64643,341.38,0.56,0.69,2023-03-24,0058,N,VIIRS,n,2,279.2,5.45,N,0
40.08847,-0.59886,302.62,0.56,0.69,2023-03-24,0058,N,VIIRS,n,2,280,25.29,N,0
40.08953,-0.64533,318.02,0.56,0.69,2023-03-24,0058,N,VIIRS,n,2,279.88,5.45,N,0
40.08803,-0.58016,347.01,0.56,0.69,2023-03-24,0058,N,VIIRS,n,2,284.29,52.93,N,0
40.08817,-0.58605,353.33,0.56,0.69,2023-03-24,0058,N,VIIRS,n,2,303.94,52.93,N,0
40.08831,-0.59227,367,0.56,0.69,2023-03-24,0058,N,VIIRS,h,2,290.2,25.29,N,0
40.09462,-0.5868,309.88,0.56,0.69,2023-03-24,0058,N,VIIRS,n,2,283.48,3.2,N,0
40.0961,-0.65062,303.61,0.56,0.69,2023-03-24,0058,N,VIIRS,n,2,280.76,2.99,N,0
40.09477,-0.59318,320.02,0.56,0.69,2023-03-24,0058,N,VIIRS,n,2,281.85,2.89,N,0
40.10139,-0.60139,305.07,0.56,0.69,2023-03-24,0058,N,VIIRS,n,2,281.31,2.89,N,0
40.1021,-0.63097,307.61,0.56,0.69,2023-03-24,0058,N,VIIRS,n,2,281.93,1.62,N,0
40.10225,-0.63746,301.25,0.56,0.69,2023-03-24,0058,N,VIIRS,n,2,282.78,1.62,N,0
40.10757,-0.63455,327.97,0.57,0.52,2023-03-24,0239,N,VIIRS,n,2,273.65,4.09,N,0
40.08923,-0.64274,315.17,0.57,0.52,2023-03-24,0239,N,VIIRS,n,2,279.83,5.38,N,0
40.09098,-0.6496,302.18,0.57,0.52,2023-03-24,0239,N,VIIRS,n,2,282.51,3.6,N,0
40.07694,-0.57423,328.02,0.58,0.52,2023-03-24,0239,N,VIIRS,n,2,284.37,3.99,N,0
40.07869,-0.5811,353.71,0.58,0.52,2023-03-24,0239,N,VIIRS,n,2,295.62,48.08,N,0
40.08038,-0.58774,367,0.58,0.52,2023-03-24,0239,N,VIIRS,h,2,284.71,48.08,N,0
40.08144,-0.57174,296.77,0.58,0.52,2023-03-24,0239,N,VIIRS,n,2,283.55,3.99,N,0
40.08674,-0.59264,317.83,0.58,0.52,2023-03-24,0239,N,VIIRS,n,2,286.03,24.26,N,0
40.08326,-0.57891,356.57,0.58,0.52,2023-03-24,0239,N,VIIRS,n,2,302.23,48.08,N,0
40.08501,-0.5858,350.88,0.58,0.52,2023-03-24,0239,N,VIIRS,n,2,310.69,48.08,N,0
40.08767,-0.57611,316.69,0.58,0.52,2023-03-24,0239,N,VIIRS,n,2,285.08,4.32,N,0
40.08953,-0.58345,325.27,0.58,0.52,2023-03-24,0239,N,VIIRS,n,2,287.54,4.32,N,0
40.09126,-0.59028,338.66,0.58,0.52,2023-03-24,0239,N,VIIRS,n,2,288.46,6.62,N,0
40.09893,-0.60039,309.67,0.57,0.52,2023-03-24,0239,N,VIIRS,n,2,279.5,1.52,N,0
40.1059,-0.62794,312.56,0.57,0.52,2023-03-24,0239,N,VIIRS,n,2,272.46,4.09,N,0
40.09568,-0.58753,329.83,0.58,0.52,2023-03-24,0239,N,VIIRS,n,2,286.21,6.62,N,0
40.07897,-0.60234,297.87,0.57,0.52,2023-03-24,0239,N,VIIRS,n,2,281.73,3.07,N,0
40.10511,-0.60458,305.92,0.57,0.52,2023-03-24,0239,N,VIIRS,n,2,277.52,1.54,N,0
40.10693,-0.61179,298,0.57,0.52,2023-03-24,0239,N,VIIRS,n,2,277.94,1.14,N,0
40.10863,-0.61853,300.19,0.57,0.52,2023-03-24,0239,N,VIIRS,n,2,276.76,1.14,N,0
40.11032,-0.62522,315.18,0.57,0.52,2023-03-24,0239,N,VIIRS,n,2,275.56,3.46,N,0
40.07034,-0.60495,353.75,0.58,0.52,2023-03-24,0239,N,VIIRS,n,2,290.45,10.44,N,0
40.08039,-0.64547,334.54,0.57,0.52,2023-03-24,0239,N,VIIRS,n,2,278.44,5.78,N,0
40.07203,-0.61177,299.54,0.57,0.52,2023-03-24,0239,N,VIIRS,n,2,279.51,10.44,N,0
40.08973,-0.64208,302.03,0.57,0.52,2023-03-24,0239,N,VIIRS,n,2,279.95,5.31,N,0
40.08282,-0.59349,299.27,0.58,0.52,2023-03-24,0239,N,VIIRS,n,2,282.11,35.81,N,0
38.6646,-4.05031,304.42,0.42,0.45,2023-03-24,0239,N,VIIRS,n,2,278.74,2.4,N,2
38.66529,-4.04844,296.94,0.42,0.45,2023-03-24,0239,N,VIIRS,n,2,279.96,0.46,N,2
38.66634,-4.05311,295.51,0.42,0.45,2023-03-24,0239,N,VIIRS,n,2,280.98,1.04,N,2
40.06463,-0.62309,299.25,0.57,0.52,2023-03-24,0239,N,VIIRS,n,2,280.4,1.23,N,0
40.06745,-0.61388,312.66,0.57,0.52,2023-03-24,0239,N,VIIRS,n,2,282.08,10.44,N,0
40.0778,-0.57322,323.24,0.58,0.52,2023-03-24,0239,N,VIIRS,n,2,284.82,28.96,N,0
40.07952,-0.58016,348.5,0.58,0.52,2023-03-24,0239,N,VIIRS,n,2,301.97,28.96,N,0
40.08118,-0.58684,354.6,0.58,0.52,2023-03-24,0239,N,VIIRS,n,2,292.54,35.81,N,0
40.08404,-0.57775,367,0.58,0.52,2023-03-24,0239,N,VIIRS,h,2,297.74,28.96,N,0
40.08578,-0.58483,367,0.58,0.52,2023-03-24,0239,N,VIIRS,h,2,303.09,35.81,N,0
40.08747,-0.59168,328.35,0.58,0.52,2023-03-24,0239,N,VIIRS,n,2,287.08,35.81,N,0
40.06678,-0.61475,313.12,0.57,0.52,2023-03-24,0239,N,VIIRS,n,2,282.35,2.65,N,0
40.07134,-0.61258,300.54,0.57,0.52,2023-03-24,0239,N,VIIRS,n,2,279.91,2.65,N,0
40.06961,-0.6058,351.7,0.57,0.52,2023-03-24,0239,N,VIIRS,n,2,288.26,25.58,N,0
40.07989,-0.64614,322.85,0.57,0.52,2023-03-24,0239,N,VIIRS,n,2,277.29,3.39,N,0
40.0863,-0.65129,306.71,0.57,0.52,2023-03-24,0239,N,VIIRS,n,2,281.93,3.6,N,0
40.07427,-0.60399,331.96,0.57,0.52,2023-03-24,0239,N,VIIRS,n,2,281.52,3.07,N,0
40.08456,-0.64442,351.14,0.57,0.52,2023-03-24,0239,N,VIIRS,n,2,285.38,5.38,N,0
40.08676,-0.65064,318.79,0.57,0.52,2023-03-24,0239,N,VIIRS,n,2,282.29,5.31,N,0
40.08505,-0.64374,344.43,0.57,0.52,2023-03-24,0239,N,VIIRS,n,2,284.25,5.31,N,0
40.07972,-0.60156,299.96,0.58,0.52,2023-03-24,0239,N,VIIRS,n,2,282.36,1.41,N,0
36.96538,-1.90502,297.62,0.59,0.53,2023-03-24,0240,N,VIIRS,n,2,284.68,0.78,N,2
37.36039,-5.86418,298.46,0.55,0.42,2023-03-24,0240,N,VIIRS,n,2,284.67,0.92,N,2
43.1448,-5.68213,347.53,0.33,0.55,2023-03-24,1402,N,VIIRS,n,2,297.31,14.48,D,0
43.14431,-5.69143,347.43,0.33,0.55,2023-03-24,1402,N,VIIRS,n,2,298.23,5.93,D,0
43.14447,-5.68833,367,0.33,0.55,2023-03-24,1402,N,VIIRS,h,2,300.82,11.91,D,0
43.14463,-5.68528,367,0.33,0.55,2023-03-24,1402,N,VIIRS,h,2,304.45,11.91,D,0
42.60585,-5.0276,333.49,0.36,0.57,2023-03-24,1402,N,VIIRS,n,2,291.4,2.03,D,0
42.60754,-5.02853,328.91,0.36,0.57,2023-03-24,1402,N,VIIRS,n,2,290.52,1.78,D,0
43.31535,-3.00396,296.46,0.4,0.37,2023-03-25,0219,N,VIIRS,n,2,277.52,0.57,N,0
43.01044,-5.8145,309.89,0.39,0.36,2023-03-25,0219,N,VIIRS,n,2,273.5,1.2,N,0
43.1986,-6.2351,330.2,0.39,0.36,2023-03-25,0219,N,VIIRS,n,2,274.78,2.38,N,0
43.20123,-6.22948,326,0.39,0.36,2023-03-25,0219,N,VIIRS,n,2,274.56,3.46,N,0
43.20054,-6.22477,324.59,0.39,0.36,2023-03-25,0219,N,VIIRS,n,2,276.25,3.46,N,0
43.5392,-5.83103,323.81,0.39,0.36,2023-03-25,0219,N,VIIRS,n,2,280.8,1.24,N,2
43.52765,-5.72993,304.08,0.39,0.36,2023-03-25,0219,N,VIIRS,n,2,282.49,1.14,N,2
43.5425,-5.8301,300.39,0.39,0.36,2023-03-25,0219,N,VIIRS,n,2,279.12,1.24,N,2
43.20578,-5.59923,308.45,0.39,0.36,2023-03-25,0219,N,VIIRS,n,2,276.68,0.83,N,0
42.81428,-1.74148,300.89,0.43,0.38,2023-03-25,0219,N,VIIRS,n,2,276.64,0.67,N,2
43.52435,-5.73086,310.39,0.39,0.36,2023-03-25,0219,N,VIIRS,n,2,280.94,1.14,N,2
43.53095,-5.72899,304.9,0.39,0.36,2023-03-25,0219,N,VIIRS,n,2,280.17,0.54,N,2
40.06112,-0.54893,352.21,0.52,0.41,2023-03-25,0220,N,VIIRS,n,2,290.85,9.03,N,0
40.05988,-0.57474,302.27,0.52,0.41,2023-03-25,0220,N,VIIRS,n,2,282.92,1.28,N,0
40.06111,-0.58079,315.22,0.52,0.41,2023-03-25,0220,N,VIIRS,n,2,283.13,3.37,N,0
40.05379,-0.54491,322.95,0.52,0.41,2023-03-25,0220,N,VIIRS,n,2,284.33,2.96,N,0
40.06234,-0.58679,327.2,0.52,0.41,2023-03-25,0220,N,VIIRS,n,2,281.33,3.37,N,0
40.06007,-0.55619,312.99,0.52,0.41,2023-03-25,0220,N,VIIRS,n,2,282.65,1.94,N,0
40.0612,-0.56168,313.54,0.52,0.41,2023-03-25,0220,N,VIIRS,n,2,285.12,1.94,N,0
40.06236,-0.56735,308.5,0.52,0.41,2023-03-25,0220,N,VIIRS,n,2,283.98,1.28,N,0
40.06355,-0.57323,297.87,0.52,0.41,2023-03-25,0220,N,VIIRS,n,2,282.59,1.28,N,0
40.05755,-0.54381,325.26,0.52,0.41,2023-03-25,0220,N,VIIRS,n,2,285.68,2.96,N,0
40.05887,-0.55028,333.92,0.52,0.41,2023-03-25,0220,N,VIIRS,n,2,285.4,2.96,N,0
40.06858,-0.57841,317.92,0.52,0.41,2023-03-25,0220,N,VIIRS,n,2,282.05,2.35,N,0
40.06129,-0.54263,367,0.52,0.41,2023-03-25,0220,N,VIIRS,h,2,294.76,12.11,N,0
40.06258,-0.54895,340.9,0.52,0.41,2023-03-25,0220,N,VIIRS,n,2,288.04,12.11,N,0
40.06376,-0.5547,333.21,0.52,0.41,2023-03-25,0220,N,VIIRS,n,2,285.96,6.61,N,0
40.0649,-0.56031,348.77,0.52,0.41,2023-03-25,0220,N,VIIRS,n,2,293.69,6.61,N,0
40.0661,-0.56617,329.48,0.52,0.41,2023-03-25,0220,N,VIIRS,n,2,285.63,8.6,N,0
40.06861,-0.55899,318.41,0.52,0.41,2023-03-25,0220,N,VIIRS,n,2,284.92,6.61,N,0
40.05225,-0.54472,298.24,0.52,0.41,2023-03-25,0220,N,VIIRS,n,2,283.41,1.9,N,0
40.05733,-0.56897,312.21,0.52,0.41,2023-03-25,0220,N,VIIRS,n,2,284.33,1.68,N,0
40.05854,-0.57476,316.71,0.52,0.41,2023-03-25,0220,N,VIIRS,n,2,283.82,1.49,N,0
40.0598,-0.58077,310.21,0.52,0.41,2023-03-25,0220,N,VIIRS,n,2,282.34,1.49,N,0
40.06105,-0.58673,318.01,0.52,0.41,2023-03-25,0220,N,VIIRS,n,2,280.88,2.08,N,0
40.05367,-0.55145,321.57,0.52,0.41,2023-03-25,0220,N,VIIRS,n,2,283.68,2.88,N,0
40.0574,-0.55023,309.8,0.52,0.41,2023-03-25,0220,N,VIIRS,n,2,284.34,2.88,N,0
40.05982,-0.56179,304.17,0.52,0.41,2023-03-25,0220,N,VIIRS,n,2,284.08,1.68,N,0
40.06098,-0.56735,305.98,0.52,0.41,2023-03-25,0220,N,VIIRS,n,2,284.2,1.68,N,0
40.0622,-0.57318,297.15,0.52,0.41,2023-03-25,0220,N,VIIRS,n,2,282.28,1.49,N,0
40.06349,-0.57934,295.77,0.52,0.41,2023-03-25,0220,N,VIIRS,n,2,282.24,1.49,N,0
40.05602,-0.54366,324.87,0.52,0.41,2023-03-25,0220,N,VIIRS,n,2,286.12,1.9,N,0
40.06475,-0.58535,322.39,0.52,0.41,2023-03-25,0220,N,VIIRS,n,2,282.13,2.08,N,0
40.06725,-0.57824,314.15,0.52,0.41,2023-03-25,0220,N,VIIRS,n,2,281.8,3.34,N,0
40.05978,-0.54257,356.67,0.52,0.41,2023-03-25,0220,N,VIIRS,n,2,294.5,10.34,N,0
40.06234,-0.55479,339.13,0.52,0.41,2023-03-25,0220,N,VIIRS,n,2,286.66,9.03,N,0
40.0635,-0.56032,350.91,0.52,0.41,2023-03-25,0220,N,VIIRS,n,2,293.04,6.21,N,0
40.06469,-0.56602,330.81,0.52,0.41,2023-03-25,0220,N,VIIRS,n,2,287.52,6.21,N,0
40.0635,-0.54123,296.18,0.52,0.41,2023-03-25,0220,N,VIIRS,n,2,283.24,10.34,N,0
40.06846,-0.56496,297.23,0.52,0.41,2023-03-25,0220,N,VIIRS,n,2,282.66,6.21,N,0
40.06721,-0.55899,327.84,0.52,0.41,2023-03-25,0220,N,VIIRS,n,2,285.09,6.21,N,0
40.07092,-0.55767,319.68,0.52,0.41,2023-03-25,0220,N,VIIRS,n,2,285.76,3.61,N,0
40.07349,-0.56998,299.07,0.52,0.41,2023-03-25,0220,N,VIIRS,n,2,280.85,0.64,N,0
40.07723,-0.56878,295.08,0.52,0.41,2023-03-25,0220,N,VIIRS,n,2,280.95,0.64,N,0
40.07336,-0.55021,331.04,0.52,0.41,2023-03-25,0220,N,VIIRS,n,2,286.21,4.92,N,0
40.0747,-0.55665,326.37,0.52,0.41,2023-03-25,0220,N,VIIRS,n,2,285.2,3.61,N,0
40.07599,-0.56283,326.66,0.52,0.41,2023-03-25,0220,N,VIIRS,n,2,284.53,3.61,N,0
40.07714,-0.54927,305.38,0.52,0.41,2023-03-25,0220,N,VIIRS,n,2,284.87,1.43,N,0
40.07847,-0.55559,336.45,0.52,0.41,2023-03-25,0220,N,VIIRS,n,2,287.32,6.23,N,0
40.11044,-0.61377,306.6,0.51,0.41,2023-03-25,0220,N,VIIRS,n,2,282.2,1.87,N,0
40.1117,-0.61987,310.27,0.51,0.41,2023-03-25,0220,N,VIIRS,n,2,282.77,2.67,N,0
40.11536,-0.61835,306.46,0.51,0.41,2023-03-25,0220,N,VIIRS,n,2,282.09,1.38,N,0
41.31289,1.6609,312.63,0.41,0.45,2023-03-25,0220,N,VIIRS,n,2,285.18,1.94,N,2
41.40646,1.99819,300.54,0.42,0.45,2023-03-25,0220,N,VIIRS,n,2,283.59,0.79,N,2
41.45461,1.9803,297.81,0.42,0.45,2023-03-25,0220,N,VIIRS,n,2,283.7,0.55,N,2
38.37766,-0.54431,301.59,0.56,0.43,2023-03-25,0220,N,VIIRS,n,2,285.65,1.47,N,2
39.93607,-3.74513,307.41,0.41,0.37,2023-03-25,0220,N,VIIRS,n,2,281.42,1.05,N,2
40.24479,-3.47616,330.21,0.41,0.37,2023-03-25,0220,N,VIIRS,n,2,285.96,3.63,N,2
40.04375,-0.55427,315.27,0.52,0.41,2023-03-25,0220,N,VIIRS,n,2,283.41,2.83,N,0
40.04506,-0.56065,312.76,0.52,0.41,2023-03-25,0220,N,VIIRS,n,2,283.55,2.07,N,0
40.0463,-0.56672,305.96,0.52,0.41,2023-03-25,0220,N,VIIRS,n,2,283.07,2.07,N,0
40.04754,-0.55332,355.61,0.52,0.41,2023-03-25,0220,N,VIIRS,n,2,296.73,15.76,N,0
40.04885,-0.55976,350.72,0.52,0.41,2023-03-25,0220,N,VIIRS,n,2,299.3,26.18,N,0
40.05009,-0.56584,341.86,0.52,0.41,2023-03-25,0220,N,VIIRS,n,2,312.12,26.18,N,0
40.0513,-0.57171,352.77,0.52,0.41,2023-03-25,0220,N,VIIRS,n,2,304.14,27.39,N,0
40.05268,-0.55901,297.22,0.52,0.41,2023-03-25,0220,N,VIIRS,n,2,282.44,26.18,N,0
40.05389,-0.56493,309.49,0.52,0.41,2023-03-25,0220,N,VIIRS,n,2,283.22,26.18,N,0
40.05622,-0.57634,309.79,0.52,0.41,2023-03-25,0220,N,VIIRS,n,2,282.08,27.39,N,0
40.05137,-0.55259,333.03,0.52,0.41,2023-03-25,0220,N,VIIRS,n,2,289.47,15.76,N,0
40.05502,-0.57046,347.26,0.52,0.41,2023-03-25,0220,N,VIIRS,n,2,291.43,27.39,N,0
40.05516,-0.55164,300.21,0.52,0.41,2023-03-25,0220,N,VIIRS,n,2,282.43,2.96,N,0
40.05755,-0.56337,299.73,0.52,0.41,2023-03-25,0220,N,VIIRS,n,2,282.7,1.94,N,0
40.05868,-0.56888,309.54,0.52,0.41,2023-03-25,0220,N,VIIRS,n,2,284.59,1.28,N,0
38.37803,-6.48378,300.24,0.38,0.36,2023-03-25,0221,N,VIIRS,n,2,283.87,0.7,N,0
37.56983,-0.91901,300.92,0.55,0.43,2023-03-25,0221,N,VIIRS,n,2,288.29,1.93,N,2
37.56862,-0.91319,308.3,0.55,0.43,2023-03-25,0221,N,VIIRS,n,2,288.48,1.25,N,2
37.56606,-0.92065,300.65,0.55,0.43,2023-03-25,0221,N,VIIRS,n,2,288.38,0.42,N,2
37.35881,-5.86638,305.36,0.39,0.36,2023-03-25,0221,N,VIIRS,n,2,286.7,1.13,N,2
39.33178,-0.50367,367,0.49,0.65,2023-03-25,1202,N,VIIRS,h,2,295.08,17.96,D,0
40.05416,-0.54936,348.76,0.47,0.64,2023-03-25,1202,N,VIIRS,n,2,296.92,11.78,D,0
40.05123,-0.55946,325.3,0.48,0.64,2023-03-25,1202,N,VIIRS,n,2,296.34,5.8,D,0
40.06275,-0.54193,344.95,0.47,0.64,2023-03-25,1202,N,VIIRS,n,2,292.9,10.87,D,0
40.06144,-0.54643,335.81,0.47,0.64,2023-03-25,1202,N,VIIRS,n,2,291.44,7.02,D,0
40.05357,-0.57365,338.34,0.48,0.64,2023-03-25,1202,N,VIIRS,n,2,294.46,7.04,D,0
40.06674,-0.55039,337.81,0.47,0.64,2023-03-25,1202,N,VIIRS,n,2,289.35,7.02,D,0
40.0513,-0.54701,367,0.47,0.64,2023-03-25,1202,N,VIIRS,h,2,298.44,11.22,D,0
40.04834,-0.55699,346.76,0.47,0.64,2023-03-25,1202,N,VIIRS,n,2,297.11,11.88,D,0
40.04672,-0.56245,335.13,0.48,0.64,2023-03-25,1202,N,VIIRS,n,2,294.19,6.07,D,0
40.06968,-0.55032,340.94,0.47,0.64,2023-03-25,1202,N,VIIRS,n,2,291.45,7.11,D,0
40.05883,-0.54335,341.79,0.47,0.64,2023-03-25,1202,N,VIIRS,n,2,293.29,6.31,D,0
40.05751,-0.54784,349.88,0.47,0.64,2023-03-25,1202,N,VIIRS,n,2,294.41,6.31,D,0
40.05108,-0.56956,354.5,0.48,0.64,2023-03-25,1202,N,VIIRS,n,2,295.63,7.38,D,0
40.06457,-0.54577,353.99,0.47,0.64,2023-03-25,1202,N,VIIRS,n,2,292.22,6.31,D,0
40.06322,-0.55034,338.68,0.47,0.64,2023-03-25,1202,N,VIIRS,n,2,293.49,6.31,D,0
40.06838,-0.55473,345.51,0.47,0.64,2023-03-25,1202,N,VIIRS,n,2,292.45,7.11,D,0
40.07718,-0.54675,367,0.47,0.64,2023-03-25,1202,N,VIIRS,h,2,295.51,26,D,0
40.07578,-0.55149,342.93,0.47,0.64,2023-03-25,1202,N,VIIRS,n,2,291.98,7.11,D,0
40.04945,-0.56559,367,0.48,0.64,2023-03-25,1202,N,VIIRS,h,2,296.68,12.66,D,0
40.05663,-0.57263,330.34,0.48,0.64,2023-03-25,1202,N,VIIRS,n,2,291.45,7.38,D,0
40.05546,-0.54486,367,0.47,0.64,2023-03-25,1202,N,VIIRS,h,2,297.64,11.78,D,0
40.04636,-0.55405,325.58,0.48,0.64,2023-03-25,1202,N,VIIRS,n,2,294.7,5.8,D,0
40.04489,-0.55913,346.49,0.48,0.64,2023-03-25,1202,N,VIIRS,n,2,293.91,5.8,D,0
43.08301,-3.91439,346.15,0.56,0.68,2023-03-25,1203,N,VIIRS,n,2,282.58,7.38,D,0
37.86706,-3.82366,335.25,0.42,0.45,2023-03-25,1342,N,VIIRS,n,2,304.66,2.59,D,0
39.3332,-0.50916,341.01,0.32,0.55,2023-03-25,1342,N,VIIRS,n,2,296.96,3.44,D,0
39.33345,-0.50504,346.7,0.32,0.55,2023-03-25,1342,N,VIIRS,n,2,298.19,3.44,D,0
38.73399,-6.99199,333.95,0.46,0.39,2023-03-25,1342,N,VIIRS,l,2,307.85,5.32,D,0
38.73417,-6.9902,335.7,0.46,0.39,2023-03-25,1342,N,VIIRS,n,2,307.09,3.79,D,0
38.86626,-0.3892,330.7,0.32,0.55,2023-03-25,1342,N,VIIRS,n,2,298.22,2.25,D,0
36.34615,-5.39881,330.25,0.5,0.41,2023-03-25,1342,N,VIIRS,n,2,303.04,1.9,D,0
40.07734,-0.5592,327.22,0.33,0.55,2023-03-25,1343,N,VIIRS,n,2,287.61,2.33,D,0
40.92951,-6.46387,325.62,0.51,0.41,2023-03-25,1343,N,VIIRS,n,2,291.99,3.01,D,0
41.74181,-2.30105,351.59,0.55,0.51,2023-03-25,1343,N,VIIRS,n,2,274.28,13.64,D,0
41.7417,-2.29922,344.91,0.55,0.51,2023-03-25,1343,N,VIIRS,n,2,274.42,14.7,D,0
40.06717,-0.55692,335.72,0.33,0.55,2023-03-25,1343,N,VIIRS,n,2,285.64,3.32,D,0
40.06601,-0.57663,331.87,0.33,0.55,2023-03-25,1343,N,VIIRS,n,2,293.58,3.05,D,0
40.0489,-0.56703,333.99,0.33,0.55,2023-03-25,1343,N,VIIRS,n,2,294.89,5.05,D,0
40.04914,-0.56335,356.29,0.33,0.55,2023-03-25,1343,N,VIIRS,n,2,295.15,5.05,D,0
40.04939,-0.55941,335.11,0.33,0.55,2023-03-25,1343,N,VIIRS,n,2,292.99,7.9,D,0
40.04409,-0.56168,356.6,0.33,0.55,2023-03-25,1343,N,VIIRS,n,2,293.01,5.05,D,0
40.04437,-0.55735,350.87,0.33,0.55,2023-03-25,1343,N,VIIRS,n,2,293.74,7.9,D,0
40.04646,-0.55823,367,0.33,0.55,2023-03-25,1343,N,VIIRS,h,2,295.06,14.65,D,0
40.04623,-0.5624,356.19,0.33,0.55,2023-03-25,1343,N,VIIRS,n,2,297.81,14.55,D,0
40.06739,-0.55292,336.77,0.33,0.55,2023-03-25,1343,N,VIIRS,n,2,283.53,3.57,D,0
43.09517,-1.92519,336.09,0.59,0.53,2023-03-25,1343,N,VIIRS,n,2,295.5,11.51,D,0
43.10005,-1.92609,367,0.59,0.53,2023-03-25,1343,N,VIIRS,h,2,296.79,11.51,D,0
40.07254,-0.55322,331.64,0.33,0.55,2023-03-25,1343,N,VIIRS,n,2,286.23,3.57,D,0
42.45486,-5.8128,332.26,0.57,0.43,2023-03-25,1343,N,VIIRS,n,2,294.19,4.46,D,0
43.29321,-3.61451,340.96,0.49,0.49,2023-03-25,1344,N,VIIRS,n,2,291.53,3.62,D,0
43.01278,-5.80697,341.23,0.38,0.43,2023-03-25,1344,N,VIIRS,n,2,280.59,4.79,D,0
43.37382,-4.80029,337.56,0.43,0.46,2023-03-25,1344,N,VIIRS,n,2,282.76,3.94,D,0
43.32569,-3.61772,331.24,0.49,0.49,2023-03-25,1344,N,VIIRS,n,2,289.61,4.65,D,0
43.32123,-3.61643,341.92,0.49,0.49,2023-03-25,1344,N,VIIRS,n,2,291.21,7.27,D,0
43.32491,-3.6167,342.36,0.49,0.49,2023-03-25,1344,N,VIIRS,n,2,291.1,5.63,D,0
43.32047,-3.61538,339.65,0.49,0.49,2023-03-25,1344,N,VIIRS,n,2,291.19,5.63,D,0
39.93713,-3.74346,301.66,0.41,0.37,2023-03-26,0201,N,VIIRS,n,2,283.01,1.26,N,2
40.24292,-3.47714,306.08,0.41,0.37,2023-03-26,0201,N,VIIRS,n,2,282.09,1.57,N,2
40.24632,-3.47634,313.85,0.41,0.37,2023-03-26,0201,N,VIIRS,n,2,284.91,1.57,N,2
41.31198,1.66138,321.21,0.41,0.37,2023-03-26,0201,N,VIIRS,n,2,286.5,2.42,N,2
41.59571,0.51987,295.38,0.39,0.36,2023-03-26,0201,N,VIIRS,n,2,279.43,0.25,N,0
41.40595,1.99901,297.02,0.42,0.37,2023-03-26,0201,N,VIIRS,n,2,283.43,0.55,N,2
43.25499,-6.07737,330.68,0.54,0.42,2023-03-26,0201,N,VIIRS,n,2,279.19,10.27,N,0
43.20742,-6.22448,304.1,0.54,0.42,2023-03-26,0201,N,VIIRS,n,2,273.3,1.23,N,0
43.20348,-6.22484,297.56,0.54,0.42,2023-03-26,0201,N,VIIRS,n,2,271.89,0.9,N,0
41.52695,1.80468,299.48,0.41,0.37,2023-03-26,0201,N,VIIRS,n,2,280.62,0.32,N,2
43.20657,-6.22511,312.77,0.54,0.42,2023-03-26,0201,N,VIIRS,n,2,273.41,1.22,N,0
43.17447,-5.61266,301.04,0.51,0.41,2023-03-26,0201,N,VIIRS,n,2,279.83,1.09,N,0
43.07698,-4.67331,317.88,0.47,0.4,2023-03-26,0201,N,VIIRS,n,2,278.46,2.01,N,0
41.45623,1.97887,299.92,0.42,0.37,2023-03-26,0201,N,VIIRS,n,2,282.75,0.79,N,2
43.25887,-6.07661,304.8,0.54,0.42,2023-03-26,0201,N,VIIRS,n,2,274.5,1.27,N,0
43.52399,-5.729,297.33,0.52,0.42,2023-03-26,0201,N,VIIRS,n,2,281.63,1,N,2
43.52782,-5.72823,300.04,0.52,0.42,2023-03-26,0201,N,VIIRS,n,2,282.37,1.18,N,2
41.45284,1.97779,295.37,0.42,0.37,2023-03-26,0201,N,VIIRS,n,2,283.2,0.62,N,0
38.5918,-0.67405,305.93,0.39,0.36,2023-03-26,0202,N,VIIRS,n,2,279.55,0.8,N,0
37.36279,-5.93735,308.87,0.46,0.39,2023-03-26,0202,N,VIIRS,n,2,282.78,0.88,N,0
37.84199,-1.01694,306.89,0.39,0.36,2023-03-26,0202,N,VIIRS,n,2,284.29,0.84,N,0
36.96569,-1.90396,315.92,0.38,0.36,2023-03-26,0202,N,VIIRS,n,2,289.52,0.97,N,2
38.5885,-0.67494,300.55,0.39,0.36,2023-03-26,0202,N,VIIRS,n,2,279.42,0.8,N,0
37.51148,-4.84003,298.72,0.42,0.38,2023-03-26,0202,N,VIIRS,n,2,281.75,0.64,N,0
43.54855,-5.6071,297.88,0.73,0.76,2023-03-26,0340,N,VIIRS,n,2,280.71,1.61,N,0
43.18759,-6.47477,303.42,0.69,0.74,2023-03-26,0341,N,VIIRS,n,2,278.34,2.06,N,0
43.17622,-5.6095,306.22,0.76,0.77,2023-03-26,0341,N,VIIRS,n,2,277.94,2.24,N,0
39.0569,1.58615,338.27,0.68,0.74,2023-03-26,1143,N,VIIRS,n,2,295.21,5.59,D,0
40.07827,-0.54133,325.96,0.79,0.78,2023-03-26,1144,N,VIIRS,n,2,290.23,5.39,D,0
40.06869,-0.5457,345.48,0.79,0.78,2023-03-26,1144,N,VIIRS,n,2,293.04,13.29,D,0
40.07108,-0.53877,331.13,0.79,0.78,2023-03-26,1144,N,VIIRS,n,2,291.39,12.76,D,0
40.0692,-0.55505,351.02,0.56,0.43,2023-03-26,1324,N,VIIRS,n,2,302.29,7.45,D,0
40.07462,-0.54177,346.78,0.56,0.43,2023-03-26,1324,N,VIIRS,n,2,303.46,22.99,D,0
40.07387,-0.54894,341.21,0.56,0.43,2023-03-26,1324,N,VIIRS,n,2,303.11,22.99,D,0
40.06787,-0.54795,349,0.56,0.43,2023-03-26,1324,N,VIIRS,n,2,303.42,19.56,D,0
40.06719,-0.55488,330.77,0.56,0.43,2023-03-26,1324,N,VIIRS,n,2,298.39,19.56,D,0
40.07255,-0.54125,342.91,0.56,0.43,2023-03-26,1324,N,VIIRS,n,2,302.39,45.68,D,0
40.07186,-0.54832,352.79,0.56,0.43,2023-03-26,1324,N,VIIRS,n,2,311.15,19.56,D,0
40.07117,-0.55545,341.83,0.56,0.43,2023-03-26,1324,N,VIIRS,n,2,302.84,19.56,D,0
40.06993,-0.54796,351.34,0.56,0.43,2023-03-26,1324,N,VIIRS,n,2,315.93,37.68,D,0
41.42015,0.21441,343.73,0.42,0.45,2023-03-26,1324,N,VIIRS,n,2,302.91,6.78,D,0
40.24588,-3.47295,333.77,0.43,0.38,2023-03-26,1324,N,VIIRS,n,2,304.2,3.88,D,2
40.07649,-0.54223,334.76,0.56,0.43,2023-03-26,1324,N,VIIRS,n,2,298.15,5.09,D,0
40.07066,-0.541,334.79,0.56,0.43,2023-03-26,1324,N,VIIRS,n,2,297.49,37.68,D,0
38.73429,-6.9946,338.01,0.39,0.36,2023-03-26,1324,N,VIIRS,n,2,300.01,3.52,D,0
43.17316,-5.60853,346.62,0.4,0.37,2023-03-26,1325,N,VIIRS,n,2,301.74,7.72,D,0
43.15241,-5.26683,347.85,0.41,0.37,2023-03-26,1325,N,VIIRS,n,2,300.48,5.73,D,0
43.06451,-5.61098,332.22,0.4,0.37,2023-03-26,1325,N,VIIRS,n,2,286.32,9.89,D,0
43.06521,-5.60575,329.69,0.4,0.37,2023-03-26,1325,N,VIIRS,n,2,286.83,9.89,D,0
43.06115,-5.61008,350.74,0.4,0.37,2023-03-26,1325,N,VIIRS,n,2,289.34,9.89,D,0
43.06184,-5.60489,329.82,0.4,0.37,2023-03-26,1325,N,VIIRS,n,2,290.93,9.89,D,0
43.05783,-5.60884,346.06,0.4,0.37,2023-03-26,1325,N,VIIRS,n,2,295.51,9.96,D,0
43.08389,-4.66334,339.38,0.42,0.38,2023-03-26,1325,N,VIIRS,n,2,291.14,4.46,D,0
43.0769,-4.66234,331.86,0.42,0.38,2023-03-26,1325,N,VIIRS,n,2,292.8,7.34,D,0
43.07759,-4.6568,329.65,0.42,0.38,2023-03-26,1325,N,VIIRS,n,2,290.29,6.18,D,0
42.78887,-4.08545,333.45,0.44,0.38,2023-03-26,1325,N,VIIRS,n,2,292.57,2.83,D,0
42.78654,-4.08226,345.7,0.44,0.38,2023-03-26,1325,N,VIIRS,n,2,296.08,7.9,D,0
43.5231,-5.72832,328.62,0.4,0.37,2023-03-26,1325,N,VIIRS,n,2,296.82,2.3,D,2
43.17651,-5.60948,333.85,0.4,0.37,2023-03-26,1325,N,VIIRS,n,2,302.4,4.3,D,0
43.19609,-4.67656,336.39,0.51,0.5,2023-03-27,0142,N,VIIRS,n,2,275.01,6.07,N,0
40.08073,-0.54681,340.49,0.46,0.39,2023-03-27,0142,N,VIIRS,n,2,286.28,5.14,N,0
39.76199,2.86054,296.47,0.39,0.36,2023-03-27,0142,N,VIIRS,n,2,286.24,0.21,N,0
41.31103,1.66147,321.23,0.41,0.37,2023-03-27,0142,N,VIIRS,n,2,285.71,2.16,N,2
41.45525,1.98027,308.05,0.4,0.37,2023-03-27,0142,N,VIIRS,n,2,285,1.19,N,2
41.47543,2.18319,295.59,0.4,0.37,2023-03-27,0142,N,VIIRS,n,2,284.66,0.51,N,0
41.52859,1.80436,295.69,0.41,0.37,2023-03-27,0142,N,VIIRS,n,2,280.73,0.24,N,2
43.07581,-4.65718,306.74,0.51,0.49,2023-03-27,0142,N,VIIRS,n,2,274.89,1.43,N,0
43.07486,-4.65756,305.24,0.51,0.49,2023-03-27,0142,N,VIIRS,n,2,274.68,1.69,N,0
43.09956,-4.61548,343.19,0.51,0.49,2023-03-27,0142,N,VIIRS,n,2,275.24,5.61,N,0
43.22346,-6.34519,295.79,0.62,0.54,2023-03-27,0142,N,VIIRS,n,2,274.89,1.25,N,0
43.19439,-5.71171,333.34,0.58,0.52,2023-03-27,0142,N,VIIRS,n,2,277.96,5.39,N,0
43.19488,-5.71929,327.14,0.58,0.52,2023-03-27,0142,N,VIIRS,n,2,276.58,5.39,N,0
43.19636,-4.67033,302.22,0.51,0.5,2023-03-27,0142,N,VIIRS,n,2,272.37,1.64,N,0
43.19679,-4.67586,341.08,0.51,0.5,2023-03-27,0142,N,VIIRS,n,2,275.09,7.42,N,0
43.20039,-4.6716,305.32,0.51,0.5,2023-03-27,0142,N,VIIRS,n,2,271.3,1.48,N,0
43.31505,-5.08781,308.84,0.54,0.51,2023-03-27,0142,N,VIIRS,n,2,278.19,2.32,N,0
43.31607,-5.08897,306.74,0.54,0.51,2023-03-27,0142,N,VIIRS,n,2,278.35,1.28,N,0
43.2704,-5.55521,303.53,0.57,0.52,2023-03-27,0142,N,VIIRS,n,2,276.37,1.56,N,0
43.03617,-2.21769,301.25,0.39,0.44,2023-03-27,0142,N,VIIRS,n,2,279.5,2.22,N,2
43.23649,-4.47464,310.3,0.5,0.49,2023-03-27,0142,N,VIIRS,n,2,276.9,2.17,N,0
43.23692,-4.48033,300.29,0.5,0.49,2023-03-27,0142,N,VIIRS,n,2,275.27,1.15,N,0
43.2317,-4.29525,295.59,0.49,0.49,2023-03-27,0142,N,VIIRS,n,2,276.21,1.21,N,0
43.24042,-4.40664,313.87,0.5,0.49,2023-03-27,0142,N,VIIRS,n,2,277,4.53,N,0
43.23989,-4.39991,336.97,0.5,0.49,2023-03-27,0142,N,VIIRS,n,2,277.79,4.73,N,0
43.24382,-4.39148,312.54,0.5,0.49,2023-03-27,0142,N,VIIRS,n,2,276.58,2.88,N,0
43.24438,-4.39873,321.06,0.5,0.49,2023-03-27,0142,N,VIIRS,n,2,277.14,2.88,N,0
43.24495,-4.40599,335.93,0.5,0.49,2023-03-27,0142,N,VIIRS,n,2,278.49,3.84,N,0
43.24106,-4.29831,328.08,0.49,0.49,2023-03-27,0142,N,VIIRS,n,2,277.72,4.26,N,0
43.31027,-5.08731,307.13,0.54,0.51,2023-03-27,0142,N,VIIRS,n,2,277.62,3.73,N,0
43.31074,-5.0938,332.65,0.54,0.51,2023-03-27,0142,N,VIIRS,n,2,279.18,3.73,N,0
40.24529,-3.47284,316.8,0.42,0.45,2023-03-27,0142,N,VIIRS,n,2,280.94,1.67,N,2
40.24575,-3.47781,298.96,0.42,0.45,2023-03-27,0142,N,VIIRS,n,2,279.83,1.67,N,2
40.05507,-0.5795,329.58,0.46,0.39,2023-03-27,0142,N,VIIRS,n,2,283.61,3.28,N,0
40.05571,-0.58483,323.25,0.46,0.39,2023-03-27,0142,N,VIIRS,n,2,281.87,3.28,N,0
40.05805,-0.57355,310.58,0.46,0.39,2023-03-27,0142,N,VIIRS,n,2,282.68,1.58,N,0
40.0587,-0.57892,354.95,0.46,0.39,2023-03-27,0142,N,VIIRS,n,2,287.54,8.08,N,0
40.05935,-0.58428,330.68,0.46,0.39,2023-03-27,0142,N,VIIRS,n,2,283.67,8.08,N,0
40.05777,-0.54057,305.25,0.46,0.39,2023-03-27,0142,N,VIIRS,n,2,283.57,0.98,N,0
40.07312,-0.57562,309.12,0.46,0.39,2023-03-27,0142,N,VIIRS,n,2,278.84,1.14,N,0
40.07227,-0.53809,303.12,0.46,0.39,2023-03-27,0142,N,VIIRS,n,2,283.94,1.19,N,0
40.0765,-0.54243,300.8,0.46,0.39,2023-03-27,0142,N,VIIRS,n,2,283.94,5.14,N,0
40.08011,-0.54171,353.12,0.46,0.39,2023-03-27,0142,N,VIIRS,n,2,290.34,5.14,N,0
37.56726,-0.91918,299.39,0.45,0.39,2023-03-27,0143,N,VIIRS,n,2,289.06,0.5,N,2
36.96474,-1.90369,306.16,0.49,0.4,2023-03-27,0143,N,VIIRS,n,2,287.31,1.15,N,2
37.57085,-0.91867,302.87,0.45,0.39,2023-03-27,0143,N,VIIRS,n,2,289.49,1.13,N,2
38.37694,-0.54246,304.78,0.44,0.39,2023-03-27,0143,N,VIIRS,n,2,288.78,0.91,N,2
38.66478,-4.05174,303.79,0.43,0.46,2023-03-27,0143,N,VIIRS,n,2,267.79,0.91,N,2
39.9344,-3.74417,298.71,0.42,0.46,2023-03-27,0143,N,VIIRS,n,2,278.83,0.81,N,2
43.24644,-4.40138,313.2,0.52,0.67,2023-03-27,0322,N,VIIRS,n,2,275.59,2.36,N,0
43.24046,-4.40409,324.54,0.52,0.67,2023-03-27,0322,N,VIIRS,n,2,276.68,2.36,N,0
43.23883,-4.3989,309.83,0.52,0.67,2023-03-27,0322,N,VIIRS,n,2,275.93,2.36,N,0
43.23605,-4.47678,298.18,0.52,0.67,2023-03-27,0322,N,VIIRS,n,2,274.92,0.72,N,0
43.20257,-4.69254,300.55,0.51,0.66,2023-03-27,0322,N,VIIRS,n,2,267.8,2.28,N,0
43.19433,-4.66668,310.36,0.51,0.66,2023-03-27,0322,N,VIIRS,n,2,272.39,2.29,N,0
43.20246,-4.69138,305.17,0.51,0.66,2023-03-27,0322,N,VIIRS,n,2,267.62,1.67,N,0
43.22627,-6.34434,301.32,0.43,0.62,2023-03-27,0322,N,VIIRS,n,2,274.2,2.35,N,0
43.19452,-4.66582,308.12,0.51,0.66,2023-03-27,0322,N,VIIRS,n,2,271.67,1.67,N,0
43.09743,-4.61591,299.83,0.52,0.67,2023-03-27,0322,N,VIIRS,n,2,271.36,0.71,N,0
43.09737,-4.61553,299.11,0.52,0.67,2023-03-27,0322,N,VIIRS,n,2,271.71,1.08,N,0
43.26968,-5.55768,299.96,0.46,0.64,2023-03-27,0322,N,VIIRS,n,2,274.73,0.81,N,0
43.27129,-5.55665,301.02,0.46,0.64,2023-03-27,0322,N,VIIRS,n,2,275.6,0.66,N,0
43.22128,-6.34854,329.53,0.43,0.62,2023-03-27,0322,N,VIIRS,n,2,273.25,2.35,N,0
43.22033,-6.34533,298.17,0.43,0.62,2023-03-27,0322,N,VIIRS,n,2,272.61,2.31,N,0
43.2525,-6.34168,302.89,0.43,0.62,2023-03-27,0322,N,VIIRS,n,2,272.82,1.05,N,0
43.24598,-4.40222,320.49,0.52,0.67,2023-03-27,0322,N,VIIRS,n,2,276.01,2.71,N,0
43.24148,-4.38819,328.91,0.52,0.67,2023-03-27,0322,N,VIIRS,n,2,276.05,3.1,N,0
43.24,-4.40495,318.24,0.52,0.67,2023-03-27,0322,N,VIIRS,n,2,276.27,3.59,N,0
43.23828,-4.39959,308.96,0.52,0.67,2023-03-27,0322,N,VIIRS,n,2,276.15,2.65,N,0
43.24199,-4.38726,329.75,0.52,0.67,2023-03-27,0322,N,VIIRS,n,2,275.97,5.14,N,0
43.18649,-5.46938,296.04,0.47,0.64,2023-03-27,0322,N,VIIRS,n,2,274.81,0.62,N,0
37.74054,-1.25936,336.67,0.38,0.36,2023-03-27,1304,N,VIIRS,l,2,307.77,2.25,D,0
37.34587,-6.31557,337.11,0.52,0.42,2023-03-27,1304,N,VIIRS,n,2,309.1,4.46,D,0
40.03969,-0.55357,367,0.39,0.36,2023-03-27,1305,N,VIIRS,h,2,313.34,21.31,D,0
40.04099,-0.5444,367,0.39,0.36,2023-03-27,1305,N,VIIRS,h,2,375.45,48.41,D,0
40.03829,-0.53912,367,0.39,0.36,2023-03-27,1305,N,VIIRS,l,2,360.26,200.25,D,0
40.03637,-0.55274,341.96,0.39,0.36,2023-03-27,1305,N,VIIRS,n,2,301.42,14.32,D,0
40.03893,-0.53458,337.32,0.39,0.36,2023-03-27,1305,N,VIIRS,n,2,292.7,200.25,D,0
40.03701,-0.54818,367,0.39,0.36,2023-03-27,1305,N,VIIRS,h,2,356.13,97.35,D,0
40.03765,-0.54365,367,0.39,0.36,2023-03-27,1305,N,VIIRS,h,2,349.18,97.35,D,0
40.03495,-0.53835,367,0.39,0.36,2023-03-27,1305,N,VIIRS,l,2,380.74,200.25,D,0
40.03559,-0.53383,367,0.39,0.36,2023-03-27,1305,N,VIIRS,l,2,329.97,200.25,D,0
40.03368,-0.54739,342.73,0.39,0.36,2023-03-27,1305,N,VIIRS,n,2,299.76,97.35,D,0
40.03432,-0.54286,367,0.39,0.36,2023-03-27,1305,N,VIIRS,h,2,347.24,97.35,D,0
40.03163,-0.53754,354.62,0.39,0.36,2023-03-27,1305,N,VIIRS,n,2,305,25.33,D,0
39.26278,-3.49408,337.84,0.4,0.37,2023-03-27,1305,N,VIIRS,n,2,310.1,1.51,D,0
39.41698,-0.43727,335.35,0.39,0.36,2023-03-27,1305,N,VIIRS,l,2,306.2,4,D,0
41.5982,-4.71388,336.4,0.41,0.37,2023-03-27,1305,N,VIIRS,n,2,299.35,3.36,D,0
41.93452,-0.80369,347.95,0.4,0.37,2023-03-27,1305,N,VIIRS,n,2,297,4.09,D,0
41.93184,-0.79807,349.88,0.4,0.37,2023-03-27,1305,N,VIIRS,n,2,296.69,3.54,D,0
41.92368,0.17977,342.66,0.42,0.37,2023-03-27,1305,N,VIIRS,n,2,303.59,5.18,D,2
40.5357,-6.49634,327.61,0.47,0.4,2023-03-27,1305,N,VIIRS,n,2,298.06,2.08,D,0
40.83237,-1.35544,331.27,0.39,0.36,2023-03-27,1305,N,VIIRS,n,2,302.03,2.16,D,0
40.24514,-3.47278,335.45,0.39,0.36,2023-03-27,1305,N,VIIRS,n,2,304.49,2.94,D,2
40.05639,-0.58155,341.08,0.39,0.36,2023-03-27,1305,N,VIIRS,l,2,311.42,23.97,D,0
40.05306,-0.58077,346.36,0.39,0.36,2023-03-27,1305,N,VIIRS,n,2,321.04,16.9,D,0
40.04909,-0.58456,341.07,0.39,0.36,2023-03-27,1305,N,VIIRS,n,2,309.92,26,D,0
40.04974,-0.57995,355,0.39,0.36,2023-03-27,1305,N,VIIRS,n,2,311.67,16.9,D,0
40.05039,-0.57534,351.79,0.39,0.36,2023-03-27,1305,N,VIIRS,n,2,309.65,16.9,D,0
40.04642,-0.57911,354.64,0.39,0.36,2023-03-27,1305,N,VIIRS,n,2,313.45,14.09,D,0
40.04707,-0.5745,353.32,0.39,0.36,2023-03-27,1305,N,VIIRS,n,2,307.25,14.09,D,0
40.04772,-0.56992,367,0.39,0.36,2023-03-27,1305,N,VIIRS,h,2,317.61,19.67,D,0
40.04568,-0.55991,353.25,0.39,0.36,2023-03-27,1305,N,VIIRS,n,2,311.57,9.39,D,0
40.04633,-0.55529,348.75,0.39,0.36,2023-03-27,1305,N,VIIRS,n,2,302.35,9.39,D,0
40.04375,-0.57366,367,0.39,0.36,2023-03-27,1305,N,VIIRS,h,2,310.92,14.09,D,0
40.0444,-0.56907,367,0.39,0.36,2023-03-27,1305,N,VIIRS,h,2,313.85,19.67,D,0
40.04504,-0.56449,367,0.39,0.36,2023-03-27,1305,N,VIIRS,h,2,320.35,19.67,D,0
40.04107,-0.56824,367,0.39,0.36,2023-03-27,1305,N,VIIRS,l,2,327.52,26.49,D,0
40.04301,-0.55441,350.37,0.39,0.36,2023-03-27,1305,N,VIIRS,l,2,327.66,21.31,D,0
40.04367,-0.54978,350.56,0.39,0.36,2023-03-27,1305,N,VIIRS,n,2,319.3,48.41,D,0
40.04432,-0.54516,353.15,0.39,0.36,2023-03-27,1305,N,VIIRS,n,2,309.39,48.41,D,0
40.04497,-0.54056,334.54,0.39,0.36,2023-03-27,1305,N,VIIRS,n,2,293.93,48.45,D,0
40.04172,-0.56365,367,0.39,0.36,2023-03-27,1305,N,VIIRS,h,2,311.98,26.49,D,0
40.04237,-0.55904,367,0.39,0.36,2023-03-27,1305,N,VIIRS,h,2,317.66,21.31,D,0
40.03839,-0.56282,354.38,0.39,0.36,2023-03-27,1305,N,VIIRS,l,2,329.57,26.49,D,0
40.04163,-0.53984,367,0.39,0.36,2023-03-27,1305,N,VIIRS,l,2,331.58,48.45,D,0
40.03774,-0.56743,333.79,0.39,0.36,2023-03-27,1305,N,VIIRS,n,2,302.68,26.49,D,0
40.04034,-0.54897,354.11,0.39,0.36,2023-03-27,1305,N,VIIRS,n,2,323.5,48.41,D,0
40.03904,-0.55819,367,0.39,0.36,2023-03-27,1305,N,VIIRS,h,2,321.34,21.31,D,0
43.45509,-5.85047,335.93,0.41,0.37,2023-03-27,1306,N,VIIRS,n,2,293.64,8.36,D,0
43.31607,-5.0928,329.25,0.4,0.37,2023-03-27,1306,N,VIIRS,n,2,289.32,2.2,D,0
43.12458,-4.28371,332.93,0.39,0.36,2023-03-27,1306,N,VIIRS,n,2,295.23,6.21,D,0
43.13803,-3.96991,338.61,0.39,0.36,2023-03-27,1306,N,VIIRS,n,2,291.99,3.31,D,0
43.13474,-3.96892,334.09,0.39,0.36,2023-03-27,1306,N,VIIRS,n,2,296.03,3.31,D,0
42.22472,-5.5902,331.03,0.42,0.38,2023-03-27,1306,N,VIIRS,n,2,297.82,2.77,D,0
43.53981,-5.82928,332.84,0.41,0.37,2023-03-27,1306,N,VIIRS,n,2,297.88,5.26,D,2
43.52552,-5.73634,334.88,0.41,0.37,2023-03-27,1306,N,VIIRS,n,2,297.8,7.21,D,2
43.26878,-5.76581,337.82,0.41,0.37,2023-03-27,1306,N,VIIRS,n,2,294.55,4.43,D,0
43.5407,-5.83203,330.03,0.41,0.37,2023-03-27,1306,N,VIIRS,l,2,301.11,3.73,D,2
43.31689,-5.08803,325.97,0.4,0.37,2023-03-27,1306,N,VIIRS,n,2,291.02,2.67,D,0
43.107,-5.5628,332.8,0.41,0.37,2023-03-27,1306,N,VIIRS,n,2,300.5,4.8,D,0
43.2023,-4.66886,340.04,0.4,0.37,2023-03-27,1306,N,VIIRS,n,2,293.63,5.36,D,0
43.2031,-4.66416,333.21,0.4,0.37,2023-03-27,1306,N,VIIRS,n,2,289.43,4.07,D,0
43.23341,-4.48422,330.9,0.39,0.36,2023-03-27,1306,N,VIIRS,n,2,292.55,2.99,D,0
43.24771,-4.39875,338.47,0.39,0.36,2023-03-27,1306,N,VIIRS,n,2,291.54,2.81,D,0
43.19888,-4.66842,344.78,0.4,0.37,2023-03-27,1306,N,VIIRS,n,2,301.92,6.76,D,0
43.1997,-4.66356,330.82,0.4,0.37,2023-03-27,1306,N,VIIRS,n,2,295.17,4.72,D,0
43.03741,-2.2189,297.95,0.33,0.56,2023-03-28,0123,N,VIIRS,n,2,278.79,0.62,N,2
43.04208,-2.21941,298.77,0.33,0.56,2023-03-28,0123,N,VIIRS,n,2,276.66,1.01,N,2
43.41328,-6.58456,295.69,0.56,0.68,2023-03-28,0123,N,VIIRS,n,2,274.34,1.56,N,0
43.53585,-5.83386,296.04,0.51,0.66,2023-03-28,0123,N,VIIRS,n,2,278.63,0.96,N,0
43.52738,-5.73085,302.52,0.5,0.66,2023-03-28,0123,N,VIIRS,n,2,279.76,1.31,N,2
43.41364,-6.58703,297.32,0.56,0.69,2023-03-28,0123,N,VIIRS,n,2,274.7,1.45,N,0
43.54207,-5.83366,304.09,0.51,0.66,2023-03-28,0123,N,VIIRS,n,2,280.32,1.27,N,2
40.04649,-0.58906,348.15,0.51,0.5,2023-03-28,0124,N,VIIRS,n,2,282.13,4.35,N,0
40.04557,-0.57772,295.76,0.51,0.5,2023-03-28,0124,N,VIIRS,n,2,277.38,3.48,N,0
40.04695,-0.59483,298.2,0.51,0.5,2023-03-28,0124,N,VIIRS,n,2,276.43,4.35,N,0
40.24247,-3.47387,305.12,0.37,0.58,2023-03-28,0124,N,VIIRS,n,2,278.56,1.49,N,2
40.24271,-3.4783,304.57,0.37,0.58,2023-03-28,0124,N,VIIRS,n,2,278.13,1.49,N,2
40.04118,-0.52351,337.62,0.51,0.49,2023-03-28,0124,N,VIIRS,n,2,280.14,4.63,N,0
40.04602,-0.58336,333.17,0.51,0.5,2023-03-28,0124,N,VIIRS,n,2,281.81,3.48,N,0
40.04637,-0.53044,305.68,0.51,0.49,2023-03-28,0124,N,VIIRS,n,2,276.95,2.27,N,0
40.05154,-0.59408,313.69,0.51,0.5,2023-03-28,0124,N,VIIRS,n,2,279.38,4.35,N,0
40.05616,-0.59369,311.94,0.51,0.5,2023-03-28,0124,N,VIIRS,n,2,279.85,5.62,N,0
40.05664,-0.59968,305,0.51,0.5,2023-03-28,0124,N,VIIRS,n,2,277.93,5.44,N,0
40.06032,-0.58774,336.97,0.51,0.5,2023-03-28,0124,N,VIIRS,n,2,280.28,5.62,N,0
40.06081,-0.5937,343.26,0.51,0.5,2023-03-28,0124,N,VIIRS,n,2,281.91,5.62,N,0
40.06129,-0.59967,340.9,0.51,0.5,2023-03-28,0124,N,VIIRS,n,2,282.08,5.44,N,0
40.04172,-0.53017,299.22,0.51,0.49,2023-03-28,0124,N,VIIRS,n,2,278.55,2.27,N,0
40.04144,-0.58416,327.35,0.51,0.5,2023-03-28,0124,N,VIIRS,n,2,275.85,4.84,N,0
40.03654,-0.52352,322.81,0.51,0.49,2023-03-28,0124,N,VIIRS,n,2,278.51,3.04,N,0
40.03707,-0.53,310.59,0.51,0.49,2023-03-28,0124,N,VIIRS,n,2,279.11,2.96,N,0
39.95275,-0.00486,295.87,0.48,0.48,2023-03-28,0124,N,VIIRS,n,2,285.46,1.1,N,2
39.93771,-3.74546,296.28,0.38,0.58,2023-03-28,0124,N,VIIRS,n,2,278.12,0.6,N,2
38.37557,-0.54433,300.3,0.49,0.49,2023-03-28,0124,N,VIIRS,n,2,283.36,0.91,N,2
36.96743,-1.90632,301.11,0.56,0.52,2023-03-28,0124,N,VIIRS,n,2,285.54,1.43,N,2
36.1879,-5.85301,305.03,0.46,0.63,2023-03-28,0125,N,VIIRS,n,2,284.84,0.83,N,0
43.52328,-5.73535,297.29,0.54,0.51,2023-03-28,0303,N,VIIRS,n,2,281.37,1.2,N,2
41.30936,1.66198,296.07,0.69,0.74,2023-03-28,0303,N,VIIRS,n,2,278.29,1.74,N,2
43.14115,-5.56414,300.24,0.56,0.52,2023-03-28,0303,N,VIIRS,n,2,280.3,1.51,N,0
41.65393,-0.79693,295.89,0.52,0.67,2023-03-28,0303,N,VIIRS,n,2,276.13,1.27,N,0
43.11109,-6.43082,338.16,0.51,0.49,2023-03-28,0303,N,VIIRS,n,2,275.95,5.96,N,0
43.11044,-6.43124,341.98,0.51,0.49,2023-03-28,0303,N,VIIRS,n,2,276.63,6.22,N,0
43.10637,-6.43145,337.58,0.51,0.49,2023-03-28,0303,N,VIIRS,n,2,271.3,5.96,N,0
43.23259,-4.30027,295.81,0.32,0.55,2023-03-28,0303,N,VIIRS,n,2,277.74,0.58,N,0
43.10574,-6.43188,322.89,0.51,0.49,2023-03-28,0303,N,VIIRS,n,2,271.12,1.28,N,0
43.41541,-5.11789,295.67,0.58,0.52,2023-03-28,0303,N,VIIRS,n,2,278.12,1.3,N,0
43.23143,-4.29592,299.72,0.32,0.55,2023-03-28,0303,N,VIIRS,n,2,275.9,0.58,N,0
40.06116,-0.59124,339.06,0.59,0.7,2023-03-28,0304,N,VIIRS,n,2,278.63,3.72,N,0
40.06329,-0.59795,305.27,0.59,0.7,2023-03-28,0304,N,VIIRS,n,2,275.67,4.09,N,0
40.05907,-0.58461,300.83,0.59,0.7,2023-03-28,0304,N,VIIRS,n,2,277.24,3.72,N,0
38.37641,-0.5437,296,0.66,0.73,2023-03-28,0304,N,VIIRS,n,2,281.11,0.94,N,2
40.24669,-3.47524,309.3,0.42,0.61,2023-03-28,0304,N,VIIRS,n,2,277.59,1.59,N,2
40.04494,-0.58492,333.06,0.59,0.7,2023-03-28,0304,N,VIIRS,n,2,279.08,8.31,N,0
40.04739,-0.59265,346.6,0.59,0.7,2023-03-28,0304,N,VIIRS,n,2,280.34,14.25,N,0
40.03971,-0.52341,303.01,0.6,0.7,2023-03-28,0304,N,VIIRS,n,2,276.42,1.69,N,0
40.04143,-0.52883,296.46,0.59,0.7,2023-03-28,0304,N,VIIRS,n,2,276.91,1.82,N,0
37.36485,-5.93949,323.22,0.38,0.59,2023-03-28,0305,N,VIIRS,n,2,281.43,1.73,N,0
37.60017,-5.87485,310.46,0.38,0.58,2023-03-28,0305,N,VIIRS,n,2,281.57,0.92,N,0
37.35885,-5.86566,299.78,0.38,0.59,2023-03-28,0305,N,VIIRS,n,2,285.32,0.72,N,2
37.56942,-0.91455,332.56,0.49,0.4,2023-03-28,1245,N,VIIRS,n,2,297.15,4.96,D,2
41.52387,-1.33901,340.21,0.44,0.39,2023-03-28,1246,N,VIIRS,n,2,301.46,15.98,D,0
41.65166,0.72792,333.16,0.39,0.37,2023-03-28,1246,N,VIIRS,n,2,301.36,2.21,D,0
40.3165,-5.75652,330,0.48,0.48,2023-03-28,1246,N,VIIRS,n,2,283.22,22.67,D,0
40.31501,-5.76294,340.85,0.48,0.48,2023-03-28,1246,N,VIIRS,n,2,288.72,22.67,D,0
40.13465,-4.09144,342.21,0.4,0.44,2023-03-28,1246,N,VIIRS,n,2,305.94,4.86,D,0
39.06215,-5.66622,332.51,0.51,0.49,2023-03-28,1246,N,VIIRS,n,2,302.38,3.41,D,0
40.31106,-5.75982,333.92,0.48,0.48,2023-03-28,1246,N,VIIRS,n,2,287.77,22.67,D,0
40.13367,-4.09603,339.82,0.4,0.44,2023-03-28,1246,N,VIIRS,n,2,306.58,4.86,D,0
40.34029,-3.80761,336.9,0.39,0.44,2023-03-28,1246,N,VIIRS,n,2,302.13,1.97,D,0
40.31257,-5.75333,351.06,0.48,0.48,2023-03-28,1246,N,VIIRS,n,2,302.26,22.67,D,0
43.42019,-5.12011,332.02,0.57,0.43,2023-03-28,1247,N,VIIRS,n,2,291.14,6.7,D,0
43.41869,-5.12695,327.61,0.57,0.43,2023-03-28,1247,N,VIIRS,n,2,292.86,5.04,D,0
43.0942,-3.8788,328.13,0.52,0.41,2023-03-28,1247,N,VIIRS,n,2,296.87,3.08,D,0
43.0927,-3.88589,325.05,0.52,0.41,2023-03-28,1247,N,VIIRS,n,2,296.35,3.08,D,0
43.32031,-3.60658,348.16,0.5,0.41,2023-03-28,1247,N,VIIRS,n,2,298.85,8.2,D,0
43.09032,-3.88362,331.28,0.52,0.41,2023-03-28,1247,N,VIIRS,n,2,296.13,2.06,D,0
42.2016,-6.89275,326.26,0.49,0.49,2023-03-28,1247,N,VIIRS,n,2,292.93,3.16,D,0
42.86701,-2.67153,338.58,0.47,0.4,2023-03-28,1247,N,VIIRS,n,2,299.55,4.46,D,0
42.86345,-2.67023,337.69,0.47,0.4,2023-03-28,1247,N,VIIRS,n,2,302.26,4.46,D,0
41.84225,-1.22449,329.92,0.44,0.38,2023-03-28,1247,N,VIIRS,n,2,290.73,2.72,D,0
43.04439,-5.58388,350.64,0.41,0.45,2023-03-28,1247,N,VIIRS,n,2,288.45,22.78,D,0
43.41612,-5.11939,347.38,0.57,0.43,2023-03-28,1247,N,VIIRS,n,2,299.1,6.7,D,0
43.41465,-5.1261,341.37,0.57,0.43,2023-03-28,1247,N,VIIRS,n,2,298.11,5.04,D,0
40.31,-5.75246,343.46,0.67,0.74,2023-03-28,1427,N,VIIRS,n,2,297.01,40.48,D,0
40.31005,-5.74649,367,0.67,0.74,2023-03-28,1427,N,VIIRS,h,2,296.36,68.66,D,0
40.31694,-5.74963,349.74,0.67,0.74,2023-03-28,1427,N,VIIRS,n,2,284.62,40.48,D,0
40.31701,-5.74345,358.23,0.67,0.74,2023-03-28,1427,N,VIIRS,l,2,284.98,68.66,D,0
40.30994,-5.75824,330.38,0.67,0.74,2023-03-28,1427,N,VIIRS,n,2,290.48,40.48,D,0
40.31683,-5.76127,358.32,0.67,0.74,2023-03-28,1427,N,VIIRS,l,2,289.54,23.05,D,0
41.45296,1.97911,297.83,0.34,0.56,2023-03-29,0104,N,VIIRS,n,2,281.68,0.6,N,2
43.3474,-4.21351,295.86,0.73,0.76,2023-03-29,0104,N,VIIRS,n,2,281.03,2.63,N,0
41.31236,1.66112,308.42,0.36,0.57,2023-03-29,0104,N,VIIRS,n,2,282.62,1.15,N,2
43.29796,-4.85899,300.63,0.78,0.78,2023-03-29,0104,N,VIIRS,n,2,280.74,3.82,N,0
43.03808,-2.218,299.45,0.58,0.7,2023-03-29,0104,N,VIIRS,n,2,282.93,0.76,N,2
43.30596,-3.02384,297.81,0.64,0.72,2023-03-29,0104,N,VIIRS,n,2,282.83,0.96,N,2
43.30742,-3.02628,302.28,0.64,0.72,2023-03-29,0104,N,VIIRS,n,2,282.56,1.91,N,2
43.29769,-4.86294,302.39,0.78,0.78,2023-03-29,0104,N,VIIRS,n,2,280.37,4.02,N,0
43.3446,-4.219,303.28,0.73,0.76,2023-03-29,0104,N,VIIRS,n,2,280.74,3.32,N,0
43.03154,-2.21795,295.25,0.58,0.7,2023-03-29,0104,N,VIIRS,n,2,281.37,0.62,N,0
43.21566,-4.26841,295.39,0.73,0.76,2023-03-29,0104,N,VIIRS,n,2,272.75,2.47,N,0
43.22387,-2.87841,299.86,0.63,0.72,2023-03-29,0104,N,VIIRS,n,2,284.88,0.57,N,2
43.29068,-4.85296,326.9,0.78,0.78,2023-03-29,0104,N,VIIRS,n,2,280.09,3.82,N,0
43.22232,-2.88218,298.43,0.63,0.72,2023-03-29,0104,N,VIIRS,n,2,284.3,1.06,N,0
43.29045,-4.85601,320.73,0.78,0.78,2023-03-29,0104,N,VIIRS,n,2,279.94,4.02,N,0
40.24197,-3.47775,313,0.65,0.73,2023-03-29,0105,N,VIIRS,n,2,282,2.26,N,2
37.56701,-0.91798,297.04,0.46,0.63,2023-03-29,0105,N,VIIRS,n,2,282.61,0.43,N,2
37.56987,-0.91888,301.2,0.46,0.63,2023-03-29,0105,N,VIIRS,n,2,283.91,1.37,N,2
40.24123,-3.47968,304.4,0.65,0.73,2023-03-29,0105,N,VIIRS,n,2,281.14,1.67,N,2
36.9653,-1.90662,297.19,0.51,0.66,2023-03-29,0106,N,VIIRS,n,2,284.88,0.71,N,2
43.21435,-4.26507,298.1,0.39,0.44,2023-03-29,0244,N,VIIRS,n,2,266.77,1.32,N,0
43.03298,-2.22291,296.13,0.48,0.48,2023-03-29,0244,N,VIIRS,n,2,281.45,0.78,N,2
43.0372,-2.22075,306.43,0.48,0.48,2023-03-29,0244,N,VIIRS,n,2,282.21,0.99,N,2
43.0355,-2.21942,308.16,0.48,0.48,2023-03-29,0244,N,VIIRS,n,2,281.28,1.91,N,2
43.22287,-2.88082,298.13,0.45,0.47,2023-03-29,0244,N,VIIRS,n,2,287.18,0.98,N,0
43.30646,-3.02427,315.52,0.44,0.46,2023-03-29,0244,N,VIIRS,n,2,288.65,1.03,N,2
43.24047,-2.29165,298.3,0.47,0.48,2023-03-29,0244,N,VIIRS,n,2,279.03,1.44,N,0
43.18216,-3.66601,297.34,0.41,0.45,2023-03-29,0244,N,VIIRS,n,2,279.08,0.37,N,0
43.179,-3.67138,313.86,0.41,0.45,2023-03-29,0244,N,VIIRS,n,2,281.73,1.41,N,0
43.17485,-3.67238,295.88,0.41,0.45,2023-03-29,0244,N,VIIRS,n,2,281.09,1.41,N,0
43.1739,-3.66822,300.47,0.41,0.45,2023-03-29,0244,N,VIIRS,n,2,280.53,1.01,N,0
43.17042,-3.71033,323.89,0.41,0.45,2023-03-29,0244,N,VIIRS,n,2,283.49,2.06,N,0
43.17134,-3.71434,298.58,0.41,0.45,2023-03-29,0244,N,VIIRS,n,2,282.66,2.91,N,0
43.1695,-3.70633,305.35,0.41,0.45,2023-03-29,0244,N,VIIRS,n,2,280.66,2.06,N,0
43.16738,-3.71616,338.1,0.41,0.45,2023-03-29,0244,N,VIIRS,n,2,285.75,2.91,N,0
43.16644,-3.71205,315.41,0.41,0.45,2023-03-29,0244,N,VIIRS,n,2,282.7,2.06,N,0
43.16349,-3.71826,320.67,0.41,0.45,2023-03-29,0244,N,VIIRS,n,2,282.27,1.54,N,0
43.1615,-3.7096,323.74,0.41,0.45,2023-03-29,0244,N,VIIRS,n,2,281.9,1.9,N,0
43.16445,-3.72246,298.23,0.41,0.45,2023-03-29,0244,N,VIIRS,n,2,282.11,1.54,N,0
43.16249,-3.71393,295.75,0.41,0.45,2023-03-29,0244,N,VIIRS,n,2,281.05,1.9,N,0
43.1605,-3.70527,306.36,0.41,0.45,2023-03-29,0244,N,VIIRS,n,2,278.34,1.19,N,0
43.15947,-3.71982,312.14,0.41,0.45,2023-03-29,0244,N,VIIRS,n,2,281.58,1.54,N,0
43.16259,-3.70609,321.69,0.41,0.45,2023-03-29,0244,N,VIIRS,n,2,280.46,1.54,N,0
43.16542,-3.71863,316.57,0.41,0.45,2023-03-29,0244,N,VIIRS,n,2,283.08,1.74,N,0
43.16448,-3.71446,311.94,0.41,0.45,2023-03-29,0244,N,VIIRS,n,2,282.74,1.74,N,0
43.16148,-3.72059,323.29,0.41,0.45,2023-03-29,0244,N,VIIRS,n,2,282.62,1.74,N,0
43.15946,-3.71159,311.73,0.41,0.45,2023-03-29,0244,N,VIIRS,n,2,281.31,1.54,N,0
43.15842,-3.70699,298.03,0.41,0.45,2023-03-29,0244,N,VIIRS,n,2,279.25,1.54,N,0
43.26804,-4.35429,303.4,0.38,0.43,2023-03-29,0244,N,VIIRS,n,2,269.45,0.44,N,0
43.26268,-4.32993,307.06,0.38,0.44,2023-03-29,0244,N,VIIRS,n,2,270.16,1.47,N,0
43.26171,-4.32554,313.18,0.38,0.44,2023-03-29,0244,N,VIIRS,n,2,270.57,1.47,N,0
43.27613,-4.41028,295.24,0.57,0.43,2023-03-29,0244,N,VIIRS,n,2,271.64,0.82,N,0
43.26387,-4.35456,298.32,0.38,0.43,2023-03-29,0244,N,VIIRS,n,2,268.68,0.61,N,0
43.21807,-4.26264,295.14,0.39,0.44,2023-03-29,0244,N,VIIRS,n,2,266.56,1.32,N,0
43.21534,-4.26954,328.24,0.39,0.44,2023-03-29,0244,N,VIIRS,n,2,269.08,1.32,N,0
43.21059,-4.26727,341.87,0.39,0.44,2023-03-29,0244,N,VIIRS,n,2,270.61,3.81,N,0
43.20961,-4.26289,298.17,0.39,0.44,2023-03-29,0244,N,VIIRS,n,2,267.78,2.17,N,0
43.20681,-4.26941,320.84,0.39,0.44,2023-03-29,0244,N,VIIRS,n,2,269.39,3.81,N,0
43.20584,-4.26508,332.09,0.39,0.44,2023-03-29,0244,N,VIIRS,n,2,271.75,2.17,N,0
43.18303,-3.66982,295.29,0.41,0.45,2023-03-29,0244,N,VIIRS,n,2,279.29,0.78,N,0
43.34385,-4.21124,296.6,0.39,0.44,2023-03-29,0244,N,VIIRS,n,2,278.85,1.85,N,0
43.34494,-4.21616,328.66,0.39,0.44,2023-03-29,0244,N,VIIRS,n,2,278.73,1.85,N,0
40.30641,-5.75241,345.07,0.38,0.43,2023-03-29,0245,N,VIIRS,n,2,280.53,6.51,N,0
40.31576,-5.75681,342.18,0.38,0.43,2023-03-29,0245,N,VIIRS,n,2,299.18,50.23,N,0
40.31784,-5.74706,295.35,0.38,0.43,2023-03-29,0245,N,VIIRS,n,2,278.12,0.95,N,0
43.14405,-4.37249,312.16,0.39,0.44,2023-03-29,0245,N,VIIRS,n,2,281.23,2.15,N,0
43.14316,-4.36847,311.01,0.39,0.44,2023-03-29,0245,N,VIIRS,n,2,280.42,1.52,N,0
43.19536,-4.66299,303.33,0.56,0.43,2023-03-29,0245,N,VIIRS,n,2,274,1.54,N,0
43.19278,-4.67028,311.63,0.56,0.43,2023-03-29,0245,N,VIIRS,n,2,274.41,1.54,N,0
43.1913,-4.66352,295.37,0.56,0.43,2023-03-29,0245,N,VIIRS,n,2,269.67,1.54,N,0
43.24702,-5.17246,303.64,0.53,0.42,2023-03-29,0245,N,VIIRS,n,2,276.47,1.55,N,0
43.24335,-5.17431,332.12,0.53,0.42,2023-03-29,0245,N,VIIRS,n,2,279.67,3.76,N,0
43.242,-5.16794,316.89,0.53,0.42,2023-03-29,0245,N,VIIRS,n,2,278.78,4.55,N,0
43.2396,-5.1758,305.97,0.53,0.42,2023-03-29,0245,N,VIIRS,n,2,280.3,3.76,N,0
41.31441,1.6607,301.21,0.41,0.61,2023-03-29,0245,N,VIIRS,n,2,281.75,1.66,N,2
41.31311,1.66524,298.01,0.41,0.61,2023-03-29,0245,N,VIIRS,n,2,281.74,1.21,N,2
40.30557,-5.74854,342.78,0.38,0.43,2023-03-29,0245,N,VIIRS,n,2,277.96,6.51,N,0
40.30473,-5.74467,317.22,0.38,0.43,2023-03-29,0245,N,VIIRS,n,2,275.48,3.36,N,0
43.06055,-5.57039,344.48,0.52,0.41,2023-03-29,0245,N,VIIRS,n,2,264.06,13.04,N,0
43.05701,-5.57262,343.05,0.52,0.41,2023-03-29,0245,N,VIIRS,n,2,265.46,12.78,N,0
43.05569,-5.56633,332.82,0.52,0.41,2023-03-29,0245,N,VIIRS,n,2,265.84,12.78,N,0
43.10015,-6.56114,307.51,0.47,0.4,2023-03-29,0245,N,VIIRS,n,2,261.62,1.28,N,0
43.09706,-6.56334,303.89,0.47,0.4,2023-03-29,0245,N,VIIRS,n,2,255.92,1.31,N,0
43.09579,-6.55694,314.95,0.47,0.4,2023-03-29,0245,N,VIIRS,n,2,261.43,1.74,N,0
43.34701,-8.43688,296.4,0.41,0.37,2023-03-29,0245,N,VIIRS,n,2,283.02,0.46,N,2
42.25126,-6.68282,324.01,0.48,0.4,2023-03-29,0245,N,VIIRS,n,2,278.96,3.04,N,0
42.25005,-6.67688,341.31,0.48,0.4,2023-03-29,0245,N,VIIRS,n,2,281.45,6.72,N,0
42.2465,-6.67848,325.18,0.48,0.4,2023-03-29,0245,N,VIIRS,n,2,277.52,6.72,N,0
42.24773,-6.68448,317.97,0.48,0.4,2023-03-29,0245,N,VIIRS,n,2,277.92,3.04,N,0
42.24295,-6.68005,302.42,0.48,0.4,2023-03-29,0245,N,VIIRS,n,2,276.5,1.2,N,0
42.24918,-6.68474,327.9,0.48,0.4,2023-03-29,0245,N,VIIRS,n,2,279.13,4.93,N,0
42.24799,-6.67876,340.96,0.48,0.4,2023-03-29,0245,N,VIIRS,n,2,279.1,4.93,N,0
42.24444,-6.68036,313.86,0.48,0.4,2023-03-29,0245,N,VIIRS,n,2,276.65,4.93,N,0
40.24474,-3.47699,316,0.49,0.49,2023-03-29,0245,N,VIIRS,n,2,284.28,2.57,N,2
39.93556,-3.74296,296.48,0.49,0.48,2023-03-29,0245,N,VIIRS,n,2,280.58,1.34,N,2
39.93784,-3.74413,297.28,0.49,0.48,2023-03-29,0245,N,VIIRS,n,2,280.4,0.8,N,2
40.31954,-5.75491,340.76,0.38,0.43,2023-03-29,0245,N,VIIRS,n,2,296.68,33.22,N,0
40.31869,-5.75098,323.43,0.38,0.43,2023-03-29,0245,N,VIIRS,n,2,279.14,33.22,N,0
40.30727,-5.75632,323.97,0.38,0.43,2023-03-29,0245,N,VIIRS,n,2,278.52,6.44,N,0
40.31195,-5.75857,296.77,0.38,0.43,2023-03-29,0245,N,VIIRS,n,2,277.61,50.23,N,0
40.3086,-5.74316,335.82,0.38,0.43,2023-03-29,0245,N,VIIRS,n,2,275.99,4.72,N,0
40.30944,-5.74707,337.05,0.38,0.43,2023-03-29,0245,N,VIIRS,n,2,276.86,7,N,0
40.31114,-5.75484,351.94,0.38,0.43,2023-03-29,0245,N,VIIRS,n,2,277.51,50.23,N,0
40.31495,-5.75308,334.18,0.38,0.43,2023-03-29,0245,N,VIIRS,n,2,292.8,50.23,N,0
38.32124,-6.71598,305.55,0.57,0.43,2023-03-29,0246,N,VIIRS,n,2,280.87,1.26,N,0
36.96563,-1.9066,300.64,0.36,0.57,2023-03-29,0246,N,VIIRS,n,2,280.87,0.68,N,2
38.37559,-0.5441,306.72,0.38,0.59,2023-03-29,0246,N,VIIRS,n,2,283.01,1.01,N,2
37.36426,-5.9378,299.25,0.43,0.46,2023-03-29,0246,N,VIIRS,n,2,280.42,0.65,N,0
41.9155,-0.30171,338.63,0.41,0.45,2023-03-29,1228,N,VIIRS,n,2,296.93,3.96,D,0
43.10129,-6.56286,335.68,0.38,0.58,2023-03-29,1228,N,VIIRS,n,2,276.62,5.69,D,0
43.64037,-7.62615,367,0.41,0.6,2023-03-29,1229,N,VIIRS,h,2,299.17,31.51,D,0
43.64151,-7.62219,357.15,0.4,0.6,2023-03-29,1229,N,VIIRS,l,2,283.18,51.25,D,0
43.63358,-7.62857,332.3,0.41,0.6,2023-03-29,1229,N,VIIRS,n,2,284.49,19.85,D,0
43.6349,-7.62403,356.85,0.41,0.6,2023-03-29,1229,N,VIIRS,n,2,298.53,19.85,D,0
43.63614,-7.61978,358.12,0.4,0.6,2023-03-29,1229,N,VIIRS,l,2,284.49,31.45,D,0
43.63917,-7.63028,353.75,0.41,0.6,2023-03-29,1229,N,VIIRS,n,2,283.4,31.51,D,0
37.06191,-6.20077,342.37,0.33,0.56,2023-03-29,1407,N,VIIRS,n,2,302.65,2.4,D,0
37.52839,-1.95039,334.82,0.58,0.7,2023-03-29,1407,N,VIIRS,n,2,304.39,3.83,D,0
37.52961,-1.95134,336.16,0.58,0.69,2023-03-29,1407,N,VIIRS,n,2,304.43,3.61,D,0
40.16919,-6.97852,337.47,0.32,0.55,2023-03-29,1408,N,VIIRS,n,2,297.01,3.87,D,0
38.76238,-3.52848,339.43,0.48,0.65,2023-03-29,1408,N,VIIRS,n,2,303.66,3.62,D,0
40.9959,-5.84522,328.73,0.38,0.59,2023-03-29,1408,N,VIIRS,n,2,295.18,1.75,D,0
43.30264,-6.74542,341.36,0.35,0.57,2023-03-29,1409,N,VIIRS,n,2,277.06,3.53,D,0
43.30336,-6.6101,356.47,0.36,0.57,2023-03-29,1409,N,VIIRS,l,2,284.42,16.52,D,0
43.31014,-6.29714,331.87,0.37,0.58,2023-03-29,1409,N,VIIRS,n,2,283.76,4.84,D,0
43.31032,-6.29341,337.63,0.37,0.58,2023-03-29,1409,N,VIIRS,n,2,284.26,4.84,D,0
43.28382,-6.72923,357.18,0.36,0.57,2023-03-29,1409,N,VIIRS,l,2,287.75,11.07,D,0
43.2836,-6.7336,353.33,0.35,0.57,2023-03-29,1409,N,VIIRS,n,2,282.81,10.12,D,0
43.08261,-6.73551,332.69,0.35,0.57,2023-03-29,1409,N,VIIRS,n,2,268.6,4.33,D,0
43.08861,-6.72111,347.41,0.35,0.57,2023-03-29,1409,N,VIIRS,n,2,273.54,5.64,D,0
43.21582,-6.69749,343.36,0.36,0.57,2023-03-29,1409,N,VIIRS,n,2,282.65,5.04,D,0
43.29746,-6.74163,332.27,0.35,0.57,2023-03-29,1409,N,VIIRS,n,2,279.25,4.9,D,0
42.76365,-7.70813,326.86,0.63,0.54,2023-03-29,1409,N,VIIRS,n,2,277.27,8.66,D,0
43.1072,-6.54798,341.87,0.36,0.58,2023-03-29,1409,N,VIIRS,n,2,274.66,5.04,D,0
43.08467,-6.72253,330.02,0.35,0.57,2023-03-29,1409,N,VIIRS,n,2,267.3,5.1,D,0
43.10947,-6.55132,350.88,0.36,0.57,2023-03-29,1409,N,VIIRS,n,2,274.91,7.86,D,0
43.30564,-6.61439,325.91,0.36,0.57,2023-03-29,1409,N,VIIRS,n,2,281.69,7.5,D,0
43.30589,-6.60946,348.45,0.36,0.57,2023-03-29,1409,N,VIIRS,n,2,267.16,12.97,D,0
43.30056,-6.60856,357.17,0.36,0.57,2023-03-29,1409,N,VIIRS,l,2,286.48,12.97,D,0
43.28406,-6.7245,349.43,0.36,0.57,2023-03-29,1409,N,VIIRS,n,2,285.35,11.07,D,0
43.30001,-6.61956,334.97,0.36,0.57,2023-03-29,1409,N,VIIRS,n,2,284.79,7.5,D,0
43.3003,-6.61386,355.01,0.36,0.57,2023-03-29,1409,N,VIIRS,n,2,290.59,7.5,D,0
43.30082,-6.60329,330.29,0.36,0.57,2023-03-29,1409,N,VIIRS,n,2,272.44,12.97,D,0
43.28775,-6.75744,334.22,0.35,0.57,2023-03-29,1409,N,VIIRS,n,2,280.91,5.12,D,0
43.30313,-6.61527,348.88,0.36,0.57,2023-03-29,1409,N,VIIRS,n,2,287.96,16.52,D,0
43.29777,-6.61503,357.06,0.36,0.57,2023-03-29,1409,N,VIIRS,l,2,289.49,16.52,D,0
43.29751,-6.62103,336.65,0.36,0.57,2023-03-29,1409,N,VIIRS,n,2,283.49,10.1,D,0
43.21169,-6.61305,334.89,0.36,0.57,2023-03-29,1409,N,VIIRS,n,2,285.27,2.31,D,0
43.31076,-6.61955,348.03,0.36,0.57,2023-03-29,1409,N,VIIRS,n,2,281.07,4.4,D,0
43.30539,-6.6194,338,0.36,0.57,2023-03-29,1409,N,VIIRS,n,2,286.03,7.5,D,0
43.64007,-7.62379,367,0.32,0.55,2023-03-29,1409,N,VIIRS,h,2,299.83,7.98,D,0
43.63499,-7.62288,367,0.32,0.55,2023-03-29,1409,N,VIIRS,h,2,299.62,7.98,D,0
43.36345,-6.70351,341.42,0.36,0.57,2023-03-29,1409,N,VIIRS,n,2,284.39,4.37,D,0
43.30827,-6.62061,357.23,0.36,0.57,2023-03-29,1409,N,VIIRS,l,2,283.36,7.7,D,0
43.10649,-6.56368,330.12,0.36,0.57,2023-03-29,1409,N,VIIRS,n,2,277.4,2.68,D,0
43.29466,-6.61905,355.46,0.36,0.57,2023-03-29,1409,N,VIIRS,n,2,284.32,5.22,D,0
43.29494,-6.61336,343.87,0.36,0.57,2023-03-29,1409,N,VIIRS,n,2,283.58,5.22,D,0
42.28065,-6.69617,346.36,0.38,0.36,2023-03-30,0226,N,VIIRS,n,2,284.16,21.37,N,0
43.44123,-3.84677,298.62,0.41,0.37,2023-03-30,0226,N,VIIRS,n,2,284.53,0.7,N,2
43.03873,-2.22036,300.25,0.46,0.39,2023-03-30,0226,N,VIIRS,n,2,281.51,0.79,N,2
43.03521,-2.22169,320,0.46,0.39,2023-03-30,0226,N,VIIRS,n,2,282.04,2.3,N,2
43.21535,-3.67555,299.74,0.42,0.37,2023-03-30,0226,N,VIIRS,n,2,280.94,0.77,N,0
43.20918,-3.72016,303.18,0.41,0.37,2023-03-30,0226,N,VIIRS,n,2,279.67,0.76,N,0
43.20023,-3.67124,296.08,0.42,0.37,2023-03-30,0226,N,VIIRS,n,2,278.52,0.9,N,0
43.07439,-2.99607,299.2,0.43,0.38,2023-03-30,0226,N,VIIRS,n,2,283.22,0.62,N,0
43.19683,-3.67225,311.34,0.42,0.37,2023-03-30,0226,N,VIIRS,n,2,279.01,0.9,N,0
43.19342,-3.67321,297.38,0.42,0.37,2023-03-30,0226,N,VIIRS,n,2,280.16,0.86,N,0
43.19257,-3.66855,300.63,0.42,0.37,2023-03-30,0226,N,VIIRS,n,2,278.84,0.44,N,0
43.18999,-3.67405,304.1,0.42,0.37,2023-03-30,0226,N,VIIRS,n,2,280.75,0.86,N,0
43.18659,-3.67503,296.55,0.42,0.37,2023-03-30,0226,N,VIIRS,n,2,280.26,0.49,N,0
43.42255,-5.09011,322.51,0.39,0.36,2023-03-30,0226,N,VIIRS,n,2,282.73,1.22,N,0
43.27669,-4.25193,295.03,0.4,0.37,2023-03-30,0226,N,VIIRS,n,2,282.66,1.59,N,0
43.27513,-4.26295,349.65,0.4,0.37,2023-03-30,0226,N,VIIRS,n,2,290,6.4,N,0
43.27423,-4.25794,321.65,0.4,0.37,2023-03-30,0226,N,VIIRS,n,2,285.87,1.59,N,0
43.27332,-4.25284,323.41,0.4,0.37,2023-03-30,0226,N,VIIRS,n,2,284.28,1.59,N,0
43.54271,-5.83385,297.12,0.38,0.36,2023-03-30,0226,N,VIIRS,n,2,283.2,0.61,N,2
43.5258,-5.73014,299.43,0.39,0.36,2023-03-30,0226,N,VIIRS,n,2,283.55,1.06,N,2
43.42009,-5.09603,304.04,0.39,0.36,2023-03-30,0226,N,VIIRS,n,2,282.01,1.22,N,0
43.41927,-5.0912,305.57,0.39,0.36,2023-03-30,0226,N,VIIRS,n,2,281.9,1.22,N,0
43.53867,-5.83015,327.67,0.39,0.36,2023-03-30,0226,N,VIIRS,n,2,283.53,2.9,N,2
43.41678,-5.09697,301.54,0.39,0.36,2023-03-30,0226,N,VIIRS,n,2,281.58,0.85,N,0
43.21321,-3.99722,304.1,0.41,0.37,2023-03-30,0226,N,VIIRS,n,2,281.79,0.67,N,0
43.21234,-3.99242,297.5,0.41,0.37,2023-03-30,0226,N,VIIRS,n,2,283,0.67,N,0
43.20982,-3.99818,297.87,0.41,0.37,2023-03-30,0226,N,VIIRS,n,2,280.59,0.69,N,0
43.38659,-5.02163,307.27,0.39,0.36,2023-03-30,0226,N,VIIRS,n,2,282.56,0.91,N,0
43.37275,-4.94082,295.77,0.39,0.36,2023-03-30,0226,N,VIIRS,n,2,280.51,0.51,N,0
43.3596,-4.88464,297.51,0.39,0.36,2023-03-30,0226,N,VIIRS,n,2,280.18,0.88,N,0
43.17426,-3.84206,313.6,0.41,0.37,2023-03-30,0226,N,VIIRS,n,2,281.25,1.2,N,0
43.17176,-3.84797,325.1,0.41,0.37,2023-03-30,0226,N,VIIRS,n,2,282.47,2.72,N,0
43.3579,-4.89502,296.47,0.39,0.36,2023-03-30,0226,N,VIIRS,n,2,281.58,0.84,N,0
43.35709,-4.89031,305.37,0.39,0.36,2023-03-30,0226,N,VIIRS,n,2,282.04,0.84,N,0
43.35629,-4.88562,311.48,0.39,0.36,2023-03-30,0226,N,VIIRS,n,2,282.12,0.88,N,0
43.17083,-3.8429,317.79,0.41,0.37,2023-03-30,0226,N,VIIRS,n,2,282.3,1.2,N,0
43.17225,-3.84494,330.52,0.41,0.37,2023-03-30,0226,N,VIIRS,n,2,282.42,2.41,N,0
43.3668,-4.97558,329.54,0.39,0.36,2023-03-30,0226,N,VIIRS,n,2,282.6,2.83,N,0
43.16977,-3.85095,323.39,0.41,0.37,2023-03-30,0226,N,VIIRS,n,2,282.27,2.41,N,0
43.16887,-3.84599,326.42,0.41,0.37,2023-03-30,0226,N,VIIRS,n,2,282.99,2.41,N,0
43.26864,-4.40706,314.23,0.4,0.37,2023-03-30,0226,N,VIIRS,n,2,283.34,1.65,N,0
43.37317,-5.03349,307.48,0.39,0.36,2023-03-30,0226,N,VIIRS,n,2,281.52,1.57,N,0
43.37158,-5.02414,319.2,0.39,0.36,2023-03-30,0226,N,VIIRS,n,2,282.4,1.22,N,0
43.22917,-4.20307,303.5,0.4,0.37,2023-03-30,0226,N,VIIRS,n,2,280.63,0.66,N,0
43.22831,-4.1982,303.97,0.4,0.37,2023-03-30,0226,N,VIIRS,n,2,281.34,1.37,N,0
43.36987,-5.03448,323.96,0.39,0.36,2023-03-30,0226,N,VIIRS,n,2,282.4,1.57,N,0
43.2119,-4.12579,327.94,0.41,0.37,2023-03-30,0226,N,VIIRS,n,2,282.27,2.54,N,0
43.36827,-5.02507,306.45,0.39,0.36,2023-03-30,0226,N,VIIRS,n,2,281.51,1.22,N,0
43.22498,-4.19938,317.47,0.4,0.37,2023-03-30,0226,N,VIIRS,n,2,281.56,1.37,N,0
43.36496,-5.02602,316.87,0.39,0.36,2023-03-30,0226,N,VIIRS,n,2,280.93,1.52,N,0
43.2077,-4.1221,295.37,0.41,0.37,2023-03-30,0226,N,VIIRS,n,2,281.25,0.59,N,0
43.20529,-4.1285,312.33,0.41,0.37,2023-03-30,0226,N,VIIRS,n,2,281.28,1.69,N,0
43.20439,-4.12343,307.69,0.41,0.37,2023-03-30,0226,N,VIIRS,n,2,281.86,0.59,N,0
43.12159,-3.68418,323.34,0.42,0.37,2023-03-30,0226,N,VIIRS,n,2,281.14,2.72,N,0
43.36558,-5.09113,323.99,0.39,0.36,2023-03-30,0226,N,VIIRS,n,2,283.86,8.18,N,0
43.36477,-5.08632,348.82,0.39,0.36,2023-03-30,0226,N,VIIRS,n,2,291.1,8.18,N,0
43.36396,-5.08154,324.44,0.39,0.36,2023-03-30,0226,N,VIIRS,n,2,283.81,6.2,N,0
43.11819,-3.68517,328.68,0.42,0.37,2023-03-30,0226,N,VIIRS,n,2,280.08,2.72,N,0
43.39684,-5.2767,301.8,0.39,0.36,2023-03-30,0226,N,VIIRS,n,2,282.95,0.62,N,0
43.36229,-5.09215,349.8,0.39,0.36,2023-03-30,0226,N,VIIRS,n,2,287.06,5.53,N,0
43.36147,-5.08736,315.26,0.39,0.36,2023-03-30,0226,N,VIIRS,n,2,281.47,5.53,N,0
43.17067,-4.01429,326.84,0.41,0.37,2023-03-30,0226,N,VIIRS,n,2,284.24,2.39,N,0
43.17155,-4.01919,319.69,0.41,0.37,2023-03-30,0226,N,VIIRS,n,2,281.37,2.39,N,0
43.16732,-4.01538,330.38,0.41,0.37,2023-03-30,0226,N,VIIRS,n,2,283.72,4.17,N,0
43.15688,-3.97715,327.36,0.41,0.37,2023-03-30,0226,N,VIIRS,n,2,282.91,2.65,N,0
43.15266,-3.97349,320.39,0.41,0.37,2023-03-30,0226,N,VIIRS,n,2,282.76,1.85,N,0
43.15351,-3.97818,302.14,0.41,0.37,2023-03-30,0226,N,VIIRS,n,2,281.62,1.34,N,0
43.1122,-3.75045,299.06,0.41,0.37,2023-03-30,0226,N,VIIRS,n,2,282.13,1.63,N,0
43.11129,-3.74547,303.83,0.41,0.37,2023-03-30,0226,N,VIIRS,n,2,282.25,0.86,N,0
43.11039,-3.74054,303.54,0.41,0.37,2023-03-30,0226,N,VIIRS,n,2,283.09,0.86,N,0
43.1089,-3.752,326.09,0.41,0.37,2023-03-30,0226,N,VIIRS,n,2,283.16,1.63,N,0
43.108,-3.74707,295.74,0.41,0.37,2023-03-30,0226,N,VIIRS,n,2,280.7,0.86,N,0
43.10379,-3.74362,324.91,0.41,0.37,2023-03-30,0226,N,VIIRS,n,2,280.56,2.68,N,0
43.22484,-4.43798,308.4,0.4,0.37,2023-03-30,0226,N,VIIRS,n,2,280.86,0.91,N,0
43.22398,-4.43308,305.46,0.4,0.37,2023-03-30,0226,N,VIIRS,n,2,280.72,0.91,N,0
43.22068,-4.43429,319.24,0.4,0.37,2023-03-30,0226,N,VIIRS,n,2,279.44,1.21,N,0
43.29285,-4.86879,304.93,0.39,0.36,2023-03-30,0226,N,VIIRS,n,2,280.15,0.76,N,0
43.29203,-4.864,303.93,0.39,0.36,2023-03-30,0226,N,VIIRS,n,2,280.24,0.49,N,0
43.21822,-4.44032,308,0.4,0.37,2023-03-30,0226,N,VIIRS,n,2,277.68,1.21,N,0
43.45116,-5.83505,331.85,0.39,0.36,2023-03-30,0226,N,VIIRS,n,2,286.39,2.62,N,0
43.45192,-5.83977,295.36,0.39,0.36,2023-03-30,0226,N,VIIRS,n,2,282.65,2.62,N,0
43.44788,-5.83603,330.38,0.39,0.36,2023-03-30,0226,N,VIIRS,n,2,284.5,2.62,N,0
43.31069,-5.03379,311.51,0.39,0.36,2023-03-30,0226,N,VIIRS,n,2,280.64,1.08,N,0
43.279,-4.86914,327.19,0.39,0.36,2023-03-30,0226,N,VIIRS,n,2,280.36,2.29,N,0
43.25412,-4.7254,323.99,0.4,0.37,2023-03-30,0226,N,VIIRS,n,2,280.83,2.57,N,0
43.3074,-5.03486,306.71,0.39,0.36,2023-03-30,0226,N,VIIRS,n,2,280.57,1.08,N,0
43.3066,-5.03016,316.44,0.39,0.36,2023-03-30,0226,N,VIIRS,n,2,281.36,1.31,N,0
43.25497,-4.73029,304.16,0.4,0.37,2023-03-30,0226,N,VIIRS,n,2,278.49,1.27,N,0
43.25166,-4.73135,340.68,0.4,0.37,2023-03-30,0226,N,VIIRS,n,2,279.27,7.33,N,0
43.25082,-4.72653,345.52,0.4,0.37,2023-03-30,0226,N,VIIRS,n,2,283.69,10.46,N,0
43.25081,-4.74657,329.88,0.4,0.37,2023-03-30,0226,N,VIIRS,n,2,279.04,2.72,N,0
43.24916,-4.7371,330.18,0.4,0.37,2023-03-30,0226,N,VIIRS,n,2,280.82,7.33,N,0
43.24834,-4.73238,348.81,0.4,0.37,2023-03-30,0226,N,VIIRS,n,2,280.19,7.33,N,0
43.24752,-4.72762,342.77,0.4,0.37,2023-03-30,0226,N,VIIRS,n,2,281.33,10.46,N,0
43.174,-4.31,316.72,0.4,0.37,2023-03-30,0226,N,VIIRS,n,2,281.17,1.09,N,0
43.32018,-5.1712,345.39,0.39,0.36,2023-03-30,0226,N,VIIRS,n,2,289.85,11.59,N,0
43.33217,-5.24209,295.47,0.39,0.36,2023-03-30,0226,N,VIIRS,n,2,282.13,0.61,N,0
43.31934,-5.16626,310.61,0.39,0.36,2023-03-30,0226,N,VIIRS,n,2,289.31,12.28,N,0
43.31604,-5.16727,347.06,0.39,0.36,2023-03-30,0226,N,VIIRS,n,2,291.39,12.28,N,0
43.31689,-5.1722,308.49,0.39,0.36,2023-03-30,0226,N,VIIRS,n,2,282.9,11.59,N,0
43.16738,-4.3124,306.69,0.4,0.37,2023-03-30,0226,N,VIIRS,n,2,279.57,1.16,N,0
43.31276,-5.16833,332.58,0.39,0.36,2023-03-30,0226,N,VIIRS,n,2,290.89,8.4,N,0
43.3534,-5.40964,310.15,0.39,0.36,2023-03-30,0226,N,VIIRS,n,2,279.8,14.39,N,0
43.31193,-5.16347,318.57,0.39,0.36,2023-03-30,0226,N,VIIRS,n,2,283.84,8.4,N,0
43.16679,-4.32885,295.99,0.4,0.37,2023-03-30,0226,N,VIIRS,n,2,278.71,2.38,N,0
43.16589,-4.32377,309.18,0.4,0.37,2023-03-30,0226,N,VIIRS,n,2,280.46,1.08,N,0
43.35092,-5.41544,344.17,0.39,0.36,2023-03-30,0226,N,VIIRS,n,2,294.79,14.39,N,0
43.35014,-5.41077,356.76,0.39,0.36,2023-03-30,0226,N,VIIRS,n,2,292.95,14.39,N,0
43.33663,-5.33025,328.84,0.39,0.36,2023-03-30,0226,N,VIIRS,n,2,283.68,2.03,N,0
43.30948,-5.16943,329.63,0.39,0.36,2023-03-30,0226,N,VIIRS,n,2,284.66,8.4,N,0
43.16436,-4.33494,328.27,0.4,0.37,2023-03-30,0226,N,VIIRS,n,2,285.58,2.38,N,0
43.34935,-5.40606,296.22,0.39,0.36,2023-03-30,0226,N,VIIRS,n,2,282.48,1.56,N,0
43.33585,-5.3256,301.71,0.39,0.36,2023-03-30,0226,N,VIIRS,n,2,282.44,2.03,N,0
43.1652,-4.33967,299.39,0.4,0.37,2023-03-30,0226,N,VIIRS,n,2,281.32,3.07,N,0
43.16076,-4.31482,318.12,0.4,0.37,2023-03-30,0226,N,VIIRS,n,2,279.26,1.61,N,0
43.34766,-5.41658,337.7,0.39,0.36,2023-03-30,0226,N,VIIRS,n,2,296.51,16.61,N,0
43.16103,-4.33605,328.6,0.4,0.37,2023-03-30,0226,N,VIIRS,n,2,289.96,6.9,N,0
43.33336,-5.33134,307.27,0.39,0.36,2023-03-30,0226,N,VIIRS,n,2,281.56,1.52,N,0
43.16186,-4.34074,312.49,0.4,0.37,2023-03-30,0226,N,VIIRS,n,2,281.89,8.37,N,0
43.15574,-4.30645,306.87,0.4,0.37,2023-03-30,0226,N,VIIRS,n,2,279.76,1.26,N,0
43.34439,-5.41766,332.45,0.39,0.36,2023-03-30,0226,N,VIIRS,n,2,285.78,16.61,N,0
43.15771,-4.33722,345.95,0.4,0.37,2023-03-30,0226,N,VIIRS,n,2,283.41,6.9,N,0
43.15684,-4.33231,305.63,0.4,0.37,2023-03-30,0226,N,VIIRS,n,2,278.91,6.9,N,0
43.15331,-4.31255,308.54,0.4,0.37,2023-03-30,0226,N,VIIRS,n,2,280.08,1.36,N,0
43.15001,-4.31385,327.24,0.4,0.37,2023-03-30,0226,N,VIIRS,n,2,280.14,4.51,N,0
43.14914,-4.30898,326.75,0.4,0.37,2023-03-30,0226,N,VIIRS,n,2,279.83,3.11,N,0
43.34111,-5.41873,308.48,0.39,0.36,2023-03-30,0226,N,VIIRS,n,2,281.21,3.83,N,0
43.34031,-5.41396,298.94,0.39,0.36,2023-03-30,0226,N,VIIRS,n,2,283.06,3.83,N,0
43.33783,-5.41977,327.58,0.39,0.36,2023-03-30,0226,N,VIIRS,n,2,283.05,3.83,N,0
43.33702,-5.41497,350.6,0.39,0.36,2023-03-30,0226,N,VIIRS,n,2,289.41,3.83,N,0
43.46292,-6.20322,308.64,0.38,0.36,2023-03-30,0226,N,VIIRS,n,2,287.24,1,N,0
43.29128,-5.17727,326.6,0.39,0.36,2023-03-30,0226,N,VIIRS,n,2,286.04,1.97,N,0
43.28809,-5.15834,340.65,0.39,0.36,2023-03-30,0226,N,VIIRS,n,2,285.31,6.97,N,0
43.28727,-5.15351,312.4,0.39,0.36,2023-03-30,0226,N,VIIRS,n,2,282.4,0.87,N,0
43.13273,-4.25971,297.87,0.4,0.37,2023-03-30,0226,N,VIIRS,n,2,279.83,0.78,N,0
43.12492,-4.21561,305.23,0.41,0.37,2023-03-30,0226,N,VIIRS,n,2,281.42,1.24,N,0
43.2888,-5.18315,345.06,0.39,0.36,2023-03-30,0226,N,VIIRS,n,2,287.22,10.84,N,0
43.28798,-5.17823,353.1,0.39,0.36,2023-03-30,0226,N,VIIRS,n,2,294.69,10.84,N,0
43.28477,-5.15922,337.69,0.39,0.36,2023-03-30,0226,N,VIIRS,n,2,287.2,6.56,N,0
43.12941,-4.26089,337.99,0.4,0.37,2023-03-30,0226,N,VIIRS,n,2,282.43,9.75,N,0
43.12769,-4.25118,343.35,0.4,0.37,2023-03-30,0226,N,VIIRS,n,2,282.89,8.19,N,0
43.12246,-4.22168,339.7,0.4,0.37,2023-03-30,0226,N,VIIRS,n,2,287.31,14.63,N,0
43.12161,-4.21688,341.84,0.41,0.37,2023-03-30,0226,N,VIIRS,n,2,287.13,14.63,N,0
43.33783,-5.47624,313.27,0.39,0.36,2023-03-30,0226,N,VIIRS,n,2,283.2,0.91,N,0
43.28397,-5.15443,298.96,0.39,0.36,2023-03-30,0226,N,VIIRS,n,2,282.61,0.7,N,0
43.19824,-4.6537,305.43,0.4,0.37,2023-03-30,0226,N,VIIRS,n,2,280.85,1.09,N,0
43.14654,-4.37775,325.25,0.4,0.37,2023-03-30,0226,N,VIIRS,n,2,283.04,1.58,N,0
43.12436,-4.2523,347.45,0.4,0.37,2023-03-30,0226,N,VIIRS,n,2,285.3,8.19,N,0
43.12082,-4.23225,327.64,0.4,0.37,2023-03-30,0226,N,VIIRS,n,2,283.9,4.96,N,0
43.11997,-4.22751,349.39,0.4,0.37,2023-03-30,0226,N,VIIRS,n,2,283.88,4.96,N,0
43.11913,-4.22281,333.1,0.4,0.37,2023-03-30,0226,N,VIIRS,n,2,279.84,14.63,N,0
43.33456,-5.4773,304.34,0.39,0.36,2023-03-30,0226,N,VIIRS,n,2,282.02,0.91,N,0
43.30064,-5.27404,304.35,0.39,0.36,2023-03-30,0226,N,VIIRS,n,2,281.99,0.65,N,0
43.28551,-5.18422,314.99,0.39,0.36,2023-03-30,0226,N,VIIRS,n,2,282.84,10.84,N,0
43.28065,-5.15532,300.86,0.39,0.36,2023-03-30,0226,N,VIIRS,n,2,283.16,0.7,N,0
43.19158,-4.65557,331.8,0.4,0.37,2023-03-30,0226,N,VIIRS,n,2,281.38,3.78,N,0
43.1907,-4.65051,321.91,0.4,0.37,2023-03-30,0226,N,VIIRS,n,2,282.74,1.37,N,0
43.12101,-4.25329,322.88,0.4,0.37,2023-03-30,0226,N,VIIRS,n,2,277.98,2.85,N,0
43.11751,-4.23357,318,0.4,0.37,2023-03-30,0226,N,VIIRS,n,2,282.05,1.95,N,0
43.29239,-5.2868,327.97,0.39,0.36,2023-03-30,0226,N,VIIRS,n,2,283.38,1.7,N,0
43.19005,-4.68715,330.04,0.4,0.37,2023-03-30,0226,N,VIIRS,n,2,282,6.98,N,0
43.18917,-4.68206,356.77,0.4,0.37,2023-03-30,0226,N,VIIRS,n,2,288.22,7.63,N,0
43.29319,-5.29163,302.03,0.39,0.36,2023-03-30,0226,N,VIIRS,n,2,281.54,1.7,N,0
43.25232,-5.0701,308.72,0.39,0.36,2023-03-30,0226,N,VIIRS,n,2,282.76,0.63,N,0
43.18585,-4.68306,298.69,0.4,0.37,2023-03-30,0226,N,VIIRS,n,2,280.27,7.63,N,0
43.30873,-5.42583,309.13,0.39,0.36,2023-03-30,0226,N,VIIRS,n,2,282.43,0.86,N,0
43.30793,-5.42102,300,0.39,0.36,2023-03-30,0226,N,VIIRS,n,2,282.75,0.86,N,0
43.28744,-5.29857,297.62,0.39,0.36,2023-03-30,0226,N,VIIRS,n,2,280.99,0.52,N,0
43.24899,-5.07095,315.28,0.39,0.36,2023-03-30,0226,N,VIIRS,n,2,282.97,1.69,N,0
43.2482,-5.0663,313.61,0.39,0.36,2023-03-30,0226,N,VIIRS,n,2,282.99,1.3,N,0
43.28497,-5.30446,301.32,0.39,0.36,2023-03-30,0226,N,VIIRS,n,2,279.93,0.52,N,0
43.28638,-5.33351,327.37,0.39,0.36,2023-03-30,0226,N,VIIRS,n,2,283.06,5.62,N,0
43.26567,-5.21037,331.87,0.39,0.36,2023-03-30,0226,N,VIIRS,n,2,284.94,2.73,N,0
43.30533,-5.44695,295.87,0.39,0.36,2023-03-30,0226,N,VIIRS,n,2,279.25,0.61,N,0
43.30455,-5.44227,299.67,0.39,0.36,2023-03-30,0226,N,VIIRS,n,2,278.75,0.61,N,0
43.26647,-5.21507,301.06,0.39,0.36,2023-03-30,0226,N,VIIRS,n,2,284.07,1.98,N,0
43.28312,-5.33464,347,0.39,0.36,2023-03-30,0226,N,VIIRS,n,2,283.71,5.62,N,0
43.31849,-5.54692,298.27,0.39,0.36,2023-03-30,0226,N,VIIRS,n,2,279.9,0.37,N,0
43.30205,-5.44795,299.1,0.39,0.36,2023-03-30,0226,N,VIIRS,n,2,282.15,0.61,N,0
43.30126,-5.44323,303.47,0.39,0.36,2023-03-30,0226,N,VIIRS,n,2,282.65,0.61,N,0
43.29797,-5.44418,330.05,0.39,0.36,2023-03-30,0226,N,VIIRS,n,2,284.29,4.21,N,0
43.25429,-5.18398,326.69,0.39,0.36,2023-03-30,0226,N,VIIRS,n,2,282.78,1.47,N,0
43.25507,-5.18863,295.33,0.39,0.36,2023-03-30,0226,N,VIIRS,n,2,283.05,1.17,N,0
43.12806,-4.45276,315.53,0.4,0.37,2023-03-30,0226,N,VIIRS,n,2,277.02,1.6,N,0
43.23,-5.08178,324.16,0.39,0.36,2023-03-30,0226,N,VIIRS,n,2,285.26,1.57,N,0
43.25251,-5.21448,303.91,0.39,0.36,2023-03-30,0226,N,VIIRS,n,2,283.06,0.66,N,0
43.2517,-5.2097,300.53,0.39,0.36,2023-03-30,0226,N,VIIRS,n,2,283.21,0.66,N,0
43.23078,-5.08632,313.49,0.39,0.36,2023-03-30,0226,N,VIIRS,n,2,284.91,2.17,N,0
43.22922,-5.07718,296.92,0.39,0.36,2023-03-30,0226,N,VIIRS,n,2,283.04,1.57,N,0
43.46198,-6.52325,328.54,0.38,0.36,2023-03-30,0226,N,VIIRS,n,2,286.7,4.32,N,0
43.46125,-6.51855,346.55,0.38,0.36,2023-03-30,0226,N,VIIRS,n,2,287.14,4.32,N,0
43.22672,-5.08288,331.36,0.39,0.36,2023-03-30,0226,N,VIIRS,n,2,286.06,1.57,N,0
43.46051,-6.51385,297.23,0.38,0.36,2023-03-30,0226,N,VIIRS,n,2,285.06,0.74,N,0
43.25566,-5.25373,295.86,0.39,0.36,2023-03-30,0226,N,VIIRS,n,2,282.99,0.59,N,0
43.22596,-5.07841,297.8,0.39,0.36,2023-03-30,0226,N,VIIRS,n,2,282.27,1.57,N,0
43.22516,-5.07372,302.17,0.39,0.36,2023-03-30,0226,N,VIIRS,n,2,281.98,0.69,N,0
43.22437,-5.06905,302.14,0.39,0.36,2023-03-30,0226,N,VIIRS,n,2,282.54,0.69,N,0
43.45871,-6.52421,331.6,0.38,0.36,2023-03-30,0226,N,VIIRS,n,2,287.13,9.4,N,0
43.45723,-6.51481,350.03,0.38,0.36,2023-03-30,0226,N,VIIRS,n,2,291.74,6.34,N,0
43.4565,-6.51012,324.13,0.38,0.36,2023-03-30,0226,N,VIIRS,n,2,286.35,6.34,N,0
43.24113,-5.1882,330.3,0.39,0.36,2023-03-30,0226,N,VIIRS,n,2,285.1,3.34,N,0
43.24034,-5.18354,334.64,0.39,0.36,2023-03-30,0226,N,VIIRS,n,2,285.54,3.34,N,0
43.22344,-5.084,324.58,0.39,0.36,2023-03-30,0226,N,VIIRS,n,2,284.25,1.66,N,0
43.45797,-6.51951,313.56,0.38,0.36,2023-03-30,0226,N,VIIRS,n,2,284.56,9.4,N,0
43.27384,-5.38245,315.37,0.39,0.36,2023-03-30,0226,N,VIIRS,n,2,280.34,1.26,N,0
43.25237,-5.25471,295.54,0.39,0.36,2023-03-30,0226,N,VIIRS,n,2,281.85,0.53,N,0
43.22268,-5.07954,309.72,0.39,0.36,2023-03-30,0226,N,VIIRS,n,2,281.39,1.66,N,0
43.2211,-5.07029,304.84,0.39,0.36,2023-03-30,0226,N,VIIRS,n,2,280.98,0.72,N,0
43.4591,-6.54863,335.95,0.38,0.36,2023-03-30,0226,N,VIIRS,n,2,284.86,3.55,N,0
43.45542,-6.52517,357.14,0.38,0.36,2023-03-30,0226,N,VIIRS,n,2,293.22,9.4,N,0
43.45469,-6.52047,335.25,0.38,0.36,2023-03-30,0226,N,VIIRS,n,2,288.22,9.4,N,0
43.45395,-6.51578,316.94,0.38,0.36,2023-03-30,0226,N,VIIRS,n,2,285.25,6.34,N,0
43.23706,-5.18461,296.5,0.39,0.36,2023-03-30,0226,N,VIIRS,n,2,283.51,3.34,N,0
43.23627,-5.17993,319.55,0.39,0.36,2023-03-30,0226,N,VIIRS,n,2,283.22,1.8,N,0
43.45581,-6.54958,312.92,0.38,0.36,2023-03-30,0226,N,VIIRS,n,2,281.45,1.39,N,0
43.2458,-5.25681,296.29,0.39,0.36,2023-03-30,0226,N,VIIRS,n,2,282.64,0.56,N,0
43.44814,-6.5224,327.46,0.38,0.36,2023-03-30,0226,N,VIIRS,n,2,286.64,1.29,N,0
43.25208,-5.31465,324.2,0.39,0.36,2023-03-30,0226,N,VIIRS,n,2,282.18,4.98,N,0
43.2513,-5.30999,367,0.39,0.36,2023-03-30,0226,N,VIIRS,h,2,283.22,4.98,N,0
43.25052,-5.30535,342.64,0.39,0.36,2023-03-30,0226,N,VIIRS,n,2,281.92,4.67,N,0
43.23053,-5.18697,321.85,0.39,0.36,2023-03-30,0226,N,VIIRS,n,2,281.98,2.21,N,0
43.22974,-5.1823,332.37,0.39,0.36,2023-03-30,0226,N,VIIRS,n,2,281.81,2.89,N,0
43.45034,-6.53647,296.69,0.38,0.36,2023-03-30,0226,N,VIIRS,n,2,284.2,0.66,N,0
43.4496,-6.53178,300.65,0.38,0.36,2023-03-30,0226,N,VIIRS,n,2,284.42,0.66,N,0
43.44886,-6.52709,295.56,0.38,0.36,2023-03-30,0226,N,VIIRS,n,2,284.61,1.29,N,0
43.4474,-6.51772,296.53,0.38,0.36,2023-03-30,0226,N,VIIRS,n,2,285.16,0.56,N,0
43.2409,-5.24832,304.47,0.39,0.36,2023-03-30,0226,N,VIIRS,n,2,283.2,0.8,N,0
43.44559,-6.52805,333.93,0.38,0.36,2023-03-30,0226,N,VIIRS,n,2,285.3,11.14,N,0
43.44485,-6.52337,341.26,0.38,0.36,2023-03-30,0226,N,VIIRS,n,2,293.35,11.14,N,0
43.2488,-5.31571,329.32,0.39,0.36,2023-03-30,0226,N,VIIRS,n,2,285.22,2.75,N,0
43.23363,-5.22577,336.15,0.39,0.36,2023-03-30,0226,N,VIIRS,n,2,288.2,2.14,N,0
43.24802,-5.31106,298.66,0.39,0.36,2023-03-30,0226,N,VIIRS,n,2,280.46,2.75,N,0
43.24007,-5.26386,301.71,0.39,0.36,2023-03-30,0226,N,VIIRS,n,2,281.47,3.08,N,0
43.23527,-5.23546,302.02,0.39,0.36,2023-03-30,0226,N,VIIRS,n,2,280.63,0.91,N,0
43.23445,-5.23061,296.69,0.39,0.36,2023-03-30,0226,N,VIIRS,n,2,283.31,2.14,N,0
43.44745,-6.5619,340.41,0.38,0.36,2023-03-30,0226,N,VIIRS,n,2,287.26,4.71,N,0
43.44231,-6.52901,325.6,0.38,0.36,2023-03-30,0226,N,VIIRS,n,2,285.7,11.14,N,0
43.44158,-6.52433,350.45,0.38,0.36,2023-03-30,0226,N,VIIRS,n,2,290.78,11.14,N,0
43.44084,-6.51964,344.17,0.38,0.36,2023-03-30,0226,N,VIIRS,n,2,286.85,51.09,N,0
43.23679,-5.26496,341.17,0.39,0.36,2023-03-30,0226,N,VIIRS,n,2,283.86,3.08,N,0
43.44452,-6.5431,311.67,0.38,0.36,2023-03-30,0226,N,VIIRS,n,2,287.16,1.51,N,0
43.44378,-6.5384,302.99,0.38,0.36,2023-03-30,0226,N,VIIRS,n,2,285.19,0.7,N,0
43.24953,-5.3406,309.39,0.39,0.36,2023-03-30,0226,N,VIIRS,n,2,281.53,1.01,N,0
43.24474,-5.31211,296.9,0.39,0.36,2023-03-30,0226,N,VIIRS,n,2,281.69,2.75,N,0
43.23116,-5.23165,299.77,0.39,0.36,2023-03-30,0226,N,VIIRS,n,2,282.56,2.14,N,0
43.44417,-6.56288,337.6,0.38,0.36,2023-03-30,0226,N,VIIRS,n,2,286.35,4.01,N,0
43.44197,-6.54878,336.97,0.38,0.36,2023-03-30,0226,N,VIIRS,n,2,286.05,6.39,N,0
43.44124,-6.54408,345.22,0.38,0.36,2023-03-30,0226,N,VIIRS,n,2,288.44,6.39,N,0
43.43903,-6.52997,329.79,0.38,0.36,2023-03-30,0226,N,VIIRS,n,2,285.25,3.99,N,0
43.4383,-6.52528,326.28,0.38,0.36,2023-03-30,0226,N,VIIRS,n,2,284.86,3.99,N,0
43.2335,-5.26599,344.98,0.39,0.36,2023-03-30,0226,N,VIIRS,n,2,285.53,3.35,N,0
43.44051,-6.53937,295.88,0.38,0.36,2023-03-30,0226,N,VIIRS,n,2,284.77,4.86,N,0
43.43977,-6.53467,305.68,0.38,0.36,2023-03-30,0226,N,VIIRS,n,2,285.61,4.86,N,0
43.43756,-6.5206,305.65,0.38,0.36,2023-03-30,0226,N,VIIRS,n,2,284.18,0.76,N,0
43.24626,-5.34167,301.48,0.39,0.36,2023-03-30,0226,N,VIIRS,n,2,280.1,0.84,N,0
43.44163,-6.56853,332.23,0.38,0.36,2023-03-30,0226,N,VIIRS,n,2,285.7,4.01,N,0
43.43869,-6.54976,329.85,0.38,0.36,2023-03-30,0226,N,VIIRS,n,2,287.08,6.39,N,0
43.43796,-6.54506,367,0.38,0.36,2023-03-30,0226,N,VIIRS,h,2,291.56,6.39,N,0
43.43723,-6.54035,352.58,0.38,0.36,2023-03-30,0226,N,VIIRS,n,2,289.17,4.86,N,0
43.43649,-6.53564,367,0.38,0.36,2023-03-30,0226,N,VIIRS,h,2,292.07,4.86,N,0
43.43576,-6.53094,330.01,0.38,0.36,2023-03-30,0226,N,VIIRS,n,2,286.69,3.99,N,0
43.43502,-6.52625,348.9,0.38,0.36,2023-03-30,0226,N,VIIRS,n,2,288.25,3.99,N,0
43.24457,-5.35218,328.5,0.39,0.36,2023-03-30,0226,N,VIIRS,n,2,280.51,1.45,N,0
43.43943,-6.55445,306.62,0.38,0.36,2023-03-30,0226,N,VIIRS,n,2,285.16,3.21,N,0
43.43429,-6.52157,296.65,0.38,0.36,2023-03-30,0226,N,VIIRS,n,2,284.61,0.76,N,0
43.24537,-5.35696,300.08,0.39,0.36,2023-03-30,0226,N,VIIRS,n,2,278.74,1.45,N,0
43.23021,-5.267,317.19,0.39,0.36,2023-03-30,0226,N,VIIRS,n,2,281.75,3.35,N,0
43.2421,-5.35807,367,0.39,0.36,2023-03-30,0226,N,VIIRS,h,2,285.16,6.61,N,0
43.24131,-5.35334,343.46,0.39,0.36,2023-03-30,0226,N,VIIRS,n,2,281.57,6.61,N,0
43.23813,-5.33445,322.03,0.39,0.36,2023-03-30,0226,N,VIIRS,n,2,280.34,1.57,N,0
43.43615,-6.55542,312.26,0.38,0.36,2023-03-30,0226,N,VIIRS,n,2,284.5,1.51,N,0
43.43395,-6.54132,317.38,0.38,0.36,2023-03-30,0226,N,VIIRS,n,2,284.82,2.09,N,0
43.24051,-5.34856,313.34,0.39,0.36,2023-03-30,0226,N,VIIRS,n,2,280.44,1.67,N,0
43.27176,-5.55638,327.45,0.39,0.36,2023-03-30,0226,N,VIIRS,n,2,282.93,1.83,N,0
43.23882,-5.3591,327.6,0.39,0.36,2023-03-30,0226,N,VIIRS,n,2,278.57,6.61,N,0
43.23804,-5.35443,353.02,0.39,0.36,2023-03-30,0226,N,VIIRS,n,2,280.44,6.61,N,0
43.43214,-6.55169,306.75,0.38,0.36,2023-03-30,0226,N,VIIRS,n,2,284.53,1.42,N,0
43.27253,-5.56105,311.69,0.39,0.36,2023-03-30,0226,N,VIIRS,n,2,282.41,1.85,N,0
43.23486,-5.33552,310.59,0.39,0.36,2023-03-30,0226,N,VIIRS,n,2,277.45,1.57,N,0
43.36202,-6.13034,334.39,0.38,0.36,2023-03-30,0226,N,VIIRS,n,2,287.67,5.89,N,0
43.36126,-6.12565,324.98,0.38,0.36,2023-03-30,0226,N,VIIRS,n,2,285.3,5.89,N,0
43.26925,-5.56208,298.72,0.39,0.36,2023-03-30,0226,N,VIIRS,n,2,282.51,0.63,N,0
43.26771,-5.55276,303.18,0.39,0.36,2023-03-30,0226,N,VIIRS,n,2,282.09,0.97,N,0
43.19458,-5.11835,296.49,0.39,0.36,2023-03-30,0226,N,VIIRS,n,2,281.77,1.09,N,0
43.35875,-6.13133,367,0.38,0.36,2023-03-30,0226,N,VIIRS,h,2,290.26,5.89,N,0
43.19131,-5.11952,324.45,0.39,0.36,2023-03-30,0226,N,VIIRS,n,2,282.37,1.09,N,0
43.36024,-6.14067,296.75,0.38,0.36,2023-03-30,0226,N,VIIRS,n,2,285.24,1.86,N,0
43.35799,-6.12664,315.1,0.38,0.36,2023-03-30,0226,N,VIIRS,n,2,282.99,5.89,N,0
43.42377,-6.56394,345.78,0.38,0.36,2023-03-30,0226,N,VIIRS,n,2,286.8,20.85,N,0
43.42049,-6.56491,345.6,0.38,0.36,2023-03-30,0226,N,VIIRS,n,2,299.87,20.85,N,0
43.23669,-5.42887,296.05,0.39,0.36,2023-03-30,0226,N,VIIRS,n,2,281.18,0.72,N,0
43.2359,-5.42417,307.24,0.39,0.36,2023-03-30,0226,N,VIIRS,n,2,279.87,0.72,N,0
43.20669,-5.25049,315.6,0.39,0.36,2023-03-30,0226,N,VIIRS,n,2,276.94,1.06,N,0
43.17901,-5.08817,311.2,0.39,0.36,2023-03-30,0226,N,VIIRS,n,2,283.55,1.45,N,0
43.41721,-6.56589,337.55,0.38,0.36,2023-03-30,0226,N,VIIRS,n,2,298.05,23.18,N,0
43.41795,-6.57058,302.73,0.38,0.36,2023-03-30,0226,N,VIIRS,n,2,283.73,4.84,N,0
43.41467,-6.57157,331.04,0.38,0.36,2023-03-30,0226,N,VIIRS,n,2,287.34,4.84,N,0
43.41393,-6.56687,345.96,0.38,0.36,2023-03-30,0226,N,VIIRS,n,2,286.36,23.18,N,0
43.17252,-5.09071,296.42,0.39,0.36,2023-03-30,0226,N,VIIRS,n,2,281.68,0.64,N,0
43.41264,-6.57405,333.89,0.38,0.36,2023-03-30,0226,N,VIIRS,n,2,290.01,3.13,N,0
43.17129,-5.09308,345.02,0.39,0.36,2023-03-30,0226,N,VIIRS,n,2,287.75,11.36,N,0
43.41336,-6.57874,295.39,0.38,0.36,2023-03-30,0226,N,VIIRS,n,2,285.1,0.51,N,0
43.41189,-6.56934,314.83,0.38,0.36,2023-03-30,0226,N,VIIRS,n,2,286.2,3.13,N,0
43.30959,-5.92664,314.43,0.38,0.36,2023-03-30,0226,N,VIIRS,n,2,284.16,1.08,N,0
43.40935,-6.575,332.62,0.38,0.36,2023-03-30,0226,N,VIIRS,n,2,284.38,3.13,N,0
43.168,-5.09412,343.88,0.39,0.36,2023-03-30,0226,N,VIIRS,n,2,279.95,11.36,N,0
43.40862,-6.5703,301.04,0.38,0.36,2023-03-30,0226,N,VIIRS,n,2,285.35,3.13,N,0
43.30631,-5.92768,310.4,0.38,0.36,2023-03-30,0226,N,VIIRS,n,2,282.37,1.08,N,0
43.22206,-5.41545,299.94,0.39,0.36,2023-03-30,0226,N,VIIRS,n,2,283.79,1.01,N,0
43.22128,-5.41081,317.1,0.39,0.36,2023-03-30,0226,N,VIIRS,n,2,286.16,1.94,N,0
43.29313,-5.86767,330.59,0.39,0.36,2023-03-30,0226,N,VIIRS,n,2,284.14,3.81,N,0
43.21877,-5.41639,342.87,0.39,0.36,2023-03-30,0226,N,VIIRS,n,2,305.09,39.51,N,0
43.21799,-5.41175,356.01,0.39,0.36,2023-03-30,0226,N,VIIRS,n,2,301.17,11.47,N,0
43.21643,-5.40242,324.56,0.39,0.36,2023-03-30,0226,N,VIIRS,n,2,282.79,2.34,N,0
43.21548,-5.41737,353.94,0.39,0.36,2023-03-30,0226,N,VIIRS,n,2,298.56,39.51,N,0
43.21313,-5.40336,330.3,0.39,0.36,2023-03-30,0226,N,VIIRS,n,2,283.72,2.34,N,0
43.21469,-5.4127,302.85,0.39,0.36,2023-03-30,0226,N,VIIRS,n,2,284.59,11.47,N,0
43.2122,-5.4184,295.59,0.39,0.36,2023-03-30,0226,N,VIIRS,n,2,282.84,1.12,N,0
43.21141,-5.41369,305.56,0.39,0.36,2023-03-30,0226,N,VIIRS,n,2,284.47,1.27,N,0
43.17743,-5.21141,295.69,0.39,0.36,2023-03-30,0226,N,VIIRS,n,2,277.14,0.41,N,0
43.20813,-5.41474,310.67,0.39,0.36,2023-03-30,0226,N,VIIRS,n,2,283.29,1.27,N,0
43.21179,-5.47818,356.09,0.39,0.36,2023-03-30,0226,N,VIIRS,n,2,288.31,9.73,N,0
43.21098,-5.47327,321.24,0.39,0.36,2023-03-30,0226,N,VIIRS,n,2,282.95,2.34,N,0
43.5125,-7.4092,306.54,0.39,0.36,2023-03-30,0226,N,VIIRS,n,2,280.42,1.09,N,0
43.06934,-4.66202,318.83,0.4,0.37,2023-03-30,0226,N,VIIRS,n,2,281.34,1.99,N,0
43.06848,-4.65711,296.04,0.4,0.37,2023-03-30,0226,N,VIIRS,n,2,280.64,0.75,N,0
43.5113,-7.42434,301.47,0.39,0.36,2023-03-30,0226,N,VIIRS,n,2,280.99,0.91,N,0
43.50798,-7.42518,345.9,0.39,0.36,2023-03-30,0226,N,VIIRS,n,2,284.11,6.43,N,0
43.50727,-7.42037,345.46,0.39,0.36,2023-03-30,0226,N,VIIRS,n,2,282.51,6.43,N,0
43.29353,-6.03996,330.79,0.38,0.36,2023-03-30,0226,N,VIIRS,n,2,283.24,3.44,N,0
43.28065,-5.96028,340.37,0.38,0.36,2023-03-30,0226,N,VIIRS,n,2,284.2,6.86,N,0
43.2814,-5.96496,297.46,0.38,0.36,2023-03-30,0226,N,VIIRS,n,2,282.68,6.86,N,0
43.50395,-7.42119,367,0.39,0.36,2023-03-30,0226,N,VIIRS,h,2,282.7,6.43,N,0
43.29026,-6.04097,342.06,0.38,0.36,2023-03-30,0226,N,VIIRS,n,2,282.6,3.44,N,0
43.27813,-5.96597,331.83,0.38,0.36,2023-03-30,0226,N,VIIRS,n,2,287.94,6.86,N,0
43.27738,-5.96129,324.63,0.38,0.36,2023-03-30,0226,N,VIIRS,n,2,282.55,6.86,N,0
43.50467,-7.42603,299.33,0.39,0.36,2023-03-30,0226,N,VIIRS,n,2,279.17,6.43,N,0
43.50324,-7.41644,299.19,0.39,0.36,2023-03-30,0226,N,VIIRS,n,2,277.58,2.41,N,0
43.30907,-6.158,311.14,0.38,0.36,2023-03-30,0226,N,VIIRS,n,2,282.87,0.99,N,0
43.30758,-6.14865,295.25,0.38,0.36,2023-03-30,0226,N,VIIRS,n,2,281.5,0.73,N,0
43.30457,-6.12991,298.07,0.38,0.36,2023-03-30,0226,N,VIIRS,n,2,282.4,0.28,N,0
43.3901,-6.6936,318.07,0.38,0.36,2023-03-30,0226,N,VIIRS,n,2,284.45,2.77,N,0
43.38938,-6.68894,314.69,0.38,0.36,2023-03-30,0226,N,VIIRS,n,2,286.33,4.27,N,0
43.32376,-6.27146,299.08,0.38,0.36,2023-03-30,0226,N,VIIRS,n,2,283.71,0.57,N,0
43.32301,-6.26679,295.68,0.38,0.36,2023-03-30,0226,N,VIIRS,n,2,283.2,0.25,N,0
43.193,-5.46899,299.78,0.39,0.36,2023-03-30,0226,N,VIIRS,n,2,281.7,0.75,N,0
43.38609,-6.68988,331.31,0.38,0.36,2023-03-30,0226,N,VIIRS,n,2,292.56,4.27,N,0
43.26933,-5.95402,339.93,0.38,0.36,2023-03-30,0226,N,VIIRS,n,2,281.61,4.38,N,0
43.38682,-6.69455,295.31,0.38,0.36,2023-03-30,0226,N,VIIRS,n,2,282.98,2.77,N,0
43.18818,-5.46082,306.5,0.39,0.36,2023-03-30,0226,N,VIIRS,n,2,282.69,0.81,N,0
43.18739,-5.45609,300.76,0.39,0.36,2023-03-30,0226,N,VIIRS,n,2,283.43,0.81,N,0
43.38427,-6.70019,344.11,0.38,0.36,2023-03-30,0226,N,VIIRS,n,2,288.24,7.7,N,0
43.38281,-6.69082,336.29,0.38,0.36,2023-03-30,0226,N,VIIRS,n,2,287.86,3.57,N,0
43.38499,-6.7049,297.29,0.38,0.36,2023-03-30,0226,N,VIIRS,n,2,283.48,4.97,N,0
43.18491,-5.4619,313.03,0.39,0.36,2023-03-30,0226,N,VIIRS,n,2,281.79,1.6,N,0
43.18412,-5.45721,318.74,0.39,0.36,2023-03-30,0226,N,VIIRS,n,2,281.44,1.6,N,0
43.18334,-5.45252,311.88,0.39,0.36,2023-03-30,0226,N,VIIRS,n,2,282.74,1.45,N,0
43.38171,-6.70584,329.17,0.38,0.36,2023-03-30,0226,N,VIIRS,n,2,285.75,4.97,N,0
43.38099,-6.70113,327.8,0.38,0.36,2023-03-30,0226,N,VIIRS,n,2,282.1,7.7,N,0
43.37953,-6.69177,328.93,0.38,0.36,2023-03-30,0226,N,VIIRS,n,2,286.7,3.57,N,0
43.31245,-6.26508,355.34,0.38,0.36,2023-03-30,0226,N,VIIRS,n,2,285.43,9.28,N,0
43.31171,-6.26039,355.24,0.38,0.36,2023-03-30,0226,N,VIIRS,n,2,289.87,6.67,N,0
43.31096,-6.25567,309.33,0.38,0.36,2023-03-30,0226,N,VIIRS,n,2,283.76,6.67,N,0
43.30918,-6.26605,304.53,0.38,0.36,2023-03-30,0226,N,VIIRS,n,2,280.91,0.73,N,0
43.1768,-5.45471,319.73,0.39,0.36,2023-03-30,0226,N,VIIRS,n,2,280.11,1.84,N,0
43.17602,-5.45004,318.85,0.39,0.36,2023-03-30,0226,N,VIIRS,n,2,281.54,1.84,N,0
43.17524,-5.44538,300.88,0.39,0.36,2023-03-30,0226,N,VIIRS,n,2,279.99,0.81,N,0
43.3737,-6.69835,313.21,0.38,0.36,2023-03-30,0226,N,VIIRS,n,2,285.31,1.42,N,0
43.36347,-6.6325,318.77,0.38,0.36,2023-03-30,0226,N,VIIRS,n,2,280.97,1.37,N,0
43.30665,-6.27171,299.34,0.38,0.36,2023-03-30,0226,N,VIIRS,n,2,280.33,0.73,N,0
43.36092,-6.63816,341.78,0.38,0.36,2023-03-30,0226,N,VIIRS,n,2,283.37,4.37,N,0
43.36019,-6.63345,341.61,0.38,0.36,2023-03-30,0226,N,VIIRS,n,2,283.18,4.37,N,0
43.30783,-6.30074,299.42,0.38,0.36,2023-03-30,0226,N,VIIRS,n,2,286.85,0.76,N,0
43.35764,-6.63912,324.26,0.38,0.36,2023-03-30,0226,N,VIIRS,n,2,279.88,4.37,N,0
43.26434,-6.09317,334.64,0.38,0.36,2023-03-30,0226,N,VIIRS,n,2,281.33,1.94,N,0
43.26509,-6.09783,296.2,0.38,0.36,2023-03-30,0226,N,VIIRS,n,2,277.98,1.94,N,0
43.34781,-6.64197,323.91,0.38,0.36,2023-03-30,0226,N,VIIRS,n,2,281.4,8.83,N,0
43.34708,-6.63724,350.03,0.38,0.36,2023-03-30,0226,N,VIIRS,n,2,286.8,8.83,N,0
43.26107,-6.09416,339.33,0.38,0.36,2023-03-30,0226,N,VIIRS,n,2,279.09,5.03,N,0
43.26033,-6.0895,326.88,0.38,0.36,2023-03-30,0226,N,VIIRS,n,2,278.47,1.96,N,0
43.33904,-6.58578,302.79,0.38,0.36,2023-03-30,0226,N,VIIRS,n,2,284.62,0.68,N,0
43.33576,-6.58674,302.59,0.38,0.36,2023-03-30,0226,N,VIIRS,n,2,284.3,0.68,N,0
43.25706,-6.09049,298.01,0.38,0.36,2023-03-30,0226,N,VIIRS,n,2,276.53,1.96,N,0
43.33321,-6.59238,347.36,0.38,0.36,2023-03-30,0226,N,VIIRS,n,2,290.7,8.33,N,0
43.25378,-6.09148,323.26,0.38,0.36,2023-03-30,0226,N,VIIRS,n,2,279.58,2.1,N,0
43.33248,-6.58769,310.15,0.38,0.36,2023-03-30,0226,N,VIIRS,n,2,284.78,1.37,N,0
43.32993,-6.59332,336.01,0.38,0.36,2023-03-30,0226,N,VIIRS,n,2,283.61,8.33,N,0
43.32739,-6.59896,319.12,0.38,0.36,2023-03-30,0226,N,VIIRS,n,2,282.31,0.93,N,0
43.27196,-6.24773,314.33,0.38,0.36,2023-03-30,0226,N,VIIRS,n,2,280.84,1.12,N,0
43.32631,-6.61399,327.82,0.38,0.36,2023-03-30,0226,N,VIIRS,n,2,283.97,2.26,N,0
43.17192,-5.65362,306.68,0.39,0.36,2023-03-30,0226,N,VIIRS,n,2,284.42,1.05,N,0
43.32303,-6.61493,349.17,0.38,0.36,2023-03-30,0226,N,VIIRS,n,2,285.81,4.34,N,0
43.28176,-6.35262,302.72,0.38,0.36,2023-03-30,0226,N,VIIRS,n,2,284.31,1.7,N,0
43.16941,-5.6593,310.29,0.39,0.36,2023-03-30,0226,N,VIIRS,n,2,285.27,1.34,N,0
43.16863,-5.65457,295.01,0.39,0.36,2023-03-30,0226,N,VIIRS,n,2,282.76,0.41,N,0
43.31976,-6.61588,337.32,0.38,0.36,2023-03-30,0226,N,VIIRS,n,2,282.91,4.34,N,0
43.31903,-6.61117,337.81,0.38,0.36,2023-03-30,0226,N,VIIRS,n,2,281.81,3.77,N,0
43.27849,-6.35359,327.85,0.38,0.36,2023-03-30,0226,N,VIIRS,n,2,284.53,1.7,N,0
43.27775,-6.34891,342.56,0.38,0.36,2023-03-30,0226,N,VIIRS,n,2,292.4,13.05,N,0
43.32048,-6.62059,303.52,0.38,0.36,2023-03-30,0226,N,VIIRS,n,2,282.71,4.34,N,0
43.31794,-6.62622,332.21,0.38,0.36,2023-03-30,0226,N,VIIRS,n,2,287.75,7.78,N,0
43.31721,-6.62153,328.64,0.38,0.36,2023-03-30,0226,N,VIIRS,n,2,293.31,12,N,0
43.27448,-6.34989,329.76,0.38,0.36,2023-03-30,0226,N,VIIRS,n,2,290.59,24.41,N,0
43.31648,-6.61682,299.73,0.38,0.36,2023-03-30,0226,N,VIIRS,n,2,280.42,12,N,0
43.3154,-6.63186,325.38,0.38,0.36,2023-03-30,0226,N,VIIRS,n,2,283.38,7.78,N,0
43.31466,-6.62717,320.3,0.38,0.36,2023-03-30,0226,N,VIIRS,n,2,285.69,7.78,N,0
43.31393,-6.62247,320.93,0.38,0.36,2023-03-30,0226,N,VIIRS,n,2,280.06,12,N,0
43.3348,-6.77538,326.44,0.38,0.36,2023-03-30,0226,N,VIIRS,n,2,281.28,2.32,N,0
43.31219,-6.62998,341.97,0.38,0.36,2023-03-30,0226,N,VIIRS,n,2,284.78,7.23,N,0
43.27689,-6.4052,345.17,0.38,0.36,2023-03-30,0226,N,VIIRS,n,2,287.3,7.96,N,0
43.33552,-6.78004,304.24,0.38,0.36,2023-03-30,0226,N,VIIRS,n,2,279.25,2.32,N,0
43.32461,-6.70968,312.9,0.38,0.36,2023-03-30,0226,N,VIIRS,n,2,281.16,1.89,N,0
43.33224,-6.78099,335.22,0.38,0.36,2023-03-30,0226,N,VIIRS,n,2,280.96,2.32,N,0
43.30891,-6.63092,346.41,0.38,0.36,2023-03-30,0226,N,VIIRS,n,2,283.73,7.23,N,0
43.33152,-6.77632,314.44,0.38,0.36,2023-03-30,0226,N,VIIRS,n,2,278.74,2.32,N,0
43.31624,-6.72196,298.4,0.38,0.36,2023-03-30,0226,N,VIIRS,n,2,280.56,1.23,N,0
43.29507,-6.63004,344.35,0.38,0.36,2023-03-30,0226,N,VIIRS,n,2,281.69,5.61,N,0
43.2918,-6.63103,329.15,0.38,0.36,2023-03-30,0226,N,VIIRS,n,2,281.34,4.72,N,0
43.29107,-6.62635,337.47,0.38,0.36,2023-03-30,0226,N,VIIRS,n,2,282.71,4.14,N,0
43.2424,-6.31749,305.58,0.38,0.36,2023-03-30,0226,N,VIIRS,n,2,282.07,1.31,N,0
43.23987,-6.32313,320.1,0.38,0.36,2023-03-30,0226,N,VIIRS,n,2,281.68,2.66,N,0
43.23913,-6.31847,332.78,0.38,0.36,2023-03-30,0226,N,VIIRS,n,2,280.38,1.31,N,0
43.23839,-6.31381,302.28,0.38,0.36,2023-03-30,0226,N,VIIRS,n,2,279.26,1.31,N,0
43.16602,-5.86458,304.35,0.39,0.36,2023-03-30,0226,N,VIIRS,n,2,283.45,1.26,N,0
43.16525,-5.85987,305.07,0.39,0.36,2023-03-30,0226,N,VIIRS,n,2,282.93,0.68,N,0
43.2366,-6.32411,330.82,0.38,0.36,2023-03-30,0226,N,VIIRS,n,2,283.07,4.88,N,0
43.23586,-6.31945,342.3,0.38,0.36,2023-03-30,0226,N,VIIRS,n,2,287.15,12.6,N,0
43.28344,-6.64332,319.16,0.38,0.36,2023-03-30,0226,N,VIIRS,n,2,283.05,1.84,N,0
43.28017,-6.64426,325.37,0.38,0.36,2023-03-30,0226,N,VIIRS,n,2,280.82,4.66,N,0
43.29039,-6.70991,301.52,0.38,0.36,2023-03-30,0226,N,VIIRS,n,2,281.11,0.97,N,0
43.28564,-6.70144,341.51,0.38,0.36,2023-03-30,0226,N,VIIRS,n,2,285.39,4.82,N,0
43.27689,-6.6452,335.46,0.38,0.36,2023-03-30,0226,N,VIIRS,n,2,283.27,4.66,N,0
43.28638,-6.70614,299.15,0.38,0.36,2023-03-30,0226,N,VIIRS,n,2,278.34,4.82,N,0
43.27616,-6.64054,305.39,0.38,0.36,2023-03-30,0226,N,VIIRS,n,2,280.82,1.11,N,0
43.2831,-6.70711,331.09,0.38,0.36,2023-03-30,0226,N,VIIRS,n,2,283.23,5.3,N,0
43.28237,-6.70242,324.9,0.38,0.36,2023-03-30,0226,N,VIIRS,n,2,282.64,5.3,N,0
43.26997,-6.62281,331.96,0.38,0.36,2023-03-30,0226,N,VIIRS,n,2,284.41,1.78,N,0
43.22722,-6.35134,329.95,0.38,0.36,2023-03-30,0226,N,VIIRS,n,2,286.24,2.43,N,0
43.22648,-6.34667,337.87,0.38,0.36,2023-03-30,0226,N,VIIRS,n,2,286.7,2.43,N,0
43.27069,-6.62748,309,0.38,0.36,2023-03-30,0226,N,VIIRS,n,2,282.58,1,N,0
43.26923,-6.61813,318.81,0.38,0.36,2023-03-30,0226,N,VIIRS,n,2,284.5,1.78,N,0
43.22796,-6.35602,311.13,0.38,0.36,2023-03-30,0226,N,VIIRS,n,2,284.66,3.19,N,0
43.22573,-6.342,306.87,0.38,0.36,2023-03-30,0226,N,VIIRS,n,2,284.52,1.23,N,0
43.22395,-6.35232,337.53,0.38,0.36,2023-03-30,0226,N,VIIRS,n,2,286.14,2.43,N,0
43.28056,-6.71279,295.7,0.38,0.36,2023-03-30,0226,N,VIIRS,n,2,278.04,0.97,N,0
43.27909,-6.70339,300.22,0.38,0.36,2023-03-30,0226,N,VIIRS,n,2,279.1,5.3,N,0
43.27105,-6.65173,297.68,0.38,0.36,2023-03-30,0226,N,VIIRS,n,2,279.24,0.53,N,0
43.26596,-6.61908,305.44,0.38,0.36,2023-03-30,0226,N,VIIRS,n,2,282.75,1.78,N,0
43.2232,-6.34766,296.45,0.38,0.36,2023-03-30,0226,N,VIIRS,n,2,282.26,2.43,N,0
43.27947,-6.72789,330.85,0.38,0.36,2023-03-30,0226,N,VIIRS,n,2,284.31,3.73,N,0
43.21993,-6.34863,329.24,0.38,0.36,2023-03-30,0226,N,VIIRS,n,2,284.84,3.27,N,0
43.26778,-6.65269,296.92,0.38,0.36,2023-03-30,0226,N,VIIRS,n,2,278.18,1.9,N,0
43.22067,-6.3533,305.03,0.38,0.36,2023-03-30,0226,N,VIIRS,n,2,283.97,3.27,N,0
43.2645,-6.65366,330.73,0.38,0.36,2023-03-30,0226,N,VIIRS,n,2,282.89,1.9,N,0
43.26086,-6.63034,303.89,0.38,0.36,2023-03-30,0226,N,VIIRS,n,2,282.92,0.71,N,0
43.26123,-6.65462,344.68,0.38,0.36,2023-03-30,0226,N,VIIRS,n,2,285.06,5.06,N,0
43.2605,-6.64996,301.05,0.38,0.36,2023-03-30,0226,N,VIIRS,n,2,280.46,5.06,N,0
43.25831,-6.63596,305.19,0.38,0.36,2023-03-30,0226,N,VIIRS,n,2,282.73,3.57,N,0
43.25758,-6.63129,310.58,0.38,0.36,2023-03-30,0226,N,VIIRS,n,2,282.96,3.57,N,0
43.25504,-6.63692,345.78,0.38,0.36,2023-03-30,0226,N,VIIRS,n,2,288.97,3.57,N,0
43.11185,-5.74399,328.48,0.39,0.36,2023-03-30,0226,N,VIIRS,n,2,280.07,3.89,N,0
43.11108,-5.73931,326.84,0.39,0.36,2023-03-30,0226,N,VIIRS,n,2,279.07,2.71,N,0
43.25576,-6.64158,317.37,0.38,0.36,2023-03-30,0226,N,VIIRS,n,2,281.61,4.32,N,0
43.25249,-6.64253,321.38,0.38,0.36,2023-03-30,0226,N,VIIRS,n,2,278.34,1.77,N,0
43.25176,-6.63787,354.06,0.38,0.36,2023-03-30,0226,N,VIIRS,n,2,284.8,5.25,N,0
43.10856,-5.74492,330.02,0.39,0.36,2023-03-30,0226,N,VIIRS,n,2,292.67,27.84,N,0
43.25322,-6.64719,312.06,0.38,0.36,2023-03-30,0226,N,VIIRS,n,2,277.29,1.77,N,0
43.24994,-6.64815,321.12,0.38,0.36,2023-03-30,0226,N,VIIRS,n,2,279.36,1.77,N,0
43.24921,-6.64348,304.68,0.38,0.36,2023-03-30,0226,N,VIIRS,n,2,279.46,1.77,N,0
43.24848,-6.63882,310.88,0.38,0.36,2023-03-30,0226,N,VIIRS,n,2,280.47,5.25,N,0
43.18168,-6.23769,334.48,0.38,0.36,2023-03-30,0226,N,VIIRS,n,2,285.71,14.25,N,0
43.18094,-6.23304,326.3,0.38,0.36,2023-03-30,0226,N,VIIRS,n,2,281.2,14.25,N,0
43.17915,-6.24332,339.42,0.38,0.36,2023-03-30,0226,N,VIIRS,n,2,288,20.29,N,0
43.1784,-6.23866,352.55,0.38,0.36,2023-03-30,0226,N,VIIRS,n,2,292.62,14.25,N,0
43.17662,-6.24895,336.04,0.38,0.36,2023-03-30,0226,N,VIIRS,n,2,282.32,3.69,N,0
43.17587,-6.24428,317.71,0.38,0.36,2023-03-30,0226,N,VIIRS,n,2,280.99,3.69,N,0
43.05637,-5.53411,324.74,0.39,0.36,2023-03-30,0226,N,VIIRS,n,2,281.05,2.23,N,0
43.16129,-6.23887,297.01,0.38,0.36,2023-03-30,0226,N,VIIRS,n,2,279.06,0.47,N,0
43.18184,-6.38932,313.55,0.38,0.36,2023-03-30,0226,N,VIIRS,n,2,278.69,1.41,N,0
43.22046,-6.70076,331.47,0.38,0.36,2023-03-30,0226,N,VIIRS,n,2,277.84,3.12,N,0
43.21973,-6.69604,315.53,0.38,0.36,2023-03-30,0226,N,VIIRS,n,2,278.13,1.08,N,0
43.21791,-6.7064,327.46,0.38,0.36,2023-03-30,0226,N,VIIRS,n,2,281.98,3.12,N,0
43.21718,-6.7017,332.94,0.38,0.36,2023-03-30,0226,N,VIIRS,n,2,279.49,3.12,N,0
43.21518,-6.70495,323.66,0.38,0.36,2023-03-30,0226,N,VIIRS,n,2,279.74,2.53,N,0
43.12043,-6.10693,328.06,0.38,0.36,2023-03-30,0226,N,VIIRS,n,2,283.91,3,N,0
43.11716,-6.10791,333.47,0.38,0.36,2023-03-30,0226,N,VIIRS,n,2,283.38,3,N,0
43.11389,-6.10889,297.83,0.38,0.36,2023-03-30,0226,N,VIIRS,n,2,281.81,0.77,N,0
43.19518,-6.64243,341.63,0.38,0.36,2023-03-30,0226,N,VIIRS,n,2,298.9,24.22,N,0
43.19444,-6.63775,315.65,0.38,0.36,2023-03-30,0226,N,VIIRS,n,2,287.1,24.22,N,0
43.19189,-6.64338,354.57,0.38,0.36,2023-03-30,0226,N,VIIRS,n,2,300.4,14.13,N,0
43.19117,-6.63871,323.75,0.38,0.36,2023-03-30,0226,N,VIIRS,n,2,284.87,14.13,N,0
43.19262,-6.64805,309.68,0.38,0.36,2023-03-30,0226,N,VIIRS,n,2,283.36,1.36,N,0
43.18934,-6.649,303.8,0.38,0.36,2023-03-30,0226,N,VIIRS,n,2,281.61,1.36,N,0
43.18862,-6.64433,295.39,0.38,0.36,2023-03-30,0226,N,VIIRS,n,2,282.41,14.13,N,0
43.1806,-6.6369,307.39,0.38,0.36,2023-03-30,0226,N,VIIRS,n,2,282.94,0.71,N,0
43.1693,-6.63041,310.23,0.38,0.36,2023-03-30,0226,N,VIIRS,n,2,283.56,1.24,N,0
43.16603,-6.63136,325.16,0.38,0.36,2023-03-30,0226,N,VIIRS,n,2,283.68,1.24,N,0
43.0039,-5.75043,351.09,0.39,0.36,2023-03-30,0226,N,VIIRS,n,2,286.58,5.14,N,0
43.00314,-5.74576,304.39,0.39,0.36,2023-03-30,0226,N,VIIRS,n,2,276.86,5.14,N,0
43.00062,-5.75137,345.87,0.39,0.36,2023-03-30,0226,N,VIIRS,n,2,280.46,10.75,N,0
42.99984,-5.74669,332.49,0.39,0.36,2023-03-30,0226,N,VIIRS,n,2,279.77,10.75,N,0
43.10567,-6.44381,303.54,0.38,0.36,2023-03-30,0226,N,VIIRS,n,2,280.85,0.89,N,0
43.10384,-6.45407,295.79,0.38,0.36,2023-03-30,0226,N,VIIRS,n,2,279.93,0.98,N,0
43.10241,-6.44477,305.86,0.38,0.36,2023-03-30,0226,N,VIIRS,n,2,277.35,0.89,N,0
43.1006,-6.45506,308.08,0.38,0.36,2023-03-30,0226,N,VIIRS,n,2,278.86,1.4,N,0
41.4057,1.99894,298.91,0.5,0.49,2023-03-30,0226,N,VIIRS,n,2,283.17,0.77,N,2
43.09438,-6.7178,299.31,0.38,0.36,2023-03-30,0226,N,VIIRS,n,2,281.73,0.44,N,0
43.09365,-6.71313,296.74,0.38,0.36,2023-03-30,0226,N,VIIRS,n,2,280.63,0.44,N,0
43.0776,-6.74212,305.07,0.38,0.36,2023-03-30,0226,N,VIIRS,n,2,278.2,0.89,N,0
43.06667,-6.75986,295.55,0.38,0.36,2023-03-30,0226,N,VIIRS,n,2,274.92,0.67,N,0
43.11972,-7.19491,298.46,0.39,0.36,2023-03-30,0226,N,VIIRS,n,2,282.02,0.38,N,0
43.11644,-7.19587,295.69,0.39,0.36,2023-03-30,0226,N,VIIRS,n,2,281.75,0.38,N,0
43.08425,-7.20984,305.4,0.39,0.36,2023-03-30,0226,N,VIIRS,n,2,277.81,1.04,N,0
43.08353,-7.20505,312.31,0.39,0.36,2023-03-30,0226,N,VIIRS,n,2,278.21,1.04,N,0
43.08024,-7.20598,320.96,0.39,0.36,2023-03-30,0226,N,VIIRS,n,2,275.46,1.26,N,0
43.08167,-7.21554,297.56,0.39,0.36,2023-03-30,0226,N,VIIRS,n,2,276.98,0.93,N,0
43.08096,-7.21077,309.02,0.39,0.36,2023-03-30,0226,N,VIIRS,n,2,274.93,1.26,N,0
41.31168,1.66051,316.22,0.48,0.48,2023-03-30,0226,N,VIIRS,n,2,284.75,2.51,N,2
42.27992,-6.69156,332.59,0.38,0.36,2023-03-30,0226,N,VIIRS,n,2,284.41,12.61,N,0
42.28864,-6.74677,298.34,0.38,0.36,2023-03-30,0226,N,VIIRS,n,2,274.49,3.24,N,0
42.28791,-6.74215,304.16,0.38,0.36,2023-03-30,0226,N,VIIRS,n,2,273.98,3.24,N,0
42.28535,-6.74771,331.56,0.38,0.36,2023-03-30,0226,N,VIIRS,n,2,275.28,3.24,N,0
42.28463,-6.74309,338.66,0.38,0.36,2023-03-30,0226,N,VIIRS,n,2,280.89,3.24,N,0
42.28394,-6.73854,300.38,0.38,0.36,2023-03-30,0226,N,VIIRS,n,2,275.06,0.94,N,0
42.28135,-6.74403,304.05,0.38,0.36,2023-03-30,0226,N,VIIRS,n,2,275.13,1.64,N,0
37.17619,-6.89301,298.79,0.4,0.37,2023-03-30,0227,N,VIIRS,n,2,278.4,0.87,N,0
38.31957,-6.719,301.3,0.39,0.36,2023-03-30,0227,N,VIIRS,n,2,285.39,0.7,N,0
37.29948,-1.87746,299.11,0.4,0.44,2023-03-30,0227,N,VIIRS,n,2,277.5,0.5,N,0
38.37771,-0.54244,299.15,0.44,0.46,2023-03-30,0227,N,VIIRS,n,2,278.63,0.5,N,2
40.79701,-1.78622,352.94,0.44,0.62,2023-03-30,1209,N,VIIRS,n,2,284.57,10.14,D,0
40.79998,-1.78204,339.19,0.43,0.62,2023-03-30,1209,N,VIIRS,n,2,278.33,7.29,D,0
43.07364,-1.34572,334.93,0.36,0.57,2023-03-30,1209,N,VIIRS,n,2,291.32,4.48,D,0
43.07586,-1.33778,355.15,0.36,0.57,2023-03-30,1209,N,VIIRS,n,2,304.19,23.66,D,0
43.07481,-1.34155,367,0.36,0.57,2023-03-30,1209,N,VIIRS,h,2,296.11,23.66,D,0
43.07688,-1.33414,367,0.36,0.57,2023-03-30,1209,N,VIIRS,h,2,293.97,30.22,D,0
43.07684,-1.33843,356.5,0.36,0.57,2023-03-30,1209,N,VIIRS,n,2,300.44,19.14,D,0
40.90065,-2.98341,326.04,0.49,0.65,2023-03-30,1209,N,VIIRS,n,2,294.49,1.81,D,0
40.90254,-2.98387,335.72,0.49,0.65,2023-03-30,1209,N,VIIRS,n,2,296.52,4.66,D,0
41.91431,-0.41772,330.85,0.35,0.57,2023-03-30,1209,N,VIIRS,n,2,293.11,2.7,D,0
43.07576,-1.34237,367,0.36,0.57,2023-03-30,1209,N,VIIRS,h,2,293.84,19.14,D,0
43.07788,-1.33466,367,0.36,0.57,2023-03-30,1209,N,VIIRS,h,2,293.99,26.2,D,0
43.07151,-1.33704,353.32,0.36,0.57,2023-03-30,1209,N,VIIRS,n,2,295.27,19.38,D,0
43.07242,-1.33374,367,0.36,0.57,2023-03-30,1209,N,VIIRS,h,2,303.3,36.41,D,0
41.26901,-0.13775,328.59,0.35,0.57,2023-03-30,1209,N,VIIRS,n,2,293.19,1.94,D,0
40.79847,-1.78724,331.51,0.44,0.62,2023-03-30,1209,N,VIIRS,n,2,276.97,7.29,D,0
40.79848,-1.78105,338.77,0.44,0.62,2023-03-30,1209,N,VIIRS,n,2,284.22,11.67,D,0
43.12883,-4.26697,332.89,0.49,0.65,2023-03-30,1210,N,VIIRS,n,2,296.42,16.59,D,0
43.12614,-4.2758,367,0.49,0.65,2023-03-30,1210,N,VIIRS,h,2,300.49,17.3,D,0
43.1274,-4.25001,347.17,0.49,0.65,2023-03-30,1210,N,VIIRS,n,2,293.24,7.41,D,0
43.17305,-4.01414,367,0.47,0.64,2023-03-30,1210,N,VIIRS,h,2,295.38,18.57,D,0
43.16769,-4.01034,367,0.47,0.64,2023-03-30,1210,N,VIIRS,h,2,297.22,18.57,D,0
43.17361,-3.84172,331.47,0.46,0.64,2023-03-30,1210,N,VIIRS,n,2,293.94,8.05,D,0
43.17579,-3.83456,367,0.46,0.64,2023-03-30,1210,N,VIIRS,h,2,295.92,19.07,D,0
43.17676,-3.83445,367,0.46,0.64,2023-03-30,1210,N,VIIRS,h,2,295.72,8.33,D,0
43.17056,-3.83365,344.14,0.46,0.64,2023-03-30,1210,N,VIIRS,n,2,287.78,8.33,D,0
43.15694,-4.33308,355.63,0.49,0.65,2023-03-30,1210,N,VIIRS,n,2,296.5,11.16,D,0
43.42743,-5.08879,336.05,0.52,0.67,2023-03-30,1210,N,VIIRS,n,2,279.67,6.1,D,0
43.31532,-5.16193,329.96,0.53,0.67,2023-03-30,1210,N,VIIRS,n,2,268.46,11.42,D,0
43.29134,-5.15826,338.14,0.53,0.67,2023-03-30,1210,N,VIIRS,n,2,268.85,6.47,D,0
43.16924,-5.09329,335.98,0.53,0.67,2023-03-30,1210,N,VIIRS,n,2,272,4.67,D,0
43.24458,-4.72508,330.69,0.51,0.66,2023-03-30,1210,N,VIIRS,n,2,288.33,4.75,D,0
43.24357,-4.72845,328.08,0.51,0.66,2023-03-30,1210,N,VIIRS,n,2,288.24,5.81,D,0
43.27227,-4.26927,330.97,0.48,0.65,2023-03-30,1210,N,VIIRS,n,2,291.04,5.12,D,0
43.27384,-4.26417,327.1,0.48,0.65,2023-03-30,1210,N,VIIRS,n,2,291.99,6.25,D,0
43.24577,-4.2485,331.34,0.48,0.65,2023-03-30,1210,N,VIIRS,n,2,292.04,10.15,D,0
43.24438,-4.25297,367,0.48,0.65,2023-03-30,1210,N,VIIRS,h,2,293.49,9.92,D,0
43.24223,-4.24871,367,0.48,0.65,2023-03-30,1210,N,VIIRS,h,2,296.9,11.11,D,0
43.23693,-4.24452,340.71,0.48,0.65,2023-03-30,1210,N,VIIRS,n,2,294.21,11.11,D,0
43.16731,-4.34237,355.75,0.49,0.65,2023-03-30,1210,N,VIIRS,n,2,296.82,13.81,D,0
43.16979,-4.33435,346.79,0.49,0.65,2023-03-30,1210,N,VIIRS,n,2,290.86,13.81,D,0
43.17521,-4.31677,349.06,0.49,0.65,2023-03-30,1210,N,VIIRS,n,2,294.5,9.09,D,0
43.17646,-4.31272,342.18,0.49,0.65,2023-03-30,1210,N,VIIRS,n,2,295.78,9.36,D,0
43.17397,-4.27793,335.72,0.49,0.65,2023-03-30,1210,N,VIIRS,n,2,294.17,4.61,D,0
43.12663,-4.28138,346.5,0.49,0.65,2023-03-30,1210,N,VIIRS,n,2,295.62,12.01,D,0
43.13181,-4.26474,332.18,0.49,0.65,2023-03-30,1210,N,VIIRS,n,2,291.72,11.39,D,0
43.1293,-4.27281,367,0.49,0.65,2023-03-30,1210,N,VIIRS,h,2,300.61,12.01,D,0
37.35243,-2.43273,331.5,0.59,0.53,2023-03-30,1348,N,VIIRS,n,2,306.15,2.31,D,0
37.27438,-7.35014,332.95,0.5,0.41,2023-03-30,1348,N,VIIRS,l,2,304.25,2.13,D,0
40.16652,-5.9074,340.99,0.42,0.45,2023-03-30,1349,N,VIIRS,n,2,277.25,14.39,D,0
38.19216,-4.53305,340.47,0.47,0.47,2023-03-30,1349,N,VIIRS,n,2,301.2,5.15,D,0
40.16714,-5.8984,333.97,0.42,0.45,2023-03-30,1349,N,VIIRS,n,2,275.26,8.3,D,0
40.16663,-5.90371,356.87,0.42,0.45,2023-03-30,1349,N,VIIRS,l,2,283.15,21.58,D,0
40.16698,-5.90211,357.31,0.42,0.45,2023-03-30,1349,N,VIIRS,n,2,280.02,14.39,D,0
40.79505,-1.78573,337.69,0.35,0.56,2023-03-30,1349,N,VIIRS,n,2,292.13,2.17,D,0
43.07545,-1.88972,334.19,0.36,0.57,2023-03-30,1350,N,VIIRS,n,2,291.38,1.28,D,0
43.44555,-5.84033,340.43,0.46,0.47,2023-03-30,1350,N,VIIRS,n,2,284.22,7.43,D,0
43.2661,-1.48224,327.79,0.38,0.58,2023-03-30,1350,N,VIIRS,n,2,294.78,6,D,0
43.26591,-1.48657,343.12,0.38,0.58,2023-03-30,1350,N,VIIRS,n,2,293.19,4.48,D,0
43.34473,-5.23065,326.89,0.44,0.38,2023-03-31,0207,N,VIIRS,n,2,283.72,1.72,N,0
43.22431,-2.87675,302.25,0.39,0.36,2023-03-31,0207,N,VIIRS,n,2,274.82,0.5,N,2
43.22099,-2.87764,298.95,0.39,0.36,2023-03-31,0207,N,VIIRS,n,2,273.8,0.45,N,0
43.54214,-5.83255,299.73,0.46,0.39,2023-03-31,0207,N,VIIRS,n,2,286.63,1,N,2
43.52654,-5.73144,304.9,0.46,0.39,2023-03-31,0207,N,VIIRS,n,2,287,1.13,N,2
43.52586,-5.72581,298.92,0.46,0.39,2023-03-31,0207,N,VIIRS,n,2,285.9,1.13,N,2
43.54226,-5.83412,295.99,0.46,0.39,2023-03-31,0207,N,VIIRS,n,2,284.69,0.6,N,2
43.52914,-5.72673,302.85,0.46,0.39,2023-03-31,0207,N,VIIRS,n,2,286.08,1.03,N,2
43.27219,-3.77031,300.2,0.4,0.37,2023-03-31,0207,N,VIIRS,n,2,278.48,0.72,N,0
43.25339,-3.63672,299.54,0.4,0.37,2023-03-31,0207,N,VIIRS,n,2,274.29,0.64,N,0
43.53796,-5.82922,302.08,0.46,0.39,2023-03-31,0207,N,VIIRS,n,2,285.02,0.82,N,2
43.52556,-5.72754,315.54,0.46,0.39,2023-03-31,0207,N,VIIRS,n,2,287.46,1.83,N,2
43.26885,-3.77131,295.35,0.4,0.37,2023-03-31,0207,N,VIIRS,n,2,277.48,0.51,N,0
43.23927,-3.65998,297.06,0.4,0.37,2023-03-31,0207,N,VIIRS,n,2,272.25,0.15,N,0
43.36816,-4.79501,297.37,0.43,0.38,2023-03-31,0207,N,VIIRS,n,2,280.41,0.54,N,0
43.55434,-6.4118,332.36,0.48,0.4,2023-03-31,0207,N,VIIRS,n,2,286.06,6.45,N,0
43.549,-6.43115,334.21,0.48,0.4,2023-03-31,0207,N,VIIRS,n,2,291.17,15.89,N,0
43.54832,-6.42523,354.91,0.48,0.4,2023-03-31,0207,N,VIIRS,n,2,298.22,12.98,N,0
43.54763,-6.41913,318.49,0.48,0.4,2023-03-31,0207,N,VIIRS,n,2,284.97,12.98,N,0
43.38075,-5.03288,302.59,0.43,0.38,2023-03-31,0207,N,VIIRS,n,2,284.19,1.71,N,0
43.38004,-5.02732,312.13,0.43,0.38,2023-03-31,0207,N,VIIRS,n,2,283.71,1.3,N,0
43.54596,-6.43773,324.31,0.48,0.4,2023-03-31,0207,N,VIIRS,n,2,285.37,15.89,N,0
43.54529,-6.43177,344.38,0.48,0.4,2023-03-31,0207,N,VIIRS,n,2,288.91,15.89,N,0
43.54461,-6.42579,348,0.48,0.4,2023-03-31,0207,N,VIIRS,n,2,287.35,12.98,N,0
43.37796,-5.0393,324.39,0.43,0.38,2023-03-31,0207,N,VIIRS,n,2,284.91,1.71,N,0
43.54393,-6.41984,317.36,0.48,0.4,2023-03-31,0207,N,VIIRS,n,2,282.69,12.98,N,0
43.35535,-4.86189,298.64,0.43,0.38,2023-03-31,0207,N,VIIRS,n,2,279.83,0.4,N,0
43.54297,-6.44468,330.27,0.48,0.4,2023-03-31,0207,N,VIIRS,n,2,288.5,8.7,N,0
43.54229,-6.4386,328.99,0.48,0.4,2023-03-31,0207,N,VIIRS,n,2,290.16,12.02,N,0
43.35191,-4.86299,320.3,0.43,0.38,2023-03-31,0207,N,VIIRS,n,2,281.31,3.07,N,0
43.27433,-4.27164,323.47,0.41,0.37,2023-03-31,0207,N,VIIRS,n,2,284.42,1.99,N,0
43.5416,-6.43251,311.73,0.48,0.4,2023-03-31,0207,N,VIIRS,n,2,283.66,12.02,N,0
43.5409,-6.42638,308.36,0.48,0.4,2023-03-31,0207,N,VIIRS,n,2,282.83,1.36,N,0
43.54021,-6.42034,316.19,0.48,0.4,2023-03-31,0207,N,VIIRS,n,2,278.13,1.36,N,0
43.27499,-4.27657,313.89,0.41,0.37,2023-03-31,0207,N,VIIRS,n,2,283.92,1.97,N,0
43.27238,-4.25713,296.37,0.41,0.37,2023-03-31,0207,N,VIIRS,n,2,284.41,1,N,0
43.53862,-6.43962,353.85,0.48,0.4,2023-03-31,0207,N,VIIRS,n,2,292.74,12.02,N,0
43.5379,-6.43325,348.79,0.48,0.4,2023-03-31,0207,N,VIIRS,n,2,288.62,12.02,N,0
43.34989,-4.87525,325.39,0.43,0.38,2023-03-31,0207,N,VIIRS,n,2,293.58,35.26,N,0
43.27159,-4.27748,320.9,0.41,0.37,2023-03-31,0207,N,VIIRS,n,2,282.9,1.97,N,0
43.5393,-6.44563,308.88,0.48,0.4,2023-03-31,0207,N,VIIRS,n,2,284.63,8.7,N,0
43.53719,-6.42698,305.08,0.48,0.4,2023-03-31,0207,N,VIIRS,n,2,280.02,1.36,N,0
43.5365,-6.42088,300.62,0.48,0.4,2023-03-31,0207,N,VIIRS,n,2,275.1,1.36,N,0
43.34919,-4.86968,308.15,0.43,0.38,2023-03-31,0207,N,VIIRS,n,2,281.09,3.07,N,0
43.27094,-4.27263,310.51,0.41,0.37,2023-03-31,0207,N,VIIRS,n,2,283.52,1.99,N,0
43.53761,-6.46412,342.4,0.48,0.4,2023-03-31,0207,N,VIIRS,n,2,286.66,8.74,N,0
43.34643,-4.87614,332.41,0.43,0.38,2023-03-31,0207,N,VIIRS,n,2,281.98,7.91,N,0
43.53695,-6.45826,314.26,0.48,0.4,2023-03-31,0207,N,VIIRS,n,2,285.53,8.74,N,0
43.53627,-6.45228,314.5,0.48,0.4,2023-03-31,0207,N,VIIRS,n,2,285.91,3.05,N,0
43.53455,-6.47052,345.73,0.48,0.4,2023-03-31,0207,N,VIIRS,n,2,287.3,10.35,N,0
43.53386,-6.46438,355.53,0.48,0.4,2023-03-31,0207,N,VIIRS,n,2,289.33,8.74,N,0
43.37201,-5.1062,329.3,0.43,0.38,2023-03-31,0207,N,VIIRS,n,2,282.75,5.79,N,0
43.37135,-5.10093,345.4,0.43,0.38,2023-03-31,0207,N,VIIRS,n,2,285.25,5.79,N,0
43.53191,-6.44711,312.47,0.48,0.4,2023-03-31,0207,N,VIIRS,n,2,286.16,3.05,N,0
43.53055,-6.43506,311.3,0.48,0.4,2023-03-31,0207,N,VIIRS,n,2,282.71,4.67,N,0
43.5308,-6.47081,344.37,0.48,0.4,2023-03-31,0207,N,VIIRS,n,2,286.23,10.41,N,0
43.36919,-5.11246,328.35,0.43,0.38,2023-03-31,0207,N,VIIRS,n,2,282.65,4.04,N,0
43.36852,-5.10707,344.51,0.43,0.38,2023-03-31,0207,N,VIIRS,n,2,284.63,6.79,N,0
43.52883,-6.45334,319.39,0.48,0.4,2023-03-31,0207,N,VIIRS,n,2,287.59,7.75,N,0
43.52818,-6.4476,312.3,0.48,0.4,2023-03-31,0207,N,VIIRS,n,2,285.35,7.75,N,0
43.3672,-5.09659,308.96,0.43,0.38,2023-03-31,0207,N,VIIRS,n,2,282.88,1.04,N,0
43.52707,-6.47121,345.62,0.48,0.4,2023-03-31,0207,N,VIIRS,n,2,285.32,10.41,N,0
43.52578,-6.45975,347.49,0.48,0.4,2023-03-31,0207,N,VIIRS,n,2,289,12.5,N,0
43.52514,-6.45413,367,0.48,0.4,2023-03-31,0207,N,VIIRS,h,2,292.76,7.75,N,0
43.52449,-6.44837,336.79,0.48,0.4,2023-03-31,0207,N,VIIRS,n,2,288.62,7.75,N,0
43.52337,-6.47191,337.02,0.48,0.4,2023-03-31,0207,N,VIIRS,n,2,283.17,5.89,N,0
43.52208,-6.46053,352.7,0.48,0.4,2023-03-31,0207,N,VIIRS,n,2,293.72,16.22,N,0
43.52145,-6.45489,348.73,0.48,0.4,2023-03-31,0207,N,VIIRS,n,2,287.51,7.95,N,0
43.52679,-6.50252,302.66,0.49,0.4,2023-03-31,0207,N,VIIRS,n,2,281.9,24.38,N,0
43.52609,-6.49624,304.31,0.48,0.4,2023-03-31,0207,N,VIIRS,n,2,282.59,24.38,N,0
43.52271,-6.46606,308.2,0.48,0.4,2023-03-31,0207,N,VIIRS,n,2,283.43,16.22,N,0
43.52079,-6.44909,315.22,0.48,0.4,2023-03-31,0207,N,VIIRS,n,2,284.06,7.95,N,0
43.51882,-6.43157,305.07,0.48,0.4,2023-03-31,0207,N,VIIRS,n,2,278.71,1.25,N,0
43.51813,-6.4254,311.39,0.48,0.4,2023-03-31,0207,N,VIIRS,n,2,277.51,1.25,N,0
43.52236,-6.49668,335.7,0.48,0.4,2023-03-31,0207,N,VIIRS,n,2,301.03,24.38,N,0
43.52169,-6.49066,335.65,0.48,0.4,2023-03-31,0207,N,VIIRS,n,2,286.89,7.95,N,0
43.52037,-6.47897,341.23,0.48,0.4,2023-03-31,0207,N,VIIRS,n,2,285.96,5.89,N,0
43.51966,-6.47255,333.91,0.48,0.4,2023-03-31,0207,N,VIIRS,n,2,283.26,5.89,N,0
43.51902,-6.46682,337.56,0.48,0.4,2023-03-31,0207,N,VIIRS,n,2,284.13,16.22,N,0
43.52379,-6.50954,306.54,0.49,0.4,2023-03-31,0207,N,VIIRS,n,2,282.71,1.67,N,0
43.52308,-6.50318,318.87,0.49,0.4,2023-03-31,0207,N,VIIRS,n,2,282.88,24.38,N,0
43.51514,-6.43245,305.51,0.48,0.4,2023-03-31,0207,N,VIIRS,n,2,277.67,1.25,N,0
43.51447,-6.42651,304.35,0.48,0.4,2023-03-31,0207,N,VIIRS,n,2,274.03,1.25,N,0
43.36013,-5.12654,316.94,0.43,0.38,2023-03-31,0207,N,VIIRS,n,2,283.71,2.16,N,0
43.52008,-6.51027,343.25,0.49,0.4,2023-03-31,0207,N,VIIRS,n,2,285.8,15.2,N,0
43.51937,-6.50392,333.77,0.49,0.4,2023-03-31,0207,N,VIIRS,n,2,285.29,40.27,N,0
43.51867,-6.49755,330.57,0.48,0.4,2023-03-31,0207,N,VIIRS,n,2,308.7,40.27,N,0
43.51799,-6.4914,351.58,0.48,0.4,2023-03-31,0207,N,VIIRS,n,2,290.2,17.6,N,0
43.51731,-6.48541,356.25,0.48,0.4,2023-03-31,0207,N,VIIRS,n,2,289.83,17.6,N,0
43.51665,-6.47941,346.75,0.48,0.4,2023-03-31,0207,N,VIIRS,n,2,285.5,7.18,N,0
43.52078,-6.51657,300.01,0.49,0.4,2023-03-31,0207,N,VIIRS,n,2,283.24,15.2,N,0
43.51598,-6.4734,311.21,0.48,0.4,2023-03-31,0207,N,VIIRS,n,2,282.37,7.18,N,0
43.51534,-6.46774,311.9,0.48,0.4,2023-03-31,0207,N,VIIRS,n,2,281.57,4.39,N,0
43.51847,-6.52992,323.35,0.49,0.4,2023-03-31,0207,N,VIIRS,n,2,284.89,8.39,N,0
43.51778,-6.52363,367,0.49,0.4,2023-03-31,0207,N,VIIRS,h,2,289.25,8.39,N,0
43.51708,-6.51731,330.16,0.49,0.4,2023-03-31,0207,N,VIIRS,n,2,284.89,15.2,N,0
43.51639,-6.51113,348.44,0.49,0.4,2023-03-31,0207,N,VIIRS,n,2,296.16,15.2,N,0
43.51569,-6.50479,348.8,0.49,0.4,2023-03-31,0207,N,VIIRS,n,2,290.87,40.27,N,0
43.515,-6.49858,334.75,0.48,0.4,2023-03-31,0207,N,VIIRS,n,2,285.6,40.27,N,0
43.51431,-6.49235,346.44,0.48,0.4,2023-03-31,0207,N,VIIRS,n,2,285.28,17.6,N,0
43.51361,-6.48606,340.8,0.48,0.4,2023-03-31,0207,N,VIIRS,n,2,286.03,17.6,N,0
43.51165,-6.46862,345.34,0.48,0.4,2023-03-31,0207,N,VIIRS,n,2,286.64,4.39,N,0
43.51406,-6.52427,322.84,0.49,0.4,2023-03-31,0207,N,VIIRS,n,2,283.96,2.99,N,0
43.51337,-6.51801,354.9,0.49,0.4,2023-03-31,0207,N,VIIRS,n,2,289.79,14.93,N,0
43.5127,-6.51193,339.49,0.49,0.4,2023-03-31,0207,N,VIIRS,n,2,285.76,14.93,N,0
43.51199,-6.50557,347.41,0.49,0.4,2023-03-31,0207,N,VIIRS,n,2,285.97,11.56,N,0
43.5113,-6.49938,347.73,0.48,0.4,2023-03-31,0207,N,VIIRS,n,2,290.13,11.56,N,0
43.51061,-6.49318,345.71,0.48,0.4,2023-03-31,0207,N,VIIRS,n,2,286.29,6.96,N,0
43.50795,-6.46927,331.36,0.48,0.4,2023-03-31,0207,N,VIIRS,n,2,286.44,5.35,N,0
43.42441,-5.74374,352.98,0.45,0.39,2023-03-31,0207,N,VIIRS,n,2,271.25,4.48,N,0
43.3369,-5.02737,323.87,0.43,0.38,2023-03-31,0207,N,VIIRS,n,2,282.74,5.43,N,0
43.33624,-5.02214,323.09,0.43,0.38,2023-03-31,0207,N,VIIRS,n,2,287.92,5.43,N,0
43.51476,-6.53061,313.13,0.49,0.4,2023-03-31,0207,N,VIIRS,n,2,284.45,2.99,N,0
43.5099,-6.48672,307.21,0.48,0.4,2023-03-31,0207,N,VIIRS,n,2,282.57,6.96,N,0
43.50857,-6.47485,317.31,0.48,0.4,2023-03-31,0207,N,VIIRS,n,2,283.58,3.94,N,0
43.42508,-5.74938,297.68,0.46,0.39,2023-03-31,0207,N,VIIRS,n,2,272.79,4.48,N,0
43.42374,-5.73808,311.08,0.45,0.39,2023-03-31,0207,N,VIIRS,n,2,267.39,1.57,N,0
43.50965,-6.51863,345.51,0.49,0.4,2023-03-31,0207,N,VIIRS,n,2,286.95,14.93,N,0
43.50898,-6.5126,354.44,0.49,0.4,2023-03-31,0207,N,VIIRS,n,2,288.9,14.93,N,0
43.50827,-6.50617,349.69,0.49,0.4,2023-03-31,0207,N,VIIRS,n,2,284.83,11.56,N,0
43.50758,-6.49997,349.85,0.48,0.4,2023-03-31,0207,N,VIIRS,n,2,288.71,11.56,N,0
43.5069,-6.49376,346.45,0.48,0.4,2023-03-31,0207,N,VIIRS,n,2,286.95,6.96,N,0
43.42083,-5.7446,334.12,0.45,0.39,2023-03-31,0207,N,VIIRS,n,2,270.64,4.48,N,0
43.51035,-6.52501,306.95,0.49,0.4,2023-03-31,0207,N,VIIRS,n,2,283.11,2.99,N,0
43.4215,-5.75024,300.57,0.46,0.39,2023-03-31,0207,N,VIIRS,n,2,274.04,4.48,N,0
43.42017,-5.73896,307.06,0.45,0.39,2023-03-31,0207,N,VIIRS,n,2,266.7,1.57,N,0
43.33274,-5.02288,295.16,0.43,0.38,2023-03-31,0207,N,VIIRS,n,2,281.87,5.43,N,0
43.22607,-4.20039,311.4,0.41,0.37,2023-03-31,0207,N,VIIRS,n,2,281.85,1.22,N,0
43.18417,-3.89075,298.37,0.4,0.37,2023-03-31,0207,N,VIIRS,n,2,280.54,0.46,N,0
43.51877,-6.51131,349.7,0.49,0.4,2023-03-31,0207,N,VIIRS,n,2,293.08,22.01,N,0
43.51804,-6.50499,339.22,0.48,0.4,2023-03-31,0207,N,VIIRS,n,2,286.55,22.01,N,0
43.51729,-6.49862,341.35,0.48,0.4,2023-03-31,0207,N,VIIRS,n,2,292.04,19.67,N,0
43.51657,-6.49245,344.46,0.48,0.4,2023-03-31,0207,N,VIIRS,n,2,290.78,19.67,N,0
43.51586,-6.48634,351.63,0.48,0.4,2023-03-31,0207,N,VIIRS,n,2,285.66,10.43,N,0
43.51516,-6.48027,338.65,0.48,0.4,2023-03-31,0207,N,VIIRS,n,2,282.99,10.43,N,0
43.33624,-5.02355,339.75,0.43,0.38,2023-03-31,0207,N,VIIRS,n,2,288.75,14.51,N,0
43.5195,-6.51759,301.63,0.49,0.4,2023-03-31,0207,N,VIIRS,n,2,283.52,8.32,N,0
43.51048,-6.44004,306.36,0.48,0.4,2023-03-31,0207,N,VIIRS,n,2,283.32,2.74,N,0
43.42711,-5.74412,298.42,0.45,0.39,2023-03-31,0207,N,VIIRS,n,2,268.15,5.97,N,0
43.18356,-3.88747,295.52,0.4,0.37,2023-03-31,0207,N,VIIRS,n,2,279.65,1.41,N,0
43.51651,-6.52447,367,0.49,0.4,2023-03-31,0207,N,VIIRS,h,2,288.65,8.32,N,0
43.51579,-6.51825,349.86,0.49,0.4,2023-03-31,0207,N,VIIRS,n,2,286.86,8.32,N,0
43.51507,-6.5121,343.19,0.49,0.4,2023-03-31,0207,N,VIIRS,n,2,288.82,22.01,N,0
43.51434,-6.5058,355.46,0.48,0.4,2023-03-31,0207,N,VIIRS,n,2,290.16,22.01,N,0
43.51362,-6.49961,328.09,0.48,0.4,2023-03-31,0207,N,VIIRS,n,2,285.2,19.67,N,0
43.5129,-6.49339,342.66,0.48,0.4,2023-03-31,0207,N,VIIRS,n,2,286.69,19.67,N,0
43.51216,-6.48707,348.06,0.48,0.4,2023-03-31,0207,N,VIIRS,n,2,285.65,10.43,N,0
43.51012,-6.46951,335.89,0.48,0.4,2023-03-31,0207,N,VIIRS,n,2,288.79,11.27,N,0
43.42353,-5.74499,347.79,0.45,0.39,2023-03-31,0207,N,VIIRS,n,2,274.07,5.97,N,0
43.42284,-5.73934,333.23,0.45,0.39,2023-03-31,0207,N,VIIRS,n,2,269.13,5.97,N,0
43.22286,-4.19761,328.9,0.41,0.37,2023-03-31,0207,N,VIIRS,n,2,282.67,2.37,N,0
43.18021,-3.88848,328.01,0.4,0.37,2023-03-31,0207,N,VIIRS,n,2,281.8,1.41,N,0
43.17399,-3.84393,348.99,0.4,0.37,2023-03-31,0207,N,VIIRS,n,2,283.83,7.97,N,0
43.1719,-3.82898,328.82,0.4,0.37,2023-03-31,0207,N,VIIRS,n,2,280.28,1.89,N,0
43.51725,-6.53086,316.55,0.49,0.4,2023-03-31,0207,N,VIIRS,n,2,283.86,4.52,N,0
43.17119,-3.82393,301.12,0.4,0.37,2023-03-31,0207,N,VIIRS,n,2,278.1,1.89,N,0
43.51207,-6.51895,348.1,0.49,0.4,2023-03-31,0207,N,VIIRS,n,2,291.33,8.27,N,0
43.51137,-6.51289,341.22,0.49,0.4,2023-03-31,0207,N,VIIRS,n,2,286.39,12.76,N,0
43.51063,-6.50649,353.74,0.48,0.4,2023-03-31,0207,N,VIIRS,n,2,286.74,12.76,N,0
43.50991,-6.50028,351.22,0.48,0.4,2023-03-31,0207,N,VIIRS,n,2,290.02,13.19,N,0
43.5092,-6.49413,335.02,0.48,0.4,2023-03-31,0207,N,VIIRS,n,2,288.36,13.19,N,0
43.50706,-6.47575,325.35,0.48,0.4,2023-03-31,0207,N,VIIRS,n,2,282.29,2.3,N,0
43.16786,-3.82504,342.44,0.4,0.37,2023-03-31,0207,N,VIIRS,n,2,282.87,3.51,N,0
43.51281,-6.52523,308.66,0.49,0.4,2023-03-31,0207,N,VIIRS,n,2,283.46,8.27,N,0
43.50642,-6.47018,318.26,0.48,0.4,2023-03-31,0207,N,VIIRS,n,2,284.28,2.3,N,0
43.42064,-5.75147,300.85,0.45,0.39,2023-03-31,0207,N,VIIRS,n,2,275.76,3.08,N,0
43.41995,-5.74584,313.54,0.45,0.39,2023-03-31,0207,N,VIIRS,n,2,274.48,2.04,N,0
43.41926,-5.7402,301.16,0.45,0.39,2023-03-31,0207,N,VIIRS,n,2,268.53,2.04,N,0
43.17066,-3.84505,318.96,0.4,0.37,2023-03-31,0207,N,VIIRS,n,2,279.09,2.39,N,0
43.50835,-6.51952,332.86,0.49,0.4,2023-03-31,0207,N,VIIRS,n,2,283.37,8.27,N,0
43.50765,-6.51347,351.21,0.49,0.4,2023-03-31,0207,N,VIIRS,n,2,289.03,12.76,N,0
43.50619,-6.50084,348.56,0.48,0.4,2023-03-31,0207,N,VIIRS,n,2,287.87,13.19,N,0
43.50547,-6.49466,348.27,0.48,0.4,2023-03-31,0207,N,VIIRS,n,2,285.43,13.19,N,0
43.41845,-5.76364,356.69,0.46,0.39,2023-03-31,0207,N,VIIRS,n,2,287.54,17.15,N,0
43.41776,-5.75798,324.81,0.46,0.39,2023-03-31,0207,N,VIIRS,n,2,278.6,3.08,N,0
43.41707,-5.75232,330.29,0.45,0.39,2023-03-31,0207,N,VIIRS,n,2,275.63,3.08,N,0
43.41637,-5.74667,333.15,0.45,0.39,2023-03-31,0207,N,VIIRS,n,2,275.06,2.04,N,0
43.16521,-3.83104,324.38,0.4,0.37,2023-03-31,0207,N,VIIRS,n,2,280.7,3.51,N,0
43.50908,-6.52585,304.41,0.49,0.4,2023-03-31,0207,N,VIIRS,n,2,283.53,8.27,N,0
43.50692,-6.50712,318.76,0.48,0.4,2023-03-31,0207,N,VIIRS,n,2,281.32,12.76,N,0
43.50008,-6.44805,313.63,0.48,0.4,2023-03-31,0207,N,VIIRS,n,2,286.39,3.47,N,0
43.49942,-6.44248,307.11,0.48,0.4,2023-03-31,0207,N,VIIRS,n,2,285.05,2.23,N,0
43.16452,-3.82612,315.15,0.4,0.37,2023-03-31,0207,N,VIIRS,n,2,279.9,3.51,N,0
43.50682,-6.53913,331.01,0.49,0.4,2023-03-31,0207,N,VIIRS,n,2,286.08,7.23,N,0
43.50611,-6.5329,337.53,0.49,0.4,2023-03-31,0207,N,VIIRS,n,2,286.2,7.23,N,0
43.50537,-6.52658,343.8,0.49,0.4,2023-03-31,0207,N,VIIRS,n,2,287.3,13.18,N,0
43.50394,-6.51417,341.81,0.49,0.4,2023-03-31,0207,N,VIIRS,n,2,286.13,4.73,N,0
43.50246,-6.50136,349.83,0.48,0.4,2023-03-31,0207,N,VIIRS,n,2,285.75,8.63,N,0
43.41486,-5.76445,341.26,0.46,0.39,2023-03-31,0207,N,VIIRS,n,2,282.05,14.82,N,0
43.41417,-5.7588,349.88,0.46,0.39,2023-03-31,0207,N,VIIRS,n,2,286.44,17.51,N,0
43.41348,-5.75315,346.04,0.45,0.39,2023-03-31,0207,N,VIIRS,n,2,281.76,17.51,N,0
43.41279,-5.7475,347.56,0.45,0.39,2023-03-31,0207,N,VIIRS,n,2,276.79,11.25,N,0
43.50753,-6.54523,300.96,0.49,0.4,2023-03-31,0207,N,VIIRS,n,2,277.97,1.02,N,0
43.50462,-6.52002,311.95,0.49,0.4,2023-03-31,0207,N,VIIRS,n,2,283.56,13.18,N,0
43.5032,-6.50778,304.83,0.48,0.4,2023-03-31,0207,N,VIIRS,n,2,281.38,4.73,N,0
43.4964,-6.44893,315.31,0.48,0.4,2023-03-31,0207,N,VIIRS,n,2,285.36,3.07,N,0
43.5031,-6.53974,335.35,0.49,0.4,2023-03-31,0207,N,VIIRS,n,2,285.83,7.23,N,0
43.50238,-6.53347,339.71,0.49,0.4,2023-03-31,0207,N,VIIRS,n,2,286.16,7.23,N,0
43.5009,-6.52067,352.09,0.49,0.4,2023-03-31,0207,N,VIIRS,n,2,292.19,13.18,N,0
43.50023,-6.5148,325.07,0.49,0.4,2023-03-31,0207,N,VIIRS,n,2,284.35,4.73,N,0
43.50383,-6.54603,304.69,0.49,0.4,2023-03-31,0207,N,VIIRS,n,2,279.58,1.02,N,0
43.41059,-5.75966,304.39,0.46,0.39,2023-03-31,0207,N,VIIRS,n,2,277.37,17.51,N,0
43.40991,-5.75402,307.13,0.45,0.39,2023-03-31,0207,N,VIIRS,n,2,273.16,17.51,N,0
43.21536,-4.24591,296.02,0.41,0.37,2023-03-31,0207,N,VIIRS,n,2,282.15,1.24,N,0
43.21466,-4.24077,311.42,0.41,0.37,2023-03-31,0207,N,VIIRS,n,2,281.38,0.89,N,0
43.50008,-6.54651,346.29,0.49,0.4,2023-03-31,0207,N,VIIRS,n,2,284.51,17.68,N,0
43.49935,-6.54013,338.84,0.49,0.4,2023-03-31,0207,N,VIIRS,n,2,283.54,4.24,N,0
43.49865,-6.53401,327.55,0.49,0.4,2023-03-31,0207,N,VIIRS,n,2,283.48,4.24,N,0
43.4187,-5.85669,341.68,0.46,0.39,2023-03-31,0207,N,VIIRS,n,2,277.08,3.08,N,0
43.21194,-4.24666,367,0.41,0.37,2023-03-31,0207,N,VIIRS,h,2,292.56,9.98,N,0
43.49795,-6.52794,312.28,0.49,0.4,2023-03-31,0207,N,VIIRS,n,2,284.74,2.74,N,0
43.48967,-6.45615,307.58,0.48,0.4,2023-03-31,0207,N,VIIRS,n,2,284.91,1.16,N,0
43.48901,-6.45046,307.6,0.48,0.4,2023-03-31,0207,N,VIIRS,n,2,285.02,1.16,N,0
43.21124,-4.2415,298.84,0.41,0.37,2023-03-31,0207,N,VIIRS,n,2,281.39,1.03,N,0
43.49635,-6.547,343.55,0.49,0.4,2023-03-31,0207,N,VIIRS,n,2,291.17,17.68,N,0
43.32874,-5.16173,334.02,0.44,0.38,2023-03-31,0207,N,VIIRS,n,2,285.96,11.07,N,0
43.32808,-5.15654,342.06,0.44,0.38,2023-03-31,0207,N,VIIRS,n,2,301.48,26.69,N,0
43.2085,-4.24727,339.44,0.41,0.37,2023-03-31,0207,N,VIIRS,n,2,282.02,9.98,N,0
43.49562,-6.5407,310.61,0.49,0.4,2023-03-31,0207,N,VIIRS,n,2,284.36,4.24,N,0
43.48995,-6.49136,311.43,0.48,0.4,2023-03-31,0207,N,VIIRS,n,2,278.88,0.91,N,0
43.48599,-6.45699,307.02,0.48,0.4,2023-03-31,0207,N,VIIRS,n,2,286.27,1.16,N,0
43.48465,-6.44545,313.75,0.48,0.4,2023-03-31,0207,N,VIIRS,n,2,286.32,1.75,N,0
43.41512,-5.85753,304.41,0.46,0.39,2023-03-31,0207,N,VIIRS,n,2,276.82,3.08,N,0
43.20781,-4.24218,302.08,0.41,0.37,2023-03-31,0207,N,VIIRS,n,2,280.88,1.03,N,0
43.49333,-6.55379,348.41,0.49,0.4,2023-03-31,0207,N,VIIRS,n,2,287.42,14.77,N,0
43.49121,-6.53531,340.23,0.49,0.4,2023-03-31,0207,N,VIIRS,n,2,286.07,8.71,N,0
43.48097,-6.44626,320.86,0.48,0.4,2023-03-31,0207,N,VIIRS,n,2,289.58,3.21,N,0
43.3246,-5.15758,341.68,0.44,0.38,2023-03-31,0207,N,VIIRS,n,2,295.06,13.79,N,0
43.49404,-6.55995,311.37,0.49,0.4,2023-03-31,0207,N,VIIRS,n,2,281.69,6.54,N,0
43.49261,-6.54755,316.69,0.49,0.4,2023-03-31,0207,N,VIIRS,n,2,282.66,14.77,N,0
43.48299,-6.46376,307.55,0.48,0.4,2023-03-31,0207,N,VIIRS,n,2,285.29,2.86,N,0
43.4823,-6.45777,313.28,0.48,0.4,2023-03-31,0207,N,VIIRS,n,2,286.27,2.56,N,0
43.48162,-6.45194,317.73,0.48,0.4,2023-03-31,0207,N,VIIRS,n,2,289.48,2.56,N,0
43.32526,-5.16275,301.45,0.44,0.38,2023-03-31,0207,N,VIIRS,n,2,284.13,4.54,N,0
43.4903,-6.5605,324.1,0.49,0.4,2023-03-31,0207,N,VIIRS,n,2,282.22,6.54,N,0
43.48958,-6.55423,356.26,0.49,0.4,2023-03-31,0207,N,VIIRS,n,2,290.09,14.77,N,0
43.4875,-6.53602,343.91,0.49,0.4,2023-03-31,0207,N,VIIRS,n,2,286.62,8.71,N,0
43.47726,-6.4469,324.2,0.48,0.4,2023-03-31,0207,N,VIIRS,n,2,287.87,3.21,N,0
43.47659,-6.44104,334.15,0.48,0.4,2023-03-31,0207,N,VIIRS,n,2,287.09,3.21,N,0
43.32112,-5.15854,335.3,0.44,0.38,2023-03-31,0207,N,VIIRS,n,2,289.73,13.79,N,0
43.48682,-6.53004,302.62,0.49,0.4,2023-03-31,0207,N,VIIRS,n,2,281.29,1.25,N,0
43.48608,-6.52364,303.84,0.49,0.4,2023-03-31,0207,N,VIIRS,n,2,281.34,1.25,N,0
43.32175,-5.16354,314.53,0.44,0.38,2023-03-31,0207,N,VIIRS,n,2,285.68,4.54,N,0
43.48656,-6.56093,321.3,0.49,0.4,2023-03-31,0207,N,VIIRS,n,2,280.19,8.99,N,0
43.48585,-6.55471,352.85,0.49,0.4,2023-03-31,0207,N,VIIRS,n,2,289.2,8.99,N,0
43.48449,-6.54279,331.21,0.49,0.4,2023-03-31,0207,N,VIIRS,n,2,284.23,6.19,N,0
43.48378,-6.53662,328.13,0.49,0.4,2023-03-31,0207,N,VIIRS,n,2,283.2,6.19,N,0
43.47628,-6.47121,324.27,0.48,0.4,2023-03-31,0207,N,VIIRS,n,2,286.87,9.74,N,0
43.47559,-6.46522,331.89,0.48,0.4,2023-03-31,0207,N,VIIRS,n,2,289.27,9.74,N,0
43.47491,-6.45925,340.07,0.48,0.4,2023-03-31,0207,N,VIIRS,n,2,289.35,11.47,N,0
43.47423,-6.45336,328.77,0.48,0.4,2023-03-31,0207,N,VIIRS,n,2,286.47,11.47,N,0
43.47357,-6.44763,355.45,0.48,0.4,2023-03-31,0207,N,VIIRS,n,2,295.89,18.91,N,0
43.47287,-6.44159,330.87,0.48,0.4,2023-03-31,0207,N,VIIRS,n,2,284.43,18.91,N,0
43.2607,-4.7183,332.32,0.42,0.38,2023-03-31,0207,N,VIIRS,n,2,274.95,4.43,N,0
43.48517,-6.54877,305.94,0.49,0.4,2023-03-31,0207,N,VIIRS,n,2,282.02,8.99,N,0
43.48307,-6.5304,318.74,0.49,0.4,2023-03-31,0207,N,VIIRS,n,2,277.81,2.15,N,0
43.13818,-3.81234,301.42,0.4,0.37,2023-03-31,0207,N,VIIRS,n,2,278.85,1.12,N,0
43.48146,-6.54949,328.19,0.49,0.4,2023-03-31,0207,N,VIIRS,n,2,284.01,8.99,N,0
43.25726,-4.71926,331.78,0.42,0.38,2023-03-31,0207,N,VIIRS,n,2,276.51,4.43,N,0
43.15593,-3.96549,329.4,0.41,0.37,2023-03-31,0207,N,VIIRS,n,2,280.76,1.59,N,0
43.1341,-3.8081,323.5,0.4,0.37,2023-03-31,0207,N,VIIRS,n,2,278.15,1.93,N,0
43.48428,-6.57429,303.3,0.49,0.4,2023-03-31,0207,N,VIIRS,n,2,277.82,1.46,N,0
43.48212,-6.55528,304.06,0.49,0.4,2023-03-31,0207,N,VIIRS,n,2,280.66,8.99,N,0
43.15809,-3.98117,314.48,0.41,0.37,2023-03-31,0207,N,VIIRS,n,2,282.46,1.07,N,0
43.15666,-3.97081,304.42,0.41,0.37,2023-03-31,0207,N,VIIRS,n,2,280.76,1.87,N,0
43.1552,-3.96023,296.01,0.4,0.37,2023-03-31,0207,N,VIIRS,n,2,277.22,1.59,N,0
43.1348,-3.81312,307.54,0.4,0.37,2023-03-31,0207,N,VIIRS,n,2,278.53,1.12,N,0
43.47911,-6.56215,342.71,0.49,0.4,2023-03-31,0207,N,VIIRS,n,2,286.77,26.27,N,0
43.46958,-6.47873,334.4,0.48,0.4,2023-03-31,0207,N,VIIRS,n,2,287.7,3.56,N,0
43.15472,-3.98214,321.42,0.41,0.37,2023-03-31,0207,N,VIIRS,n,2,281.01,1.62,N,0
43.47538,-6.56273,339.13,0.49,0.4,2023-03-31,0207,N,VIIRS,n,2,289.26,26.27,N,0
43.47335,-6.54496,330.1,0.49,0.4,2023-03-31,0207,N,VIIRS,n,2,283.73,4.07,N,0
43.47403,-6.55089,306.87,0.49,0.4,2023-03-31,0207,N,VIIRS,n,2,283.32,2.51,N,0
43.47262,-6.53846,304.49,0.49,0.4,2023-03-31,0207,N,VIIRS,n,2,271.91,4.07,N,0
43.4666,-6.48572,318.82,0.48,0.4,2023-03-31,0207,N,VIIRS,n,2,284.69,3.56,N,0
43.46591,-6.47966,313.7,0.48,0.4,2023-03-31,0207,N,VIIRS,n,2,285.83,3.56,N,0
43.30698,-5.16084,315.44,0.44,0.38,2023-03-31,0207,N,VIIRS,n,2,282.72,1.12,N,0
43.30627,-5.15531,304.12,0.43,0.38,2023-03-31,0207,N,VIIRS,n,2,282.42,1.12,N,0
43.47165,-6.56326,342.62,0.49,0.4,2023-03-31,0207,N,VIIRS,n,2,298.99,18.32,N,0
43.46824,-6.53328,330.29,0.49,0.4,2023-03-31,0207,N,VIIRS,n,2,271.24,4.6,N,0
43.46294,-6.48679,346.77,0.48,0.4,2023-03-31,0207,N,VIIRS,n,2,285.93,19.47,N,0
43.33805,-5.43782,320.79,0.44,0.39,2023-03-31,0207,N,VIIRS,n,2,271.51,6.2,N,0
43.30344,-5.16145,343.93,0.44,0.38,2023-03-31,0207,N,VIIRS,n,2,286.27,6.92,N,0
43.30275,-5.15599,338.01,0.43,0.38,2023-03-31,0207,N,VIIRS,n,2,289.39,6.92,N,0
43.18472,-4.25356,330.37,0.41,0.37,2023-03-31,0207,N,VIIRS,n,2,283.55,3.44,N,0
43.47236,-6.56955,317.35,0.49,0.4,2023-03-31,0207,N,VIIRS,n,2,282.71,18.32,N,0
43.46963,-6.54547,314.3,0.49,0.4,2023-03-31,0207,N,VIIRS,n,2,281.12,2.24,N,0
43.46891,-6.53918,317.65,0.49,0.4,2023-03-31,0207,N,VIIRS,n,2,269.95,2.24,N,0
43.38903,-5.85567,295.64,0.46,0.39,2023-03-31,0207,N,VIIRS,n,2,279.43,11.08,N,0
43.38837,-5.85019,307.85,0.46,0.39,2023-03-31,0207,N,VIIRS,n,2,280.08,11.08,N,0
43.38772,-5.84478,309.99,0.46,0.39,2023-03-31,0207,N,VIIRS,n,2,280.53,20.32,N,0
43.33736,-5.43219,308.76,0.44,0.39,2023-03-31,0207,N,VIIRS,n,2,266.8,13.24,N,0
43.33669,-5.42681,305.58,0.44,0.39,2023-03-31,0207,N,VIIRS,n,2,263.99,13.24,N,0
43.30415,-5.16706,308.98,0.44,0.38,2023-03-31,0207,N,VIIRS,n,2,284.35,4.16,N,0
43.24823,-4.73182,297.33,0.42,0.38,2023-03-31,0207,N,VIIRS,n,2,273.6,1.56,N,0
43.11286,-3.73081,308.1,0.4,0.37,2023-03-31,0207,N,VIIRS,n,2,273.99,3.39,N,0
43.46862,-6.57,323.23,0.49,0.4,2023-03-31,0207,N,VIIRS,n,2,282.74,18.32,N,0
43.46789,-6.56359,330.05,0.49,0.4,2023-03-31,0207,N,VIIRS,n,2,281.89,18.32,N,0
43.3861,-5.86207,327.7,0.46,0.39,2023-03-31,0207,N,VIIRS,n,2,278.16,2.72,N,0
43.38544,-5.85651,338.22,0.46,0.39,2023-03-31,0207,N,VIIRS,n,2,280.68,11.08,N,0
43.38479,-5.85112,355.91,0.46,0.39,2023-03-31,0207,N,VIIRS,n,2,297.06,11.08,N,0
43.38416,-5.84587,345.11,0.46,0.39,2023-03-31,0207,N,VIIRS,n,2,306.19,20.32,N,0
43.33452,-5.43864,346.16,0.44,0.39,2023-03-31,0207,N,VIIRS,n,2,271.68,6.2,N,0
43.33384,-5.43323,355.5,0.44,0.39,2023-03-31,0207,N,VIIRS,n,2,277.25,13.24,N,0
43.33319,-5.42795,354.23,0.44,0.39,2023-03-31,0207,N,VIIRS,n,2,282.18,13.24,N,0
43.33254,-5.42267,325.93,0.44,0.39,2023-03-31,0207,N,VIIRS,n,2,271.39,3.92,N,0
43.30062,-5.1677,328.6,0.44,0.38,2023-03-31,0207,N,VIIRS,n,2,286.12,4.16,N,0
43.29928,-5.157,327.44,0.43,0.38,2023-03-31,0207,N,VIIRS,n,2,284.56,6.92,N,0
43.24478,-4.7327,324.54,0.42,0.38,2023-03-31,0207,N,VIIRS,n,2,274.76,1.56,N,0
43.10949,-3.73161,348.88,0.4,0.37,2023-03-31,0207,N,VIIRS,n,2,276.44,3.39,N,0
43.49207,-6.77894,307.81,0.5,0.41,2023-03-31,0207,N,VIIRS,n,2,268.82,1.22,N,0
43.38351,-5.84051,304.66,0.46,0.39,2023-03-31,0207,N,VIIRS,n,2,280.14,20.32,N,0
43.11022,-3.73681,295.4,0.4,0.37,2023-03-31,0207,N,VIIRS,n,2,274.05,1.98,N,0
43.10877,-3.72645,302.57,0.4,0.37,2023-03-31,0207,N,VIIRS,n,2,270.42,3.39,N,0
43.38255,-5.86317,330.79,0.46,0.39,2023-03-31,0207,N,VIIRS,n,2,293.82,40.96,N,0
43.38189,-5.85772,352.09,0.46,0.39,2023-03-31,0207,N,VIIRS,n,2,286.55,10.11,N,0
43.38124,-5.85229,354.9,0.46,0.39,2023-03-31,0207,N,VIIRS,n,2,287.07,10.11,N,0
43.38061,-5.84707,338.15,0.46,0.39,2023-03-31,0207,N,VIIRS,n,2,283.54,13.42,N,0
43.33034,-5.43429,344.43,0.44,0.39,2023-03-31,0207,N,VIIRS,n,2,273.31,27.91,N,0
43.3297,-5.42914,332.12,0.44,0.39,2023-03-31,0207,N,VIIRS,n,2,298.24,27.91,N,0
43.2971,-5.16838,329.15,0.44,0.38,2023-03-31,0207,N,VIIRS,n,2,286.04,10.38,N,0
43.29641,-5.16282,327.37,0.44,0.38,2023-03-31,0207,N,VIIRS,n,2,281.85,2.6,N,0
43.24064,-4.72825,337.46,0.42,0.38,2023-03-31,0207,N,VIIRS,n,2,275.98,8.71,N,0
43.23996,-4.72298,344.94,0.42,0.38,2023-03-31,0207,N,VIIRS,n,2,281.75,8.71,N,0
43.331,-5.4396,299.57,0.44,0.39,2023-03-31,0207,N,VIIRS,n,2,268.32,1.53,N,0
43.32904,-5.42381,318.25,0.44,0.39,2023-03-31,0207,N,VIIRS,n,2,270.69,1.84,N,0
43.182,-4.28561,309.54,0.41,0.37,2023-03-31,0207,N,VIIRS,n,2,281.73,1.18,N,0
43.18129,-4.28031,302.16,0.41,0.37,2023-03-31,0207,N,VIIRS,n,2,280.42,1.36,N,0
43.10542,-3.72733,296.54,0.4,0.37,2023-03-31,0207,N,VIIRS,n,2,271.04,0.88,N,0
43.32618,-5.43012,338.28,0.44,0.39,2023-03-31,0207,N,VIIRS,n,2,271.78,27.91,N,0
43.2365,-4.72371,334.73,0.42,0.38,2023-03-31,0207,N,VIIRS,n,2,273.55,8.71,N,0
43.45317,-6.50074,308.62,0.48,0.4,2023-03-31,0207,N,VIIRS,n,2,283.2,2.34,N,0
43.37833,-5.85888,299.99,0.46,0.39,2023-03-31,0207,N,VIIRS,n,2,277.01,10.11,N,0
43.32682,-5.43531,311.39,0.44,0.39,2023-03-31,0207,N,VIIRS,n,2,269,27.91,N,0
43.32552,-5.42479,299.65,0.44,0.39,2023-03-31,0207,N,VIIRS,n,2,271.3,1.84,N,0
43.29293,-5.16385,316.02,0.44,0.38,2023-03-31,0207,N,VIIRS,n,2,282.09,2.6,N,0
43.23719,-4.72904,315.59,0.42,0.38,2023-03-31,0207,N,VIIRS,n,2,273.77,8.71,N,0
43.17719,-4.27598,318.85,0.41,0.37,2023-03-31,0207,N,VIIRS,n,2,281.65,1.36,N,0
43.22692,-4.67755,338.59,0.42,0.38,2023-03-31,0207,N,VIIRS,n,2,273.43,6.86,N,0
43.23099,-4.7087,296.44,0.42,0.38,2023-03-31,0207,N,VIIRS,n,2,268.68,4.13,N,0
43.23031,-4.70353,303.11,0.42,0.38,2023-03-31,0207,N,VIIRS,n,2,268.94,4.13,N,0
43.17728,-4.30294,306.45,0.41,0.37,2023-03-31,0207,N,VIIRS,n,2,282.37,1.32,N,0
43.17382,-4.2771,297.2,0.41,0.37,2023-03-31,0207,N,VIIRS,n,2,280.69,0.66,N,0
43.44648,-6.5084,348.2,0.48,0.4,2023-03-31,0207,N,VIIRS,n,2,277.95,9.68,N,0
43.22751,-4.70927,334.75,0.42,0.38,2023-03-31,0207,N,VIIRS,n,2,270.05,4.13,N,0
43.22683,-4.70406,356.77,0.42,0.38,2023-03-31,0207,N,VIIRS,n,2,273.59,4.13,N,0
43.28671,-5.17181,304.01,0.44,0.38,2023-03-31,0207,N,VIIRS,n,2,285.47,1.06,N,0
43.28324,-5.17287,342.25,0.44,0.38,2023-03-31,0207,N,VIIRS,n,2,290.47,5.04,N,0
43.22335,-4.70461,332.09,0.42,0.38,2023-03-31,0207,N,VIIRS,n,2,269.12,2.27,N,0
43.44731,-6.54922,309.62,0.49,0.4,2023-03-31,0207,N,VIIRS,n,2,268.78,0.93,N,0
43.44276,-6.50903,299.47,0.48,0.4,2023-03-31,0207,N,VIIRS,n,2,275,1.46,N,0
43.22402,-4.7098,295.25,0.42,0.38,2023-03-31,0207,N,VIIRS,n,2,266.97,2.27,N,0
43.17173,-4.31407,306.09,0.41,0.37,2023-03-31,0207,N,VIIRS,n,2,283.01,1.82,N,0
43.27974,-5.17379,311.08,0.44,0.38,2023-03-31,0207,N,VIIRS,n,2,284.81,5.04,N,0
43.17309,-4.35057,319,0.41,0.37,2023-03-31,0207,N,VIIRS,n,2,277.75,1.75,N,0
43.16895,-4.3196,315.15,0.41,0.37,2023-03-31,0207,N,VIIRS,n,2,280.16,2.65,N,0
43.1187,-3.94894,296.91,0.4,0.37,2023-03-31,0207,N,VIIRS,n,2,274.88,0.52,N,0
43.12365,-4.01065,326.59,0.41,0.37,2023-03-31,0207,N,VIIRS,n,2,283.02,2.52,N,0
43.16966,-4.35132,318.67,0.41,0.37,2023-03-31,0207,N,VIIRS,n,2,279.48,2.52,N,0
43.11533,-3.94979,296.03,0.4,0.37,2023-03-31,0207,N,VIIRS,n,2,273.87,1.39,N,0
43.11462,-3.94462,319.78,0.4,0.37,2023-03-31,0207,N,VIIRS,n,2,275.04,1.46,N,0
43.12025,-4.01144,322.16,0.41,0.37,2023-03-31,0207,N,VIIRS,n,2,281.79,2.52,N,0
43.11339,-3.96121,334.13,0.4,0.37,2023-03-31,0207,N,VIIRS,n,2,283.02,7.66,N,0
43.11124,-3.94547,326.22,0.4,0.37,2023-03-31,0207,N,VIIRS,n,2,274.34,1.46,N,0
43.11267,-3.95592,314.08,0.4,0.37,2023-03-31,0207,N,VIIRS,n,2,275.54,1.39,N,0
43.11195,-3.95062,303.48,0.4,0.37,2023-03-31,0207,N,VIIRS,n,2,273.94,1.39,N,0
43.11,-3.96201,334.15,0.4,0.37,2023-03-31,0207,N,VIIRS,n,2,278.56,8.44,N,0
43.42992,-6.52939,299.9,0.49,0.4,2023-03-31,0207,N,VIIRS,n,2,267.16,0.79,N,0
43.42925,-6.52341,295.47,0.48,0.4,2023-03-31,0207,N,VIIRS,n,2,260.92,0.79,N,0
43.20235,-4.65264,298.4,0.42,0.38,2023-03-31,0207,N,VIIRS,n,2,274.55,0.8,N,0
43.14529,-4.22196,309.75,0.41,0.37,2023-03-31,0207,N,VIIRS,n,2,281.67,5.11,N,0
43.14463,-4.21701,296.56,0.41,0.37,2023-03-31,0207,N,VIIRS,n,2,281.17,0.56,N,0
43.10857,-3.95146,314.36,0.4,0.37,2023-03-31,0207,N,VIIRS,n,2,273.88,2.02,N,0
43.14254,-4.22759,343.73,0.41,0.37,2023-03-31,0207,N,VIIRS,n,2,285.52,5.11,N,0
43.14187,-4.22263,332.89,0.41,0.37,2023-03-31,0207,N,VIIRS,n,2,284.05,5.11,N,0
43.28646,-5.34385,311.26,0.44,0.38,2023-03-31,0207,N,VIIRS,n,2,283.49,1.42,N,0
43.14119,-4.21759,308.13,0.41,0.37,2023-03-31,0207,N,VIIRS,n,2,281.7,0.56,N,0
43.13845,-4.22329,324.7,0.41,0.37,2023-03-31,0207,N,VIIRS,n,2,282.07,1.75,N,0
43.42385,-6.54284,296.52,0.49,0.4,2023-03-31,0207,N,VIIRS,n,2,261.33,1.08,N,0
43.42321,-6.5371,307.31,0.49,0.4,2023-03-31,0207,N,VIIRS,n,2,255.83,1.08,N,0
43.28293,-5.34459,299.62,0.44,0.38,2023-03-31,0207,N,VIIRS,n,2,282.97,0.77,N,0
43.13913,-4.22834,300.1,0.41,0.37,2023-03-31,0207,N,VIIRS,n,2,282.1,1.75,N,0
43.42014,-6.54352,305.91,0.49,0.4,2023-03-31,0207,N,VIIRS,n,2,255.72,1.08,N,0
43.41951,-6.53784,316.35,0.49,0.4,2023-03-31,0207,N,VIIRS,n,2,255.16,1.08,N,0
43.13572,-4.2291,310.61,0.41,0.37,2023-03-31,0207,N,VIIRS,n,2,282.17,1.75,N,0
43.13695,-4.26441,337.63,0.41,0.37,2023-03-31,0207,N,VIIRS,n,2,283.71,3.86,N,0
43.41646,-6.54443,300.21,0.49,0.4,2023-03-31,0207,N,VIIRS,n,2,252.72,0.47,N,0
43.41581,-6.53862,297.96,0.49,0.4,2023-03-31,0207,N,VIIRS,n,2,253.57,0.47,N,0
43.14568,-4.32985,302.83,0.41,0.37,2023-03-31,0207,N,VIIRS,n,2,278.67,1.18,N,0
43.1323,-4.22984,302.07,0.41,0.37,2023-03-31,0207,N,VIIRS,n,2,281.97,1.53,N,0
43.13354,-4.26521,310.51,0.41,0.37,2023-03-31,0207,N,VIIRS,n,2,278.21,3.86,N,0
43.12888,-4.23053,315.81,0.41,0.37,2023-03-31,0207,N,VIIRS,n,2,282.02,1.53,N,0
43.36153,-6.1263,323.67,0.47,0.4,2023-03-31,0207,N,VIIRS,n,2,270.29,1.67,N,0
43.12547,-4.23122,333.51,0.41,0.37,2023-03-31,0207,N,VIIRS,n,2,283.21,6.65,N,0
43.35856,-6.13284,295.8,0.47,0.4,2023-03-31,0207,N,VIIRS,n,2,275.29,1.67,N,0
43.12743,-4.27222,305.3,0.41,0.37,2023-03-31,0207,N,VIIRS,n,2,274.41,0.95,N,0
43.12673,-4.26692,316.97,0.41,0.37,2023-03-31,0207,N,VIIRS,n,2,277.77,0.95,N,0
43.3624,-6.12664,327.58,0.47,0.4,2023-03-31,0207,N,VIIRS,n,2,271.58,2.63,N,0
43.12534,-4.27431,332.82,0.41,0.37,2023-03-31,0207,N,VIIRS,n,2,279.88,3.27,N,0
43.12461,-4.26902,338.42,0.41,0.37,2023-03-31,0207,N,VIIRS,n,2,280.35,4,N,0
43.12268,-4.28064,321,0.41,0.37,2023-03-31,0207,N,VIIRS,n,2,281.03,1.65,N,0
43.26562,-5.36997,308.99,0.44,0.38,2023-03-31,0207,N,VIIRS,n,2,282.06,0.94,N,0
43.35654,-6.14003,320.36,0.47,0.4,2023-03-31,0207,N,VIIRS,n,2,269.02,1.72,N,0
43.35582,-6.13395,301.63,0.47,0.4,2023-03-31,0207,N,VIIRS,n,2,270.83,1.72,N,0
43.35513,-6.12819,306.15,0.47,0.4,2023-03-31,0207,N,VIIRS,n,2,276.19,1.45,N,0
43.33602,-5.969,308.2,0.46,0.39,2023-03-31,0207,N,VIIRS,n,2,265.17,0.83,N,0
43.26205,-5.37038,301.94,0.44,0.38,2023-03-31,0207,N,VIIRS,n,2,280.77,0.94,N,0
43.22604,-5.08787,302.19,0.43,0.38,2023-03-31,0207,N,VIIRS,n,2,285.42,0.55,N,0
43.1193,-4.28162,297.75,0.41,0.37,2023-03-31,0207,N,VIIRS,n,2,280.22,1.65,N,0
43.23546,-5.18944,332.15,0.44,0.38,2023-03-31,0207,N,VIIRS,n,2,285.97,2.66,N,0
43.23331,-5.17263,341.13,0.43,0.38,2023-03-31,0207,N,VIIRS,n,2,286.91,3.26,N,0
43.22254,-5.08862,323.91,0.43,0.38,2023-03-31,0207,N,VIIRS,n,2,286.36,2.43,N,0
43.35288,-6.14058,319.9,0.47,0.4,2023-03-31,0207,N,VIIRS,n,2,265.51,1.53,N,0
43.35218,-6.13473,302.54,0.47,0.4,2023-03-31,0207,N,VIIRS,n,2,263.84,1.53,N,0
43.2585,-5.37103,299.57,0.44,0.38,2023-03-31,0207,N,VIIRS,n,2,281.85,75.9,N,0
43.23617,-5.19497,315.34,0.44,0.38,2023-03-31,0207,N,VIIRS,n,2,284.35,2.66,N,0
43.23476,-5.18391,304.28,0.44,0.38,2023-03-31,0207,N,VIIRS,n,2,283.72,0.96,N,0
43.23404,-5.17829,301.84,0.43,0.38,2023-03-31,0207,N,VIIRS,n,2,284.52,0.96,N,0
43.23258,-5.16694,304.31,0.43,0.38,2023-03-31,0207,N,VIIRS,n,2,283.67,3.26,N,0
43.25497,-5.37185,367,0.44,0.38,2023-03-31,0207,N,VIIRS,h,2,327.38,75.9,N,0
43.25431,-5.36658,348.46,0.44,0.38,2023-03-31,0207,N,VIIRS,n,2,289.05,8.69,N,0
43.25368,-5.36151,322.74,0.44,0.38,2023-03-31,0207,N,VIIRS,n,2,282.8,8.69,N,0
43.23337,-5.20134,322.45,0.44,0.38,2023-03-31,0207,N,VIIRS,n,2,283.87,2.47,N,0
43.22903,-5.16746,342.67,0.43,0.38,2023-03-31,0207,N,VIIRS,n,2,285.36,3.26,N,0
43.21826,-5.08332,324.22,0.43,0.38,2023-03-31,0207,N,VIIRS,n,2,285.3,2.43,N,0
43.22976,-5.17311,299.27,0.43,0.38,2023-03-31,0207,N,VIIRS,n,2,281.16,3.26,N,0
43.25146,-5.37277,332.64,0.44,0.38,2023-03-31,0207,N,VIIRS,n,2,284.64,7.39,N,0
43.22908,-5.19604,331.86,0.44,0.38,2023-03-31,0207,N,VIIRS,n,2,282.68,2.47,N,0
43.25077,-5.36729,311.89,0.44,0.38,2023-03-31,0207,N,VIIRS,n,2,280.7,2.34,N,0
43.2366,-5.25514,319.29,0.44,0.38,2023-03-31,0207,N,VIIRS,n,2,284.35,2.37,N,0
43.2255,-5.16802,316.44,0.43,0.38,2023-03-31,0207,N,VIIRS,n,2,282.27,1.69,N,0
43.23031,-5.23407,311.25,0.44,0.38,2023-03-31,0207,N,VIIRS,n,2,282.77,1.59,N,0
43.23744,-5.34777,309.51,0.44,0.38,2023-03-31,0207,N,VIIRS,n,2,280.57,1.4,N,0
43.03862,-3.84852,304.04,0.4,0.37,2023-03-31,0207,N,VIIRS,n,2,273.54,0.89,N,0
43.23323,-5.34315,336.55,0.44,0.38,2023-03-31,0207,N,VIIRS,n,2,282.78,5.51,N,0
43.23236,-5.42316,299.87,0.44,0.39,2023-03-31,0207,N,VIIRS,n,2,284.22,1.22,N,0
43.23163,-5.4173,296.49,0.44,0.39,2023-03-31,0207,N,VIIRS,n,2,284.36,0.47,N,0
43.30358,-6.03888,298.94,0.46,0.39,2023-03-31,0207,N,VIIRS,n,2,275.76,0.82,N,0
43.22887,-5.4243,299.27,0.44,0.39,2023-03-31,0207,N,VIIRS,n,2,285.12,0.85,N,0
43.22599,-5.40114,311.64,0.44,0.38,2023-03-31,0207,N,VIIRS,n,2,281.71,0.85,N,0
43.22538,-5.42542,297.68,0.44,0.39,2023-03-31,0207,N,VIIRS,n,2,283.95,0.85,N,0
43.22249,-5.40222,297.12,0.44,0.38,2023-03-31,0207,N,VIIRS,n,2,281.27,0.85,N,0
43.22186,-5.42642,330.69,0.44,0.39,2023-03-31,0207,N,VIIRS,n,2,286.59,4.48,N,0
43.22116,-5.42079,313.65,0.44,0.39,2023-03-31,0207,N,VIIRS,n,2,283.97,1.41,N,0
43.21764,-5.42165,320.74,0.44,0.39,2023-03-31,0207,N,VIIRS,n,2,282.89,1.41,N,0
43.1664,-5.09946,342.37,0.43,0.38,2023-03-31,0207,N,VIIRS,n,2,281.97,3.15,N,0
43.16577,-5.09453,305.04,0.43,0.38,2023-03-31,0207,N,VIIRS,n,2,280.49,3.15,N,0
43.20603,-5.47479,336.66,0.44,0.39,2023-03-31,0207,N,VIIRS,n,2,287.13,8.06,N,0
43.20721,-5.48431,296.22,0.44,0.39,2023-03-31,0207,N,VIIRS,n,2,281.37,0.42,N,0
43.20366,-5.48502,300.73,0.44,0.39,2023-03-31,0207,N,VIIRS,n,2,281.93,0.42,N,0
43.28553,-6.20247,344.33,0.47,0.4,2023-03-31,0207,N,VIIRS,n,2,271.36,5.57,N,0
43.28629,-6.20911,313.43,0.47,0.4,2023-03-31,0207,N,VIIRS,n,2,271.56,3.38,N,0
43.28267,-6.21008,328.18,0.47,0.4,2023-03-31,0207,N,VIIRS,n,2,275.56,3.38,N,0
43.26885,-6.12297,320.17,0.47,0.4,2023-03-31,0207,N,VIIRS,n,2,285.32,2.74,N,0
43.26951,-6.1286,303.22,0.47,0.4,2023-03-31,0207,N,VIIRS,n,2,283.71,1.17,N,0
43.26587,-6.12925,300.97,0.47,0.4,2023-03-31,0207,N,VIIRS,n,2,282.46,1.17,N,0
43.24968,-6.30505,313.96,0.47,0.4,2023-03-31,0207,N,VIIRS,n,2,278.75,2.25,N,0
43.17125,-5.65367,295.83,0.45,0.39,2023-03-31,0207,N,VIIRS,n,2,284.43,0.96,N,0
43.24594,-6.30511,324.11,0.47,0.4,2023-03-31,0207,N,VIIRS,n,2,277.6,2.25,N,0
43.24373,-6.28629,342.98,0.47,0.4,2023-03-31,0207,N,VIIRS,n,2,286.52,15.08,N,0
43.16907,-5.66566,343.71,0.45,0.39,2023-03-31,0207,N,VIIRS,n,2,287.6,4.96,N,0
43.16839,-5.66017,324.42,0.45,0.39,2023-03-31,0207,N,VIIRS,n,2,286.93,4.96,N,0
43.24672,-6.31169,316.05,0.47,0.4,2023-03-31,0207,N,VIIRS,n,2,278.4,2.25,N,0
43.16773,-5.65482,307.35,0.45,0.39,2023-03-31,0207,N,VIIRS,n,2,283.95,0.96,N,0
43.16707,-5.64946,303.67,0.45,0.39,2023-03-31,0207,N,VIIRS,n,2,285.29,0.96,N,0
43.24011,-6.28733,322.39,0.47,0.4,2023-03-31,0207,N,VIIRS,n,2,278.04,2.34,N,0
43.16555,-5.66686,331.52,0.45,0.39,2023-03-31,0207,N,VIIRS,n,2,285.94,3.7,N,0
43.16487,-5.66133,320.35,0.45,0.39,2023-03-31,0207,N,VIIRS,n,2,284.97,3.7,N,0
43.24297,-6.31172,304.15,0.47,0.4,2023-03-31,0207,N,VIIRS,n,2,273.89,0.7,N,0
43.24075,-6.29272,319.01,0.47,0.4,2023-03-31,0207,N,VIIRS,n,2,279.2,3.19,N,0
43.23922,-6.31165,298.67,0.47,0.4,2023-03-31,0207,N,VIIRS,n,2,272.97,0.7,N,0
43.23709,-6.32551,300.07,0.47,0.4,2023-03-31,0207,N,VIIRS,n,2,275.65,2.91,N,0
43.23552,-6.31208,298.71,0.47,0.4,2023-03-31,0207,N,VIIRS,n,2,276.99,43.75,N,0
43.23478,-6.30569,306.84,0.47,0.4,2023-03-31,0207,N,VIIRS,n,2,273.8,43.75,N,0
43.23343,-6.32622,337.41,0.47,0.4,2023-03-31,0207,N,VIIRS,n,2,280.61,2.91,N,0
43.2319,-6.31307,349.22,0.47,0.4,2023-03-31,0207,N,VIIRS,n,2,286.77,43.75,N,0
43.23048,-6.30093,338.7,0.47,0.4,2023-03-31,0207,N,VIIRS,n,2,279.84,6.4,N,0
43.16891,-5.78422,295.88,0.45,0.39,2023-03-31,0207,N,VIIRS,n,2,279.96,0.53,N,0
43.229,-6.32034,347.65,0.47,0.4,2023-03-31,0207,N,VIIRS,n,2,283.94,17.71,N,0
43.22827,-6.31408,354.68,0.47,0.4,2023-03-31,0207,N,VIIRS,n,2,282.43,7.32,N,0
43.22755,-6.30789,331.04,0.47,0.4,2023-03-31,0207,N,VIIRS,n,2,278.81,7.32,N,0
43.16531,-5.78484,327.49,0.45,0.39,2023-03-31,0207,N,VIIRS,n,2,282.18,3.41,N,0
43.22977,-6.32697,300.5,0.47,0.4,2023-03-31,0207,N,VIIRS,n,2,279.34,17.71,N,0
43.22614,-6.32803,348.12,0.47,0.4,2023-03-31,0207,N,VIIRS,n,2,295.06,17.71,N,0
43.22691,-6.33462,301.08,0.47,0.4,2023-03-31,0207,N,VIIRS,n,2,273.45,2.03,N,0
43.22394,-6.30908,298.42,0.47,0.4,2023-03-31,0207,N,VIIRS,n,2,277.11,7.32,N,0
43.22251,-6.329,342.96,0.47,0.4,2023-03-31,0207,N,VIIRS,n,2,295.79,23.92,N,0
43.22321,-6.33507,309.98,0.47,0.4,2023-03-31,0207,N,VIIRS,n,2,274.12,2.31,N,0
43.22179,-6.32283,305.78,0.47,0.4,2023-03-31,0207,N,VIIRS,n,2,279.13,23.92,N,0
43.1677,-5.86551,300.68,0.46,0.39,2023-03-31,0207,N,VIIRS,n,2,282.7,3.42,N,0
43.16534,-5.87652,328.12,0.46,0.39,2023-03-31,0207,N,VIIRS,n,2,280.13,4.45,N,0
43.16472,-5.87133,341.83,0.46,0.39,2023-03-31,0207,N,VIIRS,n,2,283.83,3.42,N,0
43.22173,-6.35475,298.79,0.48,0.4,2023-03-31,0207,N,VIIRS,n,2,274.09,0.72,N,0
43.22096,-6.34804,296.63,0.48,0.4,2023-03-31,0207,N,VIIRS,n,2,272.89,0.72,N,0
43.21949,-6.3353,299.04,0.47,0.4,2023-03-31,0207,N,VIIRS,n,2,272.29,2.31,N,0
43.21881,-6.32944,319.47,0.47,0.4,2023-03-31,0207,N,VIIRS,n,2,275.83,23.92,N,0
43.21811,-6.32333,309.53,0.47,0.4,2023-03-31,0207,N,VIIRS,n,2,275.17,23.92,N,0
43.21806,-6.35538,341.63,0.48,0.4,2023-03-31,0207,N,VIIRS,n,2,280.44,28.98,N,0
43.21727,-6.34859,325.2,0.48,0.4,2023-03-31,0207,N,VIIRS,n,2,278.02,28.98,N,0
43.21932,-6.36629,308.36,0.48,0.4,2023-03-31,0207,N,VIIRS,n,2,277.74,1.61,N,0
43.21871,-6.36107,302.56,0.48,0.4,2023-03-31,0207,N,VIIRS,n,2,280.07,1.61,N,0
43.21507,-6.32944,301.79,0.47,0.4,2023-03-31,0207,N,VIIRS,n,2,269.26,1.42,N,0
43.16177,-5.87747,299.1,0.46,0.39,2023-03-31,0207,N,VIIRS,n,2,278.83,1.32,N,0
43.16114,-5.87223,312.11,0.46,0.39,2023-03-31,0207,N,VIIRS,n,2,278.97,1.62,N,0
43.21502,-6.36156,321.81,0.48,0.4,2023-03-31,0207,N,VIIRS,n,2,277.06,1.61,N,0
43.21438,-6.35603,348.32,0.48,0.4,2023-03-31,0207,N,VIIRS,n,2,287.96,28.98,N,0
43.21562,-6.36672,305.5,0.48,0.4,2023-03-31,0207,N,VIIRS,n,2,276.46,1.61,N,0
43.21359,-6.34916,316.44,0.48,0.4,2023-03-31,0207,N,VIIRS,n,2,284.74,28.98,N,0
43.21133,-6.36212,307.24,0.48,0.4,2023-03-31,0207,N,VIIRS,n,2,277.45,1.92,N,0
43.21069,-6.35655,309.06,0.48,0.4,2023-03-31,0207,N,VIIRS,n,2,277.74,1.15,N,0
43.20993,-6.34998,303.22,0.48,0.4,2023-03-31,0207,N,VIIRS,n,2,278.73,1.15,N,0
43.20628,-6.3508,297.04,0.48,0.4,2023-03-31,0207,N,VIIRS,n,2,274.11,1.15,N,0
43.10575,-6.05897,334.77,0.46,0.39,2023-03-31,0207,N,VIIRS,n,2,285.75,15.98,N,0
43.10511,-6.05356,367,0.46,0.39,2023-03-31,0207,N,VIIRS,h,2,292.56,9.45,N,0
43.10448,-6.0483,305.63,0.46,0.39,2023-03-31,0207,N,VIIRS,n,2,281.66,9.45,N,0
43.1015,-6.0544,305.05,0.46,0.39,2023-03-31,0207,N,VIIRS,n,2,279.1,9.45,N,0
43.04635,-6.5003,311.92,0.48,0.4,2023-03-31,0207,N,VIIRS,n,2,273.34,1.83,N,0
37.90196,-4.04329,301.81,0.39,0.36,2023-03-31,0208,N,VIIRS,n,2,280.44,0.74,N,0
37.35963,-5.86656,296.71,0.41,0.37,2023-03-31,0209,N,VIIRS,n,2,278.46,0.63,N,2
37.3624,-5.93718,296.29,0.41,0.37,2023-03-31,0209,N,VIIRS,n,2,280.26,0.39,N,0
37.17815,-6.89357,301.83,0.43,0.38,2023-03-31,0209,N,VIIRS,n,2,287.43,1.29,N,0
43.5327,-6.48556,327.39,0.79,0.78,2023-03-31,0347,N,VIIRS,n,2,244.88,13.33,N,0
43.52361,-6.5056,321.32,0.79,0.78,2023-03-31,0347,N,VIIRS,n,2,249.3,17.31,N,0
43.52115,-6.49895,322.28,0.79,0.78,2023-03-31,0347,N,VIIRS,n,2,245.71,10.8,N,0
43.5293,-6.48386,330.56,0.79,0.78,2023-03-31,0347,N,VIIRS,n,2,243.27,18.98,N,0
43.52272,-6.51104,321.16,0.79,0.78,2023-03-31,0347,N,VIIRS,n,2,249.03,14.41,N,0
38.27952,-4.47635,346.42,0.43,0.38,2023-03-31,1330,N,VIIRS,n,2,297.62,7.35,D,0
38.27889,-4.48131,346.94,0.43,0.38,2023-03-31,1330,N,VIIRS,n,2,298.63,7.35,D,0
43.51461,-6.54827,331.04,0.42,0.38,2023-03-31,1331,N,VIIRS,n,2,279.47,3.31,D,0
43.54358,-6.47194,344.41,0.42,0.38,2023-03-31,1331,N,VIIRS,n,2,295.14,5.54,D,0
43.53946,-6.47647,325.17,0.42,0.38,2023-03-31,1331,N,VIIRS,n,2,292.3,5.54,D,0
43.54259,-6.46911,342.27,0.42,0.38,2023-03-31,1331,N,VIIRS,n,2,294.17,5.59,D,0
43.5139,-6.55373,330.54,0.42,0.38,2023-03-31,1331,N,VIIRS,n,2,286.74,3.48,D,0
43.5153,-6.54296,334.67,0.42,0.38,2023-03-31,1331,N,VIIRS,n,2,279.45,3.31,D,0
43.50979,-6.55812,327.14,0.42,0.38,2023-03-31,1331,N,VIIRS,n,2,276.35,32.07,D,0
43.51047,-6.55284,338.99,0.42,0.38,2023-03-31,1331,N,VIIRS,n,2,299.18,32.07,D,0
43.51185,-6.54217,339.92,0.42,0.38,2023-03-31,1331,N,VIIRS,n,2,296.88,26.49,D,0
43.50637,-6.5571,329.57,0.42,0.38,2023-03-31,1331,N,VIIRS,n,2,284.64,32.07,D,0
43.50773,-6.5466,355.72,0.42,0.38,2023-03-31,1331,N,VIIRS,n,2,294.21,26.49,D,0
43.5084,-6.5414,353.01,0.42,0.38,2023-03-31,1331,N,VIIRS,n,2,281.66,26.49,D,0
43.5257,-6.40644,333.38,0.42,0.38,2023-03-31,1331,N,VIIRS,n,2,292.48,14.19,D,0
43.50294,-6.55623,339.01,0.42,0.38,2023-03-31,1331,N,VIIRS,n,2,283.17,4.87,D,0
43.50361,-6.55101,334.79,0.42,0.38,2023-03-31,1331,N,VIIRS,n,2,283.21,4.87,D,0
43.5043,-6.54574,344.12,0.42,0.38,2023-03-31,1331,N,VIIRS,n,2,294.14,27.27,D,0
43.49883,-6.56059,333.83,0.42,0.38,2023-03-31,1331,N,VIIRS,n,2,290.2,4.79,D,0
43.50083,-6.54509,332.54,0.42,0.38,2023-03-31,1331,N,VIIRS,n,2,283.11,27.27,D,0
43.55717,-5.95464,339.57,0.44,0.38,2023-03-31,1331,N,VIIRS,n,2,293.93,16.89,D,0
43.47496,-6.46964,331.84,0.42,0.38,2023-03-31,1331,N,VIIRS,n,2,288.88,5.58,D,0
43.46011,-6.55841,333.41,0.42,0.38,2023-03-31,1331,N,VIIRS,n,2,292.54,4.15,D,0
43.47151,-6.46886,329.6,0.42,0.38,2023-03-31,1331,N,VIIRS,n,2,292.54,1.57,D,0
43.5229,-5.7289,333.22,0.44,0.38,2023-03-31,1331,N,VIIRS,n,2,290.84,2.3,D,2
43.52478,-5.72675,333.53,0.44,0.38,2023-03-31,1331,N,VIIRS,n,2,290.53,3.6,D,2
43.4194,-6.53398,339.51,0.42,0.38,2023-03-31,1331,N,VIIRS,n,2,312.23,59.87,D,0
43.38978,-6.70712,340.11,0.41,0.37,2023-03-31,1331,N,VIIRS,n,2,283.69,6.75,D,0
43.41053,-6.54777,335.64,0.42,0.38,2023-03-31,1331,N,VIIRS,n,2,290.74,7.07,D,0
43.40711,-6.5468,354.31,0.42,0.38,2023-03-31,1331,N,VIIRS,n,2,298.05,7.07,D,0
43.37374,-6.66754,339.76,0.42,0.37,2023-03-31,1331,N,VIIRS,n,2,286.74,3.28,D,0
43.3656,-6.67583,329.91,0.41,0.37,2023-03-31,1331,N,VIIRS,n,2,293.93,2.58,D,0
43.3662,-6.67116,328.95,0.41,0.37,2023-03-31,1331,N,VIIRS,n,2,293.11,2.58,D,0
43.36684,-6.66624,338.07,0.42,0.37,2023-03-31,1331,N,VIIRS,n,2,288.38,5.42,D,0
43.359,-6.33892,346.56,0.42,0.38,2023-03-31,1331,N,VIIRS,n,2,295.51,13.68,D,0
43.31744,-6.63868,328.7,0.42,0.37,2023-03-31,1331,N,VIIRS,n,2,285.76,2.42,D,0
43.31813,-6.63332,344.33,0.42,0.37,2023-03-31,1331,N,VIIRS,n,2,287.84,6.97,D,0
43.42883,-5.73976,344.33,0.44,0.38,2023-03-31,1331,N,VIIRS,n,2,298.47,20.62,D,0
43.42949,-5.73429,336.4,0.44,0.38,2023-03-31,1331,N,VIIRS,n,2,289.82,10.56,D,0
43.4253,-5.73891,340.33,0.44,0.38,2023-03-31,1331,N,VIIRS,n,2,299.93,6.75,D,0
43.42596,-5.73345,351.63,0.44,0.38,2023-03-31,1331,N,VIIRS,n,2,301.1,16.17,D,0
43.42661,-5.72799,326.29,0.44,0.38,2023-03-31,1331,N,VIIRS,n,2,287.77,16.17,D,0
43.42244,-5.73257,334.97,0.44,0.38,2023-03-31,1331,N,VIIRS,n,2,300.2,16.17,D,0
43.42309,-5.72711,346.31,0.44,0.38,2023-03-31,1331,N,VIIRS,n,2,296.22,16.17,D,0
43.41891,-5.7317,335.19,0.44,0.38,2023-03-31,1331,N,VIIRS,n,2,289.08,12.86,D,0
43.41956,-5.72625,353.23,0.44,0.38,2023-03-31,1331,N,VIIRS,n,2,297.88,12.86,D,0
43.41149,-5.76352,328.35,0.44,0.38,2023-03-31,1331,N,VIIRS,n,2,288.96,4.07,D,0
43.4201,-5.73063,351.01,0.44,0.38,2023-03-31,1331,N,VIIRS,n,2,298.71,28.69,D,0
43.42077,-5.72518,349.15,0.44,0.38,2023-03-31,1331,N,VIIRS,n,2,293.27,17.43,D,0
43.40837,-5.76696,325.48,0.44,0.38,2023-03-31,1331,N,VIIRS,n,2,283.69,25.76,D,0
43.40903,-5.76158,350.19,0.44,0.38,2023-03-31,1331,N,VIIRS,n,2,293.73,25.76,D,0
43.40971,-5.75616,337.31,0.44,0.38,2023-03-31,1331,N,VIIRS,n,2,286.77,34.69,D,0
43.40685,-5.7499,356.91,0.44,0.38,2023-03-31,1331,N,VIIRS,l,2,287.81,34.69,D,0
43.40552,-5.76074,348.34,0.44,0.38,2023-03-31,1331,N,VIIRS,n,2,305.29,25.76,D,0
43.40619,-5.75531,343.41,0.44,0.38,2023-03-31,1331,N,VIIRS,n,2,303.96,34.69,D,0
43.40752,-5.7445,353.3,0.44,0.38,2023-03-31,1331,N,VIIRS,n,2,283.97,17.44,D,0
43.40266,-5.75449,334.57,0.44,0.38,2023-03-31,1331,N,VIIRS,n,2,280.79,4.36,D,0
43.40333,-5.74905,341.7,0.44,0.38,2023-03-31,1331,N,VIIRS,n,2,280.88,4.36,D,0
43.404,-5.74363,340.06,0.44,0.38,2023-03-31,1331,N,VIIRS,n,2,279.25,4.89,D,0
43.27055,-6.68377,336.87,0.41,0.37,2023-03-31,1331,N,VIIRS,n,2,280.48,4.41,D,0
43.26652,-6.68771,342.91,0.41,0.37,2023-03-31,1331,N,VIIRS,n,2,281.89,4.41,D,0
43.26714,-6.68289,341.68,0.41,0.37,2023-03-31,1331,N,VIIRS,n,2,280.85,4.41,D,0
43.29335,-6.34202,330.09,0.42,0.38,2023-03-31,1331,N,VIIRS,n,2,289.35,3.78,D,0
43.29401,-6.33688,325.93,0.42,0.38,2023-03-31,1331,N,VIIRS,n,2,295.73,3.78,D,0
43.2826,-6.20097,346.08,0.43,0.38,2023-03-31,1331,N,VIIRS,n,2,294.85,7.57,D,0
43.26138,-6.34169,338.91,0.42,0.38,2023-03-31,1331,N,VIIRS,n,2,295.14,8.29,D,0
43.25793,-6.34078,342.32,0.42,0.38,2023-03-31,1331,N,VIIRS,n,2,293.46,3.29,D,0
43.2467,-6.317,327.86,0.42,0.38,2023-03-31,1331,N,VIIRS,n,2,288.19,2.06,D,0
43.25116,-6.28151,344.2,0.42,0.38,2023-03-31,1331,N,VIIRS,n,2,291.06,13.05,D,0
43.24699,-6.28645,331.72,0.42,0.38,2023-03-31,1331,N,VIIRS,n,2,288.56,2.36,D,0
43.23438,-6.33018,332.68,0.42,0.38,2023-03-31,1331,N,VIIRS,n,2,287.45,2.89,D,0
43.23323,-6.33219,337.04,0.42,0.38,2023-03-31,1331,N,VIIRS,n,2,288.31,3.84,D,0
43.2294,-6.30635,328.6,0.42,0.38,2023-03-31,1331,N,VIIRS,n,2,290.37,32.8,D,0
43.37752,-5.10133,331.18,0.46,0.39,2023-03-31,1331,N,VIIRS,n,2,280.08,4.22,D,0
43.22409,-6.32015,347.23,0.42,0.38,2023-03-31,1331,N,VIIRS,n,2,290.01,7.5,D,0
43.33423,-5.43402,346.5,0.45,0.39,2023-03-31,1331,N,VIIRS,n,2,298.05,33.37,D,0
43.37317,-5.10676,341.24,0.46,0.39,2023-03-31,1331,N,VIIRS,n,2,286.45,10.42,D,0
43.37457,-5.09492,329.83,0.46,0.39,2023-03-31,1331,N,VIIRS,n,2,285.12,10.21,D,0
43.3819,-5.0323,339.98,0.46,0.39,2023-03-31,1331,N,VIIRS,n,2,288.73,5.83,D,0
43.37385,-5.10098,367,0.46,0.39,2023-03-31,1331,N,VIIRS,h,2,297.03,10.21,D,0
43.33003,-5.43857,337.39,0.45,0.39,2023-03-31,1331,N,VIIRS,n,2,305.78,33.37,D,0
43.33071,-5.43288,351.98,0.45,0.39,2023-03-31,1331,N,VIIRS,n,2,298.04,33.37,D,0
43.32649,-5.43756,343.1,0.45,0.39,2023-03-31,1331,N,VIIRS,n,2,298.55,27.26,D,0
43.32719,-5.43177,349.34,0.45,0.39,2023-03-31,1331,N,VIIRS,n,2,301.8,27.26,D,0
43.32365,-5.43074,345.73,0.45,0.39,2023-03-31,1331,N,VIIRS,n,2,288.82,27.26,D,0
43.34771,-5.22876,331.89,0.46,0.39,2023-03-31,1331,N,VIIRS,n,2,284.92,4.29,D,0
43.16524,-6.63837,337.23,0.41,0.37,2023-03-31,1331,N,VIIRS,n,2,300.37,61.05,D,0
43.33473,-5.15081,339.1,0.46,0.39,2023-03-31,1331,N,VIIRS,n,2,283.66,4.16,D,0
43.33113,-5.15005,341.5,0.46,0.39,2023-03-31,1331,N,VIIRS,n,2,288.01,9.77,D,0
43.32755,-5.14907,345.39,0.46,0.39,2023-03-31,1331,N,VIIRS,n,2,293.18,9.77,D,0
43.32396,-5.14813,332.27,0.46,0.39,2023-03-31,1331,N,VIIRS,n,2,287.5,2.8,D,0
43.28645,-5.34308,328.35,0.45,0.39,2023-03-31,1331,N,VIIRS,n,2,288.12,2.6,D,0
43.30805,-5.15801,349.12,0.46,0.39,2023-03-31,1331,N,VIIRS,n,2,291.72,11.1,D,0
43.30871,-5.15229,356.72,0.46,0.39,2023-03-31,1331,N,VIIRS,n,2,295.9,11.1,D,0
43.30944,-5.14602,330.08,0.46,0.39,2023-03-31,1331,N,VIIRS,n,2,286.84,5.45,D,0
43.30376,-5.16313,328.35,0.46,0.39,2023-03-31,1331,N,VIIRS,n,2,291.08,2.48,D,0
43.30152,-5.15062,334.49,0.46,0.39,2023-03-31,1331,N,VIIRS,n,2,289.48,6.38,D,0
43.29797,-5.14944,343.5,0.46,0.39,2023-03-31,1331,N,VIIRS,n,2,296.54,6.38,D,0
43.25723,-5.37375,346.21,0.45,0.39,2023-03-31,1331,N,VIIRS,n,2,285.81,15.4,D,0
43.25788,-5.36812,325.76,0.45,0.39,2023-03-31,1331,N,VIIRS,n,2,281.98,8.66,D,0
43.25366,-5.37294,333.95,0.45,0.39,2023-03-31,1331,N,VIIRS,n,2,286.84,3.96,D,0
43.16927,-5.66521,329.46,0.44,0.38,2023-03-31,1331,N,VIIRS,n,2,295.01,4.29,D,0
43.22483,-5.16959,328.72,0.46,0.39,2023-03-31,1331,N,VIIRS,n,2,293.07,2.64,D,0
43.10626,-6.05923,330.4,0.43,0.38,2023-03-31,1331,N,VIIRS,n,2,284.88,19.86,D,0
43.10211,-6.06385,331.74,0.43,0.38,2023-03-31,1331,N,VIIRS,n,2,284.84,3.67,D,0
43.10278,-6.05845,354.77,0.43,0.38,2023-03-31,1331,N,VIIRS,n,2,288.31,19.86,D,0
43.10347,-6.05288,350.95,0.43,0.38,2023-03-31,1331,N,VIIRS,n,2,299.19,19.86,D,0
43.21325,-5.07888,333.01,0.46,0.39,2023-03-31,1331,N,VIIRS,n,2,289.62,5.98,D,0
43.24512,-4.73363,333.84,0.47,0.4,2023-03-31,1331,N,VIIRS,n,2,284.78,5.56,D,0
43.16304,-5.09583,333.83,0.46,0.39,2023-03-31,1331,N,VIIRS,n,2,289.33,4.01,D,0
41.93903,-5.71675,327.94,0.43,0.38,2023-03-31,1331,N,VIIRS,n,2,288.2,3.13,D,0
41.4046,1.99808,299.13,0.38,0.36,2023-04-01,0148,N,VIIRS,n,2,281.07,0.52,N,2
41.31087,1.65922,297.19,0.39,0.36,2023-04-01,0148,N,VIIRS,n,2,278.91,0.52,N,2
43.38021,-5.09642,301.12,0.45,0.47,2023-04-01,0148,N,VIIRS,n,2,273.13,1.37,N,0
41.31417,1.66009,298.8,0.39,0.36,2023-04-01,0148,N,VIIRS,n,2,280.82,0.69,N,2
41.45556,1.9786,298.81,0.38,0.36,2023-04-01,0148,N,VIIRS,n,2,279.91,0.47,N,2
43.24759,-4.74035,302.28,0.43,0.46,2023-04-01,0148,N,VIIRS,n,2,271.14,1.45,N,0
43.37583,-5.09653,323.04,0.45,0.47,2023-04-01,0148,N,VIIRS,n,2,272.76,3.06,N,0
43.37537,-5.09109,320.12,0.45,0.47,2023-04-01,0148,N,VIIRS,n,2,272.58,3.23,N,0
43.01546,-5.70642,346.27,0.48,0.48,2023-04-01,0148,N,VIIRS,n,2,265.75,9.43,N,0
43.01136,-5.71149,344.7,0.48,0.48,2023-04-01,0148,N,VIIRS,n,2,264.91,5.75,N,0
43.01585,-5.7112,351.13,0.48,0.48,2023-04-01,0148,N,VIIRS,n,2,268.23,9.43,N,0
43.01098,-5.70671,326.2,0.48,0.48,2023-04-01,0148,N,VIIRS,n,2,263.67,5.75,N,0
43.25751,-4.7067,312.69,0.43,0.46,2023-04-01,0148,N,VIIRS,n,2,274.05,2.31,N,0
43.26215,-4.71047,301.36,0.43,0.46,2023-04-01,0148,N,VIIRS,n,2,272.8,2.73,N,0
43.37188,-5.10171,310.49,0.45,0.47,2023-04-01,0148,N,VIIRS,n,2,269.38,3.06,N,0
43.37143,-5.09652,328.15,0.45,0.47,2023-04-01,0148,N,VIIRS,n,2,271.91,3.06,N,0
41.40789,1.99898,297.64,0.38,0.36,2023-04-01,0148,N,VIIRS,n,2,280.75,0.52,N,2
39.27917,-0.55648,316.79,0.41,0.37,2023-04-01,0149,N,VIIRS,n,2,255.25,2.73,N,0
40.43762,-3.52891,313.73,0.53,0.42,2023-04-01,0149,N,VIIRS,n,2,281.53,1.61,N,0
40.2452,-3.47615,316.76,0.53,0.42,2023-04-01,0149,N,VIIRS,n,2,283.55,2.96,N,2
39.28257,-0.55569,303.97,0.41,0.37,2023-04-01,0149,N,VIIRS,n,2,253.04,1.57,N,0
36.94491,-2.4335,307.84,0.44,0.39,2023-04-01,0150,N,VIIRS,n,2,277.58,1.07,N,0
36.96582,-1.90542,306.63,0.43,0.38,2023-04-01,0150,N,VIIRS,n,2,275.23,1.26,N,2
36.81176,-4.25904,342.15,0.4,0.37,2023-04-01,1310,N,VIIRS,n,2,306.36,9.37,D,0
40.01226,-4.17996,333.14,0.39,0.36,2023-04-01,1311,N,VIIRS,n,2,300.99,0.73,D,0
40.24512,-3.4712,330.48,0.38,0.36,2023-04-01,1311,N,VIIRS,l,2,303.58,2.95,D,2
40.75534,0.77583,347.66,0.48,0.4,2023-04-01,1311,N,VIIRS,n,2,303.91,8.94,D,0
40.75167,0.77655,335.36,0.48,0.4,2023-04-01,1311,N,VIIRS,n,2,303.67,8.94,D,0
37.50273,-1.62185,338.93,0.39,0.36,2023-04-01,1311,N,VIIRS,n,2,302.98,4.66,D,0
43.10004,-5.95882,335.36,0.39,0.36,2023-04-01,1312,N,VIIRS,n,2,292.04,5.04,D,0
41.95191,-1.22318,329.67,0.42,0.38,2023-04-01,1312,N,VIIRS,n,2,296.42,2.37,D,0
42.70975,-5.63411,334.62,0.39,0.36,2023-04-01,1312,N,VIIRS,n,2,296.34,3.61,D,0
43.10494,-5.95021,333.38,0.39,0.36,2023-04-01,1312,N,VIIRS,n,2,290.05,16.56,D,0
43.52371,-5.73318,301.84,0.42,0.61,2023-04-02,0129,N,VIIRS,n,2,278.63,1.37,N,2
43.53807,-5.83208,319.23,0.42,0.61,2023-04-02,0129,N,VIIRS,n,2,271.25,1.69,N,2
43.52841,-5.73078,304.87,0.42,0.61,2023-04-02,0129,N,VIIRS,n,2,280.48,1.15,N,2
43.5229,-5.73659,331.87,0.42,0.61,2023-04-02,0129,N,VIIRS,n,2,280.59,4.05,N,2
43.52269,-5.73126,297.24,0.42,0.61,2023-04-02,0129,N,VIIRS,n,2,278.33,1.15,N,2
43.53855,-5.83415,316.99,0.43,0.62,2023-04-02,0129,N,VIIRS,n,2,272,1.52,N,2
43.52942,-5.73243,298.65,0.42,0.61,2023-04-02,0129,N,VIIRS,n,2,279.12,1.37,N,2
43.52387,-5.73807,326.39,0.42,0.61,2023-04-02,0129,N,VIIRS,n,2,280.62,3.15,N,2
41.4545,1.98121,305.77,0.51,0.41,2023-04-02,0130,N,VIIRS,n,2,285.39,0.94,N,2
40.24576,-3.47436,309.45,0.6,0.53,2023-04-02,0130,N,VIIRS,n,2,280.08,2.61,N,2
38.37494,-0.54581,298.83,0.41,0.45,2023-04-02,0130,N,VIIRS,n,2,284.57,0.95,N,2
41.31227,1.66469,298.09,0.52,0.42,2023-04-02,0130,N,VIIRS,n,2,280.58,0.98,N,2
41.31422,1.6648,303.19,0.52,0.41,2023-04-02,0130,N,VIIRS,n,2,281.76,0.61,N,2
41.31295,1.65836,295.96,0.52,0.42,2023-04-02,0130,N,VIIRS,n,2,280.38,0.98,N,2
36.17789,-5.42677,297.01,0.35,0.57,2023-04-02,0131,N,VIIRS,n,2,286.8,0.47,N,2
37.70956,-2.64383,298.29,0.51,0.5,2023-04-02,0131,N,VIIRS,n,2,283.27,0.61,N,0
37.35934,-6.67604,296.16,0.42,0.61,2023-04-02,0131,N,VIIRS,n,2,285.15,0.89,N,0
40.24311,-3.4774,308.83,0.51,0.66,2023-04-02,0310,N,VIIRS,n,2,278.14,2.17,N,2
39.10774,-5.46487,343.52,0.41,0.45,2023-04-02,1252,N,VIIRS,n,2,302.23,3.59,D,0
39.69054,-5.1434,339.66,0.39,0.44,2023-04-02,1252,N,VIIRS,n,2,299.46,4.34,D,0
42.34912,-5.64211,328.58,0.54,0.42,2023-04-02,1253,N,VIIRS,n,2,303.18,4.13,D,0
42.34776,-5.64854,334.1,0.54,0.42,2023-04-02,1253,N,VIIRS,n,2,303.36,4.13,D,0
42.64389,-5.19481,326.9,0.51,0.41,2023-04-02,1253,N,VIIRS,n,2,295.66,2.19,D,0
42.52099,-5.80068,332.92,0.55,0.42,2023-04-02,1253,N,VIIRS,n,2,299.48,3.08,D,0
40.24547,-3.47229,331.33,0.48,0.4,2023-04-02,1253,N,VIIRS,n,2,301.91,3.22,D,2
41.31297,1.65956,303.18,0.59,0.53,2023-04-03,0111,N,VIIRS,n,2,281.11,1.67,N,2
41.31126,1.65831,298.22,0.59,0.53,2023-04-03,0111,N,VIIRS,n,2,279.44,1.13,N,2
40.24557,-3.47596,314.73,0.54,0.68,2023-04-03,0111,N,VIIRS,n,2,280.21,2.67,N,2
38.0502,-1.06832,335.36,0.39,0.59,2023-04-03,0112,N,VIIRS,n,2,282.39,2.11,N,0
37.08913,-6.23641,299.15,0.73,0.76,2023-04-03,0112,N,VIIRS,n,2,276.92,1.33,N,0
36.9669,-1.90711,298.17,0.42,0.61,2023-04-03,0112,N,VIIRS,n,2,284.69,0.54,N,2
37.1774,-6.90047,300.02,0.79,0.78,2023-04-03,0112,N,VIIRS,n,2,281.63,1.68,N,0
43.44178,-3.84534,303.3,0.47,0.48,2023-04-03,0251,N,VIIRS,n,2,279.3,1.1,N,2
43.54443,-5.74806,299.27,0.39,0.44,2023-04-03,0251,N,VIIRS,n,2,276.45,0.76,N,0
41.40818,1.99735,297.3,0.5,0.66,2023-04-03,0251,N,VIIRS,n,2,280.95,0.6,N,2
41.30989,1.66212,299.18,0.49,0.65,2023-04-03,0251,N,VIIRS,n,2,277.85,2.02,N,2
41.31415,1.66476,298.2,0.49,0.65,2023-04-03,0251,N,VIIRS,n,2,278.08,0.96,N,2
40.24395,-3.47939,295.24,0.59,0.53,2023-04-03,0252,N,VIIRS,n,2,276.66,2.28,N,2
40.24223,-3.4727,300.64,0.59,0.53,2023-04-03,0252,N,VIIRS,n,2,276.71,1.66,N,2
40.24571,-3.47781,304.28,0.59,0.53,2023-04-03,0252,N,VIIRS,n,2,277.67,1.89,N,2
40.24403,-3.47112,297.49,0.59,0.53,2023-04-03,0252,N,VIIRS,n,2,276.99,1.89,N,2
38.3771,-0.54337,304.03,0.46,0.64,2023-04-03,0252,N,VIIRS,n,2,283.28,0.97,N,2
39.20933,-5.30025,295.95,0.51,0.49,2023-04-03,0252,N,VIIRS,n,2,277.08,0.81,N,0
37.09114,-6.23088,308.36,0.51,0.49,2023-04-03,0253,N,VIIRS,n,2,275.4,1.48,N,0
37.17434,-6.89234,298.86,0.47,0.48,2023-04-03,0253,N,VIIRS,n,2,284.85,0.94,N,0
37.17422,-6.89393,297.4,0.47,0.48,2023-04-03,0253,N,VIIRS,n,2,284.94,1.52,N,0
37.09706,-6.24146,349.35,0.44,0.62,2023-04-03,1233,N,VIIRS,n,2,302.99,4.35,D,0
37.09403,-6.23049,329.88,0.44,0.62,2023-04-03,1233,N,VIIRS,l,2,303.69,2.73,D,0
37.09688,-6.24246,351.77,0.44,0.62,2023-04-03,1233,N,VIIRS,n,2,302.74,3.48,D,0
39.23759,-0.52021,336.89,0.4,0.44,2023-04-03,1233,N,VIIRS,n,2,302.69,1.7,D,0
43.53821,-5.83278,329.21,0.57,0.52,2023-04-03,1235,N,VIIRS,n,2,284.35,3.21,D,2
37.09718,-6.23999,331.14,0.41,0.6,2023-04-03,1414,N,VIIRS,n,2,287.9,5.44,D,0
37.09693,-6.24468,330.12,0.41,0.6,2023-04-03,1414,N,VIIRS,n,2,284.92,2.62,D,0
43.54266,-5.84367,296.41,0.4,0.37,2023-04-04,0232,N,VIIRS,n,2,282.12,0.74,N,2
43.53002,-5.73196,297.11,0.4,0.37,2023-04-04,0232,N,VIIRS,n,2,280.91,0.48,N,2
43.52608,-5.72962,306.11,0.4,0.37,2023-04-04,0232,N,VIIRS,n,2,283.32,1.81,N,2
43.52275,-5.73075,312.62,0.4,0.37,2023-04-04,0232,N,VIIRS,n,2,281.96,1.44,N,2
41.40625,2.00042,296.96,0.6,0.53,2023-04-04,0232,N,VIIRS,n,2,279.77,0.59,N,2
41.31273,1.66088,308.92,0.58,0.52,2023-04-04,0232,N,VIIRS,n,2,281.13,2.24,N,2
43.34772,-8.43508,300.27,0.38,0.36,2023-04-04,0232,N,VIIRS,n,2,279.85,0.51,N,2
43.34444,-8.43603,299.15,0.38,0.36,2023-04-04,0232,N,VIIRS,n,2,280.35,0.51,N,2
41.20065,-1.66597,301.1,0.4,0.44,2023-04-04,0232,N,VIIRS,n,2,272.78,0.83,N,0
36.96674,-1.90592,302.33,0.49,0.48,2023-04-04,0234,N,VIIRS,n,2,283.16,1.56,N,2
38.04502,-1.20765,338.48,0.4,0.6,2023-04-04,1214,N,VIIRS,n,2,297.19,2.51,D,0
39.66203,-3.62737,332.15,0.48,0.65,2023-04-04,1215,N,VIIRS,n,2,301.81,3.39,D,0
39.06562,-5.98505,332.9,0.65,0.73,2023-04-04,1215,N,VIIRS,n,2,301.55,4.79,D,0
39.07195,-5.98835,345.15,0.65,0.73,2023-04-04,1215,N,VIIRS,n,2,302.34,4.79,D,0
39.01637,-5.65328,328.15,0.63,0.72,2023-04-04,1215,N,VIIRS,n,2,298.77,2.05,D,0
39.01933,-5.65688,330.65,0.63,0.72,2023-04-04,1215,N,VIIRS,n,2,300.27,3.86,D,0
42.21674,-5.82099,350.14,0.52,0.67,2023-04-04,1216,N,VIIRS,n,2,299.18,5.35,D,0
40.24375,-3.47249,339.18,0.34,0.56,2023-04-04,1355,N,VIIRS,n,2,304.86,2.78,D,2
39.65638,-3.63275,345.64,0.33,0.55,2023-04-04,1355,N,VIIRS,n,2,309.63,3.82,D,0
39.65124,-3.63236,344.56,0.33,0.55,2023-04-04,1355,N,VIIRS,n,2,308.34,3.39,D,0
41.96785,-5.81714,332.03,0.53,0.5,2023-04-04,1356,N,VIIRS,n,2,299.5,1.92,D,0
43.15814,-4.01638,344.11,0.34,0.56,2023-04-04,1356,N,VIIRS,n,2,291.56,2.72,D,0
42.12257,-5.59736,331.7,0.55,0.51,2023-04-04,1356,N,VIIRS,n,2,297.05,3.98,D,0
41.40434,2.00064,295.36,0.54,0.42,2023-04-05,0213,N,VIIRS,n,2,278.72,0.84,N,2
43.53981,-5.83318,306.17,0.41,0.37,2023-04-05,0213,N,VIIRS,n,2,277.34,1.08,N,2
43.52626,-5.73151,300.93,0.41,0.37,2023-04-05,0213,N,VIIRS,n,2,276.29,1.75,N,2
43.52285,-5.73239,327.42,0.41,0.37,2023-04-05,0213,N,VIIRS,n,2,276.02,1.75,N,2
42.8144,-1.74135,299.28,0.4,0.37,2023-04-05,0213,N,VIIRS,n,2,276.62,0.48,N,2
43.22382,-2.8792,304.9,0.38,0.36,2023-04-05,0213,N,VIIRS,n,2,277.56,0.66,N,2
41.58759,0.72114,330.74,0.47,0.4,2023-04-05,0213,N,VIIRS,n,2,280.66,4.22,N,0
41.58401,0.71991,301.63,0.47,0.4,2023-04-05,0213,N,VIIRS,n,2,275.97,4.22,N,0
43.54526,-5.84767,316.71,0.41,0.37,2023-04-05,0213,N,VIIRS,n,2,276.87,1.35,N,2
43.03357,-2.21935,295.74,0.39,0.36,2023-04-05,0213,N,VIIRS,n,2,275.17,0.86,N,2
38.62795,-1.1879,304.05,0.45,0.39,2023-04-05,0214,N,VIIRS,n,2,277.59,1,N,0
38.37741,-0.54398,305.87,0.48,0.4,2023-04-05,0214,N,VIIRS,n,2,283.61,1.11,N,2
38.62925,-1.18922,301.88,0.45,0.39,2023-04-05,0214,N,VIIRS,n,2,276.18,0.97,N,0
40.24545,-3.47462,324.54,0.39,0.36,2023-04-05,0214,N,VIIRS,n,2,282.82,2.44,N,2
39.93602,-3.74399,305.58,0.39,0.36,2023-04-05,0214,N,VIIRS,n,2,281.6,1.27,N,2
41.31111,1.66444,297.51,0.52,0.42,2023-04-05,0214,N,VIIRS,n,2,280.09,1.3,N,2
41.47561,-1.48933,295.69,0.41,0.37,2023-04-05,0214,N,VIIRS,n,2,276.98,0.43,N,2
42.07093,-5.45379,315.32,0.4,0.37,2023-04-05,0214,N,VIIRS,n,2,271.83,1.32,N,0
41.20312,-1.66434,308.79,0.41,0.37,2023-04-05,0214,N,VIIRS,n,2,272.92,0.7,N,0
37.36063,-5.86314,296.73,0.39,0.36,2023-04-05,0215,N,VIIRS,n,2,283.48,0.22,N,2
38.37799,-6.4828,297.4,0.4,0.37,2023-04-05,0215,N,VIIRS,n,2,280.94,0.63,N,0
41.16729,1.03695,331.14,0.44,0.62,2023-04-05,1156,N,VIIRS,n,2,298.04,4.23,D,0
41.16588,1.03207,326.48,0.44,0.62,2023-04-05,1156,N,VIIRS,n,2,297.74,3.13,D,0
43.08228,-3.87353,337.82,0.65,0.73,2023-04-05,1157,N,VIIRS,n,2,286.43,6.32,D,0
40.90584,-2.96432,350.49,0.69,0.74,2023-04-05,1157,N,VIIRS,n,2,302.65,7.96,D,0
43.07814,-3.87072,338.54,0.65,0.73,2023-04-05,1157,N,VIIRS,n,2,286.83,4.09,D,0
39.27751,-5.22789,336.53,0.47,0.4,2023-04-05,1336,N,VIIRS,n,2,304.18,8.67,D,0
39.17498,-0.32826,341.16,0.54,0.51,2023-04-05,1336,N,VIIRS,n,2,300.41,5.04,D,0
37.34672,-6.31176,336.38,0.42,0.38,2023-04-05,1336,N,VIIRS,l,2,310.99,2.24,D,0
38.04536,-5.61349,335.7,0.45,0.39,2023-04-05,1336,N,VIIRS,l,2,306.76,7.57,D,0
42.91493,-4.00066,328.72,0.39,0.44,2023-04-05,1337,N,VIIRS,n,2,284.86,3.07,D,0
40.90461,-2.98742,341.92,0.41,0.45,2023-04-05,1337,N,VIIRS,n,2,303.51,4.54,D,0
41.28659,2.07183,337.28,0.38,0.59,2023-04-05,1337,N,VIIRS,n,2,294.74,1.34,D,0
41.59206,0.86019,335.46,0.33,0.55,2023-04-05,1337,N,VIIRS,n,2,300.46,1.06,D,0
41.5841,0.72417,340.3,0.32,0.55,2023-04-05,1337,N,VIIRS,n,2,298.95,2.44,D,0
41.59721,0.85962,335.18,0.33,0.55,2023-04-05,1337,N,VIIRS,n,2,300.92,2.93,D,0
41.58922,0.7236,334.62,0.32,0.55,2023-04-05,1337,N,VIIRS,n,2,297.96,2.67,D,0
42.02078,-5.63232,333.63,0.49,0.4,2023-04-05,1337,N,VIIRS,n,2,300.61,3.08,D,0
43.08184,-3.87392,345.88,0.4,0.44,2023-04-05,1337,N,VIIRS,n,2,290.52,13.69,D,0
43.11049,-3.83268,325.24,0.4,0.44,2023-04-05,1337,N,VIIRS,n,2,285.99,2.72,D,0
42.70984,-8.04772,340.78,0.41,0.37,2023-04-05,1337,N,VIIRS,n,2,274.33,4.31,D,0
42.71327,-8.04854,332.75,0.41,0.37,2023-04-05,1337,N,VIIRS,n,2,273.12,4.38,D,0
43.04962,-3.80939,354.35,0.5,0.41,2023-04-06,0154,N,VIIRS,n,2,273.24,9.39,N,0
43.053,-3.83987,316.92,0.5,0.41,2023-04-06,0154,N,VIIRS,n,2,270.35,1.66,N,0
43.55157,-5.86124,299.37,0.41,0.45,2023-04-06,0154,N,VIIRS,n,2,277.78,0.93,N,2
43.54042,-5.83131,348.94,0.41,0.45,2023-04-06,0154,N,VIIRS,n,2,280.75,5.65,N,2
43.53626,-5.83203,317.1,0.41,0.45,2023-04-06,0154,N,VIIRS,n,2,276.62,2.26,N,2
43.52705,-5.72961,300.75,0.41,0.45,2023-04-06,0154,N,VIIRS,n,2,280.79,1.32,N,2
43.52337,-5.73542,296.69,0.41,0.45,2023-04-06,0154,N,VIIRS,n,2,280.33,1,N,2
43.04073,-2.2208,306.02,0.44,0.38,2023-04-06,0154,N,VIIRS,n,2,276.17,1.09,N,2
43.03368,-2.22241,296.18,0.44,0.38,2023-04-06,0154,N,VIIRS,n,2,275.61,1.83,N,2
43.05398,-3.8141,339.2,0.5,0.41,2023-04-06,0154,N,VIIRS,n,2,271.23,4.96,N,0
43.05029,-3.81542,327.44,0.5,0.41,2023-04-06,0154,N,VIIRS,n,2,270.41,4.96,N,0
39.95235,-0.0019,296.87,0.38,0.36,2023-04-06,0155,N,VIIRS,n,2,285.99,0.98,N,2
42.31623,-6.55977,295.75,0.43,0.46,2023-04-06,0155,N,VIIRS,n,2,273.83,0.86,N,0
42.31791,-6.57902,346.57,0.44,0.46,2023-04-06,0155,N,VIIRS,n,2,278.38,15.64,N,0
42.3136,-6.57909,350.43,0.44,0.46,2023-04-06,0155,N,VIIRS,n,2,286.76,15.64,N,0
42.31832,-6.58383,328.25,0.44,0.46,2023-04-06,0155,N,VIIRS,n,2,272.09,15.64,N,0
42.32266,-6.58418,339.54,0.44,0.46,2023-04-06,0155,N,VIIRS,n,2,277.04,3.81,N,0
41.31321,1.6603,296.49,0.39,0.36,2023-04-06,0155,N,VIIRS,n,2,279.92,0.95,N,2
41.58733,0.72055,328.43,0.38,0.36,2023-04-06,0155,N,VIIRS,n,2,273.65,2.06,N,0
42.31406,-6.58435,308.03,0.44,0.46,2023-04-06,0155,N,VIIRS,n,2,270.76,15.64,N,0
42.30933,-6.57953,348.01,0.44,0.46,2023-04-06,0155,N,VIIRS,n,2,274.65,14.95,N,0
42.30892,-6.57479,338.67,0.43,0.46,2023-04-06,0155,N,VIIRS,n,2,275.8,10.43,N,0
42.31542,-6.57971,367,0.43,0.46,2023-04-06,0155,N,VIIRS,h,2,286.25,23.83,N,0
42.31501,-6.57525,336.67,0.43,0.46,2023-04-06,0155,N,VIIRS,n,2,278.49,23.83,N,0
42.31362,-6.56006,301.22,0.43,0.46,2023-04-06,0155,N,VIIRS,n,2,273.72,0.57,N,0
42.31112,-6.57987,347.12,0.43,0.46,2023-04-06,0155,N,VIIRS,n,2,278.89,23.83,N,0
42.3107,-6.57527,353.81,0.43,0.46,2023-04-06,0155,N,VIIRS,n,2,283.9,23.83,N,0
41.47358,-1.48751,296.23,0.41,0.37,2023-04-06,0155,N,VIIRS,n,2,276.72,0.67,N,2
42.31321,-6.5746,343.11,0.43,0.46,2023-04-06,0155,N,VIIRS,n,2,281.2,12.44,N,0
39.93631,-3.74674,300.46,0.46,0.39,2023-04-06,0155,N,VIIRS,n,2,272.35,1.25,N,2
38.37545,-0.54681,296.8,0.38,0.36,2023-04-06,0156,N,VIIRS,n,2,280.75,0.66,N,2
37.17607,-6.89438,298.14,0.39,0.44,2023-04-06,0156,N,VIIRS,n,2,284.73,1.43,N,0
36.08503,-5.73016,351.26,0.51,0.41,2023-04-06,0156,N,VIIRS,n,2,292.99,7.28,N,0
36.08438,-5.72451,329.75,0.51,0.41,2023-04-06,0156,N,VIIRS,n,2,286.7,7.28,N,0
36.08576,-5.7364,296.36,0.51,0.41,2023-04-06,0156,N,VIIRS,n,2,284.62,1.19,N,0
36.08374,-5.71911,306.07,0.51,0.41,2023-04-06,0156,N,VIIRS,n,2,284.22,1.21,N,0
36.0813,-5.73113,312.84,0.51,0.41,2023-04-06,0156,N,VIIRS,n,2,284.14,2.12,N,0
36.08062,-5.72537,311.6,0.51,0.41,2023-04-06,0156,N,VIIRS,n,2,283.68,2.12,N,0
43.05411,-3.80724,313.56,0.78,0.78,2023-04-06,0334,N,VIIRS,n,2,272.41,2.73,N,0
43.04633,-3.80832,310.03,0.78,0.78,2023-04-06,0334,N,VIIRS,n,2,270.63,2.73,N,0
43.05146,-3.80886,328.03,0.78,0.78,2023-04-06,0334,N,VIIRS,n,2,272.04,4.78,N,0
42.31087,-6.57562,367,0.62,0.72,2023-04-06,0335,N,VIIRS,h,2,277.01,9.95,N,0
41.87685,-7.89997,343.58,0.56,0.69,2023-04-06,0335,N,VIIRS,n,2,275.81,3.53,N,0
42.31357,-6.58388,322.62,0.62,0.72,2023-04-06,0335,N,VIIRS,n,2,271.49,9.95,N,0
42.31872,-6.57721,302.57,0.62,0.72,2023-04-06,0335,N,VIIRS,n,2,273.71,2.67,N,0
42.3069,-6.57191,301.09,0.62,0.72,2023-04-06,0335,N,VIIRS,n,2,272.63,4.45,N,0
42.3097,-6.58026,341.56,0.62,0.72,2023-04-06,0335,N,VIIRS,n,2,273.59,4.45,N,0
42.31796,-6.58301,310.38,0.62,0.72,2023-04-06,0335,N,VIIRS,n,2,271.45,8.44,N,0
42.31453,-6.57273,347.44,0.62,0.72,2023-04-06,0335,N,VIIRS,n,2,276.89,9.3,N,0
38.28755,-6.1618,337.14,0.4,0.37,2023-04-06,1317,N,VIIRS,n,2,305.76,4.79,D,0
38.28271,-6.16982,355.22,0.4,0.37,2023-04-06,1317,N,VIIRS,n,2,307.72,11.06,D,0
36.83158,-2.43518,336.15,0.4,0.37,2023-04-06,1317,N,VIIRS,n,2,304.85,2.79,D,0
38.27888,-6.14291,347.9,0.4,0.37,2023-04-06,1317,N,VIIRS,n,2,307.06,2.14,D,0
39.63544,-0.60179,332.76,0.47,0.4,2023-04-06,1317,N,VIIRS,n,2,301.32,2.58,D,0
38.71423,-6.28165,351.1,0.4,0.37,2023-04-06,1317,N,VIIRS,n,2,311.35,7.71,D,0
38.28603,-6.17077,356.85,0.4,0.37,2023-04-06,1317,N,VIIRS,n,2,306.71,11.06,D,0
38.28679,-6.16629,339.59,0.4,0.37,2023-04-06,1317,N,VIIRS,n,2,305.39,4.79,D,0
38.28347,-6.16534,356.56,0.4,0.37,2023-04-06,1317,N,VIIRS,l,2,305.49,4.79,D,0
38.28423,-6.16087,353.78,0.4,0.37,2023-04-06,1317,N,VIIRS,n,2,305.42,4.79,D,0
38.28498,-6.15639,347.06,0.4,0.37,2023-04-06,1317,N,VIIRS,n,2,307.45,2.62,D,0
38.28015,-6.1644,356.87,0.4,0.37,2023-04-06,1317,N,VIIRS,l,2,305.96,7.32,D,0
38.28091,-6.15992,356.86,0.4,0.37,2023-04-06,1317,N,VIIRS,l,2,305.46,7.32,D,0
38.28166,-6.15545,356.87,0.4,0.37,2023-04-06,1317,N,VIIRS,l,2,305.96,4.48,D,0
38.27939,-6.16888,354.1,0.4,0.37,2023-04-06,1317,N,VIIRS,n,2,306.03,2.82,D,0
38.28241,-6.15098,351.68,0.4,0.37,2023-04-06,1317,N,VIIRS,n,2,306.13,4.48,D,0
38.28316,-6.14652,337.99,0.4,0.37,2023-04-06,1317,N,VIIRS,l,2,308.19,3.46,D,0
38.27984,-6.14559,356.8,0.4,0.37,2023-04-06,1317,N,VIIRS,l,2,305.83,3.46,D,0
38.27909,-6.15005,337.97,0.4,0.37,2023-04-06,1317,N,VIIRS,n,2,305.38,4.48,D,0
38.27813,-6.14737,347.61,0.4,0.37,2023-04-06,1317,N,VIIRS,n,2,304.47,2.14,D,0
41.87826,-7.89555,345.51,0.4,0.37,2023-04-06,1318,N,VIIRS,n,2,303.56,8.04,D,0
41.87745,-7.90023,339.8,0.4,0.37,2023-04-06,1318,N,VIIRS,n,2,306.04,8.04,D,0
41.88159,-7.89665,346.56,0.4,0.37,2023-04-06,1318,N,VIIRS,n,2,300.41,26.59,D,0
42.42201,-5.45297,334.34,0.38,0.36,2023-04-06,1318,N,VIIRS,n,2,305.75,3.15,D,0
43.03468,-2.21999,325.86,0.45,0.39,2023-04-06,1318,N,VIIRS,n,2,300.22,2.31,D,2
40.24529,-3.47264,336.04,0.4,0.37,2023-04-06,1318,N,VIIRS,l,2,309.95,3.39,D,2
41.92489,0.18271,335.1,0.54,0.42,2023-04-06,1318,N,VIIRS,n,2,303.76,6.36,D,2
43.13082,-3.94878,337.62,0.4,0.37,2023-04-06,1319,N,VIIRS,n,2,293.82,6.15,D,0
43.53773,-5.83116,333.61,0.38,0.36,2023-04-06,1319,N,VIIRS,n,2,299.14,2.89,D,2
43.54102,-5.83209,338.29,0.38,0.36,2023-04-06,1319,N,VIIRS,n,2,304.54,2.89,D,2
43.33189,-5.14601,327.91,0.39,0.36,2023-04-06,1319,N,VIIRS,n,2,291.87,2.68,D,0
43.3326,-5.14112,330.71,0.39,0.36,2023-04-06,1319,N,VIIRS,n,2,291.58,2.79,D,0
42.65487,-8.08245,325.4,0.4,0.37,2023-04-06,1319,N,VIIRS,n,2,294.6,1.21,D,0
43.20452,-3.60589,328.74,0.41,0.37,2023-04-06,1319,N,VIIRS,n,2,295.27,1.36,D,0
43.20523,-3.60057,334.57,0.41,0.37,2023-04-06,1319,N,VIIRS,n,2,296.19,2.94,D,0
43.19355,-3.60904,327.16,0.41,0.37,2023-04-06,1319,N,VIIRS,n,2,293.45,4.91,D,0
43.19423,-3.60392,336.34,0.41,0.37,2023-04-06,1319,N,VIIRS,n,2,300.5,4.91,D,0
43.13149,-3.94378,337.31,0.4,0.37,2023-04-06,1319,N,VIIRS,n,2,299.48,11.88,D,0
43.1118,-3.88217,347.24,0.41,0.37,2023-04-06,1319,N,VIIRS,n,2,301.27,7.21,D,0
43.11243,-3.87745,331.22,0.41,0.37,2023-04-06,1319,N,VIIRS,n,2,299.51,3.22,D,0
43.08215,-3.94752,332.79,0.4,0.37,2023-04-06,1319,N,VIIRS,n,2,291.87,3.75,D,0
43.07807,-3.95199,332.2,0.4,0.37,2023-04-06,1319,N,VIIRS,n,2,291.77,3.75,D,0
43.07127,-3.89819,331.06,0.4,0.37,2023-04-06,1319,N,VIIRS,n,2,294.51,9.28,D,0
43.07195,-3.89297,354.09,0.4,0.37,2023-04-06,1319,N,VIIRS,n,2,298.94,9.28,D,0
43.07717,-3.85358,343.94,0.41,0.37,2023-04-06,1319,N,VIIRS,n,2,305.37,22.74,D,0
43.07203,-3.89522,354.54,0.4,0.37,2023-04-06,1319,N,VIIRS,n,2,298.76,8.16,D,0
43.07274,-3.89004,337.48,0.4,0.37,2023-04-06,1319,N,VIIRS,n,2,294.64,4.35,D,0
43.07801,-3.85091,332.23,0.41,0.37,2023-04-06,1319,N,VIIRS,n,2,298.11,8.64,D,0
43.06863,-3.89449,348.29,0.4,0.37,2023-04-06,1319,N,VIIRS,n,2,292.87,8.16,D,0
43.54053,-5.82884,306.32,0.35,0.57,2023-04-07,0135,N,VIIRS,n,2,274.04,1.23,N,2
43.52453,-5.72809,298.93,0.35,0.57,2023-04-07,0135,N,VIIRS,n,2,276.09,0.87,N,2
43.54483,-5.84503,300.57,0.35,0.57,2023-04-07,0135,N,VIIRS,n,2,272.9,0.6,N,2
43.53886,-5.83187,323.51,0.35,0.57,2023-04-07,0135,N,VIIRS,n,2,274.79,1.56,N,2
43.5287,-5.73017,296.76,0.35,0.57,2023-04-07,0135,N,VIIRS,n,2,276.23,0.47,N,2
43.54077,-5.83355,300.82,0.35,0.57,2023-04-07,0135,N,VIIRS,n,2,274.21,1.71,N,2
42.29711,-6.7428,324.74,0.39,0.59,2023-04-07,0136,N,VIIRS,n,2,272.87,2.92,N,0
42.3019,-6.72729,318.93,0.39,0.59,2023-04-07,0136,N,VIIRS,n,2,274.75,2.12,N,0
42.30208,-6.7312,322.14,0.39,0.59,2023-04-07,0136,N,VIIRS,n,2,274.02,2.12,N,0
40.24451,-3.47756,315.17,0.5,0.49,2023-04-07,0136,N,VIIRS,n,2,283.39,1.95,N,2
40.24403,-3.47157,295.02,0.5,0.49,2023-04-07,0136,N,VIIRS,n,2,281.01,1.95,N,2
41.67193,0.44339,298.71,0.51,0.41,2023-04-07,0136,N,VIIRS,n,2,280.01,1.12,N,0
42.28509,-6.72263,297.65,0.39,0.59,2023-04-07,0136,N,VIIRS,n,2,272.65,1.2,N,0
42.28548,-6.73085,304.11,0.39,0.59,2023-04-07,0136,N,VIIRS,n,2,274.22,1.15,N,0
42.29644,-6.72879,319.39,0.39,0.59,2023-04-07,0136,N,VIIRS,n,2,274.43,1.99,N,0
42.2966,-6.7322,310.6,0.39,0.59,2023-04-07,0136,N,VIIRS,n,2,273.77,1.99,N,0
42.29692,-6.73896,308.37,0.39,0.59,2023-04-07,0136,N,VIIRS,n,2,272.57,2.43,N,0
42.30225,-6.73459,335.59,0.39,0.59,2023-04-07,0136,N,VIIRS,n,2,273.25,3.71,N,0
42.30241,-6.7381,343.18,0.39,0.59,2023-04-07,0136,N,VIIRS,n,2,274.44,3.71,N,0
42.3077,-6.73304,305.95,0.39,0.59,2023-04-07,0136,N,VIIRS,n,2,273.19,3.71,N,0
42.3079,-6.7371,335.21,0.39,0.59,2023-04-07,0136,N,VIIRS,n,2,275.25,3.71,N,0
42.30761,-6.73591,350.92,0.39,0.59,2023-04-07,0136,N,VIIRS,n,2,275.96,5.54,N,0
43.03547,-2.21828,303.34,0.46,0.47,2023-04-07,0136,N,VIIRS,n,2,277.1,1.36,N,2
43.03985,-2.2176,314.42,0.46,0.47,2023-04-07,0136,N,VIIRS,n,2,276.6,1.77,N,2
41.55845,-0.63106,295.88,0.56,0.43,2023-04-07,0136,N,VIIRS,n,2,276.57,0.59,N,0
39.95068,-0.00493,296.91,0.51,0.41,2023-04-07,0136,N,VIIRS,n,2,285.39,1.83,N,2
41.31259,1.66339,307.42,0.45,0.39,2023-04-07,0136,N,VIIRS,n,2,281.65,1.09,N,2
41.58751,0.7212,296.38,0.49,0.4,2023-04-07,0136,N,VIIRS,n,2,278.81,0.9,N,0
38.42188,-1.69011,297.75,0.39,0.44,2023-04-07,0137,N,VIIRS,n,2,277.05,0.95,N,0
36.96528,-1.90585,304.58,0.57,0.43,2023-04-07,0137,N,VIIRS,n,2,285.62,1.76,N,2
38.06421,-6.52831,297.09,0.35,0.56,2023-04-07,0137,N,VIIRS,n,2,282.56,0.43,N,0
38.42234,-1.69463,306.04,0.39,0.44,2023-04-07,0137,N,VIIRS,n,2,276.55,0.95,N,0
40.248,-3.47663,297.43,0.6,0.71,2023-04-07,0316,N,VIIRS,n,2,278.95,2.38,N,2
42.29772,-6.73603,297.13,0.37,0.58,2023-04-07,0316,N,VIIRS,n,2,268.79,1.26,N,0
42.30256,-6.73264,298.48,0.37,0.58,2023-04-07,0316,N,VIIRS,n,2,269.9,1.26,N,0
42.30434,-6.73911,343.04,0.37,0.58,2023-04-07,0316,N,VIIRS,n,2,270.62,4.84,N,0
43.25437,-6.34313,324.3,0.36,0.57,2023-04-07,0316,N,VIIRS,n,2,273.58,2.12,N,0
42.30687,-6.73252,301.79,0.37,0.58,2023-04-07,0316,N,VIIRS,n,2,270.65,2.33,N,0
42.29672,-6.73751,300.03,0.37,0.58,2023-04-07,0316,N,VIIRS,n,2,269.38,1.96,N,0
42.30951,-6.73698,329.31,0.37,0.58,2023-04-07,0316,N,VIIRS,n,2,270.28,2.29,N,0
42.30843,-6.73801,344.47,0.37,0.58,2023-04-07,0316,N,VIIRS,n,2,271.65,4.73,N,0
42.30332,-6.74042,314.8,0.37,0.58,2023-04-07,0316,N,VIIRS,n,2,269.32,2.4,N,0
37.17437,-6.89331,295.33,0.5,0.66,2023-04-07,0318,N,VIIRS,n,2,282.34,0.82,N,0
37.71099,-1.48012,344.68,0.4,0.37,2023-04-07,1258,N,VIIRS,n,2,309.23,2.27,D,0
38.57289,-4.21214,337.96,0.48,0.4,2023-04-07,1258,N,VIIRS,l,2,312.44,2.45,D,0
38.57546,-4.21857,339.95,0.48,0.4,2023-04-07,1258,N,VIIRS,l,2,311.61,2.43,D,0
37.71434,-1.48104,341.22,0.4,0.37,2023-04-07,1258,N,VIIRS,n,2,304.88,0.91,D,0
39.94809,-3.7567,335.95,0.44,0.38,2023-04-07,1259,N,VIIRS,l,2,308.48,6.73,D,0
39.94814,-3.76002,346.51,0.44,0.38,2023-04-07,1259,N,VIIRS,n,2,311,12.67,D,0
38.42904,-6.40716,345.37,0.4,0.44,2023-04-07,1259,N,VIIRS,n,2,305.41,4.64,D,0
38.42856,-6.40957,347.8,0.4,0.44,2023-04-07,1259,N,VIIRS,n,2,306.18,4.74,D,0
39.49185,-0.46828,335.18,0.38,0.36,2023-04-07,1259,N,VIIRS,n,2,303.87,1.29,D,0
40.24542,-3.47315,337.48,0.43,0.38,2023-04-07,1259,N,VIIRS,l,2,309.83,4.4,D,2
42.295,-6.72898,341.84,0.52,0.41,2023-04-07,1300,N,VIIRS,n,2,294.25,12.93,D,0
43.54118,-5.83197,329.38,0.46,0.39,2023-04-07,1300,N,VIIRS,n,2,297.16,3.43,D,2
43.05462,-6.49591,327.23,0.49,0.4,2023-04-07,1300,N,VIIRS,n,2,283.89,3.38,D,0
43.05705,-6.4949,330.86,0.49,0.4,2023-04-07,1300,N,VIIRS,n,2,285.24,3.48,D,0
43.28898,-4.37917,338.2,0.42,0.38,2023-04-07,1300,N,VIIRS,n,2,297,3.77,D,0
42.30526,-6.73738,348.28,0.52,0.41,2023-04-07,1300,N,VIIRS,n,2,301.82,36.02,D,0
42.29657,-6.74079,333.16,0.52,0.41,2023-04-07,1300,N,VIIRS,n,2,294.32,5.25,D,0
42.29771,-6.73525,343.61,0.52,0.41,2023-04-07,1300,N,VIIRS,n,2,296.34,12.93,D,0
42.29277,-6.73984,328.09,0.52,0.41,2023-04-07,1300,N,VIIRS,n,2,294.35,5.25,D,0
42.2939,-6.7343,348.39,0.52,0.41,2023-04-07,1300,N,VIIRS,n,2,296.63,12.93,D,0
42.28492,-6.71966,328.33,0.52,0.41,2023-04-07,1300,N,VIIRS,n,2,298.12,2.55,D,0
43.08988,-1.62251,345.89,0.38,0.36,2023-04-07,1300,N,VIIRS,n,2,302.8,6.1,D,0
42.8387,-2.73641,335.78,0.39,0.36,2023-04-07,1300,N,VIIRS,n,2,304.61,2.67,D,0
41.89603,-7.9042,336.24,0.77,0.77,2023-04-07,1440,N,VIIRS,n,2,289.13,7.69,D,0
41.88811,-7.89815,342.84,0.77,0.77,2023-04-07,1440,N,VIIRS,n,2,289.67,5.63,D,0
41.88871,-7.8969,342.54,0.77,0.77,2023-04-07,1440,N,VIIRS,n,2,289.66,14.18,D,0
43.47493,-6.36463,350.31,0.65,0.73,2023-04-08,0116,N,VIIRS,n,2,275.81,8.97,N,0
43.47557,-6.36794,346.17,0.65,0.73,2023-04-08,0116,N,VIIRS,n,2,274.94,9.23,N,0
43.53581,-5.83294,295.39,0.61,0.71,2023-04-08,0116,N,VIIRS,n,2,268.6,0.85,N,0
40.24746,-3.47702,302.83,0.45,0.63,2023-04-08,0117,N,VIIRS,n,2,282.25,1.78,N,2
42.29067,-6.73703,309.27,0.67,0.74,2023-04-08,0117,N,VIIRS,n,2,272.24,2.4,N,0
43.20859,-5.23257,303.81,0.57,0.69,2023-04-08,0117,N,VIIRS,n,2,274.79,0.95,N,0
43.22365,-2.87827,308.69,0.43,0.62,2023-04-08,0117,N,VIIRS,n,2,280.53,1.35,N,2
43.31598,-6.14061,295.65,0.63,0.72,2023-04-08,0117,N,VIIRS,n,2,270.69,1.02,N,0
42.29064,-6.73151,311.51,0.67,0.74,2023-04-08,0117,N,VIIRS,n,2,272.72,2.4,N,0
38.30692,-0.66488,349.97,0.6,0.53,2023-04-08,0118,N,VIIRS,n,2,286.59,17.7,N,0
36.96401,-1.9064,298.81,0.34,0.56,2023-04-08,0118,N,VIIRS,n,2,282.13,0.52,N,0
38.31185,-0.66407,314.53,0.6,0.53,2023-04-08,0118,N,VIIRS,n,2,282.23,17.7,N,0
36.09004,-5.73007,296.08,0.55,0.68,2023-04-08,0119,N,VIIRS,n,2,285.53,0.64,N,0
43.3189,-6.14317,337.45,0.44,0.46,2023-04-08,0257,N,VIIRS,n,2,278.63,2.91,N,0
43.44272,-5.15226,298.87,0.49,0.48,2023-04-08,0257,N,VIIRS,n,2,278.1,2.21,N,0
43.43864,-5.15507,314.44,0.49,0.48,2023-04-08,0257,N,VIIRS,n,2,279.18,2.21,N,0
43.1821,-4.31588,298.08,0.54,0.51,2023-04-08,0257,N,VIIRS,n,2,275.73,1.24,N,0
43.34423,-5.13891,307.65,0.49,0.48,2023-04-08,0257,N,VIIRS,n,2,273.9,2.04,N,0
43.3419,-5.14079,310.32,0.49,0.48,2023-04-08,0257,N,VIIRS,n,2,274.31,1.31,N,0
43.48058,-6.35661,338.73,0.43,0.46,2023-04-08,0257,N,VIIRS,n,2,281.03,5.2,N,0
43.47652,-6.35833,355.49,0.43,0.46,2023-04-08,0257,N,VIIRS,n,2,285.21,13.44,N,0
43.4755,-6.35391,346.52,0.43,0.46,2023-04-08,0257,N,VIIRS,n,2,280.13,4.72,N,0
43.47243,-6.35991,342.1,0.43,0.46,2023-04-08,0257,N,VIIRS,n,2,279.46,13.44,N,0
43.47137,-6.35535,315.72,0.43,0.46,2023-04-08,0257,N,VIIRS,n,2,277.87,4.72,N,0
43.31771,-6.13806,299.04,0.44,0.46,2023-04-08,0257,N,VIIRS,n,2,277.12,2.91,N,0
43.24955,-6.34373,337.25,0.43,0.46,2023-04-08,0257,N,VIIRS,n,2,279.27,5.16,N,0
38.30738,-0.66492,367,0.55,0.68,2023-04-08,0258,N,VIIRS,h,2,284.97,16.38,N,0
42.28871,-6.72887,305.62,0.44,0.46,2023-04-08,0258,N,VIIRS,n,2,271.15,0.63,N,0
42.27163,-8.63896,300.48,0.54,0.42,2023-04-08,0258,N,VIIRS,n,2,283.15,0.99,N,0
40.24712,-3.47227,297.71,0.35,0.57,2023-04-08,0258,N,VIIRS,n,2,280.37,0.6,N,2
40.24207,-3.47448,307.21,0.35,0.57,2023-04-08,0258,N,VIIRS,n,2,281.11,1.12,N,2
39.93744,-3.74304,295.24,0.35,0.57,2023-04-08,0258,N,VIIRS,n,2,279.05,0.66,N,2
38.31091,-0.6638,367,0.55,0.68,2023-04-08,0258,N,VIIRS,h,2,285.86,11.03,N,0
38.30482,-0.66632,319.22,0.55,0.68,2023-04-08,0258,N,VIIRS,n,2,280.07,2.76,N,0
38.36237,-6.88239,301.71,0.53,0.5,2023-04-08,0259,N,VIIRS,n,2,277.12,0.78,N,0
36.08981,-5.72585,300.77,0.35,0.56,2023-04-08,0259,N,VIIRS,n,2,286.16,0.44,N,0
39.76231,3.14339,346.27,0.39,0.36,2023-04-08,1240,N,VIIRS,n,2,298.59,6.34,D,0
39.59099,3.34349,341.41,0.39,0.36,2023-04-08,1240,N,VIIRS,n,2,297.04,2.99,D,0
39.55952,2.95594,340.74,0.4,0.37,2023-04-08,1240,N,VIIRS,n,2,297.32,2.18,D,0
40.24438,-3.47438,339.72,0.44,0.46,2023-04-08,1240,N,VIIRS,n,2,308.13,3.27,D,2
40.24605,-3.47367,335.23,0.44,0.46,2023-04-08,1240,N,VIIRS,n,2,307.67,3.51,D,2
43.5382,-5.82976,338.22,0.48,0.48,2023-04-08,1241,N,VIIRS,n,2,283.22,3.85,D,2
43.08464,-1.50415,328.79,0.48,0.4,2023-04-08,1241,N,VIIRS,n,2,296.05,2.53,D,0
42.8635,-2.67097,337.42,0.54,0.42,2023-04-08,1241,N,VIIRS,n,2,303.67,7.22,D,0
43.09736,-1.57683,330.93,0.48,0.4,2023-04-08,1241,N,VIIRS,n,2,294.14,2.98,D,0
42.86419,-2.67131,339.8,0.54,0.42,2023-04-08,1241,N,VIIRS,n,2,304.12,3.63,D,0
43.10052,-1.57255,341.59,0.48,0.4,2023-04-08,1241,N,VIIRS,n,2,296.04,5.39,D,0
43.09923,-1.5789,330.51,0.48,0.4,2023-04-08,1241,N,VIIRS,n,2,293.75,5.39,D,0
43.13678,-1.8768,332.27,0.5,0.41,2023-04-08,1241,N,VIIRS,n,2,293.82,15.18,D,0
43.1356,-1.88268,349.37,0.5,0.41,2023-04-08,1241,N,VIIRS,n,2,298.94,15.18,D,0
43.14036,-1.87854,333.6,0.5,0.41,2023-04-08,1241,N,VIIRS,n,2,290.73,15.18,D,0
43.13694,-1.87881,345.91,0.5,0.41,2023-04-08,1241,N,VIIRS,n,2,300.08,33.75,D,0
43.13573,-1.88476,337.07,0.5,0.41,2023-04-08,1241,N,VIIRS,n,2,293.63,11.46,D,0
43.16429,-3.54988,326.35,0.39,0.44,2023-04-08,1241,N,VIIRS,n,2,294.64,3.3,D,0
43.16344,-3.55376,334.27,0.39,0.44,2023-04-08,1241,N,VIIRS,n,2,292.95,3.3,D,0
43.16245,-3.55827,339.87,0.39,0.44,2023-04-08,1241,N,VIIRS,n,2,290.76,2.64,D,0
43.16923,-3.80003,341.85,0.4,0.44,2023-04-08,1241,N,VIIRS,n,2,292.29,4.79,D,0
43.34849,-4.90746,353.99,0.44,0.46,2023-04-08,1241,N,VIIRS,n,2,294.3,6.66,D,0
43.35257,-4.90938,349.23,0.44,0.46,2023-04-08,1241,N,VIIRS,n,2,292.28,6.66,D,0
43.34221,-4.99399,326.54,0.44,0.46,2023-04-08,1241,N,VIIRS,n,2,295.58,1.87,D,0
43.34636,-4.99564,341.33,0.44,0.46,2023-04-08,1241,N,VIIRS,n,2,296.81,6.91,D,0
43.43528,-5.15317,344.21,0.45,0.47,2023-04-08,1241,N,VIIRS,n,2,292.35,5.02,D,0
43.43832,-5.1512,367,0.45,0.47,2023-04-08,1241,N,VIIRS,h,2,295.02,6.84,D,0
43.4371,-5.15635,328.07,0.45,0.47,2023-04-08,1241,N,VIIRS,n,2,286.76,6.84,D,0
43.30838,-6.1931,325.94,0.51,0.49,2023-04-08,1241,N,VIIRS,n,2,287.19,4.26,D,0
43.30696,-6.19886,332.4,0.51,0.49,2023-04-08,1241,N,VIIRS,n,2,286.93,4.26,D,0
43.42138,-5.98578,340.09,0.49,0.49,2023-04-08,1241,N,VIIRS,n,2,290.01,4.78,D,0
43.42005,-5.9913,326.21,0.49,0.49,2023-04-08,1241,N,VIIRS,n,2,288.44,4.78,D,0
43.47592,-6.58316,343.41,0.52,0.5,2023-04-08,1241,N,VIIRS,n,2,287.81,7.9,D,0
43.47671,-6.36013,348.45,0.54,0.68,2023-04-08,1422,N,VIIRS,n,2,279.2,9.39,D,0
43.42228,-5.99919,356.48,0.56,0.69,2023-04-08,1422,N,VIIRS,l,2,277,32.64,D,0
43.48034,-6.36166,337.71,0.54,0.68,2023-04-08,1422,N,VIIRS,n,2,276.92,4.54,D,0
43.41586,-5.9971,356.98,0.56,0.69,2023-04-08,1422,N,VIIRS,l,2,274.1,36.87,D,0
43.41577,-6.00429,352.55,0.56,0.69,2023-04-08,1422,N,VIIRS,n,2,280.03,36.75,D,0
43.41574,-6.00161,357.11,0.56,0.69,2023-04-08,1422,N,VIIRS,l,2,281.25,23.03,D,0
43.41561,-6.00904,327.23,0.56,0.69,2023-04-08,1422,N,VIIRS,n,2,273.89,13.24,D,0
43.41587,-5.99433,344.2,0.56,0.69,2023-04-08,1422,N,VIIRS,n,2,271.14,23.03,D,0
43.34897,-4.90621,333.89,0.63,0.72,2023-04-08,1422,N,VIIRS,n,2,273.35,4.85,D,0
43.28155,-4.49823,325.47,0.66,0.73,2023-04-08,1422,N,VIIRS,n,2,272.16,4.1,D,0
37.68197,-0.97834,299.59,0.56,0.69,2023-04-09,0059,N,VIIRS,n,2,282.08,0.91,N,0
43.42597,-5.9983,298.62,0.43,0.38,2023-04-09,0238,N,VIIRS,n,2,284.43,1.05,N,0
43.11758,-5.96201,330.82,0.44,0.38,2023-04-09,0238,N,VIIRS,n,2,282.31,3.37,N,0
43.12193,-5.96542,300.98,0.44,0.38,2023-04-09,0238,N,VIIRS,n,2,281.97,1.61,N,0
43.12099,-5.96055,330.93,0.44,0.38,2023-04-09,0238,N,VIIRS,n,2,284.78,3.37,N,0
43.32077,-6.79095,330.47,0.42,0.37,2023-04-09,0238,N,VIIRS,n,2,280.01,3.58,N,0
43.32163,-6.79569,342.51,0.42,0.37,2023-04-09,0238,N,VIIRS,n,2,282.14,6.9,N,0
43.32328,-6.78512,320.69,0.42,0.37,2023-04-09,0238,N,VIIRS,n,2,279.46,7.83,N,0
43.32417,-6.78998,346.6,0.42,0.37,2023-04-09,0238,N,VIIRS,n,2,287.58,7.83,N,0
43.32505,-6.79475,332.02,0.42,0.37,2023-04-09,0238,N,VIIRS,n,2,282.56,5.38,N,0
43.32669,-6.78418,338.41,0.42,0.37,2023-04-09,0238,N,VIIRS,n,2,284.19,7.83,N,0
43.32758,-6.78906,349,0.42,0.37,2023-04-09,0238,N,VIIRS,n,2,289.9,7.83,N,0
43.33099,-6.78808,343.54,0.42,0.37,2023-04-09,0238,N,VIIRS,n,2,285.41,6.39,N,0
43.22231,-6.14478,367,0.43,0.38,2023-04-09,0238,N,VIIRS,h,2,287.73,9.23,N,0
43.22319,-6.14945,324.41,0.43,0.38,2023-04-09,0238,N,VIIRS,n,2,282.14,9.23,N,0
43.51694,-7.77271,321.52,0.4,0.37,2023-04-09,0238,N,VIIRS,n,2,268.73,8.7,N,0
43.51777,-7.77752,337.75,0.4,0.37,2023-04-09,0238,N,VIIRS,n,2,274.85,8.7,N,0
43.22469,-6.13794,323.15,0.43,0.38,2023-04-09,0238,N,VIIRS,n,2,281.4,5.95,N,0
43.22568,-6.14322,333.91,0.43,0.38,2023-04-09,0238,N,VIIRS,n,2,292.1,17.53,N,0
43.2266,-6.14811,346.97,0.43,0.38,2023-04-09,0238,N,VIIRS,n,2,287.98,17.53,N,0
43.22807,-6.13648,307.82,0.43,0.38,2023-04-09,0238,N,VIIRS,n,2,279.74,5.95,N,0
43.22906,-6.14172,332.25,0.43,0.38,2023-04-09,0238,N,VIIRS,n,2,283.55,17.53,N,0
43.23,-6.14666,341.46,0.43,0.38,2023-04-09,0238,N,VIIRS,n,2,298.73,17.53,N,0
43.23088,-6.15134,346.41,0.43,0.38,2023-04-09,0238,N,VIIRS,n,2,284.79,15.12,N,0
43.23339,-6.14524,295.88,0.43,0.38,2023-04-09,0238,N,VIIRS,n,2,283.19,1.06,N,0
43.2352,-6.15482,309.57,0.43,0.38,2023-04-09,0238,N,VIIRS,n,2,284.1,12.2,N,0
43.23429,-6.15001,347.21,0.43,0.38,2023-04-09,0238,N,VIIRS,n,2,300.15,12.2,N,0
43.4579,-6.59507,305.39,0.42,0.38,2023-04-09,0238,N,VIIRS,n,2,281.81,2.42,N,0
43.45695,-6.58998,354.77,0.42,0.38,2023-04-09,0238,N,VIIRS,n,2,284.19,10.39,N,0
43.46211,-6.59841,310.84,0.42,0.38,2023-04-09,0238,N,VIIRS,n,2,285.22,2.42,N,0
43.4603,-6.58864,345.2,0.42,0.38,2023-04-09,0238,N,VIIRS,n,2,286.89,10.39,N,0
43.46122,-6.59358,336.85,0.42,0.38,2023-04-09,0238,N,VIIRS,n,2,286.24,2.42,N,0
43.46364,-6.58723,343.63,0.42,0.38,2023-04-09,0238,N,VIIRS,n,2,285.26,4.91,N,0
43.46542,-6.59686,346.57,0.42,0.38,2023-04-09,0238,N,VIIRS,n,2,291.23,9.34,N,0
43.46695,-6.58564,308.77,0.42,0.38,2023-04-09,0238,N,VIIRS,n,2,282.24,4.91,N,0
43.46785,-6.59052,299.61,0.42,0.38,2023-04-09,0238,N,VIIRS,n,2,283.05,9.34,N,0
43.46873,-6.5953,339.03,0.42,0.38,2023-04-09,0238,N,VIIRS,n,2,286.56,9.34,N,0
43.47117,-6.589,328.07,0.42,0.38,2023-04-09,0238,N,VIIRS,n,2,282.52,3.07,N,0
43.47208,-6.59396,338.21,0.42,0.38,2023-04-09,0238,N,VIIRS,n,2,283.79,3.07,N,0
43.38476,-5.91685,328.32,0.44,0.38,2023-04-09,0238,N,VIIRS,n,2,281.05,3.73,N,0
43.38729,-5.91081,326.69,0.44,0.38,2023-04-09,0238,N,VIIRS,n,2,283.95,3.1,N,0
43.38826,-5.91588,331.89,0.44,0.38,2023-04-09,0238,N,VIIRS,n,2,287.04,3.1,N,0
43.39075,-5.90962,296.97,0.44,0.38,2023-04-09,0238,N,VIIRS,n,2,281.61,3.1,N,0
43.39172,-5.91471,295.21,0.44,0.38,2023-04-09,0238,N,VIIRS,n,2,281.77,3.1,N,0
43.40965,-6.00902,296.64,0.43,0.38,2023-04-09,0238,N,VIIRS,n,2,277.58,0.91,N,0
43.41066,-6.01437,324.44,0.43,0.38,2023-04-09,0238,N,VIIRS,n,2,278.81,2.62,N,0
43.4131,-6.00787,328.93,0.43,0.38,2023-04-09,0238,N,VIIRS,n,2,286.08,4.35,N,0
43.41414,-6.01336,346.88,0.43,0.38,2023-04-09,0238,N,VIIRS,n,2,290.35,12,N,0
43.41456,-5.9962,303.47,0.43,0.38,2023-04-09,0238,N,VIIRS,n,2,278.73,0.72,N,0
43.16611,-4.46825,314.4,0.49,0.41,2023-04-09,0238,N,VIIRS,n,2,276.75,1.84,N,0
43.18,-4.44074,305.99,0.49,0.41,2023-04-09,0238,N,VIIRS,n,2,273.86,1.79,N,0
43.18359,-4.43916,343.13,0.49,0.41,2023-04-09,0238,N,VIIRS,n,2,276.93,7,N,0
43.32327,-5.11033,317.68,0.46,0.39,2023-04-09,0238,N,VIIRS,n,2,283.37,3.12,N,0
43.32436,-5.11578,330.87,0.46,0.39,2023-04-09,0238,N,VIIRS,n,2,285.19,3.12,N,0
43.32784,-5.11418,341.9,0.46,0.39,2023-04-09,0238,N,VIIRS,n,2,285.39,6.16,N,0
43.11404,-3.77813,307.86,0.53,0.42,2023-04-09,0238,N,VIIRS,n,2,274.04,1.99,N,0
43.11183,-3.77908,301.47,0.53,0.42,2023-04-09,0238,N,VIIRS,n,2,273.21,0.97,N,0
43.52521,-5.73065,304.18,0.44,0.38,2023-04-09,0238,N,VIIRS,n,2,282.63,1.95,N,2
43.52868,-5.72938,315.74,0.44,0.38,2023-04-09,0238,N,VIIRS,n,2,282.73,1.92,N,2
43.42921,-5.16477,298.6,0.46,0.39,2023-04-09,0238,N,VIIRS,n,2,271.51,0.96,N,0
43.43158,-5.15761,304.83,0.46,0.39,2023-04-09,0238,N,VIIRS,n,2,271.16,2.65,N,0
43.4327,-5.16329,336.28,0.46,0.39,2023-04-09,0238,N,VIIRS,n,2,274.35,2.65,N,0
43.434,-5.15075,297.74,0.46,0.39,2023-04-09,0238,N,VIIRS,n,2,270.35,0.88,N,0
43.43621,-5.1619,311.61,0.46,0.39,2023-04-09,0238,N,VIIRS,n,2,272.23,2.65,N,0
43.4375,-5.14931,340.11,0.46,0.39,2023-04-09,0238,N,VIIRS,n,2,272.59,2.76,N,0
43.43987,-5.14215,318.28,0.46,0.39,2023-04-09,0238,N,VIIRS,n,2,271.6,2.76,N,0
43.441,-5.14784,312.78,0.46,0.39,2023-04-09,0238,N,VIIRS,n,2,271.1,2.76,N,0
43.30967,-3.69147,303.61,0.53,0.42,2023-04-09,0238,N,VIIRS,n,2,280.06,2.05,N,0
43.30754,-3.69242,307.65,0.53,0.42,2023-04-09,0238,N,VIIRS,n,2,279.06,1.3,N,0
43.30876,-3.69811,299.46,0.52,0.42,2023-04-09,0238,N,VIIRS,n,2,281.38,1.11,N,0
43.13187,-6.65476,345.87,0.42,0.38,2023-04-09,0239,N,VIIRS,n,2,282.62,16.77,N,0
43.34538,-8.43668,296.53,0.39,0.36,2023-04-09,0239,N,VIIRS,n,2,278.26,0.58,N,2
40.24654,-3.47365,304.4,0.41,0.45,2023-04-09,0239,N,VIIRS,n,2,278.98,1.51,N,2
40.24252,-3.47514,300.16,0.41,0.45,2023-04-09,0239,N,VIIRS,n,2,276.62,1.52,N,2
39.93446,-3.74381,302.36,0.41,0.45,2023-04-09,0239,N,VIIRS,n,2,281.92,1.23,N,2
38.37515,-0.54632,302.2,0.32,0.54,2023-04-09,0239,N,VIIRS,n,2,282.88,0.84,N,2
43.15596,-6.62918,319.72,0.42,0.38,2023-04-09,0239,N,VIIRS,n,2,279.42,1.29,N,0
43.13863,-6.65231,320.02,0.42,0.38,2023-04-09,0239,N,VIIRS,n,2,278.21,1.27,N,0
43.13523,-6.65348,339.27,0.42,0.38,2023-04-09,0239,N,VIIRS,n,2,282.8,16.77,N,0
43.13427,-6.64828,337.15,0.42,0.38,2023-04-09,0239,N,VIIRS,n,2,293.94,37.64,N,0
43.13089,-6.64949,327.76,0.42,0.38,2023-04-09,0239,N,VIIRS,n,2,295.99,37.64,N,0
43.22823,-6.66926,346.25,0.42,0.38,2023-04-09,0239,N,VIIRS,n,2,285.03,8.27,N,0
43.22733,-6.66436,354.19,0.42,0.38,2023-04-09,0239,N,VIIRS,n,2,284.45,8.27,N,0
43.22643,-6.65941,309.64,0.42,0.38,2023-04-09,0239,N,VIIRS,n,2,280.22,1.35,N,0
43.22489,-6.67069,335.77,0.42,0.38,2023-04-09,0239,N,VIIRS,n,2,285.31,7.45,N,0
43.22398,-6.66574,336.45,0.42,0.38,2023-04-09,0239,N,VIIRS,n,2,279.28,7.45,N,0
43.22306,-6.66074,304.05,0.42,0.38,2023-04-09,0239,N,VIIRS,n,2,278.23,0.76,N,0
42.99888,-5.68778,310.04,0.45,0.39,2023-04-09,0239,N,VIIRS,n,2,274.7,1.37,N,0
43.01972,-5.89119,306.97,0.44,0.39,2023-04-09,0239,N,VIIRS,n,2,281.95,1.07,N,0
36.96463,-1.90334,296.24,0.59,0.53,2023-04-09,0240,N,VIIRS,n,2,285.64,1.05,N,2
37.35972,-5.86785,297.98,0.55,0.42,2023-04-09,0240,N,VIIRS,n,2,286.96,0.77,N,2
37.17695,-6.8936,296.34,0.5,0.41,2023-04-09,0240,N,VIIRS,n,2,284.71,1.51,N,0
40.14612,-3.47906,334.9,0.38,0.59,2023-04-09,1221,N,VIIRS,n,2,294.48,4.39,D,0
40.14488,-3.48359,354.82,0.38,0.59,2023-04-09,1221,N,VIIRS,n,2,295.14,4.39,D,0
43.05348,-1.57977,367,0.52,0.5,2023-04-09,1222,N,VIIRS,h,2,291.9,10.05,D,0
43.0253,-5.89622,367,0.42,0.61,2023-04-09,1222,N,VIIRS,h,2,292.65,8.55,D,0
43.02892,-5.8947,341.02,0.42,0.61,2023-04-09,1222,N,VIIRS,n,2,286.12,3.91,D,0
43.02232,-5.89639,334.03,0.42,0.61,2023-04-09,1222,N,VIIRS,n,2,291.2,3.91,D,0
43.15763,-3.54405,328.47,0.32,0.55,2023-04-09,1222,N,VIIRS,n,2,274.06,5.51,D,0
43.15841,-3.54113,332.27,0.32,0.55,2023-04-09,1222,N,VIIRS,n,2,275.21,3.18,D,0
43.1486,-3.55755,354.57,0.32,0.55,2023-04-09,1222,N,VIIRS,n,2,273.58,6.75,D,0
43.05233,-1.58058,346.01,0.52,0.5,2023-04-09,1222,N,VIIRS,n,2,290.3,7.77,D,0
43.0536,-1.57545,328.8,0.52,0.5,2023-04-09,1222,N,VIIRS,n,2,288.95,3.99,D,0
40.24604,-3.47418,337.01,0.41,0.61,2023-04-09,1402,N,VIIRS,n,2,302.63,3.67,D,2
43.09471,-4.26944,325.59,0.39,0.59,2023-04-09,1403,N,VIIRS,n,2,280.07,2.91,D,0
43.4282,-5.16633,336.35,0.36,0.57,2023-04-09,1403,N,VIIRS,n,2,280.71,5.44,D,0
42.88092,-3.93453,310.31,0.39,0.36,2023-04-10,0220,N,VIIRS,n,2,274.84,18.62,N,0
43.2813,-5.30532,320.88,0.38,0.36,2023-04-10,0220,N,VIIRS,n,2,269.88,1.31,N,0
43.28275,-5.31476,316.08,0.38,0.36,2023-04-10,0220,N,VIIRS,n,2,268.25,1.56,N,0
43.27946,-5.31564,313.77,0.38,0.36,2023-04-10,0220,N,VIIRS,n,2,267.88,1.56,N,0
43.27874,-5.31092,299.19,0.38,0.36,2023-04-10,0220,N,VIIRS,n,2,267.69,1.31,N,0
43.27802,-5.30623,313.1,0.38,0.36,2023-04-10,0220,N,VIIRS,n,2,267.88,1.31,N,0
42.87277,-3.92713,299.21,0.39,0.36,2023-04-10,0220,N,VIIRS,n,2,273.96,2.48,N,0
42.87198,-3.92237,330.92,0.39,0.36,2023-04-10,0220,N,VIIRS,n,2,276.65,2.48,N,0
42.87605,-3.92607,298.38,0.39,0.36,2023-04-10,0220,N,VIIRS,n,2,274.48,2.48,N,0
42.87685,-3.93083,344.68,0.39,0.36,2023-04-10,0220,N,VIIRS,n,2,277.46,6.73,N,0
42.87765,-3.93559,325.03,0.39,0.36,2023-04-10,0220,N,VIIRS,n,2,274.12,6.73,N,0
42.88013,-3.92977,348.49,0.39,0.36,2023-04-10,0220,N,VIIRS,n,2,292.42,18.62,N,0
39.93572,-3.74275,304.05,0.41,0.37,2023-04-10,0220,N,VIIRS,n,2,285.55,0.77,N,2
40.00986,-3.90081,298.71,0.4,0.37,2023-04-10,0220,N,VIIRS,n,2,286.78,0.73,N,2
40.24501,-3.47728,307.33,0.41,0.37,2023-04-10,0220,N,VIIRS,n,2,286.01,2.49,N,2
40.24416,-3.47254,322.99,0.41,0.37,2023-04-10,0220,N,VIIRS,n,2,286.63,1.9,N,2
39.96074,-0.07929,299.04,0.54,0.42,2023-04-10,0220,N,VIIRS,n,2,280.81,3.41,N,0
39.95942,-0.07303,327.71,0.54,0.42,2023-04-10,0220,N,VIIRS,n,2,282.54,3.41,N,0
41.47417,-1.48951,297.6,0.45,0.39,2023-04-10,0220,N,VIIRS,n,2,279.73,0.49,N,2
43.03506,-5.60703,327.39,0.39,0.36,2023-04-10,0220,N,VIIRS,n,2,262.94,2.3,N,0
43.30797,-3.70736,300.85,0.39,0.36,2023-04-10,0220,N,VIIRS,n,2,272.77,0.58,N,0
43.30389,-3.70365,314.74,0.39,0.36,2023-04-10,0220,N,VIIRS,n,2,273.7,1.72,N,0
43.37649,-4.69199,304.06,0.38,0.36,2023-04-10,0220,N,VIIRS,n,2,275.87,1.32,N,0
43.43043,-5.16745,308.39,0.38,0.36,2023-04-10,0220,N,VIIRS,n,2,274.1,1.08,N,0
43.42459,-5.17403,325.36,0.38,0.36,2023-04-10,0220,N,VIIRS,n,2,276.05,1.32,N,0
43.42386,-5.16934,304.78,0.38,0.36,2023-04-10,0220,N,VIIRS,n,2,274.87,1.32,N,0
43.42131,-5.17497,308.86,0.38,0.36,2023-04-10,0220,N,VIIRS,n,2,274.2,1.32,N,0
43.42058,-5.17028,312.9,0.38,0.36,2023-04-10,0220,N,VIIRS,n,2,273.49,1.32,N,0
43.23991,-4.51889,298.03,0.38,0.36,2023-04-10,0220,N,VIIRS,n,2,274.99,0.9,N,0
43.23663,-4.5199,313.53,0.38,0.36,2023-04-10,0220,N,VIIRS,n,2,274.28,0.9,N,0
43.12971,-3.88757,334.9,0.39,0.36,2023-04-10,0220,N,VIIRS,n,2,277.78,5.83,N,0
39.68006,-4.13292,299.79,0.4,0.37,2023-04-10,0221,N,VIIRS,n,2,282.4,0.63,N,0
38.37676,-0.54692,301.38,0.55,0.43,2023-04-10,0221,N,VIIRS,n,2,282.47,0.9,N,2
38.67322,-4.0497,300.12,0.41,0.37,2023-04-10,0221,N,VIIRS,n,2,284.22,1.38,N,2
38.70476,-6.50203,302.47,0.38,0.36,2023-04-10,0221,N,VIIRS,n,2,282.54,0.7,N,0
38.70407,-6.4977,299.75,0.38,0.36,2023-04-10,0221,N,VIIRS,n,2,281.75,0.7,N,0
38.57916,-6.41827,296.08,0.38,0.36,2023-04-10,0221,N,VIIRS,n,2,281.47,0.34,N,0
36.96867,-1.90648,298.12,0.51,0.41,2023-04-10,0221,N,VIIRS,n,2,286.51,1.25,N,2
37.35953,-5.86606,303.63,0.39,0.36,2023-04-10,0221,N,VIIRS,n,2,288.64,0.94,N,2
37.17615,-6.89233,302.9,0.38,0.36,2023-04-10,0221,N,VIIRS,n,2,288.07,0.72,N,0
39.67995,-4.13488,305.04,0.4,0.37,2023-04-10,0221,N,VIIRS,n,2,282.23,0.85,N,0
43.32244,-6.78423,351.03,0.73,0.76,2023-04-10,1204,N,VIIRS,n,2,274.44,12.01,D,0
36.51321,-5.50761,335.2,0.5,0.41,2023-04-10,1342,N,VIIRS,l,2,308.25,7.93,D,0
36.51393,-5.50534,349.9,0.5,0.41,2023-04-10,1342,N,VIIRS,n,2,317.86,32.93,D,0
36.5183,-5.50075,332.54,0.5,0.41,2023-04-10,1342,N,VIIRS,l,2,302.83,32.8,D,0
36.51767,-5.5062,341.44,0.5,0.41,2023-04-10,1342,N,VIIRS,n,2,313.79,32.8,D,0
36.51383,-5.50204,335.2,0.5,0.41,2023-04-10,1342,N,VIIRS,n,2,304.98,8.45,D,0
36.51696,-5.50838,332.61,0.5,0.41,2023-04-10,1342,N,VIIRS,l,2,303.02,15.33,D,0
36.9071,-5.98401,342.4,0.48,0.4,2023-04-10,1342,N,VIIRS,n,2,311.37,4.05,D,0
37.44011,-4.73251,338.4,0.56,0.43,2023-04-10,1342,N,VIIRS,n,2,309.07,3.19,D,0
37.52429,-5.12655,345.25,0.53,0.42,2023-04-10,1342,N,VIIRS,n,2,311.57,9.51,D,0
43.27469,-5.47969,355.72,0.4,0.44,2023-04-10,1344,N,VIIRS,n,2,283.15,9.13,D,0
43.27061,-5.47895,341.44,0.4,0.44,2023-04-10,1344,N,VIIRS,n,2,282.71,9.13,D,0
43.27148,-5.4693,341.35,0.4,0.44,2023-04-10,1344,N,VIIRS,n,2,281.73,8.19,D,0
43.23615,-6.66412,328.06,0.53,0.42,2023-04-10,1344,N,VIIRS,n,2,289.4,4.58,D,0
43.28512,-5.31699,342.19,0.41,0.45,2023-04-10,1344,N,VIIRS,n,2,279.82,5.04,D,0
43.32174,-6.78707,341.68,0.52,0.42,2023-04-10,1344,N,VIIRS,n,2,295.05,5.62,D,0
43.31729,-6.7921,340.03,0.52,0.42,2023-04-10,1344,N,VIIRS,n,2,298.17,7.78,D,0
43.42964,-5.16747,343.78,0.41,0.45,2023-04-10,1344,N,VIIRS,n,2,277.83,6.76,D,0
43.35302,-5.73877,340.62,0.39,0.44,2023-04-10,1344,N,VIIRS,n,2,289.13,4.28,D,0
43.30206,-3.70178,332.36,0.48,0.48,2023-04-10,1344,N,VIIRS,n,2,285.89,3.92,D,0
43.18786,-4.2169,354.66,0.46,0.47,2023-04-10,1344,N,VIIRS,n,2,282.09,21.39,D,0
43.21616,-6.14815,342.13,0.56,0.43,2023-04-10,1344,N,VIIRS,n,2,300.21,12.16,D,0
43.28849,-4.43921,355.28,0.45,0.47,2023-04-10,1344,N,VIIRS,n,2,292.77,34.6,D,0
43.1883,-4.21142,337.43,0.46,0.47,2023-04-10,1344,N,VIIRS,n,2,278.3,21.39,D,0
43.18391,-4.21112,356.43,0.46,0.47,2023-04-10,1344,N,VIIRS,l,2,288.7,21.39,D,0
43.18347,-4.21668,353.03,0.46,0.47,2023-04-10,1344,N,VIIRS,n,2,287.1,21.39,D,0
43.17955,-4.21063,328.48,0.46,0.47,2023-04-10,1344,N,VIIRS,n,2,279.28,3.11,D,0
43.28807,-4.44422,340.76,0.45,0.47,2023-04-10,1344,N,VIIRS,n,2,285.69,7.39,D,0
43.29273,-4.44068,353.73,0.45,0.47,2023-04-10,1344,N,VIIRS,n,2,288.24,34.6,D,0
43.28089,-5.31755,333.34,0.41,0.45,2023-04-10,1344,N,VIIRS,n,2,278.99,5.32,D,0
43.18707,-6.71717,342.33,0.53,0.42,2023-04-10,1344,N,VIIRS,n,2,288.15,7.44,D,0
43.1916,-6.71127,353.82,0.53,0.42,2023-04-10,1344,N,VIIRS,n,2,298.02,23.7,D,0
43.21679,-6.14159,347.21,0.56,0.43,2023-04-10,1344,N,VIIRS,n,2,297.61,17.84,D,0
43.32554,-6.7881,333.5,0.52,0.42,2023-04-10,1344,N,VIIRS,n,2,291.43,5.62,D,0
43.1954,-6.71244,338.3,0.53,0.42,2023-04-10,1344,N,VIIRS,n,2,288.96,23.7,D,0
43.36561,-5.07602,328.91,0.42,0.45,2023-04-10,1344,N,VIIRS,n,2,277.75,3.26,D,0
43.36978,-5.07679,341.7,0.42,0.45,2023-04-10,1344,N,VIIRS,n,2,276.31,3.26,D,0
43.27421,-5.48505,341.49,0.4,0.44,2023-04-10,1344,N,VIIRS,n,2,279.27,9.13,D,0
43.215,-6.14569,311.99,0.54,0.42,2023-04-11,0201,N,VIIRS,n,2,278.19,2.27,N,0
41.52802,1.8047,297.08,0.41,0.37,2023-04-11,0201,N,VIIRS,n,2,276.84,0.55,N,2
41.40701,1.99896,304.18,0.42,0.37,2023-04-11,0201,N,VIIRS,n,2,281.96,1.28,N,2
43.21243,-6.15322,295.32,0.54,0.42,2023-04-11,0201,N,VIIRS,n,2,277.74,2.97,N,0
42.9263,-3.85285,315.53,0.44,0.38,2023-04-11,0201,N,VIIRS,n,2,277.96,2.13,N,0
43.21108,-6.14618,324.72,0.54,0.42,2023-04-11,0201,N,VIIRS,n,2,277.9,2.27,N,0
43.21159,-6.14547,328.22,0.54,0.42,2023-04-11,0201,N,VIIRS,n,2,278.81,2.97,N,0
38.66624,-4.0499,299.77,0.41,0.37,2023-04-11,0202,N,VIIRS,n,2,284.41,1.46,N,2
39.93474,-3.74347,302.98,0.41,0.37,2023-04-11,0202,N,VIIRS,n,2,280.7,0.77,N,2
40.00891,-3.90131,298.38,0.42,0.37,2023-04-11,0202,N,VIIRS,n,2,286.14,0.9,N,2
40.24344,-3.47239,313.76,0.41,0.37,2023-04-11,0202,N,VIIRS,n,2,285.51,1.55,N,2
40.24409,-3.47719,312.35,0.41,0.37,2023-04-11,0202,N,VIIRS,n,2,285.94,2.4,N,2
37.44018,-4.73439,313.35,0.42,0.38,2023-04-11,0202,N,VIIRS,n,2,282.92,1.51,N,0
38.54159,-6.94889,315.94,0.52,0.41,2023-04-11,0202,N,VIIRS,n,2,281.07,2.03,N,0
37.00592,-5.15221,340.8,0.39,0.36,2023-04-11,1323,N,VIIRS,n,2,308.19,7.1,D,0
39.53257,-3.74278,340.42,0.42,0.38,2023-04-11,1324,N,VIIRS,n,2,311.98,2.13,D,0
40.2458,-3.47213,337.39,0.43,0.38,2023-04-11,1324,N,VIIRS,n,2,309.49,3.92,D,2
40.53662,-3.46795,345.56,0.44,0.38,2023-04-11,1324,N,VIIRS,n,2,301.87,2.86,D,0
38.68869,-6.31149,337.63,0.38,0.36,2023-04-11,1324,N,VIIRS,n,2,312.51,1.92,D,0
39.33181,-1.08824,336.35,0.52,0.42,2023-04-11,1324,N,VIIRS,n,2,308.38,2.79,D,0
43.23404,-6.67711,350.48,0.39,0.36,2023-04-11,1325,N,VIIRS,n,2,284.93,52.15,D,0
42.92823,-3.85235,335.77,0.45,0.39,2023-04-11,1325,N,VIIRS,n,2,292.04,5.67,D,0
43.26921,-5.30757,347.19,0.41,0.37,2023-04-11,1325,N,VIIRS,n,2,272.69,6.26,D,0
43.23734,-6.67808,339.8,0.39,0.36,2023-04-11,1325,N,VIIRS,n,2,291.84,40.74,D,0
42.92974,-3.85053,331.13,0.45,0.39,2023-04-11,1325,N,VIIRS,n,2,289.55,7.06,D,0
43.23803,-6.6732,349.4,0.39,0.36,2023-04-11,1325,N,VIIRS,n,2,277.65,40.74,D,0
42.11899,-6.93488,348.61,0.33,0.55,2023-04-12,0142,N,VIIRS,n,2,272.55,4.66,N,0
42.12339,-6.92236,367,0.33,0.55,2023-04-12,0142,N,VIIRS,h,2,281.36,7.94,N,0
42.11874,-6.93064,345.59,0.33,0.55,2023-04-12,0142,N,VIIRS,n,2,272.46,5.01,N,0
42.11848,-6.92627,337.13,0.33,0.55,2023-04-12,0142,N,VIIRS,n,2,272.42,5.01,N,0
42.11821,-6.92176,298.64,0.33,0.55,2023-04-12,0142,N,VIIRS,n,2,270.8,1.88,N,0
42.12313,-6.91781,329.1,0.33,0.55,2023-04-12,0142,N,VIIRS,n,2,272.4,7.94,N,0
42.12418,-6.9355,299.23,0.33,0.55,2023-04-12,0142,N,VIIRS,n,2,270.62,1.6,N,0
42.12392,-6.93122,316.09,0.33,0.55,2023-04-12,0142,N,VIIRS,n,2,270.63,5.49,N,0
42.11925,-6.93926,324.78,0.33,0.55,2023-04-12,0142,N,VIIRS,n,2,271.12,4.66,N,0
42.12366,-6.92687,338.63,0.33,0.55,2023-04-12,0142,N,VIIRS,n,2,272.1,5.49,N,0
42.12857,-6.92284,304.79,0.33,0.55,2023-04-12,0142,N,VIIRS,n,2,270.17,7.94,N,0
42.12883,-6.92719,295.56,0.33,0.55,2023-04-12,0142,N,VIIRS,n,2,270.03,5.49,N,0
41.40597,1.99775,297.87,0.4,0.37,2023-04-12,0142,N,VIIRS,n,2,284.59,0.55,N,2
41.45379,1.97977,296.66,0.4,0.37,2023-04-12,0142,N,VIIRS,n,2,285.14,0.52,N,2
41.52634,1.80613,299.36,0.41,0.37,2023-04-12,0142,N,VIIRS,n,2,281.77,0.58,N,2
43.08156,-2.99559,301.03,0.42,0.45,2023-04-12,0142,N,VIIRS,n,2,279.63,0.75,N,0
43.03418,-2.22113,313.15,0.39,0.44,2023-04-12,0142,N,VIIRS,n,2,281.38,0.76,N,2
43.03823,-2.22042,298.01,0.39,0.44,2023-04-12,0142,N,VIIRS,n,2,282,0.76,N,2
43.22378,-2.87663,295.93,0.42,0.45,2023-04-12,0142,N,VIIRS,n,2,281.2,0.74,N,2
43.44088,-3.84597,300.54,0.47,0.48,2023-04-12,0142,N,VIIRS,n,2,281.71,0.85,N,2
38.6671,-4.05321,298.7,0.43,0.46,2023-04-12,0143,N,VIIRS,n,2,285.32,1.28,N,2
39.93694,-3.74585,303.31,0.43,0.46,2023-04-12,0143,N,VIIRS,n,2,285.54,1.09,N,2
38.85482,-0.16405,295.35,0.44,0.38,2023-04-12,0143,N,VIIRS,n,2,284.49,0.61,N,0
40.24383,-3.4778,304.79,0.42,0.45,2023-04-12,0143,N,VIIRS,n,2,286.36,2.19,N,2
40.77636,-2.38409,304.47,0.56,0.43,2023-04-12,0143,N,VIIRS,n,2,283.54,2.01,N,0
40.24337,-3.47285,316.75,0.42,0.45,2023-04-12,0143,N,VIIRS,n,2,287.06,1.72,N,2
38.37611,-0.54299,306.42,0.45,0.39,2023-04-12,0143,N,VIIRS,n,2,288,0.83,N,2
36.96476,-1.90435,307.8,0.49,0.4,2023-04-12,0144,N,VIIRS,n,2,288.86,1.42,N,2
36.17868,-5.42811,299.61,0.47,0.48,2023-04-12,0144,N,VIIRS,n,2,288.9,1.24,N,0
40.24239,-3.48021,295.27,0.71,0.75,2023-04-12,0323,N,VIIRS,n,2,282.34,1.27,N,2
40.24149,-3.47261,297.89,0.71,0.75,2023-04-12,0323,N,VIIRS,n,2,281.96,1.54,N,2
40.24887,-3.47653,295.15,0.71,0.75,2023-04-12,0323,N,VIIRS,n,2,282.77,1.27,N,0
40.24417,-3.48063,296.21,0.71,0.75,2023-04-12,0323,N,VIIRS,n,2,282.65,2.3,N,2
38.89956,-2.13806,345.52,0.39,0.36,2023-04-12,1305,N,VIIRS,n,2,302.28,3.56,D,0
39.51665,-0.4542,336.92,0.39,0.36,2023-04-12,1305,N,VIIRS,n,2,309.93,2.29,D,0
38.87828,-2.7086,342.51,0.39,0.36,2023-04-12,1305,N,VIIRS,n,2,304.28,2.83,D,0
38.6321,-0.78088,339.86,0.39,0.36,2023-04-12,1305,N,VIIRS,n,2,305.78,1.28,D,0
43.52487,-5.73306,302.37,0.51,0.66,2023-04-13,0123,N,VIIRS,n,2,278.58,1.61,N,2
41.31134,1.66104,295.34,0.41,0.45,2023-04-13,0123,N,VIIRS,n,2,281.78,0.49,N,2
43.52668,-5.73124,308,0.5,0.66,2023-04-13,0123,N,VIIRS,n,2,279.43,1.69,N,2
40.57789,0.5423,299.46,0.46,0.47,2023-04-13,0124,N,VIIRS,n,2,284.64,0.59,N,2
40.2437,-3.47497,323.72,0.37,0.58,2023-04-13,0124,N,VIIRS,n,2,282.7,1.74,N,2
39.66518,-0.24637,299.74,0.49,0.48,2023-04-13,0124,N,VIIRS,n,2,284.96,1.53,N,0
40.5772,0.54528,295.16,0.46,0.47,2023-04-13,0124,N,VIIRS,n,2,284.68,0.51,N,2
43.54,-5.83205,295.33,0.53,0.5,2023-04-13,0303,N,VIIRS,n,2,279.49,0.86,N,2
43.52912,-5.72955,299.8,0.54,0.51,2023-04-13,0303,N,VIIRS,n,2,278.86,1.43,N,2
43.52466,-5.73169,302.91,0.54,0.51,2023-04-13,0303,N,VIIRS,n,2,279.03,1.43,N,2
43.52305,-5.72531,304.96,0.54,0.51,2023-04-13,0303,N,VIIRS,n,2,277.41,0.96,N,2
41.95541,-3.97553,367,0.36,0.57,2023-04-13,0304,N,VIIRS,h,2,272.61,6.79,N,0
41.95654,-3.97963,309.19,0.36,0.57,2023-04-13,0304,N,VIIRS,n,2,269.8,6.23,N,0
40.01069,-0.67439,337.14,0.44,0.38,2023-04-13,1246,N,VIIRS,n,2,296.99,7.99,D,0
40.24562,-3.47433,329.26,0.56,0.43,2023-04-13,1246,N,VIIRS,n,2,298.39,3.5,D,2
38.85901,-4.81841,340.18,0.46,0.47,2023-04-13,1246,N,VIIRS,n,2,297.73,3.56,D,0
41.31155,1.66167,307.47,0.36,0.57,2023-04-14,0104,N,VIIRS,n,2,279.12,1.08,N,2
41.31395,1.66079,309.13,0.35,0.57,2023-04-14,0104,N,VIIRS,n,2,279.95,1.01,N,2
39.26197,-0.56451,298.18,0.45,0.63,2023-04-14,0105,N,VIIRS,n,2,279.01,0.92,N,0
41.14963,0.99745,323.77,0.39,0.59,2023-04-14,0245,N,VIIRS,n,2,276.02,3.67,N,0
41.15359,1.00446,316.13,0.39,0.59,2023-04-14,0245,N,VIIRS,n,2,277.34,10.5,N,0
41.15488,0.99981,367,0.39,0.59,2023-04-14,0245,N,VIIRS,h,2,284.03,24.84,N,0
41.31442,1.66194,309.5,0.41,0.61,2023-04-14,0245,N,VIIRS,n,2,280.98,1.54,N,2
38.37498,-0.54361,297.46,0.39,0.59,2023-04-14,0246,N,VIIRS,n,2,278.65,1.09,N,2
39.2663,-0.56235,356.39,0.48,0.48,2023-04-14,1227,N,VIIRS,n,2,293.41,12.97,D,0
37.5458,-5.07542,343.95,0.45,0.63,2023-04-14,1227,N,VIIRS,n,2,294.37,5.6,D,0
39.26443,-0.55912,341.22,0.48,0.48,2023-04-14,1227,N,VIIRS,n,2,287.58,9.65,D,0
41.46225,1.96595,326.69,0.5,0.41,2023-04-14,1228,N,VIIRS,l,2,300.75,3.65,D,0
41.15179,1.00379,328.98,0.56,0.43,2023-04-14,1228,N,VIIRS,n,2,296.13,3.81,D,0
39.26706,-0.55019,326.98,0.69,0.75,2023-04-14,1408,N,VIIRS,n,2,280.22,4.14,D,0
42.13553,-1.17096,339.71,0.66,0.73,2023-04-14,1409,N,VIIRS,n,2,290.04,8.79,D,0
42.13506,-1.17023,342.36,0.66,0.73,2023-04-14,1409,N,VIIRS,n,2,290.83,6.23,D,0
41.17952,1.22375,302.02,0.66,0.73,2023-04-15,0045,N,VIIRS,n,2,285.15,0.57,N,0
41.15311,0.99511,340.28,0.68,0.74,2023-04-15,0045,N,VIIRS,n,2,285.49,6.67,N,0
41.15308,1.0031,328.01,0.68,0.74,2023-04-15,0045,N,VIIRS,n,2,284.83,6.67,N,0
41.18011,1.22815,297.11,0.66,0.73,2023-04-15,0045,N,VIIRS,n,2,284.29,1.71,N,2
41.15488,0.99985,355.07,0.68,0.74,2023-04-15,0045,N,VIIRS,n,2,287.82,7.77,N,0
41.14795,0.99915,312.62,0.68,0.74,2023-04-15,0045,N,VIIRS,n,2,283.91,7.77,N,0
41.92759,0.17858,295.68,0.4,0.44,2023-04-15,0226,N,VIIRS,n,2,281.25,0.24,N,2
41.15371,0.99699,318.54,0.46,0.47,2023-04-15,0226,N,VIIRS,n,2,284.65,13.13,N,0
41.15246,1.00241,352.67,0.46,0.47,2023-04-15,0226,N,VIIRS,n,2,295.56,13.13,N,0
41.4052,1.99592,298.13,0.5,0.49,2023-04-15,0226,N,VIIRS,n,2,283.99,0.69,N,2
41.92361,0.17701,326.68,0.4,0.44,2023-04-15,0226,N,VIIRS,n,2,282.84,2.03,N,2
39.13264,-0.38044,297.26,0.43,0.46,2023-04-15,0227,N,VIIRS,n,2,285.34,0.43,N,0
40.24633,-3.47437,295.89,0.46,0.39,2023-04-15,0227,N,VIIRS,n,2,266.15,0.93,N,2
39.93631,-3.74275,302.54,0.45,0.39,2023-04-15,0227,N,VIIRS,n,2,280.23,0.66,N,2
38.32089,-6.71804,320.99,0.39,0.36,2023-04-15,0227,N,VIIRS,n,2,285.88,1.62,N,0
38.56097,-6.22993,309.61,0.4,0.37,2023-04-15,0227,N,VIIRS,n,2,281.14,0.75,N,0
38.76224,-6.84155,311.06,0.39,0.36,2023-04-15,0227,N,VIIRS,n,2,282.67,0.46,N,0
38.37553,-0.54263,300.76,0.44,0.46,2023-04-15,0227,N,VIIRS,n,2,287.32,0.42,N,2
37.36081,-5.86435,303.04,0.42,0.37,2023-04-15,0228,N,VIIRS,n,2,287.11,0.53,N,2
40.34666,-3.04342,327.62,0.52,0.67,2023-04-15,1209,N,VIIRS,n,2,292.54,2.79,D,0
41.15501,1.0018,328.52,0.63,0.54,2023-04-15,1209,N,VIIRS,n,2,290.88,5.81,D,0
41.76825,-0.33164,356.81,0.35,0.57,2023-04-15,1209,N,VIIRS,l,2,287.22,11.82,D,0
41.76933,-0.32765,327.35,0.35,0.57,2023-04-15,1209,N,VIIRS,n,2,285.46,10.08,D,0
41.76321,-0.32944,347.06,0.35,0.57,2023-04-15,1209,N,VIIRS,n,2,286.75,3.58,D,0
41.15519,1.0014,326.71,0.63,0.54,2023-04-15,1209,N,VIIRS,n,2,291.56,5.28,D,0
39.02441,-4.08283,335.59,0.5,0.49,2023-04-15,1349,N,VIIRS,l,2,305.8,1.8,D,0
41.76458,-0.32889,367,0.42,0.61,2023-04-15,1350,N,VIIRS,h,2,296.52,12.12,D,0
41.15212,0.99926,305.45,0.44,0.38,2023-04-16,0207,N,VIIRS,n,2,278.97,1.25,N,0
41.17847,1.22952,297.18,0.44,0.39,2023-04-16,0207,N,VIIRS,n,2,273.36,1,N,2
41.76704,-0.32844,298.41,0.4,0.37,2023-04-16,0207,N,VIIRS,n,2,279.19,0.94,N,0
41.46788,1.65563,314.11,0.45,0.39,2023-04-16,0207,N,VIIRS,n,2,268.65,2.06,N,0
41.40512,1.99972,299.5,0.47,0.4,2023-04-16,0207,N,VIIRS,n,2,273.12,0.71,N,2
41.45542,1.9774,299.11,0.47,0.39,2023-04-16,0207,N,VIIRS,n,2,273.23,0.59,N,2
42.81263,-1.74456,313.93,0.38,0.36,2023-04-16,0207,N,VIIRS,n,2,277.1,1.29,N,2
42.81591,-1.7436,299.76,0.38,0.36,2023-04-16,0207,N,VIIRS,n,2,277.62,0.55,N,2
43.54021,-5.8328,319.6,0.46,0.39,2023-04-16,0207,N,VIIRS,n,2,284.63,2.38,N,2
38.32058,-6.71996,300.76,0.44,0.38,2023-04-16,0208,N,VIIRS,n,2,285.8,0.6,N,0
40.24495,-3.4772,303.3,0.39,0.36,2023-04-16,0208,N,VIIRS,n,2,283.69,1.75,N,2
40.24427,-3.47269,326.9,0.39,0.36,2023-04-16,0208,N,VIIRS,n,2,285.02,1.75,N,2
39.93518,-3.74512,307.05,0.39,0.36,2023-04-16,0208,N,VIIRS,n,2,284.65,1.15,N,2
39.66405,-0.24889,297.15,0.42,0.38,2023-04-16,0208,N,VIIRS,n,2,286.98,0.31,N,0
38.37558,-0.54467,308.8,0.42,0.38,2023-04-16,0208,N,VIIRS,n,2,287.54,1.16,N,2
38.17546,-1.72978,298.35,0.4,0.37,2023-04-16,0208,N,VIIRS,n,2,283.6,0.68,N,0
38.17469,-1.72529,310.66,0.4,0.37,2023-04-16,0208,N,VIIRS,n,2,286.51,0.68,N,0
36.96555,-1.90512,311.86,0.4,0.37,2023-04-16,0209,N,VIIRS,n,2,290.31,1.45,N,2
37.3611,-5.86515,303.66,0.41,0.37,2023-04-16,0209,N,VIIRS,n,2,290.19,0.78,N,2
37.35883,-6.67524,299.35,0.43,0.38,2023-04-16,0209,N,VIIRS,n,2,285.44,0.66,N,0
36.17932,-5.42651,303.07,0.39,0.36,2023-04-16,0209,N,VIIRS,n,2,289.36,0.77,N,2
40.38004,-3.70905,337.03,0.48,0.4,2023-04-16,1330,N,VIIRS,n,2,307.27,2.09,D,0
37.74797,-1.12737,343.81,0.39,0.44,2023-04-16,1330,N,VIIRS,n,2,306.31,15.4,D,0
43.54039,-5.83061,332.09,0.44,0.38,2023-04-16,1331,N,VIIRS,n,2,297.12,4.56,D,2
43.52339,-5.73181,326,0.44,0.38,2023-04-16,1331,N,VIIRS,n,2,294.92,4.04,D,2
43.34493,-8.43301,332.02,0.39,0.36,2023-04-16,1331,N,VIIRS,l,2,303.84,2.01,D,2
43.26418,-3.62341,312.51,0.57,0.43,2023-04-17,0148,N,VIIRS,n,2,279.37,2.03,N,0
43.52759,-5.72984,301.31,0.48,0.48,2023-04-17,0148,N,VIIRS,n,2,282.41,1.13,N,2
43.26009,-3.62324,298.56,0.57,0.43,2023-04-17,0148,N,VIIRS,n,2,277.69,2.03,N,0
41.45352,1.98133,310.29,0.38,0.36,2023-04-17,0148,N,VIIRS,n,2,285.1,1.29,N,2
41.45422,1.97675,311.37,0.38,0.36,2023-04-17,0148,N,VIIRS,n,2,281.4,1.29,N,2
43.26323,-3.6229,322.85,0.57,0.43,2023-04-17,0148,N,VIIRS,n,2,279.34,2.74,N,0
41.40657,1.99717,306.42,0.38,0.36,2023-04-17,0148,N,VIIRS,n,2,283.08,1,N,2
43.52312,-5.73049,315.31,0.48,0.48,2023-04-17,0148,N,VIIRS,n,2,281.72,2.04,N,2
43.03435,-2.21956,306.89,0.5,0.41,2023-04-17,0148,N,VIIRS,n,2,278.03,1.92,N,2
41.31201,1.66256,315.19,0.39,0.36,2023-04-17,0149,N,VIIRS,n,2,282.98,1.96,N,2
38.37504,-0.54342,307.73,0.4,0.37,2023-04-17,0149,N,VIIRS,n,2,284.07,1.33,N,2
41.1789,1.22968,301.09,0.39,0.36,2023-04-17,0149,N,VIIRS,n,2,282.43,0.93,N,2
41.15187,1.00021,296.85,0.39,0.36,2023-04-17,0149,N,VIIRS,n,2,283.19,0.63,N,0
39.6633,-0.24796,298.88,0.4,0.37,2023-04-17,0149,N,VIIRS,n,2,285.47,0.45,N,0
36.9674,-1.90499,310.05,0.42,0.38,2023-04-17,0150,N,VIIRS,n,2,288.22,1.69,N,2
36.75566,-2.72022,302.15,0.45,0.39,2023-04-17,0150,N,VIIRS,n,2,282.95,1.13,N,0
36.75629,-2.72528,312.24,0.45,0.39,2023-04-17,0150,N,VIIRS,n,2,285.19,1.13,N,0
37.36057,-6.67565,298.62,0.46,0.47,2023-04-17,0150,N,VIIRS,n,2,285.58,0.83,N,0
37.56911,-0.9153,301.12,0.4,0.37,2023-04-17,0150,N,VIIRS,n,2,284.42,0.62,N,2
43.52442,-5.72476,310.68,0.53,0.67,2023-04-17,0328,N,VIIRS,n,2,278.84,1.37,N,2
43.52639,-5.73092,310,0.53,0.67,2023-04-17,0328,N,VIIRS,n,2,281.05,2.33,N,2
43.35328,-8.44676,309.54,0.4,0.6,2023-04-17,0329,N,VIIRS,n,2,280.63,1.12,N,0
40.2671,-3.7499,340.21,0.38,0.36,2023-04-17,1311,N,VIIRS,l,2,313.29,2.5,D,0
38.30129,-2.43508,333.65,0.38,0.36,2023-04-17,1311,N,VIIRS,n,2,306.19,3.12,D,0
40.26053,-3.74817,340.17,0.38,0.36,2023-04-17,1311,N,VIIRS,l,2,311.23,3.11,D,0
40.26381,-3.74904,341.02,0.38,0.36,2023-04-17,1311,N,VIIRS,l,2,312.66,2.5,D,0
40.26779,-3.74543,340.23,0.38,0.36,2023-04-17,1311,N,VIIRS,l,2,310.56,3.94,D,0
42.38831,-5.85126,331.94,0.39,0.37,2023-04-17,1312,N,VIIRS,l,2,304.88,1.64,D,0
43.2128,-3.89303,332.09,0.39,0.36,2023-04-17,1312,N,VIIRS,n,2,297.23,4.08,D,0
43.52376,-5.73543,344.13,0.39,0.36,2023-04-17,1312,N,VIIRS,n,2,301.25,3.88,D,2
43.2102,-3.88741,334.4,0.39,0.36,2023-04-17,1312,N,VIIRS,n,2,302.23,5.52,D,0
43.20951,-3.89212,329.62,0.39,0.36,2023-04-17,1312,N,VIIRS,n,2,294.21,4.08,D,0
43.21349,-3.88832,330.37,0.39,0.36,2023-04-17,1312,N,VIIRS,n,2,294.18,5.52,D,0
42.64997,-2.13993,295.24,0.54,0.51,2023-04-18,0129,N,VIIRS,n,2,278.18,0.78,N,0
43.52541,-5.7286,301.76,0.42,0.61,2023-04-18,0129,N,VIIRS,n,2,283.02,1.08,N,2
43.5265,-5.72879,298.67,0.42,0.61,2023-04-18,0129,N,VIIRS,n,2,282.51,1.29,N,2
39.95096,-0.00329,299.91,0.4,0.44,2023-04-18,0130,N,VIIRS,n,2,287.58,1.59,N,2
41.31221,1.66371,308.33,0.52,0.41,2023-04-18,0130,N,VIIRS,n,2,283.08,1.77,N,2
40.57728,0.54128,296.26,0.57,0.43,2023-04-18,0130,N,VIIRS,n,2,284.44,1.18,N,2
37.01064,-5.82742,300.64,0.38,0.58,2023-04-18,0131,N,VIIRS,n,2,282.13,0.31,N,0
37.56794,-0.91782,298.1,0.41,0.45,2023-04-18,0131,N,VIIRS,n,2,284.49,0.58,N,2
38.37517,-0.54398,301.36,0.4,0.45,2023-04-18,0131,N,VIIRS,n,2,283.92,0.69,N,2
43.52603,-5.73273,300.41,0.32,0.55,2023-04-18,0310,N,VIIRS,n,2,280.42,1.13,N,2
43.53083,-5.73035,295.11,0.32,0.55,2023-04-18,0310,N,VIIRS,n,2,279.77,0.36,N,2
38.52229,-7.18109,297.98,0.37,0.58,2023-04-18,0311,N,VIIRS,n,2,279.98,0.36,N,0
37.68706,-1.50012,295.14,0.75,0.77,2023-04-18,0311,N,VIIRS,n,2,279.13,1.14,N,0
43.02497,-1.31567,329.32,0.39,0.37,2023-04-18,1253,N,VIIRS,n,2,292.71,3.61,D,0
43.03584,-2.21935,328.87,0.41,0.37,2023-04-18,1253,N,VIIRS,n,2,301.13,3.77,D,2
43.08173,-2.99727,328.72,0.43,0.38,2023-04-18,1253,N,VIIRS,n,2,289.28,0.99,D,0
41.70222,0.74505,335.01,0.38,0.36,2023-04-18,1253,N,VIIRS,n,2,302.53,4.46,D,0
41.71258,0.35297,350.05,0.38,0.36,2023-04-18,1253,N,VIIRS,n,2,297.37,6.24,D,0
41.84208,-1.01391,344.8,0.4,0.37,2023-04-18,1253,N,VIIRS,n,2,301.22,16.96,D,0
41.84127,-1.01869,343.62,0.4,0.37,2023-04-18,1253,N,VIIRS,n,2,312.55,16.96,D,0
41.87456,-1.3814,337.69,0.4,0.37,2023-04-18,1253,N,VIIRS,n,2,306.02,2.26,D,0
42.60474,-2.4774,329.69,0.42,0.38,2023-04-18,1253,N,VIIRS,n,2,295.07,2.14,D,0
43.52555,-5.72726,326.59,0.52,0.42,2023-04-18,1254,N,VIIRS,l,2,297.89,3.91,D,2
43.04121,-4.25408,308.72,0.61,0.71,2023-04-19,0110,N,VIIRS,n,2,273.07,2.2,N,0
43.04479,-4.25379,314.77,0.61,0.71,2023-04-19,0110,N,VIIRS,n,2,274.4,4.4,N,0
43.05157,-4.2651,312.1,0.61,0.71,2023-04-19,0110,N,VIIRS,n,2,275.3,2.26,N,0
43.04125,-4.25945,304.68,0.61,0.71,2023-04-19,0110,N,VIIRS,n,2,274.23,3.32,N,0
43.04794,-4.26425,306.26,0.61,0.71,2023-04-19,0110,N,VIIRS,n,2,274.34,1.87,N,0
39.66194,-0.24747,297.72,0.36,0.57,2023-04-19,0111,N,VIIRS,n,2,284.22,0.34,N,0
38.6674,-4.05704,296.93,0.56,0.69,2023-04-19,0112,N,VIIRS,n,2,283.9,2.08,N,0
43.0403,-4.25445,300.58,0.46,0.47,2023-04-19,0251,N,VIIRS,n,2,273.77,0.53,N,0
43.34531,-8.4342,303.3,0.46,0.39,2023-04-19,0251,N,VIIRS,n,2,282.97,0.61,N,2
43.52382,-5.72606,299.47,0.39,0.44,2023-04-19,0251,N,VIIRS,n,2,280.7,1.13,N,2
43.04773,-4.2662,299.97,0.46,0.47,2023-04-19,0251,N,VIIRS,n,2,276.46,1.28,N,0
41.40457,1.99622,295.23,0.51,0.66,2023-04-19,0251,N,VIIRS,n,2,279.46,0.49,N,2
43.5259,-5.73551,313.26,0.39,0.44,2023-04-19,0251,N,VIIRS,n,2,283.47,2.02,N,2
43.05166,-4.26323,310.98,0.46,0.47,2023-04-19,0251,N,VIIRS,n,2,277.76,1.28,N,0
41.40466,1.99664,295.71,0.51,0.66,2023-04-19,0251,N,VIIRS,n,2,279.33,0.58,N,2
40.48012,-3.24106,342.75,0.51,0.5,2023-04-19,1234,N,VIIRS,n,2,302.6,6.81,D,0
42.86617,-2.67026,334.94,0.42,0.46,2023-04-19,1234,N,VIIRS,n,2,302.22,3.47,D,0
43.53994,-5.83123,341.87,0.57,0.52,2023-04-19,1235,N,VIIRS,n,2,299.89,7.17,D,2
39.97504,-0.23242,297.3,0.64,0.72,2023-04-20,0052,N,VIIRS,n,2,281.37,1.94,N,0
39.97364,-0.23062,308.34,0.64,0.72,2023-04-20,0052,N,VIIRS,n,2,281.7,1.53,N,0
43.30965,-3.0234,298.73,0.49,0.4,2023-04-20,0232,N,VIIRS,n,2,282.91,0.98,N,2
41.4759,-1.48932,307.09,0.41,0.45,2023-04-20,0232,N,VIIRS,n,2,282.93,0.88,N,2
43.34644,-8.43793,312.79,0.38,0.36,2023-04-20,0232,N,VIIRS,n,2,284.42,0.8,N,2
41.31322,1.66352,307.98,0.58,0.52,2023-04-20,0232,N,VIIRS,n,2,281.37,1.34,N,2
43.05129,-5.74399,326.29,0.41,0.37,2023-04-20,0232,N,VIIRS,n,2,279.73,2.49,N,0
43.03638,-2.21747,296.1,0.53,0.42,2023-04-20,0232,N,VIIRS,n,2,281.7,0.56,N,2
43.30845,-3.0244,300.81,0.49,0.4,2023-04-20,0232,N,VIIRS,n,2,283.92,0.76,N,2
43.07389,-2.99656,300.76,0.49,0.4,2023-04-20,0232,N,VIIRS,n,2,282.41,0.68,N,0
43.04148,-2.22254,295.08,0.53,0.42,2023-04-20,0232,N,VIIRS,n,2,281.15,0.77,N,2
42.91061,-4.00036,344.02,0.46,0.39,2023-04-20,0232,N,VIIRS,n,2,279.27,8.53,N,0
43.52315,-5.72947,302.27,0.4,0.37,2023-04-20,0232,N,VIIRS,n,2,283.84,1.15,N,2
43.52402,-5.7344,314.72,0.4,0.37,2023-04-20,0232,N,VIIRS,n,2,284.57,1.15,N,2
43.54147,-5.83278,297.68,0.4,0.37,2023-04-20,0232,N,VIIRS,n,2,283.92,0.53,N,2
43.52649,-5.72835,299.95,0.4,0.37,2023-04-20,0232,N,VIIRS,n,2,285.1,1.15,N,2
38.84372,-3.13676,310.63,0.39,0.44,2023-04-20,0233,N,VIIRS,n,2,278.03,1.56,N,0
37.36001,-5.86662,301.08,0.47,0.4,2023-04-20,0234,N,VIIRS,n,2,287.83,0.96,N,2
38.71886,-1.00224,331.2,0.38,0.59,2023-04-20,1215,N,VIIRS,n,2,304.11,2.24,D,0
39.18827,-2.71682,333.26,0.45,0.63,2023-04-20,1215,N,VIIRS,l,2,308.2,3.36,D,0
38.71995,-0.99817,336.39,0.38,0.59,2023-04-20,1215,N,VIIRS,n,2,304.95,2.24,D,0
39.18666,-2.71986,337.63,0.45,0.63,2023-04-20,1215,N,VIIRS,n,2,308.12,3.16,D,0
42.18658,-1.33521,340.06,0.32,0.55,2023-04-20,1216,N,VIIRS,n,2,300.5,3.81,D,0
42.18758,-1.33141,337.22,0.32,0.55,2023-04-20,1216,N,VIIRS,n,2,298.3,4.88,D,0
39.71122,-6.41018,338.34,0.46,0.47,2023-04-20,1355,N,VIIRS,n,2,309.71,4.31,D,0
36.90719,-5.98291,335.87,0.46,0.47,2023-04-20,1355,N,VIIRS,n,2,304.07,1.86,D,0
36.90791,-5.98443,336.02,0.46,0.47,2023-04-20,1355,N,VIIRS,n,2,303.83,2.98,D,0
37.22701,-5.98022,331.46,0.46,0.47,2023-04-20,1355,N,VIIRS,l,2,304.44,1.96,D,0
37.35658,-4.77735,335.34,0.54,0.5,2023-04-20,1355,N,VIIRS,n,2,305.97,3.53,D,0
37.56058,-5.39591,342.6,0.5,0.49,2023-04-20,1355,N,VIIRS,n,2,309.21,5.55,D,0
37.5601,-5.40153,334.29,0.5,0.49,2023-04-20,1355,N,VIIRS,n,2,305.8,2.76,D,0
41.92496,0.18128,306.87,0.45,0.39,2023-04-21,0213,N,VIIRS,n,2,282.75,0.95,N,2
42.28541,-3.72191,297.97,0.38,0.36,2023-04-21,0213,N,VIIRS,n,2,263.03,0.74,N,0
43.0352,-2.22051,303.2,0.39,0.36,2023-04-21,0213,N,VIIRS,n,2,282.18,1.16,N,2
42.81322,-1.74246,312.41,0.4,0.37,2023-04-21,0213,N,VIIRS,n,2,281.15,1.43,N,2
40.00991,-3.90176,297.02,0.39,0.36,2023-04-21,0214,N,VIIRS,n,2,284.92,0.66,N,2
38.3767,-0.54537,305.97,0.48,0.4,2023-04-21,0214,N,VIIRS,n,2,285.31,1.44,N,2
41.47493,-1.48698,295.78,0.41,0.37,2023-04-21,0214,N,VIIRS,n,2,275.56,0.66,N,2
37.3579,-4.77792,308.32,0.39,0.36,2023-04-21,0215,N,VIIRS,n,2,286.47,1.42,N,0
37.39242,-4.65827,304.12,0.39,0.36,2023-04-21,0215,N,VIIRS,n,2,284.28,1.32,N,0
36.96622,-1.90711,310.56,0.45,0.39,2023-04-21,0215,N,VIIRS,n,2,287.25,0.95,N,2
38.76084,-6.84226,299.93,0.4,0.37,2023-04-21,0215,N,VIIRS,n,2,283.1,0.62,N,0
39.75725,2.63839,367,0.41,0.6,2023-04-21,1156,N,VIIRS,h,2,296.61,12.17,D,0
39.75219,2.64178,367,0.41,0.6,2023-04-21,1156,N,VIIRS,h,2,300.07,12.17,D,0
42.88054,-1.0277,352.13,0.5,0.66,2023-04-21,1157,N,VIIRS,n,2,289.18,9.39,D,0
42.40468,-1.38337,335.2,0.53,0.67,2023-04-21,1157,N,VIIRS,n,2,293.55,4.47,D,0
43.22164,-1.57643,340.14,0.51,0.49,2023-04-21,1337,N,VIIRS,n,2,298.39,7.45,D,0
43.52482,-5.7318,295.5,0.41,0.45,2023-04-22,0154,N,VIIRS,n,2,276.5,0.99,N,2
43.53831,-5.83293,301.84,0.41,0.45,2023-04-22,0154,N,VIIRS,n,2,263.08,0.95,N,2
43.52848,-5.72601,299.52,0.41,0.45,2023-04-22,0154,N,VIIRS,n,2,277.19,0.99,N,2
41.45501,1.97748,307.91,0.39,0.36,2023-04-22,0155,N,VIIRS,n,2,280.34,0.78,N,2
41.31314,1.66171,304.12,0.39,0.36,2023-04-22,0155,N,VIIRS,n,2,280.01,1.35,N,2
38.37746,-0.54242,295.38,0.38,0.36,2023-04-22,0156,N,VIIRS,n,2,275.59,0.41,N,2
38.37418,-0.54324,297.76,0.38,0.36,2023-04-22,0156,N,VIIRS,n,2,274.4,0.41,N,2
38.2811,-1.60014,347.28,0.42,0.38,2023-04-22,1317,N,VIIRS,n,2,305.5,5.11,D,0
38.28564,-1.60314,346.24,0.42,0.38,2023-04-22,1317,N,VIIRS,n,2,306.28,4.97,D,0
38.28625,-1.59831,348.48,0.42,0.38,2023-04-22,1317,N,VIIRS,n,2,305.76,4.97,D,0
38.28361,-1.63548,336.16,0.42,0.38,2023-04-22,1317,N,VIIRS,l,2,306.31,3.04,D,0
38.28455,-1.60089,351.46,0.42,0.38,2023-04-22,1317,N,VIIRS,n,2,305.69,7.9,D,0
38.28518,-1.59606,337.51,0.42,0.38,2023-04-22,1317,N,VIIRS,n,2,306.71,3.73,D,0
40.03083,-3.61068,335.23,0.39,0.36,2023-04-22,1318,N,VIIRS,n,2,302.8,2.52,D,0
41.47598,-1.48593,295.61,0.41,0.45,2023-04-23,0136,N,VIIRS,n,2,280.66,1.04,N,2
41.47438,-1.48775,299.18,0.41,0.45,2023-04-23,0136,N,VIIRS,n,2,283.54,0.41,N,2
41.52749,1.80756,295.04,0.45,0.39,2023-04-23,0136,N,VIIRS,n,2,283.08,0.36,N,2
41.31179,1.66297,316.39,0.45,0.39,2023-04-23,0136,N,VIIRS,n,2,287.44,2.6,N,2
38.37802,-0.5446,299.2,0.51,0.41,2023-04-23,0137,N,VIIRS,n,2,286.67,1.44,N,2
36.96566,-1.90839,303.18,0.57,0.43,2023-04-23,0137,N,VIIRS,n,2,287.02,1,N,2
39.20027,-0.50301,347.16,0.39,0.36,2023-04-23,1258,N,VIIRS,n,2,314.05,11.61,D,0
36.73326,-3.55491,337.03,0.48,0.4,2023-04-23,1258,N,VIIRS,n,2,305.62,28.62,D,0
36.72964,-3.55386,348.27,0.48,0.4,2023-04-23,1258,N,VIIRS,n,2,306.68,28.62,D,0
38.61628,-0.58885,341.99,0.39,0.36,2023-04-23,1258,N,VIIRS,n,2,307.3,5.61,D,0
38.61558,-0.59325,341.29,0.39,0.36,2023-04-23,1258,N,VIIRS,n,2,306.04,5.36,D,0
38.31767,-0.51562,346.47,0.39,0.36,2023-04-23,1258,N,VIIRS,n,2,304.13,4.56,D,3
39.74685,-4.2877,335.91,0.46,0.39,2023-04-23,1259,N,VIIRS,n,2,307.98,6.95,D,0
41.48878,-2.5153,331.31,0.4,0.37,2023-04-23,1259,N,VIIRS,n,2,294.51,2.1,D,0
38.68423,-1.38597,307.25,0.33,0.55,2023-04-24,0118,N,VIIRS,n,2,279.99,4.27,N,0
38.37738,-0.54693,301,0.59,0.53,2023-04-24,0118,N,VIIRS,n,2,285.05,1.02,N,2
36.96634,-1.90527,308.38,0.34,0.56,2023-04-24,0118,N,VIIRS,n,2,289.78,0.75,N,2
38.68447,-1.38978,367,0.33,0.55,2023-04-24,0118,N,VIIRS,h,2,283.61,9.54,N,0
38.6867,-1.39139,341.51,0.5,0.66,2023-04-24,0258,N,VIIRS,n,2,279.24,7.21,N,0
38.66634,-4.05018,301.85,0.37,0.58,2023-04-24,0258,N,VIIRS,n,2,280.75,0.93,N,2
38.68399,-1.3858,315.85,0.5,0.66,2023-04-24,0258,N,VIIRS,n,2,278.24,4.07,N,0
38.68568,-1.39164,339.54,0.5,0.66,2023-04-24,0258,N,VIIRS,n,2,278.88,4.07,N,0
38.68497,-1.38554,311.32,0.5,0.66,2023-04-24,0258,N,VIIRS,n,2,278.59,4.08,N,0
36.18417,-5.39824,302.02,0.36,0.57,2023-04-24,0259,N,VIIRS,n,2,291.69,1.35,N,0
38.6829,-1.38819,342.7,0.38,0.44,2023-04-24,1239,N,VIIRS,n,2,308.56,4.76,D,0
37.83043,-1.02655,341.5,0.38,0.43,2023-04-24,1239,N,VIIRS,n,2,304.83,10.76,D,0
41.56538,-1.77046,346.76,0.53,0.42,2023-04-24,1240,N,VIIRS,n,2,297.42,14.28,D,0
39.42031,-1.14141,340.04,0.54,0.42,2023-04-24,1240,N,VIIRS,n,2,308.81,5.77,D,0
39.42008,-1.13976,336.32,0.54,0.42,2023-04-24,1240,N,VIIRS,l,2,308.5,2.7,D,0
41.56914,-1.7718,352.77,0.53,0.42,2023-04-24,1240,N,VIIRS,n,2,299.78,14.28,D,0
39.48062,-0.46886,367,0.54,0.68,2023-04-25,0058,N,VIIRS,h,2,283.52,10.6,N,0
41.31239,1.66071,299.2,0.43,0.62,2023-04-25,0058,N,VIIRS,n,2,281.03,0.77,N,2
38.37655,-0.54483,311.85,0.32,0.55,2023-04-25,0239,N,VIIRS,n,2,285.16,0.78,N,2
40.24424,-3.47815,295.04,0.41,0.45,2023-04-25,0239,N,VIIRS,n,2,283.66,0.59,N,2
37.65966,-4.53708,297.9,0.42,0.45,2023-04-25,0240,N,VIIRS,n,2,284.59,0.29,N,0
39.47821,-0.46349,336.67,0.57,0.52,2023-04-25,1221,N,VIIRS,n,2,290.92,4.04,D,0
37.66956,-5.24608,334.15,0.62,0.54,2023-04-25,1401,N,VIIRS,l,2,307.48,5.96,D,0
39.47936,-0.46621,301.85,0.54,0.42,2023-04-26,0220,N,VIIRS,n,2,287.4,0.82,N,0
40.00999,-3.89921,299.75,0.4,0.37,2023-04-26,0220,N,VIIRS,n,2,289.33,1.05,N,2
41.45591,1.97833,295.46,0.42,0.45,2023-04-26,0220,N,VIIRS,n,2,283.39,0.71,N,2
41.3125,1.66254,309.3,0.41,0.45,2023-04-26,0220,N,VIIRS,n,2,284.29,1.24,N,2
40.24602,-3.47601,298.66,0.41,0.37,2023-04-26,0220,N,VIIRS,n,2,288.19,1.11,N,2
37.50167,-4.54263,299.73,0.41,0.37,2023-04-26,0221,N,VIIRS,n,2,286.76,0.54,N,0
37.36103,-5.86449,306.47,0.39,0.36,2023-04-26,0221,N,VIIRS,n,2,291.08,0.5,N,2
38.02661,-0.77388,300.61,0.55,0.43,2023-04-26,0221,N,VIIRS,n,2,286.8,0.64,N,0
37.68952,-1.07832,305.66,0.54,0.42,2023-04-26,0221,N,VIIRS,n,2,289.13,1.62,N,0
37.56972,-0.91553,299.05,0.55,0.43,2023-04-26,0221,N,VIIRS,n,2,288.89,0.95,N,2
37.75332,-2.88143,309.6,0.46,0.39,2023-04-26,0221,N,VIIRS,n,2,284.73,1.51,N,0
36.93452,-2.35101,342.77,0.48,0.48,2023-04-26,1342,N,VIIRS,n,2,311.33,6.58,D,0
36.85735,-6.27191,346.5,0.47,0.4,2023-04-26,1342,N,VIIRS,n,2,317.99,12.22,D,0
40.59941,-4.48885,340.09,0.41,0.45,2023-04-26,1343,N,VIIRS,n,2,288.88,6.46,D,0
43.44101,-3.84588,306.67,0.44,0.39,2023-04-27,0200,N,VIIRS,n,2,279.76,1.26,N,2
41.45413,1.97953,302.49,0.42,0.37,2023-04-27,0201,N,VIIRS,n,2,285.35,0.83,N,2
41.31348,1.66281,311.76,0.41,0.37,2023-04-27,0201,N,VIIRS,n,2,285.3,1.59,N,2
41.47352,-1.4866,299.66,0.39,0.36,2023-04-27,0201,N,VIIRS,n,2,283.08,0.57,N,2
41.52843,1.80592,297.49,0.41,0.37,2023-04-27,0201,N,VIIRS,n,2,282.32,0.49,N,2
43.52412,-5.7312,298.23,0.52,0.42,2023-04-27,0201,N,VIIRS,n,2,279.57,1.31,N,2
43.53177,-5.72961,295.93,0.52,0.42,2023-04-27,0201,N,VIIRS,n,2,275.61,0.95,N,2
38.37766,-0.54339,303.83,0.39,0.36,2023-04-27,0202,N,VIIRS,n,2,286.32,1.36,N,2
36.17721,-5.42707,303.5,0.43,0.38,2023-04-27,0203,N,VIIRS,n,2,287.47,0.94,N,2
37.50613,-4.63698,330.43,0.39,0.36,2023-04-27,1323,N,VIIRS,l,2,303.84,1.07,D,0
41.92319,0.18003,328.33,0.42,0.45,2023-04-27,1324,N,VIIRS,n,2,274.34,2.7,D,2
41.74336,-2.54767,337.74,0.48,0.4,2023-04-27,1324,N,VIIRS,n,2,291.78,6.73,D,0
41.74703,-2.5484,341.4,0.48,0.4,2023-04-27,1324,N,VIIRS,n,2,289.36,6.73,D,0
39.48546,-6.55877,348.71,0.38,0.36,2023-04-27,1324,N,VIIRS,n,2,315.12,3.49,D,0
40.06964,-6.67018,338.67,0.38,0.36,2023-04-27,1324,N,VIIRS,l,2,310.97,3.19,D,0
42.04278,3.11869,328.18,0.59,0.53,2023-04-27,1324,N,VIIRS,n,2,293.73,3.18,D,0
43.53898,-5.82962,344.25,0.4,0.37,2023-04-27,1325,N,VIIRS,n,2,287.05,8.21,D,2
41.31091,1.65946,298.55,0.41,0.37,2023-04-28,0142,N,VIIRS,n,2,275.5,0.91,N,2
42.55366,-6.76947,295.69,0.32,0.55,2023-04-28,0142,N,VIIRS,n,2,278.39,0.35,N,0
41.52801,1.80605,296.82,0.41,0.37,2023-04-28,0142,N,VIIRS,n,2,278.86,0.5,N,2
39.17883,-3.49066,299.61,0.4,0.44,2023-04-28,0143,N,VIIRS,n,2,280.84,0.32,N,0
38.37571,-0.5437,298,0.44,0.39,2023-04-28,0143,N,VIIRS,n,2,279.53,0.8,N,2
41.99417,-3.87398,314.18,0.36,0.58,2023-04-29,0303,N,VIIRS,n,2,280.31,0.94,N,0
41.98914,-3.87658,296.32,0.36,0.58,2023-04-29,0303,N,VIIRS,n,2,279.03,0.59,N,0
37.30321,-6.88378,339.6,0.32,0.55,2023-04-29,1246,N,VIIRS,n,2,302.47,23.27,D,0
40.13417,-4.44554,353.62,0.42,0.45,2023-04-29,1246,N,VIIRS,n,2,290.42,18.87,D,0
41.15294,1.00119,328.63,0.39,0.37,2023-04-29,1246,N,VIIRS,n,2,285.6,2.51,D,0
37.30064,-6.87824,355.77,0.32,0.55,2023-04-29,1246,N,VIIRS,n,2,322.75,42.77,D,0
37.30411,-6.88019,356.92,0.32,0.55,2023-04-29,1246,N,VIIRS,n,2,305.95,23.27,D,0
37.30502,-6.87662,333.56,0.32,0.55,2023-04-29,1246,N,VIIRS,n,2,302.61,40.02,D,0
37.29976,-6.88184,345.61,0.33,0.55,2023-04-29,1246,N,VIIRS,n,2,304.95,42.77,D,0
37.2992,-6.87834,367,0.32,0.55,2023-04-29,1246,N,VIIRS,h,2,316.71,23.27,D,0
37.29829,-6.88194,331.3,0.32,0.55,2023-04-29,1246,N,VIIRS,n,2,304.03,23.27,D,0
37.30288,-6.88326,354.4,0.56,0.69,2023-04-29,1426,N,VIIRS,n,2,296.42,20.91,D,0
37.30309,-6.87674,367,0.56,0.69,2023-04-29,1426,N,VIIRS,h,2,298.31,20.91,D,0
41.47638,-1.48875,295.32,0.52,0.67,2023-04-30,0104,N,VIIRS,n,2,282.8,0.66,N,2
41.31188,1.66101,298.99,0.36,0.57,2023-04-30,0104,N,VIIRS,n,2,279.18,0.82,N,2
39.66304,-0.2493,298.92,0.44,0.62,2023-04-30,0105,N,VIIRS,n,2,286.61,0.68,N,0
38.37626,-0.54696,300.36,0.44,0.63,2023-04-30,0105,N,VIIRS,n,2,287.97,0.95,N,2
37.57127,-0.91964,308.63,0.46,0.63,2023-04-30,0105,N,VIIRS,n,2,271.74,1.03,N,2
41.92404,0.18022,295.27,0.34,0.56,2023-04-30,0244,N,VIIRS,n,2,283.39,0.91,N,2
41.31377,1.66328,312.39,0.41,0.61,2023-04-30,0244,N,VIIRS,n,2,282.88,1.35,N,2
39.14781,-3.2531,304.17,0.54,0.51,2023-04-30,0245,N,VIIRS,n,2,282.76,1.71,N,0
38.32079,-0.64704,342.33,0.38,0.59,2023-04-30,0245,N,VIIRS,n,2,280.27,3.65,N,0
39.95106,-0.00367,299.41,0.37,0.58,2023-04-30,0245,N,VIIRS,n,2,288.6,0.81,N,2
38.32188,-0.65108,299.53,0.38,0.59,2023-04-30,0245,N,VIIRS,n,2,278.57,2.92,N,0
37.30167,-6.884,303.68,0.39,0.44,2023-04-30,0246,N,VIIRS,n,2,268.26,4.02,N,0
37.30076,-6.87969,342.36,0.39,0.44,2023-04-30,0246,N,VIIRS,n,2,272.58,4.02,N,0
41.3188,2.12492,340.86,0.5,0.41,2023-04-30,1227,N,VIIRS,n,2,299.53,2.92,D,0
37.30242,-6.8773,342.65,0.61,0.53,2023-04-30,1407,N,VIIRS,n,2,307.55,10.76,D,0
41.3125,1.66006,315.75,0.49,0.48,2023-05-01,0226,N,VIIRS,n,2,287.06,1.99,N,2
43.3463,-8.43846,297.16,0.4,0.37,2023-05-01,0226,N,VIIRS,n,2,282.58,0.72,N,2
41.92268,0.1788,297.1,0.4,0.44,2023-05-01,0226,N,VIIRS,n,2,283.5,0.86,N,2
41.92512,0.18139,297.81,0.4,0.44,2023-05-01,0226,N,VIIRS,n,2,281.47,0.42,N,2
41.92617,0.1767,298.16,0.4,0.44,2023-05-01,0226,N,VIIRS,n,2,283.41,0.77,N,2
43.53822,-5.83426,298.7,0.39,0.36,2023-05-01,0226,N,VIIRS,n,2,285.63,0.81,N,2
43.52466,-5.72948,301.69,0.39,0.36,2023-05-01,0226,N,VIIRS,n,2,285.89,0.88,N,2
43.5415,-5.83325,303.75,0.39,0.36,2023-05-01,0226,N,VIIRS,n,2,286.87,0.95,N,2
43.52794,-5.72847,303.35,0.39,0.36,2023-05-01,0226,N,VIIRS,n,2,287.36,0.88,N,2
43.52871,-5.7332,310.9,0.39,0.36,2023-05-01,0226,N,VIIRS,n,2,285.32,0.88,N,2
43.53122,-5.72747,304.61,0.39,0.36,2023-05-01,0226,N,VIIRS,n,2,285.66,0.82,N,2
37.35989,-5.86588,303.49,0.42,0.37,2023-05-01,0227,N,VIIRS,n,2,290.39,0.7,N,2
37.3014,-6.88321,304.17,0.4,0.37,2023-05-01,0227,N,VIIRS,n,2,288.59,1.2,N,0
37.30064,-6.87878,319.93,0.4,0.37,2023-05-01,0227,N,VIIRS,n,2,289.29,1.2,N,0
36.96633,-1.90465,313.16,0.4,0.45,2023-05-01,0227,N,VIIRS,n,2,289.42,1.12,N,2
38.37872,-0.54567,298.49,0.44,0.46,2023-05-01,0227,N,VIIRS,n,2,283.34,1.29,N,2
41.79425,0.59809,339.49,0.63,0.54,2023-05-01,1209,N,VIIRS,n,2,307.43,152.97,D,0
41.92499,0.17815,327.7,0.41,0.37,2023-05-02,0207,N,VIIRS,n,2,283.87,2.37,N,2
42.61332,-3.62224,305.05,0.4,0.37,2023-05-02,0207,N,VIIRS,n,2,274.3,0.78,N,0
41.92164,0.17708,304.19,0.41,0.37,2023-05-02,0207,N,VIIRS,n,2,281.62,0.87,N,2
41.40721,2.00053,304.5,0.47,0.39,2023-05-02,0207,N,VIIRS,n,2,285.54,0.82,N,2
41.40721,1.99919,305.99,0.47,0.39,2023-05-02,0207,N,VIIRS,n,2,285.95,1.31,N,2
41.31409,1.65965,299.33,0.46,0.39,2023-05-02,0207,N,VIIRS,n,2,286.26,0.85,N,2
41.31307,1.66494,303.18,0.46,0.39,2023-05-02,0207,N,VIIRS,n,2,286.24,0.85,N,2
42.55154,-6.76917,295.93,0.48,0.4,2023-05-02,0207,N,VIIRS,n,2,282.12,0.75,N,0
39.95184,-0.00403,299.77,0.42,0.38,2023-05-02,0207,N,VIIRS,n,2,287.64,1.09,N,2
38.37484,-0.54446,295.77,0.42,0.38,2023-05-02,0208,N,VIIRS,n,2,273.47,0.98,N,2
37.52826,-1.47314,345.24,0.41,0.37,2023-05-02,0208,N,VIIRS,n,2,288.37,8.91,N,0
36.96537,-1.9054,318.21,0.4,0.37,2023-05-02,0208,N,VIIRS,n,2,290.6,1.83,N,2
37.36087,-5.86659,302.15,0.41,0.37,2023-05-02,0208,N,VIIRS,n,2,287.18,0.83,N,2
39.50515,-6.35661,308.7,0.44,0.38,2023-05-02,0208,N,VIIRS,n,2,280.7,0.71,N,0
40.24395,-3.47716,297.55,0.39,0.36,2023-05-02,0208,N,VIIRS,n,2,285.76,0.72,N,2
40.00881,-3.90073,299.11,0.39,0.36,2023-05-02,0208,N,VIIRS,n,2,287.05,0.74,N,2
36.17855,-5.42627,295.12,0.39,0.36,2023-05-02,0209,N,VIIRS,n,2,280.84,0.28,N,2
42.35616,-1.71347,341.18,0.65,0.73,2023-05-02,1150,N,VIIRS,n,2,299.53,9.17,D,0
41.22197,-0.26592,344.9,0.61,0.71,2023-05-02,1150,N,VIIRS,n,2,301.07,5.79,D,0
42.35362,-1.72105,349.38,0.65,0.73,2023-05-02,1150,N,VIIRS,n,2,299.21,8.17,D,0
37.83702,-5.856,352.35,0.4,0.37,2023-05-02,1329,N,VIIRS,n,2,296,22.42,D,0
37.8364,-5.86047,343.88,0.4,0.37,2023-05-02,1329,N,VIIRS,n,2,301.06,25.72,D,0
37.83975,-5.86124,331.37,0.4,0.37,2023-05-02,1329,N,VIIRS,n,2,290.72,2.96,D,0
39.00094,-6.78609,345.58,0.39,0.36,2023-05-02,1330,N,VIIRS,n,2,284.87,4.18,D,0
41.92477,0.17968,348.73,0.5,0.49,2023-05-02,1330,N,VIIRS,n,2,313.17,11.82,D,2
38.68346,-6.31117,336.09,0.39,0.36,2023-05-02,1330,N,VIIRS,n,2,280.3,3.48,D,0
42.23244,-1.68757,351.93,0.41,0.45,2023-05-02,1331,N,VIIRS,n,2,301.51,2.98,D,0
42.22829,-1.6869,336.64,0.41,0.45,2023-05-02,1331,N,VIIRS,n,2,302.78,2.98,D,0
41.40845,1.99691,301.77,0.38,0.36,2023-05-03,0148,N,VIIRS,n,2,283.55,0.78,N,2
41.31338,1.66031,314.06,0.39,0.36,2023-05-03,0148,N,VIIRS,n,2,287.41,1.53,N,2
41.31269,1.6649,298.66,0.39,0.36,2023-05-03,0148,N,VIIRS,n,2,285.69,0.74,N,2
38.37837,-0.54545,302.42,0.4,0.37,2023-05-03,0149,N,VIIRS,n,2,286.97,0.91,N,2
36.96772,-1.90647,315.02,0.43,0.38,2023-05-03,0150,N,VIIRS,n,2,291.39,1.25,N,2
43.5391,-5.8335,311.97,0.42,0.61,2023-05-04,0129,N,VIIRS,n,2,284.06,1.99,N,2
43.55855,-5.72464,296.5,0.42,0.61,2023-05-04,0129,N,VIIRS,n,2,283.87,0.46,N,0
43.53847,-5.83407,299.28,0.42,0.61,2023-05-04,0129,N,VIIRS,n,2,282.97,1.18,N,2
41.31205,1.65972,295.38,0.52,0.41,2023-05-04,0129,N,VIIRS,n,2,268.98,0.7,N,2
43.22538,-2.87434,296.9,0.6,0.53,2023-05-04,0129,N,VIIRS,n,2,280.39,1.53,N,2
43.22585,-2.88215,306.08,0.6,0.53,2023-05-04,0129,N,VIIRS,n,2,284.37,3.3,N,2
43.52874,-5.72766,303.84,0.42,0.61,2023-05-04,0129,N,VIIRS,n,2,284.91,0.75,N,2
43.53826,-5.82853,311.69,0.42,0.61,2023-05-04,0129,N,VIIRS,n,2,283.31,1.18,N,2
43.53893,-5.82786,299.64,0.42,0.61,2023-05-04,0129,N,VIIRS,n,2,282.58,1.13,N,2
38.37758,-0.54335,299.98,0.41,0.45,2023-05-04,0130,N,VIIRS,n,2,287.16,0.55,N,2
39.66503,-0.24855,299.49,0.41,0.45,2023-05-04,0130,N,VIIRS,n,2,287.81,0.77,N,0
36.96549,-1.90389,306.8,0.46,0.47,2023-05-04,0131,N,VIIRS,n,2,288.57,1.32,N,2
43.53163,-5.72686,303.91,0.32,0.55,2023-05-04,0309,N,VIIRS,n,2,283.86,1.06,N,2
43.55856,-5.72606,298.04,0.32,0.55,2023-05-04,0309,N,VIIRS,n,2,283.31,0.4,N,0
38.66765,-4.05315,300.5,0.53,0.67,2023-05-04,0310,N,VIIRS,n,2,284.69,1.16,N,2
38.37379,-0.54538,295.33,0.79,0.78,2023-05-04,0310,N,VIIRS,n,2,284.18,0.92,N,0
38.66446,-4.04834,299.11,0.53,0.67,2023-05-04,0310,N,VIIRS,n,2,283.01,0.53,N,2
41.59616,-5.66373,295.82,0.36,0.58,2023-05-04,0310,N,VIIRS,n,2,281.03,0.42,N,0
38.66593,-4.04733,300.42,0.53,0.67,2023-05-04,0310,N,VIIRS,n,2,283.38,1.16,N,2
43.30708,-3.02836,295.04,0.53,0.67,2023-05-05,0110,N,VIIRS,n,2,282.48,1.21,N,2
39.95197,-0.00391,301.07,0.35,0.57,2023-05-05,0111,N,VIIRS,n,2,291.04,1.16,N,2
38.37629,-0.54633,300.62,0.36,0.58,2023-05-05,0111,N,VIIRS,n,2,287.53,0.88,N,2
37.66396,-4.92837,299.32,0.62,0.71,2023-05-05,0111,N,VIIRS,n,2,286.3,0.56,N,0
41.40807,1.99765,295.73,0.51,0.66,2023-05-05,0251,N,VIIRS,n,2,283.23,0.7,N,2
39.45253,-0.47149,338.96,0.44,0.62,2023-05-05,0251,N,VIIRS,n,2,287.18,5.79,N,0
39.45393,-0.47641,329.33,0.44,0.62,2023-05-05,0251,N,VIIRS,n,2,285.81,7.04,N,0
42.372,-6.04548,308.08,0.4,0.44,2023-05-05,0251,N,VIIRS,n,2,277.11,1.32,N,0
41.40877,1.99817,295.25,0.51,0.66,2023-05-05,0251,N,VIIRS,n,2,283.64,0.69,N,2
43.54011,-5.82926,302.9,0.38,0.43,2023-05-05,0251,N,VIIRS,n,2,282.37,0.87,N,2
43.54112,-5.83382,306.86,0.38,0.43,2023-05-05,0251,N,VIIRS,n,2,283.06,1.35,N,2
43.52348,-5.73447,295.61,0.39,0.44,2023-05-05,0251,N,VIIRS,n,2,284.2,0.84,N,2
43.52635,-5.72816,298.77,0.39,0.44,2023-05-05,0251,N,VIIRS,n,2,284.44,0.71,N,2
43.52739,-5.73289,299.86,0.39,0.44,2023-05-05,0251,N,VIIRS,n,2,283.46,0.71,N,2
43.53025,-5.72655,300.35,0.39,0.44,2023-05-05,0251,N,VIIRS,n,2,283.08,0.71,N,2
43.55954,-5.72446,295.49,0.39,0.44,2023-05-05,0251,N,VIIRS,n,2,282.57,0.48,N,0
38.66754,-4.05246,295.79,0.6,0.53,2023-05-05,0252,N,VIIRS,n,2,284.2,1.69,N,2
37.36001,-5.86614,299.91,0.52,0.5,2023-05-05,0252,N,VIIRS,n,2,288.75,0.88,N,2
39.87642,-0.07222,332.52,0.56,0.43,2023-05-05,1233,N,VIIRS,n,2,282.31,4.56,D,0
39.61382,-0.35337,336.64,0.39,0.44,2023-05-05,1233,N,VIIRS,n,2,305.08,2.88,D,0
37.14826,-1.88055,352.22,0.53,0.5,2023-05-05,1233,N,VIIRS,n,2,305.12,23.08,D,0
42.86871,-2.64758,327.77,0.43,0.46,2023-05-05,1234,N,VIIRS,l,2,302.68,3.39,D,0
43.52533,-5.7283,336.91,0.57,0.52,2023-05-05,1235,N,VIIRS,n,2,297.08,5.64,D,2
43.5236,-5.73507,339.59,0.57,0.52,2023-05-05,1235,N,VIIRS,n,2,297.36,5.64,D,2
43.08255,-6.86174,332.49,0.42,0.61,2023-05-05,1415,N,VIIRS,n,2,293,28.24,D,0
43.08803,-6.86792,341.52,0.42,0.61,2023-05-05,1415,N,VIIRS,n,2,291.88,19.08,D,0
43.08239,-6.86612,355.44,0.42,0.61,2023-05-05,1415,N,VIIRS,n,2,308.1,19.08,D,0
43.53005,-5.73227,307.74,0.4,0.37,2023-05-06,0232,N,VIIRS,n,2,283.4,0.68,N,2
43.30711,-3.74514,296.29,0.46,0.39,2023-05-06,0232,N,VIIRS,n,2,279.24,0.31,N,0
43.45108,-3.8422,317.46,0.45,0.39,2023-05-06,0232,N,VIIRS,n,2,282.38,1.61,N,0
43.52583,-5.72841,302.41,0.4,0.37,2023-05-06,0232,N,VIIRS,n,2,285.21,1.33,N,2
43.52671,-5.73334,300.18,0.4,0.37,2023-05-06,0232,N,VIIRS,n,2,284.36,0.68,N,2
43.54074,-5.8327,326.32,0.4,0.37,2023-05-06,0232,N,VIIRS,n,2,285.78,2.78,N,2
41.3134,1.66399,306.73,0.58,0.52,2023-05-06,0232,N,VIIRS,n,2,281.6,2.75,N,2
43.52337,-5.73444,297.96,0.4,0.37,2023-05-06,0232,N,VIIRS,n,2,284.64,0.74,N,2
42.39615,-1.61448,312.92,0.38,0.43,2023-05-06,0232,N,VIIRS,n,2,283.32,1.48,N,0
37.36052,-5.86247,301.81,0.47,0.4,2023-05-06,0233,N,VIIRS,n,2,289.44,0.88,N,2
36.9677,-1.90747,298.74,0.49,0.48,2023-05-06,0233,N,VIIRS,n,2,284.91,1.64,N,0
36.96434,-1.90392,296,0.49,0.48,2023-05-06,0233,N,VIIRS,n,2,284.34,0.95,N,2
37.36097,-5.86648,305.54,0.47,0.4,2023-05-06,0233,N,VIIRS,n,2,290.51,1.11,N,2
38.19455,-6.6044,357.32,0.75,0.77,2023-05-06,1215,N,VIIRS,l,2,294.38,14.06,D,0
38.18795,-6.60072,340.58,0.75,0.77,2023-05-06,1215,N,VIIRS,n,2,293.15,3.94,D,0
37.17141,-6.20158,339.27,0.44,0.46,2023-05-06,1354,N,VIIRS,n,2,307.09,1.93,D,0
37.18003,-6.20277,356.36,0.44,0.46,2023-05-06,1354,N,VIIRS,n,2,310.17,14.35,D,0
37.18048,-6.19769,367,0.45,0.47,2023-05-06,1354,N,VIIRS,h,2,308.72,14.35,D,0
37.17572,-6.20217,353.05,0.44,0.46,2023-05-06,1354,N,VIIRS,n,2,311.23,14.35,D,0
37.17618,-6.1971,354.25,0.45,0.47,2023-05-06,1354,N,VIIRS,n,2,308.16,14.35,D,0
41.92231,0.17929,322.97,0.45,0.39,2023-05-07,0213,N,VIIRS,n,2,281.89,4.07,N,2
41.92418,0.17754,327.79,0.45,0.39,2023-05-07,0213,N,VIIRS,n,2,284.27,3.99,N,2
42.55002,-6.76754,295.98,0.43,0.38,2023-05-07,0213,N,VIIRS,n,2,282.43,0.47,N,0
41.4754,-1.48879,299.93,0.41,0.37,2023-05-07,0213,N,VIIRS,n,2,285.65,0.57,N,2
43.5392,-5.8322,334.87,0.41,0.37,2023-05-07,0213,N,VIIRS,n,2,287.93,4.22,N,2
43.52555,-5.73064,297,0.41,0.37,2023-05-07,0213,N,VIIRS,n,2,284,0.82,N,2
42.81276,-1.74064,309.7,0.4,0.37,2023-05-07,0213,N,VIIRS,n,2,283.34,0.68,N,2
40.00875,-3.90277,297.2,0.39,0.36,2023-05-07,0214,N,VIIRS,n,2,286.76,0.66,N,2
39.95182,-0.00451,301.42,0.47,0.4,2023-05-07,0214,N,VIIRS,n,2,290.83,0.91,N,2
37.36018,-5.86685,308.16,0.39,0.36,2023-05-07,0215,N,VIIRS,n,2,290.91,0.6,N,2
43.54158,-5.82851,330.87,0.49,0.41,2023-05-07,1337,N,VIIRS,n,2,292.29,2.79,D,2
43.54059,-5.83292,328.71,0.49,0.41,2023-05-07,1337,N,VIIRS,n,2,289.08,1.45,D,2
42.81367,-1.744,302.39,0.42,0.38,2023-05-08,0154,N,VIIRS,n,2,282.55,0.91,N,2
43.53944,-5.83399,308.49,0.41,0.45,2023-05-08,0154,N,VIIRS,n,2,279.67,2.11,N,2
43.32598,-3.10264,295.02,0.47,0.4,2023-05-08,0154,N,VIIRS,n,2,284.16,1.15,N,0
43.03505,-2.21765,316.13,0.44,0.38,2023-05-08,0154,N,VIIRS,n,2,282.75,2.06,N,2
42.55312,-6.76867,296.11,0.45,0.47,2023-05-08,0154,N,VIIRS,n,2,281.64,0.9,N,0
43.52985,-5.72649,296.08,0.41,0.45,2023-05-08,0154,N,VIIRS,n,2,276.92,0.77,N,2
43.07999,-2.99612,309.19,0.47,0.39,2023-05-08,0154,N,VIIRS,n,2,279.47,1.18,N,0
43.52204,-5.73304,311.76,0.41,0.45,2023-05-08,0154,N,VIIRS,n,2,277.35,1.19,N,2
43.52571,-5.72719,302.06,0.41,0.45,2023-05-08,0154,N,VIIRS,n,2,277.86,1.19,N,2
43.52617,-5.73227,302.79,0.41,0.45,2023-05-08,0154,N,VIIRS,n,2,277.69,1.19,N,2
38.37745,-0.54439,310.53,0.38,0.36,2023-05-08,0155,N,VIIRS,n,2,288.55,1.09,N,2
39.89027,-3.2397,306.86,0.44,0.39,2023-05-08,0155,N,VIIRS,n,2,282.36,0.56,N,0
39.95102,-0.00356,298.42,0.38,0.36,2023-05-08,0155,N,VIIRS,n,2,285.48,0.88,N,2
40.57647,0.54536,298.91,0.38,0.36,2023-05-08,0155,N,VIIRS,n,2,288.45,0.49,N,2
40.72573,-3.52199,338.61,0.4,0.37,2023-05-08,1317,N,VIIRS,n,2,302.77,9.93,D,0
40.72174,-3.52588,343.25,0.4,0.37,2023-05-08,1317,N,VIIRS,n,2,302.92,7.83,D,0
40.72844,-3.52748,332.36,0.4,0.37,2023-05-08,1317,N,VIIRS,n,2,301.44,9.93,D,0
40.72908,-3.52279,345.83,0.4,0.37,2023-05-08,1317,N,VIIRS,n,2,304.05,9.93,D,0
40.72509,-3.52668,347.31,0.4,0.37,2023-05-08,1317,N,VIIRS,n,2,302.44,9.93,D,0
41.3135,1.66109,318.94,0.45,0.39,2023-05-09,0135,N,VIIRS,n,2,286.97,3,N,2
41.45544,1.97852,301.65,0.44,0.39,2023-05-09,0135,N,VIIRS,n,2,285.96,1.03,N,2
39.56641,2.68889,298.66,0.41,0.37,2023-05-09,0136,N,VIIRS,n,2,287.07,0.45,N,0
41.31264,1.65996,325.86,0.45,0.39,2023-05-09,0136,N,VIIRS,n,2,286.91,3.07,N,2
39.65723,2.79309,303.82,0.41,0.37,2023-05-09,0136,N,VIIRS,n,2,284.72,0.75,N,0
39.65639,2.79463,298.52,0.41,0.37,2023-05-09,0136,N,VIIRS,n,2,283.81,0.3,N,0
37.17419,-6.89614,305.16,0.35,0.57,2023-05-09,0137,N,VIIRS,n,2,287.59,0.95,N,0
37.24866,-6.75333,300.86,0.35,0.57,2023-05-09,0137,N,VIIRS,n,2,287.12,0.31,N,0
37.28611,-6.7121,322.62,0.51,0.66,2023-05-09,0317,N,VIIRS,n,2,286.77,2.08,N,0
37.17815,-6.88997,299.65,0.5,0.66,2023-05-09,0317,N,VIIRS,n,2,287.85,0.56,N,0
28.61514,-17.86913,302.84,0.39,0.44,2023-05-09,0320,N,VIIRS,n,2,291.74,1.06,N,2
40.06301,-6.73212,331.36,0.39,0.44,2023-05-09,1259,N,VIIRS,l,2,302.44,1.64,D,0
43.22219,-2.88164,295.04,0.43,0.62,2023-05-10,0116,N,VIIRS,n,2,281.66,1.09,N,0
43.5404,-5.83,297.69,0.61,0.71,2023-05-10,0116,N,VIIRS,n,2,281.31,0.96,N,2
43.52637,-5.7293,296.52,0.6,0.71,2023-05-10,0116,N,VIIRS,n,2,280.12,1.95,N,2
41.0449,0.95353,295.23,0.53,0.5,2023-05-10,0117,N,VIIRS,n,2,279.36,0.35,N,0
43.54314,-5.83755,296.42,0.45,0.47,2023-05-10,0257,N,VIIRS,n,2,281.98,0.88,N,2
39.79325,-5.2591,317.04,0.59,0.53,2023-05-10,0258,N,VIIRS,n,2,264.72,1.69,N,0
37.43679,-5.69909,300.24,0.32,0.55,2023-05-10,0258,N,VIIRS,n,2,288.33,0.42,N,0
37.57127,-1.29786,336.3,0.4,0.44,2023-05-10,1239,N,VIIRS,n,2,301.58,3.16,D,0
37.57528,-1.29911,352.74,0.4,0.44,2023-05-10,1239,N,VIIRS,n,2,302.43,3.16,D,0
41.31316,1.65816,298.61,0.43,0.62,2023-05-11,0058,N,VIIRS,n,2,284.46,1.3,N,0
41.31443,1.65959,304.58,0.35,0.56,2023-05-11,0238,N,VIIRS,n,2,284.69,1.71,N,2
41.31339,1.66348,308.34,0.35,0.56,2023-05-11,0238,N,VIIRS,n,2,284.32,1.28,N,2
43.34751,-8.43556,303.79,0.39,0.36,2023-05-11,0238,N,VIIRS,n,2,283.37,0.54,N,2
42.55148,-6.76686,297.12,0.42,0.38,2023-05-11,0238,N,VIIRS,n,2,274.66,0.37,N,0
37.22223,-4.67762,298.29,0.42,0.45,2023-05-11,0240,N,VIIRS,n,2,286.09,0.72,N,0
37.28441,-4.8631,304.13,0.41,0.45,2023-05-11,0240,N,VIIRS,n,2,286.69,0.74,N,0
36.55643,-5.90058,336.36,0.64,0.72,2023-05-11,1220,N,VIIRS,n,2,299,7.79,D,0
38.85578,-0.49339,341.88,0.59,0.53,2023-05-11,1220,N,VIIRS,n,2,291.79,10.25,D,0
37.64591,-4.04917,341.77,0.48,0.65,2023-05-11,1220,N,VIIRS,n,2,302.17,5.47,D,0
38.91622,-2.55358,335.45,0.38,0.59,2023-05-11,1221,N,VIIRS,n,2,303.34,3.43,D,0
38.91219,-2.54701,336.9,0.38,0.59,2023-05-11,1221,N,VIIRS,n,2,300.03,1.21,D,0
38.9146,-2.54567,340.34,0.38,0.58,2023-05-11,1221,N,VIIRS,n,2,302.13,4.12,D,0
38.78175,-6.55318,350.9,0.6,0.71,2023-05-11,1221,N,VIIRS,n,2,302.62,3.76,D,0
38.77971,-6.55969,344.98,0.6,0.71,2023-05-11,1221,N,VIIRS,n,2,303.08,3.76,D,0
37.64462,-4.0531,336.05,0.36,0.57,2023-05-11,1401,N,VIIRS,l,2,308.38,3.72,D,0
43.52726,-5.7279,296.94,0.39,0.36,2023-05-12,0219,N,VIIRS,n,2,283.3,0.73,N,2
43.54279,-5.83285,317.85,0.39,0.36,2023-05-12,0219,N,VIIRS,n,2,282.6,1.48,N,2
43.54963,-5.85587,299.4,0.39,0.36,2023-05-12,0219,N,VIIRS,n,2,281.33,0.59,N,0
43.52467,-5.73359,330.42,0.39,0.36,2023-05-12,0219,N,VIIRS,n,2,284.1,4.09,N,2
42.55211,-6.76968,298.15,0.4,0.37,2023-05-12,0219,N,VIIRS,n,2,281.99,0.68,N,0
43.53949,-5.83377,320.4,0.39,0.36,2023-05-12,0219,N,VIIRS,n,2,282.61,2.38,N,2
43.55033,-5.86066,301.53,0.39,0.36,2023-05-12,0219,N,VIIRS,n,2,281.05,0.59,N,0
38.66759,-4.05172,299.37,0.41,0.37,2023-05-12,0220,N,VIIRS,n,2,284.73,1.44,N,2
37.36079,-5.86303,304.79,0.39,0.36,2023-05-12,0221,N,VIIRS,n,2,289.13,0.35,N,2
38.54436,-6.41221,304.44,0.38,0.36,2023-05-12,0221,N,VIIRS,n,2,281.74,0.56,N,0
37.37318,-4.99351,302.36,0.4,0.37,2023-05-12,0221,N,VIIRS,n,2,284.82,0.6,N,0
37.36983,-4.99442,308.52,0.4,0.37,2023-05-12,0221,N,VIIRS,n,2,285.68,0.6,N,0
39.27933,-5.22702,344.18,0.55,0.43,2023-05-12,1342,N,VIIRS,n,2,310.63,5.31,D,0
39.27998,-5.22058,336.49,0.55,0.43,2023-05-12,1342,N,VIIRS,l,2,310.17,5.31,D,0
37.26353,-6.27886,340.34,0.47,0.4,2023-05-12,1342,N,VIIRS,n,2,310.99,2.63,D,0
43.22701,-2.87976,297.47,0.42,0.37,2023-05-13,0200,N,VIIRS,n,2,280.6,0.6,N,0
43.22358,-2.88061,295.46,0.42,0.37,2023-05-13,0200,N,VIIRS,n,2,280.11,0.6,N,2
43.54142,-5.83302,334.56,0.53,0.42,2023-05-13,0200,N,VIIRS,n,2,280.7,3.48,N,2
42.81513,-1.73974,295.41,0.39,0.36,2023-05-13,0200,N,VIIRS,n,2,279.54,1.26,N,2
41.92471,0.17903,296.81,0.39,0.36,2023-05-13,0200,N,VIIRS,n,2,279.58,0.65,N,2
43.53757,-5.83379,302.52,0.53,0.42,2023-05-13,0200,N,VIIRS,n,2,277.74,3.48,N,2
43.54074,-5.83284,338.79,0.53,0.42,2023-05-13,0200,N,VIIRS,n,2,280.21,6.03,N,2
41.98413,-3.55985,308.42,0.42,0.38,2023-05-13,0201,N,VIIRS,n,2,276.42,0.89,N,0
39.95263,-0.00453,298.83,0.39,0.36,2023-05-13,0201,N,VIIRS,n,2,288.63,1.33,N,2
41.4758,-1.48836,301.2,0.39,0.36,2023-05-13,0201,N,VIIRS,n,2,282.52,0.79,N,2
37.35847,-6.67276,296.38,0.49,0.4,2023-05-13,0202,N,VIIRS,n,2,285.79,0.33,N,0
36.17962,-5.42562,303.32,0.43,0.38,2023-05-13,0202,N,VIIRS,n,2,289.49,0.87,N,2
37.26436,-6.28039,308.57,0.47,0.4,2023-05-13,0202,N,VIIRS,n,2,286.31,0.99,N,0
39.34439,-3.36169,336.01,0.43,0.38,2023-05-13,1323,N,VIIRS,l,2,309.56,4.09,D,0
39.29304,-0.48817,335.78,0.55,0.43,2023-05-13,1323,N,VIIRS,n,2,299.27,3.41,D,0
39.34378,-3.36662,340.23,0.43,0.38,2023-05-13,1323,N,VIIRS,l,2,310.7,4.63,D,0
38.88781,-6.90931,336.91,0.39,0.36,2023-05-13,1323,N,VIIRS,l,2,307.69,2.09,D,0
42.42697,-8.37245,305.19,0.39,0.59,2023-05-14,0142,N,VIIRS,n,2,280.1,0.73,N,0
42.55337,-6.77007,296.27,0.32,0.55,2023-05-14,0142,N,VIIRS,n,2,280.46,0.58,N,0
42.55048,-6.76893,301.57,0.32,0.55,2023-05-14,0142,N,VIIRS,n,2,278.16,0.6,N,0
42.43252,-8.37256,298.39,0.39,0.59,2023-05-14,0142,N,VIIRS,n,2,280.02,0.73,N,0
42.42764,-8.3743,306.58,0.39,0.59,2023-05-14,0142,N,VIIRS,n,2,280.23,1.25,N,0
41.45522,1.97865,303.24,0.4,0.37,2023-05-14,0142,N,VIIRS,n,2,284.42,1.06,N,2
41.4074,1.9967,298.38,0.4,0.37,2023-05-14,0142,N,VIIRS,n,2,283.2,0.33,N,2
39.95205,-0.00492,297.93,0.44,0.38,2023-05-14,0142,N,VIIRS,n,2,287.48,1.27,N,2
40.24102,-5.73421,340.86,0.54,0.51,2023-05-14,0142,N,VIIRS,n,2,288.58,10.92,N,0
40.2406,-5.72872,312.73,0.54,0.51,2023-05-14,0142,N,VIIRS,n,2,284.13,10.92,N,0
40.23642,-5.73615,338.47,0.54,0.51,2023-05-14,0142,N,VIIRS,n,2,282.9,5.45,N,0
40.23597,-5.73034,310.92,0.54,0.51,2023-05-14,0142,N,VIIRS,n,2,282.1,5.45,N,0
37.36541,-7.02523,316,0.59,0.53,2023-05-14,0143,N,VIIRS,n,2,284.57,4.81,N,0
37.63052,-5.24366,310.05,0.48,0.48,2023-05-14,0143,N,VIIRS,n,2,283.18,0.87,N,0
37.35951,-7.01232,324.15,0.59,0.53,2023-05-14,0143,N,VIIRS,n,2,283.78,2.48,N,0
38.55917,-5.17352,295.51,0.67,0.73,2023-05-14,0323,N,VIIRS,n,2,276.67,0.88,N,0
37.62738,-5.24421,295.24,0.7,0.75,2023-05-14,0323,N,VIIRS,n,2,280.38,0.39,N,0
40.24725,-3.47723,298.53,0.37,0.58,2023-05-15,0123,N,VIIRS,n,2,277.49,1.46,N,2
38.66703,-4.05176,296.04,0.38,0.59,2023-05-15,0124,N,VIIRS,n,2,281.84,0.55,N,2
38.66728,-4.05632,295.34,0.38,0.59,2023-05-15,0124,N,VIIRS,n,2,284.56,0.95,N,0
37.57092,-0.91721,298.72,0.5,0.49,2023-05-15,0124,N,VIIRS,n,2,287.63,0.88,N,2
41.92628,0.17892,346.43,0.56,0.69,2023-05-15,0303,N,VIIRS,n,2,279.83,5.64,N,2
41.92244,0.17583,316.06,0.56,0.69,2023-05-15,0303,N,VIIRS,n,2,278.64,2.95,N,0
41.50684,0.39835,296.09,0.59,0.7,2023-05-15,0303,N,VIIRS,n,2,279.22,0.62,N,0
41.92841,0.17917,330.22,0.56,0.69,2023-05-15,0303,N,VIIRS,n,2,278.34,2.95,N,0
37.57167,-0.91281,296.77,0.67,0.74,2023-05-15,0304,N,VIIRS,n,2,284.98,1,N,2
40.24571,-3.47464,330.59,0.57,0.43,2023-05-15,1246,N,VIIRS,l,2,304.23,2.95,D,2
37.2182,-6.04663,352.89,0.62,0.71,2023-05-15,1426,N,VIIRS,n,2,301.78,23.32,D,0
37.2184,-6.03939,367,0.62,0.71,2023-05-15,1426,N,VIIRS,h,2,300.63,29.38,D,0
37.22509,-6.03958,367,0.62,0.71,2023-05-15,1426,N,VIIRS,h,2,302.36,38.16,D,0
37.2249,-6.04679,354.83,0.62,0.71,2023-05-15,1426,N,VIIRS,n,2,299.42,22.95,D,0
37.22122,-6.04138,367,0.62,0.71,2023-05-15,1426,N,VIIRS,h,2,308.75,37.01,D,0
37.22107,-6.04861,352.12,0.62,0.71,2023-05-15,1426,N,VIIRS,n,2,302.7,37.01,D,0
41.31341,1.66189,296.31,0.36,0.57,2023-05-16,0104,N,VIIRS,n,2,272.36,0.68,N,2
40.2468,-3.47897,306.35,0.65,0.73,2023-05-16,0104,N,VIIRS,n,2,281.03,1.89,N,2
42.55341,-6.77011,295.31,0.48,0.4,2023-05-16,0244,N,VIIRS,n,2,279.89,0.69,N,0
40.2469,-3.47588,318.19,0.49,0.49,2023-05-16,0245,N,VIIRS,n,2,283.48,2.96,N,2
37.35835,-5.8641,299.73,0.43,0.46,2023-05-16,0246,N,VIIRS,n,2,287.9,0.85,N,2
37.49886,-4.91251,296.17,0.48,0.48,2023-05-16,0246,N,VIIRS,n,2,284.47,0.68,N,0
37.50008,-4.91788,301.48,0.48,0.48,2023-05-16,0246,N,VIIRS,n,2,284.36,0.9,N,0
40.24475,-3.47201,339.91,0.32,0.55,2023-05-16,1227,N,VIIRS,n,2,305.06,2.56,D,2
41.92673,0.22258,334.21,0.39,0.44,2023-05-16,1227,N,VIIRS,n,2,304.18,1.37,D,0
37.26669,-6.13372,367,0.53,0.67,2023-05-16,1227,N,VIIRS,h,2,294.33,35.37,D,0
37.26498,-6.13962,350.05,0.53,0.67,2023-05-16,1227,N,VIIRS,n,2,288.96,35.37,D,0
38.75713,-7.14517,367,0.54,0.68,2023-05-16,1227,N,VIIRS,h,2,299.18,16.74,D,0
38.75308,-7.13603,357.23,0.54,0.68,2023-05-16,1227,N,VIIRS,l,2,299.28,12.67,D,0
38.81319,-6.84276,354.48,0.52,0.67,2023-05-16,1227,N,VIIRS,n,2,295.39,9.56,D,0
38.65049,-6.74213,367,0.52,0.67,2023-05-16,1227,N,VIIRS,h,2,298.77,15.61,D,0
37.26839,-6.12783,356.77,0.52,0.67,2023-05-16,1227,N,VIIRS,l,2,284.97,30.76,D,0
38.65216,-6.73644,367,0.52,0.67,2023-05-16,1227,N,VIIRS,h,2,298.98,17.67,D,0
39.0088,-0.49831,335.08,0.49,0.49,2023-05-16,1227,N,VIIRS,n,2,300.95,2.46,D,0
37.87104,-4.89989,336.87,0.44,0.62,2023-05-16,1227,N,VIIRS,n,2,305.5,5.54,D,0
37.86545,-4.89778,352.64,0.44,0.62,2023-05-16,1227,N,VIIRS,n,2,311.92,17.1,D,0
37.86682,-4.89288,367,0.44,0.62,2023-05-16,1227,N,VIIRS,h,2,303.71,17.1,D,0
37.86926,-4.90128,351.3,0.44,0.62,2023-05-16,1227,N,VIIRS,n,2,303.32,5.59,D,0
37.87061,-4.89636,347.13,0.44,0.62,2023-05-16,1227,N,VIIRS,n,2,305.92,5.59,D,0
37.8637,-4.89908,344.67,0.44,0.62,2023-05-16,1227,N,VIIRS,n,2,302.48,12.57,D,0
37.86505,-4.89416,367,0.44,0.62,2023-05-16,1227,N,VIIRS,h,2,311.99,12.57,D,0
37.27028,-6.14153,334.45,0.53,0.67,2023-05-16,1227,N,VIIRS,n,2,292.71,28.97,D,0
37.272,-6.13572,353.2,0.52,0.67,2023-05-16,1227,N,VIIRS,n,2,294.47,22.91,D,0
37.27372,-6.12984,346.74,0.52,0.67,2023-05-16,1227,N,VIIRS,n,2,290.94,22.91,D,0
37.26435,-6.13893,342.68,0.53,0.67,2023-05-16,1227,N,VIIRS,n,2,296.27,28.97,D,0
37.26781,-6.12722,343.81,0.52,0.67,2023-05-16,1227,N,VIIRS,n,2,283.64,22.91,D,0
37.26609,-6.13304,367,0.52,0.67,2023-05-16,1227,N,VIIRS,h,2,296.81,22.91,D,0
37.27258,-6.13641,344.26,0.53,0.67,2023-05-16,1227,N,VIIRS,n,2,292.2,10.61,D,0
37.27428,-6.13051,339.58,0.52,0.67,2023-05-16,1227,N,VIIRS,n,2,289.61,10.64,D,0
38.75893,-7.13914,357.27,0.54,0.68,2023-05-16,1227,N,VIIRS,l,2,298.78,12.67,D,0
41.25645,1.25202,339.05,0.54,0.42,2023-05-16,1227,N,VIIRS,n,2,306.86,9.75,D,0
41.25598,1.25057,340.14,0.54,0.42,2023-05-16,1227,N,VIIRS,n,2,305.93,8.77,D,0
37.26667,-6.13542,367,0.33,0.56,2023-05-16,1407,N,VIIRS,h,2,311.83,21.84,D,0
37.26642,-6.13921,343.56,0.33,0.56,2023-05-16,1407,N,VIIRS,n,2,304.59,7.39,D,0
37.27233,-6.12833,367,0.33,0.56,2023-05-16,1407,N,VIIRS,h,2,308.13,23.85,D,0
37.27209,-6.13215,367,0.33,0.56,2023-05-16,1407,N,VIIRS,h,2,311.23,21.84,D,0
37.27185,-6.13592,350.2,0.33,0.56,2023-05-16,1407,N,VIIRS,n,2,313.16,21.84,D,0
37.27161,-6.13973,339.73,0.33,0.56,2023-05-16,1407,N,VIIRS,n,2,301.43,7.39,D,0
37.27727,-6.13262,347.7,0.33,0.56,2023-05-16,1407,N,VIIRS,n,2,301.3,4.72,D,0
37.27703,-6.13642,346.03,0.33,0.56,2023-05-16,1407,N,VIIRS,n,2,302.39,4.72,D,0
37.38636,-6.38569,349.73,0.32,0.55,2023-05-16,1407,N,VIIRS,n,2,280.67,9.35,D,0
37.3861,-6.38945,357.2,0.32,0.55,2023-05-16,1407,N,VIIRS,l,2,280.53,10.34,D,0
37.73842,-1.22817,337.42,0.63,0.72,2023-05-16,1407,N,VIIRS,n,2,302.8,1.57,D,0
38.69048,-6.41191,367,0.33,0.56,2023-05-16,1407,N,VIIRS,h,2,310.06,6.62,D,0
37.26149,-6.13488,367,0.33,0.56,2023-05-16,1407,N,VIIRS,h,2,304.2,15.33,D,0
37.26125,-6.13869,367,0.33,0.56,2023-05-16,1407,N,VIIRS,h,2,301.39,10.21,D,0
37.26691,-6.13165,352.59,0.33,0.56,2023-05-16,1407,N,VIIRS,n,2,305.86,21.84,D,0
43.52598,-5.7324,297.44,0.39,0.36,2023-05-17,0225,N,VIIRS,n,2,276.19,0.72,N,2
43.54204,-5.83149,298.86,0.39,0.36,2023-05-17,0225,N,VIIRS,n,2,281.93,1.73,N,2
43.5285,-5.72667,296.19,0.39,0.36,2023-05-17,0225,N,VIIRS,n,2,276.36,0.43,N,2
43.52926,-5.73139,308.28,0.39,0.36,2023-05-17,0225,N,VIIRS,n,2,276.05,1.24,N,2
43.53178,-5.72566,300.07,0.39,0.36,2023-05-17,0225,N,VIIRS,n,2,277.91,0.43,N,2
43.5227,-5.7334,299.7,0.39,0.36,2023-05-17,0225,N,VIIRS,n,2,273.86,0.72,N,2
43.53876,-5.83249,329.21,0.39,0.36,2023-05-17,0225,N,VIIRS,n,2,280.77,1.73,N,2
43.52522,-5.72768,297.3,0.39,0.36,2023-05-17,0225,N,VIIRS,n,2,276.92,0.52,N,2
41.40492,2.00031,296.22,0.5,0.49,2023-05-17,0225,N,VIIRS,n,2,282.77,1.11,N,2
43.34723,-8.43533,300.77,0.4,0.37,2023-05-17,0225,N,VIIRS,n,2,282.67,0.79,N,2
41.31071,1.65972,295.02,0.48,0.48,2023-05-17,0226,N,VIIRS,n,2,279.36,0.87,N,2
40.24411,-3.47522,323.36,0.46,0.39,2023-05-17,0226,N,VIIRS,n,2,283.87,3.09,N,2
41.31501,1.66152,296.11,0.48,0.48,2023-05-17,0226,N,VIIRS,n,2,281.18,0.83,N,2
39.02393,-1.53558,327.38,0.48,0.65,2023-05-17,1208,N,VIIRS,n,2,284.25,4.54,D,0
38.93844,-0.23174,331.7,0.41,0.61,2023-05-17,1208,N,VIIRS,n,2,291.66,2.77,D,0
41.49945,0.66571,367,0.47,0.64,2023-05-17,1349,N,VIIRS,h,2,306.24,6.35,D,0
43.52567,-5.72532,325.14,0.46,0.47,2023-05-17,1350,N,VIIRS,l,2,298.76,2.07,D,2
43.52472,-5.73694,340.18,0.46,0.47,2023-05-17,1350,N,VIIRS,n,2,298.54,8.92,D,2
43.53168,-5.72909,304.29,0.45,0.39,2023-05-18,0206,N,VIIRS,n,2,282.19,1.01,N,2
43.44167,-3.84244,296.8,0.4,0.37,2023-05-18,0206,N,VIIRS,n,2,285.93,0.52,N,2
40.30613,-6.35406,349.95,0.44,0.39,2023-05-18,0207,N,VIIRS,n,2,307.29,38.79,N,0
40.30677,-6.35918,352.11,0.44,0.39,2023-05-18,0207,N,VIIRS,n,2,289.24,53.01,N,0
40.30741,-6.36433,338.67,0.45,0.39,2023-05-18,0207,N,VIIRS,n,2,299.17,53.01,N,0
40.30775,-6.33782,297.86,0.44,0.39,2023-05-18,0207,N,VIIRS,n,2,283.1,6.37,N,0
40.30838,-6.34288,357.65,0.44,0.39,2023-05-18,0207,N,VIIRS,n,2,294.07,6.37,N,0
40.30902,-6.34796,356.09,0.44,0.39,2023-05-18,0207,N,VIIRS,n,2,316.04,23.34,N,0
40.30965,-6.35308,355.1,0.44,0.39,2023-05-18,0207,N,VIIRS,n,2,309.73,23.34,N,0
40.31029,-6.35818,345.07,0.44,0.39,2023-05-18,0207,N,VIIRS,n,2,292.45,20.72,N,0
40.31092,-6.36332,348.6,0.45,0.39,2023-05-18,0207,N,VIIRS,n,2,293.28,20.72,N,0
40.31771,-6.33014,343.1,0.44,0.39,2023-05-18,0207,N,VIIRS,n,2,292.27,7.33,N,0
40.32057,-6.32392,348.37,0.44,0.39,2023-05-18,0207,N,VIIRS,n,2,290.09,54.84,N,0
40.32123,-6.32919,330.15,0.44,0.39,2023-05-18,0207,N,VIIRS,n,2,320.6,54.84,N,0
40.32191,-6.33462,349.75,0.44,0.39,2023-05-18,0207,N,VIIRS,n,2,316.84,37.98,N,0
40.32257,-6.33992,326.96,0.44,0.39,2023-05-18,0207,N,VIIRS,n,2,283.76,37.98,N,0
40.32474,-6.3282,367,0.44,0.39,2023-05-18,0207,N,VIIRS,h,2,325.11,54.84,N,0
40.32543,-6.33367,323.67,0.44,0.39,2023-05-18,0207,N,VIIRS,n,2,284.45,37.98,N,0
40.32825,-6.32716,298.07,0.44,0.39,2023-05-18,0207,N,VIIRS,n,2,282.03,0.58,N,0
40.24611,-3.47491,322.28,0.39,0.36,2023-05-18,0207,N,VIIRS,n,2,284.87,2.23,N,2
41.47476,-1.48839,302.27,0.39,0.36,2023-05-18,0207,N,VIIRS,n,2,283.54,0.93,N,2
41.6056,-1.27235,302.39,0.39,0.36,2023-05-18,0207,N,VIIRS,n,2,281.31,0.29,N,0
41.31116,1.65915,298.95,0.45,0.39,2023-05-18,0207,N,VIIRS,n,2,282.04,0.93,N,2
41.31468,1.66035,307.09,0.45,0.39,2023-05-18,0207,N,VIIRS,n,2,284.75,0.93,N,2
41.40769,1.99953,305.13,0.47,0.39,2023-05-18,0207,N,VIIRS,n,2,284.09,1.07,N,2
41.92337,0.17928,301.53,0.41,0.37,2023-05-18,0207,N,VIIRS,n,2,282.91,0.81,N,2
43.3446,-8.43509,305.71,0.39,0.44,2023-05-18,0207,N,VIIRS,n,2,283.66,0.91,N,2
42.81369,-1.74295,310.78,0.38,0.36,2023-05-18,0207,N,VIIRS,n,2,280.5,1.2,N,2
43.03403,-2.21881,316.53,0.38,0.36,2023-05-18,0207,N,VIIRS,n,2,283.29,1.83,N,2
40.30196,-6.34974,306.53,0.44,0.39,2023-05-18,0207,N,VIIRS,n,2,282.74,38.79,N,0
40.3055,-6.34891,330.09,0.44,0.39,2023-05-18,0207,N,VIIRS,n,2,302.77,38.79,N,0
40.31837,-6.33544,356.64,0.44,0.39,2023-05-18,0207,N,VIIRS,n,2,288.36,11.07,N,0
40.31129,-6.33695,341.13,0.44,0.39,2023-05-18,0207,N,VIIRS,n,2,286.12,6.37,N,0
40.31192,-6.34202,336.73,0.44,0.39,2023-05-18,0207,N,VIIRS,n,2,288.24,6.37,N,0
40.31255,-6.34705,339.64,0.44,0.39,2023-05-18,0207,N,VIIRS,n,2,291.38,23.34,N,0
40.31318,-6.35217,350.24,0.44,0.39,2023-05-18,0207,N,VIIRS,n,2,292.68,23.34,N,0
40.31705,-6.32488,305.05,0.44,0.39,2023-05-18,0207,N,VIIRS,n,2,284.39,7.33,N,0
40.31902,-6.34065,318.63,0.44,0.39,2023-05-18,0207,N,VIIRS,n,2,283.61,11.07,N,0
41.21706,-0.33935,338.3,0.61,0.71,2023-05-18,1150,N,VIIRS,n,2,294.45,3.43,D,0
40.3261,-6.34896,335.2,0.4,0.37,2023-05-18,1330,N,VIIRS,n,2,291.9,6.66,D,0
40.32863,-6.33028,346.81,0.4,0.37,2023-05-18,1330,N,VIIRS,n,2,315.8,77.08,D,0
40.32989,-6.32104,337.13,0.4,0.37,2023-05-18,1330,N,VIIRS,n,2,311.61,8.79,D,0
40.32802,-6.3348,367,0.4,0.37,2023-05-18,1330,N,VIIRS,h,2,343.28,77.08,D,0
40.32141,-6.35788,367,0.4,0.37,2023-05-18,1330,N,VIIRS,l,2,358.54,149.45,D,0
40.32467,-6.33398,347.86,0.4,0.37,2023-05-18,1330,N,VIIRS,n,2,314.9,16.93,D,0
40.3259,-6.32483,346.57,0.4,0.37,2023-05-18,1330,N,VIIRS,n,2,312.37,19.38,D,0
40.32654,-6.32015,356.8,0.4,0.37,2023-05-18,1330,N,VIIRS,n,2,318.34,19.38,D,0
40.32208,-6.35298,367,0.4,0.37,2023-05-18,1330,N,VIIRS,h,2,348.66,141.91,D,0
40.32274,-6.34811,367,0.4,0.37,2023-05-18,1330,N,VIIRS,h,2,329.06,141.91,D,0
40.3234,-6.34331,367,0.4,0.37,2023-05-18,1330,N,VIIRS,h,2,316.31,65.7,D,0
40.32404,-6.33859,367,0.4,0.37,2023-05-18,1330,N,VIIRS,h,2,313.49,65.7,D,0
40.32067,-6.33779,347.27,0.4,0.37,2023-05-18,1330,N,VIIRS,n,2,312.69,65.7,D,0
40.32256,-6.32393,347.35,0.4,0.37,2023-05-18,1330,N,VIIRS,n,2,308.66,19.38,D,0
40.31807,-6.35698,367,0.4,0.37,2023-05-18,1330,N,VIIRS,h,2,328.08,149.45,D,0
40.31873,-6.35214,367,0.4,0.37,2023-05-18,1330,N,VIIRS,h,2,351.77,141.91,D,0
40.31938,-6.34731,367,0.4,0.37,2023-05-18,1330,N,VIIRS,h,2,344.19,141.91,D,0
40.32003,-6.34252,367,0.4,0.37,2023-05-18,1330,N,VIIRS,h,2,345,65.7,D,0
40.31601,-6.34656,341.37,0.4,0.37,2023-05-18,1330,N,VIIRS,n,2,300.13,9.01,D,0
40.31667,-6.34177,339.3,0.4,0.37,2023-05-18,1330,N,VIIRS,n,2,302.85,3.43,D,0
40.31136,-6.35526,340.15,0.4,0.37,2023-05-18,1330,N,VIIRS,n,2,294.61,4.15,D,0
40.3133,-6.34101,332.79,0.4,0.37,2023-05-18,1330,N,VIIRS,l,2,306.11,3.43,D,0
40.31395,-6.33623,331.95,0.4,0.37,2023-05-18,1330,N,VIIRS,l,2,306.42,3.43,D,0
40.30547,-6.37311,332.32,0.4,0.37,2023-05-18,1330,N,VIIRS,n,2,295.57,36.85,D,0
40.30674,-6.36375,354.05,0.4,0.37,2023-05-18,1330,N,VIIRS,n,2,300.54,86.57,D,0
40.30994,-6.34018,347.57,0.4,0.37,2023-05-18,1330,N,VIIRS,n,2,306.61,11.22,D,0
40.31059,-6.33543,347.21,0.4,0.37,2023-05-18,1330,N,VIIRS,n,2,306.98,11.22,D,0
40.30611,-6.36842,367,0.4,0.37,2023-05-18,1330,N,VIIRS,h,2,332.79,86.57,D,0
40.30275,-6.36758,367,0.4,0.37,2023-05-18,1330,N,VIIRS,l,2,332.28,86.57,D,0
40.30083,-6.3817,350.88,0.4,0.37,2023-05-18,1330,N,VIIRS,n,2,288.15,9.55,D,0
40.30148,-6.377,346.68,0.4,0.37,2023-05-18,1330,N,VIIRS,n,2,290.69,36.85,D,0
40.30212,-6.37228,342.69,0.4,0.37,2023-05-18,1330,N,VIIRS,n,2,308.29,36.85,D,0
40.30339,-6.36289,350.8,0.4,0.37,2023-05-18,1330,N,VIIRS,n,2,311.67,86.57,D,0
40.30403,-6.35818,335.18,0.4,0.37,2023-05-18,1330,N,VIIRS,n,2,293.35,7.51,D,0
40.30466,-6.35346,341.62,0.4,0.37,2023-05-18,1330,N,VIIRS,n,2,296.71,7.51,D,0
40.30594,-6.34406,335.62,0.4,0.37,2023-05-18,1330,N,VIIRS,n,2,303.54,5.55,D,0
40.30723,-6.33459,331.58,0.4,0.37,2023-05-18,1330,N,VIIRS,n,2,302.77,11.22,D,0
40.30659,-6.33931,367,0.4,0.37,2023-05-18,1330,N,VIIRS,h,2,310.31,11.22,D,0
40.29811,-6.37618,367,0.4,0.37,2023-05-18,1330,N,VIIRS,l,2,326.36,177.68,D,0
40.29939,-6.36677,347.1,0.4,0.37,2023-05-18,1330,N,VIIRS,n,2,316.23,43.82,D,0
40.30003,-6.36208,355.89,0.4,0.37,2023-05-18,1330,N,VIIRS,n,2,307.65,43.82,D,0
40.30195,-6.34795,356.46,0.4,0.37,2023-05-18,1330,N,VIIRS,n,2,315.34,15.23,D,0
40.30259,-6.34322,351.43,0.4,0.37,2023-05-18,1330,N,VIIRS,n,2,306.49,15.23,D,0
40.30323,-6.33847,334.02,0.4,0.37,2023-05-18,1330,N,VIIRS,n,2,303.13,3.16,D,0
40.30131,-6.35267,367,0.4,0.37,2023-05-18,1330,N,VIIRS,h,2,302.8,103.27,D,0
40.29412,-6.38011,336.87,0.4,0.37,2023-05-18,1330,N,VIIRS,n,2,289.94,79.57,D,0
40.29603,-6.36599,335.79,0.4,0.37,2023-05-18,1330,N,VIIRS,n,2,291.79,43.82,D,0
40.29667,-6.3613,341.73,0.4,0.37,2023-05-18,1330,N,VIIRS,n,2,308.27,43.82,D,0
40.29795,-6.35189,344.7,0.4,0.37,2023-05-18,1330,N,VIIRS,n,2,311.71,103.27,D,0
40.29731,-6.35661,367,0.4,0.37,2023-05-18,1330,N,VIIRS,h,2,369.53,103.27,D,0
40.32676,-6.34413,352.48,0.4,0.37,2023-05-18,1330,N,VIIRS,n,2,307.07,112.39,D,0
40.33475,-6.33638,345.27,0.4,0.37,2023-05-18,1330,N,VIIRS,n,2,295.99,17.21,D,0
40.33537,-6.33183,357.28,0.4,0.37,2023-05-18,1330,N,VIIRS,n,2,303.19,17.21,D,0
40.33598,-6.32727,346.78,0.4,0.37,2023-05-18,1330,N,VIIRS,n,2,301.11,9.5,D,0
40.33138,-6.3356,367,0.4,0.37,2023-05-18,1330,N,VIIRS,l,2,360,77.08,D,0
40.332,-6.33107,350.76,0.4,0.37,2023-05-18,1330,N,VIIRS,l,2,336.81,77.08,D,0
40.33324,-6.32188,338.77,0.4,0.37,2023-05-18,1330,N,VIIRS,n,2,308.52,8.79,D,0
40.33262,-6.3265,367,0.4,0.37,2023-05-18,1330,N,VIIRS,h,2,323.12,8.79,D,0
40.32475,-6.35882,354.26,0.4,0.37,2023-05-18,1330,N,VIIRS,n,2,295.82,41.74,D,0
40.32543,-6.35387,333.55,0.4,0.37,2023-05-18,1330,N,VIIRS,n,2,290.3,6.66,D,0
43.52539,-5.73434,333.11,0.44,0.38,2023-05-18,1331,N,VIIRS,n,2,273.69,2.76,D,2
40.2631,-6.42622,329.81,0.49,0.48,2023-05-19,0148,N,VIIRS,n,2,290.4,2.75,N,0
40.26226,-6.41573,324.53,0.49,0.48,2023-05-19,0148,N,VIIRS,n,2,289.72,5.86,N,0
40.26183,-6.41033,356.27,0.49,0.48,2023-05-19,0148,N,VIIRS,n,2,302.34,21.81,N,0
40.27408,-6.56376,301.37,0.49,0.49,2023-05-19,0148,N,VIIRS,n,2,280.61,1.56,N,0
40.2737,-6.55908,318.99,0.49,0.49,2023-05-19,0148,N,VIIRS,n,2,280.5,3.46,N,0
40.2707,-6.52135,307.36,0.49,0.49,2023-05-19,0148,N,VIIRS,n,2,284.44,2.84,N,0
40.26655,-6.46908,311.31,0.49,0.48,2023-05-19,0148,N,VIIRS,n,2,279.86,5.79,N,0
40.26568,-6.45815,308.35,0.49,0.48,2023-05-19,0148,N,VIIRS,n,2,282.54,5.11,N,0
40.26396,-6.43677,302.75,0.49,0.48,2023-05-19,0148,N,VIIRS,n,2,283.72,2.75,N,0
40.2627,-6.42114,318.55,0.49,0.48,2023-05-19,0148,N,VIIRS,n,2,290.4,5.86,N,0
40.2692,-6.5599,342.11,0.49,0.49,2023-05-19,0148,N,VIIRS,n,2,277.16,10.4,N,0
40.26881,-6.55505,354.09,0.49,0.49,2023-05-19,0148,N,VIIRS,n,2,275.9,10.4,N,0
40.2684,-6.54989,367,0.49,0.49,2023-05-19,0148,N,VIIRS,h,2,275.85,17.31,N,0
40.26797,-6.54446,367,0.49,0.49,2023-05-19,0148,N,VIIRS,h,2,278.9,17.31,N,0
40.26752,-6.53881,348.07,0.49,0.49,2023-05-19,0148,N,VIIRS,n,2,282.57,4.6,N,0
40.2662,-6.52214,325.14,0.49,0.49,2023-05-19,0148,N,VIIRS,n,2,285.08,5.01,N,0
40.26574,-6.51624,345.9,0.49,0.49,2023-05-19,0148,N,VIIRS,n,2,288.1,78.42,N,0
40.26524,-6.50993,367,0.49,0.49,2023-05-19,0148,N,VIIRS,h,2,300.73,78.42,N,0
40.26298,-6.48124,351.36,0.49,0.49,2023-05-19,0148,N,VIIRS,n,2,299.23,113.17,N,0
40.2625,-6.47526,342.74,0.49,0.49,2023-05-19,0148,N,VIIRS,n,2,283.7,4.56,N,0
40.25954,-6.43832,323.93,0.49,0.48,2023-05-19,0148,N,VIIRS,n,2,290.63,5.74,N,0
40.25909,-6.43268,329.4,0.49,0.48,2023-05-19,0148,N,VIIRS,n,2,294.15,8.84,N,0
40.25193,-6.45671,351.55,0.49,0.48,2023-05-19,0148,N,VIIRS,n,2,303.08,17.17,N,0
40.2523,-6.46133,344.61,0.49,0.48,2023-05-19,0148,N,VIIRS,n,2,301.63,9.51,N,0
40.25267,-6.46604,339.68,0.49,0.48,2023-05-19,0148,N,VIIRS,n,2,299.11,9.51,N,0
40.25307,-6.47096,337.91,0.49,0.48,2023-05-19,0148,N,VIIRS,n,2,293.78,9.91,N,0
40.2535,-6.47636,339.47,0.49,0.49,2023-05-19,0148,N,VIIRS,n,2,284.71,9.91,N,0
40.25398,-6.48247,323.16,0.49,0.49,2023-05-19,0148,N,VIIRS,n,2,283.61,30.98,N,0
40.25866,-6.42728,331.98,0.49,0.48,2023-05-19,0148,N,VIIRS,n,2,294.49,8.84,N,0
40.25822,-6.42186,348.36,0.49,0.48,2023-05-19,0148,N,VIIRS,n,2,300.17,17.36,N,0
40.25779,-6.41651,329.64,0.49,0.48,2023-05-19,0148,N,VIIRS,n,2,288.2,17.36,N,0
40.27777,-6.55274,297.69,0.49,0.49,2023-05-19,0148,N,VIIRS,n,2,281.95,3.46,N,0
40.2617,-6.52287,345.47,0.49,0.49,2023-05-19,0148,N,VIIRS,n,2,286.63,5.01,N,0
40.26122,-6.51686,367,0.49,0.49,2023-05-19,0148,N,VIIRS,h,2,290.38,78.42,N,0
40.26072,-6.51037,367,0.49,0.49,2023-05-19,0148,N,VIIRS,h,2,295.71,78.42,N,0
40.26016,-6.50336,367,0.49,0.49,2023-05-19,0148,N,VIIRS,h,2,350.89,0,N,0
40.25899,-6.48833,339.8,0.49,0.49,2023-05-19,0148,N,VIIRS,n,2,321.25,113.17,N,0
40.26214,-6.52845,320.85,0.49,0.49,2023-05-19,0148,N,VIIRS,n,2,284,5.01,N,0
40.26303,-6.53962,339.83,0.49,0.49,2023-05-19,0148,N,VIIRS,n,2,282.03,4.6,N,0
40.26344,-6.54489,367,0.49,0.49,2023-05-19,0148,N,VIIRS,h,2,278.78,17.31,N,0
40.26385,-6.55013,367,0.49,0.49,2023-05-19,0148,N,VIIRS,h,2,276.39,17.31,N,0
40.26426,-6.5552,367,0.49,0.49,2023-05-19,0148,N,VIIRS,h,2,275.15,10.4,N,0
40.26464,-6.56006,343.75,0.49,0.49,2023-05-19,0148,N,VIIRS,n,2,276.28,10.4,N,0
40.26004,-6.4446,309.69,0.49,0.48,2023-05-19,0148,N,VIIRS,n,2,285.34,5.74,N,0
40.26046,-6.44975,306.12,0.49,0.48,2023-05-19,0148,N,VIIRS,n,2,284.55,2.25,N,0
40.26084,-6.45451,308.57,0.49,0.48,2023-05-19,0148,N,VIIRS,n,2,284.23,2.25,N,0
40.26121,-6.45908,308.19,0.49,0.48,2023-05-19,0148,N,VIIRS,n,2,282.68,3.22,N,0
40.26161,-6.46405,304.49,0.49,0.48,2023-05-19,0148,N,VIIRS,n,2,280.5,3.22,N,0
40.25449,-6.48895,350.73,0.49,0.49,2023-05-19,0148,N,VIIRS,n,2,304.42,30.98,N,0
40.25508,-6.49654,367,0.49,0.49,2023-05-19,0148,N,VIIRS,h,2,363.78,816.59,N,0
40.25618,-6.51059,357.6,0.49,0.49,2023-05-19,0148,N,VIIRS,n,2,315.85,202.42,N,0
40.25671,-6.51736,367,0.49,0.49,2023-05-19,0148,N,VIIRS,h,2,291.54,202.42,N,0
40.25719,-6.52353,350.41,0.49,0.49,2023-05-19,0148,N,VIIRS,n,2,287.85,7.87,N,0
40.25764,-6.52928,327.97,0.49,0.49,2023-05-19,0148,N,VIIRS,n,2,285.34,7.87,N,0
40.25808,-6.53484,324.37,0.49,0.49,2023-05-19,0148,N,VIIRS,n,2,281.65,3.71,N,0
40.25889,-6.5451,337.16,0.49,0.49,2023-05-19,0148,N,VIIRS,n,2,277.79,6.13,N,0
40.25931,-6.55026,355.94,0.49,0.49,2023-05-19,0148,N,VIIRS,n,2,276.84,6.13,N,0
40.25971,-6.55538,355.21,0.49,0.49,2023-05-19,0148,N,VIIRS,n,2,274.41,5.76,N,0
40.26009,-6.56015,333.43,0.49,0.49,2023-05-19,0148,N,VIIRS,n,2,275.77,5.76,N,0
40.25331,-6.41726,305.14,0.49,0.48,2023-05-19,0148,N,VIIRS,n,2,283.25,17.36,N,0
40.25601,-6.45098,310.03,0.49,0.48,2023-05-19,0148,N,VIIRS,n,2,286.43,2.25,N,0
40.25639,-6.45578,304.87,0.49,0.48,2023-05-19,0148,N,VIIRS,n,2,284.4,2.25,N,0
40.25676,-6.46031,312.3,0.49,0.48,2023-05-19,0148,N,VIIRS,n,2,286.18,3.22,N,0
40.25755,-6.47011,312.78,0.49,0.48,2023-05-19,0148,N,VIIRS,n,2,282.49,4.56,N,0
40.25799,-6.47566,308.76,0.49,0.49,2023-05-19,0148,N,VIIRS,n,2,280.54,4.56,N,0
40.26259,-6.53412,308.28,0.49,0.49,2023-05-19,0148,N,VIIRS,n,2,283.45,4.6,N,0
40.26502,-6.56478,315.52,0.49,0.49,2023-05-19,0148,N,VIIRS,n,2,279.56,2.19,N,0
40.26957,-6.56459,312.31,0.49,0.49,2023-05-19,0148,N,VIIRS,n,2,279.73,2.19,N,0
40.26707,-6.53317,301.24,0.49,0.49,2023-05-19,0148,N,VIIRS,n,2,284.13,4.6,N,0
40.26664,-6.5276,306.19,0.49,0.49,2023-05-19,0148,N,VIIRS,n,2,284.18,5.01,N,0
40.26205,-6.46953,305.85,0.49,0.48,2023-05-19,0148,N,VIIRS,n,2,280.01,4.56,N,0
40.26628,-6.40936,355.15,0.49,0.48,2023-05-19,0148,N,VIIRS,n,2,296.8,21.81,N,0
40.27202,-6.48057,351.25,0.49,0.49,2023-05-19,0148,N,VIIRS,n,2,297,192.71,N,0
40.27261,-6.48794,367,0.49,0.49,2023-05-19,0148,N,VIIRS,h,2,344.37,192.71,N,0
40.27374,-6.50234,367,0.49,0.49,2023-05-19,0148,N,VIIRS,h,2,294.46,1270.4,N,0
40.27425,-6.50876,327.38,0.49,0.49,2023-05-19,0148,N,VIIRS,n,2,285.08,32.66,N,0
40.2703,-6.40305,315.61,0.48,0.48,2023-05-19,0148,N,VIIRS,n,2,286.21,1.45,N,0
40.27115,-6.41347,308.6,0.49,0.48,2023-05-19,0148,N,VIIRS,n,2,284.31,1.22,N,0
40.27156,-6.41846,303.23,0.49,0.48,2023-05-19,0148,N,VIIRS,n,2,282.59,1.22,N,0
40.27198,-6.42371,303.15,0.49,0.48,2023-05-19,0148,N,VIIRS,n,2,281.43,1.22,N,0
40.27559,-6.46846,308.25,0.49,0.48,2023-05-19,0148,N,VIIRS,n,2,283.85,5.04,N,0
40.27876,-6.50814,310.72,0.49,0.49,2023-05-19,0148,N,VIIRS,n,2,284.73,3.52,N,0
40.26985,-6.39748,320.21,0.48,0.48,2023-05-19,0148,N,VIIRS,n,2,284.21,2.54,N,0
40.27073,-6.40836,328.42,0.49,0.48,2023-05-19,0148,N,VIIRS,n,2,285.6,1.45,N,0
40.27606,-6.47429,341.9,0.49,0.49,2023-05-19,0148,N,VIIRS,n,2,286.77,5.04,N,0
40.2766,-6.4811,367,0.49,0.49,2023-05-19,0148,N,VIIRS,h,2,306.73,80.15,N,0
40.27776,-6.49553,348.67,0.49,0.49,2023-05-19,0148,N,VIIRS,n,2,290.85,19.75,N,0
40.27828,-6.50217,324.08,0.49,0.49,2023-05-19,0148,N,VIIRS,n,2,285.14,19.75,N,0
40.27384,-6.39085,316.34,0.48,0.48,2023-05-19,0148,N,VIIRS,n,2,284.5,2.54,N,0
40.27474,-6.40193,300.66,0.48,0.48,2023-05-19,0148,N,VIIRS,n,2,282.99,1.45,N,0
40.27518,-6.40728,300.33,0.49,0.48,2023-05-19,0148,N,VIIRS,n,2,282.54,1.45,N,0
40.2756,-6.4125,307.17,0.49,0.48,2023-05-19,0148,N,VIIRS,n,2,282.82,1.22,N,0
40.27604,-6.41788,310.61,0.49,0.48,2023-05-19,0148,N,VIIRS,n,2,282.54,1.22,N,0
40.27698,-6.4294,302.84,0.49,0.48,2023-05-19,0148,N,VIIRS,n,2,282.65,1.22,N,0
40.25846,-6.48167,324.84,0.49,0.49,2023-05-19,0148,N,VIIRS,n,2,285.35,113.17,N,0
40.25714,-6.46502,323.34,0.49,0.48,2023-05-19,0148,N,VIIRS,n,2,288.66,3.22,N,0
40.25558,-6.44567,332.91,0.49,0.48,2023-05-19,0148,N,VIIRS,n,2,289.62,5.74,N,0
40.25511,-6.4397,346.63,0.49,0.48,2023-05-19,0148,N,VIIRS,n,2,298.54,5.74,N,0
40.25464,-6.43388,346.19,0.49,0.48,2023-05-19,0148,N,VIIRS,n,2,301.74,8.84,N,0
40.28012,-6.4682,312.7,0.49,0.48,2023-05-19,0148,N,VIIRS,n,2,282.94,5.04,N,0
40.28229,-6.49535,313.64,0.49,0.49,2023-05-19,0148,N,VIIRS,n,2,284.83,19.75,N,0
40.28279,-6.50156,303.97,0.49,0.49,2023-05-19,0148,N,VIIRS,n,2,284.83,19.75,N,0
40.28061,-6.47425,346.41,0.49,0.49,2023-05-19,0148,N,VIIRS,n,2,292.9,5.04,N,0
40.28119,-6.4816,354.93,0.49,0.49,2023-05-19,0148,N,VIIRS,n,2,309.74,80.15,N,0
40.28176,-6.48873,344.44,0.49,0.49,2023-05-19,0148,N,VIIRS,n,2,289.23,80.15,N,0
40.27829,-6.38985,312.09,0.48,0.48,2023-05-19,0148,N,VIIRS,n,2,284.6,4.83,N,0
40.27919,-6.40086,299.61,0.48,0.48,2023-05-19,0148,N,VIIRS,n,2,282.68,0.57,N,0
40.27964,-6.40641,298.69,0.49,0.48,2023-05-19,0148,N,VIIRS,n,2,282.68,0.57,N,0
40.28007,-6.41167,299.61,0.49,0.48,2023-05-19,0148,N,VIIRS,n,2,281.57,0.87,N,0
40.2542,-6.42827,343.8,0.49,0.48,2023-05-19,0148,N,VIIRS,n,2,294.75,8.84,N,0
40.25374,-6.4226,346.78,0.49,0.48,2023-05-19,0148,N,VIIRS,n,2,295.3,17.36,N,0
40.26539,-6.56944,298.57,0.49,0.49,2023-05-19,0148,N,VIIRS,n,2,280.08,2.19,N,0
40.28286,-6.44594,303.77,0.49,0.48,2023-05-19,0148,N,VIIRS,n,2,284.3,1.71,N,0
40.28331,-6.45156,307.14,0.49,0.48,2023-05-19,0148,N,VIIRS,n,2,284.04,1.71,N,0
40.28631,-6.4887,314.13,0.49,0.49,2023-05-19,0148,N,VIIRS,n,2,285.38,24.77,N,0
40.27784,-6.38435,350.43,0.48,0.48,2023-05-19,0148,N,VIIRS,n,2,289.36,3.95,N,0
40.28462,-6.46764,333.89,0.49,0.48,2023-05-19,0148,N,VIIRS,n,2,285.27,29.09,N,0
40.28517,-6.47444,348.28,0.49,0.49,2023-05-19,0148,N,VIIRS,n,2,300.76,29.09,N,0
40.28577,-6.48197,350.02,0.49,0.49,2023-05-19,0148,N,VIIRS,n,2,307.26,24.77,N,0
40.28183,-6.37772,306.46,0.48,0.48,2023-05-19,0148,N,VIIRS,n,2,283.52,3.95,N,0
40.28229,-6.38333,318.41,0.48,0.48,2023-05-19,0148,N,VIIRS,n,2,285.16,3.95,N,0
40.28821,-6.45589,306.69,0.49,0.48,2023-05-19,0148,N,VIIRS,n,2,284.03,3.66,N,0
40.28862,-6.46088,324.37,0.49,0.48,2023-05-19,0148,N,VIIRS,n,2,286.05,3.66,N,0
40.28911,-6.46701,346.16,0.49,0.48,2023-05-19,0148,N,VIIRS,n,2,299.51,29.09,N,0
40.2897,-6.47428,367,0.49,0.49,2023-05-19,0148,N,VIIRS,h,2,301.74,29.09,N,0
40.29029,-6.48167,336.93,0.49,0.49,2023-05-19,0148,N,VIIRS,n,2,286.44,24.77,N,0
40.28581,-6.3711,299.23,0.48,0.48,2023-05-19,0148,N,VIIRS,n,2,283.77,2.24,N,0
40.29175,-6.44361,336.52,0.49,0.48,2023-05-19,0148,N,VIIRS,n,2,288.73,31.76,N,0
40.29218,-6.44891,337.87,0.49,0.48,2023-05-19,0148,N,VIIRS,n,2,287.9,31.76,N,0
40.29263,-6.45438,335.69,0.49,0.48,2023-05-19,0148,N,VIIRS,n,2,287.12,31.57,N,0
40.29308,-6.45984,350.24,0.49,0.48,2023-05-19,0148,N,VIIRS,n,2,304.36,31.57,N,0
40.2936,-6.46624,344.79,0.49,0.48,2023-05-19,0148,N,VIIRS,n,2,323.67,53.22,N,0
40.2942,-6.47378,321.43,0.49,0.49,2023-05-19,0148,N,VIIRS,n,2,284.21,53.22,N,0
40.28933,-6.35887,306.75,0.48,0.48,2023-05-19,0148,N,VIIRS,n,2,283.42,2.12,N,0
40.29541,-6.43289,311.18,0.49,0.48,2023-05-19,0148,N,VIIRS,n,2,284.81,4.89,N,0
40.28981,-6.36477,336.76,0.48,0.48,2023-05-19,0148,N,VIIRS,n,2,284.06,2.24,N,0
40.29582,-6.43782,344.64,0.49,0.48,2023-05-19,0148,N,VIIRS,n,2,290.52,4.89,N,0
40.29622,-6.44266,356.99,0.49,0.48,2023-05-19,0148,N,VIIRS,n,2,311.52,31.76,N,0
40.29663,-6.4477,342.22,0.49,0.48,2023-05-19,0148,N,VIIRS,n,2,327.56,31.76,N,0
40.29706,-6.45296,367,0.49,0.48,2023-05-19,0148,N,VIIRS,h,2,300.13,31.57,N,0
40.29754,-6.45879,367,0.49,0.48,2023-05-19,0148,N,VIIRS,h,2,300.13,31.57,N,0
40.29809,-6.4656,340.74,0.49,0.48,2023-05-19,0148,N,VIIRS,n,2,288.98,53.22,N,0
40.30034,-6.43756,306.66,0.49,0.48,2023-05-19,0148,N,VIIRS,n,2,284.63,34.63,N,0
40.29286,-6.34704,321.08,0.48,0.48,2023-05-19,0148,N,VIIRS,n,2,283.99,3.37,N,0
40.2999,-6.43224,352.15,0.49,0.48,2023-05-19,0148,N,VIIRS,n,2,292.12,34.63,N,0
40.2969,-6.34119,318.23,0.48,0.48,2023-05-19,0148,N,VIIRS,n,2,283.73,3.37,N,0
40.29736,-6.34677,340.22,0.48,0.48,2023-05-19,0148,N,VIIRS,n,2,286.13,3.37,N,0
40.30437,-6.43135,325.25,0.49,0.48,2023-05-19,0148,N,VIIRS,n,2,301.77,34.63,N,0
40.30485,-6.43724,342.08,0.49,0.48,2023-05-19,0148,N,VIIRS,n,2,291.04,34.63,N,0
40.30137,-6.34064,301.97,0.48,0.48,2023-05-19,0148,N,VIIRS,n,2,283.62,1.17,N,0
40.30825,-6.42346,308.23,0.49,0.48,2023-05-19,0148,N,VIIRS,n,2,283.19,1.79,N,0
40.30881,-6.43021,367,0.49,0.48,2023-05-19,0148,N,VIIRS,h,2,325.3,66.4,N,0
40.30933,-6.43638,340.78,0.49,0.48,2023-05-19,0148,N,VIIRS,n,2,292.72,66.4,N,0
40.30536,-6.33433,302.99,0.48,0.48,2023-05-19,0148,N,VIIRS,n,2,282.59,1.03,N,0
40.30813,-6.36742,305.88,0.48,0.48,2023-05-19,0148,N,VIIRS,n,2,282.65,0.88,N,0
40.31218,-6.41611,298.46,0.49,0.48,2023-05-19,0148,N,VIIRS,n,2,282.25,1.79,N,0
40.31265,-6.42174,315.65,0.49,0.48,2023-05-19,0148,N,VIIRS,n,2,283.79,1.79,N,0
40.31323,-6.42872,306.44,0.49,0.48,2023-05-19,0148,N,VIIRS,n,2,282.25,66.4,N,0
40.30933,-6.32786,312.5,0.48,0.48,2023-05-19,0148,N,VIIRS,n,2,283.07,4.14,N,0
40.31025,-6.33882,297.31,0.48,0.48,2023-05-19,0148,N,VIIRS,n,2,282.7,5.25,N,0
40.31709,-6.42047,308.14,0.49,0.48,2023-05-19,0148,N,VIIRS,n,2,282.22,5.06,N,0
40.30981,-6.33346,343.14,0.48,0.48,2023-05-19,0148,N,VIIRS,n,2,287.86,4.14,N,0
40.31661,-6.41475,343.44,0.49,0.48,2023-05-19,0148,N,VIIRS,n,2,287.2,5.06,N,0
40.31425,-6.33264,316.17,0.48,0.48,2023-05-19,0148,N,VIIRS,n,2,283.75,4.14,N,0
40.31884,-6.38729,314.33,0.48,0.48,2023-05-19,0148,N,VIIRS,n,2,284.15,1.68,N,0
40.31969,-6.39738,302.61,0.49,0.48,2023-05-19,0148,N,VIIRS,n,2,282.62,1.4,N,0
40.24425,-6.47453,367,0.49,0.48,2023-05-19,0148,N,VIIRS,h,2,315.63,29.64,N,0
40.24382,-6.46905,367,0.49,0.48,2023-05-19,0148,N,VIIRS,h,2,315.3,25.81,N,0
40.24298,-6.45849,329.92,0.49,0.48,2023-05-19,0148,N,VIIRS,n,2,292.91,6.83,N,0
40.24338,-6.46355,350.59,0.49,0.48,2023-05-19,0148,N,VIIRS,n,2,301.9,25.81,N,0
40.24468,-6.48,367,0.49,0.49,2023-05-19,0148,N,VIIRS,h,2,319.24,29.64,N,0
40.24517,-6.48619,367,0.49,0.49,2023-05-19,0148,N,VIIRS,h,2,314.72,37.93,N,0
40.2457,-6.49303,355.98,0.49,0.49,2023-05-19,0148,N,VIIRS,n,2,317.45,37.93,N,0
40.2462,-6.49953,349.57,0.49,0.49,2023-05-19,0148,N,VIIRS,n,2,333.15,184.96,N,0
40.24668,-6.5056,367,0.49,0.49,2023-05-19,0148,N,VIIRS,h,2,373.43,184.96,N,0
40.24765,-6.51814,348.24,0.49,0.49,2023-05-19,0148,N,VIIRS,n,2,290.54,592.51,N,0
40.24816,-6.52462,322.67,0.49,0.49,2023-05-19,0148,N,VIIRS,n,2,286.31,3.95,N,0
40.24907,-6.5363,331.77,0.49,0.49,2023-05-19,0148,N,VIIRS,n,2,282.36,4.72,N,0
40.24948,-6.54147,333.3,0.49,0.49,2023-05-19,0148,N,VIIRS,n,2,278.04,4.72,N,0
40.24987,-6.54645,324.44,0.49,0.49,2023-05-19,0148,N,VIIRS,n,2,275.09,3.04,N,0
40.24622,-6.4421,319.45,0.49,0.48,2023-05-19,0148,N,VIIRS,n,2,286.96,6.81,N,0
40.25357,-6.53553,330.97,0.49,0.49,2023-05-19,0148,N,VIIRS,n,2,281.55,3.71,N,0
40.25314,-6.53004,332.93,0.49,0.49,2023-05-19,0148,N,VIIRS,n,2,284.83,7.87,N,0
40.25436,-6.54537,318.78,0.49,0.49,2023-05-19,0148,N,VIIRS,n,2,276.78,6.13,N,0
40.25554,-6.56024,308.58,0.49,0.49,2023-05-19,0148,N,VIIRS,n,2,272.84,5.76,N,0
40.25592,-6.56527,295.05,0.49,0.49,2023-05-19,0148,N,VIIRS,n,2,273.18,1.19,N,0
40.24529,-6.43037,337.95,0.49,0.48,2023-05-19,0148,N,VIIRS,n,2,285.87,6.75,N,0
40.24575,-6.43624,338.51,0.49,0.48,2023-05-19,0148,N,VIIRS,n,2,289.47,6.75,N,0
40.24258,-6.45353,330.93,0.49,0.48,2023-05-19,0148,N,VIIRS,n,2,292.37,6.83,N,0
40.25103,-6.56101,298.85,0.49,0.49,2023-05-19,0148,N,VIIRS,n,2,270.09,1.61,N,0
40.25065,-6.55634,305.64,0.49,0.49,2023-05-19,0148,N,VIIRS,n,2,271.05,1.61,N,0
40.24665,-6.44759,328.52,0.49,0.48,2023-05-19,0148,N,VIIRS,n,2,287.59,6.81,N,0
40.24706,-6.45266,353.98,0.49,0.48,2023-05-19,0148,N,VIIRS,n,2,302.63,17.17,N,0
40.24744,-6.45746,351.32,0.49,0.48,2023-05-19,0148,N,VIIRS,n,2,301.9,17.17,N,0
40.25397,-6.54049,322.79,0.49,0.49,2023-05-19,0148,N,VIIRS,n,2,279.32,3.71,N,0
40.25476,-6.55049,330.01,0.49,0.49,2023-05-19,0148,N,VIIRS,n,2,274.94,6.13,N,0
40.25515,-6.5554,324.93,0.49,0.49,2023-05-19,0148,N,VIIRS,n,2,273.95,5.76,N,0
40.24974,-6.42935,314.76,0.49,0.48,2023-05-19,0148,N,VIIRS,n,2,285.85,6.75,N,0
40.2585,-6.54009,315.5,0.49,0.49,2023-05-19,0148,N,VIIRS,n,2,279.87,3.71,N,0
40.26047,-6.56497,309.07,0.49,0.49,2023-05-19,0148,N,VIIRS,n,2,277.79,1.19,N,0
40.26085,-6.56978,295.01,0.49,0.49,2023-05-19,0148,N,VIIRS,n,2,278.18,1.19,N,0
40.24929,-6.4237,338.53,0.49,0.48,2023-05-19,0148,N,VIIRS,n,2,283.87,5.94,N,0
40.2502,-6.43508,331.05,0.49,0.48,2023-05-19,0148,N,VIIRS,n,2,295.21,6.75,N,0
40.25067,-6.44097,337.9,0.49,0.48,2023-05-19,0148,N,VIIRS,n,2,297.53,6.81,N,0
40.25113,-6.44683,338.03,0.49,0.48,2023-05-19,0148,N,VIIRS,n,2,293.39,6.81,N,0
40.25154,-6.45193,367,0.49,0.48,2023-05-19,0148,N,VIIRS,h,2,298.14,17.17,N,0
40.24782,-6.46223,329.69,0.49,0.48,2023-05-19,0148,N,VIIRS,n,2,293.75,9.51,N,0
40.24823,-6.46737,352.01,0.49,0.48,2023-05-19,0148,N,VIIRS,n,2,303.45,9.51,N,0
40.24865,-6.47264,352.03,0.49,0.48,2023-05-19,0148,N,VIIRS,n,2,308.87,9.91,N,0
40.24909,-6.47815,347.18,0.49,0.49,2023-05-19,0148,N,VIIRS,n,2,295.95,9.91,N,0
40.24956,-6.48412,355.44,0.49,0.49,2023-05-19,0148,N,VIIRS,n,2,301.51,30.98,N,0
40.25009,-6.49091,367,0.49,0.49,2023-05-19,0148,N,VIIRS,h,2,308.46,30.98,N,0
40.25064,-6.49798,351.31,0.49,0.49,2023-05-19,0148,N,VIIRS,n,2,329.75,816.59,N,0
40.25027,-6.55145,314.39,0.49,0.49,2023-05-19,0148,N,VIIRS,n,2,273.06,3.04,N,0
40.24864,-6.53078,311.61,0.49,0.49,2023-05-19,0148,N,VIIRS,n,2,285.48,3.95,N,0
40.24217,-6.44831,305.26,0.49,0.48,2023-05-19,0148,N,VIIRS,n,2,284.11,4.34,N,0
40.2454,-6.5477,320.31,0.49,0.49,2023-05-19,0148,N,VIIRS,n,2,277.91,3.04,N,0
40.245,-6.54253,330.1,0.49,0.49,2023-05-19,0148,N,VIIRS,n,2,279.27,4.72,N,0
40.24458,-6.53714,326.99,0.49,0.49,2023-05-19,0148,N,VIIRS,n,2,282.7,4.72,N,0
40.24364,-6.52517,330.95,0.49,0.49,2023-05-19,0148,N,VIIRS,n,2,286.31,3.95,N,0
40.24314,-6.5187,354.44,0.49,0.49,2023-05-19,0148,N,VIIRS,n,2,291.32,592.51,N,0
40.25166,-6.51112,367,0.49,0.49,2023-05-19,0148,N,VIIRS,h,2,341.86,202.42,N,0
40.25219,-6.5178,350.79,0.49,0.49,2023-05-19,0148,N,VIIRS,n,2,289.43,202.42,N,0
40.25268,-6.52416,347,0.49,0.49,2023-05-19,0148,N,VIIRS,n,2,286.71,7.87,N,0
40.32054,-6.40758,318.92,0.49,0.48,2023-05-19,0148,N,VIIRS,n,2,281.02,4.37,N,0
40.32102,-6.41331,340.16,0.49,0.48,2023-05-19,0148,N,VIIRS,n,2,283.98,5.06,N,0
40.32324,-6.38562,296.73,0.48,0.48,2023-05-19,0148,N,VIIRS,n,2,282.88,2.45,N,0
40.32411,-6.396,317.45,0.49,0.48,2023-05-19,0148,N,VIIRS,n,2,282.66,6.86,N,0
40.32368,-6.39088,347.82,0.48,0.48,2023-05-19,0148,N,VIIRS,n,2,282.06,6.86,N,0
40.32453,-6.40108,329.16,0.49,0.48,2023-05-19,0148,N,VIIRS,n,2,283.92,7.38,N,0
40.32666,-6.37252,308.58,0.48,0.48,2023-05-19,0148,N,VIIRS,n,2,282.38,1.6,N,0
40.32758,-6.3835,308.54,0.48,0.48,2023-05-19,0148,N,VIIRS,n,2,280.36,2.45,N,0
40.32713,-6.37805,331.24,0.48,0.48,2023-05-19,0148,N,VIIRS,n,2,284.15,2.45,N,0
40.32804,-6.38896,334.2,0.48,0.48,2023-05-19,0148,N,VIIRS,n,2,281.98,6.86,N,0
40.3285,-6.39429,343.13,0.49,0.48,2023-05-19,0148,N,VIIRS,n,2,287.11,6.86,N,0
40.32982,-6.35633,303.06,0.48,0.48,2023-05-19,0148,N,VIIRS,n,2,281.5,2.68,N,0
40.33106,-6.37104,306.19,0.48,0.48,2023-05-19,0148,N,VIIRS,n,2,282.05,3.98,N,0
40.332,-6.38218,308.02,0.48,0.48,2023-05-19,0148,N,VIIRS,n,2,279.72,18.38,N,0
40.32944,-6.35191,346.13,0.48,0.48,2023-05-19,0148,N,VIIRS,n,2,285.95,4.12,N,0
40.33153,-6.37656,351.83,0.48,0.48,2023-05-19,0148,N,VIIRS,n,2,293.52,18.38,N,0
40.33249,-6.38792,339.97,0.48,0.48,2023-05-19,0148,N,VIIRS,n,2,281.83,10.42,N,0
40.33299,-6.39387,355.83,0.49,0.48,2023-05-19,0148,N,VIIRS,n,2,286.64,10.42,N,0
40.33352,-6.34667,317.54,0.48,0.48,2023-05-19,0148,N,VIIRS,n,2,284.14,4.12,N,0
40.33598,-6.37568,340.59,0.48,0.48,2023-05-19,0148,N,VIIRS,n,2,283.85,18.38,N,0
40.57519,0.54473,296.59,0.4,0.37,2023-05-19,0148,N,VIIRS,n,2,284.57,0.48,N,0
41.47573,-1.48744,296.27,0.45,0.39,2023-05-19,0148,N,VIIRS,n,2,281.15,0.47,N,2
42.18233,-8.21369,296.85,0.63,0.54,2023-05-19,0148,N,VIIRS,n,2,280.01,1.02,N,0
42.18592,-8.20726,305.25,0.63,0.54,2023-05-19,0148,N,VIIRS,n,2,280.38,1.19,N,0
41.40451,1.99781,310.57,0.38,0.36,2023-05-19,0148,N,VIIRS,n,2,286.15,0.66,N,2
41.4078,1.9987,295.77,0.38,0.36,2023-05-19,0148,N,VIIRS,n,2,284.03,0.66,N,2
41.45547,1.97824,306.95,0.38,0.36,2023-05-19,0148,N,VIIRS,n,2,286.41,1.44,N,2
42.81306,-1.74017,296.7,0.48,0.4,2023-05-19,0148,N,VIIRS,n,2,280.76,0.38,N,2
43.18033,-3.36413,298.12,0.56,0.43,2023-05-19,0148,N,VIIRS,n,2,279.53,1.78,N,0
43.52398,-5.73193,300.59,0.49,0.48,2023-05-19,0148,N,VIIRS,n,2,282.26,2.15,N,2
43.52444,-5.73787,321.52,0.49,0.48,2023-05-19,0148,N,VIIRS,n,2,281.01,2.44,N,2
43.52846,-5.73121,296.86,0.49,0.48,2023-05-19,0148,N,VIIRS,n,2,281.99,1.41,N,2
43.54097,-5.83446,298.49,0.49,0.49,2023-05-19,0148,N,VIIRS,n,2,282.23,1.54,N,2
40.27473,-6.51478,311.82,0.49,0.49,2023-05-19,0148,N,VIIRS,n,2,284.43,32.66,N,0
40.27153,-6.47447,309.75,0.49,0.49,2023-05-19,0148,N,VIIRS,n,2,280.99,5.79,N,0
40.27107,-6.46871,303.29,0.49,0.48,2023-05-19,0148,N,VIIRS,n,2,282,5.79,N,0
40.26837,-6.43512,311.09,0.49,0.48,2023-05-19,0148,N,VIIRS,n,2,282.39,2.75,N,0
40.24175,-6.50089,367,0.49,0.49,2023-05-19,0148,N,VIIRS,h,2,353.62,184.96,N,0
40.24128,-6.49475,357.04,0.49,0.49,2023-05-19,0148,N,VIIRS,n,2,329.81,37.93,N,0
40.24077,-6.48831,355.32,0.49,0.49,2023-05-19,0148,N,VIIRS,n,2,324.07,37.93,N,0
40.24031,-6.48232,367,0.49,0.49,2023-05-19,0148,N,VIIRS,h,2,319.99,29.64,N,0
40.23986,-6.47661,367,0.49,0.48,2023-05-19,0148,N,VIIRS,h,2,311.24,29.64,N,0
40.23942,-6.47098,367,0.49,0.48,2023-05-19,0148,N,VIIRS,h,2,310.92,25.81,N,0
40.23897,-6.46529,367,0.49,0.48,2023-05-19,0148,N,VIIRS,h,2,310.32,25.81,N,0
40.23854,-6.45983,367,0.49,0.48,2023-05-19,0148,N,VIIRS,h,2,300.99,6.83,N,0
40.24617,-6.55741,303.54,0.49,0.49,2023-05-19,0148,N,VIIRS,n,2,274,1.61,N,0
40.24579,-6.55265,312.87,0.49,0.49,2023-05-19,0148,N,VIIRS,n,2,275.51,3.04,N,0
40.24413,-6.53144,318.48,0.49,0.49,2023-05-19,0148,N,VIIRS,n,2,284.59,3.95,N,0
40.23811,-6.45447,306.44,0.49,0.48,2023-05-19,0148,N,VIIRS,n,2,284.19,6.83,N,0
40.26795,-6.42993,311.28,0.49,0.48,2023-05-19,0148,N,VIIRS,n,2,284.97,2.75,N,0
40.26753,-6.42476,301.92,0.49,0.48,2023-05-19,0148,N,VIIRS,n,2,283.27,2.75,N,0
40.26712,-6.41966,311.88,0.49,0.48,2023-05-19,0148,N,VIIRS,n,2,285.41,5.86,N,0
40.2667,-6.4146,319.37,0.49,0.48,2023-05-19,0148,N,VIIRS,n,2,288.08,5.86,N,0
40.26584,-6.40396,311.34,0.48,0.48,2023-05-19,0148,N,VIIRS,n,2,283.82,21.81,N,0
40.27331,-6.5542,344.19,0.49,0.49,2023-05-19,0148,N,VIIRS,n,2,278.21,3.46,N,0
40.2729,-6.549,346.19,0.49,0.49,2023-05-19,0148,N,VIIRS,n,2,279.28,7.73,N,0
40.27246,-6.5435,347.05,0.49,0.49,2023-05-19,0148,N,VIIRS,n,2,280.98,7.73,N,0
40.272,-6.53765,325.63,0.49,0.49,2023-05-19,0148,N,VIIRS,n,2,282.8,4.05,N,0
40.27024,-6.51559,331.06,0.49,0.49,2023-05-19,0148,N,VIIRS,n,2,285.3,32.66,N,0
40.26974,-6.50933,367,0.49,0.49,2023-05-19,0148,N,VIIRS,h,2,292.89,32.66,N,0
40.26749,-6.4808,321.4,0.49,0.49,2023-05-19,0148,N,VIIRS,n,2,308.92,192.71,N,0
40.26701,-6.4748,349.47,0.49,0.49,2023-05-19,0148,N,VIIRS,n,2,285.91,5.79,N,0
40.26353,-6.43142,323.8,0.49,0.48,2023-05-19,0148,N,VIIRS,n,2,286.61,2.75,N,0
40.24373,-6.48214,355.12,0.49,0.48,2023-05-19,0149,N,VIIRS,n,2,323.47,31.53,N,0
40.26409,-6.56126,333.69,0.49,0.49,2023-05-19,0149,N,VIIRS,n,2,277.31,3.96,N,0
40.26368,-6.55646,354.9,0.49,0.49,2023-05-19,0149,N,VIIRS,n,2,274.79,11.42,N,0
40.26326,-6.55143,367,0.49,0.49,2023-05-19,0149,N,VIIRS,h,2,277.19,11.42,N,0
40.26282,-6.54623,367,0.49,0.49,2023-05-19,0149,N,VIIRS,h,2,278.73,7.41,N,0
40.26238,-6.54104,342.15,0.49,0.49,2023-05-19,0149,N,VIIRS,n,2,280.92,7.41,N,0
40.26098,-6.52441,339.41,0.49,0.49,2023-05-19,0149,N,VIIRS,n,2,285.87,16.83,N,0
40.26048,-6.51855,367,0.49,0.49,2023-05-19,0149,N,VIIRS,h,2,289.22,16.83,N,0
40.25993,-6.51212,367,0.49,0.49,2023-05-19,0149,N,VIIRS,h,2,293.72,435.47,N,0
40.25934,-6.5052,367,0.49,0.49,2023-05-19,0149,N,VIIRS,h,2,354.91,435.47,N,0
40.25808,-6.4904,367,0.49,0.49,2023-05-19,0149,N,VIIRS,h,2,345.75,374.93,N,0
40.25748,-6.48347,341.94,0.49,0.49,2023-05-19,0149,N,VIIRS,n,2,287.07,9.78,N,0
40.25604,-6.46655,329.46,0.49,0.48,2023-05-19,0149,N,VIIRS,n,2,292.37,6.79,N,0
40.25564,-6.46184,331.97,0.49,0.48,2023-05-19,0149,N,VIIRS,n,2,294.9,8.15,N,0
40.25486,-6.45265,322.81,0.49,0.48,2023-05-19,0149,N,VIIRS,n,2,288.09,10.5,N,0
40.25443,-6.4475,345.58,0.49,0.48,2023-05-19,0149,N,VIIRS,n,2,292.8,10.5,N,0
40.25393,-6.44177,341.01,0.49,0.48,2023-05-19,0149,N,VIIRS,n,2,296.39,8.43,N,0
40.25341,-6.43578,347.39,0.49,0.48,2023-05-19,0149,N,VIIRS,n,2,301.77,8.43,N,0
40.25293,-6.43014,330.06,0.49,0.48,2023-05-19,0149,N,VIIRS,n,2,293.45,14.79,N,0
40.25245,-6.42447,350.85,0.49,0.48,2023-05-19,0149,N,VIIRS,n,2,295.54,14.79,N,0
40.26448,-6.56595,311.76,0.49,0.49,2023-05-19,0149,N,VIIRS,n,2,278.86,3.96,N,0
40.26193,-6.53569,310.57,0.49,0.49,2023-05-19,0149,N,VIIRS,n,2,282.6,3.36,N,0
40.26145,-6.53001,315.97,0.49,0.49,2023-05-19,0149,N,VIIRS,n,2,283.42,3.36,N,0
40.25695,-6.47731,309.89,0.49,0.48,2023-05-19,0149,N,VIIRS,n,2,280.74,9.78,N,0
40.25648,-6.47166,310.7,0.49,0.48,2023-05-19,0149,N,VIIRS,n,2,281.82,6.79,N,0
40.25526,-6.45733,309.43,0.49,0.48,2023-05-19,0149,N,VIIRS,n,2,287.87,8.15,N,0
40.25953,-6.56134,320.47,0.49,0.49,2023-05-19,0149,N,VIIRS,n,2,276.26,3.96,N,0
40.25912,-6.55656,345.29,0.49,0.49,2023-05-19,0149,N,VIIRS,n,2,274.83,11.42,N,0
40.25871,-6.55157,367,0.49,0.49,2023-05-19,0149,N,VIIRS,h,2,275.79,11.42,N,0
40.25827,-6.54638,339.35,0.49,0.49,2023-05-19,0149,N,VIIRS,n,2,276.73,7.41,N,0
40.25742,-6.53629,324.89,0.49,0.49,2023-05-19,0149,N,VIIRS,n,2,280.96,3.36,N,0
40.25695,-6.53082,327.89,0.49,0.49,2023-05-19,0149,N,VIIRS,n,2,284.37,3.36,N,0
40.25648,-6.52513,345.17,0.49,0.49,2023-05-19,0149,N,VIIRS,n,2,287.3,16.83,N,0
40.25596,-6.51909,367,0.49,0.49,2023-05-19,0149,N,VIIRS,h,2,289.8,16.83,N,0
40.2554,-6.51247,367,0.49,0.49,2023-05-19,0149,N,VIIRS,h,2,298.47,435.47,N,0
40.25479,-6.50531,367,0.49,0.49,2023-05-19,0149,N,VIIRS,h,2,380.7,435.47,N,0
40.25422,-6.4986,367,0.49,0.49,2023-05-19,0149,N,VIIRS,h,2,366.99,374.93,N,0
40.25359,-6.49122,347.86,0.49,0.49,2023-05-19,0149,N,VIIRS,n,2,319.71,374.93,N,0
40.25301,-6.48442,331.31,0.49,0.49,2023-05-19,0149,N,VIIRS,n,2,286.76,9.78,N,0
40.25249,-6.4783,348.84,0.49,0.48,2023-05-19,0149,N,VIIRS,n,2,288.16,9.78,N,0
40.25202,-6.47276,349.96,0.49,0.48,2023-05-19,0149,N,VIIRS,n,2,297.29,6.79,N,0
40.25159,-6.46766,338.77,0.49,0.48,2023-05-19,0149,N,VIIRS,n,2,298.57,6.79,N,0
40.25118,-6.4628,337.38,0.49,0.48,2023-05-19,0149,N,VIIRS,n,2,299.15,8.15,N,0
40.25079,-6.45817,355.55,0.49,0.48,2023-05-19,0149,N,VIIRS,n,2,304.27,8.15,N,0
40.25039,-6.45343,367,0.49,0.48,2023-05-19,0149,N,VIIRS,h,2,302.8,10.5,N,0
40.24996,-6.44843,342.4,0.49,0.48,2023-05-19,0149,N,VIIRS,n,2,290.79,10.5,N,0
40.24949,-6.44289,344.16,0.49,0.48,2023-05-19,0149,N,VIIRS,n,2,295.49,8.43,N,0
40.24899,-6.43702,337.9,0.49,0.48,2023-05-19,0149,N,VIIRS,n,2,297.14,8.43,N,0
40.24849,-6.43122,341.95,0.49,0.48,2023-05-19,0149,N,VIIRS,n,2,292.76,14.79,N,0
40.25785,-6.54137,313.87,0.49,0.49,2023-05-19,0149,N,VIIRS,n,2,279.01,7.41,N,0
40.25332,-6.54179,322.5,0.49,0.49,2023-05-19,0149,N,VIIRS,n,2,278.29,3.82,N,0
40.25291,-6.53699,330.66,0.49,0.49,2023-05-19,0149,N,VIIRS,n,2,280.74,4.3,N,0
40.25246,-6.53156,328.21,0.49,0.49,2023-05-19,0149,N,VIIRS,n,2,284.17,4.3,N,0
40.25197,-6.52576,336.37,0.49,0.49,2023-05-19,0149,N,VIIRS,n,2,286.04,12.7,N,0
40.25144,-6.51952,340.05,0.49,0.49,2023-05-19,0149,N,VIIRS,n,2,287.61,12.7,N,0
40.25088,-6.5129,354.17,0.49,0.49,2023-05-19,0149,N,VIIRS,n,2,319.11,617.14,N,0
40.24978,-6.49995,353.34,0.49,0.49,2023-05-19,0149,N,VIIRS,n,2,335.34,56.71,N,0
40.24922,-6.49331,367,0.49,0.49,2023-05-19,0149,N,VIIRS,h,2,316.67,56.71,N,0
40.24862,-6.48626,356.55,0.49,0.49,2023-05-19,0149,N,VIIRS,n,2,305.61,31.53,N,0
40.2481,-6.48007,347.12,0.49,0.48,2023-05-19,0149,N,VIIRS,n,2,298.59,31.53,N,0
40.24763,-6.47452,346.03,0.49,0.48,2023-05-19,0149,N,VIIRS,n,2,305.51,26.12,N,0
40.24718,-6.46918,367,0.49,0.48,2023-05-19,0149,N,VIIRS,h,2,310.57,26.12,N,0
40.24673,-6.46388,340.76,0.49,0.48,2023-05-19,0149,N,VIIRS,n,2,297.72,12.01,N,0
40.24631,-6.45894,338.62,0.49,0.48,2023-05-19,0149,N,VIIRS,n,2,295.81,12.01,N,0
40.24591,-6.45421,348.04,0.49,0.48,2023-05-19,0149,N,VIIRS,n,2,299.5,7.43,N,0
40.24548,-6.44918,340.02,0.49,0.48,2023-05-19,0149,N,VIIRS,n,2,293.03,7.43,N,0
40.24404,-6.43225,333.4,0.49,0.48,2023-05-19,0149,N,VIIRS,n,2,283.88,4.37,N,0
40.25497,-6.56146,299.58,0.49,0.49,2023-05-19,0149,N,VIIRS,n,2,271.81,2.69,N,0
40.25456,-6.55661,310.89,0.49,0.49,2023-05-19,0149,N,VIIRS,n,2,273.28,2.02,N,0
40.25416,-6.55183,313.68,0.49,0.49,2023-05-19,0149,N,VIIRS,n,2,274.23,2.02,N,0
40.25373,-6.54671,316.97,0.49,0.49,2023-05-19,0149,N,VIIRS,n,2,275.79,3.82,N,0
40.24503,-6.44385,303.84,0.49,0.48,2023-05-19,0149,N,VIIRS,n,2,284.57,2.37,N,0
40.24454,-6.43808,306.29,0.49,0.48,2023-05-19,0149,N,VIIRS,n,2,284.34,2.37,N,0
40.24926,-6.54788,321.54,0.49,0.49,2023-05-19,0149,N,VIIRS,n,2,274.61,3.82,N,0
40.24885,-6.54288,332.58,0.49,0.49,2023-05-19,0149,N,VIIRS,n,2,276.83,3.82,N,0
40.24841,-6.53775,335.55,0.49,0.49,2023-05-19,0149,N,VIIRS,n,2,280.8,4.3,N,0
40.24691,-6.51985,342.46,0.49,0.49,2023-05-19,0149,N,VIIRS,n,2,287.92,12.7,N,0
40.24636,-6.5134,367,0.49,0.49,2023-05-19,0149,N,VIIRS,h,2,349.21,617.14,N,0
40.24535,-6.50139,367,0.49,0.49,2023-05-19,0149,N,VIIRS,h,2,357.37,56.71,N,0
40.24483,-6.49515,351.36,0.49,0.49,2023-05-19,0149,N,VIIRS,n,2,324.64,56.71,N,0
40.24425,-6.48836,354.39,0.49,0.49,2023-05-19,0149,N,VIIRS,n,2,326.19,31.53,N,0
40.24324,-6.47645,367,0.49,0.48,2023-05-19,0149,N,VIIRS,h,2,318.14,26.12,N,0
40.24279,-6.471,367,0.49,0.48,2023-05-19,0149,N,VIIRS,h,2,316,26.12,N,0
40.24231,-6.46541,367,0.49,0.48,2023-05-19,0149,N,VIIRS,h,2,314.68,12.01,N,0
40.24187,-6.46015,342.12,0.49,0.48,2023-05-19,0149,N,VIIRS,n,2,298.76,12.01,N,0
40.24144,-6.45512,333.97,0.49,0.48,2023-05-19,0149,N,VIIRS,n,2,292.38,7.43,N,0
40.25008,-6.55763,303.45,0.49,0.49,2023-05-19,0149,N,VIIRS,n,2,271.07,2.02,N,0
40.24968,-6.55285,312.83,0.49,0.49,2023-05-19,0149,N,VIIRS,n,2,272.22,2.02,N,0
40.24796,-6.5323,313.01,0.49,0.49,2023-05-19,0149,N,VIIRS,n,2,284.69,4.3,N,0
40.24745,-6.52631,319.83,0.49,0.49,2023-05-19,0149,N,VIIRS,n,2,285.81,12.7,N,0
40.241,-6.44994,308.07,0.49,0.48,2023-05-19,0149,N,VIIRS,n,2,284.36,7.43,N,0
40.24437,-6.54396,325.35,0.49,0.49,2023-05-19,0149,N,VIIRS,n,2,279.08,2.74,N,0
40.24393,-6.53865,326.85,0.49,0.49,2023-05-19,0149,N,VIIRS,n,2,281.83,2.97,N,0
40.24294,-6.52688,324.94,0.49,0.49,2023-05-19,0149,N,VIIRS,n,2,286.23,47.92,N,0
40.2424,-6.52039,351.5,0.49,0.49,2023-05-19,0149,N,VIIRS,n,2,289.47,47.92,N,0
40.24188,-6.51427,367,0.49,0.49,2023-05-19,0149,N,VIIRS,h,2,349.68,881.41,N,0
40.24091,-6.50265,367,0.49,0.49,2023-05-19,0149,N,VIIRS,h,2,361.22,114.68,N,0
40.24041,-6.49672,352.54,0.49,0.49,2023-05-19,0149,N,VIIRS,n,2,327.49,114.68,N,0
40.23988,-6.4904,355.27,0.49,0.49,2023-05-19,0149,N,VIIRS,n,2,331.6,53.42,N,0
40.23936,-6.48432,367,0.49,0.48,2023-05-19,0149,N,VIIRS,h,2,308.12,53.42,N,0
40.23888,-6.47862,367,0.49,0.48,2023-05-19,0149,N,VIIRS,h,2,314.43,35.39,N,0
40.2384,-6.4729,367,0.49,0.48,2023-05-19,0149,N,VIIRS,h,2,305.85,35.39,N,0
40.23792,-6.46723,367,0.49,0.48,2023-05-19,0149,N,VIIRS,h,2,304.98,31.69,N,0
40.23744,-6.46158,367,0.49,0.48,2023-05-19,0149,N,VIIRS,h,2,306.58,31.69,N,0
40.23698,-6.45616,321.96,0.49,0.48,2023-05-19,0149,N,VIIRS,n,2,284.28,7.32,N,0
40.2452,-6.55396,308.61,0.49,0.49,2023-05-19,0149,N,VIIRS,n,2,275.75,1.68,N,0
40.2448,-6.54908,316.26,0.49,0.49,2023-05-19,0149,N,VIIRS,n,2,277.67,2.74,N,0
40.24345,-6.53298,318.55,0.49,0.49,2023-05-19,0149,N,VIIRS,n,2,284.51,2.97,N,0
40.23895,-6.53366,321.88,0.49,0.49,2023-05-19,0149,N,VIIRS,n,2,284.52,2.97,N,0
40.23842,-6.52743,338.62,0.49,0.49,2023-05-19,0149,N,VIIRS,n,2,285.92,47.92,N,0
40.23788,-6.52096,367,0.49,0.49,2023-05-19,0149,N,VIIRS,h,2,291.15,47.92,N,0
40.2374,-6.51518,367,0.49,0.49,2023-05-19,0149,N,VIIRS,h,2,378.01,881.41,N,0
40.23645,-6.50377,367,0.49,0.49,2023-05-19,0149,N,VIIRS,h,2,367.39,114.68,N,0
40.23596,-6.49794,353.23,0.49,0.49,2023-05-19,0149,N,VIIRS,n,2,339.7,114.68,N,0
40.23545,-6.49193,367,0.49,0.49,2023-05-19,0149,N,VIIRS,h,2,355.12,53.42,N,0
40.23495,-6.48594,356.45,0.49,0.48,2023-05-19,0149,N,VIIRS,n,2,306.75,53.42,N,0
40.23446,-6.4801,356.19,0.49,0.48,2023-05-19,0149,N,VIIRS,n,2,315.81,35.39,N,0
40.23397,-6.47426,357,0.49,0.48,2023-05-19,0149,N,VIIRS,n,2,312.27,35.39,N,0
40.23348,-6.46845,367,0.49,0.48,2023-05-19,0149,N,VIIRS,h,2,290.95,31.69,N,0
40.23299,-6.46272,350.24,0.49,0.48,2023-05-19,0149,N,VIIRS,n,2,298.22,31.69,N,0
40.23252,-6.45713,323.24,0.49,0.48,2023-05-19,0149,N,VIIRS,n,2,282.49,7.32,N,0
40.24112,-6.55966,299.63,0.49,0.49,2023-05-19,0149,N,VIIRS,n,2,274.77,1.68,N,0
40.24072,-6.55489,305.41,0.49,0.49,2023-05-19,0149,N,VIIRS,n,2,276.19,1.68,N,0
40.24031,-6.54998,313.23,0.49,0.49,2023-05-19,0149,N,VIIRS,n,2,277.52,2.74,N,0
40.23988,-6.54485,318.05,0.49,0.49,2023-05-19,0149,N,VIIRS,n,2,279.7,2.74,N,0
40.23943,-6.53943,317.97,0.49,0.49,2023-05-19,0149,N,VIIRS,n,2,282.11,2.97,N,0
40.23445,-6.5344,320.4,0.49,0.49,2023-05-19,0149,N,VIIRS,n,2,283.26,2.5,N,0
40.23394,-6.52829,333.16,0.49,0.49,2023-05-19,0149,N,VIIRS,n,2,284.35,6.35,N,0
40.23341,-6.52197,354.38,0.49,0.49,2023-05-19,0149,N,VIIRS,n,2,285.36,6.35,N,0
40.23292,-6.51609,367,0.49,0.49,2023-05-19,0149,N,VIIRS,h,2,287.86,43.38,N,0
40.23244,-6.5104,351.13,0.49,0.49,2023-05-19,0149,N,VIIRS,n,2,291.86,43.38,N,0
40.23197,-6.50473,367,0.49,0.49,2023-05-19,0149,N,VIIRS,h,2,356.82,233.69,N,0
40.23149,-6.49895,367,0.49,0.49,2023-05-19,0149,N,VIIRS,h,2,357.45,233.69,N,0
40.23001,-6.48126,367,0.49,0.48,2023-05-19,0149,N,VIIRS,h,2,338.54,57.6,N,0
40.22951,-6.47531,348.32,0.49,0.48,2023-05-19,0149,N,VIIRS,n,2,294.28,57.6,N,0
40.22902,-6.46949,356.63,0.49,0.48,2023-05-19,0149,N,VIIRS,n,2,280.95,6.95,N,0
40.22853,-6.4637,348.34,0.49,0.48,2023-05-19,0149,N,VIIRS,n,2,278.29,6.95,N,0
40.22806,-6.45804,327.04,0.49,0.48,2023-05-19,0149,N,VIIRS,n,2,281.24,2.92,N,0
40.23704,-6.5656,298.42,0.49,0.49,2023-05-19,0149,N,VIIRS,n,2,271.55,2.11,N,0
40.23664,-6.56074,303.49,0.49,0.49,2023-05-19,0149,N,VIIRS,n,2,273.2,1.27,N,0
40.23623,-6.55586,308.47,0.49,0.49,2023-05-19,0149,N,VIIRS,n,2,274.7,1.27,N,0
40.23581,-6.55084,311.21,0.49,0.49,2023-05-19,0149,N,VIIRS,n,2,277.45,1.77,N,0
40.23538,-6.54566,314.33,0.49,0.49,2023-05-19,0149,N,VIIRS,n,2,279.3,1.77,N,0
40.23493,-6.54018,316.69,0.49,0.49,2023-05-19,0149,N,VIIRS,n,2,281.24,2.5,N,0
40.22893,-6.52296,322.58,0.49,0.49,2023-05-19,0149,N,VIIRS,n,2,284.02,6.35,N,0
40.22844,-6.51703,331.53,0.49,0.49,2023-05-19,0149,N,VIIRS,n,2,285.16,43.38,N,0
40.22796,-6.51127,340.2,0.49,0.49,2023-05-19,0149,N,VIIRS,n,2,286.28,43.38,N,0
40.22749,-6.50559,356.7,0.49,0.49,2023-05-19,0149,N,VIIRS,n,2,305.75,233.69,N,0
40.22701,-6.49984,367,0.49,0.49,2023-05-19,0149,N,VIIRS,h,2,321.65,233.69,N,0
40.22652,-6.49401,367,0.49,0.49,2023-05-19,0149,N,VIIRS,h,2,368.38,1236.76,N,0
40.22552,-6.48207,367,0.49,0.48,2023-05-19,0149,N,VIIRS,h,2,289.44,57.6,N,0
40.22503,-6.47614,321.7,0.49,0.48,2023-05-19,0149,N,VIIRS,n,2,283.96,57.6,N,0
40.22454,-6.47032,328.56,0.49,0.48,2023-05-19,0149,N,VIIRS,n,2,281.98,6.95,N,0
40.22406,-6.46455,330.04,0.49,0.48,2023-05-19,0149,N,VIIRS,n,2,281.09,6.95,N,0
40.23218,-6.56209,299.99,0.49,0.49,2023-05-19,0149,N,VIIRS,n,2,274.34,1.27,N,0
40.23175,-6.55692,305.28,0.49,0.49,2023-05-19,0149,N,VIIRS,n,2,274.93,1.27,N,0
40.23132,-6.55166,307.78,0.49,0.49,2023-05-19,0149,N,VIIRS,n,2,277.16,1.77,N,0
40.23088,-6.54635,309.31,0.49,0.49,2023-05-19,0149,N,VIIRS,n,2,279.51,1.77,N,0
40.23042,-6.54086,311.28,0.49,0.49,2023-05-19,0149,N,VIIRS,n,2,280.98,2.5,N,0
40.22995,-6.53515,314.62,0.49,0.49,2023-05-19,0149,N,VIIRS,n,2,282.15,2.5,N,0
40.22945,-6.52916,317.19,0.49,0.49,2023-05-19,0149,N,VIIRS,n,2,283.3,6.35,N,0
40.22358,-6.45883,309.55,0.49,0.48,2023-05-19,0149,N,VIIRS,n,2,282.15,2.92,N,0
40.223,-6.50636,323.41,0.49,0.49,2023-05-19,0149,N,VIIRS,n,2,286.94,2.81,N,0
40.22252,-6.50063,331.44,0.49,0.49,2023-05-19,0149,N,VIIRS,n,2,287.16,2.81,N,0
40.22204,-6.49482,349.83,0.49,0.49,2023-05-19,0149,N,VIIRS,n,2,286.55,4.57,N,0
40.22154,-6.48886,333.68,0.49,0.48,2023-05-19,0149,N,VIIRS,n,2,284.88,4.57,N,0
40.22773,-6.56344,297.06,0.49,0.49,2023-05-19,0149,N,VIIRS,n,2,275.76,0.91,N,0
40.22728,-6.55802,301.58,0.49,0.49,2023-05-19,0149,N,VIIRS,n,2,275.89,0.91,N,0
40.22683,-6.55253,305.41,0.49,0.49,2023-05-19,0149,N,VIIRS,n,2,277.22,1.08,N,0
40.22637,-6.54708,304.84,0.49,0.49,2023-05-19,0149,N,VIIRS,n,2,279.83,1.08,N,0
40.22591,-6.5415,304.53,0.49,0.49,2023-05-19,0149,N,VIIRS,n,2,281.41,1.2,N,0
40.22495,-6.52986,304.68,0.49,0.49,2023-05-19,0149,N,VIIRS,n,2,283.87,1.19,N,0
40.22445,-6.52389,308.14,0.49,0.49,2023-05-19,0149,N,VIIRS,n,2,284.15,1.19,N,0
40.22396,-6.51798,315.64,0.49,0.49,2023-05-19,0149,N,VIIRS,n,2,284.83,1.8,N,0
40.22348,-6.51211,319.82,0.49,0.49,2023-05-19,0149,N,VIIRS,n,2,286,1.8,N,0
40.22104,-6.48279,315.47,0.49,0.48,2023-05-19,0149,N,VIIRS,n,2,283.7,1.43,N,0
40.22054,-6.47685,302.93,0.49,0.48,2023-05-19,0149,N,VIIRS,n,2,282.61,1.43,N,0
40.22006,-6.47112,295.44,0.49,0.48,2023-05-19,0149,N,VIIRS,n,2,282.96,1.15,N,0
40.22279,-6.55901,299.28,0.49,0.49,2023-05-19,0149,N,VIIRS,n,2,275.35,0.91,N,0
40.22234,-6.55345,304.53,0.49,0.49,2023-05-19,0149,N,VIIRS,n,2,274.94,1.08,N,0
40.22187,-6.54781,302.26,0.49,0.49,2023-05-19,0149,N,VIIRS,n,2,278.23,1.08,N,0
40.2214,-6.54215,300.68,0.49,0.49,2023-05-19,0149,N,VIIRS,n,2,280.33,1.2,N,0
40.22093,-6.5364,303.23,0.49,0.49,2023-05-19,0149,N,VIIRS,n,2,280.92,1.2,N,0
40.22044,-6.53051,303.68,0.49,0.49,2023-05-19,0149,N,VIIRS,n,2,282.06,1.19,N,0
40.21996,-6.52472,306.52,0.49,0.49,2023-05-19,0149,N,VIIRS,n,2,282.86,1.19,N,0
40.21948,-6.51889,306.3,0.49,0.49,2023-05-19,0149,N,VIIRS,n,2,284.19,1.8,N,0
40.21899,-6.513,305.35,0.49,0.49,2023-05-19,0149,N,VIIRS,n,2,284.93,1.8,N,0
40.21851,-6.5072,301.44,0.49,0.49,2023-05-19,0149,N,VIIRS,n,2,284.87,2.81,N,0
40.21803,-6.50139,301.13,0.49,0.49,2023-05-19,0149,N,VIIRS,n,2,284.77,2.81,N,0
40.21754,-6.49547,303.93,0.49,0.49,2023-05-19,0149,N,VIIRS,n,2,284.3,4.57,N,0
40.21704,-6.48944,305.12,0.49,0.48,2023-05-19,0149,N,VIIRS,n,2,283.13,4.57,N,0
40.21654,-6.48339,300.45,0.49,0.48,2023-05-19,0149,N,VIIRS,n,2,282.49,1.43,N,0
40.2183,-6.55984,296.18,0.49,0.49,2023-05-19,0149,N,VIIRS,n,2,275.27,1.37,N,0
40.21783,-6.55419,300.64,0.49,0.49,2023-05-19,0149,N,VIIRS,n,2,274.65,0.78,N,0
40.21736,-6.5485,301.56,0.49,0.49,2023-05-19,0149,N,VIIRS,n,2,276.2,0.78,N,0
40.21304,-6.49608,296.18,0.49,0.49,2023-05-19,0149,N,VIIRS,n,2,283.48,1.2,N,0
40.21285,-6.54916,296.1,0.49,0.49,2023-05-19,0149,N,VIIRS,n,2,278.15,0.78,N,0
37.50208,-4.91152,305.51,0.57,0.43,2023-05-19,0149,N,VIIRS,n,2,273.75,1.06,N,0
37.35843,-6.67352,295.51,0.47,0.47,2023-05-19,0149,N,VIIRS,n,2,283.09,0.39,N,0
42.18782,-8.21189,303.64,0.45,0.63,2023-05-19,0328,N,VIIRS,n,2,278.14,1.25,N,0
42.18591,-8.20541,296.33,0.45,0.63,2023-05-19,0328,N,VIIRS,n,2,278.95,1.25,N,0
40.2407,-6.52248,335.3,0.61,0.71,2023-05-19,0329,N,VIIRS,n,2,284.12,104.6,N,0
40.30914,-6.43011,367,0.61,0.71,2023-05-19,0329,N,VIIRS,h,2,291.47,15.14,N,0
40.30731,-6.42444,329.71,0.61,0.71,2023-05-19,0329,N,VIIRS,n,2,282.03,15.14,N,0
40.28769,-6.36374,336.8,0.62,0.71,2023-05-19,0329,N,VIIRS,n,2,281.62,6.64,N,0
40.30496,-6.4396,367,0.61,0.71,2023-05-19,0329,N,VIIRS,h,2,292.7,20.11,N,0
40.3091,-6.45242,302.43,0.61,0.71,2023-05-19,0329,N,VIIRS,n,2,279.24,20.11,N,0
40.30252,-6.43205,310.24,0.61,0.71,2023-05-19,0329,N,VIIRS,n,2,282.58,9.44,N,0
40.30033,-6.4477,367,0.61,0.71,2023-05-19,0329,N,VIIRS,h,2,285.56,20.11,N,0
40.29668,-6.43643,316.13,0.61,0.71,2023-05-19,0329,N,VIIRS,n,2,281.57,9.44,N,0
40.27959,-6.38366,298.75,0.62,0.71,2023-05-19,0329,N,VIIRS,n,2,280.75,1.57,N,0
40.29845,-6.46429,346.5,0.61,0.71,2023-05-19,0329,N,VIIRS,n,2,285.46,14.45,N,0
40.2967,-6.45885,339.07,0.61,0.71,2023-05-19,0329,N,VIIRS,n,2,284.43,5.54,N,0
40.29405,-6.45068,312.54,0.61,0.71,2023-05-19,0329,N,VIIRS,n,2,281.7,5.54,N,0
40.2951,-6.47628,367,0.61,0.71,2023-05-19,0329,N,VIIRS,h,2,292.87,11.53,N,0
40.29358,-6.4716,352.71,0.61,0.71,2023-05-19,0329,N,VIIRS,n,2,295.92,14.45,N,0
40.29204,-6.46685,343.97,0.61,0.71,2023-05-19,0329,N,VIIRS,n,2,291.4,14.45,N,0
40.29017,-6.46107,334.63,0.61,0.71,2023-05-19,0329,N,VIIRS,n,2,282.54,5.54,N,0
40.29674,-6.48134,296.8,0.61,0.71,2023-05-19,0329,N,VIIRS,n,2,280.84,11.53,N,0
40.28691,-6.45102,296.46,0.61,0.71,2023-05-19,0329,N,VIIRS,n,2,279.8,5.54,N,0
40.32399,-6.40455,303.02,0.62,0.71,2023-05-19,0329,N,VIIRS,n,2,278.47,2.15,N,0
40.31967,-6.41376,336.53,0.61,0.71,2023-05-19,0329,N,VIIRS,n,2,281.9,4.82,N,0
40.32209,-6.42142,305.49,0.61,0.71,2023-05-19,0329,N,VIIRS,n,2,277.79,4.82,N,0
40.31718,-6.40589,304.15,0.62,0.71,2023-05-19,0329,N,VIIRS,n,2,278.29,2.15,N,0
40.29826,-6.34603,299.22,0.62,0.71,2023-05-19,0329,N,VIIRS,n,2,281.36,1.27,N,0
40.31516,-6.42232,305.76,0.61,0.71,2023-05-19,0329,N,VIIRS,n,2,279.83,3.7,N,0
40.31272,-6.41462,302.5,0.61,0.71,2023-05-19,0329,N,VIIRS,n,2,279.77,3.7,N,0
40.29247,-6.35067,308.58,0.62,0.71,2023-05-19,0329,N,VIIRS,n,2,280.93,2.92,N,0
40.31187,-6.43474,367,0.61,0.71,2023-05-19,0329,N,VIIRS,h,2,287.7,17.75,N,0
40.30994,-6.42868,367,0.61,0.71,2023-05-19,0329,N,VIIRS,h,2,290.45,17.75,N,0
40.28864,-6.36145,330.59,0.62,0.71,2023-05-19,0329,N,VIIRS,n,2,281.17,2.92,N,0
40.30819,-6.42316,319.79,0.61,0.71,2023-05-19,0329,N,VIIRS,n,2,281.44,3.7,N,0
40.29071,-6.36799,297.39,0.62,0.71,2023-05-19,0329,N,VIIRS,n,2,279.11,3.55,N,0
40.30545,-6.43728,367,0.61,0.71,2023-05-19,0329,N,VIIRS,h,2,290.73,12.49,N,0
40.30888,-6.44815,315.69,0.61,0.71,2023-05-19,0329,N,VIIRS,n,2,279.71,16.37,N,0
40.30326,-6.43039,304.35,0.61,0.71,2023-05-19,0329,N,VIIRS,n,2,281.76,12.49,N,0
40.3005,-6.44451,367,0.61,0.71,2023-05-19,0329,N,VIIRS,h,2,287.42,12.49,N,0
40.30378,-6.45486,309.5,0.61,0.71,2023-05-19,0329,N,VIIRS,n,2,278.22,16.37,N,0
40.29701,-6.43349,311.99,0.61,0.71,2023-05-19,0329,N,VIIRS,n,2,281.38,12.49,N,0
40.29913,-6.46296,337.13,0.61,0.71,2023-05-19,0329,N,VIIRS,n,2,282.98,8.75,N,0
40.29733,-6.45731,333.48,0.61,0.71,2023-05-19,0329,N,VIIRS,n,2,283.88,8.75,N,0
40.29464,-6.44883,317.01,0.61,0.71,2023-05-19,0329,N,VIIRS,n,2,282.25,3.1,N,0
40.27666,-6.39224,304.27,0.62,0.71,2023-05-19,0329,N,VIIRS,n,2,281.25,1.87,N,0
40.29577,-6.47508,367,0.61,0.71,2023-05-19,0329,N,VIIRS,h,2,291.68,16.54,N,0
40.29427,-6.47038,348.63,0.61,0.71,2023-05-19,0329,N,VIIRS,n,2,295.34,16.54,N,0
40.29276,-6.46564,356.2,0.61,0.71,2023-05-19,0329,N,VIIRS,n,2,292.83,8.75,N,0
40.29062,-6.4589,325.53,0.61,0.71,2023-05-19,0329,N,VIIRS,n,2,282.03,8.75,N,0
40.29734,-6.48003,297.81,0.61,0.71,2023-05-19,0329,N,VIIRS,n,2,281.24,7.6,N,0
40.28762,-6.44946,295.85,0.61,0.71,2023-05-19,0329,N,VIIRS,n,2,280.19,3.1,N,0
40.29101,-6.48282,338.22,0.61,0.71,2023-05-19,0329,N,VIIRS,n,2,285.65,15.43,N,0
40.28942,-6.47782,349.64,0.61,0.71,2023-05-19,0329,N,VIIRS,n,2,290.43,8.53,N,0
40.28798,-6.4733,320.98,0.61,0.71,2023-05-19,0329,N,VIIRS,n,2,288.04,8.53,N,0
40.28641,-6.46837,308.42,0.61,0.71,2023-05-19,0329,N,VIIRS,n,2,282.39,2.29,N,0
40.284,-6.46082,306.25,0.61,0.71,2023-05-19,0329,N,VIIRS,n,2,279.29,2.29,N,0
40.26919,-6.41431,297.29,0.62,0.71,2023-05-19,0329,N,VIIRS,n,2,280.15,6.68,N,0
40.2662,-6.40493,315.56,0.62,0.71,2023-05-19,0329,N,VIIRS,n,2,281.36,5.02,N,0
40.28491,-6.48634,367,0.61,0.71,2023-05-19,0329,N,VIIRS,h,2,291.36,15.43,N,0
40.28337,-6.48153,331.67,0.61,0.71,2023-05-19,0329,N,VIIRS,n,2,287.38,8.53,N,0
40.26252,-6.41612,338.19,0.62,0.71,2023-05-19,0329,N,VIIRS,n,2,284.81,6.68,N,0
40.25988,-6.40786,332.31,0.62,0.71,2023-05-19,0329,N,VIIRS,n,2,282.99,5.02,N,0
40.28664,-6.49174,307.22,0.61,0.71,2023-05-19,0329,N,VIIRS,n,2,282.19,15.43,N,0
40.28194,-6.47702,310.31,0.61,0.71,2023-05-19,0329,N,VIIRS,n,2,286.23,8.53,N,0
40.28038,-6.47212,301.68,0.61,0.71,2023-05-19,0329,N,VIIRS,n,2,282.24,2.29,N,0
40.28067,-6.49568,367,0.61,0.71,2023-05-19,0329,N,VIIRS,h,2,290.08,19.1,N,0
40.27903,-6.49055,355.85,0.61,0.71,2023-05-19,0329,N,VIIRS,n,2,298.36,19.1,N,0
40.27752,-6.48584,339.02,0.61,0.71,2023-05-19,0329,N,VIIRS,n,2,288.71,9.24,N,0
40.27451,-6.47642,335.79,0.61,0.71,2023-05-19,0329,N,VIIRS,n,2,284.29,7.35,N,0
40.25641,-6.41969,332.75,0.62,0.71,2023-05-19,0329,N,VIIRS,n,2,282.69,5.09,N,0
40.2761,-6.4814,311.1,0.61,0.71,2023-05-19,0329,N,VIIRS,n,2,286.35,9.24,N,0
40.25365,-6.41106,314.5,0.62,0.71,2023-05-19,0329,N,VIIRS,n,2,280.37,4.8,N,0
40.27644,-6.50506,354.36,0.61,0.71,2023-05-19,0329,N,VIIRS,n,2,286.84,29.55,N,0
40.27469,-6.49958,367,0.61,0.71,2023-05-19,0329,N,VIIRS,h,2,294.81,19.1,N,0
40.27313,-6.49471,328.19,0.61,0.71,2023-05-19,0329,N,VIIRS,n,2,291.19,19.1,N,0
40.27028,-6.4858,324.94,0.61,0.71,2023-05-19,0329,N,VIIRS,n,2,289.21,9.24,N,0
40.2687,-6.48088,367,0.61,0.71,2023-05-19,0329,N,VIIRS,h,2,289.53,7.35,N,0
40.2717,-6.49023,319.17,0.61,0.71,2023-05-19,0329,N,VIIRS,n,2,289.08,9.24,N,0
40.26666,-6.47446,301.66,0.61,0.71,2023-05-19,0329,N,VIIRS,n,2,278.82,7.35,N,0
40.25003,-6.42243,309.82,0.62,0.71,2023-05-19,0329,N,VIIRS,n,2,281.42,5.09,N,0
40.27033,-6.50854,337.11,0.61,0.71,2023-05-19,0329,N,VIIRS,n,2,292.4,16.5,N,0
40.2686,-6.50312,329.36,0.61,0.71,2023-05-19,0329,N,VIIRS,n,2,293.19,8.41,N,0
40.26704,-6.49823,323.48,0.61,0.71,2023-05-19,0329,N,VIIRS,n,2,290.27,8.41,N,0
40.26558,-6.49369,330.27,0.61,0.71,2023-05-19,0329,N,VIIRS,n,2,291.39,7.25,N,0
40.26418,-6.48931,335.54,0.61,0.71,2023-05-19,0329,N,VIIRS,n,2,288.76,7.25,N,0
40.2626,-6.4844,342.29,0.61,0.71,2023-05-19,0329,N,VIIRS,n,2,286.04,4.66,N,0
40.26068,-6.47839,296.42,0.61,0.71,2023-05-19,0329,N,VIIRS,n,2,278.27,4.66,N,0
40.24821,-6.43938,299.83,0.61,0.71,2023-05-19,0329,N,VIIRS,n,2,282.41,2.49,N,0
40.24593,-6.43227,299.2,0.62,0.71,2023-05-19,0329,N,VIIRS,n,2,281.13,1.06,N,0
40.26604,-6.51771,332.85,0.61,0.71,2023-05-19,0329,N,VIIRS,n,2,282.95,16.5,N,0
40.26409,-6.51162,367,0.61,0.71,2023-05-19,0329,N,VIIRS,h,2,297.9,16.5,N,0
40.26238,-6.50625,333.74,0.61,0.71,2023-05-19,0329,N,VIIRS,n,2,292.93,8.41,N,0
40.26083,-6.50142,322.22,0.61,0.71,2023-05-19,0329,N,VIIRS,n,2,289.41,8.41,N,0
40.25933,-6.49674,320.77,0.61,0.71,2023-05-19,0329,N,VIIRS,n,2,289.16,7.25,N,0
40.25639,-6.48757,337.6,0.61,0.71,2023-05-19,0329,N,VIIRS,n,2,287.74,4.66,N,0
40.25787,-6.49219,316.23,0.61,0.71,2023-05-19,0329,N,VIIRS,n,2,288.55,7.25,N,0
40.25451,-6.48169,298.38,0.61,0.71,2023-05-19,0329,N,VIIRS,n,2,279.39,4.66,N,0
40.25215,-6.47433,313.93,0.61,0.71,2023-05-19,0329,N,VIIRS,n,2,281.45,1.79,N,0
40.24854,-6.46306,295.29,0.61,0.71,2023-05-19,0329,N,VIIRS,n,2,282.17,1.79,N,0
40.25984,-6.5209,346.48,0.61,0.71,2023-05-19,0329,N,VIIRS,n,2,286.19,79.45,N,0
40.25795,-6.51501,367,0.61,0.71,2023-05-19,0329,N,VIIRS,h,2,305.79,79.45,N,0
40.25631,-6.50986,356.71,0.61,0.71,2023-05-19,0329,N,VIIRS,n,2,299.04,65.32,N,0
40.25472,-6.50492,334.9,0.61,0.71,2023-05-19,0329,N,VIIRS,n,2,292.69,65.32,N,0
40.25295,-6.4994,318.79,0.61,0.71,2023-05-19,0329,N,VIIRS,n,2,287.55,5.86,N,0
40.25116,-6.49382,309.35,0.61,0.71,2023-05-19,0329,N,VIIRS,n,2,285.8,5.86,N,0
40.24942,-6.48837,305.97,0.61,0.71,2023-05-19,0329,N,VIIRS,n,2,285.26,3.24,N,0
40.24736,-6.48196,319.35,0.61,0.71,2023-05-19,0329,N,VIIRS,n,2,284.49,3.24,N,0
40.24446,-6.4729,310.51,0.61,0.71,2023-05-19,0329,N,VIIRS,n,2,286.74,2.14,N,0
40.2415,-6.46369,304.78,0.61,0.71,2023-05-19,0329,N,VIIRS,n,2,285.8,2.14,N,0
40.25368,-6.52422,354.64,0.61,0.71,2023-05-19,0329,N,VIIRS,n,2,284.09,79.45,N,0
40.25181,-6.51839,345.07,0.61,0.71,2023-05-19,0329,N,VIIRS,n,2,315.61,79.45,N,0
40.25006,-6.51293,330.21,0.61,0.71,2023-05-19,0329,N,VIIRS,n,2,328.23,65.32,N,0
40.24818,-6.50707,354.95,0.61,0.71,2023-05-19,0329,N,VIIRS,n,2,293.93,65.32,N,0
40.25601,-6.53147,297.48,0.61,0.71,2023-05-19,0329,N,VIIRS,n,2,281.42,15.59,N,0
40.24603,-6.50036,319.86,0.61,0.71,2023-05-19,0329,N,VIIRS,n,2,285.9,5.86,N,0
40.24398,-6.49398,308.03,0.61,0.71,2023-05-19,0329,N,VIIRS,n,2,285.98,5.86,N,0
40.24203,-6.4879,309.96,0.61,0.71,2023-05-19,0329,N,VIIRS,n,2,286.4,3.24,N,0
40.2395,-6.48002,308.6,0.61,0.71,2023-05-19,0329,N,VIIRS,n,2,285.98,3.24,N,0
40.23687,-6.47182,307.07,0.61,0.71,2023-05-19,0329,N,VIIRS,n,2,283.83,2.14,N,0
40.23443,-6.4642,302.37,0.61,0.71,2023-05-19,0329,N,VIIRS,n,2,282.72,2.14,N,0
40.24571,-6.52189,345.31,0.61,0.71,2023-05-19,0329,N,VIIRS,n,2,282.54,22.46,N,0
40.24384,-6.51608,367,0.61,0.71,2023-05-19,0329,N,VIIRS,h,2,295.32,30,N,0
40.24164,-6.50921,350.13,0.61,0.71,2023-05-19,0329,N,VIIRS,n,2,286.77,30,N,0
40.23927,-6.5018,321.13,0.61,0.71,2023-05-19,0329,N,VIIRS,n,2,283.98,5.07,N,0
40.23022,-6.47366,329.92,0.61,0.71,2023-05-19,0329,N,VIIRS,n,2,283.32,4.5,N,0
40.24755,-6.52762,299.96,0.61,0.71,2023-05-19,0329,N,VIIRS,n,2,281.32,22.46,N,0
40.23698,-6.4947,317.34,0.61,0.71,2023-05-19,0329,N,VIIRS,n,2,287.3,5.07,N,0
40.2348,-6.48791,319.14,0.61,0.71,2023-05-19,0329,N,VIIRS,n,2,285.34,5.59,N,0
40.2325,-6.48076,316.35,0.61,0.71,2023-05-19,0329,N,VIIRS,n,2,284.68,5.59,N,0
40.22792,-6.4665,305.37,0.61,0.71,2023-05-19,0329,N,VIIRS,n,2,281.15,4.5,N,0
40.23755,-6.51897,340.57,0.61,0.71,2023-05-19,0329,N,VIIRS,n,2,286.9,30,N,0
40.22816,-6.48978,320.81,0.61,0.71,2023-05-19,0329,N,VIIRS,n,2,283.48,5.59,N,0
40.22602,-6.48313,342.47,0.61,0.71,2023-05-19,0329,N,VIIRS,n,2,283.52,5.59,N,0
40.2395,-6.52505,315.75,0.61,0.71,2023-05-19,0329,N,VIIRS,n,2,281.3,22.46,N,0
40.23515,-6.51151,317.35,0.61,0.71,2023-05-19,0329,N,VIIRS,n,2,282.39,30,N,0
40.23273,-6.504,317.34,0.61,0.71,2023-05-19,0329,N,VIIRS,n,2,281.63,5.07,N,0
40.23041,-6.49676,317.89,0.61,0.71,2023-05-19,0329,N,VIIRS,n,2,282.44,5.07,N,0
40.23308,-6.52756,333.23,0.61,0.71,2023-05-19,0329,N,VIIRS,n,2,280.68,23.55,N,0
40.23106,-6.5213,367,0.61,0.71,2023-05-19,0329,N,VIIRS,h,2,287.58,17.8,N,0
40.22879,-6.51423,342.03,0.61,0.71,2023-05-19,0329,N,VIIRS,n,2,282.49,17.8,N,0
40.2264,-6.5068,328.04,0.61,0.71,2023-05-19,0329,N,VIIRS,n,2,280.08,4.56,N,0
40.22406,-6.49953,316.29,0.61,0.71,2023-05-19,0329,N,VIIRS,n,2,279.74,4.56,N,0
40.22182,-6.49259,317.75,0.61,0.71,2023-05-19,0329,N,VIIRS,n,2,280.64,4.54,N,0
40.22673,-6.5303,332.15,0.61,0.71,2023-05-19,0329,N,VIIRS,n,2,279.64,23.55,N,0
40.22461,-6.5237,367,0.61,0.71,2023-05-19,0329,N,VIIRS,h,2,284.81,17.8,N,0
40.22236,-6.51674,331.56,0.61,0.71,2023-05-19,0329,N,VIIRS,n,2,279.22,17.8,N,0
40.22011,-6.50974,309.32,0.61,0.71,2023-05-19,0329,N,VIIRS,n,2,279.05,4.56,N,0
40.21778,-6.50253,297.3,0.61,0.71,2023-05-19,0329,N,VIIRS,n,2,279.17,4.56,N,0
40.24869,-6.52495,325.25,0.61,0.71,2023-05-19,0329,N,VIIRS,n,2,281.75,26.1,N,0
40.24689,-6.51926,367,0.61,0.71,2023-05-19,0329,N,VIIRS,h,2,291.44,104.6,N,0
40.24284,-6.5064,344.97,0.61,0.71,2023-05-19,0329,N,VIIRS,n,2,286.77,13.2,N,0
40.23163,-6.47079,326.23,0.61,0.71,2023-05-19,0329,N,VIIRS,n,2,282.83,5.55,N,0
40.25074,-6.53147,296.01,0.61,0.71,2023-05-19,0329,N,VIIRS,n,2,281.04,26.1,N,0
40.24056,-6.49915,318.12,0.61,0.71,2023-05-19,0329,N,VIIRS,n,2,284.73,13.2,N,0
40.23842,-6.49236,316.92,0.61,0.71,2023-05-19,0329,N,VIIRS,n,2,288.67,5.13,N,0
40.2362,-6.48532,309.26,0.61,0.71,2023-05-19,0329,N,VIIRS,n,2,285.4,5.13,N,0
40.2339,-6.478,316.89,0.61,0.71,2023-05-19,0329,N,VIIRS,n,2,285.34,5.55,N,0
40.22931,-6.46344,299.53,0.61,0.71,2023-05-19,0329,N,VIIRS,n,2,281.27,1.68,N,0
40.23865,-6.51596,333.55,0.61,0.71,2023-05-19,0329,N,VIIRS,n,2,285.13,104.6,N,0
40.21722,-6.51663,296.96,0.61,0.71,2023-05-19,0329,N,VIIRS,n,2,278.62,2.27,N,0
40.21944,-6.52366,301.42,0.61,0.71,2023-05-19,0329,N,VIIRS,n,2,278.87,1.73,N,0
40.22168,-6.53073,295.36,0.61,0.71,2023-05-19,0329,N,VIIRS,n,2,279.2,1.73,N,0
40.21905,-6.4996,296.25,0.61,0.71,2023-05-19,0329,N,VIIRS,n,2,279.39,3.78,N,0
40.22133,-6.5068,311.72,0.61,0.71,2023-05-19,0329,N,VIIRS,n,2,278.88,7.88,N,0
40.22996,-6.53412,296.73,0.61,0.71,2023-05-19,0329,N,VIIRS,n,2,279.21,17.77,N,0
40.2236,-6.51399,327.9,0.61,0.71,2023-05-19,0329,N,VIIRS,n,2,278.78,7.88,N,0
40.22581,-6.521,367,0.61,0.71,2023-05-19,0329,N,VIIRS,h,2,285.23,21.66,N,0
40.22789,-6.52755,367,0.61,0.71,2023-05-19,0329,N,VIIRS,h,2,282.87,21.66,N,0
40.22316,-6.48972,311.9,0.61,0.71,2023-05-19,0329,N,VIIRS,n,2,280.44,3.78,N,0
40.2253,-6.4965,326.98,0.61,0.71,2023-05-19,0329,N,VIIRS,n,2,280.79,3.78,N,0
40.22757,-6.50372,325.95,0.61,0.71,2023-05-19,0329,N,VIIRS,n,2,280.55,7.88,N,0
40.22994,-6.51122,335.18,0.61,0.71,2023-05-19,0329,N,VIIRS,n,2,282.71,7.88,N,0
40.23227,-6.51862,342.29,0.61,0.71,2023-05-19,0329,N,VIIRS,n,2,284.68,21.66,N,0
40.23433,-6.52514,355.79,0.61,0.71,2023-05-19,0329,N,VIIRS,n,2,283.85,21.66,N,0
40.23172,-6.49398,317.84,0.61,0.71,2023-05-19,0329,N,VIIRS,n,2,283.91,5.13,N,0
40.23396,-6.50109,315.43,0.61,0.71,2023-05-19,0329,N,VIIRS,n,2,282.26,13.2,N,0
40.23629,-6.50848,317.11,0.61,0.71,2023-05-19,0329,N,VIIRS,n,2,282.37,13.2,N,0
40.22738,-6.48021,343.29,0.61,0.71,2023-05-19,0329,N,VIIRS,n,2,284.07,5.55,N,0
40.22951,-6.48698,325.45,0.61,0.71,2023-05-19,0329,N,VIIRS,n,2,283.97,5.13,N,0
40.33612,-6.35615,355.57,0.62,0.71,2023-05-19,0329,N,VIIRS,n,2,285.3,15.39,N,0
40.33317,-6.34695,352.73,0.62,0.71,2023-05-19,0329,N,VIIRS,n,2,286.91,14.05,N,0
40.33515,-6.37578,344.48,0.62,0.71,2023-05-19,0329,N,VIIRS,n,2,282.96,15.39,N,0
40.33237,-6.36712,343.38,0.62,0.71,2023-05-19,0329,N,VIIRS,n,2,279.44,15.39,N,0
40.32816,-6.35398,345.31,0.62,0.71,2023-05-19,0329,N,VIIRS,n,2,281.84,14.05,N,0
40.32862,-6.37803,367,0.62,0.71,2023-05-19,0329,N,VIIRS,h,2,286.57,25.73,N,0
40.33332,-6.39266,302.21,0.62,0.71,2023-05-19,0329,N,VIIRS,n,2,277.53,8.32,N,0
40.33122,-6.38612,310.86,0.62,0.71,2023-05-19,0329,N,VIIRS,n,2,277.98,8.32,N,0
40.31357,-6.33122,299.59,0.62,0.71,2023-05-19,0329,N,VIIRS,n,2,280.01,1.08,N,0
40.32711,-6.3959,328.43,0.62,0.71,2023-05-19,0329,N,VIIRS,n,2,279.94,8.32,N,0
40.30725,-6.33418,301.45,0.62,0.71,2023-05-19,0329,N,VIIRS,n,2,280.67,1.08,N,0
40.32602,-6.41503,302.57,0.61,0.71,2023-05-19,0329,N,VIIRS,n,2,277.15,3.05,N,0
40.32339,-6.40686,319.73,0.61,0.71,2023-05-19,0329,N,VIIRS,n,2,279.4,3.05,N,0
40.31894,-6.41556,334.42,0.61,0.71,2023-05-19,0329,N,VIIRS,n,2,281.78,3.05,N,0
40.32135,-6.42302,299.11,0.61,0.71,2023-05-19,0329,N,VIIRS,n,2,277.93,4.74,N,0
40.31642,-6.40773,300.5,0.61,0.71,2023-05-19,0329,N,VIIRS,n,2,278.25,3.05,N,0
40.29736,-6.34862,296.32,0.62,0.71,2023-05-19,0329,N,VIIRS,n,2,281.1,1.72,N,0
40.31203,-6.4166,301.43,0.61,0.71,2023-05-19,0329,N,VIIRS,n,2,279.81,2.95,N,0
40.29155,-6.35317,308.2,0.62,0.71,2023-05-19,0329,N,VIIRS,n,2,280.48,2.38,N,0
40.31116,-6.43636,355.15,0.61,0.71,2023-05-19,0329,N,VIIRS,n,2,287.91,23.84,N,0
40.30152,-6.47718,347.37,0.42,0.38,2023-05-19,1311,N,VIIRS,n,2,301.32,7.82,D,0
40.22841,-6.47432,336.28,0.43,0.38,2023-05-19,1311,N,VIIRS,n,2,302.85,9.32,D,0
40.22753,-6.47929,344.54,0.43,0.38,2023-05-19,1311,N,VIIRS,n,2,306.62,9.33,D,0
40.21956,-6.52394,335.21,0.43,0.38,2023-05-19,1311,N,VIIRS,n,2,300.46,8.65,D,0
40.22211,-6.52991,367,0.43,0.38,2023-05-19,1311,N,VIIRS,h,2,306.71,15.13,D,0
40.32777,-6.41079,343.98,0.42,0.38,2023-05-19,1311,N,VIIRS,n,2,298.69,28.08,D,0
40.32325,-6.4362,345.21,0.42,0.38,2023-05-19,1311,N,VIIRS,n,2,301.22,12.71,D,0
40.33374,-6.39749,367,0.42,0.38,2023-05-19,1311,N,VIIRS,h,2,306.38,19.98,D,0
40.33548,-6.38767,349.33,0.42,0.38,2023-05-19,1311,N,VIIRS,n,2,301.2,26.61,D,0
40.23536,-6.45557,334.23,0.42,0.38,2023-05-19,1311,N,VIIRS,n,2,303.8,1.65,D,0
40.22565,-6.51004,351.88,0.43,0.38,2023-05-19,1311,N,VIIRS,n,2,305.68,9.97,D,0
40.223,-6.52496,353.36,0.43,0.38,2023-05-19,1311,N,VIIRS,n,2,307.09,8.65,D,0
40.22554,-6.53097,367,0.43,0.38,2023-05-19,1311,N,VIIRS,h,2,308.92,45.93,D,0
40.22642,-6.52598,349.46,0.43,0.38,2023-05-19,1311,N,VIIRS,n,2,304.66,12.62,D,0
40.24744,-6.42818,333.65,0.42,0.38,2023-05-19,1311,N,VIIRS,n,2,302.03,2.15,D,0
40.22986,-6.52701,339.67,0.43,0.38,2023-05-19,1311,N,VIIRS,n,2,300.13,12.62,D,0
40.22729,-6.52811,356.67,0.43,0.38,2023-05-19,1311,N,VIIRS,n,2,308.63,31.95,D,0
40.24953,-6.42548,339.79,0.42,0.38,2023-05-19,1311,N,VIIRS,n,2,310.58,20.68,D,0
40.25385,-6.42152,339.01,0.42,0.38,2023-05-19,1311,N,VIIRS,n,2,311.15,5.76,D,0
40.23507,-6.52508,334.64,0.43,0.38,2023-05-19,1311,N,VIIRS,n,2,301.56,5.41,D,0
40.25466,-6.47699,351.92,0.42,0.38,2023-05-19,1311,N,VIIRS,n,2,304.27,9.39,D,0
40.27105,-6.40609,339.62,0.42,0.38,2023-05-19,1311,N,VIIRS,l,2,311.69,6.44,D,0
40.27885,-6.38271,336,0.42,0.38,2023-05-19,1311,N,VIIRS,l,2,306.83,4.15,D,0
40.25308,-6.52553,337.53,0.43,0.38,2023-05-19,1311,N,VIIRS,n,2,293.21,7.25,D,0
40.26919,-6.47643,347.16,0.42,0.38,2023-05-19,1311,N,VIIRS,n,2,300.49,30.16,D,0
40.27259,-6.47759,343.86,0.42,0.38,2023-05-19,1311,N,VIIRS,n,2,307.82,38.69,D,0
40.27038,-6.50981,338.07,0.43,0.38,2023-05-19,1311,N,VIIRS,n,2,298.42,16.32,D,0
40.27379,-6.51089,367,0.43,0.38,2023-05-19,1311,N,VIIRS,h,2,304.3,12.18,D,0
40.2747,-6.50588,335.1,0.43,0.38,2023-05-19,1311,N,VIIRS,n,2,293.6,20.5,D,0
40.2729,-6.51588,331.31,0.43,0.38,2023-05-19,1311,N,VIIRS,n,2,293.04,12.18,D,0
40.27901,-6.50202,367,0.43,0.38,2023-05-19,1311,N,VIIRS,h,2,310.8,20.5,D,0
40.30977,-6.33046,339.97,0.42,0.38,2023-05-19,1311,N,VIIRS,n,2,308.65,5.52,D,0
40.28083,-6.49189,338.5,0.43,0.38,2023-05-19,1311,N,VIIRS,n,2,302.09,11.22,D,0
40.27992,-6.49698,355.17,0.43,0.38,2023-05-19,1311,N,VIIRS,n,2,306.94,11.22,D,0
40.27811,-6.50699,352.99,0.43,0.38,2023-05-19,1311,N,VIIRS,n,2,307.11,20.5,D,0
40.31318,-6.33143,341.13,0.42,0.38,2023-05-19,1311,N,VIIRS,n,2,305.17,17.21,D,0
40.28513,-6.48806,348.29,0.42,0.38,2023-05-19,1311,N,VIIRS,n,2,306.14,15.29,D,0
40.28422,-6.49311,353.43,0.43,0.38,2023-05-19,1311,N,VIIRS,n,2,313.12,29.93,D,0
40.28333,-6.49811,354.68,0.43,0.38,2023-05-19,1311,N,VIIRS,n,2,297.18,29.93,D,0
40.28243,-6.5031,347.4,0.43,0.38,2023-05-19,1311,N,VIIRS,n,2,302.91,16.87,D,0
40.28154,-6.50799,347.66,0.43,0.38,2023-05-19,1311,N,VIIRS,n,2,296.14,16.87,D,0
40.29037,-6.47899,348.56,0.42,0.38,2023-05-19,1311,N,VIIRS,n,2,298.29,6.56,D,0
40.28852,-6.48926,336.55,0.42,0.38,2023-05-19,1311,N,VIIRS,n,2,292.39,15.29,D,0
40.28762,-6.49428,355.62,0.43,0.38,2023-05-19,1311,N,VIIRS,n,2,299.18,29.93,D,0
40.30092,-6.44026,342.31,0.42,0.38,2023-05-19,1311,N,VIIRS,n,2,308.18,36.8,D,0
40.29471,-6.47491,339.48,0.42,0.38,2023-05-19,1311,N,VIIRS,n,2,296.15,22.76,D,0
40.29377,-6.48014,356.52,0.42,0.38,2023-05-19,1311,N,VIIRS,n,2,307.43,22.76,D,0
40.30185,-6.4552,349.19,0.42,0.38,2023-05-19,1311,N,VIIRS,n,2,313.03,8.25,D,0
40.30093,-6.46028,349.11,0.42,0.38,2023-05-19,1311,N,VIIRS,n,2,309.95,8.25,D,0
40.3,-6.4655,354.44,0.42,0.38,2023-05-19,1311,N,VIIRS,n,2,310.27,21.29,D,0
40.29905,-6.47081,356.08,0.42,0.38,2023-05-19,1311,N,VIIRS,n,2,307.3,21.29,D,0
40.29811,-6.47605,357.32,0.42,0.38,2023-05-19,1311,N,VIIRS,n,2,318.28,22.76,D,0
40.30339,-6.46668,367,0.42,0.38,2023-05-19,1311,N,VIIRS,h,2,298.83,10.89,D,0
40.30245,-6.47196,367,0.42,0.38,2023-05-19,1311,N,VIIRS,h,2,308.61,10.89,D,0
40.30526,-6.45623,350.75,0.42,0.38,2023-05-19,1311,N,VIIRS,n,2,318.95,20.89,D,0
40.30434,-6.4614,352.19,0.42,0.38,2023-05-19,1311,N,VIIRS,n,2,313.25,20.89,D,0
40.22134,-6.514,367,0.43,0.38,2023-05-19,1311,N,VIIRS,h,2,303.11,9.97,D,0
40.31478,-6.42317,347.87,0.42,0.38,2023-05-19,1311,N,VIIRS,n,2,300.52,5.47,D,0
40.31384,-6.42843,355.95,0.42,0.38,2023-05-19,1311,N,VIIRS,n,2,304.02,39.74,D,0
40.30679,-6.46783,347.15,0.42,0.38,2023-05-19,1311,N,VIIRS,n,2,304.97,10.89,D,0
40.31545,-6.43956,357.09,0.42,0.38,2023-05-19,1311,N,VIIRS,n,2,301.92,12.61,D,0
40.32605,-6.40029,345.65,0.42,0.38,2023-05-19,1311,N,VIIRS,n,2,302.29,5.29,D,0
40.32433,-6.40995,354.81,0.42,0.38,2023-05-19,1311,N,VIIRS,n,2,319.71,44.6,D,0
40.31981,-6.43531,348.94,0.42,0.38,2023-05-19,1311,N,VIIRS,n,2,302.9,14.05,D,0
40.33468,-6.37201,345.07,0.42,0.38,2023-05-19,1311,N,VIIRS,n,2,302.64,5.06,D,0
40.33208,-6.38659,348.17,0.42,0.38,2023-05-19,1311,N,VIIRS,n,2,320.44,26.61,D,0
40.33121,-6.39148,339.76,0.42,0.38,2023-05-19,1311,N,VIIRS,n,2,312.24,19.98,D,0
40.33034,-6.39637,356.27,0.42,0.38,2023-05-19,1311,N,VIIRS,n,2,317.51,19.98,D,0
43.30428,-2.49491,331.65,0.4,0.37,2023-05-19,1312,N,VIIRS,n,2,288.61,2,D,0
43.243,-2.9935,328.3,0.39,0.36,2023-05-19,1312,N,VIIRS,n,2,298.58,1.78,D,0
42.55157,-6.76963,300.15,0.47,0.64,2023-05-20,0129,N,VIIRS,n,2,278.16,1.18,N,0
42.55334,-6.77041,298.53,0.47,0.64,2023-05-20,0129,N,VIIRS,n,2,279.05,0.83,N,0
40.32877,-6.43548,367,0.36,0.57,2023-05-20,0310,N,VIIRS,h,2,277.05,6.77,N,0
40.22446,-6.48829,298.73,0.36,0.57,2023-05-20,0310,N,VIIRS,n,2,275.57,0.59,N,0
40.30133,-6.43922,295.43,0.36,0.57,2023-05-20,0310,N,VIIRS,n,2,271.17,0.81,N,0
40.32335,-6.43644,308.46,0.36,0.57,2023-05-20,0310,N,VIIRS,n,2,272.84,6.77,N,0
40.32682,-6.42821,301.62,0.36,0.57,2023-05-20,0310,N,VIIRS,n,2,271.92,2.1,N,0
40.32778,-6.4318,353.13,0.36,0.57,2023-05-20,0310,N,VIIRS,n,2,275.95,6.77,N,0
40.33123,-6.42351,307.04,0.36,0.57,2023-05-20,0310,N,VIIRS,n,2,271.8,2.18,N,0
40.33218,-6.42704,325.28,0.36,0.57,2023-05-20,0310,N,VIIRS,n,2,273.77,2.18,N,0
40.33316,-6.43068,332.47,0.36,0.57,2023-05-20,0310,N,VIIRS,n,2,272.38,5.08,N,0
42.06054,0.07112,307.87,0.36,0.58,2023-05-21,0110,N,VIIRS,n,2,279.58,0.93,N,0
42.06324,0.07319,297.12,0.36,0.58,2023-05-21,0110,N,VIIRS,n,2,279.38,0.34,N,0
39.95031,-0.00575,314.63,0.35,0.57,2023-05-21,0111,N,VIIRS,n,2,286.04,1.67,N,2
39.95141,-0.00559,315.15,0.35,0.57,2023-05-21,0111,N,VIIRS,n,2,287.03,1.68,N,2
37.92963,-4.6308,297.55,0.6,0.71,2023-05-21,0111,N,VIIRS,n,2,256.28,1.02,N,0
41.31377,1.66243,303.42,0.49,0.65,2023-05-21,0250,N,VIIRS,n,2,274.86,1.66,N,2
43.52925,-5.72638,298.05,0.39,0.44,2023-05-21,0250,N,VIIRS,n,2,281.01,1.8,N,2
37.92904,-4.63001,336.71,0.59,0.53,2023-05-21,0252,N,VIIRS,n,2,280.53,7.5,N,0
42.30866,-1.80729,335.11,0.4,0.44,2023-05-21,1234,N,VIIRS,n,2,300.83,3.3,D,0
42.55367,-6.76961,300.7,0.39,0.36,2023-05-22,0232,N,VIIRS,n,2,283.99,0.58,N,0
43.55922,-5.72619,302.2,0.4,0.37,2023-05-22,0232,N,VIIRS,n,2,282.39,1.36,N,0
43.53078,-5.72527,303.49,0.4,0.37,2023-05-22,0232,N,VIIRS,n,2,283.03,0.44,N,2
43.53899,-5.83182,327.38,0.4,0.37,2023-05-22,0232,N,VIIRS,n,2,283.53,2.34,N,2
43.34599,-8.43514,319.49,0.38,0.36,2023-05-22,0232,N,VIIRS,n,2,285.25,1.35,N,2
42.55197,-6.76695,302.63,0.39,0.36,2023-05-22,0232,N,VIIRS,n,2,282.67,0.78,N,0
42.55319,-6.76699,296.62,0.43,0.38,2023-05-23,0213,N,VIIRS,n,2,282.25,0.51,N,0
41.31487,1.65929,295.33,0.52,0.42,2023-05-23,0213,N,VIIRS,n,2,282.01,0.66,N,2
41.31216,1.66349,310.84,0.52,0.42,2023-05-23,0213,N,VIIRS,n,2,283.13,2.15,N,2
42.43715,-8.45986,304.91,0.49,0.4,2023-05-23,0213,N,VIIRS,n,2,266.6,0.85,N,0
43.27773,-7.528,329.21,0.43,0.38,2023-05-23,1337,N,VIIRS,n,2,293.28,2.05,D,0
43.34605,-8.43544,336.44,0.41,0.37,2023-05-23,1337,N,VIIRS,n,2,301.23,2.6,D,2
41.31312,1.66042,306.13,0.39,0.36,2023-05-24,0154,N,VIIRS,n,2,286.96,0.88,N,2
41.92239,0.18008,300.3,0.39,0.36,2023-05-24,0154,N,VIIRS,n,2,283.56,0.48,N,2
41.52828,1.80476,300.12,0.39,0.36,2023-05-24,0154,N,VIIRS,n,2,283.5,0.32,N,2
41.45487,1.97671,299.32,0.39,0.36,2023-05-24,0154,N,VIIRS,n,2,285.62,0.49,N,2
41.4541,1.98132,297.95,0.39,0.36,2023-05-24,0154,N,VIIRS,n,2,287.6,0.6,N,2
41.40659,1.99635,306.28,0.39,0.36,2023-05-24,0154,N,VIIRS,n,2,286.52,1.18,N,0
41.47506,-1.48794,302.43,0.41,0.37,2023-05-24,0154,N,VIIRS,n,2,283.62,0.97,N,2
38.37782,-6.48231,295.03,0.39,0.44,2023-05-24,0155,N,VIIRS,n,2,283.06,0.64,N,2
41.36861,-1.24996,343.54,0.46,0.39,2023-05-24,1317,N,VIIRS,n,2,297.01,5.23,D,0
42.55196,-6.77114,295.26,0.39,0.59,2023-05-25,0135,N,VIIRS,n,2,282.82,0.87,N,0
43.53879,-5.8315,324.18,0.35,0.57,2023-05-25,0135,N,VIIRS,n,2,283.95,2.11,N,2
43.5286,-5.73006,307.88,0.35,0.57,2023-05-25,0135,N,VIIRS,n,2,284.11,0.73,N,2
43.52332,-5.73064,296.34,0.35,0.57,2023-05-25,0135,N,VIIRS,n,2,282.63,0.73,N,2
37.92906,-4.62924,304.31,0.54,0.51,2023-05-25,0136,N,VIIRS,n,2,285.45,1.3,N,0
37.17882,-6.89901,298.49,0.36,0.57,2023-05-25,0137,N,VIIRS,n,2,288.32,1.09,N,0
37.36009,-6.67486,295.74,0.35,0.56,2023-05-25,0137,N,VIIRS,n,2,285.04,0.24,N,0
37.54331,-5.98615,343.15,0.4,0.44,2023-05-25,1258,N,VIIRS,n,2,306.01,5.08,D,0
43.54027,-5.83152,340.93,0.46,0.39,2023-05-25,1259,N,VIIRS,n,2,304.44,6.52,D,2
43.52678,-5.73349,298.57,0.6,0.71,2023-05-26,0116,N,VIIRS,n,2,281.25,1.27,N,2
43.5237,-5.73035,296.46,0.6,0.71,2023-05-26,0116,N,VIIRS,n,2,280.75,1.05,N,2
41.45519,1.98026,297.86,0.47,0.48,2023-05-26,0116,N,VIIRS,n,2,279.26,0.93,N,2
43.52499,-5.72891,306.99,0.45,0.47,2023-05-26,0257,N,VIIRS,n,2,282.6,2.03,N,2
43.52915,-5.72702,295,0.45,0.47,2023-05-26,0257,N,VIIRS,n,2,282.53,0.92,N,2
37.57395,-1.29827,347.86,0.4,0.44,2023-05-26,1239,N,VIIRS,n,2,299.07,4.46,D,0
36.87505,-2.30947,339.46,0.47,0.47,2023-05-26,1239,N,VIIRS,n,2,295.14,4.06,D,0
39.66321,-0.24976,296.37,0.53,0.67,2023-05-27,0058,N,VIIRS,n,2,285.31,0.69,N,0
41.10562,1.18416,296.37,0.33,0.55,2023-05-27,0238,N,VIIRS,n,2,281.46,0.45,N,0
43.54481,-5.84526,299.63,0.44,0.38,2023-05-27,0238,N,VIIRS,n,2,279.56,0.74,N,2
41.31536,1.66263,307.22,0.35,0.56,2023-05-27,0238,N,VIIRS,n,2,284.96,0.91,N,2
41.31039,1.66026,301.85,0.35,0.56,2023-05-27,0238,N,VIIRS,n,2,283.34,0.77,N,2
43.34774,-8.43426,298.83,0.39,0.36,2023-05-27,0238,N,VIIRS,n,2,283.49,0.29,N,2
42.55142,-6.7704,297.24,0.42,0.38,2023-05-27,0238,N,VIIRS,n,2,278.26,0.34,N,0
43.54205,-5.82938,330.78,0.4,0.6,2023-05-27,1222,N,VIIRS,n,2,296.14,3.71,D,2
43.22554,-2.88043,336.38,0.6,0.53,2023-05-27,1222,N,VIIRS,n,2,300.26,4.98,D,2
43.54039,-5.83216,330.34,0.4,0.6,2023-05-27,1222,N,VIIRS,n,2,298.57,4.28,D,2
43.03362,-2.22116,295.2,0.41,0.37,2023-05-28,0219,N,VIIRS,n,2,285.17,0.52,N,2
43.03699,-2.22001,297.37,0.41,0.37,2023-05-28,0219,N,VIIRS,n,2,287.1,0.52,N,2
42.81355,-1.74331,296.89,0.43,0.38,2023-05-28,0219,N,VIIRS,n,2,284.33,0.71,N,2
38.67636,-4.04794,322.18,0.41,0.37,2023-05-28,0220,N,VIIRS,n,2,283.9,1.82,N,0
38.67298,-4.04887,312.94,0.41,0.37,2023-05-28,0220,N,VIIRS,n,2,283.2,2.04,N,2
43.52454,-5.7263,327.17,0.65,0.73,2023-05-28,1203,N,VIIRS,n,2,290.62,6.06,D,2
43.52697,-5.72852,328.19,0.65,0.73,2023-05-28,1203,N,VIIRS,n,2,290.72,6.26,D,2
36.17821,-5.35714,349.52,0.5,0.41,2023-05-28,1341,N,VIIRS,n,2,301.97,11.11,D,0
36.18196,-5.35785,350.06,0.5,0.41,2023-05-28,1341,N,VIIRS,n,2,301.21,50.9,D,0
41.47589,-1.48899,305.59,0.39,0.36,2023-05-29,0200,N,VIIRS,n,2,285.64,0.54,N,2
43.318,-3.00771,298.49,0.42,0.38,2023-05-29,0200,N,VIIRS,n,2,286.94,0.62,N,0
43.31733,-3.00255,300.62,0.42,0.38,2023-05-29,0200,N,VIIRS,n,2,287.23,0.35,N,0
41.7426,1.82799,298.08,0.41,0.37,2023-05-29,0200,N,VIIRS,n,2,284.88,0.42,N,0
41.52718,1.80622,295.07,0.41,0.37,2023-05-29,0200,N,VIIRS,n,2,279.13,0.39,N,2
41.4735,-1.48677,302.27,0.39,0.36,2023-05-29,0200,N,VIIRS,n,2,285,0.94,N,2
40.24529,-3.47365,315.81,0.41,0.37,2023-05-29,0201,N,VIIRS,n,2,282.2,1.98,N,2
40.24293,-3.47592,295.41,0.41,0.37,2023-05-29,0201,N,VIIRS,n,2,280.95,0.83,N,2
43.52368,-5.72587,296.1,0.73,0.76,2023-05-29,0340,N,VIIRS,n,2,283.66,1.16,N,2
40.2451,-3.47508,335.49,0.43,0.38,2023-05-29,1323,N,VIIRS,n,2,301.77,3.14,D,2
41.92485,0.17847,343.79,0.42,0.45,2023-05-29,1324,N,VIIRS,n,2,306.54,3.87,D,2
43.03382,-2.21938,309.1,0.39,0.44,2023-05-30,0141,N,VIIRS,n,2,283.81,1.43,N,2
43.03786,-2.21865,301.56,0.39,0.44,2023-05-30,0141,N,VIIRS,n,2,284.51,0.69,N,2
43.0419,-2.21789,302.98,0.39,0.44,2023-05-30,0141,N,VIIRS,n,2,283.95,0.69,N,2
43.22127,-2.87955,298.81,0.42,0.45,2023-05-30,0141,N,VIIRS,n,2,284.78,0.76,N,0
43.53871,-5.82898,314.19,0.59,0.53,2023-05-30,0141,N,VIIRS,n,2,285.27,2.25,N,2
41.52956,1.80654,297.05,0.41,0.37,2023-05-30,0141,N,VIIRS,n,2,285.18,0.24,N,2
43.53917,-5.8365,314.56,0.59,0.53,2023-05-30,0141,N,VIIRS,n,2,285.17,4.27,N,2
41.31232,1.65997,319.46,0.41,0.37,2023-05-30,0142,N,VIIRS,n,2,288.02,1.81,N,2
39.66285,-0.24939,297.85,0.45,0.39,2023-05-30,0142,N,VIIRS,n,2,286.52,0.57,N,0
39.95105,-0.00345,301.17,0.44,0.38,2023-05-30,0142,N,VIIRS,n,2,289.73,1.5,N,2
28.61562,-17.86962,301.67,0.48,0.48,2023-05-30,0326,N,VIIRS,n,2,290.09,1.74,N,2
41.64513,-0.97612,339.98,0.39,0.36,2023-05-30,1305,N,VIIRS,l,2,310.46,1.92,D,0
41.31243,1.66472,332.26,0.45,0.39,2023-05-30,1305,N,VIIRS,l,2,303.83,2.06,D,2
41.59976,-0.82081,341.16,0.39,0.36,2023-05-30,1305,N,VIIRS,n,2,309.53,4.28,D,0
43.52373,-5.72786,337.84,0.41,0.37,2023-05-30,1306,N,VIIRS,n,2,300.7,4.48,D,2
43.54138,-5.83008,330.86,0.42,0.37,2023-05-30,1306,N,VIIRS,n,2,298.51,2.73,D,2
43.538,-5.82894,335.41,0.42,0.37,2023-05-30,1306,N,VIIRS,n,2,297.39,3.15,D,2
43.22842,-2.88278,295.45,0.36,0.57,2023-05-31,0122,N,VIIRS,n,2,284.42,0.85,N,0
43.22284,-2.87847,296.85,0.36,0.57,2023-05-31,0122,N,VIIRS,n,2,283.91,0.66,N,0
41.45366,1.9806,300.43,0.4,0.44,2023-05-31,0123,N,VIIRS,n,2,280.66,0.36,N,2
39.9507,-0.00423,300.53,0.48,0.48,2023-05-31,0123,N,VIIRS,n,2,288.75,1.25,N,2
40.24227,-3.47613,321.33,0.37,0.58,2023-05-31,0123,N,VIIRS,n,2,282.59,1.43,N,2
40.24765,-3.47555,304.56,0.37,0.58,2023-05-31,0123,N,VIIRS,n,2,282.54,1.43,N,2
41.3107,1.66366,310.51,0.41,0.45,2023-05-31,0123,N,VIIRS,n,2,285.87,1.17,N,2
40.24234,-3.4733,298.54,0.42,0.61,2023-05-31,0303,N,VIIRS,n,2,280.98,1.34,N,2
40.24371,-3.47808,313.36,0.42,0.61,2023-05-31,0303,N,VIIRS,n,2,282.16,2.55,N,2
37.92714,-4.62849,300.07,0.43,0.62,2023-05-31,0304,N,VIIRS,n,2,283.05,0.53,N,0
37.36132,-5.86722,296.47,0.38,0.59,2023-05-31,0304,N,VIIRS,n,2,286.22,0.75,N,2
43.18809,-3.65143,337.7,0.51,0.41,2023-05-31,1246,N,VIIRS,n,2,294.3,4.91,D,0
40.24413,-3.47427,331.13,0.57,0.43,2023-05-31,1246,N,VIIRS,n,2,300.74,3.44,D,2
28.51624,-16.36272,335.44,0.43,0.38,2023-05-31,1423,N,VIIRS,l,2,309.16,3.56,D,0
40.24474,-3.47691,316.17,0.65,0.73,2023-06-01,0104,N,VIIRS,n,2,281.44,2.39,N,2
40.24517,-3.47508,308.35,0.65,0.73,2023-06-01,0104,N,VIIRS,n,2,280.89,3.19,N,2
39.60181,-0.56213,301.66,0.45,0.63,2023-06-01,0104,N,VIIRS,n,2,284.82,1.17,N,0
39.59591,-0.56275,307.89,0.45,0.63,2023-06-01,0104,N,VIIRS,n,2,283.38,1.17,N,0
43.52819,-5.72957,304.46,0.5,0.41,2023-06-01,0244,N,VIIRS,n,2,286.49,1.05,N,2
43.52454,-5.731,297.45,0.5,0.41,2023-06-01,0244,N,VIIRS,n,2,285.49,1.15,N,2
40.24743,-3.47722,297.8,0.49,0.49,2023-06-01,0245,N,VIIRS,n,2,283.39,2.08,N,2
38.29191,-5.27128,296.25,0.44,0.46,2023-06-01,0245,N,VIIRS,n,2,283.58,0.32,N,0
40.24609,-3.47166,295.81,0.49,0.49,2023-06-01,0245,N,VIIRS,n,2,282.76,1.38,N,2
39.59589,-0.56338,306.76,0.36,0.57,2023-06-01,0245,N,VIIRS,n,2,282.9,0.82,N,0
39.60099,-0.56129,314.08,0.36,0.57,2023-06-01,0245,N,VIIRS,n,2,284.36,1.28,N,0
39.60069,-0.56402,328.32,0.36,0.57,2023-06-01,0245,N,VIIRS,n,2,284.61,2.34,N,0
39.95052,-0.00388,298.02,0.37,0.58,2023-06-01,0245,N,VIIRS,n,2,284.47,0.64,N,2
37.35968,-5.86323,298.77,0.43,0.46,2023-06-01,0246,N,VIIRS,n,2,287.35,1.2,N,2
40.95171,-4.60144,325.92,0.35,0.57,2023-06-01,1227,N,VIIRS,n,2,291.78,2.76,D,0
40.9528,-4.59741,325.07,0.35,0.57,2023-06-01,1227,N,VIIRS,n,2,290.89,2.76,D,0
43.53842,-5.82909,334.58,0.34,0.56,2023-06-01,1228,N,VIIRS,n,2,301.28,3.38,D,2
43.52678,-5.72744,325.81,0.34,0.56,2023-06-01,1228,N,VIIRS,l,2,300.67,2.4,D,2
43.54004,-5.82933,335.21,0.34,0.56,2023-06-01,1228,N,VIIRS,n,2,302.07,2.34,D,2
43.53888,-5.83353,332.47,0.34,0.56,2023-06-01,1228,N,VIIRS,l,2,303.82,2.34,D,2
37.66862,-5.16052,331.98,0.38,0.59,2023-06-01,1407,N,VIIRS,n,2,291.49,5.6,D,0
37.66825,-5.16069,332.56,0.38,0.59,2023-06-01,1407,N,VIIRS,n,2,292.07,3.78,D,0
43.52914,-5.72626,310.02,0.39,0.36,2023-06-02,0225,N,VIIRS,n,2,283.9,0.72,N,2
43.52334,-5.73299,334.53,0.39,0.36,2023-06-02,0225,N,VIIRS,n,2,284.94,2.04,N,2
43.52411,-5.73771,308.05,0.39,0.36,2023-06-02,0225,N,VIIRS,n,2,285.36,2.04,N,2
43.53941,-5.83206,320.01,0.39,0.36,2023-06-02,0225,N,VIIRS,n,2,286.53,1.95,N,2
43.52586,-5.72727,302.92,0.39,0.36,2023-06-02,0225,N,VIIRS,n,2,284.89,1.12,N,2
43.52662,-5.73199,311.37,0.39,0.36,2023-06-02,0225,N,VIIRS,n,2,283.96,2.04,N,2
41.31027,1.66346,305.04,0.48,0.48,2023-06-02,0225,N,VIIRS,n,2,285.62,2.14,N,2
43.34726,-8.43812,298.52,0.4,0.37,2023-06-02,0225,N,VIIRS,n,2,285.21,0.67,N,2
43.33843,-5.98163,295.12,0.38,0.36,2023-06-02,0225,N,VIIRS,n,2,283.8,0.57,N,0
39.95123,-0.00381,301.54,0.43,0.46,2023-06-02,0226,N,VIIRS,n,2,289.65,0.95,N,2
40.9524,-4.59969,299.48,0.41,0.37,2023-06-02,0226,N,VIIRS,n,2,280.3,0.8,N,0
40.95328,-4.60455,302.09,0.41,0.37,2023-06-02,0226,N,VIIRS,n,2,280.67,0.8,N,0
37.57131,-0.91585,299.32,0.44,0.46,2023-06-02,0226,N,VIIRS,n,2,287.82,0.71,N,2
37.35852,-5.86275,297.99,0.42,0.37,2023-06-02,0227,N,VIIRS,n,2,287.59,0.72,N,2
36.96483,-1.90726,307.03,0.4,0.44,2023-06-02,0227,N,VIIRS,n,2,283.75,0.7,N,2
37.66544,-5.16374,338.67,0.43,0.38,2023-06-02,0227,N,VIIRS,n,2,290.88,18.85,N,0
37.35935,-5.86737,307.49,0.42,0.37,2023-06-02,0227,N,VIIRS,n,2,288.97,0.72,N,2
41.20716,-0.96308,339.78,0.39,0.59,2023-06-02,1208,N,VIIRS,n,2,290.13,6.88,D,0
41.20193,-0.96061,344.89,0.39,0.59,2023-06-02,1208,N,VIIRS,n,2,291.92,3.96,D,0
41.20613,-0.96386,346.64,0.39,0.59,2023-06-02,1208,N,VIIRS,n,2,289.76,8.92,D,0
41.20734,-0.95947,338.39,0.39,0.59,2023-06-02,1208,N,VIIRS,n,2,291.8,7.05,D,0
43.5248,-5.73486,325.26,0.56,0.69,2023-06-02,1209,N,VIIRS,n,2,293.92,6.29,D,2
37.66739,-5.15929,341.34,0.42,0.45,2023-06-02,1348,N,VIIRS,n,2,299.32,2.68,D,0
37.66695,-5.16405,340.38,0.42,0.45,2023-06-02,1348,N,VIIRS,n,2,301.18,2.67,D,0
37.69272,-5.20664,353.34,0.42,0.45,2023-06-02,1348,N,VIIRS,n,2,309.73,18.69,D,0
43.52276,-5.73245,341.39,0.46,0.47,2023-06-02,1349,N,VIIRS,n,2,301.51,7.24,D,2
42.15643,-1.79484,341.48,0.35,0.57,2023-06-02,1349,N,VIIRS,n,2,303.05,3,D,0
43.52241,-5.73504,335.97,0.46,0.47,2023-06-02,1349,N,VIIRS,n,2,300.85,7.86,D,2
43.20638,-2.77263,296.77,0.39,0.36,2023-06-03,0206,N,VIIRS,n,2,285.24,0.56,N,0
43.31447,-3.00449,299.8,0.39,0.36,2023-06-03,0206,N,VIIRS,n,2,287.6,0.69,N,0
42.81465,-1.74285,313.56,0.38,0.36,2023-06-03,0206,N,VIIRS,n,2,285.19,1.59,N,2
43.52328,-5.72735,312.56,0.45,0.39,2023-06-03,0206,N,VIIRS,n,2,285.93,0.97,N,2
43.52464,-5.73856,299.9,0.46,0.39,2023-06-03,0206,N,VIIRS,n,2,286.04,0.74,N,2
43.52687,-5.72655,302.24,0.45,0.39,2023-06-03,0206,N,VIIRS,n,2,286.86,0.97,N,2
43.52397,-5.733,298.82,0.46,0.39,2023-06-03,0206,N,VIIRS,n,2,286.17,0.97,N,2
41.45366,1.98074,303.15,0.46,0.39,2023-06-03,0206,N,VIIRS,n,2,288.7,0.77,N,2
43.53917,-5.82822,295.98,0.46,0.39,2023-06-03,0206,N,VIIRS,n,2,285.38,2.02,N,2
43.53986,-5.83396,328.05,0.46,0.39,2023-06-03,0206,N,VIIRS,n,2,287.14,2.02,N,2
43.52794,-5.73144,303.31,0.46,0.39,2023-06-03,0206,N,VIIRS,n,2,286.77,0.83,N,2
43.53984,-5.83339,329.12,0.46,0.39,2023-06-03,0206,N,VIIRS,n,2,287.06,3.3,N,2
40.24349,-3.47471,325.38,0.39,0.36,2023-06-03,0207,N,VIIRS,n,2,284.87,3.05,N,2
41.31144,1.65854,300.55,0.45,0.39,2023-06-03,0207,N,VIIRS,n,2,285.74,1.06,N,2
41.31042,1.66378,296.93,0.45,0.39,2023-06-03,0207,N,VIIRS,n,2,285.39,0.67,N,2
40.0092,-3.90248,297.16,0.39,0.36,2023-06-03,0207,N,VIIRS,n,2,282.82,0.37,N,2
39.66451,-0.24568,299.82,0.42,0.37,2023-06-03,0207,N,VIIRS,n,2,288.07,0.41,N,0
41.47541,-1.48723,303.34,0.39,0.36,2023-06-03,0207,N,VIIRS,n,2,284.09,0.6,N,2
37.35981,-5.86502,310.64,0.41,0.37,2023-06-03,0208,N,VIIRS,n,2,288.33,1.25,N,2
38.37779,-6.4843,300.35,0.43,0.38,2023-06-03,0208,N,VIIRS,n,2,283.91,0.72,N,2
38.03212,-4.05814,296.97,0.39,0.36,2023-06-03,0208,N,VIIRS,n,2,276.17,1.03,N,0
36.96581,-1.90652,313.61,0.4,0.37,2023-06-03,0208,N,VIIRS,n,2,289.2,1.26,N,2
37.66829,-5.16232,341.03,0.41,0.37,2023-06-03,1329,N,VIIRS,n,2,309.67,8.73,D,0
38.69012,-6.40513,335,0.39,0.36,2023-06-03,1329,N,VIIRS,l,2,306.59,1.77,D,0
43.34607,-8.43652,331.29,0.39,0.36,2023-06-03,1331,N,VIIRS,n,2,296.19,2.1,D,2
43.03386,-2.21749,301.23,0.5,0.41,2023-06-04,0147,N,VIIRS,n,2,275.6,1.55,N,2
43.03402,-2.21788,308.5,0.5,0.41,2023-06-04,0147,N,VIIRS,n,2,276.51,0.67,N,2
43.52318,-5.73599,302.94,0.49,0.48,2023-06-04,0147,N,VIIRS,n,2,286.86,1.34,N,2
43.5272,-5.72925,303.33,0.49,0.48,2023-06-04,0147,N,VIIRS,n,2,288.03,1.34,N,2
43.53973,-5.83251,317.65,0.49,0.49,2023-06-04,0147,N,VIIRS,n,2,287.2,2.89,N,2
43.54473,-5.83812,297.87,0.49,0.49,2023-06-04,0147,N,VIIRS,n,2,287.06,1.7,N,2
40.24611,-3.47388,317.18,0.53,0.42,2023-06-04,0148,N,VIIRS,n,2,286.31,2.73,N,2
37.66676,-5.16234,341.19,0.39,0.44,2023-06-04,0149,N,VIIRS,n,2,290.03,5.2,N,0
39.46844,-0.38911,343.27,0.42,0.38,2023-06-04,1310,N,VIIRS,n,2,305,2.31,D,0
43.52367,-5.734,337.79,0.39,0.36,2023-06-04,1312,N,VIIRS,n,2,304.95,6.71,D,2
43.03926,-2.22165,295.29,0.55,0.51,2023-06-05,0128,N,VIIRS,n,2,270.74,1.73,N,2
42.55372,-6.77039,299.81,0.47,0.64,2023-06-05,0129,N,VIIRS,n,2,283.31,0.65,N,0
40.24419,-3.47458,314.75,0.6,0.53,2023-06-05,0129,N,VIIRS,n,2,285.56,3.83,N,2
41.40695,1.99724,298.28,0.5,0.41,2023-06-05,0129,N,VIIRS,n,2,286.45,0.72,N,2
41.52744,1.80352,296.45,0.52,0.41,2023-06-05,0129,N,VIIRS,n,2,284.75,0.51,N,2
37.66559,-5.16326,356.17,0.35,0.57,2023-06-05,0130,N,VIIRS,n,2,288.64,5.08,N,0
43.44299,-3.84441,298.55,0.39,0.59,2023-06-05,0309,N,VIIRS,n,2,286.76,0.45,N,2
40.24795,-3.4752,306.84,0.5,0.66,2023-06-05,0310,N,VIIRS,n,2,283.35,1.57,N,2
40.13449,-4.43098,296.33,0.46,0.63,2023-06-05,0310,N,VIIRS,n,2,282.88,0.32,N,0
36.62388,-4.51794,310.78,0.56,0.69,2023-06-05,0311,N,VIIRS,n,2,286.2,1.3,N,0
36.61777,-4.52056,304.29,0.56,0.69,2023-06-05,0311,N,VIIRS,n,2,286.12,1.4,N,0
37.24341,-7.26644,299.39,0.39,0.6,2023-06-05,0311,N,VIIRS,n,2,286.85,0.66,N,0
37.66813,-5.1591,339.98,0.43,0.46,2023-06-05,1251,N,VIIRS,n,2,305.84,3.41,D,0
37.66706,-5.16398,342.62,0.43,0.46,2023-06-05,1251,N,VIIRS,n,2,305.88,3.41,D,0
40.24471,-3.47376,333.84,0.49,0.4,2023-06-05,1252,N,VIIRS,n,2,303.41,4.38,D,2
41.40753,1.99896,333.38,0.39,0.36,2023-06-05,1252,N,VIIRS,l,2,305.49,2.24,D,2
43.53872,-5.83144,330.86,0.53,0.42,2023-06-05,1253,N,VIIRS,l,2,301.07,5.05,D,2
43.54149,-5.83232,329.3,0.53,0.42,2023-06-05,1253,N,VIIRS,l,2,303.76,5.74,D,2
43.52485,-5.73698,295.92,0.72,0.76,2023-06-06,0109,N,VIIRS,n,2,284.17,1.78,N,2
40.24702,-3.47842,308,0.54,0.68,2023-06-06,0110,N,VIIRS,n,2,283.82,2.1,N,2
40.2455,-3.47631,317.91,0.54,0.68,2023-06-06,0110,N,VIIRS,n,2,284.04,2.6,N,2
41.31347,1.65936,301.66,0.59,0.53,2023-06-06,0110,N,VIIRS,n,2,283.62,1.99,N,2
37.66673,-5.16773,310.44,0.64,0.72,2023-06-06,0111,N,VIIRS,n,2,278.12,1.52,N,0
37.66656,-5.15979,306.77,0.64,0.72,2023-06-06,0111,N,VIIRS,n,2,279.59,1.52,N,0
43.52568,-5.72655,305.27,0.39,0.44,2023-06-06,0250,N,VIIRS,n,2,287.1,1.22,N,2
43.52282,-5.73284,304.63,0.39,0.44,2023-06-06,0250,N,VIIRS,n,2,287.32,1.06,N,2
41.31406,1.66168,308.91,0.49,0.65,2023-06-06,0250,N,VIIRS,n,2,278.77,1.11,N,2
41.31232,1.66047,308.61,0.49,0.65,2023-06-06,0250,N,VIIRS,n,2,279.4,1.75,N,2
42.55379,-6.7692,295.48,0.55,0.43,2023-06-06,0250,N,VIIRS,n,2,284.9,0.65,N,0
43.34778,-8.43666,302.54,0.46,0.39,2023-06-06,0250,N,VIIRS,n,2,288.6,1.08,N,2
43.52671,-5.73126,309.11,0.39,0.44,2023-06-06,0250,N,VIIRS,n,2,287.56,1.22,N,2
40.24615,-3.47317,307.43,0.59,0.53,2023-06-06,0251,N,VIIRS,n,2,285.01,2.44,N,2
40.24274,-3.47405,310.04,0.59,0.53,2023-06-06,0251,N,VIIRS,n,2,284.3,1.7,N,2
37.66302,-5.16196,301.19,0.56,0.51,2023-06-06,0252,N,VIIRS,n,2,285.25,0.48,N,0
37.66761,-5.1602,324.95,0.56,0.51,2023-06-06,0252,N,VIIRS,n,2,286.79,2.15,N,0
37.66909,-5.16627,302.77,0.56,0.51,2023-06-06,0252,N,VIIRS,n,2,285.71,2.22,N,0
37.36042,-5.86471,304.64,0.52,0.5,2023-06-06,0252,N,VIIRS,n,2,288.88,1.08,N,2
36.88433,-2.36298,340.11,0.57,0.52,2023-06-06,1232,N,VIIRS,n,2,301.3,20.05,D,0
36.88904,-2.36435,336.8,0.57,0.52,2023-06-06,1232,N,VIIRS,n,2,300.86,20.05,D,0
37.66429,-5.1605,345.7,0.38,0.59,2023-06-06,1233,N,VIIRS,n,2,303.78,2,D,0
37.66947,-5.1628,342.89,0.38,0.59,2023-06-06,1233,N,VIIRS,n,2,299.83,2,D,0
37.66648,-5.16084,367,0.38,0.59,2023-06-06,1233,N,VIIRS,h,2,302.96,6.32,D,0
38.50875,-6.03635,367,0.4,0.6,2023-06-06,1233,N,VIIRS,h,2,307,7.95,D,0
43.539,-5.8314,341.55,0.58,0.52,2023-06-06,1234,N,VIIRS,n,2,294.56,5.39,D,2
40.46774,-3.61785,339.38,0.59,0.7,2023-06-06,1414,N,VIIRS,n,2,296.78,4.89,D,0
41.31518,1.65917,297.54,0.52,0.67,2023-06-07,0051,N,VIIRS,n,2,285.62,1.03,N,2
41.31128,1.66253,297.1,0.52,0.67,2023-06-07,0051,N,VIIRS,n,2,285.1,0.87,N,2
41.31224,1.6637,303.76,0.58,0.52,2023-06-07,0231,N,VIIRS,n,2,282.1,1.08,N,2
41.40785,1.99617,298.51,0.6,0.53,2023-06-07,0231,N,VIIRS,n,2,284.98,0.76,N,0
41.92461,0.18038,326.29,0.45,0.39,2023-06-08,0213,N,VIIRS,n,2,286.06,3.29,N,2
42.81383,-1.7424,304.27,0.4,0.37,2023-06-08,0213,N,VIIRS,n,2,283.27,0.47,N,2
42.85399,-4.55944,300.01,0.39,0.36,2023-06-08,0213,N,VIIRS,n,2,279.77,0.28,N,0
39.93768,-3.74336,297.47,0.39,0.36,2023-06-08,0213,N,VIIRS,n,2,271.93,0.55,N,2
39.99408,-2.47183,326.22,0.42,0.38,2023-06-09,0154,N,VIIRS,n,2,285.14,2.65,N,0
43.54116,-5.82944,323.11,0.41,0.45,2023-06-09,0154,N,VIIRS,n,2,261.27,4.96,N,2
43.22422,-2.87739,304.54,0.46,0.39,2023-06-09,0154,N,VIIRS,n,2,289.19,0.98,N,2
40.24569,-3.47408,320.59,0.46,0.39,2023-06-09,0154,N,VIIRS,n,2,287.28,2.51,N,2
42.47744,-2.55884,301.37,0.45,0.39,2023-06-09,0154,N,VIIRS,n,2,286.87,1.05,N,0
40.24513,-3.47517,317.85,0.45,0.39,2023-06-09,0154,N,VIIRS,n,2,286.68,2.63,N,2
38.37892,-6.48348,298.1,0.39,0.44,2023-06-09,0155,N,VIIRS,n,2,285.56,0.56,N,2
36.96909,-1.90618,297.3,0.39,0.36,2023-06-09,0155,N,VIIRS,n,2,271.61,0.82,N,2
37.66711,-5.16283,329.95,0.5,0.41,2023-06-09,0155,N,VIIRS,n,2,289.41,4.61,N,0
38.44299,-5.36222,311.84,0.52,0.41,2023-06-09,0155,N,VIIRS,n,2,286.33,1.8,N,0
39.93669,-3.74223,302.51,0.46,0.39,2023-06-09,0155,N,VIIRS,n,2,286.05,0.64,N,2
36.18069,-5.42403,305.17,0.49,0.4,2023-06-09,0156,N,VIIRS,n,2,290.59,1.02,N,0
36.18159,-5.4286,300.81,0.49,0.41,2023-06-09,0156,N,VIIRS,n,2,288.84,1.11,N,0
39.99511,-2.47195,340.03,0.41,0.37,2023-06-09,1317,N,VIIRS,n,2,298.02,4.95,D,0
43.03469,-2.22069,330.34,0.44,0.39,2023-06-09,1318,N,VIIRS,l,2,301.54,5.16,D,2
43.14481,-2.95554,335.96,0.42,0.38,2023-06-09,1318,N,VIIRS,n,2,301.65,3.03,D,0
43.52481,-5.72724,332.46,0.38,0.36,2023-06-09,1318,N,VIIRS,n,2,295.2,3.85,D,2
41.47583,-1.48697,301.51,0.41,0.45,2023-06-10,0135,N,VIIRS,n,2,286.75,1,N,2
42.55124,-6.76925,303.48,0.39,0.59,2023-06-10,0135,N,VIIRS,n,2,284.42,0.85,N,0
41.89534,-5.59861,339.17,0.33,0.56,2023-06-10,0135,N,VIIRS,n,2,282.7,3.09,N,0
43.22547,-2.87794,307.55,0.5,0.49,2023-06-10,0135,N,VIIRS,n,2,285.24,1.07,N,2
39.99297,-2.47369,314.27,0.44,0.46,2023-06-10,0136,N,VIIRS,n,2,278.79,1.84,N,0
37.35922,-6.67424,295.55,0.35,0.56,2023-06-10,0136,N,VIIRS,n,2,285.37,1.09,N,2
37.35865,-6.67582,295.59,0.35,0.57,2023-06-10,0136,N,VIIRS,n,2,285.27,0.53,N,2
37.66769,-5.16095,316.44,0.58,0.52,2023-06-10,0136,N,VIIRS,n,2,279.58,1.76,N,0
37.66602,-5.16121,315.73,0.58,0.52,2023-06-10,0136,N,VIIRS,n,2,279.33,2.82,N,0
39.99492,-2.47053,310.85,0.44,0.46,2023-06-10,0136,N,VIIRS,n,2,280,1.83,N,0
43.03599,-2.2222,297.23,0.56,0.69,2023-06-10,0315,N,VIIRS,n,2,278.71,1.6,N,2
41.92513,0.17828,296.58,0.78,0.78,2023-06-10,0315,N,VIIRS,n,2,282.55,0.8,N,2
41.89425,-5.60042,300.36,0.43,0.62,2023-06-10,0315,N,VIIRS,n,2,279.74,1.02,N,0
38.66428,-4.04823,334.48,0.47,0.4,2023-06-10,1258,N,VIIRS,l,2,305.79,3.31,D,2
41.31146,1.66404,298.55,0.49,0.49,2023-06-11,0116,N,VIIRS,n,2,286.21,1.02,N,2
42.55264,-6.77108,295.74,0.68,0.74,2023-06-11,0116,N,VIIRS,n,2,281.58,0.7,N,0
37.6677,-5.16496,327.2,0.53,0.67,2023-06-11,0117,N,VIIRS,n,2,286.63,2.12,N,0
39.93595,-3.74458,302.25,0.35,0.57,2023-06-11,0257,N,VIIRS,n,2,283.85,0.75,N,2
39.93672,-3.74631,300.66,0.35,0.57,2023-06-11,0257,N,VIIRS,n,2,283.62,0.76,N,2
38.32205,-6.71867,297.04,0.54,0.51,2023-06-11,0258,N,VIIRS,n,2,283.09,0.56,N,0
37.66508,-5.16208,312.5,0.34,0.56,2023-06-11,0258,N,VIIRS,n,2,278.86,0.99,N,0
37.66601,-5.1657,308.05,0.34,0.56,2023-06-11,0258,N,VIIRS,n,2,277.36,1.3,N,0
36.87643,-2.30682,341.32,0.47,0.47,2023-06-11,1238,N,VIIRS,n,2,302.72,10.91,D,0
43.54011,-5.83191,334.88,0.49,0.48,2023-06-11,1240,N,VIIRS,n,2,293.19,3.46,D,2
37.66672,-5.16127,342.65,0.57,0.69,2023-06-11,1419,N,VIIRS,n,2,296.37,2.72,D,0
41.31392,1.66108,305.29,0.43,0.62,2023-06-12,0057,N,VIIRS,n,2,286.94,1.07,N,2
39.9514,-0.00654,300.3,0.52,0.67,2023-06-12,0058,N,VIIRS,n,2,289.49,1.06,N,2
40.24576,-3.47692,305.03,0.41,0.45,2023-06-12,0238,N,VIIRS,n,2,284.09,1.21,N,2
41.45486,1.97741,303.9,0.35,0.57,2023-06-12,0238,N,VIIRS,n,2,287.12,0.89,N,2
41.31416,1.66166,320.27,0.34,0.56,2023-06-12,0238,N,VIIRS,n,2,288.54,2.07,N,2
40.24471,-3.47222,304.91,0.41,0.45,2023-06-12,0238,N,VIIRS,n,2,283.3,1.21,N,2
40.24344,-3.47437,318.6,0.41,0.45,2023-06-12,0238,N,VIIRS,n,2,285.26,1.92,N,2
39.99167,-2.47209,295.85,0.47,0.47,2023-06-12,0238,N,VIIRS,n,2,282.77,0.38,N,0
39.93563,-3.74647,309.52,0.41,0.45,2023-06-12,0238,N,VIIRS,n,2,287.3,0.93,N,2
38.37633,-0.54451,298.53,0.32,0.54,2023-06-12,0239,N,VIIRS,n,2,280.08,0.93,N,2
40.24487,-3.47169,330.11,0.39,0.59,2023-06-12,1221,N,VIIRS,n,2,295.43,1.86,D,2
40.4973,-3.56615,337.33,0.38,0.59,2023-06-12,1221,N,VIIRS,n,2,297.58,5.58,D,0
40.49065,-3.56626,332.83,0.38,0.59,2023-06-12,1221,N,VIIRS,n,2,299.06,3.12,D,0
41.31264,1.66353,305.67,0.41,0.45,2023-06-13,0219,N,VIIRS,n,2,273.44,1.69,N,2
41.40648,1.9991,307.56,0.42,0.45,2023-06-13,0219,N,VIIRS,n,2,285.87,1.23,N,2
41.45621,1.97765,300.55,0.42,0.45,2023-06-13,0219,N,VIIRS,n,2,287.48,0.44,N,2
43.44384,-3.84486,299.33,0.39,0.36,2023-06-13,0219,N,VIIRS,n,2,285.93,1.13,N,2
40.24595,-3.47545,323.4,0.41,0.37,2023-06-13,0219,N,VIIRS,n,2,288.34,2.44,N,2
37.35834,-5.86441,300.75,0.39,0.36,2023-06-13,0220,N,VIIRS,n,2,289.45,0.29,N,2
39.43733,-4.36177,298.14,0.4,0.37,2023-06-13,0220,N,VIIRS,n,2,285.41,0.39,N,0
39.44067,-4.36083,296,0.4,0.37,2023-06-13,0220,N,VIIRS,n,2,285.98,0.39,N,0
39.93655,-3.74404,310.71,0.41,0.37,2023-06-13,0220,N,VIIRS,n,2,288.07,1.38,N,2
37.36164,-5.86356,301.44,0.39,0.36,2023-06-13,0220,N,VIIRS,n,2,289.97,0.29,N,2
37.66623,-5.15984,338.78,0.53,0.42,2023-06-13,1341,N,VIIRS,n,2,308.66,6.4,D,0
37.87374,-4.50601,349.28,0.57,0.43,2023-06-13,1341,N,VIIRS,n,2,312.35,34.95,D,0
37.87775,-4.50658,355.2,0.57,0.43,2023-06-13,1341,N,VIIRS,n,2,310.22,34.95,D,0
38.98735,-5.70163,346.39,0.52,0.41,2023-06-13,1342,N,VIIRS,n,2,306.74,26.43,D,0
38.9867,-5.70765,338.76,0.52,0.41,2023-06-13,1342,N,VIIRS,n,2,303.84,7.06,D,0
43.52374,-5.73025,308.45,0.52,0.42,2023-06-14,0200,N,VIIRS,n,2,285.82,2.18,N,2
42.55394,-6.76768,295.85,0.57,0.43,2023-06-14,0200,N,VIIRS,n,2,284.84,0.8,N,0
41.40786,1.99872,309.96,0.42,0.37,2023-06-14,0200,N,VIIRS,n,2,287.38,0.93,N,2
41.4547,1.97743,298.64,0.42,0.37,2023-06-14,0200,N,VIIRS,n,2,287.17,0.28,N,2
41.47319,2.18421,303.36,0.42,0.38,2023-06-14,0200,N,VIIRS,n,2,286.1,0.49,N,0
43.52441,-5.73665,313.89,0.52,0.42,2023-06-14,0200,N,VIIRS,n,2,285.75,2.18,N,2
43.52757,-5.72949,297.77,0.52,0.42,2023-06-14,0200,N,VIIRS,n,2,285.53,1.04,N,2
43.53862,-5.83386,328.67,0.53,0.42,2023-06-14,0200,N,VIIRS,n,2,285.32,1.91,N,2
43.54248,-5.83309,297.81,0.53,0.42,2023-06-14,0200,N,VIIRS,n,2,285.78,1.91,N,2
39.93724,-3.74586,311.78,0.41,0.37,2023-06-14,0201,N,VIIRS,n,2,287.47,1.74,N,2
40.24584,-3.47457,300.59,0.41,0.37,2023-06-14,0201,N,VIIRS,n,2,287.52,0.72,N,2
37.36158,-5.8663,301.47,0.46,0.39,2023-06-14,0201,N,VIIRS,n,2,290.9,0.51,N,2
37.66531,-5.16363,328.08,0.43,0.38,2023-06-14,0201,N,VIIRS,n,2,289.21,2.65,N,0
37.66882,-5.16292,321.52,0.43,0.38,2023-06-14,0201,N,VIIRS,n,2,289.79,1.62,N,0
37.56932,-0.9182,303.98,0.39,0.36,2023-06-14,0201,N,VIIRS,n,2,290.61,0.83,N,2
38.38032,-6.48173,298.36,0.49,0.41,2023-06-14,0201,N,VIIRS,n,2,287.34,0.64,N,0
38.67432,-4.06725,296.46,0.41,0.37,2023-06-14,0201,N,VIIRS,n,2,285.36,0.31,N,0
38.37603,-0.54558,302.15,0.39,0.36,2023-06-14,0201,N,VIIRS,n,2,288.59,0.84,N,2
36.17687,-5.42812,300.31,0.43,0.38,2023-06-14,0202,N,VIIRS,n,2,288.84,0.53,N,0
36.18036,-5.42741,303.45,0.43,0.38,2023-06-14,0202,N,VIIRS,n,2,290.12,1.1,N,2
43.52042,-5.7248,295.58,0.73,0.76,2023-06-14,0340,N,VIIRS,n,2,281.11,1.37,N,0
43.52339,-5.7332,298.65,0.72,0.76,2023-06-14,0340,N,VIIRS,n,2,281.89,2.35,N,2
43.52583,-5.72572,305.02,0.72,0.76,2023-06-14,0340,N,VIIRS,n,2,281.04,1.39,N,2
37.83579,-3.77163,337.54,0.4,0.37,2023-06-14,1322,N,VIIRS,l,2,311.12,4.15,D,0
38.6653,-4.05167,341.77,0.4,0.37,2023-06-14,1323,N,VIIRS,n,2,311.43,4.33,D,2
40.99358,-5.6332,338.49,0.39,0.36,2023-06-14,1323,N,VIIRS,n,2,310.07,3.62,D,0
40.99293,-5.63782,336.58,0.39,0.36,2023-06-14,1323,N,VIIRS,l,2,309.17,6.76,D,0
43.52518,-5.72776,337.3,0.4,0.37,2023-06-14,1324,N,VIIRS,n,2,300.88,3.74,D,2
41.45584,1.98122,307.43,0.4,0.37,2023-06-15,0141,N,VIIRS,n,2,290.91,0.65,N,2
41.52872,1.80774,300.37,0.41,0.37,2023-06-15,0141,N,VIIRS,n,2,287.92,0.31,N,2
43.52562,-5.72936,302.72,0.58,0.52,2023-06-15,0141,N,VIIRS,n,2,274.47,1.23,N,2
43.52319,-5.72876,303.15,0.58,0.52,2023-06-15,0141,N,VIIRS,n,2,272.74,1.35,N,2
42.55412,-6.76995,301.41,0.32,0.55,2023-06-15,0141,N,VIIRS,n,2,282.4,0.59,N,0
41.31149,1.66035,308.28,0.41,0.37,2023-06-15,0141,N,VIIRS,n,2,288.97,1.25,N,2
41.31488,1.66116,308.29,0.41,0.37,2023-06-15,0141,N,VIIRS,n,2,290.72,1.25,N,2
41.40799,1.9993,300.28,0.4,0.37,2023-06-15,0141,N,VIIRS,n,2,290.25,0.36,N,2
38.66867,-4.05293,317.5,0.43,0.46,2023-06-15,0142,N,VIIRS,n,2,290.3,3.08,N,2
38.37761,-0.5453,301.87,0.45,0.39,2023-06-15,0142,N,VIIRS,n,2,290.56,0.87,N,2
40.24549,-3.47464,321.38,0.42,0.45,2023-06-15,0142,N,VIIRS,n,2,287.74,2.5,N,2
39.93824,-3.7428,296.24,0.43,0.46,2023-06-15,0142,N,VIIRS,n,2,279.94,1.17,N,2
37.66653,-5.16484,338.7,0.48,0.48,2023-06-15,0142,N,VIIRS,n,2,292.06,3.54,N,0
37.32181,-5.01605,314.86,0.46,0.47,2023-06-15,0143,N,VIIRS,n,2,291.22,1.49,N,0
36.88083,-2.43947,304.97,0.51,0.41,2023-06-15,0143,N,VIIRS,n,2,291.63,0.44,N,0
36.96835,-1.90668,312.09,0.49,0.4,2023-06-15,0143,N,VIIRS,n,2,291.98,1.94,N,2
37.3215,-5.01205,322.71,0.46,0.47,2023-06-15,0143,N,VIIRS,n,2,291.08,2.07,N,0
37.32135,-5.01073,311.27,0.46,0.47,2023-06-15,0143,N,VIIRS,n,2,290.75,1.49,N,0
37.66838,-5.16519,327.39,0.47,0.48,2023-06-15,0143,N,VIIRS,n,2,291.44,2.57,N,0
37.66787,-5.15965,302.53,0.47,0.48,2023-06-15,0143,N,VIIRS,n,2,290.61,1.28,N,0
43.5276,-5.72967,304.82,0.45,0.63,2023-06-15,0321,N,VIIRS,n,2,284.72,1.28,N,2
43.52059,-5.72755,299.63,0.45,0.63,2023-06-15,0321,N,VIIRS,n,2,282.59,0.78,N,0
43.52216,-5.73276,297.81,0.45,0.63,2023-06-15,0321,N,VIIRS,n,2,283.25,1.28,N,2
43.52604,-5.72449,303.67,0.45,0.63,2023-06-15,0321,N,VIIRS,n,2,283,0.78,N,2
40.24648,-3.47501,302.73,0.71,0.75,2023-06-15,0322,N,VIIRS,n,2,278.28,1.2,N,2
40.2478,-3.47606,297.48,0.71,0.75,2023-06-15,0322,N,VIIRS,n,2,277.96,1.81,N,2
37.3175,-5.01711,302.89,0.73,0.76,2023-06-15,0323,N,VIIRS,n,2,288.55,1.58,N,0
37.66574,-5.16387,322.05,0.7,0.75,2023-06-15,0323,N,VIIRS,n,2,288.5,3.11,N,0
41.59789,-0.82018,345.52,0.39,0.36,2023-06-15,1304,N,VIIRS,n,2,311.68,2.03,D,0
37.66593,-5.16244,348.5,0.47,0.4,2023-06-15,1304,N,VIIRS,n,2,314.89,8.48,D,0
38.92963,-6.88763,348.45,0.53,0.42,2023-06-15,1304,N,VIIRS,n,2,307.74,8.49,D,0
41.90415,-0.95411,344.58,0.39,0.36,2023-06-15,1305,N,VIIRS,n,2,313.87,3.64,D,0
43.22866,-2.88603,333.28,0.38,0.36,2023-06-15,1305,N,VIIRS,l,2,306.31,3.58,D,0
43.52307,-5.73614,336.88,0.41,0.37,2023-06-15,1305,N,VIIRS,n,2,305.91,9.45,D,2
43.22694,-2.88408,297.32,0.36,0.58,2023-06-16,0122,N,VIIRS,n,2,283.12,0.47,N,0
43.22674,-2.87955,304.47,0.36,0.57,2023-06-16,0122,N,VIIRS,n,2,284.27,0.47,N,0
43.03611,-2.2192,295.88,0.33,0.56,2023-06-16,0122,N,VIIRS,n,2,281.98,0.36,N,2
41.31346,1.66137,312.27,0.41,0.45,2023-06-16,0122,N,VIIRS,n,2,290.45,1.46,N,2
40.24645,-3.47601,326.11,0.37,0.58,2023-06-16,0123,N,VIIRS,n,2,283.59,1.87,N,2
39.93525,-3.74738,297.26,0.38,0.59,2023-06-16,0123,N,VIIRS,n,2,276.99,0.44,N,2
37.66416,-5.16371,326.48,0.43,0.62,2023-06-16,0124,N,VIIRS,n,2,288.4,2.51,N,0
37.66966,-5.16564,322.93,0.43,0.62,2023-06-16,0124,N,VIIRS,n,2,290.97,2.06,N,0
37.66387,-5.16616,313.43,0.43,0.62,2023-06-16,0124,N,VIIRS,n,2,289.21,1.59,N,0
36.96581,-1.90508,305.07,0.56,0.52,2023-06-16,0124,N,VIIRS,n,2,291.61,1.51,N,2
43.22464,-2.88121,295.73,0.37,0.58,2023-06-16,0302,N,VIIRS,n,2,284.39,0.39,N,2
41.31211,1.66393,299.95,0.69,0.74,2023-06-16,0302,N,VIIRS,n,2,286.43,1.4,N,2
37.66848,-5.16078,317.59,0.41,0.6,2023-06-16,0304,N,VIIRS,n,2,290.86,2.11,N,0
37.66966,-5.16516,308.98,0.41,0.6,2023-06-16,0304,N,VIIRS,n,2,290.28,2.6,N,0
37.66748,-5.16461,340.83,0.41,0.6,2023-06-16,0304,N,VIIRS,n,2,291.56,3.29,N,0
37.34551,-7.28048,312.01,0.32,0.55,2023-06-16,0304,N,VIIRS,n,2,292.18,0.69,N,0
37.38943,-6.29619,339.73,0.61,0.53,2023-06-16,1245,N,VIIRS,l,2,310.57,4.48,D,0
38.98992,-6.47175,338.14,0.57,0.52,2023-06-16,1245,N,VIIRS,l,2,309.67,4.94,D,0
38.99068,-6.47025,338.36,0.57,0.52,2023-06-16,1245,N,VIIRS,l,2,309.49,4.11,D,0
39.391,-2.94913,339.42,0.56,0.43,2023-06-16,1245,N,VIIRS,l,2,309.72,3.71,D,0
37.66589,-5.16207,344.75,0.52,0.5,2023-06-16,1245,N,VIIRS,n,2,309.74,3.54,D,0
43.52563,-5.73663,327.84,0.41,0.45,2023-06-16,1246,N,VIIRS,n,2,287.05,2.73,D,2
42.03368,-4.2732,330.64,0.57,0.43,2023-06-16,1246,N,VIIRS,n,2,290.31,8.24,D,0
41.81942,1.16743,337.68,0.39,0.36,2023-06-16,1246,N,VIIRS,n,2,309.33,4.56,D,0
42.03511,-4.26648,349.68,0.57,0.43,2023-06-16,1246,N,VIIRS,n,2,290.44,8.24,D,0
43.53984,-5.82882,337.82,0.41,0.45,2023-06-16,1246,N,VIIRS,n,2,295.81,3.06,D,2
42.03897,-4.26798,347.88,0.57,0.43,2023-06-16,1246,N,VIIRS,n,2,287.19,8.24,D,0
37.66792,-5.16354,336.69,0.69,0.74,2023-06-16,1426,N,VIIRS,n,2,304.58,9.46,D,0
41.82155,1.16414,305.83,0.38,0.59,2023-06-17,0103,N,VIIRS,n,2,281.38,0.87,N,0
41.47422,2.18278,300.62,0.34,0.56,2023-06-17,0103,N,VIIRS,n,2,288.79,0.47,N,0
41.47475,2.18095,300.47,0.34,0.56,2023-06-17,0103,N,VIIRS,n,2,288.57,0.61,N,0
38.67388,-4.05124,300.99,0.69,0.74,2023-06-17,0104,N,VIIRS,n,2,289.75,1.78,N,2
40.24683,-3.48021,306.83,0.65,0.73,2023-06-17,0104,N,VIIRS,n,2,289.45,1.86,N,2
38.67614,-4.05531,314.95,0.69,0.74,2023-06-17,0104,N,VIIRS,n,2,290.53,1.93,N,0
38.66916,-4.05612,303.34,0.69,0.74,2023-06-17,0104,N,VIIRS,n,2,289.67,1.93,N,0
37.66983,-5.1714,309.13,0.78,0.78,2023-06-17,0104,N,VIIRS,n,2,291.24,1.74,N,0
37.66978,-5.16182,308.41,0.78,0.78,2023-06-17,0104,N,VIIRS,n,2,291.23,1.74,N,0
37.57023,-0.91965,312.4,0.46,0.64,2023-06-17,0104,N,VIIRS,n,2,292.42,1.92,N,2
37.66999,-5.16568,319.07,0.78,0.78,2023-06-17,0105,N,VIIRS,n,2,291.38,2.64,N,0
37.56741,-0.91898,304.24,0.46,0.64,2023-06-17,0105,N,VIIRS,n,2,290.84,1.24,N,2
36.71421,-4.58518,299.72,0.72,0.75,2023-06-17,0105,N,VIIRS,n,2,288.85,0.67,N,0
41.40514,1.99531,300.88,0.42,0.61,2023-06-17,0244,N,VIIRS,n,2,286.78,0.79,N,2
39.66325,-0.24809,302.73,0.37,0.58,2023-06-17,0244,N,VIIRS,n,2,290.93,0.64,N,0
40.24417,-3.4778,313.43,0.49,0.49,2023-06-17,0244,N,VIIRS,n,2,291.26,2.3,N,2
39.95133,-0.00409,303.5,0.37,0.58,2023-06-17,0244,N,VIIRS,n,2,291.47,1.06,N,2
41.31175,1.65968,301.17,0.41,0.61,2023-06-17,0244,N,VIIRS,n,2,288.71,0.88,N,2
38.37887,-0.54408,303.26,0.38,0.59,2023-06-17,0245,N,VIIRS,n,2,291.05,1.02,N,2
39.93654,-3.744,308.9,0.48,0.48,2023-06-17,0245,N,VIIRS,n,2,290.94,1.17,N,2
38.99102,-6.474,303.5,0.56,0.43,2023-06-17,0245,N,VIIRS,n,2,292.6,0.76,N,0
38.98907,-6.47573,303.99,0.56,0.43,2023-06-17,0245,N,VIIRS,n,2,292.68,1.04,N,0
37.57146,-0.91352,309.33,0.38,0.59,2023-06-17,0245,N,VIIRS,n,2,291.45,1.85,N,2
36.96841,-1.90752,302.05,0.35,0.57,2023-06-17,0245,N,VIIRS,n,2,291.26,0.94,N,2
37.66822,-5.16526,333.44,0.46,0.47,2023-06-17,0245,N,VIIRS,n,2,293.6,3.44,N,0
36.71683,-4.81708,300.22,0.51,0.49,2023-06-17,0245,N,VIIRS,n,2,288.84,0.29,N,0
37.35926,-5.86412,306,0.43,0.46,2023-06-17,0245,N,VIIRS,n,2,294.46,0.86,N,2
37.66708,-5.16022,305.41,0.46,0.47,2023-06-17,0245,N,VIIRS,n,2,292.27,1.76,N,0
38.05674,-1.36897,326.6,0.35,0.57,2023-06-17,0245,N,VIIRS,n,2,289.44,2.75,N,0
36.19144,-5.40131,306.47,0.48,0.48,2023-06-17,0246,N,VIIRS,n,2,292.59,1.29,N,0
37.66745,-5.159,342.79,0.46,0.63,2023-06-17,1226,N,VIIRS,n,2,308.13,3.3,D,0
39.64886,2.66095,340.39,0.51,0.41,2023-06-17,1226,N,VIIRS,n,2,309.62,7.49,D,0
39.65013,2.66263,346.97,0.51,0.41,2023-06-17,1226,N,VIIRS,n,2,310.22,5.73,D,0
37.66555,-5.16131,348.41,0.46,0.63,2023-06-17,1226,N,VIIRS,n,2,308.94,4.65,D,0
40.24514,-3.47311,341.38,0.32,0.55,2023-06-17,1227,N,VIIRS,n,2,305.09,4.09,D,2
37.66549,-5.16011,354.69,0.38,0.59,2023-06-17,1406,N,VIIRS,n,2,310.71,5.69,D,0
39.04322,-5.81727,333.35,0.36,0.57,2023-06-17,1407,N,VIIRS,n,2,293.71,2.54,D,0
41.47534,-1.48996,304.66,0.52,0.41,2023-06-18,0225,N,VIIRS,n,2,288.34,1.07,N,2
41.47704,-1.48956,301.62,0.52,0.41,2023-06-18,0225,N,VIIRS,n,2,288.17,1.26,N,2
43.44143,-3.8433,302,0.41,0.37,2023-06-18,0225,N,VIIRS,n,2,282.43,0.53,N,2
40.24333,-3.47287,311.98,0.46,0.39,2023-06-18,0226,N,VIIRS,n,2,287.76,2.54,N,2
39.93541,-3.74367,308.2,0.45,0.39,2023-06-18,0226,N,VIIRS,n,2,287.55,0.96,N,2
38.37843,-0.5448,302.01,0.44,0.46,2023-06-18,0226,N,VIIRS,n,2,290.64,1.1,N,2
39.93751,-3.74433,307.3,0.45,0.39,2023-06-18,0226,N,VIIRS,n,2,286.37,1.09,N,2
37.6677,-5.16395,330.5,0.43,0.38,2023-06-18,0226,N,VIIRS,n,2,286.66,3.02,N,0
37.665,-5.15892,331.98,0.79,0.78,2023-06-18,1207,N,VIIRS,n,2,299.7,4.24,D,0
37.66711,-5.1603,330.94,0.79,0.78,2023-06-18,1207,N,VIIRS,n,2,298.48,5.46,D,0
36.68616,-6.38446,339.28,0.54,0.42,2023-06-18,1347,N,VIIRS,n,2,302.64,8.73,D,0
37.66533,-5.16336,343.81,0.42,0.45,2023-06-18,1348,N,VIIRS,n,2,310.19,5.56,D,0
41.40688,1.99554,307.58,0.46,0.39,2023-06-19,0206,N,VIIRS,n,2,289.58,0.93,N,0
41.45583,1.97766,303.31,0.46,0.39,2023-06-19,0206,N,VIIRS,n,2,289.34,0.7,N,2
41.52813,1.8067,297.91,0.46,0.39,2023-06-19,0206,N,VIIRS,n,2,287.04,0.33,N,2
41.76222,2.5826,309.91,0.48,0.4,2023-06-19,0206,N,VIIRS,n,2,286.42,1.18,N,0
43.52688,-5.72847,302.78,0.46,0.39,2023-06-19,0206,N,VIIRS,n,2,286.98,1.1,N,2
43.53969,-5.8362,296.12,0.46,0.39,2023-06-19,0206,N,VIIRS,n,2,285.36,12.94,N,2
43.53901,-5.83047,325.85,0.46,0.39,2023-06-19,0206,N,VIIRS,n,2,288.62,12.94,N,2
43.54261,-5.82964,300.13,0.46,0.39,2023-06-19,0206,N,VIIRS,n,2,285.53,12.94,N,2
43.5433,-5.83543,296.41,0.46,0.39,2023-06-19,0206,N,VIIRS,n,2,285.86,12.94,N,2
37.57011,-0.91494,299.56,0.42,0.38,2023-06-19,0207,N,VIIRS,n,2,279.9,0.71,N,2
38.77061,-6.43038,300.09,0.43,0.38,2023-06-19,0207,N,VIIRS,n,2,289.09,0.34,N,0
38.6666,-4.04984,303.11,0.39,0.36,2023-06-19,0207,N,VIIRS,n,2,288.9,0.74,N,2
38.37881,-6.48317,304.08,0.43,0.38,2023-06-19,0207,N,VIIRS,n,2,289.94,1,N,2
37.56953,-0.91553,332.36,0.4,0.44,2023-06-19,1328,N,VIIRS,n,2,298.66,2.19,D,2
40.24578,-3.47246,337.29,0.49,0.4,2023-06-19,1329,N,VIIRS,n,2,300.05,4.77,D,2
43.23745,-2.47209,332.92,0.39,0.44,2023-06-19,1330,N,VIIRS,n,2,292.27,2.17,D,0
43.34784,-8.43702,296.61,0.33,0.55,2023-06-20,0147,N,VIIRS,n,2,285.37,0.39,N,2
43.04057,-2.22129,298.55,0.5,0.41,2023-06-20,0147,N,VIIRS,n,2,286.13,1.1,N,2
41.45706,1.97878,298.74,0.39,0.36,2023-06-20,0147,N,VIIRS,n,2,284.29,0.51,N,0
41.31201,1.65963,309.66,0.39,0.36,2023-06-20,0147,N,VIIRS,n,2,284.92,1.71,N,2
41.40753,1.9968,311.46,0.38,0.36,2023-06-20,0147,N,VIIRS,n,2,287.56,1.07,N,2
41.45377,1.97789,298.79,0.39,0.36,2023-06-20,0147,N,VIIRS,n,2,284.64,0.51,N,2
38.67691,-4.04909,333.25,0.54,0.42,2023-06-20,0148,N,VIIRS,n,2,291.39,7.3,N,0
38.37695,-0.54606,306.36,0.4,0.37,2023-06-20,0148,N,VIIRS,n,2,289.61,1.12,N,2
40.24312,-3.47336,312.53,0.53,0.42,2023-06-20,0148,N,VIIRS,n,2,287.82,2.21,N,2
40.24697,-3.47261,303.54,0.53,0.42,2023-06-20,0148,N,VIIRS,n,2,287.67,0.87,N,2
38.67304,-4.04993,334.68,0.54,0.42,2023-06-20,0148,N,VIIRS,n,2,289.55,7.3,N,2
38.6737,-4.05621,297.62,0.54,0.42,2023-06-20,0148,N,VIIRS,n,2,284.3,7.3,N,0
38.66916,-4.05072,299.81,0.54,0.42,2023-06-20,0148,N,VIIRS,n,2,287.57,0.66,N,2
37.66589,-5.16167,337.55,0.39,0.44,2023-06-20,0149,N,VIIRS,n,2,290.22,3.48,N,0
43.34348,-8.43948,295.36,0.4,0.6,2023-06-20,0327,N,VIIRS,n,2,283.73,0.53,N,0
43.34861,-8.43633,301.96,0.4,0.6,2023-06-20,0327,N,VIIRS,n,2,284.18,0.53,N,2
43.34465,-8.43946,303.05,0.4,0.6,2023-06-20,0328,N,VIIRS,n,2,284.33,0.76,N,0
41.3613,2.16584,345.15,0.55,0.42,2023-06-20,1311,N,VIIRS,n,2,299.89,8.17,D,0
43.52903,-5.73137,305.64,0.42,0.61,2023-06-21,0128,N,VIIRS,n,2,284.75,1.08,N,2
43.52945,-5.73167,301.65,0.42,0.61,2023-06-21,0128,N,VIIRS,n,2,284.56,0.79,N,2
40.24422,-3.47563,309.34,0.61,0.53,2023-06-21,0129,N,VIIRS,n,2,286.17,2.51,N,2
37.56929,-0.91965,337.42,0.42,0.45,2023-06-21,0130,N,VIIRS,n,2,293.35,5.15,N,2
36.96613,-1.90616,308.52,0.46,0.47,2023-06-21,0130,N,VIIRS,n,2,291.68,1.07,N,2
40.24427,-3.4753,296.63,0.5,0.66,2023-06-21,0309,N,VIIRS,n,2,271.31,1.02,N,2
43.52575,-5.73298,296.78,0.64,0.54,2023-06-21,0309,N,VIIRS,n,2,283.25,1.17,N,2
38.67286,-4.04893,297.68,0.52,0.67,2023-06-21,0310,N,VIIRS,n,2,285.77,1.33,N,2
38.67186,-4.04899,297.25,0.52,0.67,2023-06-21,0310,N,VIIRS,n,2,285.8,1.49,N,2
37.66784,-5.16009,342.57,0.43,0.46,2023-06-21,1251,N,VIIRS,n,2,302.84,3.08,D,0
38.37772,-0.54561,300.75,0.37,0.58,2023-06-22,0110,N,VIIRS,n,2,287.09,1,N,2
38.66579,-4.05362,296.38,0.57,0.69,2023-06-22,0110,N,VIIRS,n,2,285.68,0.88,N,2
37.66729,-5.1642,322.13,0.64,0.72,2023-06-22,0111,N,VIIRS,n,2,288.1,2.3,N,0
37.66865,-5.1657,318.81,0.64,0.72,2023-06-22,0111,N,VIIRS,n,2,288.12,1.91,N,0
37.57069,-0.9203,327.45,0.38,0.58,2023-06-22,0111,N,VIIRS,n,2,290.14,2.83,N,2
43.34501,-8.43555,300.25,0.46,0.39,2023-06-22,0250,N,VIIRS,n,2,287.74,0.5,N,2
41.31234,1.65975,303.69,0.49,0.65,2023-06-22,0250,N,VIIRS,n,2,275.47,1.59,N,2
37.57026,-0.91712,313.27,0.46,0.64,2023-06-22,0251,N,VIIRS,n,2,289.1,2.72,N,2
37.57134,-0.91401,318.03,0.46,0.64,2023-06-22,0251,N,VIIRS,n,2,289.81,2.37,N,2
37.66581,-5.16311,322.51,0.56,0.51,2023-06-22,0251,N,VIIRS,n,2,289.4,2.31,N,0
39.93718,-3.7461,298.81,0.58,0.52,2023-06-22,0251,N,VIIRS,n,2,285.42,0.95,N,2
40.24512,-3.47119,295.59,0.59,0.53,2023-06-22,0251,N,VIIRS,n,2,284.36,1.29,N,2
40.2468,-3.47783,304.99,0.59,0.53,2023-06-22,0251,N,VIIRS,n,2,284.73,1.87,N,2
38.37739,-0.54428,301.85,0.46,0.64,2023-06-22,0251,N,VIIRS,n,2,288.88,0.58,N,2
37.56895,-0.91257,300.89,0.46,0.64,2023-06-22,0251,N,VIIRS,n,2,288.59,1.14,N,2
37.66577,-5.16039,348.61,0.38,0.59,2023-06-22,1232,N,VIIRS,n,2,310.65,4.49,D,0
37.50609,-5.71496,341.81,0.41,0.61,2023-06-22,1232,N,VIIRS,n,2,305.92,1.63,D,0
37.50731,-5.71041,336.16,0.41,0.61,2023-06-22,1232,N,VIIRS,l,2,306.54,2.33,D,0
39.43878,-5.93883,338.95,0.38,0.58,2023-06-22,1233,N,VIIRS,n,2,306.08,3,D,0
41.31287,1.66534,335.28,0.46,0.39,2023-06-22,1233,N,VIIRS,l,2,309.53,2.79,D,2
43.53947,-5.82678,328.5,0.58,0.52,2023-06-22,1234,N,VIIRS,n,2,295.36,4.97,D,0
43.52361,-5.72773,328.17,0.57,0.52,2023-06-22,1234,N,VIIRS,n,2,297.44,5.19,D,2
37.66598,-5.16336,334.02,0.46,0.64,2023-06-22,1413,N,VIIRS,l,2,308.88,2.22,D,0
40.24598,-3.47234,330.29,0.59,0.7,2023-06-22,1413,N,VIIRS,n,2,301.67,4.87,D,2
41.31431,1.65866,300.39,0.52,0.67,2023-06-23,0051,N,VIIRS,n,2,289.48,0.73,N,2
41.31169,1.65802,299.65,0.52,0.67,2023-06-23,0051,N,VIIRS,n,2,288.91,0.72,N,0
42.55128,-6.77027,301.59,0.39,0.36,2023-06-23,0231,N,VIIRS,n,2,287.87,0.62,N,0
43.22469,-2.8802,309.4,0.49,0.4,2023-06-23,0231,N,VIIRS,n,2,288.1,1.45,N,2
43.2239,-2.88093,306.6,0.49,0.4,2023-06-23,0231,N,VIIRS,n,2,288.38,1.32,N,2
43.56053,-5.72476,299.19,0.4,0.37,2023-06-23,0231,N,VIIRS,n,2,288.89,0.59,N,2
43.55237,-5.85966,299.72,0.4,0.37,2023-06-23,0231,N,VIIRS,n,2,288.24,0.45,N,2
43.52672,-5.73335,300.77,0.4,0.37,2023-06-23,0231,N,VIIRS,n,2,288.07,0.85,N,2
43.52586,-5.72842,302.49,0.4,0.37,2023-06-23,0231,N,VIIRS,n,2,289.12,0.85,N,2
43.5406,-5.8326,301.27,0.4,0.37,2023-06-23,0231,N,VIIRS,n,2,288.83,0.82,N,2
43.52339,-5.73445,313.46,0.4,0.37,2023-06-23,0231,N,VIIRS,n,2,289.1,1.73,N,2
41.40572,1.99572,301.8,0.59,0.53,2023-06-23,0231,N,VIIRS,n,2,291.08,0.91,N,2
41.31195,1.65772,314.25,0.58,0.52,2023-06-23,0231,N,VIIRS,n,2,291.04,2.94,N,0
43.34518,-8.43778,309.73,0.38,0.36,2023-06-23,0231,N,VIIRS,n,2,289.31,1.03,N,2
40.24455,-3.4741,319.71,0.52,0.42,2023-06-23,0232,N,VIIRS,n,2,291.78,3.67,N,2
37.56942,-0.91456,319.86,0.53,0.5,2023-06-23,0232,N,VIIRS,n,2,292.95,3.16,N,2
37.56847,-0.91438,316.54,0.53,0.5,2023-06-23,0232,N,VIIRS,n,2,292.63,1.39,N,2
38.66549,-4.04968,312.13,0.53,0.42,2023-06-23,0232,N,VIIRS,n,2,290.23,1.43,N,2
39.93481,-3.74497,311.59,0.52,0.41,2023-06-23,0232,N,VIIRS,n,2,290.35,1.69,N,2
40.2432,-3.47602,323.08,0.52,0.42,2023-06-23,0232,N,VIIRS,n,2,291.83,3.53,N,2
36.96599,-1.90434,304.73,0.48,0.48,2023-06-23,0233,N,VIIRS,n,2,292.99,1.05,N,2
37.66711,-5.16197,320.59,0.49,0.4,2023-06-23,0233,N,VIIRS,n,2,293.16,2.8,N,0
38.31892,-6.72257,301.71,0.43,0.38,2023-06-23,0233,N,VIIRS,n,2,291.34,1.27,N,0
41.65275,0.58193,338.6,0.54,0.51,2023-06-23,1214,N,VIIRS,n,2,305.47,2.07,D,0
41.85076,-2.03868,339.3,0.36,0.57,2023-06-23,1214,N,VIIRS,n,2,298.84,4.33,D,0
39.58617,-2.06175,340.8,0.41,0.61,2023-06-23,1214,N,VIIRS,n,2,300.82,2.4,D,0
37.66713,-5.15796,337.42,0.66,0.73,2023-06-23,1214,N,VIIRS,n,2,304.17,6.25,D,0
41.65109,0.58445,334.04,0.54,0.51,2023-06-23,1214,N,VIIRS,n,2,306.41,3.84,D,0
37.66901,-5.16047,335.81,0.66,0.73,2023-06-23,1214,N,VIIRS,n,2,302.49,2.66,D,0
42.62888,-4.84837,339.18,0.46,0.64,2023-06-23,1215,N,VIIRS,n,2,299.08,9.14,D,0
40.24385,-3.47235,340.15,0.33,0.55,2023-06-23,1354,N,VIIRS,n,2,306.02,3.62,D,2
37.66729,-5.16246,344.67,0.51,0.49,2023-06-23,1354,N,VIIRS,n,2,312.46,3.83,D,0
43.52297,-6.69832,330.73,0.49,0.49,2023-06-23,1355,N,VIIRS,n,2,296.9,3.85,D,0
41.64164,0.6241,300.93,0.47,0.4,2023-06-24,0212,N,VIIRS,n,2,289.77,0.34,N,0
43.21351,-8.70194,302.96,0.51,0.41,2023-06-24,0212,N,VIIRS,n,2,288.69,0.89,N,0
43.2173,-8.70119,329.98,0.51,0.41,2023-06-24,0212,N,VIIRS,n,2,289.62,3.56,N,0
43.21617,-8.70111,333.18,0.51,0.41,2023-06-24,0212,N,VIIRS,n,2,289.76,4.28,N,0
43.36835,-8.40899,303.97,0.5,0.41,2023-06-24,0212,N,VIIRS,n,2,291.01,1.59,N,3
43.36902,-8.41509,303.2,0.5,0.41,2023-06-24,0212,N,VIIRS,n,2,291.03,0.95,N,0
42.68666,-2.95617,313.46,0.39,0.36,2023-06-24,0212,N,VIIRS,n,2,288.09,1.01,N,0
43.4561,-7.85512,300.84,0.48,0.4,2023-06-24,0212,N,VIIRS,n,2,288.84,0.59,N,0
42.9189,-8.01049,296.82,0.48,0.4,2023-06-24,0212,N,VIIRS,n,2,280.96,0.4,N,0
42.81487,-1.73979,299.81,0.4,0.37,2023-06-24,0212,N,VIIRS,n,2,288.56,1.13,N,2
43.46203,-5.67073,302.52,0.41,0.37,2023-06-24,0212,N,VIIRS,n,2,288.24,1.43,N,0
43.46135,-5.66569,328.89,0.41,0.37,2023-06-24,0212,N,VIIRS,n,2,289.1,2.56,N,0
42.05217,3.19604,303.46,0.39,0.44,2023-06-24,0212,N,VIIRS,n,2,293.37,0.42,N,0
42.35776,1.46356,312.63,0.49,0.4,2023-06-24,0212,N,VIIRS,n,2,286.71,2.15,N,0
43.29743,-1.8995,315.76,0.39,0.36,2023-06-24,0212,N,VIIRS,n,2,289.24,1.52,N,0
42.34754,-3.74029,304.81,0.38,0.36,2023-06-24,0212,N,VIIRS,n,2,286.79,0.84,N,0
41.98618,2.09584,300.28,0.53,0.42,2023-06-24,0212,N,VIIRS,n,2,288.24,0.42,N,0
40.24483,-3.47194,302.93,0.39,0.36,2023-06-24,0213,N,VIIRS,n,2,292.1,1.18,N,2
42.66734,-8.85338,301.43,0.51,0.41,2023-06-24,0213,N,VIIRS,n,2,290.78,0.71,N,0
39.9918,-4.57203,305.44,0.38,0.36,2023-06-24,0213,N,VIIRS,n,2,292.39,0.56,N,0
42.49128,-8.88393,303.62,0.51,0.41,2023-06-24,0213,N,VIIRS,n,2,292,0.94,N,3
42.17007,-8.64855,320.41,0.49,0.41,2023-06-24,0213,N,VIIRS,n,2,291.84,1.91,N,0
39.9359,-3.74517,318.99,0.39,0.36,2023-06-24,0213,N,VIIRS,n,2,294.88,1.87,N,2
41.16536,1.26976,306.73,0.5,0.41,2023-06-24,0213,N,VIIRS,n,2,292.84,1.34,N,0
40.24557,-3.47644,322.99,0.39,0.36,2023-06-24,0213,N,VIIRS,n,2,295.18,2.43,N,2
40.93908,-5.5772,307.88,0.39,0.37,2023-06-24,0213,N,VIIRS,n,2,289.45,0.46,N,0
39.99583,0.02986,307.09,0.47,0.4,2023-06-24,0213,N,VIIRS,n,2,293.12,1.37,N,3
41.00909,-5.64977,309.32,0.4,0.37,2023-06-24,0213,N,VIIRS,n,2,291.3,0.93,N,0
41.27536,-3.47841,311.37,0.38,0.36,2023-06-24,0213,N,VIIRS,n,2,288.46,1.04,N,0
40.64936,0.76001,306.76,0.49,0.4,2023-06-24,0213,N,VIIRS,n,2,292.92,0.95,N,0
42.13517,-8.81812,307.28,0.5,0.41,2023-06-24,0213,N,VIIRS,n,2,291.72,1.19,N,3
38.95833,-5.87937,310.62,0.39,0.36,2023-06-24,0214,N,VIIRS,n,2,297.52,1.61,N,0
37.86684,-0.79877,303.91,0.47,0.4,2023-06-24,0214,N,VIIRS,n,2,291.77,0.73,N,0
37.79966,-0.99899,306.49,0.47,0.39,2023-06-24,0214,N,VIIRS,n,2,292.27,0.44,N,0
36.18811,-5.39546,306.14,0.38,0.36,2023-06-24,0214,N,VIIRS,n,2,295.49,1.24,N,0
36.7211,-3.53719,303.92,0.4,0.37,2023-06-24,0214,N,VIIRS,n,2,292.76,1.44,N,3
36.73365,-3.58968,307.61,0.4,0.37,2023-06-24,0214,N,VIIRS,n,2,293.29,0.79,N,0
36.74334,-2.78534,302.91,0.42,0.38,2023-06-24,0214,N,VIIRS,n,2,292.33,0.45,N,0
37.35909,-5.86378,310.82,0.39,0.36,2023-06-24,0214,N,VIIRS,n,2,296.3,1.07,N,2
37.66605,-5.16222,328.18,0.38,0.36,2023-06-24,0214,N,VIIRS,n,2,295.28,2.37,N,0
37.41219,-1.56475,307.38,0.45,0.39,2023-06-24,0214,N,VIIRS,n,2,293.69,1.14,N,0
37.64744,-0.85813,303.59,0.47,0.4,2023-06-24,0214,N,VIIRS,n,2,292.05,1.01,N,0
37.64948,-0.86868,308.11,0.47,0.4,2023-06-24,0214,N,VIIRS,n,2,292.72,1.02,N,0
38.66811,-4.05176,306.5,0.39,0.36,2023-06-24,0214,N,VIIRS,n,2,294.24,1.38,N,2
28.98589,-13.55906,309.27,0.4,0.44,2023-06-24,0216,N,VIIRS,n,2,291.04,0.5,N,0
29.03272,-13.56804,319.52,0.4,0.44,2023-06-24,0216,N,VIIRS,n,2,289.62,1.18,N,0
29.03319,-13.57225,301.96,0.4,0.44,2023-06-24,0216,N,VIIRS,n,2,289.87,1.33,N,0
28.9818,-13.55978,304.88,0.4,0.44,2023-06-24,0216,N,VIIRS,n,2,290.57,0.5,N,0
28.31847,-13.99122,300.88,0.42,0.45,2023-06-24,0217,N,VIIRS,n,2,290.85,0.77,N,0
28.98317,-13.56211,307.28,0.4,0.44,2023-06-24,0217,N,VIIRS,n,2,290.82,0.7,N,0
28.00867,-15.41982,302.44,0.5,0.49,2023-06-24,0217,N,VIIRS,n,2,291,1.17,N,0
28.0078,-15.41617,312.64,0.5,0.49,2023-06-24,0217,N,VIIRS,n,2,291.77,2.26,N,0
28.97264,-13.54293,337.6,0.4,0.44,2023-06-24,0217,N,VIIRS,n,2,292.04,2.56,N,0
28.9438,-13.7711,302.78,0.41,0.45,2023-06-24,0217,N,VIIRS,n,2,290.54,0.66,N,0
28.32487,-13.89614,304.89,0.41,0.45,2023-06-24,0217,N,VIIRS,n,2,292,0.87,N,0
43.21412,-8.70628,299.2,0.76,0.77,2023-06-24,0352,N,VIIRS,n,2,287.78,1.39,N,0
42.13333,2.8725,330.98,0.34,0.56,2023-06-24,1156,N,VIIRS,n,2,303.71,1.47,D,0
37.66691,-5.15935,341.6,0.45,0.39,2023-06-24,1335,N,VIIRS,l,2,316.28,8.11,D,0
38.71092,-6.66149,350.47,0.42,0.37,2023-06-24,1335,N,VIIRS,n,2,321.05,6.85,D,0
42.32362,-2.04102,343.39,0.47,0.48,2023-06-24,1336,N,VIIRS,n,2,310,3.97,D,0
43.54206,-5.83368,317.01,0.41,0.45,2023-06-25,0153,N,VIIRS,n,2,290.16,1.27,N,2
43.22433,-2.87805,329.94,0.46,0.39,2023-06-25,0153,N,VIIRS,n,2,293.11,3.92,N,2
43.03412,-2.21957,303.4,0.44,0.38,2023-06-25,0153,N,VIIRS,n,2,290.97,0.86,N,2
43.5379,-5.83441,316.09,0.41,0.45,2023-06-25,0153,N,VIIRS,n,2,289.28,1.27,N,2
43.54158,-5.82837,303.73,0.41,0.45,2023-06-25,0153,N,VIIRS,n,2,289.39,1.27,N,2
43.53742,-5.82916,310.48,0.41,0.45,2023-06-25,0153,N,VIIRS,n,2,289.07,1.27,N,2
41.40694,1.99901,312.8,0.39,0.36,2023-06-25,0154,N,VIIRS,n,2,293.72,1.23,N,2
42.93325,-4.22157,298.27,0.52,0.41,2023-06-25,0154,N,VIIRS,n,2,286.12,0.47,N,0
41.31332,1.6639,320.38,0.39,0.36,2023-06-25,0154,N,VIIRS,n,2,294.3,1.15,N,2
41.47435,-1.48567,304.03,0.41,0.37,2023-06-25,0154,N,VIIRS,n,2,292.87,0.26,N,2
40.24576,-3.474,319.98,0.46,0.39,2023-06-25,0154,N,VIIRS,n,2,296.71,2.55,N,2
40.24518,-3.4752,321.1,0.46,0.39,2023-06-25,0154,N,VIIRS,n,2,296.84,2.84,N,2
39.93667,-3.74332,312.94,0.46,0.39,2023-06-25,0154,N,VIIRS,n,2,295.14,1.21,N,2
41.4552,1.97937,311.85,0.39,0.36,2023-06-25,0154,N,VIIRS,n,2,294.72,1.45,N,2
41.40567,1.99656,315.99,0.39,0.36,2023-06-25,0154,N,VIIRS,n,2,293.89,1.43,N,2
42.30387,-5.90565,301.61,0.4,0.45,2023-06-25,0154,N,VIIRS,n,2,289.66,0.87,N,0
36.96527,-1.9054,315.28,0.39,0.36,2023-06-25,0155,N,VIIRS,n,2,294.51,1.56,N,2
38.35266,-0.51204,303.9,0.38,0.36,2023-06-25,0155,N,VIIRS,n,2,293.55,0.73,N,0
38.33881,-0.51094,308.38,0.38,0.36,2023-06-25,0155,N,VIIRS,n,2,294.53,1.12,N,0
38.36113,-0.47817,304.82,0.38,0.36,2023-06-25,0155,N,VIIRS,n,2,294.12,0.85,N,0
38.90202,-3.79713,305.84,0.45,0.39,2023-06-25,0155,N,VIIRS,n,2,293.26,2.98,N,0
38.90138,-3.79188,329.67,0.45,0.39,2023-06-25,0155,N,VIIRS,n,2,294.12,2.98,N,0
37.66733,-5.16408,334.59,0.5,0.41,2023-06-25,0155,N,VIIRS,n,2,296.61,4.86,N,0
40.2721,-3.6831,344.27,0.39,0.36,2023-06-25,1317,N,VIIRS,l,2,315.21,4.75,D,0
40.12104,-3.79037,338.76,0.39,0.36,2023-06-25,1317,N,VIIRS,l,2,313.69,3.56,D,0
40.28171,-3.76138,342.27,0.39,0.36,2023-06-25,1317,N,VIIRS,l,2,316.94,4.16,D,0
43.145,-2.95218,336.07,0.42,0.38,2023-06-25,1318,N,VIIRS,n,2,297.44,5.53,D,0
43.32524,-3.10582,300.1,0.51,0.5,2023-06-26,0134,N,VIIRS,n,2,289.35,2.01,N,0
41.45522,1.97702,305.76,0.44,0.39,2023-06-26,0135,N,VIIRS,n,2,293.59,1.13,N,2
41.47542,-1.48916,300.5,0.41,0.45,2023-06-26,0135,N,VIIRS,n,2,287.43,0.73,N,2
41.5272,1.80724,301.99,0.45,0.39,2023-06-26,0135,N,VIIRS,n,2,291.18,0.59,N,2
42.55115,-6.76793,298.92,0.39,0.59,2023-06-26,0135,N,VIIRS,n,2,287.72,0.43,N,0
40.24423,-3.47779,303.71,0.5,0.49,2023-06-26,0135,N,VIIRS,n,2,287.49,1.19,N,2
41.31138,1.66344,320.42,0.45,0.39,2023-06-26,0135,N,VIIRS,n,2,293.76,2.14,N,2
36.96692,-1.90449,314.7,0.38,0.43,2023-06-26,0136,N,VIIRS,n,2,295.87,1.65,N,2
38.38009,-6.48474,305.93,0.35,0.56,2023-06-26,0136,N,VIIRS,n,2,295.62,0.54,N,2
37.66771,-5.16336,321.81,0.58,0.52,2023-06-26,0136,N,VIIRS,n,2,294.95,2.84,N,0
37.66513,-5.16272,322.59,0.58,0.52,2023-06-26,0136,N,VIIRS,n,2,294.86,3.76,N,0
37.66785,-5.16339,318.95,0.59,0.7,2023-06-26,0316,N,VIIRS,n,2,293.68,1.68,N,0
37.78605,-4.30997,346.69,0.5,0.41,2023-06-26,1257,N,VIIRS,n,2,319.89,55.97,D,0
37.78347,-4.30322,367,0.5,0.41,2023-06-26,1257,N,VIIRS,l,2,335.29,55.97,D,0
37.78237,-4.30887,367,0.5,0.41,2023-06-26,1257,N,VIIRS,h,2,330.8,55.97,D,0
36.5238,-6.10019,352.22,0.42,0.45,2023-06-26,1257,N,VIIRS,n,2,313.37,4.37,D,0
36.5187,-6.10353,357.07,0.42,0.46,2023-06-26,1257,N,VIIRS,n,2,313.8,4.37,D,0
36.5197,-6.09885,352.49,0.42,0.45,2023-06-26,1257,N,VIIRS,n,2,314.11,4.37,D,0
36.5207,-6.09418,345.48,0.42,0.45,2023-06-26,1257,N,VIIRS,n,2,314.07,6.67,D,0
41.38646,1.34978,346.13,0.4,0.37,2023-06-26,1258,N,VIIRS,n,2,302.73,3.49,D,0
38.88904,-6.63129,344.15,0.4,0.44,2023-06-26,1258,N,VIIRS,l,2,318.36,4.13,D,0
41.38983,1.34895,348.94,0.4,0.37,2023-06-26,1258,N,VIIRS,n,2,304.01,6.86,D,0
40.245,-3.47305,306.31,0.45,0.63,2023-06-27,0116,N,VIIRS,n,2,291.42,1.9,N,2
41.31231,1.66045,311.04,0.49,0.49,2023-06-27,0116,N,VIIRS,n,2,293.49,1.54,N,2
39.93645,-3.7463,303.85,0.46,0.63,2023-06-27,0116,N,VIIRS,n,2,292.57,0.79,N,2
40.2452,-3.47853,314,0.45,0.63,2023-06-27,0116,N,VIIRS,n,2,292.81,2.84,N,2
41.4755,-1.48792,303.69,0.36,0.57,2023-06-27,0116,N,VIIRS,n,2,289.34,0.79,N,2
38.66219,-4.04886,309.06,0.47,0.64,2023-06-27,0117,N,VIIRS,n,2,291.74,2.61,N,2
36.96889,-1.90668,307.13,0.34,0.56,2023-06-27,0117,N,VIIRS,n,2,293.95,0.74,N,2
37.66934,-5.16388,325.91,0.53,0.67,2023-06-27,0117,N,VIIRS,n,2,295.04,3.01,N,0
38.66629,-4.05331,348.08,0.47,0.64,2023-06-27,0117,N,VIIRS,n,2,293.52,8.59,N,2
38.66605,-4.04771,307.45,0.47,0.64,2023-06-27,0117,N,VIIRS,n,2,292.92,3.59,N,2
37.66571,-5.16583,330.36,0.53,0.67,2023-06-27,0117,N,VIIRS,n,2,295.46,2.76,N,0
38.66836,-4.05379,341.9,0.47,0.64,2023-06-27,0117,N,VIIRS,n,2,295.1,2.61,N,2
38.66815,-4.04816,308.78,0.47,0.64,2023-06-27,0117,N,VIIRS,n,2,292.98,2.61,N,2
38.66239,-4.05443,329.14,0.47,0.64,2023-06-27,0117,N,VIIRS,n,2,292.07,2.61,N,0
42.55262,-6.77026,300.09,0.43,0.46,2023-06-27,0256,N,VIIRS,n,2,289.48,0.49,N,0
41.31269,1.65792,303.99,0.58,0.7,2023-06-27,0256,N,VIIRS,n,2,287.25,1.53,N,0
38.75733,-6.99196,303.82,0.51,0.49,2023-06-27,0257,N,VIIRS,n,2,293.33,0.78,N,0
40.24274,-3.47504,319.71,0.35,0.57,2023-06-27,0257,N,VIIRS,n,2,293.58,1.46,N,2
38.2638,-1.1916,323.35,0.52,0.67,2023-06-27,0257,N,VIIRS,n,2,285.78,3.86,N,0
38.6673,-4.04925,304.02,0.36,0.58,2023-06-27,0257,N,VIIRS,n,2,292.11,1.09,N,2
37.3038,-5.4858,302.33,0.33,0.55,2023-06-27,0258,N,VIIRS,n,2,291.74,0.45,N,0
37.66704,-5.16302,344.42,0.34,0.56,2023-06-27,0258,N,VIIRS,n,2,296.09,3.1,N,0
37.78235,-0.90558,339.03,0.57,0.43,2023-06-27,1238,N,VIIRS,n,2,306.35,7.84,D,0
36.87773,-2.30881,335.53,0.47,0.47,2023-06-27,1238,N,VIIRS,l,2,309.2,2.76,D,0
37.77989,-0.90608,342.7,0.57,0.43,2023-06-27,1238,N,VIIRS,n,2,306.94,5.7,D,0
37.50753,-5.71496,349.34,0.34,0.56,2023-06-27,1239,N,VIIRS,n,2,316.16,3.6,D,0
37.51251,-5.71697,346.28,0.34,0.56,2023-06-27,1239,N,VIIRS,n,2,316.03,3.6,D,0
37.66724,-5.1605,337.41,0.57,0.69,2023-06-27,1419,N,VIIRS,l,2,311.45,8.06,D,0
38.66568,-4.04182,334.65,0.66,0.73,2023-06-27,1419,N,VIIRS,l,2,309.58,9.91,D,0
39.18834,-3.45268,302.51,0.78,0.78,2023-06-28,0058,N,VIIRS,n,2,287.23,3.45,N,0
41.40701,1.99977,301.45,0.36,0.57,2023-06-28,0237,N,VIIRS,n,2,289.95,0.64,N,2
41.31255,1.65953,306.13,0.34,0.56,2023-06-28,0237,N,VIIRS,n,2,279.97,0.99,N,2
43.54198,-5.83498,303.95,0.44,0.38,2023-06-28,0237,N,VIIRS,n,2,287.04,0.76,N,2
43.54097,-5.82969,302,0.44,0.38,2023-06-28,0237,N,VIIRS,n,2,286.99,0.76,N,2
43.55288,-5.85366,315.96,0.44,0.38,2023-06-28,0237,N,VIIRS,n,2,286.18,1.16,N,0
38.37709,-0.54542,310.59,0.32,0.54,2023-06-28,0238,N,VIIRS,n,2,292.38,0.77,N,2
43.34677,-8.43845,315.77,0.39,0.36,2023-06-28,0238,N,VIIRS,n,2,289.85,1.28,N,2
40.24323,-3.47339,299.28,0.41,0.45,2023-06-28,0238,N,VIIRS,n,2,265.77,0.95,N,2
39.9361,-3.74667,298.94,0.41,0.45,2023-06-28,0238,N,VIIRS,n,2,272.23,0.59,N,2
37.66442,-5.1617,305.05,0.39,0.44,2023-06-28,0239,N,VIIRS,n,2,294.15,0.76,N,0
37.56824,-0.9175,304.14,0.32,0.55,2023-06-28,0239,N,VIIRS,n,2,292.88,0.66,N,2
37.66925,-5.16462,312.87,0.39,0.44,2023-06-28,0239,N,VIIRS,n,2,294.54,0.98,N,0
37.66835,-5.16036,307.65,0.39,0.44,2023-06-28,0239,N,VIIRS,n,2,295.22,0.98,N,0
37.66532,-5.16593,307.79,0.39,0.44,2023-06-28,0239,N,VIIRS,n,2,294.55,0.76,N,0
40.06696,-4.12643,354.83,0.42,0.61,2023-06-28,1220,N,VIIRS,n,2,304.48,1.74,D,0
37.66774,-5.16052,338.22,0.55,0.68,2023-06-28,1220,N,VIIRS,l,2,309.32,2.88,D,0
39.58008,-5.69964,331.19,0.52,0.67,2023-06-28,1220,N,VIIRS,l,2,303.4,2.55,D,0
40.00313,-5.37528,335.6,0.49,0.65,2023-06-28,1220,N,VIIRS,n,2,303.33,4.64,D,0
40.49442,-3.59087,356.97,0.38,0.59,2023-06-28,1220,N,VIIRS,l,2,302.51,5.47,D,0
40.4892,-3.58851,349.41,0.38,0.59,2023-06-28,1220,N,VIIRS,n,2,304.38,5.47,D,0
40.48699,-3.59101,331.62,0.39,0.59,2023-06-28,1220,N,VIIRS,l,2,306.06,3.05,D,0
40.49397,-3.56518,344.71,0.38,0.59,2023-06-28,1220,N,VIIRS,n,2,304.01,4.36,D,0
40.0724,-4.12881,341.8,0.42,0.61,2023-06-28,1220,N,VIIRS,n,2,305.18,1.09,D,0
43.54138,-5.8329,337.03,0.4,0.6,2023-06-28,1221,N,VIIRS,n,2,302.03,7.02,D,2
36.98063,-5.47449,356.43,0.59,0.53,2023-06-28,1400,N,VIIRS,n,2,313.35,20.97,D,0
43.23832,-6.5541,346.73,0.59,0.53,2023-06-28,1402,N,VIIRS,n,2,307,58.58,D,0
42.8137,-1.74274,300.55,0.43,0.38,2023-06-29,0219,N,VIIRS,n,2,288.3,0.71,N,2
39.93846,-3.7421,314.42,0.41,0.37,2023-06-29,0219,N,VIIRS,n,2,294.7,1.66,N,2
40.24438,-3.47458,321.81,0.41,0.37,2023-06-29,0219,N,VIIRS,n,2,294.8,2.4,N,2
40.2438,-3.4728,313.17,0.41,0.37,2023-06-29,0219,N,VIIRS,n,2,293.89,1.69,N,2
40.24717,-3.47179,315.94,0.41,0.37,2023-06-29,0219,N,VIIRS,n,2,294.23,1.69,N,2
42.55384,-6.7658,297.7,0.4,0.37,2023-06-29,0219,N,VIIRS,n,2,287.4,0.29,N,0
41.31464,1.66108,312.06,0.41,0.45,2023-06-29,0219,N,VIIRS,n,2,290.62,2.24,N,2
41.31225,1.66176,312.68,0.41,0.45,2023-06-29,0219,N,VIIRS,n,2,290.03,1.75,N,2
41.40902,1.99879,305.33,0.42,0.45,2023-06-29,0219,N,VIIRS,n,2,290,1.02,N,2
41.45715,1.98059,305.66,0.42,0.45,2023-06-29,0219,N,VIIRS,n,2,289.97,1.1,N,0
43.34793,-8.43473,301.14,0.44,0.38,2023-06-29,0219,N,VIIRS,n,2,287.89,0.74,N,2
37.1852,-6.15342,339.41,0.39,0.36,2023-06-29,0220,N,VIIRS,n,2,297.17,4.49,N,0
38.66606,-4.04979,307.11,0.41,0.37,2023-06-29,0220,N,VIIRS,n,2,292.27,1.85,N,2
37.57116,-0.91507,315.45,0.55,0.43,2023-06-29,0220,N,VIIRS,n,2,295,3.1,N,2
37.66758,-5.16297,332.46,0.4,0.37,2023-06-29,0220,N,VIIRS,n,2,296.93,3.26,N,0
36.96884,-1.90613,310.93,0.51,0.41,2023-06-29,0220,N,VIIRS,n,2,295.17,1.32,N,2
37.19061,-6.16554,336.97,0.39,0.36,2023-06-29,0220,N,VIIRS,n,2,294.82,2.92,N,0
37.1899,-6.16122,326.62,0.39,0.36,2023-06-29,0220,N,VIIRS,n,2,294.52,2.92,N,0
40.11441,-3.04482,337.3,0.63,0.72,2023-06-29,1202,N,VIIRS,n,2,306.16,4.84,D,0
40.11677,-3.03741,338.51,0.63,0.72,2023-06-29,1202,N,VIIRS,n,2,305.39,6.2,D,0
40.11518,-3.01953,336.73,0.63,0.72,2023-06-29,1202,N,VIIRS,n,2,306.28,3.84,D,0
40.0635,-2.93054,337.23,0.62,0.72,2023-06-29,1202,N,VIIRS,n,2,302.93,3.56,D,0
41.25772,-0.53488,335.88,0.44,0.63,2023-06-29,1202,N,VIIRS,n,2,297.27,3.21,D,0
40.12057,-3.0484,339.44,0.63,0.72,2023-06-29,1202,N,VIIRS,n,2,306.14,7.59,D,0
40.12287,-3.04121,336.12,0.63,0.72,2023-06-29,1202,N,VIIRS,n,2,305.05,3.77,D,0
37.1843,-6.14218,342.61,0.48,0.4,2023-06-29,1341,N,VIIRS,l,2,316.97,6.3,D,0
37.66765,-5.15894,339.35,0.53,0.42,2023-06-29,1341,N,VIIRS,l,2,312.75,4.43,D,0
37.18962,-6.17332,340.51,0.47,0.4,2023-06-29,1341,N,VIIRS,l,2,313.66,4.59,D,0
37.19026,-6.16796,348.47,0.47,0.4,2023-06-29,1341,N,VIIRS,n,2,317.22,9.51,D,0
37.1861,-6.13982,345.3,0.48,0.4,2023-06-29,1341,N,VIIRS,l,2,315.66,12.89,D,0
37.18858,-6.17036,348.4,0.47,0.4,2023-06-29,1341,N,VIIRS,n,2,315.81,10.79,D,0
37.18858,-6.13746,338.68,0.48,0.4,2023-06-29,1341,N,VIIRS,l,2,313.13,6.3,D,0
38.91261,-6.87821,346.79,0.46,0.39,2023-06-29,1342,N,VIIRS,n,2,315.06,31.65,D,0
41.40585,1.99817,305.93,0.42,0.37,2023-06-30,0200,N,VIIRS,n,2,283.63,0.8,N,2
43.53907,-5.83193,311.23,0.53,0.42,2023-06-30,0200,N,VIIRS,n,2,281.4,1.88,N,2
41.51766,-5.53399,303.68,0.49,0.4,2023-06-30,0200,N,VIIRS,n,2,284.97,1.56,N,0
41.52136,-5.53317,312.47,0.49,0.4,2023-06-30,0200,N,VIIRS,n,2,286.43,1.56,N,0
41.4547,1.97933,306.52,0.42,0.37,2023-06-30,0200,N,VIIRS,n,2,290.03,1.08,N,2
38.3776,-0.54538,310.67,0.39,0.36,2023-06-30,0201,N,VIIRS,n,2,293.78,1.2,N,2
38.66677,-4.05396,315.07,0.41,0.37,2023-06-30,0201,N,VIIRS,n,2,293.78,0.91,N,2
38.66613,-4.04923,303.05,0.41,0.37,2023-06-30,0201,N,VIIRS,n,2,293.03,0.91,N,2
38.37854,-6.4826,301.93,0.49,0.41,2023-06-30,0201,N,VIIRS,n,2,291.77,0.84,N,2
37.57101,-0.9182,323.3,0.39,0.36,2023-06-30,0201,N,VIIRS,n,2,294.89,2.36,N,2
37.66842,-5.16124,323.38,0.43,0.38,2023-06-30,0201,N,VIIRS,n,2,295.24,1.23,N,0
37.66491,-5.16195,311.69,0.43,0.38,2023-06-30,0201,N,VIIRS,n,2,292.53,1.23,N,0
36.96596,-1.90501,316.03,0.38,0.36,2023-06-30,0201,N,VIIRS,n,2,296.07,1.54,N,2
37.46907,-6.08794,305.43,0.47,0.39,2023-06-30,0201,N,VIIRS,n,2,292.21,0.77,N,0
39.93813,-3.74412,307.11,0.41,0.37,2023-06-30,0201,N,VIIRS,n,2,291.16,0.94,N,2
40.10073,-4.05236,301.27,0.42,0.38,2023-06-30,0201,N,VIIRS,n,2,289.89,0.61,N,0
40.24315,-3.47411,305.18,0.41,0.37,2023-06-30,0201,N,VIIRS,n,2,290.18,0.93,N,2
40.24655,-3.47331,313.41,0.41,0.37,2023-06-30,0201,N,VIIRS,n,2,291.59,1,N,2
37.83389,-3.78237,343.27,0.4,0.37,2023-06-30,1322,N,VIIRS,l,2,315.83,6.16,D,0
40.24577,-3.47498,339.38,0.43,0.38,2023-06-30,1323,N,VIIRS,l,2,313.22,2.93,D,2
41.51932,-5.53452,338.7,0.39,0.36,2023-06-30,1323,N,VIIRS,n,2,307.55,1.28,D,0
40.99312,-5.63486,338.24,0.39,0.36,2023-06-30,1323,N,VIIRS,l,2,311.47,3.55,D,0
43.34731,-8.43454,327.85,0.39,0.36,2023-06-30,1324,N,VIIRS,l,2,302.05,2.11,D,2
42.55262,-6.77084,302.88,0.32,0.55,2023-07-01,0141,N,VIIRS,n,2,286.19,0.7,N,2
41.47611,-1.48549,296.43,0.52,0.42,2023-07-01,0141,N,VIIRS,n,2,284.41,0.55,N,2
42.55034,-6.77076,300.35,0.32,0.55,2023-07-01,0141,N,VIIRS,n,2,284.61,0.62,N,0
38.66577,-4.05107,314.11,0.43,0.46,2023-07-01,0142,N,VIIRS,n,2,291.41,2.64,N,2
39.93674,-3.74596,304.98,0.42,0.46,2023-07-01,0142,N,VIIRS,n,2,290.47,1.15,N,2
40.24414,-3.47678,323.31,0.41,0.45,2023-07-01,0142,N,VIIRS,n,2,290.99,2.11,N,2
39.95178,-0.00434,305.37,0.44,0.38,2023-07-01,0142,N,VIIRS,n,2,293.69,1.86,N,2
37.66429,-5.16141,316.27,0.47,0.48,2023-07-01,0142,N,VIIRS,n,2,292.54,2.09,N,0
40.24714,-3.47591,307.71,0.71,0.75,2023-07-01,0322,N,VIIRS,n,2,285.35,2.27,N,2
40.24741,-3.47853,300.46,0.71,0.75,2023-07-01,0322,N,VIIRS,n,2,284.75,1.96,N,2
37.66497,-5.16181,307.02,0.71,0.75,2023-07-01,0323,N,VIIRS,n,2,289.3,2.28,N,0
37.66542,-5.16433,313.74,0.71,0.75,2023-07-01,0323,N,VIIRS,n,2,289.64,1.36,N,0
41.60056,-0.81985,336.57,0.39,0.36,2023-07-01,1304,N,VIIRS,n,2,305.03,4.49,D,0
41.68748,-0.97118,338.1,0.39,0.36,2023-07-01,1304,N,VIIRS,n,2,303.14,2.74,D,0
37.66739,-5.16219,340.07,0.47,0.39,2023-07-01,1304,N,VIIRS,l,2,313.57,3.55,D,0
42.25171,-5.42349,315.2,0.48,0.65,2023-07-02,0122,N,VIIRS,n,2,284.9,2.71,N,0
42.25311,-5.42343,320.87,0.48,0.65,2023-07-02,0122,N,VIIRS,n,2,284.91,2.91,N,0
41.10798,1.17227,311.9,0.43,0.46,2023-07-02,0122,N,VIIRS,n,2,291.67,1.01,N,0
41.45328,1.97899,310.8,0.4,0.44,2023-07-02,0122,N,VIIRS,n,2,291.96,1.22,N,2
42.25151,-5.41734,301.82,0.48,0.65,2023-07-02,0122,N,VIIRS,n,2,284.64,1.74,N,0
37.66647,-5.16343,317.53,0.43,0.62,2023-07-02,0123,N,VIIRS,n,2,292.72,0.91,N,0
37.80297,-4.14092,305.2,0.38,0.59,2023-07-02,0123,N,VIIRS,n,2,292.11,0.52,N,0
38.37441,-0.54738,302.79,0.49,0.49,2023-07-02,0123,N,VIIRS,n,2,291.19,1.04,N,2
38.66452,-4.05579,305.71,0.38,0.59,2023-07-02,0123,N,VIIRS,n,2,290.25,3.82,N,0
38.66426,-4.05125,356.95,0.38,0.59,2023-07-02,0123,N,VIIRS,n,2,289.94,3.82,N,2
38.66434,-4.04911,313.99,0.38,0.59,2023-07-02,0123,N,VIIRS,n,2,289.34,2.7,N,2
38.66457,-4.05365,338.61,0.38,0.59,2023-07-02,0123,N,VIIRS,n,2,289.5,5.91,N,2
40.24371,-3.47627,329.73,0.37,0.58,2023-07-02,0123,N,VIIRS,n,2,291.85,2.89,N,2
36.96458,-1.90642,306.57,0.56,0.52,2023-07-02,0124,N,VIIRS,n,2,293.03,1.9,N,2
37.66612,-5.16488,325.6,0.43,0.62,2023-07-02,0124,N,VIIRS,n,2,293.08,1.55,N,0
42.25094,-5.41958,315.58,0.6,0.53,2023-07-02,0303,N,VIIRS,n,2,285.46,1.91,N,0
40.24739,-3.47447,313.34,0.42,0.61,2023-07-02,0303,N,VIIRS,n,2,288.49,1.21,N,2
40.24197,-3.47698,303.27,0.42,0.61,2023-07-02,0303,N,VIIRS,n,2,287.97,0.9,N,2
40.24506,-3.47376,314.39,0.42,0.61,2023-07-02,0303,N,VIIRS,n,2,288.83,2.22,N,2
37.67025,-5.162,303.74,0.41,0.6,2023-07-02,0304,N,VIIRS,n,2,291.65,0.55,N,0
37.66491,-5.16432,322.82,0.41,0.6,2023-07-02,0304,N,VIIRS,n,2,291.55,1.73,N,0
37.66592,-5.16302,324.31,0.41,0.61,2023-07-02,0304,N,VIIRS,n,2,291.83,2.14,N,0
27.85853,-15.43766,321.6,0.56,0.43,2023-07-02,0307,N,VIIRS,n,2,292.84,2.28,N,0
37.38895,-6.29213,335.26,0.6,0.53,2023-07-02,1245,N,VIIRS,l,2,308.81,4.94,D,0
37.66767,-5.16306,339.88,0.52,0.5,2023-07-02,1245,N,VIIRS,l,2,309.92,1.83,D,0
37.33262,-6.77876,334.02,0.32,0.55,2023-07-02,1245,N,VIIRS,l,2,304.39,2.61,D,0
40.26524,-3.81251,340.27,0.39,0.44,2023-07-02,1245,N,VIIRS,l,2,310.3,6.47,D,0
41.47533,-1.4889,298.47,0.52,0.67,2023-07-03,0103,N,VIIRS,n,2,285.06,0.37,N,2
37.57033,-0.92056,305.8,0.46,0.63,2023-07-03,0104,N,VIIRS,n,2,290.76,0.37,N,2
37.66704,-5.16626,313.28,0.78,0.78,2023-07-03,0104,N,VIIRS,n,2,292.46,1.67,N,0
37.66679,-5.16266,306.48,0.78,0.78,2023-07-03,0104,N,VIIRS,n,2,292.27,1.01,N,0
40.24326,-3.47499,308.31,0.65,0.73,2023-07-03,0104,N,VIIRS,n,2,288.16,2.53,N,2
40.24408,-3.4772,312.15,0.65,0.73,2023-07-03,0104,N,VIIRS,n,2,288.61,1.56,N,2
40.2458,-3.47489,316.47,0.49,0.49,2023-07-03,0244,N,VIIRS,n,2,292.14,2.82,N,2
39.93809,-3.74718,302.36,0.49,0.48,2023-07-03,0244,N,VIIRS,n,2,290.68,1.36,N,2
43.34506,-8.43868,299.2,0.41,0.37,2023-07-03,0244,N,VIIRS,n,2,288.96,0.67,N,2
43.5281,-5.72625,300.55,0.5,0.41,2023-07-03,0244,N,VIIRS,n,2,289.1,2.01,N,2
39.95218,-0.00441,304.46,0.37,0.58,2023-07-03,0244,N,VIIRS,n,2,290.3,1.3,N,2
37.3623,-5.9244,312.54,0.43,0.46,2023-07-03,0245,N,VIIRS,n,2,294.38,0.94,N,0
37.57173,-0.91571,303.01,0.39,0.59,2023-07-03,0245,N,VIIRS,n,2,291.56,1.31,N,2
39.93463,-3.7434,304.65,0.49,0.48,2023-07-03,0245,N,VIIRS,n,2,291.46,1.84,N,2
38.653,-0.91201,322.65,0.36,0.58,2023-07-03,0245,N,VIIRS,n,2,278.29,4,N,0
38.65194,-0.90801,307.27,0.36,0.58,2023-07-03,0245,N,VIIRS,n,2,276.71,2.82,N,0
37.66589,-5.16406,325.46,0.46,0.47,2023-07-03,0245,N,VIIRS,n,2,294.66,2.31,N,0
39.21804,-0.40735,337.21,0.48,0.48,2023-07-03,1226,N,VIIRS,n,2,297.84,3.14,D,0
36.62298,-5.79941,345.29,0.52,0.67,2023-07-03,1226,N,VIIRS,n,2,303.59,3.4,D,0
40.00451,-5.37764,335.2,0.4,0.6,2023-07-03,1227,N,VIIRS,n,2,304.88,1.64,D,0
40.00579,-5.37303,330.52,0.4,0.6,2023-07-03,1227,N,VIIRS,l,2,304.67,1.64,D,0
40.24389,-3.47251,341.58,0.32,0.55,2023-07-03,1227,N,VIIRS,n,2,305.79,2.96,D,2
43.53858,-5.82838,326.39,0.34,0.56,2023-07-03,1228,N,VIIRS,n,2,293.15,2.14,D,2
37.3885,-6.24836,354.96,0.33,0.55,2023-07-03,1406,N,VIIRS,n,2,316.1,10,D,0
37.38825,-6.25225,340.8,0.33,0.55,2023-07-03,1406,N,VIIRS,l,2,313.76,8.08,D,0
37.38874,-6.24452,351.08,0.33,0.55,2023-07-03,1406,N,VIIRS,n,2,311.29,10,D,0
37.23609,-6.07352,337.3,0.34,0.56,2023-07-03,1406,N,VIIRS,l,2,310.97,3.74,D,0
37.20417,-4.04136,367,0.44,0.62,2023-07-03,1406,N,VIIRS,h,2,312.1,10.76,D,0
37.66639,-5.16041,341.78,0.38,0.59,2023-07-03,1407,N,VIIRS,n,2,309.77,3.85,D,0
43.57024,-5.69244,329.59,0.4,0.6,2023-07-03,1408,N,VIIRS,n,2,296.72,2.58,D,3
43.07415,-2.99664,300.83,0.44,0.38,2023-07-04,0225,N,VIIRS,n,2,287.1,0.56,N,0
41.40569,2.00006,302.21,0.5,0.49,2023-07-04,0225,N,VIIRS,n,2,290.13,1.03,N,2
43.22437,-2.87855,299.96,0.44,0.38,2023-07-04,0225,N,VIIRS,n,2,287.64,0.42,N,2
37.66477,-5.16187,328.36,0.43,0.38,2023-07-04,0226,N,VIIRS,n,2,295.71,2.09,N,0
36.96645,-1.90452,307.55,0.4,0.45,2023-07-04,0226,N,VIIRS,n,2,294.87,1.12,N,2
38.66761,-4.05268,308.42,0.46,0.39,2023-07-04,0226,N,VIIRS,n,2,293.81,2.44,N,2
37.63213,-4.41876,314.09,0.46,0.39,2023-07-04,0226,N,VIIRS,n,2,294.8,1.51,N,0
40.24459,-3.4764,324.26,0.46,0.39,2023-07-04,0226,N,VIIRS,n,2,294.93,2.56,N,2
39.93637,-3.74253,305.23,0.45,0.39,2023-07-04,0226,N,VIIRS,n,2,293.11,1.76,N,2
38.6649,-4.05098,310.42,0.46,0.39,2023-07-04,0226,N,VIIRS,n,2,292.58,1.63,N,2
37.35947,-5.86479,312.48,0.42,0.37,2023-07-04,0227,N,VIIRS,n,2,296.56,1,N,2
37.36126,-5.8663,310.3,0.42,0.37,2023-07-04,0227,N,VIIRS,n,2,296.72,1.56,N,2
40.2462,-3.47186,332.03,0.55,0.68,2023-07-04,1208,N,VIIRS,l,2,304.58,3.78,D,2
41.4345,-0.59722,337.74,0.37,0.58,2023-07-04,1208,N,VIIRS,n,2,300.66,2.28,D,0
40.12494,-3.05553,335.61,0.53,0.67,2023-07-04,1208,N,VIIRS,n,2,303.33,3.16,D,0
40.12674,-3.04955,340.2,0.53,0.67,2023-07-04,1208,N,VIIRS,n,2,303.36,3.16,D,0
40.12098,-3.04625,338.95,0.53,0.67,2023-07-04,1208,N,VIIRS,n,2,304.13,3.16,D,0
40.1228,-3.04021,343.44,0.53,0.67,2023-07-04,1208,N,VIIRS,n,2,303.17,5.6,D,0
40.11489,-3.02162,340.64,0.53,0.67,2023-07-04,1208,N,VIIRS,n,2,305.61,3.45,D,0
39.94663,-2.62847,337.41,0.51,0.66,2023-07-04,1208,N,VIIRS,n,2,303.01,2.64,D,0
38.43754,-5.40289,367,0.77,0.77,2023-07-04,1208,N,VIIRS,h,2,308.5,18.31,D,0
40.11519,-3.04302,344.05,0.53,0.67,2023-07-04,1208,N,VIIRS,n,2,303.75,4.88,D,0
40.11705,-3.03685,336.18,0.53,0.67,2023-07-04,1208,N,VIIRS,n,2,303.44,5.92,D,0
40.12063,-3.02499,336.59,0.53,0.67,2023-07-04,1208,N,VIIRS,n,2,302.17,3.45,D,0
43.5267,-5.72839,340.66,0.55,0.68,2023-07-04,1209,N,VIIRS,n,2,296.53,6.8,D,2
43.52927,-5.7317,331.71,0.55,0.68,2023-07-04,1209,N,VIIRS,n,2,295.04,4.04,D,2
40.24664,-3.47554,336.08,0.55,0.51,2023-07-04,1348,N,VIIRS,l,2,309.88,6.1,D,2
42.28746,-1.33799,356.05,0.37,0.58,2023-07-04,1349,N,VIIRS,n,2,298.82,7.74,D,0
43.52589,-5.72964,344.53,0.46,0.47,2023-07-04,1349,N,VIIRS,n,2,306.16,20.12,D,2
43.53025,-5.73039,331.69,0.46,0.47,2023-07-04,1349,N,VIIRS,n,2,299.78,20.12,D,2
43.5256,-5.73176,353.57,0.46,0.47,2023-07-04,1349,N,VIIRS,n,2,304.91,45.88,D,2
41.04295,-6.85327,341.45,0.57,0.43,2023-07-04,1349,N,VIIRS,n,2,309.1,7.1,D,0
42.45399,-6.03517,344.07,0.43,0.46,2023-07-04,1349,N,VIIRS,n,2,302.57,2.89,D,0
43.52579,-5.73111,344.79,0.45,0.39,2023-07-05,0206,N,VIIRS,n,2,295,15.05,N,2
41.93156,-5.66152,296.36,0.44,0.38,2023-07-05,0206,N,VIIRS,n,2,285.05,0.3,N,0
41.47532,-1.48604,308.56,0.39,0.36,2023-07-05,0206,N,VIIRS,n,2,289.98,0.89,N,2
43.52646,-5.73669,308.72,0.45,0.39,2023-07-05,0206,N,VIIRS,n,2,286.5,5.74,N,2
43.52288,-5.73757,302.9,0.45,0.39,2023-07-05,0206,N,VIIRS,n,2,285.5,5.74,N,2
43.52221,-5.73195,312.14,0.45,0.39,2023-07-05,0206,N,VIIRS,n,2,287.59,15.05,N,2
41.40511,1.99718,310.4,0.47,0.39,2023-07-05,0206,N,VIIRS,n,2,291.69,1.25,N,2
41.45415,1.97918,306.65,0.46,0.39,2023-07-05,0206,N,VIIRS,n,2,291.91,1.01,N,2
42.81458,-1.74041,300.87,0.38,0.36,2023-07-05,0206,N,VIIRS,n,2,286.53,0.59,N,2
43.52937,-5.7303,309.32,0.45,0.39,2023-07-05,0206,N,VIIRS,n,2,286.86,2.14,N,2
40.24358,-3.47351,329.69,0.39,0.36,2023-07-05,0207,N,VIIRS,n,2,296.85,1.98,N,2
41.38189,-4.97604,301.02,0.41,0.37,2023-07-05,0207,N,VIIRS,n,2,278.25,0.48,N,0
39.93562,-3.74389,317.15,0.39,0.36,2023-07-05,0207,N,VIIRS,n,2,295.06,1.95,N,2
37.35923,-5.86349,305.42,0.41,0.37,2023-07-05,0208,N,VIIRS,n,2,294.82,0.35,N,2
37.66618,-5.1647,327.64,0.4,0.37,2023-07-05,0208,N,VIIRS,n,2,294,1.61,N,0
29.10083,-13.51249,337.17,0.57,0.52,2023-07-05,1327,N,VIIRS,l,2,307.65,6.47,D,0
39.71563,3.11176,335.11,0.34,0.56,2023-07-05,1329,N,VIIRS,n,2,298.66,1.88,D,0
37.17988,-6.11002,340.58,0.39,0.36,2023-07-05,1329,N,VIIRS,l,2,314.01,3.99,D,0
41.45695,1.97811,301.72,0.38,0.36,2023-07-06,0147,N,VIIRS,n,2,285.78,1.1,N,0
43.56163,-5.72698,298.28,0.48,0.48,2023-07-06,0147,N,VIIRS,n,2,287.47,0.54,N,0
43.53832,-5.83533,297.38,0.49,0.49,2023-07-06,0147,N,VIIRS,n,2,284.2,1.31,N,2
41.40601,1.99764,314.33,0.38,0.36,2023-07-06,0147,N,VIIRS,n,2,291.25,1.51,N,2
42.81293,-1.74062,298.75,0.48,0.4,2023-07-06,0147,N,VIIRS,n,2,280.1,0.78,N,2
43.52132,-5.73309,297.59,0.48,0.48,2023-07-06,0147,N,VIIRS,n,2,286.76,1.7,N,2
43.52532,-5.72633,296.94,0.48,0.48,2023-07-06,0147,N,VIIRS,n,2,286.46,1.01,N,2
43.52626,-5.73834,298.83,0.48,0.48,2023-07-06,0147,N,VIIRS,n,2,287.44,1.7,N,0
43.52579,-5.73238,325.92,0.48,0.48,2023-07-06,0147,N,VIIRS,n,2,289.23,1.7,N,2
43.53026,-5.73154,305.92,0.48,0.48,2023-07-06,0147,N,VIIRS,n,2,286.85,1.5,N,2
43.53785,-5.82914,298.91,0.49,0.49,2023-07-06,0147,N,VIIRS,n,2,282.41,1.31,N,2
39.93592,-3.74776,299.25,0.53,0.42,2023-07-06,0148,N,VIIRS,n,2,279.86,1.41,N,2
38.66526,-4.05145,309.05,0.53,0.42,2023-07-06,0148,N,VIIRS,n,2,290.65,3.25,N,2
40.24369,-3.47769,300,0.52,0.42,2023-07-06,0148,N,VIIRS,n,2,278.46,1.49,N,2
37.66805,-5.16312,323.28,0.39,0.44,2023-07-06,0149,N,VIIRS,n,2,292.08,1.89,N,0
37.97004,-3.81523,306.65,0.51,0.41,2023-07-06,0149,N,VIIRS,n,2,292.9,1.08,N,0
37.97384,-3.81461,303.13,0.51,0.41,2023-07-06,0149,N,VIIRS,n,2,292.95,0.76,N,0
36.17996,-5.42483,304.2,0.39,0.44,2023-07-06,0149,N,VIIRS,n,2,294.08,1.01,N,2
37.33457,-6.5917,307.67,0.46,0.47,2023-07-06,0149,N,VIIRS,n,2,291.81,1.18,N,0
43.52486,-5.72666,314.71,0.53,0.67,2023-07-06,0327,N,VIIRS,n,2,282.71,1.95,N,2
43.35943,-4.56732,307.07,0.36,0.58,2023-07-07,0128,N,VIIRS,n,2,286.06,3.76,N,0
43.54168,-5.8316,313.83,0.42,0.61,2023-07-07,0128,N,VIIRS,n,2,286.37,2.07,N,2
43.5267,-5.73112,304.4,0.42,0.61,2023-07-07,0128,N,VIIRS,n,2,284.07,0.89,N,2
43.55434,-5.86407,307.24,0.42,0.61,2023-07-07,0128,N,VIIRS,n,2,286.32,1.31,N,0
43.35922,-4.56265,334.16,0.36,0.58,2023-07-07,0128,N,VIIRS,n,2,286.15,3.35,N,0
40.24446,-3.47378,318.2,0.6,0.53,2023-07-07,0129,N,VIIRS,n,2,292.75,3.34,N,2
40.24378,-3.47211,310.18,0.6,0.53,2023-07-07,0129,N,VIIRS,n,2,291.52,1.59,N,2
41.85089,0.38886,301.7,0.4,0.44,2023-07-07,0129,N,VIIRS,n,2,288.3,0.41,N,0
37.66722,-5.16422,324.14,0.35,0.57,2023-07-07,0130,N,VIIRS,n,2,285.38,1.55,N,0
40.24497,-3.47351,309.79,0.51,0.66,2023-07-07,0309,N,VIIRS,n,2,290.17,2.34,N,2
40.24576,-3.47331,306.04,0.51,0.66,2023-07-07,0309,N,VIIRS,n,2,289.95,1.08,N,2
43.52504,-5.73393,304.19,0.32,0.55,2023-07-07,0309,N,VIIRS,n,2,288.16,1.09,N,2
43.52879,-5.72763,298.96,0.32,0.55,2023-07-07,0309,N,VIIRS,n,2,288.48,0.61,N,2
43.52986,-5.73161,309.08,0.32,0.55,2023-07-07,0309,N,VIIRS,n,2,287.75,0.61,N,2
43.35497,-4.56098,310.48,0.37,0.58,2023-07-07,0309,N,VIIRS,n,2,285.69,0.93,N,0
43.35612,-4.56508,312.73,0.37,0.58,2023-07-07,0309,N,VIIRS,n,2,285.83,0.93,N,0
43.36076,-4.56094,297.49,0.37,0.58,2023-07-07,0309,N,VIIRS,n,2,285.71,0.93,N,0
38.98164,-6.28691,298.21,0.4,0.6,2023-07-07,0310,N,VIIRS,n,2,286.19,0.29,N,0
37.66842,-5.16462,316.28,0.49,0.65,2023-07-07,0310,N,VIIRS,n,2,290.31,1.67,N,0
38.98291,-6.29151,301.37,0.4,0.6,2023-07-07,0310,N,VIIRS,n,2,287.01,0.81,N,0
37.39855,-6.50988,342.31,0.51,0.49,2023-07-07,1251,N,VIIRS,n,2,312.57,2.78,D,0
37.66683,-5.15971,342.6,0.43,0.46,2023-07-07,1251,N,VIIRS,n,2,312.37,1.86,D,0
37.21674,-3.06687,338.08,0.52,0.42,2023-07-07,1251,N,VIIRS,l,2,311.85,5.48,D,0
37.40353,-6.51249,338.04,0.51,0.49,2023-07-07,1251,N,VIIRS,l,2,311.88,4.14,D,0
37.39912,-6.51081,349.24,0.51,0.49,2023-07-07,1251,N,VIIRS,n,2,313.5,4.14,D,0
37.40296,-6.51157,347.43,0.51,0.49,2023-07-07,1251,N,VIIRS,n,2,312.64,5.48,D,0
38.86586,-6.95252,343.86,0.5,0.49,2023-07-07,1252,N,VIIRS,n,2,312.4,5.68,D,0
38.86718,-6.94691,345.47,0.5,0.49,2023-07-07,1252,N,VIIRS,n,2,314.85,7.43,D,0
43.52457,-5.72814,340.65,0.52,0.42,2023-07-07,1253,N,VIIRS,n,2,302.82,8.02,D,2
43.52829,-5.72962,334.83,0.52,0.42,2023-07-07,1253,N,VIIRS,n,2,303.99,4.79,D,2
43.53992,-5.82997,335,0.53,0.42,2023-07-07,1253,N,VIIRS,l,2,305.38,8.21,D,2
43.22492,-2.88178,299.34,0.52,0.67,2023-07-08,0109,N,VIIRS,n,2,288.42,0.7,N,2
43.30951,-3.02607,300.03,0.53,0.67,2023-07-08,0109,N,VIIRS,n,2,284.2,0.8,N,0
40.24614,-3.47305,312.43,0.54,0.68,2023-07-08,0110,N,VIIRS,n,2,291.11,2.92,N,2
39.93625,-3.74719,301.84,0.55,0.68,2023-07-08,0110,N,VIIRS,n,2,290.6,1.07,N,2
38.66693,-4.0578,301.97,0.56,0.69,2023-07-08,0111,N,VIIRS,n,2,291.82,1.63,N,0
37.66442,-5.16802,305.44,0.64,0.72,2023-07-08,0111,N,VIIRS,n,2,290.27,1.44,N,0
37.6696,-5.16209,303.27,0.64,0.72,2023-07-08,0111,N,VIIRS,n,2,290.45,0.62,N,0
37.96062,-1.24245,303.59,0.39,0.59,2023-07-08,0111,N,VIIRS,n,2,290.51,0.72,N,0
43.52648,-5.73315,351.75,0.39,0.44,2023-07-08,0250,N,VIIRS,n,2,287.55,9.11,N,2
41.40869,1.99817,302.75,0.51,0.66,2023-07-08,0250,N,VIIRS,n,2,290.75,0.62,N,2
43.52257,-5.73473,304.04,0.39,0.44,2023-07-08,0250,N,VIIRS,n,2,286.1,9.11,N,2
43.5505,-5.86001,306.6,0.38,0.43,2023-07-08,0250,N,VIIRS,n,2,288.11,1.87,N,2
43.03609,-2.22232,301.09,0.58,0.52,2023-07-08,0250,N,VIIRS,n,2,290.49,0.93,N,2
43.44153,-3.84486,304.96,0.47,0.48,2023-07-08,0250,N,VIIRS,n,2,285.31,1.17,N,2
40.24187,-3.47254,300.23,0.59,0.53,2023-07-08,0251,N,VIIRS,n,2,289.31,0.99,N,2
38.37591,-0.54628,303.16,0.46,0.64,2023-07-08,0251,N,VIIRS,n,2,292.18,0.72,N,2
37.66763,-5.16212,316.86,0.56,0.52,2023-07-08,0251,N,VIIRS,n,2,291.28,2.23,N,0
37.38905,-6.29584,333.96,0.44,0.62,2023-07-08,1232,N,VIIRS,l,2,308.93,4.1,D,0
37.36852,-6.76971,336.94,0.46,0.64,2023-07-08,1232,N,VIIRS,n,2,306.33,2.83,D,0
37.37508,-6.77724,367,0.47,0.64,2023-07-08,1232,N,VIIRS,h,2,309.42,15.68,D,0
37.36798,-6.78004,336.89,0.47,0.64,2023-07-08,1232,N,VIIRS,n,2,308.55,3.37,D,0
37.36942,-6.77487,345.79,0.47,0.64,2023-07-08,1232,N,VIIRS,n,2,308.89,3.93,D,0
37.37084,-6.76974,343.2,0.46,0.64,2023-07-08,1232,N,VIIRS,n,2,307.47,3.93,D,0
37.37419,-6.77205,336.76,0.46,0.64,2023-07-08,1232,N,VIIRS,n,2,308.2,10.87,D,0
37.37274,-6.77716,367,0.46,0.64,2023-07-08,1232,N,VIIRS,h,2,310.53,13.39,D,0
37.36706,-6.77482,344.71,0.46,0.64,2023-07-08,1232,N,VIIRS,n,2,307.36,4.71,D,0
38.28111,-1.59853,334.49,0.48,0.48,2023-07-08,1232,N,VIIRS,n,2,303.1,3.74,D,0
37.50512,-5.71147,344.24,0.41,0.6,2023-07-08,1232,N,VIIRS,n,2,309.44,2.36,D,0
37.51048,-5.71375,337.05,0.41,0.6,2023-07-08,1232,N,VIIRS,l,2,310.49,2.36,D,0
41.73975,-3.78841,330.14,0.51,0.49,2023-07-08,1233,N,VIIRS,l,2,304.59,2.8,D,0
37.66754,-5.15927,336.62,0.47,0.64,2023-07-08,1413,N,VIIRS,l,2,310.9,1.94,D,0
37.56846,-0.91977,301.85,0.68,0.74,2023-07-09,0052,N,VIIRS,n,2,288.63,0.88,N,2
41.40387,1.99907,304.02,0.6,0.53,2023-07-09,0231,N,VIIRS,n,2,293.46,0.63,N,2
41.47419,-1.48648,303.01,0.41,0.45,2023-07-09,0231,N,VIIRS,n,2,291.37,0.36,N,2
41.40542,1.99918,304.41,0.6,0.53,2023-07-09,0231,N,VIIRS,n,2,293.61,1.1,N,2
42.71668,-7.45258,295.06,0.39,0.36,2023-07-09,0231,N,VIIRS,n,2,283.73,0.54,N,0
40.24316,-3.47618,313.97,0.53,0.42,2023-07-09,0232,N,VIIRS,n,2,292.47,3.15,N,2
39.93762,-3.74689,305.22,0.52,0.42,2023-07-09,0232,N,VIIRS,n,2,291.43,1.06,N,2
37.66592,-5.16481,322.23,0.5,0.41,2023-07-09,0233,N,VIIRS,n,2,293.51,1.46,N,0
37.35928,-5.8636,308.55,0.47,0.4,2023-07-09,0233,N,VIIRS,n,2,296.29,0.98,N,2
40.46405,-3.56991,367,0.46,0.63,2023-07-09,1214,N,VIIRS,h,2,305.31,5.88,D,0
40.46553,-3.56485,335.01,0.46,0.63,2023-07-09,1214,N,VIIRS,n,2,309.87,6.74,D,0
37.37054,-5.88698,335.19,0.72,0.76,2023-07-09,1214,N,VIIRS,n,2,304.4,4.14,D,0
43.53809,-5.82829,326.84,0.47,0.64,2023-07-09,1215,N,VIIRS,n,2,294.23,3.13,D,2
37.1932,-6.14076,350.11,0.45,0.47,2023-07-09,1354,N,VIIRS,n,2,319.18,15.97,D,0
37.19274,-6.14589,356.31,0.45,0.47,2023-07-09,1354,N,VIIRS,n,2,317.5,17.87,D,0
37.37041,-5.88753,344.17,0.47,0.47,2023-07-09,1354,N,VIIRS,l,2,315,7.45,D,0
37.36953,-5.8899,342.79,0.47,0.47,2023-07-09,1354,N,VIIRS,l,2,315.31,7.72,D,0
37.3625,-6.27925,345.76,0.44,0.46,2023-07-09,1354,N,VIIRS,l,2,317.66,10.41,D,0
37.94172,-5.75868,338.67,0.48,0.48,2023-07-09,1354,N,VIIRS,l,2,309.83,6.67,D,0
37.94127,-5.76425,345.56,0.48,0.48,2023-07-09,1354,N,VIIRS,n,2,313.87,6.67,D,0
37.94619,-5.75931,343.84,0.48,0.48,2023-07-09,1354,N,VIIRS,n,2,310.16,41.83,D,0
42.21908,-5.14674,344.31,0.57,0.52,2023-07-09,1355,N,VIIRS,n,2,313.59,23.31,D,0
42.21425,-5.14609,343.27,0.57,0.52,2023-07-09,1355,N,VIIRS,n,2,310.46,65.06,D,0
42.20896,-5.15265,367,0.57,0.52,2023-07-09,1355,N,VIIRS,h,2,311.68,65.06,D,0
40.24678,-3.47416,344.57,0.34,0.56,2023-07-09,1355,N,VIIRS,n,2,313.77,4.57,D,2
42.21862,-5.15389,348.4,0.57,0.52,2023-07-09,1355,N,VIIRS,n,2,313.77,23.31,D,0
43.2901,-5.6727,298.14,0.41,0.37,2023-07-10,0212,N,VIIRS,n,2,286.38,0.34,N,0
43.5218,-5.73545,302.94,0.41,0.37,2023-07-10,0212,N,VIIRS,n,2,286.55,1.17,N,2
43.52453,-5.72953,317.65,0.41,0.37,2023-07-10,0212,N,VIIRS,n,2,288.22,2.79,N,2
43.5252,-5.73457,348.16,0.41,0.37,2023-07-10,0212,N,VIIRS,n,2,291.92,2.79,N,2
43.53807,-5.8309,331.23,0.41,0.37,2023-07-10,0212,N,VIIRS,n,2,287.65,2.18,N,2
43.52793,-5.72867,303.03,0.41,0.37,2023-07-10,0212,N,VIIRS,n,2,289.12,2.79,N,2
43.52861,-5.7337,299.55,0.41,0.37,2023-07-10,0212,N,VIIRS,n,2,287.18,2.79,N,2
43.54148,-5.83002,301.33,0.41,0.37,2023-07-10,0212,N,VIIRS,n,2,287.19,2.18,N,2
43.53133,-5.72779,303.42,0.41,0.37,2023-07-10,0212,N,VIIRS,n,2,287.15,0.76,N,2
43.28671,-5.67358,301.06,0.41,0.37,2023-07-10,0212,N,VIIRS,n,2,285.41,0.34,N,0
41.92574,0.18224,321.42,0.45,0.39,2023-07-10,0213,N,VIIRS,n,2,292.92,2.42,N,2
41.92224,0.18104,305.23,0.45,0.39,2023-07-10,0213,N,VIIRS,n,2,293.69,1.06,N,2
41.92326,0.1757,305.65,0.45,0.39,2023-07-10,0213,N,VIIRS,n,2,293.65,1.06,N,0
41.54649,-5.56033,329.43,0.4,0.37,2023-07-10,0213,N,VIIRS,n,2,288.36,3.21,N,0
41.1847,-4.80137,306.32,0.39,0.36,2023-07-10,0213,N,VIIRS,n,2,288.58,1.02,N,0
40.24447,-3.47231,324.01,0.39,0.36,2023-07-10,0213,N,VIIRS,n,2,295.88,1.73,N,2
40.24521,-3.47681,305.79,0.39,0.36,2023-07-10,0213,N,VIIRS,n,2,295.21,1.73,N,2
40.23083,-5.10944,320.88,0.39,0.36,2023-07-10,0213,N,VIIRS,n,2,293.41,1.62,N,0
40.23151,-5.11391,310.73,0.39,0.36,2023-07-10,0213,N,VIIRS,n,2,293.55,1.97,N,0
39.93793,-3.74301,307.93,0.39,0.36,2023-07-10,0213,N,VIIRS,n,2,293.81,0.69,N,2
39.93464,-3.74392,313.79,0.39,0.36,2023-07-10,0213,N,VIIRS,n,2,294.89,1.16,N,2
41.92677,0.17691,328.6,0.45,0.39,2023-07-10,0213,N,VIIRS,n,2,293.81,2.42,N,2
37.3597,-5.86665,315.66,0.39,0.36,2023-07-10,0214,N,VIIRS,n,2,299,1.78,N,2
37.94487,-5.76274,330.18,0.39,0.36,2023-07-10,0214,N,VIIRS,n,2,295.45,3.34,N,0
37.66839,-5.16252,315.62,0.38,0.36,2023-07-10,0214,N,VIIRS,n,2,296.07,0.96,N,0
37.6651,-5.16334,318.73,0.38,0.36,2023-07-10,0214,N,VIIRS,n,2,296.04,1.39,N,0
39.76009,-5.26077,354.63,0.48,0.4,2023-07-10,1336,N,VIIRS,n,2,323.6,11.75,D,0
39.75946,-5.26622,351.05,0.48,0.4,2023-07-10,1336,N,VIIRS,l,2,323.65,11.75,D,0
43.52486,-5.73031,334.88,0.5,0.41,2023-07-10,1337,N,VIIRS,l,2,308.26,6.39,D,2
43.5242,-5.73655,338.26,0.5,0.41,2023-07-10,1337,N,VIIRS,l,2,309.23,6.39,D,2
43.22455,-2.87767,304.33,0.46,0.39,2023-07-11,0153,N,VIIRS,n,2,291,1.22,N,2
43.54103,-5.82955,325.94,0.41,0.45,2023-07-11,0153,N,VIIRS,n,2,289.03,2.22,N,2
43.54152,-5.83478,304.63,0.41,0.45,2023-07-11,0153,N,VIIRS,n,2,288.31,2.3,N,2
43.53689,-5.83032,306.09,0.41,0.45,2023-07-11,0153,N,VIIRS,n,2,287.25,1.18,N,2
41.47423,-1.48811,309.18,0.41,0.37,2023-07-11,0154,N,VIIRS,n,2,296.19,1.16,N,2
41.31342,1.662,317.95,0.39,0.36,2023-07-11,0154,N,VIIRS,n,2,296.09,2.3,N,2
41.18972,-4.78666,301.45,0.52,0.42,2023-07-11,0154,N,VIIRS,n,2,290.15,0.89,N,0
40.24502,-3.47197,314.08,0.45,0.39,2023-07-11,0154,N,VIIRS,n,2,297.17,2.6,N,2
39.93724,-3.74439,315.02,0.46,0.39,2023-07-11,0154,N,VIIRS,n,2,297.34,2.3,N,2
38.57705,-6.93802,313.15,0.41,0.45,2023-07-11,0155,N,VIIRS,n,2,291.87,1.12,N,0
38.37584,-0.54536,310.59,0.38,0.36,2023-07-11,0155,N,VIIRS,n,2,297.37,1.24,N,2
36.71964,-2.73506,314.67,0.4,0.37,2023-07-11,0155,N,VIIRS,n,2,296.3,1.2,N,0
37.2063,-6.1315,331.14,0.54,0.42,2023-07-11,0155,N,VIIRS,n,2,295.05,5.72,N,0
37.2102,-6.13082,324.63,0.54,0.42,2023-07-11,0155,N,VIIRS,n,2,294.12,2.24,N,0
37.66498,-5.16408,313.21,0.5,0.41,2023-07-11,0155,N,VIIRS,n,2,296.27,3.64,N,0
37.66872,-5.16339,311.14,0.5,0.41,2023-07-11,0155,N,VIIRS,n,2,296.4,3.4,N,0
38.57658,-6.93319,302.99,0.41,0.45,2023-07-11,0155,N,VIIRS,n,2,291.72,0.76,N,0
38.57792,-6.93725,304.4,0.78,0.78,2023-07-11,0335,N,VIIRS,n,2,290.89,1.12,N,0
40.27219,-3.68178,343.36,0.39,0.36,2023-07-11,1317,N,VIIRS,l,2,318.11,7.27,D,0
43.0347,-2.2195,298.85,0.46,0.47,2023-07-12,0135,N,VIIRS,n,2,273.75,1.09,N,2
40.24702,-3.4776,306.66,0.5,0.49,2023-07-12,0135,N,VIIRS,n,2,294.47,2.55,N,2
40.24654,-3.47161,304.74,0.5,0.49,2023-07-12,0135,N,VIIRS,n,2,293.46,1.89,N,2
43.03907,-2.21878,297.23,0.46,0.47,2023-07-12,0135,N,VIIRS,n,2,273.65,1.07,N,2
38.99592,-6.12601,308.09,0.33,0.56,2023-07-12,0136,N,VIIRS,n,2,291.96,0.63,N,0
37.66948,-5.16371,304.76,0.57,0.52,2023-07-12,0136,N,VIIRS,n,2,293.78,0.96,N,0
37.66465,-5.16428,308.58,0.57,0.52,2023-07-12,0136,N,VIIRS,n,2,294.4,0.99,N,0
37.45073,-5.46096,304.9,0.59,0.53,2023-07-12,0136,N,VIIRS,n,2,291.37,1.08,N,0
37.35865,-6.67364,305.91,0.34,0.56,2023-07-12,0136,N,VIIRS,n,2,294.64,0.36,N,2
38.99617,-6.12994,311.72,0.33,0.56,2023-07-12,0136,N,VIIRS,n,2,292.52,0.63,N,0
38.99641,-6.13385,307.17,0.33,0.56,2023-07-12,0136,N,VIIRS,n,2,291.91,1.26,N,0
39.93677,-3.74284,310.58,0.51,0.49,2023-07-12,0136,N,VIIRS,n,2,295.77,1.6,N,2
37.63766,-2.04817,305.02,0.39,0.44,2023-07-12,0136,N,VIIRS,n,2,293.93,0.46,N,0
38.99075,-6.12663,308.07,0.33,0.56,2023-07-12,0136,N,VIIRS,n,2,290.94,0.63,N,0
38.991,-6.13056,307.03,0.33,0.56,2023-07-12,0136,N,VIIRS,n,2,290.93,0.63,N,0
38.66578,-4.05141,308.27,0.63,0.72,2023-07-12,0316,N,VIIRS,n,2,292.17,3,N,2
37.45457,-5.41519,309.96,0.58,0.7,2023-07-12,0316,N,VIIRS,n,2,290.37,1.31,N,0
37.66594,-5.16002,302.19,0.59,0.7,2023-07-12,0316,N,VIIRS,n,2,291.75,0.89,N,0
37.66784,-5.1663,304.07,0.59,0.7,2023-07-12,0316,N,VIIRS,n,2,291.79,1.23,N,0
37.66646,-5.16061,303.18,0.59,0.7,2023-07-12,0316,N,VIIRS,n,2,291.84,1.52,N,0
37.40345,-6.00688,342.87,0.4,0.44,2023-07-12,1257,N,VIIRS,n,2,317.07,4,D,0
39.95166,-4.82792,354.19,0.48,0.4,2023-07-12,1258,N,VIIRS,n,2,313.12,7.78,D,0
42.74164,-8.64838,326.21,0.41,0.45,2023-07-12,1259,N,VIIRS,n,2,301,2.68,D,0
40.11074,-5.43994,299.01,0.56,0.69,2023-07-13,0116,N,VIIRS,n,2,287.22,0.71,N,0
41.31342,1.66053,308.01,0.49,0.48,2023-07-13,0116,N,VIIRS,n,2,284.03,1.44,N,2
38.66462,-4.05328,298.54,0.46,0.64,2023-07-13,0117,N,VIIRS,n,2,286.74,0.49,N,2
39.93835,-3.7463,305.12,0.45,0.63,2023-07-13,0117,N,VIIRS,n,2,289.72,0.8,N,2
37.66593,-5.16285,316.03,0.52,0.67,2023-07-13,0117,N,VIIRS,n,2,293.56,1.83,N,0
38.67056,-4.05263,304.1,0.46,0.64,2023-07-13,0117,N,VIIRS,n,2,292.25,1.96,N,0
43.53954,-5.8314,297.21,0.45,0.47,2023-07-13,0256,N,VIIRS,n,2,284.89,0.55,N,2
41.4079,1.99737,301.16,0.6,0.71,2023-07-13,0256,N,VIIRS,n,2,287,1.07,N,2
39.93845,-3.74377,304.12,0.35,0.57,2023-07-13,0257,N,VIIRS,n,2,289.13,0.95,N,2
38.66627,-4.04677,298.8,0.37,0.58,2023-07-13,0257,N,VIIRS,n,2,287.51,0.33,N,0
38.66737,-4.05083,299.27,0.37,0.58,2023-07-13,0257,N,VIIRS,n,2,287.82,1.55,N,2
39.93776,-3.7423,299.59,0.35,0.57,2023-07-13,0257,N,VIIRS,n,2,288.04,0.79,N,2
37.66841,-5.16181,323.81,0.34,0.56,2023-07-13,0258,N,VIIRS,n,2,294.67,0.92,N,0
37.35924,-5.86595,314.64,0.32,0.54,2023-07-13,0258,N,VIIRS,n,2,296.91,2.67,N,2
37.3593,-5.86523,314.51,0.32,0.54,2023-07-13,0258,N,VIIRS,n,2,296.57,1.11,N,2
38.01351,-4.03414,301.45,0.38,0.59,2023-07-13,0258,N,VIIRS,n,2,290.61,0.42,N,0
38.01243,-4.03693,300.6,0.38,0.59,2023-07-13,0258,N,VIIRS,n,2,290.37,0.42,N,0
37.66343,-5.16385,303.95,0.34,0.56,2023-07-13,0258,N,VIIRS,n,2,293.4,0.92,N,0
36.87534,-2.31032,335.01,0.46,0.47,2023-07-13,1238,N,VIIRS,n,2,304.89,2.51,D,0
37.3882,-6.29546,342.85,0.36,0.58,2023-07-13,1239,N,VIIRS,l,2,316.04,6.82,D,0
39.28689,-2.80885,339.05,0.43,0.46,2023-07-13,1239,N,VIIRS,l,2,313.05,3.11,D,0
37.33333,-6.77963,340.87,0.39,0.59,2023-07-13,1239,N,VIIRS,l,2,314.44,7.72,D,0
37.32919,-6.77328,341.12,0.39,0.59,2023-07-13,1239,N,VIIRS,l,2,314.73,7.14,D,0
37.3914,-6.29698,343.99,0.36,0.58,2023-07-13,1239,N,VIIRS,l,2,315.79,7.03,D,0
43.52491,-5.72934,327.42,0.48,0.48,2023-07-13,1240,N,VIIRS,l,2,299.52,3.99,D,2
43.53868,-5.8307,326.41,0.48,0.48,2023-07-13,1240,N,VIIRS,l,2,299.77,3.35,D,2
37.66871,-5.16042,335.4,0.57,0.69,2023-07-13,1419,N,VIIRS,l,2,310.36,4.84,D,0
37.71645,-4.22299,352.35,0.64,0.72,2023-07-13,1419,N,VIIRS,n,2,317.7,9.72,D,0
37.70964,-4.22292,346.54,0.64,0.72,2023-07-13,1419,N,VIIRS,n,2,318.53,9.72,D,0
37.70977,-4.21631,367,0.64,0.72,2023-07-13,1419,N,VIIRS,h,2,320.06,28.48,D,0
40.46688,-3.61622,338.79,0.71,0.75,2023-07-13,1420,N,VIIRS,n,2,301.26,4.97,D,0
40.04179,-6.28132,333.11,0.52,0.66,2023-07-13,1420,N,VIIRS,l,2,306.33,4.17,D,0
40.57793,0.54074,301.58,0.49,0.65,2023-07-14,0057,N,VIIRS,n,2,290.85,1.05,N,2
43.22267,-2.88023,301.8,0.74,0.76,2023-07-14,0057,N,VIIRS,n,2,285.06,1.09,N,2
40.57744,0.54068,302.25,0.49,0.65,2023-07-14,0057,N,VIIRS,n,2,291.16,1,N,2
43.57296,-5.69677,300.58,0.44,0.39,2023-07-14,0237,N,VIIRS,n,2,288.62,0.97,N,3
43.53139,-5.72456,301.65,0.44,0.39,2023-07-14,0237,N,VIIRS,n,2,288.72,1.07,N,2
43.52547,-5.73247,302,0.44,0.39,2023-07-14,0237,N,VIIRS,n,2,290.21,1.43,N,2
43.54149,-5.83578,298.49,0.44,0.38,2023-07-14,0237,N,VIIRS,n,2,288.24,1,N,2
43.54047,-5.83046,315.98,0.44,0.38,2023-07-14,0237,N,VIIRS,n,2,289.29,1.59,N,2
43.52895,-5.73119,306.55,0.44,0.39,2023-07-14,0237,N,VIIRS,n,2,288.87,1.07,N,2
39.93838,-3.74514,310.24,0.41,0.45,2023-07-14,0238,N,VIIRS,n,2,294.6,1.22,N,2
41.31392,1.66247,313.33,0.35,0.57,2023-07-14,0238,N,VIIRS,n,2,290.7,1.91,N,2
43.03113,-6.26391,296.27,0.43,0.38,2023-07-14,0238,N,VIIRS,n,2,283.87,0.44,N,0
43.34806,-8.43621,305.49,0.39,0.36,2023-07-14,0238,N,VIIRS,n,2,288.56,0.67,N,2
41.47492,-1.48656,303.43,0.48,0.48,2023-07-14,0238,N,VIIRS,n,2,291.54,0.29,N,2
40.2458,-3.47594,325.79,0.42,0.45,2023-07-14,0238,N,VIIRS,n,2,296.35,2.24,N,2
39.93531,-3.74333,309.89,0.41,0.45,2023-07-14,0238,N,VIIRS,n,2,294.66,1.64,N,2
38.70967,-6.50026,310.9,0.49,0.4,2023-07-14,0239,N,VIIRS,n,2,292.45,1.25,N,0
38.37456,-0.54401,304.26,0.32,0.55,2023-07-14,0239,N,VIIRS,n,2,292.8,0.65,N,2
37.6682,-5.16372,326.21,0.39,0.44,2023-07-14,0239,N,VIIRS,n,2,295.65,1.81,N,0
36.72052,-4.50193,305.68,0.44,0.46,2023-07-14,0239,N,VIIRS,n,2,295.44,1.26,N,0
39.02129,-5.52927,367,0.52,0.67,2023-07-14,1220,N,VIIRS,h,2,303.98,8.25,D,0
40.24787,-3.4737,337.08,0.38,0.59,2023-07-14,1220,N,VIIRS,l,2,307.52,3.75,D,2
39.02715,-5.53213,342.77,0.52,0.67,2023-07-14,1220,N,VIIRS,n,2,307.08,3.81,D,0
39.02535,-5.53816,367,0.52,0.67,2023-07-14,1220,N,VIIRS,h,2,304.2,3.81,D,0
37.80629,-1.06973,339.16,0.33,0.56,2023-07-14,1220,N,VIIRS,n,2,305.74,1.93,D,0
39.01951,-5.53523,367,0.52,0.67,2023-07-14,1220,N,VIIRS,h,2,304.18,8.25,D,0
42.3646,-4.06247,345.09,0.36,0.57,2023-07-14,1221,N,VIIRS,n,2,307.3,2.88,D,0
42.35952,-4.0602,337.6,0.36,0.57,2023-07-14,1221,N,VIIRS,n,2,306.33,2.88,D,0
40.00553,-5.37692,342.16,0.48,0.65,2023-07-14,1221,N,VIIRS,n,2,309.79,4.48,D,0
40.48881,-3.5919,335.08,0.38,0.59,2023-07-14,1221,N,VIIRS,l,2,306.13,3.62,D,0
42.3631,-4.06139,367,0.36,0.57,2023-07-14,1221,N,VIIRS,h,2,309.53,6.75,D,0
43.53857,-5.82831,333.21,0.4,0.6,2023-07-14,1222,N,VIIRS,n,2,299.52,3.13,D,2
43.52353,-5.73371,333.2,0.4,0.6,2023-07-14,1222,N,VIIRS,n,2,301.77,2.81,D,2
43.52488,-5.72903,334.68,0.4,0.6,2023-07-14,1222,N,VIIRS,n,2,301.44,2.81,D,2
39.01744,-5.71686,341.18,0.6,0.53,2023-07-14,1401,N,VIIRS,n,2,309.27,5.06,D,0
42.84496,-1.57057,367,0.53,0.67,2023-07-14,1402,N,VIIRS,h,2,298.1,8.98,D,0
42.83866,-1.56911,350.48,0.53,0.67,2023-07-14,1402,N,VIIRS,n,2,300.49,8.98,D,0
42.84238,-1.57469,367,0.53,0.67,2023-07-14,1402,N,VIIRS,h,2,299.63,21.31,D,0
42.84249,-1.56894,367,0.53,0.67,2023-07-14,1402,N,VIIRS,h,2,300.57,29.07,D,0
43.54187,-5.83222,331.82,0.33,0.55,2023-07-14,1402,N,VIIRS,l,2,304.37,4.21,D,2
43.52608,-5.73377,330.86,0.33,0.55,2023-07-14,1402,N,VIIRS,l,2,302.2,2.85,D,2
43.52464,-5.73625,331.72,0.33,0.55,2023-07-14,1402,N,VIIRS,l,2,302.78,1.75,D,2
42.84486,-1.57632,345.2,0.53,0.67,2023-07-14,1402,N,VIIRS,n,2,296.29,8.98,D,0
42.83857,-1.57501,341.06,0.53,0.67,2023-07-14,1402,N,VIIRS,n,2,301.69,8.98,D,0
41.4565,1.98024,306.44,0.42,0.45,2023-07-15,0219,N,VIIRS,n,2,293.26,0.59,N,2
43.09148,-2.49662,302.25,0.41,0.37,2023-07-15,0219,N,VIIRS,n,2,286.91,0.85,N,0
43.03419,-2.21916,313.76,0.42,0.37,2023-07-15,0219,N,VIIRS,n,2,289.18,1.7,N,2
41.92482,0.17763,312.42,0.52,0.41,2023-07-15,0219,N,VIIRS,n,2,293.33,1.59,N,2
41.45583,1.97854,309.29,0.42,0.45,2023-07-15,0219,N,VIIRS,n,2,293.68,1.09,N,2
41.40757,1.99667,306.2,0.42,0.45,2023-07-15,0219,N,VIIRS,n,2,293.78,1.32,N,2
41.67878,0.58893,306.58,0.54,0.42,2023-07-15,0219,N,VIIRS,n,2,292.88,0.47,N,0
42.23082,-3.76212,299.54,0.39,0.36,2023-07-15,0219,N,VIIRS,n,2,287.65,0.49,N,0
41.47365,-1.4868,305.47,0.46,0.39,2023-07-15,0219,N,VIIRS,n,2,294.81,1.42,N,2
40.24487,-3.47468,329.58,0.41,0.37,2023-07-15,0219,N,VIIRS,n,2,297.38,2.85,N,2
40.24609,-3.47694,307,0.41,0.37,2023-07-15,0219,N,VIIRS,n,2,294.43,1.62,N,2
40.24525,-3.47217,316.24,0.41,0.37,2023-07-15,0219,N,VIIRS,n,2,294.74,1.62,N,2
38.66674,-4.04871,325.66,0.41,0.37,2023-07-15,0220,N,VIIRS,n,2,294.64,3.14,N,2
38.66335,-4.04966,330.43,0.41,0.37,2023-07-15,0220,N,VIIRS,n,2,292.01,3.06,N,2
37.66551,-5.16158,325.53,0.4,0.37,2023-07-15,0220,N,VIIRS,n,2,295.21,1.55,N,0
38.37914,-6.48423,304.77,0.38,0.36,2023-07-15,0220,N,VIIRS,n,2,292.55,0.69,N,2
39.93652,-3.74576,317.57,0.41,0.37,2023-07-15,0220,N,VIIRS,n,2,295.42,1.67,N,2
28.77154,-17.97446,347.59,0.58,0.52,2023-07-15,0223,N,VIIRS,n,2,300.14,20.88,N,0
28.76665,-17.9745,354.69,0.58,0.52,2023-07-15,0223,N,VIIRS,n,2,304.23,20.88,N,0
28.76178,-17.97472,310.74,0.58,0.52,2023-07-15,0223,N,VIIRS,n,2,296.82,3.53,N,0
28.76731,-17.98162,308.69,0.58,0.52,2023-07-15,0223,N,VIIRS,n,2,294.77,13.39,N,0
28.77088,-17.96735,339.17,0.58,0.52,2023-07-15,0223,N,VIIRS,n,2,299.59,20.88,N,0
40.11374,-3.04926,335.92,0.63,0.72,2023-07-15,1202,N,VIIRS,n,2,300.98,4.62,D,0
40.11457,-3.02382,335.99,0.62,0.72,2023-07-15,1202,N,VIIRS,n,2,302.02,2.45,D,0
40.11611,-3.04184,338.32,0.62,0.72,2023-07-15,1202,N,VIIRS,n,2,301.2,4.62,D,0
28.72316,-17.9498,354.76,0.34,0.56,2023-07-15,1339,N,VIIRS,n,2,300.07,44.36,D,0
28.72707,-17.93306,355.16,0.34,0.56,2023-07-15,1339,N,VIIRS,n,2,313.36,43.42,D,0
28.72446,-17.94424,367,0.34,0.56,2023-07-15,1339,N,VIIRS,h,2,300.56,44.36,D,0
28.71983,-17.9178,351.93,0.34,0.56,2023-07-15,1339,N,VIIRS,n,2,306.31,69.58,D,0
28.72578,-17.93857,367,0.34,0.56,2023-07-15,1339,N,VIIRS,h,2,303.42,43.42,D,0
28.72834,-17.9276,367,0.34,0.56,2023-07-15,1339,N,VIIRS,h,2,311.74,160.08,D,0
28.73163,-17.91349,367,0.34,0.56,2023-07-15,1339,N,VIIRS,h,2,333.7,125.49,D,0
28.733,-17.90758,367,0.34,0.56,2023-07-15,1339,N,VIIRS,h,2,317.54,100.49,D,0
28.72514,-17.91818,353.36,0.34,0.56,2023-07-15,1339,N,VIIRS,n,2,308.74,69.58,D,0
28.72765,-17.90742,352.66,0.34,0.56,2023-07-15,1339,N,VIIRS,n,2,327.39,58.18,D,0
28.72019,-17.93936,367,0.34,0.56,2023-07-15,1339,N,VIIRS,h,2,301.18,12.28,D,0
28.72139,-17.93425,367,0.34,0.56,2023-07-15,1339,N,VIIRS,h,2,306.9,12.28,D,0
28.72261,-17.929,367,0.34,0.56,2023-07-15,1339,N,VIIRS,h,2,300.53,22.41,D,0
28.72392,-17.92342,367,0.34,0.56,2023-07-15,1339,N,VIIRS,h,2,303.67,22.41,D,0
28.72886,-17.90224,367,0.34,0.56,2023-07-15,1339,N,VIIRS,h,2,308.45,58.18,D,0
28.72126,-17.9117,367,0.34,0.56,2023-07-15,1339,N,VIIRS,l,2,329.6,69.58,D,0
28.71589,-17.93467,351.82,0.34,0.56,2023-07-15,1339,N,VIIRS,n,2,293.27,12.28,D,0
28.74914,-17.9543,342.79,0.34,0.56,2023-07-15,1339,N,VIIRS,n,2,309.93,24.16,D,0
28.746,-17.96789,343.87,0.34,0.56,2023-07-15,1339,N,VIIRS,n,2,306.88,5.4,D,0
28.75608,-17.94765,367,0.34,0.56,2023-07-15,1339,N,VIIRS,h,2,317.15,47.62,D,0
28.75103,-17.96953,367,0.34,0.56,2023-07-15,1339,N,VIIRS,h,2,316.43,8.66,D,0
28.74984,-17.97466,367,0.34,0.56,2023-07-15,1339,N,VIIRS,h,2,312.14,8.66,D,0
28.75408,-17.95633,349.99,0.34,0.56,2023-07-15,1339,N,VIIRS,n,2,313.68,26.04,D,0
28.75508,-17.95201,367,0.34,0.56,2023-07-15,1339,N,VIIRS,l,2,327.82,26.04,D,0
28.76095,-17.94995,367,0.34,0.56,2023-07-15,1339,N,VIIRS,h,2,310.06,47.62,D,0
28.75903,-17.95827,342.63,0.34,0.56,2023-07-15,1339,N,VIIRS,n,2,311.49,26.04,D,0
28.75706,-17.96681,347.11,0.34,0.56,2023-07-15,1339,N,VIIRS,n,2,317.44,15.1,D,0
28.75605,-17.97121,349.08,0.34,0.56,2023-07-15,1339,N,VIIRS,n,2,316.34,8.66,D,0
28.76,-17.95407,367,0.34,0.56,2023-07-15,1339,N,VIIRS,l,2,332.65,26.04,D,0
28.76486,-17.95643,348.42,0.34,0.56,2023-07-15,1339,N,VIIRS,n,2,308.22,5.23,D,0
28.76201,-17.9688,342.21,0.34,0.56,2023-07-15,1339,N,VIIRS,l,2,316.8,9.02,D,0
28.74524,-17.94781,367,0.34,0.56,2023-07-15,1339,N,VIIRS,h,2,318.32,24.16,D,0
28.75121,-17.94537,367,0.34,0.56,2023-07-15,1339,N,VIIRS,h,2,316.86,41.57,D,0
28.7171,-17.92948,367,0.34,0.56,2023-07-15,1339,N,VIIRS,h,2,294.72,22.41,D,0
28.71843,-17.92381,367,0.34,0.56,2023-07-15,1339,N,VIIRS,h,2,297.43,22.41,D,0
28.72245,-17.90659,367,0.34,0.56,2023-07-15,1339,N,VIIRS,h,2,320.03,58.18,D,0
28.71579,-17.91201,343.7,0.34,0.56,2023-07-15,1339,N,VIIRS,n,2,298.62,6.59,D,0
28.73371,-17.92773,367,0.34,0.56,2023-07-15,1339,N,VIIRS,l,2,342.56,160.08,D,0
28.73721,-17.91268,208,0.34,0.56,2023-07-15,1339,N,VIIRS,l,2,319.39,125.49,D,0
28.72739,-17.95486,355.29,0.34,0.56,2023-07-15,1339,N,VIIRS,n,2,301.62,36.17,D,0
28.73126,-17.93825,355.98,0.34,0.56,2023-07-15,1339,N,VIIRS,n,2,310.68,43.42,D,0
28.7299,-17.94407,367,0.34,0.56,2023-07-15,1339,N,VIIRS,h,2,304.84,44.36,D,0
28.73835,-17.9078,367,0.34,0.56,2023-07-15,1339,N,VIIRS,h,2,307.87,100.49,D,0
28.73055,-17.91813,367,0.34,0.56,2023-07-15,1339,N,VIIRS,l,2,340.54,125.49,D,0
28.7381,-17.9553,346.45,0.34,0.56,2023-07-15,1339,N,VIIRS,n,2,307.93,8.84,D,0
28.74629,-17.94327,367,0.34,0.56,2023-07-15,1339,N,VIIRS,h,2,322.2,41.57,D,0
28.7442,-17.9523,367,0.34,0.56,2023-07-15,1339,N,VIIRS,h,2,314.04,24.16,D,0
28.73251,-17.93288,367,0.34,0.56,2023-07-15,1339,N,VIIRS,l,2,331.63,43.42,D,0
28.73887,-17.92875,367,0.34,0.56,2023-07-15,1339,N,VIIRS,h,2,303.6,44.36,D,0
28.73524,-17.94437,367,0.34,0.56,2023-07-15,1339,N,VIIRS,h,2,328.04,33.24,D,0
28.73401,-17.94963,367,0.34,0.56,2023-07-15,1339,N,VIIRS,h,2,310.05,33.24,D,0
28.73281,-17.95483,352.39,0.34,0.56,2023-07-15,1339,N,VIIRS,n,2,304.81,8.84,D,0
28.74032,-17.94572,367,0.34,0.56,2023-07-15,1339,N,VIIRS,h,2,315.22,33.24,D,0
28.73688,-17.96055,367,0.34,0.56,2023-07-15,1339,N,VIIRS,h,2,308.46,8.84,D,0
28.73923,-17.95046,353.73,0.34,0.56,2023-07-15,1339,N,VIIRS,n,2,315.91,33.24,D,0
40.24504,-3.4748,341.85,0.46,0.47,2023-07-15,1342,N,VIIRS,n,2,310.56,3.34,D,2
40.07827,-5.4846,345.67,0.55,0.43,2023-07-15,1342,N,VIIRS,n,2,313.02,18.85,D,0
43.5247,-5.7325,350.76,0.39,0.44,2023-07-15,1343,N,VIIRS,n,2,302.19,7.43,D,2
28.71834,-17.9112,367,0.75,0.77,2023-07-15,1520,N,VIIRS,h,2,306.71,17.75,D,0
28.71259,-17.8751,367,0.75,0.77,2023-07-15,1520,N,VIIRS,h,2,304.15,45.02,D,0
28.7116,-17.8994,367,0.75,0.77,2023-07-15,1520,N,VIIRS,h,2,311.74,45.02,D,0
28.71104,-17.91331,367,0.75,0.77,2023-07-15,1520,N,VIIRS,h,2,303.69,26.64,D,0
28.71082,-17.91863,347.76,0.75,0.77,2023-07-15,1520,N,VIIRS,n,2,299.53,26.64,D,0
28.7186,-17.90474,367,0.75,0.77,2023-07-15,1520,N,VIIRS,h,2,304.81,17.75,D,0
28.71796,-17.92053,367,0.75,0.77,2023-07-15,1520,N,VIIRS,h,2,307,32.56,D,0
28.71777,-17.92517,367,0.75,0.77,2023-07-15,1520,N,VIIRS,h,2,303.51,25.86,D,0
28.71814,-17.91602,350.48,0.75,0.77,2023-07-15,1520,N,VIIRS,n,2,301.65,32.56,D,0
28.71757,-17.93,356.29,0.75,0.77,2023-07-15,1520,N,VIIRS,n,2,302.86,25.86,D,0
28.71736,-17.93526,347.04,0.75,0.77,2023-07-15,1520,N,VIIRS,n,2,301.09,24.89,D,0
28.71714,-17.94058,329.93,0.75,0.77,2023-07-15,1520,N,VIIRS,n,2,299.62,24.89,D,0
28.7259,-17.90265,367,0.75,0.77,2023-07-15,1520,N,VIIRS,h,2,311.16,22.32,D,0
28.72485,-17.92838,367,0.75,0.77,2023-07-15,1520,N,VIIRS,h,2,305.83,25.86,D,0
28.72422,-17.94362,367,0.75,0.77,2023-07-15,1520,N,VIIRS,h,2,309.74,24.89,D,0
28.72401,-17.94856,367,0.75,0.77,2023-07-15,1520,N,VIIRS,h,2,304.78,29.95,D,0
28.72381,-17.95348,367,0.75,0.77,2023-07-15,1520,N,VIIRS,h,2,302.59,29.95,D,0
28.72716,-17.87244,340.99,0.76,0.77,2023-07-15,1520,N,VIIRS,n,2,306.47,22.32,D,0
28.72567,-17.90828,344.18,0.75,0.77,2023-07-15,1520,N,VIIRS,n,2,306.2,17.75,D,0
28.72548,-17.91294,328.34,0.75,0.77,2023-07-15,1520,N,VIIRS,n,2,301.79,17.75,D,0
28.72505,-17.92329,331.51,0.75,0.77,2023-07-15,1520,N,VIIRS,n,2,302.17,32.56,D,0
28.72463,-17.93357,357.63,0.75,0.77,2023-07-15,1520,N,VIIRS,n,2,304.86,25.86,D,0
28.72442,-17.93872,348.64,0.75,0.77,2023-07-15,1520,N,VIIRS,n,2,303.58,24.89,D,0
28.73326,-17.89917,367,0.76,0.77,2023-07-15,1520,N,VIIRS,h,2,326.02,146.19,D,0
28.7328,-17.91031,367,0.75,0.77,2023-07-15,1520,N,VIIRS,h,2,340.91,172.45,D,0
28.73259,-17.91548,367,0.75,0.77,2023-07-15,1520,N,VIIRS,h,2,344.29,172.45,D,0
28.73213,-17.92659,367,0.75,0.77,2023-07-15,1520,N,VIIRS,h,2,314.52,129.06,D,0
28.73191,-17.93176,367,0.75,0.77,2023-07-15,1520,N,VIIRS,h,2,311.95,138.05,D,0
28.73089,-17.95642,367,0.75,0.77,2023-07-15,1520,N,VIIRS,h,2,305.57,19.46,D,0
28.73171,-17.93673,345.6,0.75,0.77,2023-07-15,1520,N,VIIRS,n,2,307.39,138.05,D,0
28.73151,-17.9415,341.17,0.75,0.77,2023-07-15,1520,N,VIIRS,n,2,307.78,49.41,D,0
28.73131,-17.94623,333.63,0.75,0.77,2023-07-15,1520,N,VIIRS,n,2,306.53,49.41,D,0
28.7311,-17.95132,337.74,0.75,0.77,2023-07-15,1520,N,VIIRS,n,2,306.58,19.46,D,0
28.73068,-17.96149,334.29,0.75,0.77,2023-07-15,1520,N,VIIRS,n,2,302.93,9.78,D,0
28.733,-17.90546,367,0.75,0.77,2023-07-15,1520,N,VIIRS,l,2,333.61,146.19,D,0
28.7404,-17.90115,367,0.76,0.77,2023-07-15,1520,N,VIIRS,h,2,304.45,146.19,D,0
28.73969,-17.91809,367,0.75,0.77,2023-07-15,1520,N,VIIRS,h,2,303.17,172.45,D,0
28.73948,-17.92323,367,0.75,0.77,2023-07-15,1520,N,VIIRS,h,2,302.97,129.06,D,0
28.73927,-17.92822,367,0.75,0.77,2023-07-15,1520,N,VIIRS,h,2,305.76,129.06,D,0
28.73906,-17.9332,367,0.75,0.77,2023-07-15,1520,N,VIIRS,h,2,324.48,138.05,D,0
28.73843,-17.94835,367,0.75,0.77,2023-07-15,1520,N,VIIRS,h,2,312.67,49.41,D,0
28.74015,-17.90718,344.18,0.75,0.77,2023-07-15,1520,N,VIIRS,n,2,308.57,146.19,D,0
28.73992,-17.91274,333.51,0.75,0.77,2023-07-15,1520,N,VIIRS,n,2,304.76,172.45,D,0
28.73864,-17.94319,344.84,0.75,0.77,2023-07-15,1520,N,VIIRS,n,2,312.61,49.41,D,0
28.7382,-17.95357,350.62,0.75,0.77,2023-07-15,1520,N,VIIRS,n,2,312.19,19.46,D,0
28.73779,-17.9636,341.81,0.75,0.77,2023-07-15,1520,N,VIIRS,n,2,306.13,9.78,D,0
28.73885,-17.9382,367,0.75,0.77,2023-07-15,1520,N,VIIRS,l,2,328.78,138.05,D,0
28.74585,-17.94316,367,0.75,0.77,2023-07-15,1520,N,VIIRS,h,2,320.06,50.59,D,0
28.74562,-17.94858,340.54,0.75,0.77,2023-07-15,1520,N,VIIRS,n,2,311.44,50.59,D,0
28.74471,-17.97002,352.4,0.74,0.76,2023-07-15,1520,N,VIIRS,n,2,309.3,35.77,D,0
28.74452,-17.97456,346.54,0.74,0.76,2023-07-15,1520,N,VIIRS,n,2,304.78,31.49,D,0
28.75306,-17.9432,367,0.75,0.77,2023-07-15,1520,N,VIIRS,h,2,315.78,50.59,D,0
28.75187,-17.97093,367,0.74,0.76,2023-07-15,1520,N,VIIRS,h,2,315.25,35.77,D,0
28.75283,-17.94859,356.6,0.75,0.77,2023-07-15,1520,N,VIIRS,n,2,319.41,50.59,D,0
28.75166,-17.97592,355.1,0.74,0.76,2023-07-15,1520,N,VIIRS,n,2,314.87,31.49,D,0
28.76005,-17.94813,367,0.75,0.77,2023-07-15,1520,N,VIIRS,h,2,312.98,52.69,D,0
28.7598,-17.95405,355.92,0.75,0.77,2023-07-15,1520,N,VIIRS,n,2,313.24,41.36,D,0
28.7349,-17.90718,367,0.76,0.77,2023-07-15,1520,N,VIIRS,h,2,343.32,252.12,D,0
28.73584,-17.88083,332.53,0.76,0.77,2023-07-15,1520,N,VIIRS,n,2,306.77,121.89,D,0
28.73413,-17.92821,355.69,0.75,0.77,2023-07-15,1520,N,VIIRS,n,2,318.74,183.68,D,0
28.73376,-17.93822,342.87,0.75,0.77,2023-07-15,1520,N,VIIRS,n,2,316.71,94.56,D,0
28.73358,-17.94302,353,0.75,0.77,2023-07-15,1520,N,VIIRS,n,2,310.79,94.56,D,0
28.7334,-17.94793,347.87,0.75,0.77,2023-07-15,1520,N,VIIRS,n,2,309.51,14.31,D,0
28.73321,-17.95306,342.17,0.75,0.77,2023-07-15,1520,N,VIIRS,n,2,308.38,14.31,D,0
28.73303,-17.9581,351.79,0.75,0.77,2023-07-15,1520,N,VIIRS,n,2,306.58,12.53,D,0
28.73284,-17.96313,339.55,0.75,0.77,2023-07-15,1520,N,VIIRS,n,2,304.41,12.53,D,0
28.7351,-17.90144,356.84,0.76,0.77,2023-07-15,1520,N,VIIRS,l,2,333.47,121.89,D,0
28.73471,-17.91228,367,0.75,0.77,2023-07-15,1520,N,VIIRS,l,2,344.24,252.12,D,0
28.73394,-17.93328,355.8,0.75,0.77,2023-07-15,1520,N,VIIRS,l,2,339.5,183.68,D,0
28.74112,-17.9341,367,0.75,0.77,2023-07-15,1520,N,VIIRS,h,2,304.87,183.68,D,0
28.74055,-17.94949,367,0.75,0.77,2023-07-15,1520,N,VIIRS,h,2,311.42,14.31,D,0
28.74229,-17.90244,330.37,0.76,0.77,2023-07-15,1520,N,VIIRS,n,2,301.67,121.89,D,0
28.74207,-17.90824,334.54,0.76,0.77,2023-07-15,1520,N,VIIRS,n,2,302.92,252.12,D,0
28.74093,-17.93911,345,0.75,0.77,2023-07-15,1520,N,VIIRS,n,2,315.99,94.56,D,0
28.74075,-17.94424,352.24,0.75,0.77,2023-07-15,1520,N,VIIRS,n,2,310.2,94.56,D,0
28.74035,-17.95477,335.76,0.75,0.77,2023-07-15,1520,N,VIIRS,n,2,309.89,14.31,D,0
28.74677,-17.97578,367,0.74,0.76,2023-07-15,1520,N,VIIRS,h,2,305.73,23.3,D,0
28.74815,-17.9389,356.98,0.75,0.77,2023-07-15,1520,N,VIIRS,n,2,311.54,67.44,D,0
28.74775,-17.9497,343.09,0.75,0.77,2023-07-15,1520,N,VIIRS,n,2,313.85,36.54,D,0
28.74694,-17.97128,356.1,0.75,0.77,2023-07-15,1520,N,VIIRS,n,2,310.15,23.3,D,0
28.74795,-17.94423,350.29,0.75,0.77,2023-07-15,1520,N,VIIRS,l,2,325.77,67.44,D,0
28.75516,-17.94415,367,0.75,0.77,2023-07-15,1520,N,VIIRS,h,2,310.67,67.44,D,0
28.75496,-17.94962,367,0.75,0.77,2023-07-15,1520,N,VIIRS,h,2,318.38,36.54,D,0
28.7541,-17.97225,367,0.75,0.77,2023-07-15,1520,N,VIIRS,h,2,315.64,23.3,D,0
28.7539,-17.97748,354.9,0.74,0.76,2023-07-15,1520,N,VIIRS,n,2,311.07,23.3,D,0
28.76218,-17.94919,367,0.75,0.77,2023-07-15,1520,N,VIIRS,h,2,309.83,23.65,D,0
28.76195,-17.95519,367,0.75,0.77,2023-07-15,1520,N,VIIRS,h,2,308.63,23.65,D,0
42.92088,-1.51028,297.23,0.39,0.36,2023-07-16,0200,N,VIIRS,n,2,285.22,0.47,N,0
41.47543,-1.48873,311.02,0.39,0.36,2023-07-16,0200,N,VIIRS,n,2,290.82,1.1,N,2
40.57533,0.54241,306.37,0.4,0.37,2023-07-16,0200,N,VIIRS,n,2,294.82,1.15,N,2
43.53874,-5.8316,328.19,0.52,0.42,2023-07-16,0200,N,VIIRS,n,2,282.8,4.41,N,2
39.93841,-3.7459,305.67,0.41,0.37,2023-07-16,0201,N,VIIRS,n,2,291.7,1.04,N,2
39.935,-3.74667,306.08,0.41,0.37,2023-07-16,0201,N,VIIRS,n,2,291.28,1.04,N,2
37.66573,-5.16218,317.74,0.43,0.38,2023-07-16,0201,N,VIIRS,n,2,293.11,1.53,N,0
40.24379,-3.47661,325.87,0.41,0.37,2023-07-16,0201,N,VIIRS,n,2,293.56,3.27,N,2
37.36131,-5.86766,304.67,0.45,0.39,2023-07-16,0202,N,VIIRS,n,2,294.66,0.94,N,2
37.09941,-5.47554,315.61,0.44,0.38,2023-07-16,0202,N,VIIRS,n,2,293.84,1.76,N,0
28.71797,-17.93645,327.37,0.56,0.69,2023-07-16,0204,N,VIIRS,n,2,291.52,11.7,N,0
28.6979,-17.92398,307.14,0.56,0.69,2023-07-16,0204,N,VIIRS,n,2,290.78,2.47,N,0
28.70382,-17.91554,316.36,0.56,0.68,2023-07-16,0204,N,VIIRS,n,2,291.56,7.33,N,0
28.70493,-17.9337,301.05,0.56,0.69,2023-07-16,0204,N,VIIRS,n,2,288.75,4.41,N,0
28.70421,-17.92192,356.18,0.56,0.69,2023-07-16,0204,N,VIIRS,n,2,296.27,4.41,N,0
28.71049,-17.91948,304.68,0.56,0.69,2023-07-16,0204,N,VIIRS,n,2,291.01,4.41,N,0
28.71124,-17.93177,311.57,0.56,0.69,2023-07-16,0204,N,VIIRS,n,2,290.55,4.41,N,0
28.71736,-17.92664,310.97,0.56,0.69,2023-07-16,0204,N,VIIRS,n,2,291.26,3.81,N,0
28.71564,-17.89897,329.92,0.55,0.68,2023-07-16,0204,N,VIIRS,n,2,292.68,5.21,N,0
28.75123,-17.93951,302.16,0.56,0.69,2023-07-16,0204,N,VIIRS,n,2,290.95,2.76,N,0
28.7272,-17.97069,298.96,0.56,0.69,2023-07-16,0204,N,VIIRS,n,2,287.61,1.75,N,0
28.72282,-17.89202,310.73,0.55,0.68,2023-07-16,0204,N,VIIRS,n,2,292.21,6.69,N,0
28.71941,-17.94625,367,0.56,0.69,2023-07-16,0204,N,VIIRS,h,2,294.78,9.43,N,0
28.71889,-17.93689,326.41,0.56,0.69,2023-07-16,0204,N,VIIRS,n,2,291.96,5.57,N,0
28.71678,-17.89873,327.39,0.56,0.68,2023-07-16,0204,N,VIIRS,n,2,293.29,13.59,N,0
28.7166,-17.89556,352.54,0.55,0.68,2023-07-16,0204,N,VIIRS,n,2,294.66,6.69,N,0
28.71996,-17.95645,302.37,0.56,0.69,2023-07-16,0204,N,VIIRS,n,2,288.6,9.43,N,0
28.71836,-17.92729,308.58,0.56,0.69,2023-07-16,0204,N,VIIRS,n,2,290.94,5.57,N,0
28.71321,-17.95072,310.66,0.56,0.69,2023-07-16,0204,N,VIIRS,n,2,288.74,2.72,N,0
28.71274,-17.9422,302.24,0.56,0.69,2023-07-16,0204,N,VIIRS,n,2,289.26,2.91,N,0
28.71222,-17.9327,314.48,0.56,0.69,2023-07-16,0204,N,VIIRS,n,2,290.58,2.91,N,0
28.70527,-17.9231,343.83,0.56,0.69,2023-07-16,0204,N,VIIRS,n,2,294.75,6.15,N,0
28.70591,-17.93493,301.51,0.56,0.69,2023-07-16,0204,N,VIIRS,n,2,288.9,2.91,N,0
28.70487,-17.91571,317.18,0.56,0.69,2023-07-16,0204,N,VIIRS,n,2,291.84,6.15,N,0
28.71915,-17.95559,305.43,0.56,0.69,2023-07-16,0204,N,VIIRS,n,2,288.61,9.45,N,0
28.71545,-17.89577,347.35,0.55,0.68,2023-07-16,0204,N,VIIRS,n,2,293.92,5.21,N,0
28.69897,-17.92553,332.06,0.56,0.69,2023-07-16,0204,N,VIIRS,n,2,291.67,3.45,N,0
28.69865,-17.91962,305.18,0.56,0.69,2023-07-16,0204,N,VIIRS,n,2,291,3.45,N,0
28.72184,-17.89544,309.48,0.55,0.68,2023-07-16,0204,N,VIIRS,n,2,292.86,5.21,N,0
28.72165,-17.89233,318.51,0.55,0.68,2023-07-16,0204,N,VIIRS,n,2,292.46,5.21,N,0
28.71853,-17.9456,367,0.56,0.69,2023-07-16,0204,N,VIIRS,h,2,294.7,11.7,N,0
43.52726,-5.72942,298.21,0.73,0.76,2023-07-16,0340,N,VIIRS,n,2,284.62,1.88,N,2
28.71545,-17.94107,330.48,0.45,0.63,2023-07-16,0345,N,VIIRS,n,2,290.64,4.1,N,0
28.74582,-17.93981,307.75,0.45,0.63,2023-07-16,0345,N,VIIRS,n,2,291.16,2.26,N,0
28.72076,-17.9378,313.65,0.45,0.63,2023-07-16,0345,N,VIIRS,n,2,291.54,4.1,N,0
28.71979,-17.93398,318.18,0.45,0.63,2023-07-16,0345,N,VIIRS,n,2,292.56,9.92,N,0
28.71642,-17.94488,367,0.45,0.63,2023-07-16,0345,N,VIIRS,h,2,293.03,7.43,N,0
28.70558,-17.9256,342.05,0.46,0.63,2023-07-16,0345,N,VIIRS,n,2,292.63,11.87,N,0
28.71355,-17.93362,329.87,0.45,0.63,2023-07-16,0345,N,VIIRS,n,2,290.31,9.92,N,0
28.71266,-17.93013,367,0.46,0.63,2023-07-16,0345,N,VIIRS,h,2,297.39,9.92,N,0
28.71182,-17.9268,353.64,0.46,0.63,2023-07-16,0345,N,VIIRS,n,2,297.42,7.26,N,0
28.711,-17.92358,320.56,0.46,0.63,2023-07-16,0345,N,VIIRS,n,2,293.45,7.26,N,0
28.71735,-17.94858,308.82,0.45,0.63,2023-07-16,0345,N,VIIRS,n,2,287.77,7.43,N,0
28.71448,-17.93727,309.12,0.45,0.63,2023-07-16,0345,N,VIIRS,n,2,289.23,4.1,N,0
28.70509,-17.92451,367,0.46,0.63,2023-07-16,0345,N,VIIRS,h,2,295.2,8.36,N,0
28.70424,-17.92118,367,0.46,0.63,2023-07-16,0345,N,VIIRS,h,2,299.95,7.27,N,0
28.70296,-17.91613,335.58,0.46,0.63,2023-07-16,0345,N,VIIRS,n,2,294.46,7.27,N,0
28.7059,-17.92771,311.92,0.46,0.63,2023-07-16,0345,N,VIIRS,n,2,289.35,8.36,N,0
28.6938,-17.90272,299.55,0.46,0.63,2023-07-16,0345,N,VIIRS,n,2,287.15,5.16,N,0
28.69505,-17.90775,340.39,0.46,0.63,2023-07-16,0345,N,VIIRS,n,2,289.5,5.16,N,0
28.69884,-17.92317,325.27,0.46,0.63,2023-07-16,0345,N,VIIRS,n,2,289.35,11.87,N,0
28.70028,-17.90407,313.66,0.46,0.63,2023-07-16,0345,N,VIIRS,n,2,290.64,5.16,N,0
28.70638,-17.92881,302.28,0.46,0.63,2023-07-16,0345,N,VIIRS,n,2,289.37,4.88,N,0
28.7038,-17.91842,339.86,0.46,0.63,2023-07-16,0345,N,VIIRS,n,2,296.02,5.16,N,0
28.7048,-17.92243,367,0.46,0.63,2023-07-16,0345,N,VIIRS,h,2,300.13,11.87,N,0
28.69827,-17.9219,338.82,0.46,0.63,2023-07-16,0345,N,VIIRS,n,2,290.02,7.27,N,0
28.69417,-17.90582,321.28,0.46,0.63,2023-07-16,0345,N,VIIRS,n,2,288.09,7.27,N,0
28.69919,-17.92552,301.17,0.46,0.63,2023-07-16,0345,N,VIIRS,n,2,289.54,8.36,N,0
28.71641,-17.8887,367,0.63,0.72,2023-07-16,1321,N,VIIRS,h,2,294.03,27.04,D,0
37.57151,-0.9144,334.43,0.5,0.41,2023-07-16,1322,N,VIIRS,l,2,305.4,2.92,D,2
43.53949,-5.83185,339.04,0.4,0.37,2023-07-16,1324,N,VIIRS,n,2,306.29,3.89,D,2
41.4558,1.97811,307.58,0.4,0.37,2023-07-17,0141,N,VIIRS,n,2,293.65,0.93,N,2
43.34592,-8.43746,296.36,0.39,0.6,2023-07-17,0141,N,VIIRS,n,2,285.8,0.23,N,2
43.52436,-5.73856,319.57,0.58,0.52,2023-07-17,0141,N,VIIRS,n,2,286.9,6.24,N,2
43.52389,-5.73147,339.84,0.58,0.52,2023-07-17,0141,N,VIIRS,n,2,287.64,4.6,N,2
43.52874,-5.73081,315.5,0.58,0.52,2023-07-17,0141,N,VIIRS,n,2,288.65,4.6,N,2
43.54041,-5.83233,343.05,0.58,0.52,2023-07-17,0141,N,VIIRS,n,2,288.51,8.41,N,2
43.52148,-5.73341,314.04,0.58,0.52,2023-07-17,0141,N,VIIRS,n,2,286.5,6.63,N,2
43.52634,-5.73274,346.84,0.58,0.52,2023-07-17,0141,N,VIIRS,n,2,290.13,6.63,N,2
43.53743,-5.83434,327.59,0.58,0.52,2023-07-17,0141,N,VIIRS,n,2,286.24,4.02,N,2
43.54232,-5.8338,332.94,0.58,0.52,2023-07-17,0141,N,VIIRS,n,2,288.56,4.02,N,2
40.24373,-3.47463,326.14,0.41,0.45,2023-07-17,0142,N,VIIRS,n,2,295.69,3.55,N,2
39.93758,-3.7469,308.75,0.42,0.45,2023-07-17,0142,N,VIIRS,n,2,291.34,1.12,N,2
37.57071,-0.91778,330.81,0.45,0.39,2023-07-17,0142,N,VIIRS,n,2,297.77,4.67,N,2
39.10556,-5.53279,331.04,0.51,0.49,2023-07-17,0142,N,VIIRS,n,2,291.16,5.17,N,0
37.22196,-5.87562,310.88,0.51,0.49,2023-07-17,0143,N,VIIRS,n,2,291.85,1.87,N,0
36.96506,-1.90457,312.31,0.48,0.4,2023-07-17,0143,N,VIIRS,n,2,297.42,1.96,N,2
43.52153,-5.73614,295.82,0.45,0.63,2023-07-17,0321,N,VIIRS,n,2,285.2,0.91,N,2
43.52534,-5.72764,295.44,0.45,0.63,2023-07-17,0321,N,VIIRS,n,2,285.21,0.98,N,2
43.52701,-5.73315,303.93,0.45,0.63,2023-07-17,0321,N,VIIRS,n,2,286.08,0.98,N,2
40.24392,-3.47233,305.19,0.72,0.76,2023-07-17,0322,N,VIIRS,n,2,291.09,1.77,N,2
40.24743,-3.47604,305.06,0.72,0.76,2023-07-17,0322,N,VIIRS,n,2,291.19,1.8,N,2
38.66714,-4.04679,306.76,0.75,0.77,2023-07-17,0322,N,VIIRS,n,2,280.54,5.48,N,2
28.71397,-17.93576,298.59,0.48,0.48,2023-07-17,0326,N,VIIRS,n,2,286.56,0.81,N,0
28.71308,-17.93162,299.5,0.48,0.48,2023-07-17,0326,N,VIIRS,n,2,286.51,0.81,N,0
28.70863,-17.93234,356.84,0.48,0.48,2023-07-17,0326,N,VIIRS,n,2,293.6,5.6,N,0
28.7095,-17.93639,298.07,0.48,0.48,2023-07-17,0326,N,VIIRS,n,2,286.93,5.6,N,0
28.70778,-17.92835,318.21,0.48,0.48,2023-07-17,0326,N,VIIRS,n,2,287.26,2.74,N,0
28.7042,-17.93319,299.58,0.48,0.48,2023-07-17,0326,N,VIIRS,n,2,285.47,5.6,N,0
28.70335,-17.92918,320,0.48,0.48,2023-07-17,0326,N,VIIRS,n,2,287.44,2.74,N,0
28.69893,-17.93003,321.07,0.48,0.48,2023-07-17,0326,N,VIIRS,n,2,287.29,1.83,N,0
28.69809,-17.92612,301.78,0.48,0.48,2023-07-17,0326,N,VIIRS,n,2,285.6,1.83,N,0
41.45493,1.97917,306.24,0.39,0.44,2023-07-18,0122,N,VIIRS,n,2,295.02,0.75,N,2
42.12569,-6.06701,298.37,0.51,0.66,2023-07-18,0122,N,VIIRS,n,2,284.52,0.61,N,0
40.24621,-3.4737,317.58,0.36,0.58,2023-07-18,0123,N,VIIRS,n,2,297.02,1.9,N,2
39.93545,-3.74711,309.66,0.37,0.58,2023-07-18,0123,N,VIIRS,n,2,297.08,1.72,N,2
40.24646,-3.47815,310.78,0.36,0.58,2023-07-18,0123,N,VIIRS,n,2,296.45,1.9,N,2
37.66635,-5.16472,317.63,0.43,0.62,2023-07-18,0124,N,VIIRS,n,2,295.85,1.63,N,0
39.93679,-3.74635,304.26,0.42,0.61,2023-07-18,0303,N,VIIRS,n,2,293.82,1.04,N,2
37.66595,-5.16203,310.76,0.41,0.61,2023-07-18,0304,N,VIIRS,n,2,294.65,1.53,N,0
28.70697,-17.93952,304.92,0.42,0.38,2023-07-18,0307,N,VIIRS,n,2,286.74,0.61,N,0
42.71809,-5.00447,350.07,0.39,0.44,2023-07-18,1246,N,VIIRS,n,2,308.88,7.49,D,0
36.60684,-5.87701,340.13,0.63,0.72,2023-07-18,1425,N,VIIRS,n,2,294.35,20.65,D,0
41.95098,-0.37315,333.93,0.46,0.63,2023-07-19,0103,N,VIIRS,n,2,290.54,3.79,N,0
41.94856,-0.37522,300.71,0.46,0.63,2023-07-19,0103,N,VIIRS,n,2,289.37,4.74,N,0
41.94836,-0.36952,345.35,0.46,0.63,2023-07-19,0103,N,VIIRS,n,2,291.53,6.21,N,0
41.95081,-0.36745,319.8,0.46,0.63,2023-07-19,0103,N,VIIRS,n,2,290.07,3.79,N,0
40.24323,-3.48156,305.11,0.65,0.73,2023-07-19,0104,N,VIIRS,n,2,289.51,2.42,N,2
40.24236,-3.47526,303.07,0.65,0.73,2023-07-19,0104,N,VIIRS,n,2,289.48,1.35,N,2
40.24467,-3.47369,315.18,0.5,0.49,2023-07-19,0244,N,VIIRS,n,2,293.58,2.28,N,2
40.97731,-5.63823,305.05,0.57,0.43,2023-07-19,0244,N,VIIRS,n,2,290.29,1.36,N,0
40.97572,-5.63897,306.97,0.57,0.43,2023-07-19,0244,N,VIIRS,n,2,290.16,1.4,N,0
39.58909,-0.3677,312.95,0.37,0.58,2023-07-19,0244,N,VIIRS,n,2,294.84,1.64,N,0
40.29616,-5.32314,314.76,0.4,0.45,2023-07-19,0245,N,VIIRS,n,2,297.66,9.24,N,0
39.93731,-3.74701,306.81,0.49,0.49,2023-07-19,0245,N,VIIRS,n,2,292.36,1.56,N,2
40.2953,-5.33883,331.65,0.4,0.44,2023-07-19,0245,N,VIIRS,n,2,290.69,4.11,N,0
40.29434,-5.33446,326.39,0.4,0.45,2023-07-19,0245,N,VIIRS,n,2,289.79,14.03,N,0
40.29337,-5.33002,341.67,0.4,0.45,2023-07-19,0245,N,VIIRS,n,2,292.64,14.03,N,0
40.29237,-5.32548,329.97,0.4,0.45,2023-07-19,0245,N,VIIRS,n,2,295.57,9.24,N,0
40.29134,-5.32084,304.7,0.4,0.45,2023-07-19,0245,N,VIIRS,n,2,288.85,9.24,N,0
40.29147,-5.34098,342.35,0.4,0.44,2023-07-19,0245,N,VIIRS,n,2,311.6,49.14,N,0
40.28858,-5.32785,367,0.4,0.45,2023-07-19,0245,N,VIIRS,h,2,347.85,82.31,N,0
40.28956,-5.33229,318.2,0.4,0.45,2023-07-19,0245,N,VIIRS,n,2,289.74,22.46,N,0
37.66467,-5.16602,304.89,0.47,0.48,2023-07-19,0245,N,VIIRS,n,2,293.25,0.81,N,0
37.3596,-5.86678,306.59,0.44,0.46,2023-07-19,0245,N,VIIRS,n,2,295.59,1.38,N,2
40.29717,-5.32775,340.74,0.4,0.45,2023-07-19,0245,N,VIIRS,n,2,301.49,14.03,N,0
40.29815,-5.33222,299.91,0.4,0.45,2023-07-19,0245,N,VIIRS,n,2,289.24,14.03,N,0
40.29514,-5.31854,301.61,0.4,0.45,2023-07-19,0245,N,VIIRS,n,2,288.82,9.24,N,0
40.28648,-5.31832,301.39,0.4,0.45,2023-07-19,0245,N,VIIRS,n,2,287.39,0.7,N,0
40.28758,-5.34285,341.25,0.4,0.44,2023-07-19,0245,N,VIIRS,n,2,290.34,49.14,N,0
40.28472,-5.32985,346.67,0.4,0.45,2023-07-19,0245,N,VIIRS,n,2,289.69,82.31,N,0
40.28663,-5.33852,307.01,0.4,0.45,2023-07-19,0245,N,VIIRS,n,2,291.44,22.46,N,0
40.28568,-5.3342,308.09,0.4,0.45,2023-07-19,0245,N,VIIRS,n,2,287.86,22.46,N,0
40.28373,-5.3254,313.93,0.4,0.45,2023-07-19,0245,N,VIIRS,n,2,286.68,82.31,N,0
40.2827,-5.32072,297.66,0.4,0.45,2023-07-19,0245,N,VIIRS,n,2,286.63,0.7,N,0
38.37419,-0.54487,305.64,0.39,0.59,2023-07-19,0245,N,VIIRS,n,2,295.39,0.7,N,2
37.66893,-5.1645,307.97,0.47,0.48,2023-07-19,0245,N,VIIRS,n,2,293.54,0.7,N,0
28.70782,-17.88647,309.37,0.41,0.37,2023-07-19,0248,N,VIIRS,n,2,290.8,1.15,N,0
28.70722,-17.88231,316.91,0.41,0.37,2023-07-19,0248,N,VIIRS,n,2,290.65,1.15,N,0
28.70442,-17.88725,300.82,0.41,0.37,2023-07-19,0248,N,VIIRS,n,2,289.98,1.15,N,0
28.70706,-17.88389,328.39,0.41,0.37,2023-07-19,0248,N,VIIRS,n,2,292.1,3.1,N,0
37.11974,-1.91226,352.28,0.64,0.54,2023-07-19,1226,N,VIIRS,n,2,307.96,28.8,D,0
38.80514,-6.84062,343.75,0.51,0.66,2023-07-19,1227,N,VIIRS,n,2,306.03,1.86,D,0
40.30347,-5.32526,335.31,0.39,0.6,2023-07-19,1227,N,VIIRS,n,2,310.2,5.76,D,0
40.29747,-5.32555,352.75,0.39,0.6,2023-07-19,1227,N,VIIRS,n,2,311.33,5.76,D,0
40.29853,-5.32171,349.11,0.39,0.6,2023-07-19,1227,N,VIIRS,n,2,315.11,5.76,D,0
40.29958,-5.31792,350.06,0.39,0.6,2023-07-19,1227,N,VIIRS,n,2,315.3,13.2,D,0
40.29265,-5.32161,333.3,0.39,0.6,2023-07-19,1227,N,VIIRS,n,2,304.76,6.22,D,0
40.28677,-5.3215,339.12,0.39,0.6,2023-07-19,1227,N,VIIRS,n,2,309.4,11.89,D,0
40.28773,-5.31799,367,0.39,0.6,2023-07-19,1227,N,VIIRS,h,2,306.68,6.22,D,0
39.1102,-6.03371,345.86,0.46,0.63,2023-07-19,1227,N,VIIRS,n,2,301.81,3.85,D,0
39.1046,-6.03117,367,0.46,0.63,2023-07-19,1227,N,VIIRS,h,2,307.9,15.71,D,0
38.80553,-6.8374,352.65,0.51,0.66,2023-07-19,1227,N,VIIRS,n,2,305.58,5.54,D,0
38.76409,-6.55248,335.01,0.5,0.66,2023-07-19,1227,N,VIIRS,l,2,305.25,1.31,D,0
38.76169,-6.55473,336.99,0.5,0.66,2023-07-19,1227,N,VIIRS,n,2,305.42,1,D,0
43.52394,-5.73353,343.72,0.33,0.56,2023-07-19,1228,N,VIIRS,n,2,297.59,3.87,D,2
40.2867,-5.31993,337.43,0.4,0.6,2023-07-19,1407,N,VIIRS,l,2,310.31,5.54,D,0
40.30122,-5.31953,367,0.4,0.6,2023-07-19,1407,N,VIIRS,h,2,309.64,9.31,D,0
40.30352,-5.31959,367,0.4,0.6,2023-07-19,1407,N,VIIRS,h,2,306.34,11.88,D,0
40.29533,-5.32663,338.77,0.4,0.6,2023-07-19,1407,N,VIIRS,n,2,307.37,8.06,D,0
40.29491,-5.33654,336.48,0.4,0.6,2023-07-19,1407,N,VIIRS,n,2,305.54,7.87,D,0
40.29141,-5.33829,348.58,0.4,0.6,2023-07-19,1407,N,VIIRS,n,2,310.34,7.03,D,0
41.40596,1.99832,306.43,0.5,0.49,2023-07-20,0225,N,VIIRS,n,2,293.9,0.98,N,2
41.92472,0.18059,321.25,0.4,0.44,2023-07-20,0225,N,VIIRS,n,2,293.71,1.34,N,2
41.47534,-1.48479,302.21,0.52,0.42,2023-07-20,0225,N,VIIRS,n,2,290.24,1.1,N,2
37.66676,-5.16194,304.75,0.44,0.38,2023-07-20,0226,N,VIIRS,n,2,288.31,1.11,N,0
40.24551,-3.47662,323.4,0.46,0.39,2023-07-20,0226,N,VIIRS,n,2,297.08,2.39,N,2
40.30015,-5.32567,302.54,0.41,0.37,2023-07-20,0226,N,VIIRS,n,2,283.94,0.52,N,0
40.29684,-5.32684,338.55,0.41,0.37,2023-07-20,0226,N,VIIRS,n,2,291.04,8.59,N,0
40.29599,-5.34199,296,0.41,0.37,2023-07-20,0226,N,VIIRS,n,2,284.9,0.52,N,0
39.93371,-4.93689,308.92,0.42,0.38,2023-07-20,0226,N,VIIRS,n,2,292.88,0.86,N,0
37.36009,-5.8645,309.61,0.42,0.38,2023-07-20,0227,N,VIIRS,n,2,296.1,2.24,N,2
40.12368,-3.04766,339.19,0.52,0.67,2023-07-20,1208,N,VIIRS,n,2,306.43,2.03,D,0
40.12177,-3.04976,340.25,0.52,0.67,2023-07-20,1208,N,VIIRS,n,2,306.67,4.01,D,0
40.11596,-3.04667,337.96,0.52,0.67,2023-07-20,1208,N,VIIRS,n,2,305.81,4.01,D,0
40.1219,-3.05361,335.92,0.52,0.67,2023-07-20,1208,N,VIIRS,l,2,306.18,2.03,D,0
40.11753,-3.0232,338.33,0.52,0.67,2023-07-20,1208,N,VIIRS,n,2,304.79,2.64,D,0
40.11791,-3.04443,335.16,0.52,0.67,2023-07-20,1208,N,VIIRS,l,2,305.78,4.49,D,0
43.53791,-5.82863,340.68,0.56,0.69,2023-07-20,1209,N,VIIRS,n,2,289.06,5,D,2
40.04044,-6.28346,346.87,0.4,0.44,2023-07-20,1348,N,VIIRS,n,2,319.42,8.42,D,0
39.21102,-6.24587,344.79,0.39,0.44,2023-07-20,1348,N,VIIRS,n,2,318.42,8.63,D,0
43.5604,-5.72696,300.09,0.45,0.39,2023-07-21,0206,N,VIIRS,n,2,288.09,0.97,N,0
43.54036,-5.83548,312.08,0.46,0.39,2023-07-21,0206,N,VIIRS,n,2,287.85,5.51,N,2
43.53968,-5.82979,329.9,0.46,0.39,2023-07-21,0206,N,VIIRS,n,2,290.42,8.07,N,2
41.94986,-0.36947,306.7,0.4,0.37,2023-07-21,0206,N,VIIRS,n,2,289.73,0.68,N,0
42.81333,-1.74465,307.23,0.38,0.36,2023-07-21,0206,N,VIIRS,n,2,287.25,0.9,N,2
38.3766,-0.54402,309.67,0.42,0.38,2023-07-21,0207,N,VIIRS,n,2,296.38,1.28,N,2
40.24543,-3.47431,326.16,0.39,0.36,2023-07-21,0207,N,VIIRS,n,2,296.54,2.22,N,2
37.33823,-6.58164,310.39,0.42,0.38,2023-07-21,0208,N,VIIRS,n,2,291.86,1.12,N,0
37.66621,-5.16407,322.72,0.4,0.37,2023-07-21,0208,N,VIIRS,n,2,293.6,1.1,N,0
38.00326,-4.03423,303.49,0.39,0.36,2023-07-21,0208,N,VIIRS,n,2,292.5,0.19,N,0
38.37797,-6.48368,302.73,0.43,0.38,2023-07-21,0208,N,VIIRS,n,2,289.93,0.78,N,2
37.36124,-5.86737,306.69,0.41,0.37,2023-07-21,0208,N,VIIRS,n,2,295.65,0.71,N,2
42.26762,-1.2969,330.69,0.62,0.72,2023-07-21,1150,N,VIIRS,n,2,296.13,3.52,D,0
41.92397,0.18088,354.12,0.51,0.49,2023-07-21,1330,N,VIIRS,n,2,310.41,9.68,D,2
43.52509,-5.73422,334.54,0.44,0.38,2023-07-21,1330,N,VIIRS,n,2,300.21,4.28,D,2
43.53938,-5.82777,295.68,0.49,0.48,2023-07-22,0147,N,VIIRS,n,2,285.2,1.81,N,2
43.52736,-5.73173,329.86,0.48,0.48,2023-07-22,0147,N,VIIRS,n,2,288.68,2.67,N,2
43.53986,-5.83406,337.83,0.49,0.48,2023-07-22,0147,N,VIIRS,n,2,287.53,5.06,N,2
43.5229,-5.73246,301.4,0.48,0.48,2023-07-22,0147,N,VIIRS,n,2,286.37,2.67,N,2
43.52337,-5.73848,337.78,0.48,0.48,2023-07-22,0147,N,VIIRS,n,2,287.25,5.7,N,2
43.22404,-2.88171,303.62,0.53,0.42,2023-07-22,0147,N,VIIRS,n,2,286.3,1.04,N,2
42.81351,-1.74334,300.06,0.47,0.4,2023-07-22,0147,N,VIIRS,n,2,283.34,0.51,N,2
41.40788,1.99885,308.67,0.38,0.36,2023-07-22,0148,N,VIIRS,n,2,292.31,0.69,N,2
41.45552,1.97848,310.03,0.38,0.36,2023-07-22,0148,N,VIIRS,n,2,292.83,1.29,N,2
40.24392,-3.47748,321.75,0.52,0.42,2023-07-22,0148,N,VIIRS,n,2,292.89,2.28,N,2
41.47534,-1.48949,303.73,0.45,0.39,2023-07-22,0148,N,VIIRS,n,2,288.83,0.52,N,2
41.31341,1.66422,305.96,0.39,0.36,2023-07-22,0148,N,VIIRS,n,2,291.86,1.11,N,2
41.31411,1.65964,301.9,0.39,0.36,2023-07-22,0148,N,VIIRS,n,2,291.83,1.14,N,2
37.24367,-6.70537,304.63,0.46,0.47,2023-07-22,0149,N,VIIRS,n,2,292.04,2.9,N,0
38.66532,-4.05036,315.67,0.53,0.42,2023-07-22,0149,N,VIIRS,n,2,288.53,2.72,N,2
37.66835,-5.16392,318.15,0.39,0.44,2023-07-22,0149,N,VIIRS,n,2,293.14,1.41,N,0
36.97984,-2.15724,315.49,0.43,0.38,2023-07-22,0149,N,VIIRS,n,2,293.04,1.09,N,0
37.24415,-6.71067,323.16,0.46,0.47,2023-07-22,0149,N,VIIRS,n,2,293.19,2.97,N,0
37.23977,-6.71133,309.46,0.46,0.47,2023-07-22,0149,N,VIIRS,n,2,291.33,2.97,N,0
37.23929,-6.70604,341.89,0.46,0.47,2023-07-22,0149,N,VIIRS,n,2,294.1,2.9,N,0
43.52495,-5.73446,304.71,0.53,0.67,2023-07-22,0327,N,VIIRS,n,2,285.26,1.06,N,2
43.53079,-5.73112,295.38,0.53,0.67,2023-07-22,0327,N,VIIRS,n,2,284.64,1.06,N,2
43.52648,-5.73179,305.37,0.53,0.67,2023-07-22,0327,N,VIIRS,n,2,285.47,1.89,N,2
39.82916,-2.7618,340.43,0.39,0.36,2023-07-22,1310,N,VIIRS,l,2,314.84,3.5,D,0
37.52296,-6.08196,346.22,0.44,0.38,2023-07-22,1310,N,VIIRS,l,2,320.43,8.61,D,0
40.2453,-3.4726,343.82,0.38,0.36,2023-07-22,1311,N,VIIRS,n,2,314.27,3.67,D,2
42.77327,-5.44331,334.28,0.39,0.36,2023-07-22,1311,N,VIIRS,n,2,301.26,44.59,D,0
42.77402,-5.43862,344.78,0.39,0.36,2023-07-22,1311,N,VIIRS,n,2,299.28,17.81,D,0
42.77073,-5.43766,341.64,0.39,0.36,2023-07-22,1311,N,VIIRS,n,2,306.61,17.81,D,0
41.40001,1.99246,330.43,0.54,0.42,2023-07-22,1311,N,VIIRS,n,2,300.24,2.43,D,0
43.22531,-2.88035,300.2,0.59,0.53,2023-07-23,0128,N,VIIRS,n,2,286.95,0.93,N,2
43.22578,-2.88773,297.87,0.59,0.53,2023-07-23,0128,N,VIIRS,n,2,286.37,0.93,N,0
43.22707,-2.88704,303.54,0.59,0.53,2023-07-23,0128,N,VIIRS,n,2,287.03,1.18,N,0
40.24461,-3.47684,323.04,0.6,0.53,2023-07-23,0129,N,VIIRS,n,2,294.24,3.99,N,2
39.53708,-1.15288,307.79,0.45,0.47,2023-07-23,0129,N,VIIRS,n,2,291.53,0.64,N,0
38.66726,-4.05719,309.12,0.62,0.54,2023-07-23,0130,N,VIIRS,n,2,293.29,2.31,N,0
37.66806,-5.16317,319.95,0.35,0.57,2023-07-23,0130,N,VIIRS,n,2,292.5,0.77,N,0
38.36668,-0.78978,305.82,0.41,0.45,2023-07-23,0130,N,VIIRS,n,2,287.97,0.96,N,0
38.66759,-4.05626,308.73,0.62,0.54,2023-07-23,0130,N,VIIRS,n,2,293.29,3.86,N,0
38.37604,-0.54562,305.01,0.4,0.44,2023-07-23,0130,N,VIIRS,n,2,293,1.03,N,2
42.05727,-4.64407,297.51,0.4,0.6,2023-07-23,0309,N,VIIRS,n,2,285.97,0.58,N,0
40.24475,-3.4758,321.16,0.51,0.66,2023-07-23,0309,N,VIIRS,n,2,293.46,2.69,N,2
40.24554,-3.47566,320.52,0.51,0.66,2023-07-23,0309,N,VIIRS,n,2,292.87,2.65,N,2
42.05677,-4.64582,299.25,0.4,0.6,2023-07-23,0309,N,VIIRS,n,2,286.2,0.43,N,0
37.66666,-5.16251,311.11,0.5,0.66,2023-07-23,0310,N,VIIRS,n,2,290.22,1.36,N,0
37.66847,-5.16461,312.18,0.5,0.66,2023-07-23,0310,N,VIIRS,n,2,289.99,1.08,N,0
38.668,-4.04829,302.63,0.53,0.67,2023-07-23,0310,N,VIIRS,n,2,290.1,1,N,2
42.06221,2.05341,344.45,0.39,0.36,2023-07-23,1252,N,VIIRS,n,2,305.14,6.55,D,0
41.31183,1.66394,337.77,0.39,0.36,2023-07-23,1252,N,VIIRS,n,2,306.01,3.03,D,2
41.66667,0.92056,338.3,0.38,0.36,2023-07-23,1252,N,VIIRS,l,2,309.1,4.1,D,0
41.66598,0.91598,339.25,0.38,0.36,2023-07-23,1252,N,VIIRS,l,2,310.49,4.1,D,0
28.70362,-17.95131,339.66,0.43,0.38,2023-07-23,1430,N,VIIRS,n,2,306.64,2.36,D,0
40.1545,-5.40108,316.88,0.67,0.74,2023-07-24,0110,N,VIIRS,n,2,290.97,7.94,N,0
40.15459,-5.41038,300.88,0.67,0.74,2023-07-24,0110,N,VIIRS,n,2,290.02,7.94,N,0
40.15443,-5.39294,308.23,0.67,0.74,2023-07-24,0110,N,VIIRS,n,2,288.35,2.38,N,0
40.24262,-3.47517,309.32,0.53,0.67,2023-07-24,0110,N,VIIRS,n,2,290.46,2,N,2
40.1615,-5.40937,354.46,0.67,0.74,2023-07-24,0110,N,VIIRS,n,2,292.04,7.94,N,0
40.16142,-5.39998,337.82,0.67,0.74,2023-07-24,0110,N,VIIRS,n,2,290.32,7.94,N,0
40.16134,-5.39247,304.68,0.67,0.74,2023-07-24,0110,N,VIIRS,n,2,288.92,2.38,N,0
40.14121,-5.40206,312.86,0.67,0.74,2023-07-24,0110,N,VIIRS,n,2,289.57,2.12,N,0
40.1407,-5.40467,312.24,0.67,0.74,2023-07-24,0110,N,VIIRS,n,2,289.05,3.09,N,0
43.53849,-5.83216,325.97,0.39,0.44,2023-07-24,0250,N,VIIRS,n,2,287.16,1.73,N,2
43.54239,-5.83057,299.61,0.39,0.44,2023-07-24,0250,N,VIIRS,n,2,286.3,1.73,N,2
40.15621,-5.39109,303.16,0.48,0.48,2023-07-24,0251,N,VIIRS,n,2,289.97,2.23,N,0
40.15754,-5.39682,310.99,0.48,0.48,2023-07-24,0251,N,VIIRS,n,2,291.98,2.23,N,0
40.15882,-5.40238,344.83,0.48,0.48,2023-07-24,0251,N,VIIRS,n,2,296.24,4.58,N,0
40.1535,-5.40318,303.29,0.48,0.48,2023-07-24,0251,N,VIIRS,n,2,292.21,3.37,N,0
40.15653,-5.39619,308.51,0.48,0.48,2023-07-24,0251,N,VIIRS,n,2,292.62,3.37,N,0
40.15785,-5.40174,349.09,0.48,0.48,2023-07-24,0251,N,VIIRS,n,2,296.62,3.37,N,0
38.67298,-4.10817,314.18,0.61,0.53,2023-07-24,0251,N,VIIRS,n,2,289.61,2.28,N,0
40.14005,-5.40226,312.35,0.48,0.48,2023-07-24,0251,N,VIIRS,n,2,289.05,1.62,N,0
40.14573,-5.40652,307.67,0.48,0.48,2023-07-24,0251,N,VIIRS,n,2,288.29,1.62,N,0
40.15448,-5.40384,304.18,0.48,0.48,2023-07-24,0251,N,VIIRS,n,2,292.91,4.58,N,0
40.14753,-5.39413,299.32,0.48,0.48,2023-07-24,0251,N,VIIRS,n,2,288.11,1.42,N,0
40.14444,-5.40099,309.1,0.48,0.48,2023-07-24,0251,N,VIIRS,n,2,292.07,1.42,N,0
28.73457,-13.88186,309.86,0.46,0.39,2023-07-24,0254,N,VIIRS,n,2,291.66,1.21,N,0
37.33219,-6.77532,338.67,0.46,0.64,2023-07-24,1232,N,VIIRS,n,2,306.08,2.37,D,0
37.33075,-6.78042,337.99,0.46,0.64,2023-07-24,1232,N,VIIRS,n,2,306.17,2.37,D,0
37.3273,-6.90529,346.88,0.47,0.64,2023-07-24,1232,N,VIIRS,n,2,306.59,5.46,D,0
38.91878,-2.02343,343.62,0.48,0.48,2023-07-24,1233,N,VIIRS,n,2,298.96,8.88,D,0
38.67385,-4.10256,343.57,0.63,0.54,2023-07-24,1233,N,VIIRS,l,2,315.8,24.77,D,0
38.67431,-4.10359,343.72,0.62,0.54,2023-07-24,1233,N,VIIRS,n,2,317.26,20.42,D,0
38.67252,-4.11064,339.94,0.63,0.54,2023-07-24,1233,N,VIIRS,n,2,312.72,20.42,D,0
38.91446,-2.02182,331.06,0.48,0.48,2023-07-24,1233,N,VIIRS,n,2,294.51,8.88,D,0
38.90852,-6.53163,331.05,0.41,0.6,2023-07-24,1413,N,VIIRS,l,2,302.15,1.8,D,0
38.91648,-2.01931,367,0.71,0.75,2023-07-24,1413,N,VIIRS,h,2,309.86,34.3,D,0
38.91983,-2.01762,367,0.71,0.75,2023-07-24,1413,N,VIIRS,h,2,306.31,28.96,D,0
41.4554,1.97835,302.93,0.5,0.66,2023-07-25,0051,N,VIIRS,n,2,290.02,0.91,N,2
38.91576,-2.02173,326.27,0.78,0.78,2023-07-25,0051,N,VIIRS,n,2,289.29,5.72,N,0
41.45466,1.97787,303.52,0.5,0.66,2023-07-25,0051,N,VIIRS,n,2,290.27,0.78,N,2
38.91666,-2.02009,321.3,0.78,0.78,2023-07-25,0052,N,VIIRS,n,2,289.42,3.88,N,0
38.91671,-2.02947,303.41,0.78,0.78,2023-07-25,0052,N,VIIRS,n,2,289.29,4.56,N,0
41.31426,1.65948,302.89,0.58,0.52,2023-07-25,0231,N,VIIRS,n,2,292.45,1.7,N,2
43.22653,-2.88129,301.2,0.5,0.41,2023-07-25,0231,N,VIIRS,n,2,286.25,0.67,N,2
43.34813,-8.43633,301.31,0.38,0.36,2023-07-25,0231,N,VIIRS,n,2,286.32,1.37,N,2
40.04806,-6.0688,329.29,0.43,0.38,2023-07-25,0232,N,VIIRS,n,2,291.6,2.56,N,0
38.37532,-0.54503,307.08,0.54,0.5,2023-07-25,0232,N,VIIRS,n,2,296.54,1.56,N,2
38.91636,-2.01971,338.87,0.44,0.46,2023-07-25,0232,N,VIIRS,n,2,289.61,4.57,N,0
38.91748,-2.02468,339.1,0.44,0.46,2023-07-25,0232,N,VIIRS,n,2,293.52,4.57,N,0
38.92049,-2.01817,317.51,0.44,0.46,2023-07-25,0232,N,VIIRS,n,2,289.74,4.57,N,0
40.24372,-3.47442,318.55,0.53,0.42,2023-07-25,0232,N,VIIRS,n,2,291.74,3.46,N,2
36.96693,-1.90723,307.32,0.49,0.49,2023-07-25,0233,N,VIIRS,n,2,296.2,1.03,N,2
37.66536,-5.16191,319.91,0.5,0.41,2023-07-25,0233,N,VIIRS,n,2,292.69,0.98,N,0
37.49697,-2.8119,303.24,0.43,0.46,2023-07-25,0233,N,VIIRS,n,2,289.05,0.69,N,0
37.36092,-5.86297,305.97,0.47,0.4,2023-07-25,0233,N,VIIRS,n,2,294.04,1.5,N,2
38.91977,-2.0221,336.6,0.42,0.61,2023-07-25,1214,N,VIIRS,l,2,307.25,3.3,D,0
40.24648,-3.47409,336.03,0.46,0.63,2023-07-25,1214,N,VIIRS,l,2,307.93,4.02,D,2
38.0571,-1.29749,367,0.41,0.6,2023-07-25,1214,N,VIIRS,h,2,308.15,5.85,D,0
39.28998,-5.24201,335.4,0.59,0.7,2023-07-25,1214,N,VIIRS,n,2,304.59,2.89,D,0
41.2779,1.21682,341.86,0.5,0.49,2023-07-25,1214,N,VIIRS,n,2,305.54,2.77,D,0
37.45654,-5.79178,344.38,0.71,0.75,2023-07-25,1214,N,VIIRS,n,2,307.68,6.78,D,0
37.45495,-5.79271,349.21,0.71,0.75,2023-07-25,1214,N,VIIRS,n,2,308.2,4.3,D,0
38.91697,-2.02004,340.31,0.42,0.61,2023-07-25,1214,N,VIIRS,n,2,308.2,2.64,D,0
27.96201,-15.57514,337.5,0.51,0.41,2023-07-25,1352,N,VIIRS,n,2,310.71,28.68,D,0
27.96399,-15.56445,367,0.51,0.41,2023-07-25,1352,N,VIIRS,l,2,326.91,141.86,D,0
27.96576,-15.57601,344.41,0.51,0.41,2023-07-25,1352,N,VIIRS,n,2,318.26,28.68,D,0
27.96675,-15.57067,350.87,0.51,0.41,2023-07-25,1352,N,VIIRS,l,2,331.58,28.68,D,0
27.97045,-15.57183,340.3,0.51,0.41,2023-07-25,1352,N,VIIRS,n,2,306.89,7.77,D,0
27.96491,-15.55951,367,0.51,0.41,2023-07-25,1352,N,VIIRS,h,2,333.45,141.86,D,0
27.96301,-15.56971,350.31,0.51,0.41,2023-07-25,1352,N,VIIRS,n,2,318.09,28.68,D,0
38.66536,-4.04467,342.17,0.61,0.53,2023-07-25,1354,N,VIIRS,n,2,315.34,6.33,D,2
40.24389,-3.47464,321.55,0.49,0.49,2023-07-28,0135,N,VIIRS,n,2,294.36,2.85,N,2
43.52549,-5.73548,301.3,0.35,0.56,2023-07-28,0135,N,VIIRS,n,2,284.51,1.9,N,2
43.52528,-5.73123,317.75,0.35,0.56,2023-07-28,0135,N,VIIRS,n,2,282.63,1.64,N,2
43.22346,-2.87947,305.37,0.49,0.49,2023-07-28,0135,N,VIIRS,n,2,285.9,1.31,N,2
41.52874,1.80471,301.17,0.45,0.39,2023-07-28,0135,N,VIIRS,n,2,288.6,0.62,N,2
41.31305,1.66035,317.52,0.45,0.39,2023-07-28,0135,N,VIIRS,n,2,292.28,1.62,N,2
43.54081,-5.83105,310.62,0.35,0.57,2023-07-28,0135,N,VIIRS,n,2,275.59,2.01,N,2
43.53053,-5.73051,297.84,0.35,0.56,2023-07-28,0135,N,VIIRS,n,2,281.89,0.99,N,2
37.17784,-6.89567,332.12,0.35,0.57,2023-07-28,0136,N,VIIRS,n,2,293.48,1.39,N,0
37.18337,-6.89913,331.76,0.35,0.57,2023-07-28,0136,N,VIIRS,n,2,293.12,2.13,N,0
37.35867,-6.67506,304.02,0.34,0.56,2023-07-28,0136,N,VIIRS,n,2,291.43,0.67,N,2
37.66511,-5.1629,307.39,0.57,0.52,2023-07-28,0136,N,VIIRS,n,2,291.54,0.73,N,0
37.66885,-5.16254,304.26,0.57,0.52,2023-07-28,0136,N,VIIRS,n,2,291.68,0.89,N,0
38.6653,-4.05043,300.97,0.51,0.49,2023-07-28,0136,N,VIIRS,n,2,290.38,1.18,N,2
38.85313,-6.36079,314.15,0.34,0.56,2023-07-28,0136,N,VIIRS,n,2,290.78,0.87,N,0
38.85836,-6.36038,301.88,0.34,0.56,2023-07-28,0136,N,VIIRS,n,2,290.26,0.87,N,0
37.17759,-6.89162,305.63,0.35,0.57,2023-07-28,0136,N,VIIRS,n,2,292.82,1.39,N,0
41.56802,-4.66733,297.54,0.49,0.65,2023-07-28,0315,N,VIIRS,n,2,285.7,0.4,N,0
43.52798,-5.7282,299.74,0.38,0.59,2023-07-28,0315,N,VIIRS,n,2,283.78,0.72,N,2
43.52287,-5.73099,298.66,0.38,0.59,2023-07-28,0315,N,VIIRS,n,2,282.81,1.76,N,2
43.52935,-5.73298,299.91,0.38,0.59,2023-07-28,0315,N,VIIRS,n,2,285.41,0.72,N,2
43.54355,-5.84516,316.66,0.38,0.59,2023-07-28,0315,N,VIIRS,n,2,286.23,1.99,N,2
43.53976,-5.83181,298.85,0.38,0.59,2023-07-28,0315,N,VIIRS,n,2,286.28,0.64,N,2
40.24712,-3.47444,309.86,0.61,0.71,2023-07-28,0316,N,VIIRS,n,2,291.45,2.15,N,2
38.85495,-6.35862,304.91,0.48,0.65,2023-07-28,0316,N,VIIRS,n,2,289.05,0.57,N,0
38.66542,-4.04675,300.7,0.64,0.72,2023-07-28,0316,N,VIIRS,n,2,287.62,1.1,N,2
37.50757,-7.28132,303.49,0.47,0.64,2023-07-28,0317,N,VIIRS,n,2,288.5,1.1,N,0
37.5091,-7.28669,303.59,0.47,0.64,2023-07-28,0317,N,VIIRS,n,2,288.74,1.37,N,0
41.66008,-0.80222,337.5,0.38,0.36,2023-07-28,1258,N,VIIRS,n,2,303.62,2.53,D,0
41.92059,-6.14931,333.27,0.5,0.41,2023-07-28,1259,N,VIIRS,l,2,306.15,1.8,D,0
43.52423,-5.73301,337.76,0.46,0.39,2023-07-28,1259,N,VIIRS,n,2,289.83,9.28,D,2
43.17836,-2.25655,332.12,0.39,0.36,2023-07-28,1259,N,VIIRS,l,2,306.64,3.5,D,0
41.31312,1.65851,303.18,0.48,0.48,2023-07-29,0116,N,VIIRS,n,2,291.69,1.56,N,2
41.1813,1.22485,305.53,0.51,0.49,2023-07-29,0116,N,VIIRS,n,2,291.85,1.43,N,0
42.21572,-5.52956,300.27,0.58,0.69,2023-07-29,0116,N,VIIRS,n,2,284.75,0.92,N,0
42.21585,-5.53706,297.76,0.58,0.7,2023-07-29,0116,N,VIIRS,n,2,284.93,0.92,N,0
42.21474,-5.53117,304.27,0.58,0.7,2023-07-29,0116,N,VIIRS,n,2,285.08,1.12,N,0
43.22349,-2.87847,305.24,0.43,0.62,2023-07-29,0116,N,VIIRS,n,2,287.73,0.72,N,2
43.22367,-2.88394,298.43,0.43,0.62,2023-07-29,0116,N,VIIRS,n,2,287.58,0.72,N,2
40.85003,-0.15117,337.58,0.59,0.53,2023-07-29,0116,N,VIIRS,n,2,293.26,6.67,N,0
40.84875,-0.15025,334.06,0.59,0.53,2023-07-29,0116,N,VIIRS,n,2,293.2,6.62,N,0
40.24602,-3.4752,314.32,0.44,0.62,2023-07-29,0116,N,VIIRS,n,2,293.95,1.55,N,2
41.31263,1.66451,304.67,0.48,0.48,2023-07-29,0116,N,VIIRS,n,2,291.58,1.08,N,2
41.45438,1.97689,306.47,0.47,0.48,2023-07-29,0116,N,VIIRS,n,2,291.97,1.71,N,2
37.66572,-5.16628,312.24,0.52,0.67,2023-07-29,0117,N,VIIRS,n,2,292.64,0.89,N,0
37.66969,-5.16606,308.15,0.52,0.67,2023-07-29,0117,N,VIIRS,n,2,292.51,0.88,N,0
38.67406,-4.07142,304.33,0.46,0.64,2023-07-29,0117,N,VIIRS,n,2,288.29,1.88,N,0
38.66434,-4.05225,299.69,0.46,0.64,2023-07-29,0117,N,VIIRS,n,2,289.37,1.31,N,2
38.67684,-4.06753,306.04,0.46,0.64,2023-07-29,0117,N,VIIRS,n,2,291.58,1.42,N,0
36.9693,-1.90675,307.45,0.34,0.56,2023-07-29,0117,N,VIIRS,n,2,294.34,1.08,N,2
41.31356,1.6615,308.48,0.59,0.7,2023-07-29,0256,N,VIIRS,n,2,289.43,2.04,N,2
43.54433,-5.83292,308.31,0.45,0.47,2023-07-29,0256,N,VIIRS,n,2,288.47,1.34,N,2
43.54689,-5.84363,304.63,0.45,0.47,2023-07-29,0256,N,VIIRS,n,2,288.99,1.48,N,0
41.40735,1.99542,301.02,0.61,0.71,2023-07-29,0256,N,VIIRS,n,2,289.01,0.6,N,0
43.20581,-2.77534,297.48,0.32,0.55,2023-07-29,0256,N,VIIRS,n,2,287.37,0.45,N,0
41.31294,1.66294,303.06,0.59,0.7,2023-07-29,0256,N,VIIRS,n,2,289.06,1.26,N,2
38.67353,-4.06292,301.8,0.37,0.58,2023-07-29,0257,N,VIIRS,n,2,291,1.63,N,0
38.37705,-0.54664,304.63,0.56,0.69,2023-07-29,0257,N,VIIRS,n,2,293.65,1.03,N,2
40.24506,-3.47732,307.32,0.36,0.57,2023-07-29,0257,N,VIIRS,n,2,291.9,1.85,N,2
40.24413,-3.47561,314,0.36,0.57,2023-07-29,0257,N,VIIRS,n,2,292.62,1.8,N,2
40.84919,-0.15178,304.79,0.5,0.66,2023-07-29,0257,N,VIIRS,n,2,290.58,0.5,N,0
37.29136,-6.70759,350.88,0.58,0.52,2023-07-29,0258,N,VIIRS,n,2,295.35,13.31,N,0
37.29604,-6.70582,334.66,0.58,0.52,2023-07-29,0258,N,VIIRS,n,2,295.4,5.43,N,0
37.36266,-5.8661,303.86,0.32,0.55,2023-07-29,0258,N,VIIRS,n,2,293.7,0.39,N,2
37.66932,-5.1625,316.12,0.34,0.56,2023-07-29,0258,N,VIIRS,n,2,292.77,0.97,N,0
37.66558,-5.16587,306.17,0.34,0.56,2023-07-29,0258,N,VIIRS,n,2,291.98,1.13,N,0
37.32932,-6.77919,339.4,0.38,0.59,2023-07-29,1239,N,VIIRS,l,2,311.11,3.05,D,0
37.33043,-6.77496,339.41,0.38,0.59,2023-07-29,1239,N,VIIRS,l,2,310.8,3.05,D,0
37.32821,-6.78343,337.2,0.38,0.59,2023-07-29,1239,N,VIIRS,l,2,311.52,5.08,D,0
37.33131,-6.77509,346.1,0.38,0.59,2023-07-29,1239,N,VIIRS,n,2,310.84,3.33,D,0
37.33018,-6.77931,346.29,0.38,0.59,2023-07-29,1239,N,VIIRS,n,2,310.66,3.33,D,0
37.32905,-6.78354,340.96,0.38,0.59,2023-07-29,1239,N,VIIRS,l,2,311.4,4.52,D,0
37.32397,-6.8896,336.95,0.39,0.59,2023-07-29,1239,N,VIIRS,l,2,309.7,2.15,D,0
40.24515,-3.47103,339.89,0.44,0.46,2023-07-29,1239,N,VIIRS,l,2,314.2,3.81,D,2
41.3133,1.66202,334.31,0.41,0.37,2023-07-29,1239,N,VIIRS,l,2,307.5,3.49,D,2
37.26528,-6.55994,340.62,0.48,0.65,2023-07-29,1419,N,VIIRS,n,2,311.23,3,D,0
38.66306,-4.03914,336.98,0.67,0.74,2023-07-29,1419,N,VIIRS,l,2,311.87,6.8,D,0
38.91586,-6.94413,341.55,0.47,0.64,2023-07-29,1420,N,VIIRS,n,2,302.03,5.4,D,0
38.91232,-6.94321,336.25,0.47,0.64,2023-07-29,1420,N,VIIRS,n,2,301.42,1.67,D,0
39.19925,-5.55979,333.35,0.56,0.69,2023-07-29,1420,N,VIIRS,n,2,302.23,3.61,D,0
40.24421,-3.47318,303.32,0.78,0.78,2023-07-30,0057,N,VIIRS,n,2,291.21,1.8,N,2
40.24435,-3.47924,308.81,0.78,0.78,2023-07-30,0057,N,VIIRS,n,2,291.42,2.15,N,2
41.31075,1.6616,306.05,0.43,0.62,2023-07-30,0057,N,VIIRS,n,2,290.56,0.69,N,2
39.64497,2.68631,308.8,0.37,0.58,2023-07-30,0058,N,VIIRS,n,2,293.92,0.6,N,0
40.24261,-3.47704,305.19,0.42,0.45,2023-07-30,0238,N,VIIRS,n,2,292.61,1.21,N,2
40.07601,-4.4269,309.37,0.57,0.43,2023-07-30,0238,N,VIIRS,n,2,290.03,0.48,N,0
40.07212,-4.42828,299.77,0.57,0.43,2023-07-30,0238,N,VIIRS,n,2,289.74,0.48,N,0
40.25541,-5.69,310.26,0.5,0.41,2023-07-30,0238,N,VIIRS,n,2,291,1.18,N,0
40.25426,-5.6844,309.56,0.5,0.41,2023-07-30,0238,N,VIIRS,n,2,290.68,1.18,N,0
40.25365,-5.68545,329.85,0.5,0.41,2023-07-30,0238,N,VIIRS,n,2,292.62,3.86,N,0
40.24999,-5.68672,303.34,0.5,0.41,2023-07-30,0238,N,VIIRS,n,2,291.13,1.06,N,0
41.31446,1.65924,308.99,0.35,0.57,2023-07-30,0238,N,VIIRS,n,2,291.49,1.82,N,2
41.31339,1.66318,310.33,0.35,0.57,2023-07-30,0238,N,VIIRS,n,2,291.26,1.29,N,2
41.31439,1.66146,323.68,0.35,0.57,2023-07-30,0238,N,VIIRS,n,2,292.06,2.19,N,2
43.34689,-8.4361,304.25,0.39,0.36,2023-07-30,0238,N,VIIRS,n,2,286.86,0.78,N,2
40.57497,0.54056,304.01,0.32,0.55,2023-07-30,0238,N,VIIRS,n,2,293.09,1.14,N,2
41.21298,-5.41839,298.1,0.49,0.41,2023-07-30,0238,N,VIIRS,n,2,287.78,0.64,N,0
40.24666,-3.47554,324.28,0.42,0.45,2023-07-30,0238,N,VIIRS,n,2,295.22,2.45,N,2
37.66919,-5.16333,307.08,0.39,0.44,2023-07-30,0239,N,VIIRS,n,2,295.88,0.63,N,0
36.22263,-5.48323,325.68,0.4,0.45,2023-07-30,0239,N,VIIRS,n,2,296.39,2.42,N,0
37.66525,-5.16467,309.47,0.39,0.44,2023-07-30,0239,N,VIIRS,n,2,295.65,0.74,N,0
38.37603,-0.54482,311.86,0.32,0.55,2023-07-30,0239,N,VIIRS,n,2,296.18,1.05,N,2
36.54852,-5.89602,336.77,0.63,0.72,2023-07-30,1220,N,VIIRS,n,2,304.19,3.1,D,0
36.96648,-4.45068,367,0.52,0.67,2023-07-30,1220,N,VIIRS,h,2,317.05,30.78,D,0
36.96574,-4.45836,344.08,0.52,0.67,2023-07-30,1220,N,VIIRS,n,2,307.62,14.5,D,0
36.9685,-4.44872,350.41,0.52,0.67,2023-07-30,1220,N,VIIRS,n,2,312.66,13.58,D,0
36.9672,-4.45327,367,0.52,0.67,2023-07-30,1220,N,VIIRS,h,2,314.61,13.58,D,0
36.9607,-4.45275,352.9,0.52,0.67,2023-07-30,1220,N,VIIRS,n,2,312.76,13.58,D,0
36.96506,-4.45557,367,0.52,0.67,2023-07-30,1220,N,VIIRS,h,2,315.89,24.18,D,0
40.24409,-3.47127,339.5,0.38,0.59,2023-07-30,1221,N,VIIRS,n,2,308.49,1.98,D,2
40.24625,-3.47123,336,0.38,0.59,2023-07-30,1221,N,VIIRS,l,2,309.43,3.39,D,2
43.53975,-5.83135,329.98,0.4,0.6,2023-07-30,1222,N,VIIRS,n,2,298.72,4.49,D,2
43.54123,-5.82613,330.44,0.4,0.6,2023-07-30,1222,N,VIIRS,n,2,296.12,4.94,D,0
37.66382,-5.51162,343.9,0.6,0.53,2023-07-30,1400,N,VIIRS,l,2,315.24,10.09,D,0
40.24455,-3.47163,338.97,0.41,0.61,2023-07-30,1401,N,VIIRS,l,2,309.99,4.13,D,2
40.47715,-3.28329,337.96,0.42,0.61,2023-07-30,1401,N,VIIRS,l,2,309.04,4,D,0
40.24262,-3.47232,339.04,0.41,0.61,2023-07-30,1401,N,VIIRS,n,2,308.94,3.23,D,2
43.52893,-5.73244,342.62,0.33,0.56,2023-07-30,1402,N,VIIRS,n,2,294.32,3.22,D,2
43.52376,-5.73188,329.28,0.33,0.56,2023-07-30,1402,N,VIIRS,n,2,298.13,3.22,D,2
43.54121,-5.83142,335.37,0.39,0.36,2023-07-31,0219,N,VIIRS,n,2,292,8.77,N,2
43.51977,-5.73338,305.22,0.39,0.36,2023-07-31,0219,N,VIIRS,n,2,288.24,1.29,N,2
43.53791,-5.83235,302.85,0.39,0.36,2023-07-31,0219,N,VIIRS,n,2,287.24,1.07,N,2
43.54663,-5.84481,314.72,0.39,0.36,2023-07-31,0219,N,VIIRS,n,2,288.92,0.75,N,2
43.52636,-5.73152,307.64,0.39,0.36,2023-07-31,0219,N,VIIRS,n,2,289.94,0.81,N,2
43.54333,-5.84571,300.14,0.39,0.36,2023-07-31,0219,N,VIIRS,n,2,287.14,0.75,N,2
43.52707,-5.73626,305.42,0.39,0.36,2023-07-31,0219,N,VIIRS,n,2,289.49,0.81,N,2
43.52966,-5.73059,307.39,0.39,0.36,2023-07-31,0219,N,VIIRS,n,2,289.82,0.81,N,2
40.24489,-3.47677,325.3,0.41,0.37,2023-07-31,0219,N,VIIRS,n,2,296.03,2.67,N,2
40.24743,-3.47392,308.09,0.41,0.37,2023-07-31,0219,N,VIIRS,n,2,294.57,0.64,N,2
43.32943,-5.7763,299.9,0.39,0.36,2023-07-31,0219,N,VIIRS,n,2,288.16,1.05,N,2
40.24405,-3.47199,306.33,0.41,0.37,2023-07-31,0219,N,VIIRS,n,2,294.56,1.49,N,2
37.66615,-5.16104,318.54,0.4,0.37,2023-07-31,0220,N,VIIRS,n,2,295.33,1.41,N,0
38.66839,-4.05015,308.36,0.41,0.37,2023-07-31,0220,N,VIIRS,n,2,294.23,1.5,N,2
37.56655,-0.91742,312.48,0.56,0.43,2023-07-31,0220,N,VIIRS,n,2,296.06,1.97,N,2
38.66833,-4.0528,332.82,0.77,0.77,2023-07-31,1201,N,VIIRS,l,2,307.7,6.02,D,2
38.66153,-4.0495,334.59,0.77,0.77,2023-07-31,1201,N,VIIRS,l,2,309.12,6.35,D,0
39.17253,-3.27755,349.47,0.68,0.74,2023-07-31,1202,N,VIIRS,n,2,303.59,7.14,D,0
39.17797,-3.30704,338.54,0.68,0.74,2023-07-31,1202,N,VIIRS,n,2,301.98,9.91,D,0
39.16857,-3.26661,339.95,0.68,0.74,2023-07-31,1202,N,VIIRS,n,2,303.16,13.11,D,0
40.12402,-3.04893,336.47,0.62,0.72,2023-07-31,1202,N,VIIRS,n,2,306.13,6.87,D,0
39.24382,-3.47701,367,0.69,0.74,2023-07-31,1202,N,VIIRS,h,2,305.75,36.1,D,0
39.24633,-3.46921,367,0.69,0.74,2023-07-31,1202,N,VIIRS,h,2,305.15,40.32,D,0
39.23483,-3.4814,356.49,0.69,0.74,2023-07-31,1202,N,VIIRS,l,2,306.32,25.35,D,0
39.23732,-3.47368,355.12,0.69,0.74,2023-07-31,1202,N,VIIRS,l,2,303.44,25.35,D,0
39.23982,-3.46592,367,0.69,0.74,2023-07-31,1202,N,VIIRS,h,2,303.3,48.05,D,0
39.19333,-3.30619,336.18,0.68,0.74,2023-07-31,1202,N,VIIRS,n,2,302.61,3.93,D,0
39.1869,-3.3028,357.19,0.68,0.74,2023-07-31,1202,N,VIIRS,l,2,303.48,9.91,D,0
37.2705,-6.52504,348.72,0.46,0.39,2023-07-31,1341,N,VIIRS,l,2,320.86,15.38,D,0
37.73432,-2.75696,348.58,0.47,0.48,2023-07-31,1341,N,VIIRS,n,2,318.66,6.96,D,0
37.73287,-2.75427,344.56,0.47,0.48,2023-07-31,1341,N,VIIRS,l,2,318.33,8.31,D,0
42.61083,-3.62293,343.7,0.48,0.48,2023-07-31,1343,N,VIIRS,n,2,310.3,1.61,D,0
43.52618,-5.72789,332.89,0.39,0.44,2023-07-31,1343,N,VIIRS,l,2,306.42,3.97,D,2
43.16236,-6.61157,333.49,0.53,0.42,2023-07-31,1343,N,VIIRS,n,2,303.7,2.34,D,0
43.54744,-5.89591,343.23,0.38,0.44,2023-07-31,1343,N,VIIRS,n,2,303.22,3.74,D,0
41.47422,-1.48591,309.95,0.39,0.36,2023-08-01,0200,N,VIIRS,n,2,292.96,0.7,N,2
42.61329,-3.62091,306.98,0.43,0.38,2023-08-01,0200,N,VIIRS,n,2,285.17,1.03,N,0
43.22429,-2.87888,307.69,0.41,0.37,2023-08-01,0200,N,VIIRS,n,2,289.35,1.17,N,2
42.92056,-1.50927,295.72,0.39,0.36,2023-08-01,0200,N,VIIRS,n,2,285.38,0.28,N,0
42.61396,-3.62612,295.29,0.43,0.38,2023-08-01,0200,N,VIIRS,n,2,282.78,0.98,N,0
41.40826,1.99733,306.23,0.42,0.38,2023-08-01,0200,N,VIIRS,n,2,294.11,1.67,N,2
40.2436,-3.47599,321.41,0.41,0.37,2023-08-01,0201,N,VIIRS,n,2,295.98,2.99,N,2
38.37876,-6.48379,302.06,0.49,0.4,2023-08-01,0201,N,VIIRS,n,2,291.92,0.85,N,2
37.66598,-5.16165,316.57,0.43,0.38,2023-08-01,0201,N,VIIRS,n,2,294.62,0.65,N,0
36.96649,-1.90563,323.47,0.38,0.36,2023-08-01,0201,N,VIIRS,n,2,298.74,2.43,N,2
38.37754,-0.54554,310.97,0.39,0.36,2023-08-01,0201,N,VIIRS,n,2,297.02,0.92,N,2
40.86821,0.75107,345.14,0.65,0.73,2023-08-01,1143,N,VIIRS,n,2,301.52,9.62,D,0
40.86574,0.75285,343.33,0.65,0.73,2023-08-01,1143,N,VIIRS,n,2,301.49,13.59,D,0
40.86594,0.74417,349.17,0.65,0.73,2023-08-01,1143,N,VIIRS,n,2,302.99,9.62,D,0
40.86352,0.74598,343.78,0.65,0.73,2023-08-01,1143,N,VIIRS,n,2,301.31,9.33,D,0
36.20885,-5.34113,344.84,0.38,0.36,2023-08-01,1322,N,VIIRS,l,2,319.51,8.09,D,0
37.70533,-5.37096,350.96,0.39,0.36,2023-08-01,1322,N,VIIRS,l,2,323.6,25.36,D,0
37.64939,-5.45333,347.98,0.38,0.36,2023-08-01,1322,N,VIIRS,n,2,317.51,8.74,D,0
36.21078,-5.32839,354.45,0.38,0.36,2023-08-01,1322,N,VIIRS,n,2,327.81,97.85,D,0
36.21014,-5.33264,367,0.38,0.36,2023-08-01,1322,N,VIIRS,h,2,325.48,41.69,D,0
36.21279,-5.33765,316.96,0.38,0.36,2023-08-01,1322,N,VIIRS,l,2,319.63,41.69,D,0
36.21407,-5.32915,367,0.38,0.36,2023-08-01,1322,N,VIIRS,l,2,346.65,97.85,D,0
36.21343,-5.3334,367,0.38,0.36,2023-08-01,1322,N,VIIRS,h,2,339.1,41.69,D,0
36.20949,-5.33688,353.32,0.38,0.36,2023-08-01,1322,N,VIIRS,l,2,334.76,41.69,D,0
36.20684,-5.33187,343.49,0.38,0.36,2023-08-01,1322,N,VIIRS,n,2,317.72,4.91,D,0
36.20748,-5.32763,348.84,0.38,0.36,2023-08-01,1322,N,VIIRS,n,2,320.42,2.23,D,3
37.70405,-5.37966,353.78,0.39,0.36,2023-08-01,1322,N,VIIRS,l,2,326.26,29.08,D,0
37.70469,-5.37531,367,0.39,0.36,2023-08-01,1322,N,VIIRS,l,2,334.39,25.36,D,0
37.70799,-5.37609,356.21,0.39,0.36,2023-08-01,1322,N,VIIRS,l,2,315.59,28.33,D,0
40.86744,0.74712,336.38,0.44,0.46,2023-08-01,1323,N,VIIRS,l,2,310.65,5.5,D,0
39.31655,-0.4701,330.8,0.56,0.43,2023-08-01,1323,N,VIIRS,l,2,305.13,3.17,D,0
40.86506,0.75005,335.94,0.44,0.46,2023-08-01,1323,N,VIIRS,l,2,310.16,5.73,D,0
43.52351,-5.73106,318.32,0.57,0.52,2023-08-02,0141,N,VIIRS,n,2,290.2,2,N,2
43.52835,-5.7304,305.11,0.57,0.52,2023-08-02,0141,N,VIIRS,n,2,290.8,2,N,2
43.53959,-5.83149,323.25,0.58,0.52,2023-08-02,0141,N,VIIRS,n,2,290.51,4.46,N,2
41.47523,-1.48795,307.65,0.52,0.41,2023-08-02,0141,N,VIIRS,n,2,292.57,1.31,N,2
41.17892,1.2309,309.31,0.41,0.37,2023-08-02,0141,N,VIIRS,n,2,294.52,0.69,N,0
41.85453,3.12627,304.42,0.39,0.36,2023-08-02,0141,N,VIIRS,n,2,291.98,0.72,N,0
43.22583,-2.8763,301.55,0.41,0.45,2023-08-02,0141,N,VIIRS,n,2,288.53,0.72,N,2
43.22631,-2.88154,309.89,0.41,0.45,2023-08-02,0141,N,VIIRS,n,2,289.39,1.47,N,2
38.37684,-0.54591,307.04,0.44,0.38,2023-08-02,0142,N,VIIRS,n,2,296.13,1.19,N,2
39.93826,-3.74576,306.69,0.42,0.45,2023-08-02,0142,N,VIIRS,n,2,295.32,1.28,N,2
36.76233,-2.66355,310.93,0.52,0.41,2023-08-02,0143,N,VIIRS,n,2,295.1,1.49,N,0
37.66757,-5.16362,311.98,0.47,0.48,2023-08-02,0143,N,VIIRS,n,2,294.52,1.01,N,0
43.52113,-5.73533,300.38,0.45,0.63,2023-08-02,0321,N,VIIRS,n,2,288.91,0.66,N,2
43.52661,-5.73226,305.56,0.45,0.63,2023-08-02,0321,N,VIIRS,n,2,289.55,1.26,N,2
43.52495,-5.72676,314.81,0.45,0.63,2023-08-02,0321,N,VIIRS,n,2,289.13,1.26,N,2
37.66926,-5.16565,305.24,0.71,0.75,2023-08-02,0323,N,VIIRS,n,2,292.76,1.14,N,0
37.67002,-5.16209,302.74,0.72,0.75,2023-08-02,0323,N,VIIRS,n,2,292.52,0.82,N,0
37.26434,-7.23597,346.42,0.38,0.43,2023-08-02,1304,N,VIIRS,n,2,311.58,10.34,D,0
38.86954,-1.11982,340.9,0.38,0.36,2023-08-02,1304,N,VIIRS,l,2,315.16,2.83,D,0
41.31401,1.65912,303.96,0.4,0.45,2023-08-03,0122,N,VIIRS,n,2,291.74,1.09,N,2
41.31353,1.66405,303.92,0.4,0.44,2023-08-03,0122,N,VIIRS,n,2,291.58,0.7,N,2
40.24231,-3.4758,308.75,0.36,0.58,2023-08-03,0123,N,VIIRS,n,2,290.88,1.46,N,2
40.24767,-3.47521,319.94,0.36,0.58,2023-08-03,0123,N,VIIRS,n,2,292.36,1.46,N,2
38.67982,-4.06323,306.99,0.38,0.59,2023-08-03,0123,N,VIIRS,n,2,293.58,0.83,N,0
39.93635,-3.74566,305.15,0.37,0.58,2023-08-03,0123,N,VIIRS,n,2,292.23,0.49,N,2
37.66811,-5.16631,308.57,0.42,0.61,2023-08-03,0124,N,VIIRS,n,2,294.85,1.58,N,0
40.2459,-3.47312,312.14,0.43,0.62,2023-08-03,0303,N,VIIRS,n,2,289.54,1.44,N,2
40.24449,-3.47769,313.85,0.43,0.62,2023-08-03,0303,N,VIIRS,n,2,289.77,1.27,N,2
40.24313,-3.47285,300.54,0.43,0.62,2023-08-03,0303,N,VIIRS,n,2,288.76,1.27,N,2
43.32934,-5.77423,295.79,0.55,0.51,2023-08-03,0303,N,VIIRS,n,2,285.41,0.77,N,2
40.24727,-3.47788,300.59,0.43,0.62,2023-08-03,0303,N,VIIRS,n,2,288.69,1.44,N,2
39.93858,-3.74652,300.26,0.42,0.61,2023-08-03,0303,N,VIIRS,n,2,289.6,0.69,N,2
37.66924,-5.16354,316.44,0.41,0.61,2023-08-03,0304,N,VIIRS,n,2,294.52,0.74,N,0
37.43727,-5.21567,309.4,0.42,0.61,2023-08-03,0304,N,VIIRS,n,2,292.09,0.72,N,0
37.66574,-5.16372,317.6,0.41,0.61,2023-08-03,0304,N,VIIRS,n,2,294.49,0.72,N,0
41.31279,1.66438,333.42,0.39,0.36,2023-08-03,1245,N,VIIRS,l,2,304.54,1.43,D,2
40.26206,-3.81359,342.19,0.39,0.44,2023-08-03,1245,N,VIIRS,l,2,313.29,3.07,D,0
40.24648,-3.47987,308.31,0.64,0.72,2023-08-04,0104,N,VIIRS,n,2,288.99,2.24,N,2
40.24657,-3.47306,316.65,0.5,0.49,2023-08-04,0244,N,VIIRS,n,2,289.92,2.95,N,2
41.31509,1.66059,304.52,0.42,0.61,2023-08-04,0244,N,VIIRS,n,2,291.52,1.07,N,2
41.31219,1.66084,308.44,0.42,0.61,2023-08-04,0244,N,VIIRS,n,2,290.83,1.03,N,2
42.31158,-3.70111,297.66,0.44,0.46,2023-08-04,0244,N,VIIRS,n,2,281.71,0.55,N,0
41.40593,1.99592,304.39,0.43,0.62,2023-08-04,0244,N,VIIRS,n,2,290.59,0.69,N,2
40.08874,-4.4214,301.61,0.45,0.47,2023-08-04,0245,N,VIIRS,n,2,288.74,2.97,N,0
37.66681,-5.16034,301.37,0.47,0.48,2023-08-04,0245,N,VIIRS,n,2,289.97,0.4,N,0
37.66797,-5.16546,305.44,0.47,0.48,2023-08-04,0245,N,VIIRS,n,2,289.91,0.95,N,0
37.5706,-0.91524,307.02,0.39,0.59,2023-08-04,0245,N,VIIRS,n,2,291.38,2.31,N,2
38.6665,-4.05387,302.28,0.51,0.49,2023-08-04,0245,N,VIIRS,n,2,290.67,1.42,N,2
36.80114,-4.16054,310.45,0.55,0.51,2023-08-04,0245,N,VIIRS,n,2,297.98,3.72,N,0
40.08994,-4.4266,338.48,0.45,0.47,2023-08-04,0245,N,VIIRS,n,2,290.88,2.97,N,0
36.80035,-4.16098,309.93,0.55,0.51,2023-08-04,0245,N,VIIRS,n,2,297.52,3.64,N,0
36.6624,-5.99383,356.99,0.53,0.67,2023-08-04,1226,N,VIIRS,l,2,308.51,4.25,D,0
36.66074,-5.99966,340.17,0.53,0.67,2023-08-04,1226,N,VIIRS,n,2,307.52,4.25,D,0
36.34319,-5.83831,335.06,0.53,0.67,2023-08-04,1226,N,VIIRS,l,2,306.63,4.11,D,0
36.65803,-5.98571,348.73,0.53,0.67,2023-08-04,1226,N,VIIRS,n,2,308.8,11.96,D,0
36.65638,-5.99151,345.39,0.53,0.67,2023-08-04,1226,N,VIIRS,n,2,310.62,4.25,D,0
36.66218,-5.98969,336.19,0.53,0.67,2023-08-04,1226,N,VIIRS,l,2,308.13,4.63,D,0
36.6605,-5.99544,356.27,0.53,0.67,2023-08-04,1226,N,VIIRS,l,2,309.25,4.63,D,0
37.32494,-6.9029,341.54,0.56,0.69,2023-08-04,1226,N,VIIRS,n,2,311.3,5.89,D,0
36.65616,-5.98737,339.77,0.53,0.67,2023-08-04,1226,N,VIIRS,n,2,309.53,4.28,D,0
39.51876,-6.45309,346.5,0.47,0.64,2023-08-04,1227,N,VIIRS,n,2,309.84,4.71,D,0
28.97342,-13.56318,339.82,0.39,0.36,2023-08-04,1404,N,VIIRS,n,2,309.93,1.24,D,0
37.27628,-6.0316,367,0.34,0.56,2023-08-04,1406,N,VIIRS,h,2,313.54,7.05,D,0
40.21102,0.25626,348.68,0.78,0.78,2023-08-04,1407,N,VIIRS,n,2,300.78,11.65,D,0
40.21044,0.2548,353.87,0.78,0.78,2023-08-04,1407,N,VIIRS,n,2,301.24,12.96,D,0
43.52692,-5.73467,325.59,0.4,0.6,2023-08-04,1408,N,VIIRS,n,2,293.65,2.42,D,2
42.41311,3.12807,367,0.53,0.67,2023-08-05,0044,N,VIIRS,h,2,302.56,24,N,0
42.40639,3.1452,355.54,0.53,0.67,2023-08-05,0044,N,VIIRS,n,2,293.46,10.66,N,0
42.40654,3.1388,367,0.53,0.67,2023-08-05,0044,N,VIIRS,h,2,294.9,18.39,N,0
42.4067,3.13245,354.34,0.53,0.67,2023-08-05,0044,N,VIIRS,n,2,297.56,18.39,N,0
42.40685,3.12626,367,0.53,0.67,2023-08-05,0044,N,VIIRS,h,2,295.45,24,N,0
42.40699,3.12013,342.95,0.53,0.67,2023-08-05,0044,N,VIIRS,n,2,290.25,24,N,0
42.41262,3.14791,314.39,0.53,0.67,2023-08-05,0044,N,VIIRS,n,2,288.9,10.66,N,0
42.41296,3.13444,315.87,0.53,0.67,2023-08-05,0044,N,VIIRS,n,2,289.51,18.39,N,0
42.41339,3.11641,302.32,0.53,0.67,2023-08-05,0044,N,VIIRS,n,2,288.47,5.73,N,0
42.41249,3.15314,349.3,0.53,0.67,2023-08-05,0044,N,VIIRS,n,2,291.16,10.66,N,0
42.41278,3.14143,328.07,0.53,0.67,2023-08-05,0044,N,VIIRS,n,2,289.91,18.39,N,0
42.41325,3.12201,323.81,0.53,0.67,2023-08-05,0044,N,VIIRS,n,2,289.79,24,N,0
42.40242,3.14848,299.6,0.53,0.67,2023-08-05,0044,N,VIIRS,n,2,288.75,5.36,N,0
42.40289,3.12356,302.83,0.53,0.67,2023-08-05,0044,N,VIIRS,n,2,288.97,6.56,N,0
42.40254,3.14234,367,0.53,0.67,2023-08-05,0044,N,VIIRS,h,2,291.65,13.06,N,0
42.40266,3.13593,347.16,0.53,0.67,2023-08-05,0044,N,VIIRS,n,2,290.6,13.06,N,0
42.40278,3.12979,347.78,0.53,0.67,2023-08-05,0044,N,VIIRS,n,2,290.09,6.56,N,0
42.4093,3.11893,319.39,0.53,0.67,2023-08-05,0044,N,VIIRS,n,2,289.46,14.83,N,0
42.40881,3.14434,367,0.53,0.67,2023-08-05,0044,N,VIIRS,h,2,292.42,8.1,N,0
42.40894,3.13756,344.01,0.53,0.67,2023-08-05,0044,N,VIIRS,n,2,292.56,8.1,N,0
42.40906,3.13118,352.49,0.53,0.67,2023-08-05,0044,N,VIIRS,n,2,301.81,35.89,N,0
42.40918,3.12492,367,0.53,0.67,2023-08-05,0044,N,VIIRS,h,2,303.83,35.89,N,0
42.41521,3.13944,311.08,0.53,0.67,2023-08-05,0044,N,VIIRS,n,2,288.18,8.1,N,0
42.41534,3.13288,315.17,0.53,0.67,2023-08-05,0044,N,VIIRS,n,2,288.4,35.89,N,0
42.41568,3.11539,300.95,0.53,0.67,2023-08-05,0044,N,VIIRS,n,2,287.8,14.83,N,0
42.41486,3.15723,352.59,0.53,0.67,2023-08-05,0044,N,VIIRS,n,2,291.07,11.91,N,0
42.41497,3.15165,367,0.53,0.67,2023-08-05,0044,N,VIIRS,h,2,292.65,11.91,N,0
42.41508,3.14598,334.6,0.53,0.67,2023-08-05,0044,N,VIIRS,n,2,289.85,8.1,N,0
42.41546,3.12668,367,0.53,0.67,2023-08-05,0044,N,VIIRS,h,2,299.92,35.89,N,0
42.41557,3.1208,330.15,0.53,0.67,2023-08-05,0044,N,VIIRS,n,2,289.37,14.83,N,0
42.42163,3.13373,318.62,0.53,0.67,2023-08-05,0044,N,VIIRS,n,2,288.65,10.13,N,0
42.42186,3.12232,305.42,0.53,0.67,2023-08-05,0044,N,VIIRS,n,2,287.69,1.59,N,0
42.42114,3.15812,340.97,0.53,0.67,2023-08-05,0044,N,VIIRS,n,2,290.79,13.22,N,0
42.42127,3.15181,367,0.53,0.67,2023-08-05,0044,N,VIIRS,h,2,295.45,13.22,N,0
42.42139,3.14573,353.99,0.53,0.67,2023-08-05,0044,N,VIIRS,n,2,293.48,13.34,N,0
42.42151,3.1398,367,0.53,0.67,2023-08-05,0044,N,VIIRS,h,2,292.28,13.34,N,0
42.42166,3.16002,353.52,0.54,0.51,2023-08-05,0225,N,VIIRS,n,2,296.29,18.05,N,0
42.4198,3.16749,305.36,0.54,0.51,2023-08-05,0225,N,VIIRS,n,2,289.89,4,N,3
42.42221,3.1377,341.62,0.54,0.51,2023-08-05,0225,N,VIIRS,n,2,291.83,7.46,N,0
43.52752,-5.72858,307.73,0.39,0.36,2023-08-05,0225,N,VIIRS,n,2,288.05,6.1,N,2
42.42051,3.14452,317.12,0.54,0.51,2023-08-05,0225,N,VIIRS,n,2,288.88,7.46,N,0
42.41713,3.15809,333.3,0.54,0.51,2023-08-05,0225,N,VIIRS,n,2,296.74,22.61,N,0
42.42327,3.15353,348.56,0.54,0.51,2023-08-05,0225,N,VIIRS,n,2,291.93,18.05,N,0
42.42495,3.1468,319.84,0.54,0.51,2023-08-05,0225,N,VIIRS,n,2,289.55,11.27,N,0
42.41155,3.14034,298.63,0.54,0.51,2023-08-05,0225,N,VIIRS,n,2,287.91,2.47,N,0
42.40987,3.14708,317.37,0.54,0.51,2023-08-05,0225,N,VIIRS,n,2,289.55,19.85,N,0
42.40678,3.13943,324.42,0.54,0.51,2023-08-05,0225,N,VIIRS,n,2,290.99,2.47,N,0
42.05413,-1.20255,316.47,0.53,0.42,2023-08-05,0225,N,VIIRS,n,2,285.17,1.87,N,0
43.34684,-8.43489,299.76,0.4,0.37,2023-08-05,0225,N,VIIRS,n,2,286.91,0.47,N,2
41.40701,1.99855,303.56,0.51,0.49,2023-08-05,0225,N,VIIRS,n,2,289.73,0.99,N,2
41.40785,1.99951,303.15,0.51,0.49,2023-08-05,0225,N,VIIRS,n,2,289.37,0.62,N,2
43.33023,-5.77358,304.45,0.39,0.36,2023-08-05,0225,N,VIIRS,n,2,286.04,1.02,N,2
43.52424,-5.7296,309.54,0.39,0.36,2023-08-05,0225,N,VIIRS,n,2,286.45,4.81,N,2
43.52502,-5.73432,353.17,0.39,0.36,2023-08-05,0225,N,VIIRS,n,2,289.42,4.81,N,2
43.54119,-5.83345,320.34,0.39,0.36,2023-08-05,0225,N,VIIRS,n,2,286.91,1.85,N,2
42.40512,3.14605,346.01,0.54,0.51,2023-08-05,0225,N,VIIRS,n,2,296.98,19.85,N,0
42.40342,3.15285,322.81,0.54,0.51,2023-08-05,0225,N,VIIRS,n,2,292.8,19.85,N,0
42.40799,3.15459,332.39,0.54,0.51,2023-08-05,0225,N,VIIRS,n,2,290.85,19.85,N,0
42.41262,3.15608,305.08,0.54,0.51,2023-08-05,0225,N,VIIRS,n,2,288.97,22.61,N,0
42.41444,3.1488,298.8,0.54,0.51,2023-08-05,0225,N,VIIRS,n,2,287.91,22.61,N,0
42.41533,3.16531,305.2,0.54,0.51,2023-08-05,0225,N,VIIRS,n,2,289.94,6.2,N,0
42.41022,3.12563,299.32,0.54,0.51,2023-08-05,0225,N,VIIRS,n,2,288.76,1.39,N,0
42.40224,3.13754,342.65,0.54,0.51,2023-08-05,0225,N,VIIRS,n,2,292.97,33.63,N,0
42.40059,3.14414,332.66,0.54,0.51,2023-08-05,0225,N,VIIRS,n,2,326.22,34.8,N,0
42.3989,3.15087,321.1,0.54,0.51,2023-08-05,0225,N,VIIRS,n,2,290.53,34.8,N,0
42.40559,3.12419,312.97,0.54,0.51,2023-08-05,0225,N,VIIRS,n,2,289.72,2.89,N,0
42.40387,3.13103,313.09,0.54,0.51,2023-08-05,0225,N,VIIRS,n,2,289.99,33.63,N,0
42.39614,3.14191,343.07,0.54,0.51,2023-08-05,0225,N,VIIRS,n,2,290.09,34.8,N,0
43.22543,-2.87723,319.22,0.44,0.38,2023-08-05,0225,N,VIIRS,n,2,284.67,1.7,N,2
42.41883,3.15126,303.03,0.54,0.51,2023-08-05,0225,N,VIIRS,n,2,287.8,22.61,N,0
43.22636,-2.87802,310.1,0.44,0.38,2023-08-05,0225,N,VIIRS,n,2,284.82,1.13,N,2
43.22292,-2.87929,296.01,0.44,0.38,2023-08-05,0225,N,VIIRS,n,2,284.45,0.45,N,2
43.5611,-5.72319,297.61,0.39,0.36,2023-08-05,0225,N,VIIRS,n,2,286.73,0.34,N,2
43.5308,-5.72758,303.14,0.39,0.36,2023-08-05,0225,N,VIIRS,n,2,286.17,6.1,N,2
43.52829,-5.73331,334.09,0.39,0.36,2023-08-05,0225,N,VIIRS,n,2,288.69,6.1,N,2
36.96537,-1.90543,307.12,0.41,0.45,2023-08-05,0226,N,VIIRS,n,2,294.58,1.23,N,2
37.66681,-5.16413,313.91,0.44,0.38,2023-08-05,0226,N,VIIRS,n,2,292.88,1.01,N,0
38.37641,-0.54665,307.07,0.45,0.47,2023-08-05,0226,N,VIIRS,n,2,291.4,0.84,N,2
39.9351,-3.74517,301.59,0.46,0.39,2023-08-05,0226,N,VIIRS,n,2,288.59,0.91,N,2
39.93862,-3.74403,299.92,0.46,0.39,2023-08-05,0226,N,VIIRS,n,2,288.45,0.91,N,2
37.26822,-6.74025,302.11,0.4,0.37,2023-08-05,0227,N,VIIRS,n,2,289.66,0.2,N,0
37.36028,-5.86342,309.63,0.42,0.38,2023-08-05,0227,N,VIIRS,n,2,295.07,0.98,N,2
37.39099,-4.50413,316.27,0.46,0.39,2023-08-05,0227,N,VIIRS,n,2,292.84,0.93,N,0
36.99101,-5.57871,324.02,0.43,0.38,2023-08-05,0227,N,VIIRS,n,2,294.28,2.37,N,0
39.5335,-0.37791,330.91,0.4,0.6,2023-08-05,1208,N,VIIRS,n,2,302.37,1.89,D,0
43.52372,-5.72795,325.84,0.55,0.68,2023-08-05,1209,N,VIIRS,l,2,295.95,4.82,D,2
43.52665,-5.73181,325.83,0.55,0.68,2023-08-05,1209,N,VIIRS,n,2,295.53,6.23,D,2
36.7173,-2.66622,351.33,0.57,0.52,2023-08-05,1347,N,VIIRS,n,2,305.59,34.55,D,0
36.71614,-2.66572,345.73,0.57,0.52,2023-08-05,1347,N,VIIRS,n,2,306.48,34.15,D,0
37.29802,-6.67654,367,0.54,0.42,2023-08-05,1348,N,VIIRS,h,2,347.93,83.21,D,0
37.30191,-6.67713,341.16,0.54,0.42,2023-08-05,1348,N,VIIRS,n,2,315.52,76.14,D,0
37.30645,-6.67173,367,0.54,0.42,2023-08-05,1348,N,VIIRS,h,2,342.07,76.14,D,0
37.30711,-6.66566,367,0.54,0.42,2023-08-05,1348,N,VIIRS,l,2,325.14,42.44,D,0
37.29479,-6.66983,367,0.54,0.42,2023-08-05,1348,N,VIIRS,l,2,329.64,83.21,D,0
37.29867,-6.67047,367,0.54,0.42,2023-08-05,1348,N,VIIRS,h,2,347.45,83.21,D,0
37.29414,-6.67592,345.31,0.54,0.42,2023-08-05,1348,N,VIIRS,n,2,315.17,83.21,D,0
43.05661,-6.46426,342.84,0.42,0.45,2023-08-05,1349,N,VIIRS,n,2,302.22,9.19,D,0
43.05242,-6.46342,345.09,0.42,0.45,2023-08-05,1349,N,VIIRS,n,2,309.79,19.21,D,0
41.40574,1.99644,306.73,0.47,0.4,2023-08-06,0206,N,VIIRS,n,2,291.89,0.94,N,2
41.52762,1.80503,303.46,0.46,0.39,2023-08-06,0206,N,VIIRS,n,2,289.93,0.92,N,2
43.53747,-5.83238,301.3,0.45,0.39,2023-08-06,0206,N,VIIRS,n,2,283.65,1,N,2
43.54106,-5.83157,312.67,0.45,0.39,2023-08-06,0206,N,VIIRS,n,2,284.36,1.64,N,2
43.22474,-2.87817,305.44,0.39,0.36,2023-08-06,0206,N,VIIRS,n,2,287.48,0.5,N,2
41.47649,-1.48812,304.93,0.39,0.36,2023-08-06,0206,N,VIIRS,n,2,289.56,1.15,N,2
38.37629,-0.54623,310.16,0.42,0.38,2023-08-06,0207,N,VIIRS,n,2,294.55,1.39,N,2
39.93782,-3.74366,308.12,0.39,0.36,2023-08-06,0207,N,VIIRS,n,2,292.91,1.15,N,2
37.66696,-5.16365,319.81,0.39,0.37,2023-08-06,0208,N,VIIRS,n,2,294.85,1.29,N,0
36.71792,-2.66994,327.33,0.39,0.36,2023-08-06,0208,N,VIIRS,n,2,296.82,2.21,N,0
36.53437,-6.18717,345.84,0.39,0.36,2023-08-06,1328,N,VIIRS,l,2,317.25,12.94,D,0
43.33625,-8.47713,337.21,0.39,0.36,2023-08-06,1330,N,VIIRS,n,2,299.97,2.66,D,0
40.6007,-4.49527,339.29,0.46,0.39,2023-08-06,1330,N,VIIRS,l,2,311.55,10.24,D,0
43.54678,-5.84547,303.76,0.49,0.48,2023-08-07,0147,N,VIIRS,n,2,286.69,1.1,N,0
43.51983,-5.73326,299.91,0.48,0.48,2023-08-07,0147,N,VIIRS,n,2,285.72,1.76,N,2
43.5243,-5.73264,327.12,0.48,0.48,2023-08-07,0147,N,VIIRS,n,2,287.33,1.76,N,2
43.52875,-5.73191,301.99,0.48,0.48,2023-08-07,0147,N,VIIRS,n,2,287.05,1.71,N,2
43.53683,-5.83439,318.72,0.48,0.48,2023-08-07,0147,N,VIIRS,n,2,285.09,3.57,N,2
43.54132,-5.83378,338.13,0.48,0.48,2023-08-07,0147,N,VIIRS,n,2,289.25,3.57,N,2
43.52476,-5.73848,305.46,0.48,0.48,2023-08-07,0147,N,VIIRS,n,2,287.88,2.97,N,2
38.37617,-0.54605,309.74,0.4,0.37,2023-08-07,0148,N,VIIRS,n,2,294.93,0.94,N,2
42.03139,-4.32235,299.68,0.4,0.44,2023-08-07,0148,N,VIIRS,n,2,285.12,1.02,N,0
42.03093,-4.31758,307.07,0.4,0.44,2023-08-07,0148,N,VIIRS,n,2,285.49,1.02,N,0
41.47554,-1.4882,304.52,0.45,0.39,2023-08-07,0148,N,VIIRS,n,2,288.05,0.87,N,2
39.66393,-0.24905,304.99,0.4,0.37,2023-08-07,0148,N,VIIRS,n,2,294.48,0.77,N,2
39.93806,-3.74436,303.5,0.53,0.42,2023-08-07,0148,N,VIIRS,n,2,293.12,1.52,N,2
37.66711,-5.16363,326.49,0.39,0.44,2023-08-07,0149,N,VIIRS,n,2,296.84,2.34,N,0
36.50896,-4.86003,328.38,0.55,0.42,2023-08-07,0149,N,VIIRS,n,2,292.84,3.88,N,0
43.52777,-5.73202,300.33,0.53,0.67,2023-08-07,0327,N,VIIRS,n,2,285.34,0.96,N,2
43.54454,-5.84901,298.68,0.53,0.67,2023-08-07,0327,N,VIIRS,n,2,284.56,0.85,N,0
39.53262,-0.33432,336.83,0.43,0.38,2023-08-07,1310,N,VIIRS,n,2,304.45,3.7,D,0
41.86451,-8.20302,344.57,0.45,0.39,2023-08-07,1311,N,VIIRS,n,2,307.91,5.29,D,0
40.26079,-3.74597,347.14,0.38,0.36,2023-08-07,1311,N,VIIRS,l,2,318.89,7.2,D,0
43.52412,-5.7327,345.79,0.39,0.36,2023-08-07,1312,N,VIIRS,n,2,305.47,4.87,D,2
43.53824,-5.82971,344.95,0.39,0.36,2023-08-07,1312,N,VIIRS,n,2,303.96,5.41,D,2
43.17434,-5.23064,298.3,0.39,0.59,2023-08-08,0128,N,VIIRS,n,2,284.14,0.43,N,0
43.54008,-5.83628,299.64,0.42,0.61,2023-08-08,0128,N,VIIRS,n,2,287.39,1.68,N,2
43.5249,-5.73658,305.21,0.41,0.61,2023-08-08,0128,N,VIIRS,n,2,288.55,1.25,N,2
43.53988,-5.83091,315.36,0.42,0.61,2023-08-08,0128,N,VIIRS,n,2,287.63,1.48,N,2
43.52471,-5.73153,308.53,0.41,0.61,2023-08-08,0128,N,VIIRS,n,2,287.77,1.25,N,2
41.47542,-1.48935,303.49,0.48,0.48,2023-08-08,0129,N,VIIRS,n,2,289.35,1.09,N,2
39.33286,-7.19833,331.62,0.46,0.64,2023-08-08,0129,N,VIIRS,n,2,297.66,5.67,N,0
39.33267,-7.19298,306.75,0.46,0.64,2023-08-08,0129,N,VIIRS,n,2,295.41,3.28,N,0
39.33065,-7.19833,333.91,0.46,0.64,2023-08-08,0129,N,VIIRS,n,2,297.38,5.14,N,0
41.31295,1.66357,314.99,0.51,0.41,2023-08-08,0129,N,VIIRS,n,2,292.15,2.36,N,2
37.66932,-5.1644,313.56,0.35,0.57,2023-08-08,0130,N,VIIRS,n,2,293.45,3.42,N,0
36.96848,-1.9073,307.26,0.45,0.47,2023-08-08,0130,N,VIIRS,n,2,294.04,1.56,N,2
37.66406,-5.16494,302.95,0.35,0.57,2023-08-08,0130,N,VIIRS,n,2,286.68,1.55,N,0
43.52527,-5.73305,329.75,0.32,0.55,2023-08-08,0309,N,VIIRS,n,2,288.3,2.01,N,2
43.54039,-5.83035,299.03,0.32,0.55,2023-08-08,0309,N,VIIRS,n,2,287.14,0.74,N,2
43.17217,-5.22513,316.66,0.35,0.57,2023-08-08,0309,N,VIIRS,n,2,285.61,1.29,N,0
43.54462,-5.78512,296.23,0.32,0.55,2023-08-08,0309,N,VIIRS,n,2,285.26,0.18,N,0
43.52638,-5.73718,318.92,0.32,0.55,2023-08-08,0309,N,VIIRS,n,2,288.39,2.01,N,2
43.54239,-5.83787,302.1,0.32,0.55,2023-08-08,0309,N,VIIRS,n,2,287.68,0.94,N,2
43.34428,-8.42422,302.32,0.49,0.49,2023-08-08,0309,N,VIIRS,n,2,287.86,0.73,N,0
43.17125,-5.22178,304.28,0.35,0.57,2023-08-08,0309,N,VIIRS,n,2,285.74,1.29,N,0
43.54138,-5.83407,309.07,0.32,0.55,2023-08-08,0309,N,VIIRS,n,2,287.44,0.74,N,2
39.34671,-7.19875,310.51,0.36,0.57,2023-08-08,0310,N,VIIRS,n,2,295.4,33.82,N,0
39.34093,-7.17714,313.11,0.36,0.57,2023-08-08,0310,N,VIIRS,n,2,295.22,3,N,0
39.32932,-7.19701,314.37,0.36,0.57,2023-08-08,0310,N,VIIRS,n,2,294.89,2.64,N,0
39.3321,-7.18631,310.39,0.36,0.57,2023-08-08,0310,N,VIIRS,n,2,295.27,4.03,N,0
39.33331,-7.19082,326.2,0.36,0.57,2023-08-08,0310,N,VIIRS,n,2,296.35,55.11,N,0
39.33449,-7.19523,355.23,0.36,0.57,2023-08-08,0310,N,VIIRS,n,2,306.93,55.11,N,0
39.33558,-7.19928,325.57,0.36,0.57,2023-08-08,0310,N,VIIRS,n,2,295.58,43.86,N,0
39.33361,-7.17094,307.61,0.36,0.57,2023-08-08,0310,N,VIIRS,n,2,295.17,2.55,N,0
39.33474,-7.17513,310.13,0.36,0.57,2023-08-08,0310,N,VIIRS,n,2,295.31,2.55,N,0
39.3359,-7.17945,313.6,0.36,0.57,2023-08-08,0310,N,VIIRS,n,2,295.12,4.03,N,0
39.34169,-7.20104,312.68,0.36,0.57,2023-08-08,0310,N,VIIRS,n,2,294.92,43.86,N,0
39.34566,-7.19479,331.43,0.36,0.57,2023-08-08,0310,N,VIIRS,n,2,296.56,33.82,N,0
39.3471,-7.17911,309.05,0.36,0.57,2023-08-08,0310,N,VIIRS,n,2,296.19,3,N,0
39.34945,-7.18788,312.08,0.36,0.57,2023-08-08,0310,N,VIIRS,n,2,296.49,65.21,N,0
39.34827,-7.18351,329.36,0.36,0.57,2023-08-08,0310,N,VIIRS,n,2,296.97,65.21,N,0
39.32973,-7.19446,309.73,0.36,0.57,2023-08-08,0310,N,VIIRS,n,2,294.66,2.58,N,0
39.3398,-7.17293,309.14,0.36,0.57,2023-08-08,0310,N,VIIRS,n,2,295.07,3.51,N,0
39.33711,-7.18398,321.01,0.36,0.57,2023-08-08,0310,N,VIIRS,n,2,295.55,4.03,N,0
39.34065,-7.19716,345.76,0.36,0.57,2023-08-08,0310,N,VIIRS,n,2,297.06,43.86,N,0
39.33954,-7.19302,367,0.36,0.57,2023-08-08,0310,N,VIIRS,h,2,348.5,55.11,N,0
39.33834,-7.18854,340.84,0.36,0.57,2023-08-08,0310,N,VIIRS,n,2,298.97,55.11,N,0
39.3308,-7.19855,316.7,0.36,0.57,2023-08-08,0310,N,VIIRS,n,2,295.84,3.29,N,0
39.33084,-7.18167,307.75,0.36,0.57,2023-08-08,0310,N,VIIRS,n,2,294.71,4.03,N,0
39.33039,-7.20099,308.44,0.36,0.57,2023-08-08,0310,N,VIIRS,n,2,295.14,2.69,N,0
39.34451,-7.19051,367,0.36,0.57,2023-08-08,0310,N,VIIRS,h,2,339.42,65.21,N,0
39.34209,-7.18148,327.67,0.36,0.57,2023-08-08,0310,N,VIIRS,n,2,297.5,3,N,0
43.24037,-2.54347,333.88,0.41,0.37,2023-08-08,1252,N,VIIRS,n,2,298.33,3.71,D,0
39.34298,-7.19701,350.19,0.49,0.49,2023-08-08,1252,N,VIIRS,n,2,318.25,13.24,D,0
39.3473,-7.19882,367,0.49,0.49,2023-08-08,1252,N,VIIRS,h,2,316.64,13.24,D,0
41.7412,0.64156,348.26,0.38,0.36,2023-08-08,1252,N,VIIRS,n,2,310.2,4.98,D,0
41.71384,0.35308,336.38,0.38,0.36,2023-08-08,1252,N,VIIRS,n,2,306.91,1.42,D,0
43.24187,-2.54203,332.4,0.41,0.37,2023-08-08,1252,N,VIIRS,n,2,298.15,3.39,D,0
43.52475,-5.73115,336.44,0.52,0.41,2023-08-08,1253,N,VIIRS,n,2,305.09,5.2,D,2
43.53996,-5.83205,340.77,0.52,0.42,2023-08-08,1253,N,VIIRS,n,2,309.38,14.9,D,2
43.43281,-5.81502,337.88,0.52,0.42,2023-08-08,1253,N,VIIRS,n,2,306.12,28.75,D,0
43.42907,-5.81359,336.87,0.52,0.42,2023-08-08,1253,N,VIIRS,n,2,304.69,4.33,D,0
39.34471,-7.19465,330.35,0.68,0.74,2023-08-08,1432,N,VIIRS,l,2,305.18,5.97,D,0
39.34342,-7.19627,333.98,0.68,0.74,2023-08-08,1432,N,VIIRS,l,2,306,7.78,D,0
39.33648,-7.19619,343.45,0.68,0.74,2023-08-08,1432,N,VIIRS,n,2,303.69,6.87,D,0
39.33777,-7.19466,342.77,0.68,0.74,2023-08-08,1432,N,VIIRS,n,2,304.56,5.97,D,0
42.40742,-7.17448,335.63,0.7,0.75,2023-08-08,1433,N,VIIRS,n,2,303.43,39.34,D,0
42.40315,-7.17954,332.73,0.7,0.75,2023-08-08,1433,N,VIIRS,l,2,304.56,6.56,D,0
42.40745,-7.18143,352.19,0.7,0.75,2023-08-08,1433,N,VIIRS,n,2,313.66,39.34,D,0
42.41017,-7.18075,355.29,0.7,0.75,2023-08-08,1433,N,VIIRS,n,2,312.69,59.99,D,0
43.52796,-5.73695,316.12,0.71,0.75,2023-08-09,0109,N,VIIRS,n,2,290.01,3.07,N,2
41.47571,-1.48929,301.59,0.43,0.62,2023-08-09,0110,N,VIIRS,n,2,291.27,0.25,N,2
41.31267,1.66073,305.49,0.58,0.52,2023-08-09,0110,N,VIIRS,n,2,291.71,1.64,N,2
43.44447,-3.84457,303.34,0.48,0.48,2023-08-09,0250,N,VIIRS,n,2,291.55,0.82,N,2
43.33141,-5.7754,301.61,0.39,0.44,2023-08-09,0250,N,VIIRS,n,2,290.83,0.57,N,2
41.31137,1.66054,312.41,0.5,0.66,2023-08-09,0250,N,VIIRS,n,2,291.08,1.56,N,2
43.52287,-5.73228,329.32,0.39,0.44,2023-08-09,0250,N,VIIRS,n,2,290.77,2.14,N,2
43.51896,-5.73397,302.91,0.39,0.44,2023-08-09,0250,N,VIIRS,n,2,289.7,2.14,N,2
43.51986,-5.73554,301.99,0.39,0.44,2023-08-09,0250,N,VIIRS,n,2,289.88,3.01,N,2
43.52376,-5.73387,343.15,0.39,0.44,2023-08-09,0250,N,VIIRS,n,2,291.75,3.01,N,2
43.52768,-5.73228,338.68,0.39,0.44,2023-08-09,0250,N,VIIRS,n,2,292.14,4.11,N,2
38.66872,-4.04788,308.27,0.61,0.54,2023-08-09,0251,N,VIIRS,n,2,293.1,2.28,N,2
38.66578,-4.04293,309.63,0.61,0.54,2023-08-09,0251,N,VIIRS,n,2,291.62,2.66,N,0
38.66748,-4.04978,323.14,0.61,0.54,2023-08-09,0251,N,VIIRS,n,2,293.03,6.33,N,2
38.66393,-4.04969,322.26,0.61,0.54,2023-08-09,0251,N,VIIRS,n,2,290.74,2.28,N,2
38.78388,0.07511,331.23,0.38,0.43,2023-08-09,1232,N,VIIRS,n,2,300.79,1.01,D,0
42.86774,-2.64528,346.64,0.42,0.45,2023-08-09,1234,N,VIIRS,n,2,310.01,4.83,D,0
43.52668,-5.72689,298.78,0.41,0.37,2023-08-10,0231,N,VIIRS,n,2,288.06,0.82,N,2
43.52757,-5.73185,298.74,0.41,0.37,2023-08-10,0231,N,VIIRS,n,2,287.61,0.65,N,2
43.54183,-5.83166,302.56,0.4,0.37,2023-08-10,0231,N,VIIRS,n,2,291.51,0.87,N,2
43.52512,-5.73794,301.72,0.41,0.37,2023-08-10,0231,N,VIIRS,n,2,290.39,1.14,N,2
43.52422,-5.73296,308.54,0.41,0.37,2023-08-10,0231,N,VIIRS,n,2,291.51,1.14,N,2
43.53849,-5.83277,303.18,0.4,0.37,2023-08-10,0231,N,VIIRS,n,2,290.36,0.87,N,2
41.31104,1.65979,303.34,0.59,0.53,2023-08-10,0231,N,VIIRS,n,2,291.44,1.81,N,2
43.52847,-5.73689,299.26,0.41,0.37,2023-08-10,0231,N,VIIRS,n,2,288.16,0.65,N,2
40.24585,-3.47667,323.07,0.53,0.42,2023-08-10,0232,N,VIIRS,n,2,296.94,2.4,N,2
39.9362,-3.74403,310.07,0.53,0.42,2023-08-10,0232,N,VIIRS,n,2,296.84,1.67,N,2
40.77103,-5.04458,297.07,0.45,0.39,2023-08-10,0232,N,VIIRS,n,2,286.86,0.21,N,0
38.58492,-2.25466,311.25,0.44,0.46,2023-08-10,0232,N,VIIRS,n,2,294.24,1.92,N,0
38.58604,-2.25965,309.96,0.44,0.46,2023-08-10,0232,N,VIIRS,n,2,293.62,1.86,N,0
37.66771,-5.16243,312.21,0.5,0.41,2023-08-10,0233,N,VIIRS,n,2,296.46,1.62,N,0
37.64132,-6.91281,343.73,0.79,0.78,2023-08-10,1214,N,VIIRS,n,2,304.23,42.44,D,0
41.9057,2.81189,343.16,0.41,0.45,2023-08-10,1214,N,VIIRS,n,2,305.77,7.16,D,0
37.64222,-6.91342,345.9,0.79,0.78,2023-08-10,1214,N,VIIRS,n,2,304.79,39.04,D,0
37.64484,-6.92637,351.74,0.79,0.78,2023-08-10,1214,N,VIIRS,n,2,305.47,28.51,D,0
37.63916,-6.9226,355.54,0.79,0.78,2023-08-10,1214,N,VIIRS,n,2,314.91,39.04,D,0
37.63829,-6.92205,367,0.79,0.78,2023-08-10,1214,N,VIIRS,h,2,312.63,28.51,D,0
43.52533,-5.73357,333.78,0.47,0.64,2023-08-10,1215,N,VIIRS,n,2,294.17,3.51,D,2
43.2642,-6.12376,367,0.5,0.65,2023-08-10,1215,N,VIIRS,h,2,297.09,12.24,D,0
43.26281,-6.12064,367,0.5,0.65,2023-08-10,1215,N,VIIRS,h,2,298.97,17.05,D,0
43.2664,-6.1167,333.34,0.49,0.65,2023-08-10,1215,N,VIIRS,n,2,295.02,12.45,D,0
43.52693,-5.72831,326.44,0.47,0.64,2023-08-10,1215,N,VIIRS,n,2,294.3,3.51,D,2
38.75041,-2.15332,336.53,0.39,0.59,2023-08-10,1354,N,VIIRS,n,2,304.57,2.23,D,0
37.64152,-6.9292,348.35,0.42,0.45,2023-08-10,1354,N,VIIRS,l,2,321.54,9.18,D,0
37.64196,-6.92453,346.71,0.42,0.45,2023-08-10,1354,N,VIIRS,l,2,321.02,9.18,D,0
40.96766,0.70404,339.78,0.57,0.69,2023-08-10,1355,N,VIIRS,n,2,297.28,4.06,D,0
40.96772,0.70685,332.05,0.57,0.69,2023-08-10,1355,N,VIIRS,n,2,297.12,4.34,D,0
40.97413,0.70326,337.82,0.57,0.69,2023-08-10,1355,N,VIIRS,n,2,296.83,4.06,D,0
40.6067,-4.25412,343.61,0.62,0.54,2023-08-10,1355,N,VIIRS,n,2,311.43,4.18,D,0
39.92365,-4.59384,349.28,0.59,0.53,2023-08-10,1355,N,VIIRS,n,2,316.28,9.8,D,0
39.92174,-4.59266,345.76,0.59,0.53,2023-08-10,1355,N,VIIRS,n,2,317.82,7.51,D,0
40.97419,0.70602,334.39,0.57,0.69,2023-08-10,1355,N,VIIRS,n,2,296.4,4.34,D,0
43.52581,-5.73517,334.92,0.41,0.37,2023-08-11,0212,N,VIIRS,n,2,292.5,2.91,N,2
43.5388,-5.83103,330.46,0.41,0.37,2023-08-11,0212,N,VIIRS,n,2,290.49,3.97,N,2
43.52853,-5.72932,302.4,0.41,0.37,2023-08-11,0212,N,VIIRS,n,2,290.98,0.57,N,2
43.52921,-5.73428,299.23,0.41,0.37,2023-08-11,0212,N,VIIRS,n,2,288.96,0.57,N,2
43.54289,-5.83526,303.23,0.41,0.37,2023-08-11,0212,N,VIIRS,n,2,290.65,1.34,N,2
43.03561,-2.2174,299.15,0.39,0.36,2023-08-11,0212,N,VIIRS,n,2,287.39,0.69,N,2
43.0364,-2.22215,311.23,0.39,0.36,2023-08-11,0212,N,VIIRS,n,2,288.18,1.23,N,2
43.20605,-2.77574,300.02,0.39,0.36,2023-08-11,0212,N,VIIRS,n,2,289.01,0.45,N,0
42.14612,0.92007,315.25,0.48,0.4,2023-08-11,0212,N,VIIRS,n,2,290.72,2.14,N,0
42.14972,0.92129,322.06,0.48,0.4,2023-08-11,0212,N,VIIRS,n,2,291.14,2.45,N,0
41.90942,2.8065,308.12,0.38,0.43,2023-08-11,0212,N,VIIRS,n,2,291.37,0.59,N,0
43.52514,-5.73018,310.93,0.41,0.37,2023-08-11,0212,N,VIIRS,n,2,290.32,2.91,N,2
40.08939,-4.30116,337.06,0.38,0.36,2023-08-11,0213,N,VIIRS,n,2,294.57,1.3,N,0
39.91372,-2.79911,302.34,0.4,0.37,2023-08-11,0213,N,VIIRS,n,2,291.3,0.77,N,0
39.93515,-3.74455,309.21,0.39,0.36,2023-08-11,0213,N,VIIRS,n,2,294.19,1.13,N,2
40.24599,-3.4765,325.46,0.39,0.36,2023-08-11,0213,N,VIIRS,n,2,296.99,3.39,N,2
41.31172,1.65835,307.46,0.53,0.42,2023-08-11,0213,N,VIIRS,n,2,291.65,1.49,N,2
41.31548,1.65971,306.41,0.53,0.42,2023-08-11,0213,N,VIIRS,n,2,292.68,1.49,N,2
41.40805,1.9992,304.59,0.54,0.42,2023-08-11,0213,N,VIIRS,n,2,292.36,0.76,N,2
41.92382,0.17822,314.06,0.45,0.39,2023-08-11,0213,N,VIIRS,n,2,292.92,1.8,N,2
39.93844,-3.74364,304.36,0.39,0.36,2023-08-11,0213,N,VIIRS,n,2,293.1,0.79,N,2
40.08868,-4.2967,304.39,0.38,0.36,2023-08-11,0213,N,VIIRS,n,2,292.56,1.3,N,0
40.09267,-4.30028,302.33,0.38,0.36,2023-08-11,0213,N,VIIRS,n,2,292.29,1.3,N,0
37.361,-5.86574,315.47,0.39,0.36,2023-08-11,0214,N,VIIRS,n,2,298.15,1.74,N,2
37.66597,-5.16242,313.68,0.38,0.36,2023-08-11,0214,N,VIIRS,n,2,295.75,0.91,N,0
37.41436,-5.75208,304.39,0.38,0.36,2023-08-11,0214,N,VIIRS,n,2,293.68,0.62,N,0
42.14857,0.92145,336.81,0.34,0.56,2023-08-11,1336,N,VIIRS,n,2,306.75,1.86,D,0
42.14778,0.92094,333.87,0.34,0.56,2023-08-11,1336,N,VIIRS,l,2,306.32,1.95,D,0
43.52851,-5.72959,334.21,0.5,0.41,2023-08-11,1337,N,VIIRS,n,2,303.74,3.87,D,2
43.52474,-5.72885,337.38,0.5,0.41,2023-08-11,1337,N,VIIRS,n,2,304.16,3.88,D,2
43.52792,-5.73094,337.7,0.5,0.41,2023-08-11,1337,N,VIIRS,n,2,303.6,4.31,D,2
42.00616,-4.83973,310.27,0.53,0.42,2023-08-12,0154,N,VIIRS,n,2,288.95,2.13,N,0
42.14618,0.92126,307.22,0.38,0.36,2023-08-12,0154,N,VIIRS,n,2,291.32,0.52,N,0
41.75811,1.86925,340.25,0.39,0.36,2023-08-12,0154,N,VIIRS,n,2,293.29,5.14,N,0
41.75482,1.86828,304.4,0.39,0.36,2023-08-12,0154,N,VIIRS,n,2,291.83,1.01,N,0
41.31214,1.65981,317.36,0.39,0.36,2023-08-12,0154,N,VIIRS,n,2,294.6,1.36,N,2
41.31139,1.66438,308.66,0.39,0.36,2023-08-12,0154,N,VIIRS,n,2,293.6,1.36,N,2
42.01003,-4.83898,321.4,0.53,0.42,2023-08-12,0154,N,VIIRS,n,2,289.23,2.13,N,0
41.47342,-1.48676,306.17,0.41,0.37,2023-08-12,0154,N,VIIRS,n,2,293.31,0.92,N,2
40.57589,0.54249,309.12,0.38,0.36,2023-08-12,0154,N,VIIRS,n,2,296.31,1.13,N,2
40.24371,-3.47321,329.1,0.45,0.39,2023-08-12,0154,N,VIIRS,n,2,297.89,3.78,N,2
39.93565,-3.744,310.04,0.46,0.39,2023-08-12,0154,N,VIIRS,n,2,297.05,1.4,N,2
38.3772,-0.5444,313.92,0.38,0.36,2023-08-12,0155,N,VIIRS,n,2,297.44,1.48,N,2
37.66629,-5.16071,314.91,0.49,0.4,2023-08-12,0155,N,VIIRS,n,2,295.52,0.92,N,0
39.38312,-2.21523,307.63,0.41,0.37,2023-08-12,0155,N,VIIRS,n,2,292.96,0.66,N,0
42.01145,-4.84234,302.54,0.77,0.77,2023-08-12,0334,N,VIIRS,n,2,286.01,1.82,N,0
42.00683,-4.84079,311.06,0.77,0.77,2023-08-12,0334,N,VIIRS,n,2,286.15,1.82,N,0
42.00909,-4.83781,337.32,0.39,0.36,2023-08-12,1317,N,VIIRS,l,2,312.11,2.42,D,0
41.31148,1.6612,332.27,0.41,0.45,2023-08-12,1317,N,VIIRS,l,2,305.86,2.03,D,2
40.24551,-3.47462,345.53,0.4,0.37,2023-08-12,1317,N,VIIRS,l,2,318.93,7.76,D,2
40.16666,-3.81796,342.36,0.39,0.36,2023-08-12,1317,N,VIIRS,l,2,317.29,0.73,D,0
43.34549,-8.43526,329.26,0.4,0.37,2023-08-12,1318,N,VIIRS,l,2,303.45,1.77,D,2
39.93842,-3.74557,304.94,0.5,0.49,2023-08-13,0135,N,VIIRS,n,2,294.58,1.63,N,2
40.24349,-3.47696,326.97,0.49,0.49,2023-08-13,0135,N,VIIRS,n,2,296.56,3.63,N,2
41.52765,1.80672,303.85,0.44,0.39,2023-08-13,0135,N,VIIRS,n,2,291.9,0.69,N,2
37.1531,-3.42335,339.95,0.45,0.47,2023-08-13,0136,N,VIIRS,n,2,294.41,24.72,N,0
37.66647,-5.16095,309.13,0.57,0.52,2023-08-13,0136,N,VIIRS,n,2,295.49,1,N,0
38.24322,-3.04888,306.38,0.44,0.46,2023-08-13,0136,N,VIIRS,n,2,294.25,1.16,N,0
37.15262,-3.41805,334.85,0.45,0.47,2023-08-13,0136,N,VIIRS,n,2,296.41,24.72,N,0
37.15686,-3.41633,320.22,0.45,0.47,2023-08-13,0136,N,VIIRS,n,2,306.62,46.88,N,0
37.35788,-6.67454,308.51,0.34,0.56,2023-08-13,0136,N,VIIRS,n,2,296.42,1.03,N,2
37.15734,-3.42169,340.13,0.45,0.47,2023-08-13,0136,N,VIIRS,n,2,299.95,46.88,N,0
37.66592,-5.1668,303.5,0.6,0.7,2023-08-13,0316,N,VIIRS,n,2,293.24,1.12,N,0
40.24327,-3.47808,309.32,0.61,0.71,2023-08-13,0316,N,VIIRS,n,2,292.36,2.04,N,2
37.66581,-5.16595,304.22,0.6,0.71,2023-08-13,0316,N,VIIRS,n,2,293.69,1.26,N,0
38.98264,-0.15172,335.67,0.38,0.36,2023-08-13,1257,N,VIIRS,n,2,302.22,2.4,D,0
40.12971,-4.41845,349.12,0.46,0.39,2023-08-13,1258,N,VIIRS,n,2,317.86,13.07,D,0
41.66066,-0.80833,351.45,0.38,0.36,2023-08-13,1258,N,VIIRS,n,2,309.96,4.02,D,0
41.66465,-0.80464,339.15,0.38,0.36,2023-08-13,1258,N,VIIRS,l,2,309.99,6.45,D,0
41.66395,-0.80922,339.93,0.38,0.36,2023-08-13,1258,N,VIIRS,n,2,309.83,4.02,D,0
41.84725,-4.97305,339.1,0.45,0.39,2023-08-13,1258,N,VIIRS,l,2,314.03,3.38,D,0
38.84367,-7.01066,341.34,0.41,0.45,2023-08-13,1258,N,VIIRS,n,2,313.41,4.46,D,0
40.12617,-4.41729,346.88,0.46,0.39,2023-08-13,1258,N,VIIRS,n,2,316.55,7.28,D,0
39.20029,-0.50314,341.61,0.38,0.36,2023-08-13,1258,N,VIIRS,n,2,306.44,3.29,D,0
41.31231,1.66283,337.71,0.41,0.37,2023-08-13,1258,N,VIIRS,l,2,308.28,2.89,D,2
41.4749,-1.4889,303.79,0.35,0.57,2023-08-14,0116,N,VIIRS,n,2,291.89,0.41,N,2
42.58347,-5.87349,304.69,0.6,0.71,2023-08-14,0116,N,VIIRS,n,2,286.9,1.36,N,0
42.06816,-1.73597,340.02,0.37,0.58,2023-08-14,0116,N,VIIRS,n,2,291.4,3.67,N,0
41.47343,-1.48899,304.12,0.35,0.57,2023-08-14,0116,N,VIIRS,n,2,291.34,0.5,N,2
40.24692,-3.47316,308.66,0.44,0.62,2023-08-14,0116,N,VIIRS,n,2,291.64,1.18,N,2
40.24713,-3.4786,307.99,0.44,0.62,2023-08-14,0116,N,VIIRS,n,2,292.02,1.18,N,2
37.66569,-5.16692,304.39,0.52,0.67,2023-08-14,0117,N,VIIRS,n,2,292.08,1.08,N,0
38.66727,-4.04768,302.88,0.46,0.63,2023-08-14,0117,N,VIIRS,n,2,291.8,1.37,N,2
38.66751,-4.05318,321.15,0.46,0.63,2023-08-14,0117,N,VIIRS,n,2,292.95,1.37,N,2
38.66159,-4.05381,302.8,0.46,0.63,2023-08-14,0117,N,VIIRS,n,2,288.76,1.37,N,0
38.66494,-4.05256,331.01,0.46,0.63,2023-08-14,0117,N,VIIRS,n,2,290.67,3.08,N,2
41.31291,1.66301,302.51,0.59,0.7,2023-08-14,0256,N,VIIRS,n,2,288.97,1.39,N,2
42.58287,-5.87637,305.64,0.48,0.48,2023-08-14,0256,N,VIIRS,n,2,287.65,1.29,N,0
42.06968,-1.73709,317.18,0.39,0.59,2023-08-14,0256,N,VIIRS,n,2,289.71,1.91,N,0
43.53926,-5.82988,301.16,0.46,0.47,2023-08-14,0256,N,VIIRS,n,2,287.43,1.18,N,2
43.54235,-5.82966,304.25,0.46,0.47,2023-08-14,0256,N,VIIRS,n,2,287.48,2.33,N,2
39.93737,-3.74665,303.88,0.35,0.57,2023-08-14,0257,N,VIIRS,n,2,291.15,1.03,N,2
41.4608,-5.80616,308.89,0.51,0.5,2023-08-14,0257,N,VIIRS,n,2,288.82,0.91,N,0
40.24538,-3.47274,325.23,0.36,0.57,2023-08-14,0257,N,VIIRS,n,2,293.78,1.89,N,2
41.46517,-5.80416,304.74,0.51,0.5,2023-08-14,0257,N,VIIRS,n,2,288.75,0.91,N,0
40.24538,-3.47495,331.12,0.36,0.57,2023-08-14,0257,N,VIIRS,n,2,294.45,2.09,N,2
37.66602,-5.16373,316.97,0.34,0.56,2023-08-14,0258,N,VIIRS,n,2,292.08,0.83,N,0
37.66664,-5.16315,312.3,0.34,0.56,2023-08-14,0258,N,VIIRS,n,2,292.05,0.54,N,0
37.36124,-5.86625,306.07,0.32,0.55,2023-08-14,0258,N,VIIRS,n,2,294.18,1.09,N,2
41.31364,1.6627,335.49,0.41,0.37,2023-08-14,1239,N,VIIRS,l,2,305.92,2.16,D,2
40.24684,-3.47373,341.46,0.44,0.46,2023-08-14,1239,N,VIIRS,n,2,314.47,4.45,D,2
42.43671,-2.27762,336.77,0.53,0.42,2023-08-14,1240,N,VIIRS,n,2,303.9,2.81,D,0
42.86723,-2.67279,331.25,0.54,0.42,2023-08-14,1240,N,VIIRS,l,2,304.13,2.83,D,0
42.86676,-2.67153,340.1,0.54,0.42,2023-08-14,1240,N,VIIRS,n,2,304.59,3.16,D,0
42.58617,-5.87226,341.93,0.51,0.49,2023-08-14,1240,N,VIIRS,n,2,305.51,4.45,D,0
42.58403,-5.87591,338.65,0.51,0.49,2023-08-14,1240,N,VIIRS,n,2,305.84,6.1,D,0
40.24575,-3.47667,312.93,0.78,0.78,2023-08-15,0057,N,VIIRS,n,2,290.77,2.14,N,2
40.24607,-3.48073,309.61,0.78,0.78,2023-08-15,0057,N,VIIRS,n,2,290.67,2.49,N,2
43.44112,-3.84277,303.4,0.52,0.42,2023-08-15,0237,N,VIIRS,n,2,288.76,0.79,N,2
39.9363,-3.74644,312.96,0.41,0.45,2023-08-15,0238,N,VIIRS,n,2,292.55,1.74,N,2
40.57534,0.54054,302.49,0.32,0.55,2023-08-15,0238,N,VIIRS,n,2,291.15,0.72,N,2
41.46326,-5.80662,299.32,0.47,0.4,2023-08-15,0238,N,VIIRS,n,2,284.04,0.68,N,0
38.37541,-0.54529,308.88,0.32,0.55,2023-08-15,0238,N,VIIRS,n,2,293.64,0.85,N,2
40.24535,-3.47335,332.67,0.42,0.45,2023-08-15,0238,N,VIIRS,n,2,295.47,4.4,N,2
37.80864,-4.96377,301.63,0.4,0.44,2023-08-15,0239,N,VIIRS,n,2,290.94,0.62,N,0
36.18008,-5.42418,306.84,0.41,0.45,2023-08-15,0239,N,VIIRS,n,2,294.75,1.18,N,0
37.66874,-5.16328,310.07,0.39,0.44,2023-08-15,0239,N,VIIRS,n,2,291.16,0.75,N,0
38.6656,-4.04716,347.63,0.42,0.46,2023-08-15,0239,N,VIIRS,n,2,291.23,6.93,N,2
40.24376,-3.47107,335.88,0.38,0.59,2023-08-15,1220,N,VIIRS,l,2,310.66,3.14,D,0
37.42076,-6.44386,351.51,0.54,0.51,2023-08-15,1400,N,VIIRS,n,2,319.4,24.17,D,0
40.24437,-3.47287,344.77,0.41,0.61,2023-08-15,1401,N,VIIRS,n,2,311.25,4.54,D,2
40.24588,-3.47373,314.79,0.41,0.37,2023-08-16,0219,N,VIIRS,n,2,281.48,1.94,N,2
39.93789,-3.74483,311.43,0.41,0.37,2023-08-16,0219,N,VIIRS,n,2,293.16,1.52,N,2
40.04824,-4.19287,302.04,0.4,0.37,2023-08-16,0219,N,VIIRS,n,2,287.88,0.66,N,0
40.0549,-4.1909,299.73,0.4,0.37,2023-08-16,0219,N,VIIRS,n,2,288.08,0.78,N,0
40.2425,-3.47474,296.65,0.41,0.37,2023-08-16,0219,N,VIIRS,n,2,278.39,0.79,N,2
36.96712,-1.90775,310.75,0.52,0.41,2023-08-16,0220,N,VIIRS,n,2,296.3,1.42,N,2
36.96547,-1.90744,305.58,0.52,0.41,2023-08-16,0220,N,VIIRS,n,2,295.3,1.62,N,2
37.66693,-5.1648,307.19,0.4,0.37,2023-08-16,0220,N,VIIRS,n,2,292.23,0.47,N,0
37.30099,-5.56018,304.57,0.39,0.36,2023-08-16,0220,N,VIIRS,n,2,291,0.61,N,0
39.07216,-2.15033,297.45,0.47,0.4,2023-08-16,0220,N,VIIRS,n,2,283.08,0.71,N,0
28.38435,-16.4199,306.12,0.46,0.47,2023-08-16,0223,N,VIIRS,n,2,293.21,3.99,N,0
28.37787,-16.44205,356.35,0.46,0.47,2023-08-16,0223,N,VIIRS,n,2,296.89,29.5,N,0
28.37828,-16.44602,367,0.46,0.47,2023-08-16,0223,N,VIIRS,h,2,293.1,29.5,N,0
28.37872,-16.45015,329.68,0.46,0.47,2023-08-16,0223,N,VIIRS,n,2,286.62,3.15,N,0
28.37967,-16.41741,305.49,0.46,0.47,2023-08-16,0223,N,VIIRS,n,2,292.25,1.77,N,0
28.38011,-16.42157,310.73,0.46,0.47,2023-08-16,0223,N,VIIRS,n,2,293.13,1.77,N,0
28.38052,-16.42542,319.34,0.46,0.47,2023-08-16,0223,N,VIIRS,n,2,293.23,46.07,N,0
28.38308,-16.44954,314.36,0.46,0.47,2023-08-16,0223,N,VIIRS,n,2,286.3,3.15,N,0
28.35905,-16.43122,304.73,0.46,0.47,2023-08-16,0223,N,VIIRS,n,2,291.68,1.86,N,0
28.35946,-16.43508,308.66,0.46,0.47,2023-08-16,0223,N,VIIRS,n,2,292.56,1.86,N,0
28.35986,-16.43888,316.22,0.46,0.47,2023-08-16,0223,N,VIIRS,n,2,294.42,49.1,N,0
28.36064,-16.4463,315.76,0.46,0.47,2023-08-16,0223,N,VIIRS,n,2,294.37,14.67,N,0
28.36101,-16.44982,308.94,0.46,0.47,2023-08-16,0223,N,VIIRS,n,2,294.47,14.67,N,0
28.36025,-16.44264,367,0.46,0.47,2023-08-16,0223,N,VIIRS,h,2,297.05,49.1,N,0
28.36293,-16.42612,305.69,0.46,0.47,2023-08-16,0223,N,VIIRS,n,2,291.37,2.56,N,0
28.36335,-16.43004,309.71,0.46,0.47,2023-08-16,0223,N,VIIRS,n,2,291.53,1.86,N,0
28.36375,-16.43388,317.93,0.46,0.47,2023-08-16,0223,N,VIIRS,n,2,291.8,1.86,N,0
28.36571,-16.45251,310.24,0.46,0.47,2023-08-16,0223,N,VIIRS,n,2,292.91,2.01,N,0
28.3661,-16.45618,304.11,0.46,0.47,2023-08-16,0223,N,VIIRS,n,2,292.7,2.01,N,0
28.36415,-16.43767,355.17,0.46,0.47,2023-08-16,0223,N,VIIRS,n,2,295.15,49.1,N,0
28.36455,-16.44145,367,0.46,0.47,2023-08-16,0223,N,VIIRS,h,2,350.22,49.1,N,0
28.36494,-16.44519,354.21,0.46,0.47,2023-08-16,0223,N,VIIRS,n,2,310.43,14.67,N,0
28.36533,-16.44887,320.68,0.46,0.47,2023-08-16,0223,N,VIIRS,n,2,294.11,14.67,N,0
28.38356,-16.45412,306.35,0.46,0.47,2023-08-16,0223,N,VIIRS,n,2,289.5,3.15,N,0
28.38093,-16.42928,334.4,0.46,0.47,2023-08-16,0223,N,VIIRS,n,2,292.66,46.07,N,0
28.36681,-16.42103,304.41,0.46,0.47,2023-08-16,0223,N,VIIRS,n,2,290.44,1.42,N,0
28.37045,-16.45555,309.15,0.46,0.47,2023-08-16,0223,N,VIIRS,n,2,291.95,3.24,N,0
28.36805,-16.43271,339.56,0.46,0.47,2023-08-16,0223,N,VIIRS,n,2,292.9,15.19,N,0
28.36845,-16.4365,354.03,0.46,0.47,2023-08-16,0223,N,VIIRS,n,2,317.5,48.93,N,0
28.36884,-16.44025,357.64,0.46,0.47,2023-08-16,0223,N,VIIRS,n,2,319.69,48.93,N,0
28.36924,-16.444,367,0.46,0.47,2023-08-16,0223,N,VIIRS,h,2,337.19,59.48,N,0
28.36963,-16.44778,349.32,0.46,0.47,2023-08-16,0223,N,VIIRS,n,2,294.87,59.48,N,0
28.37541,-16.41881,306.67,0.46,0.47,2023-08-16,0223,N,VIIRS,n,2,291.86,1.77,N,0
28.37583,-16.42278,314.6,0.46,0.47,2023-08-16,0223,N,VIIRS,n,2,292.9,1.77,N,0
28.37918,-16.45446,311.12,0.46,0.47,2023-08-16,0223,N,VIIRS,n,2,290.11,3.15,N,0
28.37623,-16.42658,341.83,0.46,0.47,2023-08-16,0223,N,VIIRS,n,2,297.51,46.07,N,0
28.37664,-16.43041,367,0.46,0.47,2023-08-16,0223,N,VIIRS,h,2,337.4,46.07,N,0
28.36723,-16.42497,309.46,0.46,0.47,2023-08-16,0223,N,VIIRS,n,2,290.94,1.42,N,0
28.36764,-16.42888,316.16,0.46,0.47,2023-08-16,0223,N,VIIRS,n,2,291.3,15.19,N,0
28.37004,-16.45166,322.23,0.46,0.47,2023-08-16,0223,N,VIIRS,n,2,292.4,3.24,N,0
28.37111,-16.41996,306.29,0.46,0.47,2023-08-16,0223,N,VIIRS,n,2,290.55,1.42,N,0
28.37153,-16.42386,313.29,0.46,0.47,2023-08-16,0223,N,VIIRS,n,2,291.42,1.42,N,0
28.37481,-16.45499,310.99,0.46,0.47,2023-08-16,0223,N,VIIRS,n,2,291.85,3.24,N,0
28.37526,-16.45922,303.73,0.46,0.47,2023-08-16,0223,N,VIIRS,n,2,291.26,2.72,N,0
28.37194,-16.42773,335.66,0.46,0.47,2023-08-16,0223,N,VIIRS,n,2,292.55,15.19,N,0
28.37234,-16.43155,356.5,0.46,0.47,2023-08-16,0223,N,VIIRS,n,2,300.54,15.19,N,0
28.37274,-16.43538,353.42,0.46,0.47,2023-08-16,0223,N,VIIRS,n,2,321.1,48.93,N,0
28.37315,-16.43918,367,0.46,0.47,2023-08-16,0223,N,VIIRS,h,2,310.44,48.93,N,0
28.37355,-16.44298,367,0.46,0.47,2023-08-16,0223,N,VIIRS,h,2,299.08,59.48,N,0
28.37396,-16.44687,357.25,0.46,0.47,2023-08-16,0223,N,VIIRS,n,2,294.73,59.48,N,0
28.37438,-16.45089,330.14,0.46,0.47,2023-08-16,0223,N,VIIRS,n,2,290.71,3.24,N,0
28.38135,-16.43318,367,0.46,0.47,2023-08-16,0223,N,VIIRS,h,2,296.2,179.03,N,0
28.38176,-16.43709,345.98,0.46,0.47,2023-08-16,0223,N,VIIRS,n,2,290.41,179.03,N,0
28.38218,-16.4411,337.29,0.46,0.47,2023-08-16,0223,N,VIIRS,n,2,288.59,29.5,N,0
28.38262,-16.44518,322.43,0.46,0.47,2023-08-16,0223,N,VIIRS,n,2,285.81,29.5,N,0
28.37745,-16.43815,367,0.46,0.47,2023-08-16,0223,N,VIIRS,h,2,324.53,179.03,N,0
28.3848,-16.42411,309.73,0.46,0.47,2023-08-16,0223,N,VIIRS,n,2,293.21,1.76,N,0
28.38523,-16.42817,315.48,0.46,0.47,2023-08-16,0223,N,VIIRS,n,2,291.96,1.76,N,0
28.38565,-16.43213,319.09,0.46,0.47,2023-08-16,0223,N,VIIRS,n,2,291.56,1.66,N,0
28.38606,-16.43603,315.53,0.46,0.47,2023-08-16,0223,N,VIIRS,n,2,290.65,1.66,N,0
28.3865,-16.44014,312.29,0.46,0.47,2023-08-16,0223,N,VIIRS,n,2,288.85,1.68,N,0
28.38695,-16.44441,309.89,0.46,0.47,2023-08-16,0223,N,VIIRS,n,2,286.45,1.68,N,0
28.38744,-16.44902,306.27,0.46,0.47,2023-08-16,0223,N,VIIRS,n,2,287.76,3.38,N,0
28.38949,-16.42672,304.25,0.46,0.47,2023-08-16,0223,N,VIIRS,n,2,291.14,1.76,N,0
28.38993,-16.43088,305.26,0.46,0.47,2023-08-16,0223,N,VIIRS,n,2,290.77,1.66,N,0
28.39037,-16.43499,304.68,0.46,0.47,2023-08-16,0223,N,VIIRS,n,2,290.34,1.66,N,0
28.39084,-16.43941,304.49,0.46,0.47,2023-08-16,0223,N,VIIRS,n,2,288.93,1.68,N,0
28.41026,-16.42013,350.76,0.56,0.51,2023-08-16,1339,N,VIIRS,n,2,299.39,23.37,D,0
28.40008,-16.3989,348.47,0.56,0.51,2023-08-16,1339,N,VIIRS,n,2,298.64,28.67,D,0
28.3835,-16.45271,367,0.56,0.52,2023-08-16,1339,N,VIIRS,l,2,334.23,58.4,D,0
28.38229,-16.45831,354.27,0.56,0.52,2023-08-16,1339,N,VIIRS,n,2,305.8,58.4,D,0
28.38467,-16.44732,351.13,0.56,0.52,2023-08-16,1339,N,VIIRS,n,2,306.88,70.91,D,0
28.39232,-16.41199,350.46,0.56,0.51,2023-08-16,1339,N,VIIRS,n,2,299.56,17.01,D,0
28.39317,-16.40808,347.52,0.56,0.51,2023-08-16,1339,N,VIIRS,n,2,316.04,45.35,D,0
28.39405,-16.40404,344.82,0.56,0.51,2023-08-16,1339,N,VIIRS,n,2,299.37,45.35,D,0
28.37659,-16.46181,356.35,0.56,0.52,2023-08-16,1339,N,VIIRS,n,2,311.96,66.74,D,0
28.37884,-16.45143,352.8,0.56,0.52,2023-08-16,1339,N,VIIRS,n,2,312.16,28.54,D,0
28.37992,-16.44646,349.58,0.56,0.52,2023-08-16,1339,N,VIIRS,n,2,308.89,66.69,D,0
28.38848,-16.40697,343.82,0.56,0.51,2023-08-16,1339,N,VIIRS,n,2,297.15,16.11,D,0
28.37774,-16.45651,367,0.56,0.52,2023-08-16,1339,N,VIIRS,h,2,314.35,28.54,D,0
28.38764,-16.41087,367,0.56,0.51,2023-08-16,1339,N,VIIRS,h,2,304.39,31.53,D,0
28.37075,-16.46593,340.25,0.56,0.52,2023-08-16,1339,N,VIIRS,n,2,310.93,66.74,D,0
28.37305,-16.45535,355.4,0.56,0.52,2023-08-16,1339,N,VIIRS,n,2,311.11,28.54,D,0
28.37409,-16.45057,337.8,0.56,0.52,2023-08-16,1339,N,VIIRS,n,2,303.52,28.54,D,0
28.38139,-16.417,354.24,0.56,0.51,2023-08-16,1339,N,VIIRS,n,2,298.76,31.53,D,0
28.3826,-16.41142,351.46,0.56,0.51,2023-08-16,1339,N,VIIRS,n,2,304.08,31.53,D,0
28.37203,-16.46006,367,0.56,0.52,2023-08-16,1339,N,VIIRS,h,2,318.41,66.74,D,0
28.36735,-16.45887,351.38,0.56,0.52,2023-08-16,1339,N,VIIRS,l,2,329.08,215.38,D,0
28.40642,-16.40049,340.97,0.56,0.51,2023-08-16,1339,N,VIIRS,n,2,296.55,10.62,D,0
28.40519,-16.406,343.52,0.56,0.51,2023-08-16,1339,N,VIIRS,n,2,298.29,10.62,D,0
28.40212,-16.41986,333.8,0.56,0.51,2023-08-16,1339,N,VIIRS,n,2,302.88,12.58,D,0
28.40094,-16.42514,349.28,0.56,0.51,2023-08-16,1339,N,VIIRS,n,2,304.54,12.58,D,0
28.41008,-16.40621,344.34,0.56,0.51,2023-08-16,1339,N,VIIRS,n,2,297.75,10.62,D,0
28.4089,-16.41154,344.87,0.56,0.51,2023-08-16,1339,N,VIIRS,n,2,300.61,16.85,D,0
28.4078,-16.41647,347,0.56,0.51,2023-08-16,1339,N,VIIRS,n,2,304.46,16.85,D,0
28.40673,-16.42128,339.95,0.56,0.51,2023-08-16,1339,N,VIIRS,n,2,301.96,12.58,D,0
28.41365,-16.41234,340.53,0.56,0.51,2023-08-16,1339,N,VIIRS,n,2,296,20.9,D,0
28.41251,-16.41747,355.12,0.56,0.51,2023-08-16,1339,N,VIIRS,n,2,299.39,20.9,D,0
28.41128,-16.423,335.72,0.56,0.51,2023-08-16,1339,N,VIIRS,n,2,297.4,6.61,D,0
28.40392,-16.4039,367,0.56,0.51,2023-08-16,1339,N,VIIRS,h,2,300.94,13.44,D,0
28.40515,-16.39816,332.75,0.56,0.51,2023-08-16,1339,N,VIIRS,n,2,295.05,11.38,D,0
28.4028,-16.40908,332.83,0.56,0.51,2023-08-16,1339,N,VIIRS,n,2,297.7,13.44,D,0
28.39991,-16.42242,343.29,0.56,0.51,2023-08-16,1339,N,VIIRS,n,2,303.52,11.43,D,0
28.38801,-16.45473,330.96,0.56,0.52,2023-08-16,1339,N,VIIRS,n,2,297.92,58.4,D,0
28.39704,-16.41294,333.81,0.56,0.51,2023-08-16,1339,N,VIIRS,n,2,296.98,17.01,D,0
28.39794,-16.40881,343.24,0.56,0.51,2023-08-16,1339,N,VIIRS,n,2,297.39,45.35,D,0
28.39875,-16.42781,343.1,0.56,0.51,2023-08-16,1339,N,VIIRS,n,2,300.76,11.43,D,0
28.4088,-16.40405,338.42,0.56,0.51,2023-08-16,1339,N,VIIRS,n,2,295.57,13.44,D,0
28.40765,-16.4094,348.26,0.56,0.51,2023-08-16,1339,N,VIIRS,n,2,301.71,13.44,D,0
28.40658,-16.41438,334.27,0.56,0.51,2023-08-16,1339,N,VIIRS,n,2,300.81,10.4,D,0
28.40559,-16.41893,336.54,0.56,0.51,2023-08-16,1339,N,VIIRS,n,2,302.13,10.4,D,0
28.40446,-16.42421,336.46,0.56,0.51,2023-08-16,1339,N,VIIRS,n,2,300.81,11.43,D,0
28.41135,-16.41508,356.46,0.56,0.51,2023-08-16,1339,N,VIIRS,n,2,305.25,23.37,D,0
28.39892,-16.40426,355.93,0.56,0.51,2023-08-16,1339,N,VIIRS,n,2,304,45.35,D,0
28.35577,-16.46659,350.2,0.56,0.52,2023-08-16,1339,N,VIIRS,n,2,297.85,7.41,D,0
28.35688,-16.46151,336.72,0.56,0.52,2023-08-16,1339,N,VIIRS,n,2,296,6.94,D,0
28.36246,-16.43596,354.2,0.56,0.51,2023-08-16,1339,N,VIIRS,n,2,299.49,6.6,D,0
28.36291,-16.47932,332.22,0.56,0.52,2023-08-16,1339,N,VIIRS,n,2,298.48,145.65,D,0
28.36469,-16.47111,352.97,0.56,0.52,2023-08-16,1339,N,VIIRS,n,2,299.6,145.65,D,0
28.36831,-16.45447,356.48,0.56,0.52,2023-08-16,1339,N,VIIRS,n,2,308.96,24.38,D,0
28.36929,-16.44995,341.38,0.56,0.52,2023-08-16,1339,N,VIIRS,n,2,304.15,24.38,D,0
28.36626,-16.46384,367,0.56,0.52,2023-08-16,1339,N,VIIRS,h,2,332.25,215.38,D,0
28.3603,-16.46852,367,0.56,0.52,2023-08-16,1339,N,VIIRS,l,2,352.64,145.65,D,0
28.35878,-16.4755,349.89,0.56,0.52,2023-08-16,1339,N,VIIRS,n,2,299.83,145.65,D,0
28.36442,-16.44962,351.15,0.56,0.52,2023-08-16,1339,N,VIIRS,n,2,308.17,24.38,D,0
28.36538,-16.44522,344.4,0.56,0.52,2023-08-16,1339,N,VIIRS,n,2,303.73,22.7,D,0
28.36738,-16.43606,339.08,0.56,0.51,2023-08-16,1339,N,VIIRS,n,2,300.32,9.91,D,0
28.36259,-16.458,367,0.56,0.52,2023-08-16,1339,N,VIIRS,h,2,305.24,215.38,D,0
28.3635,-16.45384,367,0.56,0.52,2023-08-16,1339,N,VIIRS,h,2,304.82,24.38,D,0
28.35447,-16.4726,338.81,0.56,0.52,2023-08-16,1339,N,VIIRS,n,2,299.53,7.41,D,0
37.14929,-6.21025,346.66,0.48,0.4,2023-08-16,1341,N,VIIRS,n,2,318.26,11.45,D,0
39.14627,-5.47346,345.68,0.54,0.42,2023-08-16,1342,N,VIIRS,l,2,316.38,17.47,D,0
41.52979,1.8051,304,0.41,0.37,2023-08-17,0200,N,VIIRS,n,2,290.78,0.43,N,2
41.47544,-1.48687,307.35,0.39,0.36,2023-08-17,0200,N,VIIRS,n,2,293.81,0.81,N,2
37.66724,-5.16389,309.49,0.43,0.38,2023-08-17,0201,N,VIIRS,n,2,291.82,0.71,N,0
37.97716,-3.7158,306.32,0.4,0.37,2023-08-17,0201,N,VIIRS,n,2,293.36,0.43,N,0
40.24611,-3.47627,331.69,0.41,0.37,2023-08-17,0201,N,VIIRS,n,2,296.62,3.69,N,2
38.53405,-5.17657,320.53,0.44,0.38,2023-08-17,0201,N,VIIRS,n,2,291.2,1.43,N,0
39.93806,-3.74562,308.74,0.41,0.37,2023-08-17,0201,N,VIIRS,n,2,293.45,1.4,N,2
38.37491,-0.54333,308.61,0.39,0.36,2023-08-17,0201,N,VIIRS,n,2,295.24,0.98,N,2
38.53473,-5.17819,321.39,0.44,0.38,2023-08-17,0201,N,VIIRS,n,2,291.53,1.88,N,0
37.35876,-6.67569,301.42,0.48,0.4,2023-08-17,0201,N,VIIRS,n,2,291.18,0.9,N,2
36.96772,-1.90699,308.02,0.38,0.36,2023-08-17,0201,N,VIIRS,n,2,296.09,0.79,N,2
37.66646,-5.16175,309.09,0.43,0.38,2023-08-17,0201,N,VIIRS,n,2,291.96,0.88,N,0
36.17758,-5.4262,311.85,0.43,0.38,2023-08-17,0202,N,VIIRS,n,2,294.01,1.47,N,2
28.35957,-16.4489,367,0.45,0.63,2023-08-17,0204,N,VIIRS,h,2,307.54,34.22,N,0
28.3486,-16.45959,307.12,0.45,0.63,2023-08-17,0204,N,VIIRS,n,2,291.64,6.85,N,0
28.34942,-16.47077,305.87,0.45,0.63,2023-08-17,0204,N,VIIRS,n,2,291.34,5.92,N,0
28.34884,-16.46297,342.71,0.45,0.63,2023-08-17,0204,N,VIIRS,n,2,294.51,6.85,N,0
28.34912,-16.46672,341,0.45,0.63,2023-08-17,0204,N,VIIRS,n,2,296.65,5.92,N,0
28.35379,-16.4502,310.75,0.45,0.63,2023-08-17,0204,N,VIIRS,n,2,291.85,7.17,N,0
28.35398,-16.45287,306.07,0.45,0.63,2023-08-17,0204,N,VIIRS,n,2,292.66,2.99,N,0
28.35418,-16.45554,315.38,0.45,0.63,2023-08-17,0204,N,VIIRS,n,2,292.61,2.99,N,0
28.35484,-16.46443,319.11,0.45,0.63,2023-08-17,0204,N,VIIRS,n,2,298.2,5.92,N,0
28.35559,-16.47458,310.89,0.45,0.63,2023-08-17,0204,N,VIIRS,n,2,291.36,6.35,N,0
28.35338,-16.44471,328.78,0.44,0.63,2023-08-17,0204,N,VIIRS,n,2,291.03,6.88,N,0
28.35359,-16.4475,353.34,0.45,0.63,2023-08-17,0204,N,VIIRS,n,2,291.74,7.17,N,0
28.35437,-16.45818,351.44,0.45,0.63,2023-08-17,0204,N,VIIRS,n,2,296.9,6.85,N,0
28.35458,-16.46094,345.38,0.45,0.63,2023-08-17,0204,N,VIIRS,n,2,300.89,6.85,N,0
28.35517,-16.4689,343.54,0.45,0.63,2023-08-17,0204,N,VIIRS,n,2,296.51,5.92,N,0
28.3589,-16.43988,311.29,0.44,0.63,2023-08-17,0204,N,VIIRS,n,2,291.36,9.75,N,0
28.36019,-16.45725,314.84,0.45,0.63,2023-08-17,0204,N,VIIRS,n,2,295.92,4.32,N,0
28.3604,-16.46012,313.18,0.45,0.63,2023-08-17,0204,N,VIIRS,n,2,294.95,4.32,N,0
28.36068,-16.46381,306.61,0.45,0.63,2023-08-17,0204,N,VIIRS,n,2,294.39,2.52,N,0
28.35914,-16.44304,354.73,0.44,0.63,2023-08-17,0204,N,VIIRS,n,2,296.67,9.75,N,0
28.35936,-16.44607,367,0.45,0.63,2023-08-17,0204,N,VIIRS,h,2,313.53,34.22,N,0
28.35978,-16.45167,345.49,0.45,0.63,2023-08-17,0204,N,VIIRS,n,2,297.82,14.01,N,0
28.35998,-16.45444,351.47,0.45,0.63,2023-08-17,0204,N,VIIRS,n,2,298.26,14.01,N,0
28.36712,-16.47134,318.56,0.45,0.63,2023-08-17,0204,N,VIIRS,n,2,292.09,2.52,N,0
28.3644,-16.43473,339.77,0.44,0.63,2023-08-17,0204,N,VIIRS,n,2,292.41,5.82,N,0
28.36464,-16.43794,332.83,0.44,0.63,2023-08-17,0204,N,VIIRS,n,2,293.09,9.75,N,0
28.34788,-16.46206,307.81,0.45,0.63,2023-08-17,0204,N,VIIRS,n,2,292.36,7.21,N,0
28.3484,-16.46976,305,0.45,0.63,2023-08-17,0204,N,VIIRS,n,2,292.41,5.87,N,0
28.34813,-16.46576,367,0.45,0.63,2023-08-17,0204,N,VIIRS,h,2,296.75,7.21,N,0
28.35289,-16.44938,305.78,0.45,0.63,2023-08-17,0204,N,VIIRS,n,2,291.61,4,N,0
28.35345,-16.45739,318.98,0.45,0.63,2023-08-17,0204,N,VIIRS,n,2,292.8,7.61,N,0
28.35271,-16.44664,321.5,0.45,0.63,2023-08-17,0204,N,VIIRS,n,2,291.08,4.48,N,0
28.35364,-16.46012,367,0.45,0.63,2023-08-17,0204,N,VIIRS,h,2,301.04,7.21,N,0
28.35384,-16.46311,327.52,0.45,0.63,2023-08-17,0204,N,VIIRS,n,2,299.78,7.21,N,0
28.35413,-16.4673,330.24,0.45,0.63,2023-08-17,0204,N,VIIRS,n,2,298.25,5.87,N,0
28.35447,-16.4724,335.39,0.45,0.63,2023-08-17,0204,N,VIIRS,n,2,293.6,5.87,N,0
28.35967,-16.46231,319.89,0.45,0.63,2023-08-17,0204,N,VIIRS,n,2,295.85,4.26,N,0
28.35828,-16.44215,320.54,0.45,0.63,2023-08-17,0204,N,VIIRS,n,2,292.62,16.66,N,0
28.35849,-16.44518,351.92,0.45,0.63,2023-08-17,0204,N,VIIRS,n,2,309.36,16.66,N,0
28.35869,-16.4481,367,0.45,0.63,2023-08-17,0204,N,VIIRS,h,2,309.88,21.67,N,0
28.35888,-16.45086,367,0.45,0.63,2023-08-17,0204,N,VIIRS,h,2,300.63,21.67,N,0
28.35907,-16.45362,367,0.45,0.63,2023-08-17,0204,N,VIIRS,h,2,298.27,11.07,N,0
28.35926,-16.45639,333.6,0.45,0.63,2023-08-17,0204,N,VIIRS,n,2,296.65,11.07,N,0
28.35946,-16.45922,323.49,0.45,0.63,2023-08-17,0204,N,VIIRS,n,2,296.93,4.26,N,0
28.36358,-16.43378,308.12,0.44,0.63,2023-08-17,0204,N,VIIRS,n,2,289.94,4.9,N,0
28.36403,-16.44022,311.73,0.45,0.63,2023-08-17,0204,N,VIIRS,n,2,291.51,16.66,N,0
28.36593,-16.46792,306.52,0.45,0.63,2023-08-17,0204,N,VIIRS,n,2,291.82,2.16,N,0
28.36659,-16.47787,304.9,0.45,0.63,2023-08-17,0204,N,VIIRS,n,2,292.55,2.16,N,0
28.36381,-16.43701,346.01,0.44,0.63,2023-08-17,0204,N,VIIRS,n,2,293.83,4.9,N,0
28.37188,-16.46888,355.92,0.45,0.63,2023-08-17,0204,N,VIIRS,n,2,294.22,12.35,N,0
28.37254,-16.47867,367,0.45,0.63,2023-08-17,0204,N,VIIRS,h,2,295.41,12.35,N,0
28.37833,-16.47729,309.43,0.45,0.63,2023-08-17,0204,N,VIIRS,n,2,291.9,12.35,N,0
28.37734,-16.46269,350.31,0.45,0.63,2023-08-17,0204,N,VIIRS,n,2,294.56,14.18,N,0
28.37778,-16.46917,367,0.45,0.63,2023-08-17,0204,N,VIIRS,h,2,297.7,12.35,N,0
28.37931,-16.40648,302.32,0.44,0.63,2023-08-17,0204,N,VIIRS,n,2,290.94,3.73,N,0
28.37983,-16.4139,310.06,0.44,0.63,2023-08-17,0204,N,VIIRS,n,2,291.98,3.24,N,0
28.3838,-16.47116,304.16,0.45,0.63,2023-08-17,0204,N,VIIRS,n,2,291.04,3.23,N,0
28.37957,-16.41015,324.93,0.44,0.63,2023-08-17,0204,N,VIIRS,n,2,293.39,3.73,N,0
28.38011,-16.41785,325.24,0.44,0.63,2023-08-17,0204,N,VIIRS,n,2,292.9,3.24,N,0
28.38334,-16.46444,325.77,0.45,0.63,2023-08-17,0204,N,VIIRS,n,2,293.24,3.35,N,0
28.38527,-16.40761,312.87,0.44,0.63,2023-08-17,0204,N,VIIRS,n,2,293.18,3.73,N,0
28.38484,-16.40163,335.92,0.44,0.63,2023-08-17,0204,N,VIIRS,n,2,293.6,7.06,N,0
28.38506,-16.40464,348.7,0.44,0.63,2023-08-17,0204,N,VIIRS,n,2,295.86,3.73,N,0
28.39045,-16.39791,317.28,0.44,0.63,2023-08-17,0204,N,VIIRS,n,2,292.52,7.69,N,0
28.39088,-16.40401,310.42,0.44,0.63,2023-08-17,0204,N,VIIRS,n,2,293.18,4.51,N,0
28.39067,-16.40101,346.38,0.44,0.63,2023-08-17,0204,N,VIIRS,n,2,296.55,7.69,N,0
28.3967,-16.4034,305.9,0.44,0.63,2023-08-17,0204,N,VIIRS,n,2,292.53,4.51,N,0
28.39593,-16.39251,367,0.44,0.62,2023-08-17,0204,N,VIIRS,h,2,298.15,15.39,N,0
28.39621,-16.39642,341.15,0.44,0.63,2023-08-17,0204,N,VIIRS,n,2,293.82,7.69,N,0
28.39646,-16.40001,343.24,0.44,0.63,2023-08-17,0204,N,VIIRS,n,2,294.24,7.69,N,0
28.40132,-16.38569,303.96,0.44,0.62,2023-08-17,0204,N,VIIRS,n,2,291.28,6.55,N,0
28.40205,-16.396,305.92,0.44,0.63,2023-08-17,0204,N,VIIRS,n,2,292.7,4.33,N,0
28.40156,-16.38904,367,0.44,0.62,2023-08-17,0204,N,VIIRS,h,2,297.88,6.55,N,0
28.4018,-16.39246,329.79,0.44,0.63,2023-08-17,0204,N,VIIRS,n,2,295.86,4.33,N,0
28.40753,-16.39059,312.86,0.44,0.63,2023-08-17,0204,N,VIIRS,n,2,294.62,4.33,N,0
28.40777,-16.39397,312.34,0.44,0.63,2023-08-17,0204,N,VIIRS,n,2,294.85,4.33,N,0
28.40803,-16.39761,314.56,0.44,0.63,2023-08-17,0204,N,VIIRS,n,2,294.98,2.85,N,0
28.40832,-16.40159,308.81,0.44,0.63,2023-08-17,0204,N,VIIRS,n,2,293.28,2.85,N,0
28.4086,-16.40561,306.11,0.44,0.63,2023-08-17,0204,N,VIIRS,n,2,292.84,3.29,N,0
28.40707,-16.38415,355.13,0.44,0.62,2023-08-17,0204,N,VIIRS,n,2,297.44,6.55,N,0
28.4073,-16.38734,334.49,0.44,0.62,2023-08-17,0204,N,VIIRS,n,2,297.47,6.55,N,0
28.41466,-16.40829,310.72,0.44,0.63,2023-08-17,0204,N,VIIRS,n,2,291.54,13.16,N,0
28.41498,-16.41273,302.43,0.44,0.63,2023-08-17,0204,N,VIIRS,n,2,289.26,2.21,N,0
28.41286,-16.3832,340.32,0.44,0.62,2023-08-17,0204,N,VIIRS,n,2,296.27,17.78,N,0
28.4131,-16.3865,353.48,0.44,0.62,2023-08-17,0204,N,VIIRS,n,2,302.48,17.78,N,0
28.41334,-16.38983,367,0.44,0.63,2023-08-17,0204,N,VIIRS,h,2,305.84,31.8,N,0
28.41358,-16.39321,354.19,0.44,0.63,2023-08-17,0204,N,VIIRS,n,2,301.91,31.8,N,0
28.41383,-16.39666,340.04,0.44,0.63,2023-08-17,0204,N,VIIRS,n,2,301.5,16.62,N,0
28.36446,-16.4465,305.15,0.45,0.63,2023-08-17,0204,N,VIIRS,n,2,293.16,21.67,N,0
28.41409,-16.40025,347.97,0.44,0.63,2023-08-17,0204,N,VIIRS,n,2,303.46,16.62,N,0
28.41436,-16.40408,352.84,0.44,0.63,2023-08-17,0204,N,VIIRS,n,2,300.84,13.16,N,0
28.42053,-16.40826,317.62,0.44,0.63,2023-08-17,0204,N,VIIRS,n,2,291.68,13.16,N,0
28.42091,-16.41357,305.26,0.44,0.63,2023-08-17,0204,N,VIIRS,n,2,289.06,2.21,N,0
28.41865,-16.38216,347.34,0.44,0.62,2023-08-17,0204,N,VIIRS,n,2,293.54,17.78,N,0
28.41891,-16.3857,367,0.44,0.62,2023-08-17,0204,N,VIIRS,h,2,303.18,17.78,N,0
28.41916,-16.3892,367,0.44,0.63,2023-08-17,0204,N,VIIRS,h,2,304.98,31.8,N,0
28.41941,-16.39268,351.2,0.44,0.63,2023-08-17,0204,N,VIIRS,n,2,301.19,31.8,N,0
28.41966,-16.39618,352.2,0.44,0.63,2023-08-17,0204,N,VIIRS,n,2,300.84,16.62,N,0
28.41992,-16.39975,367,0.44,0.63,2023-08-17,0204,N,VIIRS,h,2,304.8,16.62,N,0
28.4202,-16.40362,367,0.44,0.63,2023-08-17,0204,N,VIIRS,h,2,302.29,13.16,N,0
28.42612,-16.40439,315.34,0.44,0.63,2023-08-17,0204,N,VIIRS,n,2,290.78,4.19,N,0
28.42652,-16.40987,306.6,0.44,0.63,2023-08-17,0204,N,VIIRS,n,2,289.87,4.19,N,0
28.42442,-16.3809,342.15,0.44,0.62,2023-08-17,0204,N,VIIRS,n,2,295.04,8.02,N,0
28.42469,-16.38464,351.06,0.44,0.62,2023-08-17,0204,N,VIIRS,n,2,297.04,8.02,N,0
28.42496,-16.38835,333.18,0.44,0.63,2023-08-17,0204,N,VIIRS,n,2,295.14,10.94,N,0
28.42523,-16.39205,348.65,0.44,0.63,2023-08-17,0204,N,VIIRS,n,2,297.42,10.94,N,0
28.4255,-16.39586,367,0.44,0.63,2023-08-17,0204,N,VIIRS,h,2,297.36,16.19,N,0
28.4258,-16.39997,354.52,0.44,0.63,2023-08-17,0204,N,VIIRS,n,2,293.75,16.19,N,0
28.3707,-16.47516,367,0.57,0.69,2023-08-17,0345,N,VIIRS,h,2,295.47,114.95,N,0
28.36792,-16.46457,349.16,0.57,0.69,2023-08-17,0345,N,VIIRS,n,2,305.99,117.54,N,0
28.38095,-16.46281,367,0.57,0.69,2023-08-17,0345,N,VIIRS,h,2,302.43,45.08,N,0
28.37965,-16.45783,341.6,0.57,0.69,2023-08-17,0345,N,VIIRS,n,2,297.18,45.08,N,0
28.38203,-16.46695,314.99,0.57,0.69,2023-08-17,0345,N,VIIRS,n,2,293.11,62.78,N,0
28.3779,-16.45111,307.12,0.57,0.69,2023-08-17,0345,N,VIIRS,n,2,291.96,2.52,N,0
28.37532,-16.44116,304.38,0.57,0.69,2023-08-17,0345,N,VIIRS,n,2,290.55,2.52,N,0
28.37704,-16.47364,320.35,0.57,0.69,2023-08-17,0345,N,VIIRS,n,2,292.7,62.78,N,0
28.37604,-16.46983,367,0.57,0.69,2023-08-17,0345,N,VIIRS,h,2,313.44,62.78,N,0
28.37503,-16.46598,367,0.57,0.69,2023-08-17,0345,N,VIIRS,h,2,316.78,45.08,N,0
28.37396,-16.46189,340.08,0.57,0.69,2023-08-17,0345,N,VIIRS,n,2,297.06,45.08,N,0
28.37801,-16.47733,307.13,0.57,0.69,2023-08-17,0345,N,VIIRS,n,2,291.67,5.4,N,0
28.37172,-16.45327,319.77,0.57,0.69,2023-08-17,0345,N,VIIRS,n,2,293.38,2.52,N,0
28.36848,-16.44078,312.01,0.57,0.69,2023-08-17,0345,N,VIIRS,n,2,291.57,2.52,N,0
28.3649,-16.42699,306.06,0.57,0.69,2023-08-17,0345,N,VIIRS,n,2,290.03,4.48,N,0
28.36981,-16.47174,367,0.57,0.69,2023-08-17,0345,N,VIIRS,h,2,340.96,114.95,N,0
28.34909,-16.46985,303.64,0.57,0.69,2023-08-17,0345,N,VIIRS,n,2,291.36,7.25,N,0
28.34678,-16.461,340.4,0.57,0.69,2023-08-17,0345,N,VIIRS,n,2,292.85,15.21,N,0
28.33823,-16.40244,306.38,0.57,0.69,2023-08-17,0345,N,VIIRS,n,2,288.52,2.81,N,0
28.34016,-16.40983,318.28,0.57,0.69,2023-08-17,0345,N,VIIRS,n,2,288.63,2.81,N,0
28.35571,-16.4694,302.28,0.57,0.69,2023-08-17,0345,N,VIIRS,n,2,289.74,7.25,N,0
28.34218,-16.41751,327.12,0.57,0.69,2023-08-17,0345,N,VIIRS,n,2,289.37,8.72,N,0
28.34436,-16.42588,336.61,0.57,0.69,2023-08-17,0345,N,VIIRS,n,2,291.33,8.72,N,0
28.34702,-16.43605,367,0.57,0.69,2023-08-17,0345,N,VIIRS,h,2,293.58,15.21,N,0
28.35418,-16.46355,355.3,0.57,0.69,2023-08-17,0345,N,VIIRS,n,2,296.76,15.21,N,0
28.34066,-16.38589,300.6,0.57,0.69,2023-08-17,0345,N,VIIRS,n,2,288.44,1.15,N,0
28.34258,-16.3932,304.68,0.57,0.69,2023-08-17,0345,N,VIIRS,n,2,287.99,1.15,N,0
28.34451,-16.40061,311.82,0.57,0.69,2023-08-17,0345,N,VIIRS,n,2,288.08,2.02,N,0
28.34648,-16.4081,317.47,0.57,0.69,2023-08-17,0345,N,VIIRS,n,2,288.65,2.02,N,0
28.36368,-16.47409,310.78,0.57,0.69,2023-08-17,0345,N,VIIRS,n,2,292.07,114.95,N,0
28.36455,-16.47738,305.37,0.57,0.69,2023-08-17,0345,N,VIIRS,n,2,292.16,114.95,N,0
28.34859,-16.41621,322.37,0.57,0.69,2023-08-17,0345,N,VIIRS,n,2,289.46,5.11,N,0
28.35102,-16.42549,336.91,0.57,0.69,2023-08-17,0345,N,VIIRS,n,2,290.92,5.11,N,0
28.35385,-16.43637,367,0.57,0.69,2023-08-17,0345,N,VIIRS,h,2,292.96,14.2,N,0
28.36016,-16.46067,342.92,0.57,0.69,2023-08-17,0345,N,VIIRS,n,2,291.61,14.2,N,0
28.36173,-16.46666,367,0.57,0.69,2023-08-17,0345,N,VIIRS,h,2,294.87,117.54,N,0
28.36277,-16.47061,367,0.57,0.69,2023-08-17,0345,N,VIIRS,h,2,295.08,117.54,N,0
28.34883,-16.39122,299.75,0.57,0.69,2023-08-17,0345,N,VIIRS,n,2,288.75,1.15,N,0
28.3509,-16.39914,300.82,0.57,0.69,2023-08-17,0345,N,VIIRS,n,2,288.96,2.02,N,0
28.35307,-16.40746,304.23,0.57,0.69,2023-08-17,0345,N,VIIRS,n,2,289.46,2.02,N,0
28.35538,-16.41631,308.98,0.57,0.69,2023-08-17,0345,N,VIIRS,n,2,290.2,5.11,N,0
28.35793,-16.42613,313.81,0.57,0.69,2023-08-17,0345,N,VIIRS,n,2,290.27,5.11,N,0
28.36117,-16.43858,317.39,0.57,0.69,2023-08-17,0345,N,VIIRS,n,2,291.21,14.2,N,0
28.3716,-16.47858,312.47,0.57,0.69,2023-08-17,0345,N,VIIRS,n,2,291.63,7.02,N,0
28.3725,-16.48198,303.29,0.57,0.69,2023-08-17,0345,N,VIIRS,n,2,290.96,7.02,N,0
28.36576,-16.45629,328.65,0.57,0.69,2023-08-17,0345,N,VIIRS,n,2,293.19,14.2,N,0
28.42774,-16.39675,337.97,0.57,0.69,2023-08-17,0345,N,VIIRS,n,2,293.39,6.43,N,0
28.42573,-16.38931,330.25,0.57,0.69,2023-08-17,0345,N,VIIRS,n,2,294.69,6.43,N,0
28.42346,-16.3809,309,0.57,0.69,2023-08-17,0345,N,VIIRS,n,2,292.16,3.96,N,0
28.42579,-16.3938,352.13,0.57,0.69,2023-08-17,0345,N,VIIRS,n,2,296.09,7.3,N,0
28.42358,-16.38536,321.69,0.57,0.69,2023-08-17,0345,N,VIIRS,n,2,294.31,7.3,N,0
28.42126,-16.37658,304.82,0.57,0.69,2023-08-17,0345,N,VIIRS,n,2,292.16,3.54,N,0
28.42179,-16.40423,309.55,0.57,0.69,2023-08-17,0345,N,VIIRS,n,2,291.91,3.98,N,0
28.41985,-16.39691,313.75,0.57,0.69,2023-08-17,0345,N,VIIRS,n,2,295.23,3.66,N,0
28.41733,-16.38733,319.01,0.57,0.69,2023-08-17,0345,N,VIIRS,n,2,295.1,3.66,N,0
28.41461,-16.377,303.75,0.57,0.69,2023-08-17,0345,N,VIIRS,n,2,291.72,2.66,N,0
28.4139,-16.39998,321.25,0.57,0.69,2023-08-17,0345,N,VIIRS,n,2,295.16,3.66,N,0
28.41579,-16.40712,317.44,0.57,0.69,2023-08-17,0345,N,VIIRS,n,2,291.17,3.98,N,0
28.41137,-16.39038,310.71,0.57,0.69,2023-08-17,0345,N,VIIRS,n,2,294.07,3.66,N,0
28.40813,-16.37811,314.79,0.57,0.69,2023-08-17,0345,N,VIIRS,n,2,292.09,2.66,N,0
28.3973,-16.38832,304.59,0.57,0.69,2023-08-17,0345,N,VIIRS,n,2,292.01,2.99,N,0
28.3922,-16.39459,305.1,0.57,0.69,2023-08-17,0345,N,VIIRS,n,2,291.13,1.41,N,0
28.3859,-16.39639,306.1,0.57,0.69,2023-08-17,0345,N,VIIRS,n,2,290.92,1.41,N,0
28.37793,-16.41727,304.16,0.57,0.69,2023-08-17,0345,N,VIIRS,n,2,290.33,1.4,N,0
28.38285,-16.46105,367,0.57,0.69,2023-08-17,0345,N,VIIRS,h,2,301.6,38,N,0
28.38152,-16.45607,330.04,0.57,0.69,2023-08-17,0345,N,VIIRS,n,2,294.97,9.21,N,0
28.38398,-16.46528,310.02,0.57,0.69,2023-08-17,0345,N,VIIRS,n,2,292.55,38,N,0
28.37814,-16.46867,367,0.57,0.69,2023-08-17,0345,N,VIIRS,h,2,301.82,38,N,0
28.37705,-16.46463,345.87,0.57,0.69,2023-08-17,0345,N,VIIRS,n,2,306.87,38,N,0
28.37574,-16.45972,330.54,0.57,0.69,2023-08-17,0345,N,VIIRS,n,2,294.65,9.21,N,0
28.38018,-16.47632,304.23,0.57,0.69,2023-08-17,0345,N,VIIRS,n,2,291.93,9.03,N,0
28.37918,-16.47255,311.9,0.57,0.69,2023-08-17,0345,N,VIIRS,n,2,291.92,9.03,N,0
28.3736,-16.45172,314.37,0.57,0.69,2023-08-17,0345,N,VIIRS,n,2,292.06,9.21,N,0
28.37047,-16.43999,308.74,0.57,0.69,2023-08-17,0345,N,VIIRS,n,2,290.45,1.98,N,0
28.36682,-16.42632,303.32,0.57,0.69,2023-08-17,0345,N,VIIRS,n,2,289.85,1.98,N,0
28.37287,-16.4742,367,0.57,0.69,2023-08-17,0345,N,VIIRS,h,2,299.25,66.54,N,0
28.36992,-16.46321,349.53,0.57,0.69,2023-08-17,0345,N,VIIRS,n,2,301.12,36.9,N,0
28.36739,-16.45375,323.16,0.57,0.69,2023-08-17,0345,N,VIIRS,n,2,292.65,36.9,N,0
28.37473,-16.48115,304.78,0.57,0.69,2023-08-17,0345,N,VIIRS,n,2,291.34,4.71,N,0
28.37383,-16.47777,315.61,0.57,0.69,2023-08-17,0345,N,VIIRS,n,2,292.2,66.54,N,0
28.36316,-16.43794,315.22,0.57,0.69,2023-08-17,0345,N,VIIRS,n,2,290.98,6.01,N,0
28.35982,-16.42544,310.04,0.57,0.69,2023-08-17,0345,N,VIIRS,n,2,290.53,6.01,N,0
28.35716,-16.41551,305.52,0.57,0.69,2023-08-17,0345,N,VIIRS,n,2,290.37,2.93,N,0
28.36577,-16.47287,339.27,0.57,0.69,2023-08-17,0345,N,VIIRS,n,2,292.83,318.65,N,0
28.36482,-16.46934,367,0.57,0.69,2023-08-17,0345,N,VIIRS,h,2,299.15,318.65,N,0
28.36379,-16.4655,367,0.57,0.69,2023-08-17,0345,N,VIIRS,h,2,299.31,36.9,N,0
28.36161,-16.45738,337.91,0.57,0.69,2023-08-17,0345,N,VIIRS,n,2,293.05,36.9,N,0
28.3558,-16.43569,340.57,0.57,0.69,2023-08-17,0345,N,VIIRS,n,2,292.08,6.01,N,0
28.35284,-16.42466,326.35,0.57,0.69,2023-08-17,0345,N,VIIRS,n,2,290.79,6.01,N,0
28.36755,-16.47952,306.32,0.57,0.69,2023-08-17,0345,N,VIIRS,n,2,291.71,66.54,N,0
28.36666,-16.4762,315.93,0.57,0.69,2023-08-17,0345,N,VIIRS,n,2,292.35,66.54,N,0
28.35036,-16.41539,316.9,0.57,0.69,2023-08-17,0345,N,VIIRS,n,2,289.43,2.93,N,0
28.34814,-16.40714,311.66,0.57,0.69,2023-08-17,0345,N,VIIRS,n,2,288.83,2.93,N,0
28.34607,-16.39943,306.99,0.57,0.69,2023-08-17,0345,N,VIIRS,n,2,288.38,1.94,N,0
28.34405,-16.39192,303.11,0.57,0.69,2023-08-17,0345,N,VIIRS,n,2,288.44,1.94,N,0
28.35592,-16.46132,367,0.57,0.69,2023-08-17,0345,N,VIIRS,h,2,293.64,12.42,N,0
28.3488,-16.43483,367,0.57,0.69,2023-08-17,0345,N,VIIRS,h,2,293.93,11.07,N,0
28.34604,-16.42454,341.18,0.57,0.69,2023-08-17,0345,N,VIIRS,n,2,290.76,11.07,N,0
28.34378,-16.41612,328.52,0.57,0.69,2023-08-17,0345,N,VIIRS,n,2,288.96,4.49,N,0
28.34174,-16.40853,321.03,0.57,0.69,2023-08-17,0345,N,VIIRS,n,2,288.27,4.49,N,0
28.35767,-16.46784,303.49,0.57,0.69,2023-08-17,0345,N,VIIRS,n,2,289.96,12.42,N,0
28.33976,-16.4012,310.88,0.57,0.69,2023-08-17,0345,N,VIIRS,n,2,288.25,2.52,N,0
28.33781,-16.39395,302.01,0.57,0.69,2023-08-17,0345,N,VIIRS,n,2,288.92,2.52,N,0
28.34884,-16.46011,352.36,0.57,0.69,2023-08-17,0345,N,VIIRS,n,2,296.39,12.42,N,0
28.35134,-16.4694,319.06,0.57,0.69,2023-08-17,0345,N,VIIRS,n,2,291.24,12.42,N,0
28.34264,-16.43706,309.82,0.57,0.69,2023-08-17,0345,N,VIIRS,n,2,291.29,11.07,N,0
28.3399,-16.42688,310.86,0.57,0.69,2023-08-17,0345,N,VIIRS,n,2,290.21,11.07,N,0
28.33758,-16.41829,306.84,0.57,0.69,2023-08-17,0345,N,VIIRS,n,2,289.48,4.49,N,0
28.34736,-16.49933,339.48,0.54,0.68,2023-08-17,1320,N,VIIRS,n,2,290.44,7.32,D,0
28.34892,-16.49321,345.18,0.54,0.68,2023-08-17,1320,N,VIIRS,n,2,291.18,20.51,D,0
28.3532,-16.47627,344.18,0.54,0.68,2023-08-17,1320,N,VIIRS,n,2,299.23,76.63,D,0
28.35484,-16.46981,348.07,0.54,0.67,2023-08-17,1320,N,VIIRS,n,2,311.17,76.63,D,0
28.35619,-16.46452,344.5,0.53,0.67,2023-08-17,1320,N,VIIRS,n,2,291.37,82.15,D,0
28.35124,-16.48401,367,0.54,0.68,2023-08-17,1320,N,VIIRS,h,2,292.1,20.51,D,0
28.35157,-16.45696,335.1,0.53,0.67,2023-08-17,1320,N,VIIRS,n,2,297.08,8,D,0
28.35575,-16.44063,355.73,0.53,0.67,2023-08-17,1320,N,VIIRS,n,2,297.62,15.49,D,0
28.34827,-16.4699,367,0.54,0.67,2023-08-17,1320,N,VIIRS,h,2,297.53,76.63,D,0
28.34508,-16.45668,337.91,0.53,0.67,2023-08-17,1320,N,VIIRS,n,2,298.47,9.44,D,0
28.34599,-16.45313,347.67,0.53,0.67,2023-08-17,1320,N,VIIRS,n,2,296.65,9.44,D,0
28.35012,-16.43704,342.48,0.53,0.67,2023-08-17,1320,N,VIIRS,n,2,295.3,19.78,D,0
28.34919,-16.44067,367,0.53,0.67,2023-08-17,1320,N,VIIRS,h,2,303.13,23.83,D,0
28.34615,-16.50407,331.14,0.54,0.68,2023-08-17,1320,N,VIIRS,n,2,289.12,7.32,D,0
28.40126,-16.38409,338.24,0.53,0.67,2023-08-17,1321,N,VIIRS,n,2,296.61,8.38,D,0
28.37827,-16.47278,367,0.53,0.67,2023-08-17,1321,N,VIIRS,h,2,297.56,21.57,D,0
28.34811,-16.43737,330.47,0.53,0.67,2023-08-17,1321,N,VIIRS,n,2,294.94,11.96,D,0
28.34718,-16.44094,349.87,0.53,0.67,2023-08-17,1321,N,VIIRS,n,2,298.37,11.96,D,0
28.34392,-16.45337,337.37,0.53,0.67,2023-08-17,1321,N,VIIRS,n,2,297.38,8.63,D,0
28.35372,-16.44104,367,0.53,0.67,2023-08-17,1321,N,VIIRS,h,2,302.4,11.96,D,0
28.35471,-16.43724,330.35,0.53,0.67,2023-08-17,1321,N,VIIRS,n,2,293.65,11.96,D,0
28.35034,-16.45394,332.59,0.53,0.67,2023-08-17,1321,N,VIIRS,n,2,294.63,8.63,D,0
28.3495,-16.45718,346.31,0.53,0.67,2023-08-17,1321,N,VIIRS,n,2,298.41,15.76,D,0
28.35276,-16.46985,367,0.53,0.67,2023-08-17,1321,N,VIIRS,h,2,299.95,114.26,D,0
28.35126,-16.4756,367,0.54,0.67,2023-08-17,1321,N,VIIRS,h,2,295.24,71.63,D,0
28.36144,-16.43659,337.81,0.53,0.67,2023-08-17,1321,N,VIIRS,n,2,295.19,9.51,D,0
28.35412,-16.46463,334.44,0.53,0.67,2023-08-17,1321,N,VIIRS,n,2,292.07,114.26,D,0
28.3496,-16.48195,343.65,0.54,0.68,2023-08-17,1321,N,VIIRS,n,2,293.13,71.63,D,0
28.34736,-16.49051,333.95,0.54,0.68,2023-08-17,1321,N,VIIRS,n,2,291.86,10.87,D,0
28.34546,-16.49781,331.86,0.54,0.68,2023-08-17,1321,N,VIIRS,n,2,291.28,10.87,D,0
28.36017,-16.46661,367,0.53,0.67,2023-08-17,1321,N,VIIRS,h,2,291.65,114.26,D,0
28.35832,-16.47372,367,0.53,0.67,2023-08-17,1321,N,VIIRS,h,2,327.2,114.26,D,0
28.35369,-16.49151,367,0.54,0.68,2023-08-17,1321,N,VIIRS,h,2,292.14,71.63,D,0
28.3519,-16.49836,355.2,0.54,0.68,2023-08-17,1321,N,VIIRS,n,2,290.68,10.87,D,0
28.35068,-16.50304,344.33,0.54,0.68,2023-08-17,1321,N,VIIRS,n,2,289.94,10.87,D,0
28.34942,-16.50784,335.35,0.54,0.68,2023-08-17,1321,N,VIIRS,n,2,288.52,16.46,D,0
28.35621,-16.48183,208,0.54,0.67,2023-08-17,1321,N,VIIRS,l,2,303.51,71.63,D,0
28.43738,-16.39598,367,0.53,0.67,2023-08-17,1321,N,VIIRS,h,2,299.08,25.85,D,0
28.42915,-16.4026,333.45,0.53,0.67,2023-08-17,1321,N,VIIRS,n,2,295.66,9.64,D,0
28.43046,-16.39748,333.85,0.53,0.67,2023-08-17,1321,N,VIIRS,n,2,296.43,9.64,D,0
28.43168,-16.39275,367,0.53,0.67,2023-08-17,1321,N,VIIRS,h,2,299.36,34.66,D,0
28.42789,-16.38211,367,0.53,0.67,2023-08-17,1321,N,VIIRS,h,2,302.92,33.55,D,0
28.3869,-16.46483,340.77,0.53,0.67,2023-08-17,1321,N,VIIRS,n,2,293.39,14.71,D,0
28.38853,-16.45856,367,0.53,0.67,2023-08-17,1321,N,VIIRS,h,2,294.1,14.71,D,0
28.37459,-16.487,338.28,0.53,0.67,2023-08-17,1321,N,VIIRS,n,2,290.65,16.08,D,0
28.36241,-16.48329,367,0.53,0.67,2023-08-17,1321,N,VIIRS,h,2,293.08,23.97,D,0
28.36535,-16.47197,353.53,0.53,0.67,2023-08-17,1321,N,VIIRS,n,2,295.37,23.97,D,0
28.36019,-16.4918,349.79,0.54,0.67,2023-08-17,1321,N,VIIRS,n,2,290.18,14.73,D,0
28.35852,-16.49821,342.32,0.54,0.68,2023-08-17,1321,N,VIIRS,n,2,289.15,14.73,D,0
28.35725,-16.50309,334.66,0.54,0.68,2023-08-17,1321,N,VIIRS,n,2,289.38,12.22,D,0
28.39313,-16.39028,333.18,0.53,0.67,2023-08-17,1321,N,VIIRS,n,2,294.61,9.72,D,0
28.39194,-16.39487,338.88,0.53,0.67,2023-08-17,1321,N,VIIRS,n,2,295.68,8.77,D,0
28.38019,-16.46539,355.32,0.53,0.67,2023-08-17,1321,N,VIIRS,n,2,296.06,21.57,D,0
37.52596,-5.20565,348.46,0.39,0.36,2023-08-17,1322,N,VIIRS,n,2,319.16,8.23,D,0
37.52925,-5.20641,347.19,0.39,0.36,2023-08-17,1322,N,VIIRS,n,2,318.98,15.88,D,0
41.92406,0.181,344.2,0.43,0.46,2023-08-17,1323,N,VIIRS,n,2,310.71,5.37,D,2
41.92479,0.17868,343.66,0.43,0.46,2023-08-17,1323,N,VIIRS,n,2,310.91,5.79,D,2
43.52921,-5.72632,334.25,0.4,0.37,2023-08-17,1324,N,VIIRS,n,2,299.68,14.06,D,2
43.52855,-5.73131,337.44,0.4,0.37,2023-08-17,1324,N,VIIRS,n,2,301.31,14.06,D,2
43.52861,-5.72944,348.88,0.4,0.37,2023-08-17,1324,N,VIIRS,n,2,303.62,13.3,D,2
43.52457,-5.73357,338.9,0.4,0.37,2023-08-17,1324,N,VIIRS,n,2,302.34,13.3,D,2
43.52524,-5.7286,339.19,0.4,0.37,2023-08-17,1324,N,VIIRS,n,2,301.46,13.3,D,2
42.47495,-6.97677,336.62,0.39,0.36,2023-08-17,1324,N,VIIRS,n,2,303.18,14.65,D,0
28.3406,-16.48353,354.22,0.48,0.64,2023-08-17,1501,N,VIIRS,n,2,314.15,9.87,D,0
28.36141,-16.47058,336.92,0.48,0.65,2023-08-17,1501,N,VIIRS,n,2,301.73,16.91,D,0
28.3612,-16.47398,335.02,0.48,0.65,2023-08-17,1501,N,VIIRS,n,2,302.84,16.91,D,0
28.36059,-16.48382,348.55,0.48,0.64,2023-08-17,1501,N,VIIRS,n,2,303.56,42.07,D,0
28.36079,-16.48056,367,0.48,0.65,2023-08-17,1501,N,VIIRS,l,2,329.9,54.71,D,0
28.36709,-16.47628,355.09,0.48,0.65,2023-08-17,1501,N,VIIRS,n,2,302.31,41.03,D,0
28.3669,-16.47946,349.37,0.48,0.65,2023-08-17,1501,N,VIIRS,n,2,317.18,41.03,D,0
28.37276,-16.48229,367,0.48,0.64,2023-08-17,1501,N,VIIRS,h,2,307.1,33.17,D,0
28.37295,-16.47921,353.36,0.48,0.65,2023-08-17,1501,N,VIIRS,n,2,307.36,41.03,D,0
28.37963,-16.46909,367,0.48,0.65,2023-08-17,1501,N,VIIRS,h,2,321.59,46.55,D,0
28.37918,-16.47627,367,0.48,0.65,2023-08-17,1501,N,VIIRS,h,2,304.69,83.55,D,0
28.37897,-16.47956,367,0.48,0.65,2023-08-17,1501,N,VIIRS,h,2,321.2,83.55,D,0
28.37988,-16.46512,342.92,0.48,0.65,2023-08-17,1501,N,VIIRS,n,2,296.38,57.76,D,0
28.3794,-16.47277,350.44,0.48,0.65,2023-08-17,1501,N,VIIRS,n,2,305.17,46.55,D,0
28.37862,-16.48516,346.55,0.48,0.64,2023-08-17,1501,N,VIIRS,n,2,303.81,71.35,D,0
28.42602,-16.40638,367,0.48,0.65,2023-08-17,1501,N,VIIRS,h,2,299.93,12.53,D,0
28.41986,-16.40775,367,0.48,0.65,2023-08-17,1501,N,VIIRS,h,2,303.05,12.53,D,0
28.38482,-16.48273,208,0.48,0.64,2023-08-17,1501,N,VIIRS,l,2,318.49,71.35,D,0
28.38462,-16.48582,335.05,0.48,0.64,2023-08-17,1501,N,VIIRS,n,2,299.06,71.35,D,0
28.38553,-16.47145,339.19,0.48,0.65,2023-08-17,1501,N,VIIRS,n,2,296.25,46.55,D,0
28.38578,-16.46744,351.31,0.48,0.65,2023-08-17,1501,N,VIIRS,n,2,299.01,46.55,D,0
28.38656,-16.455,343.69,0.48,0.65,2023-08-17,1501,N,VIIRS,n,2,297,27.8,D,0
28.38502,-16.47943,367,0.48,0.65,2023-08-17,1501,N,VIIRS,h,2,304.54,83.55,D,0
28.38603,-16.46348,367,0.48,0.65,2023-08-17,1501,N,VIIRS,h,2,309,57.76,D,0
28.38629,-16.4593,367,0.48,0.65,2023-08-17,1501,N,VIIRS,h,2,307.36,57.76,D,0
28.3788,-16.48238,351.94,0.48,0.64,2023-08-17,1501,N,VIIRS,l,2,343.49,71.35,D,0
28.37754,-16.47351,350.96,0.48,0.65,2023-08-17,1501,N,VIIRS,n,2,302.86,13.06,D,0
28.43282,-16.3951,339.83,0.48,0.65,2023-08-17,1501,N,VIIRS,n,2,298.6,8.69,D,0
28.43896,-16.39421,342.9,0.48,0.65,2023-08-17,1501,N,VIIRS,n,2,297.81,8.69,D,0
28.35884,-16.48185,350.23,0.48,0.64,2023-08-17,1501,N,VIIRS,n,2,319.8,70.14,D,0
28.35953,-16.47158,347.71,0.48,0.65,2023-08-17,1501,N,VIIRS,n,2,305.93,25.34,D,0
28.35979,-16.46764,349.56,0.48,0.65,2023-08-17,1501,N,VIIRS,n,2,304.94,14.63,D,0
28.35906,-16.47853,367,0.48,0.64,2023-08-17,1501,N,VIIRS,h,2,313.6,70.14,D,0
28.35314,-16.47672,367,0.48,0.65,2023-08-17,1501,N,VIIRS,h,2,307.45,23.79,D,0
28.35341,-16.47258,367,0.48,0.65,2023-08-17,1501,N,VIIRS,h,2,310.29,23.79,D,0
28.35374,-16.4677,367,0.48,0.65,2023-08-17,1501,N,VIIRS,h,2,308.4,18.38,D,0
28.34674,-16.48197,355.04,0.48,0.64,2023-08-17,1501,N,VIIRS,n,2,305.62,14.77,D,0
28.34794,-16.4642,345.56,0.48,0.65,2023-08-17,1501,N,VIIRS,n,2,301.1,18.38,D,0
28.3403,-16.488,355.57,0.48,0.64,2023-08-17,1501,N,VIIRS,n,2,312.87,9.87,D,0
28.35505,-16.47567,367,0.48,0.65,2023-08-17,1501,N,VIIRS,h,2,309.86,16.91,D,0
28.35483,-16.47931,367,0.48,0.65,2023-08-17,1501,N,VIIRS,h,2,310.49,54.71,D,0
28.35558,-16.46703,352.73,0.48,0.65,2023-08-17,1501,N,VIIRS,n,2,307.44,27.28,D,0
28.36099,-16.47726,367,0.48,0.65,2023-08-17,1501,N,VIIRS,h,2,307.37,54.71,D,0
28.37709,-16.48007,367,0.48,0.64,2023-08-17,1501,N,VIIRS,h,2,313.29,15.93,D,0
28.37778,-16.46995,367,0.48,0.65,2023-08-17,1501,N,VIIRS,h,2,305.08,13.06,D,0
28.37086,-16.48288,339.19,0.48,0.64,2023-08-17,1501,N,VIIRS,n,2,299.42,25.17,D,0
28.37128,-16.47656,332.49,0.48,0.64,2023-08-17,1501,N,VIIRS,n,2,302.14,15.93,D,0
28.37107,-16.47972,367,0.48,0.64,2023-08-17,1501,N,VIIRS,h,2,308.78,15.93,D,0
28.3652,-16.47709,367,0.48,0.64,2023-08-17,1501,N,VIIRS,h,2,313.14,70.14,D,0
28.35929,-16.47512,351.75,0.48,0.65,2023-08-17,1501,N,VIIRS,n,2,306.05,25.34,D,0
28.37731,-16.47686,351.38,0.48,0.64,2023-08-17,1501,N,VIIRS,n,2,306.51,15.93,D,0
28.3769,-16.4829,356.26,0.48,0.64,2023-08-17,1501,N,VIIRS,n,2,319.44,25.17,D,0
28.38448,-16.46052,367,0.48,0.65,2023-08-17,1501,N,VIIRS,h,2,300.55,59.28,D,0
28.38338,-16.47654,367,0.48,0.64,2023-08-17,1501,N,VIIRS,h,2,299.34,125.98,D,0
28.38313,-16.48015,367,0.48,0.64,2023-08-17,1501,N,VIIRS,h,2,332.23,125.98,D,0
28.38478,-16.45607,339.14,0.48,0.65,2023-08-17,1501,N,VIIRS,n,2,296.82,18.05,D,0
28.38418,-16.46475,357.65,0.48,0.65,2023-08-17,1501,N,VIIRS,n,2,313.01,59.28,D,0
28.38273,-16.48606,341.27,0.48,0.64,2023-08-17,1501,N,VIIRS,n,2,298.41,99.06,D,0
28.38293,-16.48313,367,0.48,0.64,2023-08-17,1501,N,VIIRS,l,2,331.94,99.06,D,0
28.39067,-16.45856,367,0.48,0.65,2023-08-17,1501,N,VIIRS,h,2,300.2,59.28,D,0
28.39096,-16.4543,347.24,0.48,0.65,2023-08-17,1501,N,VIIRS,n,2,296.3,18.05,D,0
28.3553,-16.47156,367,0.48,0.65,2023-08-17,1501,N,VIIRS,h,2,312.87,16.91,D,0
41.52631,1.80753,303.71,0.4,0.37,2023-08-18,0141,N,VIIRS,n,2,292.55,0.47,N,2
41.31265,1.6611,313.26,0.41,0.37,2023-08-18,0141,N,VIIRS,n,2,294.64,1.56,N,2
41.47414,-1.4875,305.27,0.51,0.41,2023-08-18,0141,N,VIIRS,n,2,293.94,0.85,N,2
41.47604,-1.48729,304.3,0.51,0.41,2023-08-18,0141,N,VIIRS,n,2,292.87,0.44,N,2
40.24351,-3.47344,326.11,0.41,0.45,2023-08-18,0142,N,VIIRS,n,2,294.69,2.11,N,2
40.24398,-3.47832,304.91,0.41,0.45,2023-08-18,0142,N,VIIRS,n,2,292.74,2.34,N,2
39.93712,-3.74458,305.57,0.42,0.45,2023-08-18,0142,N,VIIRS,n,2,294.26,0.86,N,2
39.91777,-3.9053,300.17,0.43,0.46,2023-08-18,0142,N,VIIRS,n,2,288.24,0.8,N,0
38.37539,-0.54339,306.22,0.44,0.38,2023-08-18,0142,N,VIIRS,n,2,295.67,0.92,N,2
37.66468,-5.16166,306.48,0.47,0.47,2023-08-18,0142,N,VIIRS,n,2,291.54,0.67,N,0
36.96632,-1.90609,314.57,0.48,0.4,2023-08-18,0143,N,VIIRS,n,2,297.21,1.88,N,2
28.34915,-16.49057,343.73,0.6,0.53,2023-08-18,0326,N,VIIRS,n,2,304.2,17.95,N,0
28.43769,-16.39962,304.98,0.6,0.53,2023-08-18,0326,N,VIIRS,n,2,293.57,3.13,N,0
28.4364,-16.39399,316.59,0.6,0.53,2023-08-18,0326,N,VIIRS,n,2,293.52,3.53,N,0
28.42847,-16.40403,305.95,0.6,0.53,2023-08-18,0326,N,VIIRS,n,2,295.65,4.11,N,0
28.43974,-16.39439,314.91,0.6,0.53,2023-08-18,0326,N,VIIRS,n,2,294.31,4.07,N,0
28.43508,-16.39641,305.78,0.6,0.53,2023-08-18,0326,N,VIIRS,n,2,293.62,4.6,N,0
28.4237,-16.41413,314.78,0.6,0.53,2023-08-18,0326,N,VIIRS,n,2,294.78,3.21,N,0
28.41783,-16.41075,303.4,0.6,0.53,2023-08-18,0326,N,VIIRS,n,2,289.27,1.18,N,0
28.40129,-16.38257,306.52,0.61,0.53,2023-08-18,0326,N,VIIRS,n,2,291.84,1.63,N,0
28.40636,-16.42795,343.88,0.6,0.53,2023-08-18,0326,N,VIIRS,n,2,303.46,8.25,N,0
28.4075,-16.433,307.34,0.6,0.53,2023-08-18,0326,N,VIIRS,n,2,293.64,8.46,N,0
28.40519,-16.42271,310.42,0.6,0.53,2023-08-18,0326,N,VIIRS,n,2,294.57,8.25,N,0
28.39617,-16.38255,313.01,0.61,0.53,2023-08-18,0326,N,VIIRS,n,2,292.62,1.63,N,0
28.40173,-16.43005,353.65,0.6,0.53,2023-08-18,0326,N,VIIRS,n,2,304.31,40.94,N,0
28.40049,-16.42453,336.3,0.6,0.53,2023-08-18,0326,N,VIIRS,n,2,308.05,40.94,N,0
28.39879,-16.417,306.98,0.6,0.53,2023-08-18,0326,N,VIIRS,n,2,292.22,5.29,N,0
28.39266,-16.38972,315.47,0.6,0.53,2023-08-18,0326,N,VIIRS,n,2,292.43,3.18,N,0
28.39581,-16.42645,338.02,0.6,0.53,2023-08-18,0326,N,VIIRS,n,2,292.22,40.94,N,0
28.39716,-16.43244,309.83,0.6,0.53,2023-08-18,0326,N,VIIRS,n,2,292.41,40.94,N,0
28.39705,-16.45456,355.4,0.6,0.53,2023-08-18,0326,N,VIIRS,n,2,304.51,18.66,N,0
28.39596,-16.44975,367,0.6,0.53,2023-08-18,0326,N,VIIRS,h,2,303.69,18.66,N,0
28.39486,-16.44486,355.64,0.6,0.53,2023-08-18,0326,N,VIIRS,n,2,299.66,22.91,N,0
28.39367,-16.43962,314.71,0.6,0.53,2023-08-18,0326,N,VIIRS,n,2,292.64,22.91,N,0
28.39367,-16.46219,342.9,0.6,0.53,2023-08-18,0326,N,VIIRS,n,2,298.93,10.4,N,0
28.39256,-16.45727,338.38,0.6,0.53,2023-08-18,0326,N,VIIRS,n,2,297.43,18.66,N,0
28.39026,-16.44711,343.15,0.6,0.53,2023-08-18,0326,N,VIIRS,n,2,297.28,22.91,N,0
28.38891,-16.44114,331.69,0.6,0.53,2023-08-18,0326,N,VIIRS,n,2,298.7,22.91,N,0
28.39479,-16.46712,307.88,0.6,0.53,2023-08-18,0326,N,VIIRS,n,2,294.08,10.4,N,0
28.39144,-16.4523,311.7,0.6,0.53,2023-08-18,0326,N,VIIRS,n,2,295.62,18.66,N,0
28.38003,-16.40181,304.18,0.6,0.53,2023-08-18,0326,N,VIIRS,n,2,292.67,1.32,N,0
28.39142,-16.47478,324.03,0.6,0.53,2023-08-18,0326,N,VIIRS,n,2,295.3,14.31,N,0
28.39025,-16.46959,367,0.6,0.53,2023-08-18,0326,N,VIIRS,h,2,309.76,18.96,N,0
28.38915,-16.46475,317.87,0.6,0.53,2023-08-18,0326,N,VIIRS,n,2,297.85,18.96,N,0
28.38897,-16.48642,337.67,0.6,0.53,2023-08-18,0326,N,VIIRS,n,2,299.44,6.1,N,0
28.38792,-16.48182,336.44,0.6,0.53,2023-08-18,0326,N,VIIRS,n,2,298.55,14.31,N,0
28.38682,-16.47696,346.31,0.6,0.53,2023-08-18,0326,N,VIIRS,n,2,300.43,14.31,N,0
28.38568,-16.47194,355.11,0.6,0.53,2023-08-18,0326,N,VIIRS,n,2,299.27,18.96,N,0
28.38988,-16.49044,313.9,0.6,0.53,2023-08-18,0326,N,VIIRS,n,2,294.79,6.1,N,0
28.38458,-16.46709,306.12,0.6,0.53,2023-08-18,0326,N,VIIRS,n,2,295.11,18.96,N,0
28.38497,-16.49127,345.56,0.6,0.53,2023-08-18,0326,N,VIIRS,n,2,299.4,5.93,N,0
28.38404,-16.48715,325.4,0.6,0.53,2023-08-18,0326,N,VIIRS,n,2,300.17,5.93,N,0
28.38006,-16.49208,310.81,0.6,0.53,2023-08-18,0326,N,VIIRS,n,2,291.95,5.93,N,0
28.37909,-16.48781,317.82,0.6,0.53,2023-08-18,0326,N,VIIRS,n,2,297.25,5.93,N,0
28.37335,-16.48495,330.13,0.6,0.53,2023-08-18,0326,N,VIIRS,n,2,300.15,7.45,N,0
28.37432,-16.48923,306.73,0.6,0.53,2023-08-18,0326,N,VIIRS,n,2,294.16,5.35,N,0
28.36859,-16.48641,337.51,0.6,0.53,2023-08-18,0326,N,VIIRS,n,2,300.19,7.45,N,0
28.35913,-16.44493,303.96,0.6,0.53,2023-08-18,0326,N,VIIRS,n,2,292.35,1.7,N,0
28.35697,-16.43546,311.79,0.6,0.53,2023-08-18,0326,N,VIIRS,n,2,292.72,2.29,N,0
28.36387,-16.48807,346.14,0.6,0.53,2023-08-18,0326,N,VIIRS,n,2,302.4,9.93,N,0
28.3519,-16.43565,310.78,0.6,0.53,2023-08-18,0326,N,VIIRS,n,2,291.98,3.14,N,0
28.35927,-16.49024,341.28,0.6,0.53,2023-08-18,0326,N,VIIRS,n,2,300.3,9.93,N,0
28.34931,-16.44667,326.32,0.6,0.53,2023-08-18,0326,N,VIIRS,n,2,294.1,6.35,N,0
28.34691,-16.43622,326.63,0.6,0.53,2023-08-18,0326,N,VIIRS,n,2,292.28,3.14,N,0
28.34503,-16.42802,314.21,0.6,0.53,2023-08-18,0326,N,VIIRS,n,2,290.21,3.14,N,0
28.3433,-16.42044,305.75,0.6,0.53,2023-08-18,0326,N,VIIRS,n,2,289.88,2.45,N,0
28.35468,-16.49248,334.08,0.6,0.53,2023-08-18,0326,N,VIIRS,n,2,301.13,17.95,N,0
28.35052,-16.47427,327.8,0.6,0.53,2023-08-18,0326,N,VIIRS,n,2,295.83,11.5,N,0
28.34896,-16.46742,344.48,0.6,0.53,2023-08-18,0326,N,VIIRS,n,2,298.82,11.5,N,0
28.34715,-16.45954,324.81,0.6,0.53,2023-08-18,0326,N,VIIRS,n,2,293.9,18.72,N,0
28.34464,-16.44858,345.07,0.6,0.53,2023-08-18,0326,N,VIIRS,n,2,300.54,18.72,N,0
28.34221,-16.43802,346.85,0.6,0.53,2023-08-18,0326,N,VIIRS,n,2,293.76,12.35,N,0
28.3557,-16.49694,319.59,0.6,0.53,2023-08-18,0326,N,VIIRS,n,2,294.32,12.42,N,0
28.34028,-16.4296,319.62,0.6,0.53,2023-08-18,0326,N,VIIRS,n,2,290.15,12.35,N,0
28.3385,-16.42187,304,0.6,0.53,2023-08-18,0326,N,VIIRS,n,2,290,2.2,N,0
28.35013,-16.49484,354.12,0.6,0.53,2023-08-18,0326,N,VIIRS,n,2,309.53,17.95,N,0
28.34716,-16.48185,326.57,0.6,0.53,2023-08-18,0326,N,VIIRS,n,2,296.62,9.24,N,0
28.34579,-16.47584,349.72,0.6,0.53,2023-08-18,0326,N,VIIRS,n,2,301.45,11.5,N,0
28.34398,-16.46795,320.29,0.6,0.53,2023-08-18,0326,N,VIIRS,n,2,292.61,11.5,N,0
28.34223,-16.46035,335.94,0.6,0.53,2023-08-18,0326,N,VIIRS,n,2,293.11,18.72,N,0
28.34819,-16.48633,318.99,0.6,0.53,2023-08-18,0326,N,VIIRS,n,2,299.04,9.24,N,0
28.33994,-16.45041,310.11,0.6,0.53,2023-08-18,0326,N,VIIRS,n,2,291.27,18.72,N,0
28.33762,-16.4403,302.92,0.6,0.53,2023-08-18,0326,N,VIIRS,n,2,291.13,12.35,N,0
28.34563,-16.49742,339.53,0.6,0.53,2023-08-18,0326,N,VIIRS,n,2,293.77,32.73,N,0
28.3446,-16.49294,356.23,0.6,0.53,2023-08-18,0326,N,VIIRS,n,2,306.13,32.73,N,0
28.34364,-16.48874,325.67,0.6,0.53,2023-08-18,0326,N,VIIRS,n,2,294.68,4.2,N,0
28.34257,-16.48404,310.44,0.6,0.53,2023-08-18,0326,N,VIIRS,n,2,289.88,4.2,N,0
28.34119,-16.47803,309.69,0.6,0.53,2023-08-18,0326,N,VIIRS,n,2,291.5,2.72,N,0
28.36583,-16.48772,347.67,0.6,0.53,2023-08-18,0326,N,VIIRS,n,2,301.77,11.29,N,0
28.35443,-16.43603,313.86,0.6,0.53,2023-08-18,0326,N,VIIRS,n,2,292.98,3.31,N,0
28.36117,-16.48964,344.73,0.6,0.53,2023-08-18,0326,N,VIIRS,n,2,299.88,11.29,N,0
28.34945,-16.43654,311.93,0.6,0.53,2023-08-18,0326,N,VIIRS,n,2,292.07,3.31,N,0
28.34758,-16.42807,308.39,0.6,0.53,2023-08-18,0326,N,VIIRS,n,2,290.4,1.96,N,0
28.34585,-16.42024,303.92,0.6,0.53,2023-08-18,0326,N,VIIRS,n,2,290.19,1.96,N,0
28.35658,-16.49193,331.5,0.6,0.53,2023-08-18,0326,N,VIIRS,n,2,300.15,11.91,N,0
28.34697,-16.4485,340.05,0.6,0.53,2023-08-18,0326,N,VIIRS,n,2,297.13,25.66,N,0
28.34457,-16.43758,342.8,0.6,0.53,2023-08-18,0326,N,VIIRS,n,2,296.83,25.66,N,0
28.34274,-16.42929,321.43,0.6,0.53,2023-08-18,0326,N,VIIRS,n,2,290.17,2.2,N,0
28.35262,-16.47418,309.91,0.6,0.53,2023-08-18,0326,N,VIIRS,n,2,293,12.24,N,0
28.35125,-16.46798,305.54,0.6,0.53,2023-08-18,0326,N,VIIRS,n,2,293.88,8.78,N,0
28.34949,-16.46002,314.29,0.6,0.53,2023-08-18,0326,N,VIIRS,n,2,293.42,8.78,N,0
28.34105,-16.42162,307,0.6,0.53,2023-08-18,0326,N,VIIRS,n,2,290.28,2.2,N,0
28.35199,-16.49419,351.84,0.6,0.53,2023-08-18,0326,N,VIIRS,n,2,303.19,11.91,N,0
28.34783,-16.47555,367,0.6,0.53,2023-08-18,0326,N,VIIRS,h,2,300.13,12.24,N,0
28.34616,-16.46797,347.43,0.6,0.53,2023-08-18,0326,N,VIIRS,n,2,297.18,8.78,N,0
28.34451,-16.46051,343.35,0.6,0.53,2023-08-18,0326,N,VIIRS,n,2,295.9,8.78,N,0
28.34231,-16.45053,333.45,0.6,0.53,2023-08-18,0326,N,VIIRS,n,2,293.25,25.66,N,0
28.33996,-16.43986,328.45,0.6,0.53,2023-08-18,0326,N,VIIRS,n,2,291.58,25.66,N,0
28.35105,-16.48998,314.44,0.6,0.53,2023-08-18,0326,N,VIIRS,n,2,299.2,3.94,N,0
28.3501,-16.48575,309.04,0.6,0.53,2023-08-18,0326,N,VIIRS,n,2,296.76,3.94,N,0
28.33802,-16.43106,312.02,0.6,0.53,2023-08-18,0326,N,VIIRS,n,2,290.48,2.2,N,0
28.33627,-16.42313,300.8,0.6,0.53,2023-08-18,0326,N,VIIRS,n,2,290.38,2.2,N,0
28.34746,-16.49675,343.97,0.6,0.53,2023-08-18,0326,N,VIIRS,n,2,300.54,45.76,N,0
28.34647,-16.49229,355.04,0.6,0.53,2023-08-18,0326,N,VIIRS,n,2,315.92,19.86,N,0
28.34552,-16.48807,335.18,0.6,0.53,2023-08-18,0326,N,VIIRS,n,2,300.54,19.86,N,0
28.34451,-16.48352,323.65,0.6,0.53,2023-08-18,0326,N,VIIRS,n,2,295.19,10.33,N,0
28.34323,-16.47775,341.69,0.6,0.53,2023-08-18,0326,N,VIIRS,n,2,294.99,10.33,N,0
28.34196,-16.49494,306.76,0.6,0.53,2023-08-18,0326,N,VIIRS,n,2,290,19.86,N,0
28.34101,-16.49068,299.94,0.6,0.53,2023-08-18,0326,N,VIIRS,n,2,288.28,19.86,N,0
36.50308,-4.68617,336.75,0.46,0.39,2023-08-18,1303,N,VIIRS,n,2,310.74,3.41,D,0
37.56909,-0.91584,337.36,0.38,0.36,2023-08-18,1303,N,VIIRS,l,2,310.37,1.98,D,2
37.5658,-0.91507,334.98,0.38,0.36,2023-08-18,1303,N,VIIRS,l,2,307.58,1.98,D,2
38.90187,-2.13805,347.49,0.39,0.36,2023-08-18,1304,N,VIIRS,n,2,315.85,3.55,D,0
38.89859,-2.13721,342.98,0.39,0.36,2023-08-18,1304,N,VIIRS,l,2,316.01,3.55,D,0
43.52496,-5.73123,332.55,0.41,0.37,2023-08-18,1305,N,VIIRS,n,2,302.15,11.51,D,2
43.4009,-6.92823,336.47,0.44,0.39,2023-08-18,1305,N,VIIRS,n,2,299.54,5.33,D,0
43.52571,-5.72964,342.73,0.41,0.37,2023-08-18,1305,N,VIIRS,n,2,304.53,13.91,D,2
43.52833,-5.73233,346,0.41,0.37,2023-08-18,1305,N,VIIRS,n,2,301.12,11.51,D,2
28.33677,-16.49394,355.25,0.49,0.49,2023-08-18,1442,N,VIIRS,n,2,310.59,14.02,D,0
28.34095,-16.49745,367,0.49,0.48,2023-08-18,1442,N,VIIRS,h,2,318.03,29.11,D,0
28.34402,-16.46694,337.96,0.49,0.49,2023-08-18,1442,N,VIIRS,n,2,297.81,5.22,D,0
28.3434,-16.47309,335.88,0.49,0.49,2023-08-18,1442,N,VIIRS,n,2,298.06,3.28,D,0
28.34276,-16.47948,338.97,0.49,0.49,2023-08-18,1442,N,VIIRS,n,2,300.08,3.28,D,0
28.34139,-16.49308,354.11,0.49,0.49,2023-08-18,1442,N,VIIRS,n,2,310.14,29.11,D,0
28.34047,-16.50227,336.79,0.49,0.48,2023-08-18,1442,N,VIIRS,n,2,306.96,27.84,D,0
28.34562,-16.49622,341.99,0.49,0.48,2023-08-18,1442,N,VIIRS,n,2,303.85,29.11,D,0
28.34511,-16.50131,339.07,0.49,0.48,2023-08-18,1442,N,VIIRS,n,2,303.54,27.84,D,0
28.35633,-16.43527,330.75,0.49,0.49,2023-08-18,1442,N,VIIRS,l,2,301.24,2.22,D,0
28.36447,-16.48967,347.83,0.49,0.49,2023-08-18,1442,N,VIIRS,n,2,303.33,8.98,D,0
28.36902,-16.4896,343.21,0.49,0.49,2023-08-18,1442,N,VIIRS,n,2,300.27,3.62,D,0
28.37358,-16.48953,332.28,0.49,0.49,2023-08-18,1442,N,VIIRS,n,2,296.88,3.62,D,0
28.36635,-16.49092,346.5,0.49,0.49,2023-08-18,1442,N,VIIRS,n,2,301.06,7.06,D,0
28.37129,-16.48679,332.2,0.49,0.49,2023-08-18,1442,N,VIIRS,n,2,300.42,7.06,D,0
28.3709,-16.49085,336.73,0.49,0.49,2023-08-18,1442,N,VIIRS,n,2,297.25,7.06,D,0
28.39492,-16.38232,337.06,0.5,0.49,2023-08-18,1442,N,VIIRS,n,2,301.79,5.25,D,0
28.39011,-16.48016,367,0.49,0.49,2023-08-18,1442,N,VIIRS,h,2,307.56,12.51,D,0
28.39991,-16.37805,336.84,0.5,0.49,2023-08-18,1442,N,VIIRS,n,2,300.8,7.3,D,0
28.39056,-16.47548,356.1,0.49,0.49,2023-08-18,1442,N,VIIRS,n,2,304.7,20.32,D,0
28.3897,-16.4844,336.8,0.49,0.49,2023-08-18,1442,N,VIIRS,n,2,301.88,12.51,D,0
28.38898,-16.49178,355.31,0.49,0.49,2023-08-18,1442,N,VIIRS,n,2,301.78,21.63,D,0
28.3983,-16.4425,367,0.49,0.49,2023-08-18,1442,N,VIIRS,h,2,305.68,26.59,D,0
28.39873,-16.43799,351.41,0.49,0.49,2023-08-18,1442,N,VIIRS,n,2,314.84,40.67,D,0
28.39514,-16.47512,330.68,0.49,0.49,2023-08-18,1442,N,VIIRS,n,2,298.05,6.29,D,0
28.40335,-16.43737,345.34,0.49,0.49,2023-08-18,1442,N,VIIRS,n,2,299.33,40.67,D,0
28.40838,-16.43243,345.72,0.49,0.49,2023-08-18,1442,N,VIIRS,n,2,304.17,21.92,D,0
28.40795,-16.43691,335.4,0.49,0.49,2023-08-18,1442,N,VIIRS,n,2,297.04,21.92,D,0
28.41383,-16.42334,346.22,0.49,0.49,2023-08-18,1442,N,VIIRS,n,2,298.92,20.85,D,0
28.41339,-16.42778,348.72,0.49,0.49,2023-08-18,1442,N,VIIRS,n,2,304.02,20.85,D,0
28.41297,-16.43217,348.69,0.49,0.49,2023-08-18,1442,N,VIIRS,n,2,307.34,21.92,D,0
28.418,-16.42734,351.84,0.49,0.49,2023-08-18,1442,N,VIIRS,n,2,298.25,12.27,D,0
28.33632,-16.49838,356.82,0.49,0.48,2023-08-18,1442,N,VIIRS,n,2,306.5,14.02,D,0
28.32914,-16.47938,344.16,0.49,0.49,2023-08-18,1442,N,VIIRS,n,2,310.63,22.48,D,0
28.32854,-16.48538,341.48,0.49,0.49,2023-08-18,1442,N,VIIRS,n,2,309.66,16.39,D,0
28.33438,-16.47242,357.21,0.49,0.49,2023-08-18,1442,N,VIIRS,n,2,308.01,17.64,D,0
28.33367,-16.47944,352.21,0.49,0.49,2023-08-18,1442,N,VIIRS,n,2,312.28,17.64,D,0
28.33307,-16.48544,343.64,0.49,0.49,2023-08-18,1442,N,VIIRS,n,2,306.79,13.56,D,0
28.3389,-16.47267,352.52,0.49,0.49,2023-08-18,1442,N,VIIRS,n,2,301.3,17.64,D,0
28.33822,-16.47943,340.66,0.49,0.49,2023-08-18,1442,N,VIIRS,n,2,303.24,17.64,D,0
28.33717,-16.48986,351.43,0.49,0.49,2023-08-18,1442,N,VIIRS,n,2,305.58,13.56,D,0
43.30709,-3.02471,309.51,0.36,0.58,2023-08-19,0122,N,VIIRS,n,2,288,0.64,N,2
43.40831,-6.92716,335.76,0.57,0.69,2023-08-19,0122,N,VIIRS,n,2,288.01,4.03,N,0
43.40842,-6.93716,302.19,0.57,0.69,2023-08-19,0122,N,VIIRS,n,2,286.62,4.26,N,0
43.40192,-6.93578,305.01,0.57,0.69,2023-08-19,0122,N,VIIRS,n,2,286.45,4.26,N,0
43.40182,-6.92613,316.58,0.57,0.69,2023-08-19,0122,N,VIIRS,n,2,285.87,4.03,N,0
43.40896,-6.93546,310.33,0.57,0.69,2023-08-19,0122,N,VIIRS,n,2,286.68,3.13,N,0
43.4088,-6.92556,318.85,0.57,0.69,2023-08-19,0122,N,VIIRS,n,2,287.02,3.13,N,0
43.40229,-6.92444,320.05,0.57,0.69,2023-08-19,0122,N,VIIRS,n,2,285.72,3.13,N,0
43.40245,-6.93428,316.15,0.57,0.69,2023-08-19,0122,N,VIIRS,n,2,286.63,3.13,N,0
43.03627,-2.21857,300.14,0.33,0.55,2023-08-19,0122,N,VIIRS,n,2,287.53,0.84,N,2
41.52774,1.80418,299.94,0.4,0.44,2023-08-19,0122,N,VIIRS,n,2,287.58,0.58,N,2
40.24317,-3.47788,311.84,0.36,0.57,2023-08-19,0123,N,VIIRS,n,2,291.58,1.59,N,2
40.24612,-3.47646,315.94,0.36,0.57,2023-08-19,0123,N,VIIRS,n,2,292.39,1.52,N,2
37.66688,-5.16037,301.27,0.42,0.61,2023-08-19,0124,N,VIIRS,n,2,291.16,0.77,N,0
43.30683,-3.02742,305.18,0.37,0.58,2023-08-19,0302,N,VIIRS,n,2,286.9,0.73,N,2
43.31004,-3.02752,299.07,0.37,0.58,2023-08-19,0302,N,VIIRS,n,2,285.93,0.9,N,0
43.03271,-2.22105,298.19,0.41,0.61,2023-08-19,0302,N,VIIRS,n,2,286.35,0.88,N,2
41.31036,1.66188,305.8,0.7,0.75,2023-08-19,0302,N,VIIRS,n,2,289.1,2.57,N,2
41.3119,1.65676,302.77,0.7,0.75,2023-08-19,0302,N,VIIRS,n,2,289.11,1.47,N,0
42.5356,-5.55598,297.47,0.59,0.53,2023-08-19,0303,N,VIIRS,n,2,284.94,0.54,N,0
40.2429,-3.47703,306.94,0.43,0.62,2023-08-19,0303,N,VIIRS,n,2,288.23,1.69,N,2
37.66996,-5.16266,302.15,0.41,0.61,2023-08-19,0304,N,VIIRS,n,2,290.13,0.41,N,0
37.66458,-5.165,303.41,0.41,0.61,2023-08-19,0304,N,VIIRS,n,2,289.83,0.41,N,0
37.33453,-6.59049,302.72,0.36,0.57,2023-08-19,0304,N,VIIRS,n,2,291.3,0.61,N,0
28.43324,-16.43029,348.05,0.49,0.41,2023-08-19,0307,N,VIIRS,n,2,299.43,12.4,N,0
28.32054,-16.47417,306.03,0.49,0.41,2023-08-19,0307,N,VIIRS,n,2,289.41,21.12,N,0
28.32273,-16.48584,306.22,0.49,0.4,2023-08-19,0307,N,VIIRS,n,2,285.35,21.32,N,0
28.32638,-16.50526,304.58,0.49,0.4,2023-08-19,0307,N,VIIRS,n,2,285.15,2.33,N,0
28.32808,-16.51431,302.79,0.49,0.4,2023-08-19,0307,N,VIIRS,n,2,286.69,1.32,N,0
28.32164,-16.48006,367,0.49,0.4,2023-08-19,0307,N,VIIRS,h,2,289.78,21.12,N,0
28.32914,-16.49953,315.91,0.49,0.4,2023-08-19,0307,N,VIIRS,n,2,285.95,3.5,N,0
28.33085,-16.50866,310.81,0.49,0.4,2023-08-19,0307,N,VIIRS,n,2,287.99,2.33,N,0
28.3317,-16.51317,305.44,0.49,0.4,2023-08-19,0307,N,VIIRS,n,2,289.19,1.32,N,0
28.32426,-16.47356,339.31,0.49,0.41,2023-08-19,0307,N,VIIRS,n,2,295.59,21.12,N,0
28.3254,-16.4796,344.26,0.49,0.4,2023-08-19,0307,N,VIIRS,n,2,323.12,21.12,N,0
28.32645,-16.4852,343.69,0.49,0.4,2023-08-19,0307,N,VIIRS,n,2,295.84,21.32,N,0
28.33001,-16.50414,323.05,0.49,0.4,2023-08-19,0307,N,VIIRS,n,2,286.85,2.33,N,0
28.33014,-16.48442,314.61,0.49,0.4,2023-08-19,0307,N,VIIRS,n,2,289.54,3.77,N,0
28.33189,-16.49373,306.34,0.49,0.4,2023-08-19,0307,N,VIIRS,n,2,287.91,6.9,N,0
28.33617,-16.51655,310.73,0.49,0.4,2023-08-19,0307,N,VIIRS,n,2,289.76,57.06,N,0
28.32799,-16.4729,332.44,0.49,0.41,2023-08-19,0307,N,VIIRS,n,2,293.02,2.74,N,0
28.32912,-16.47897,321.35,0.49,0.4,2023-08-19,0307,N,VIIRS,n,2,295.17,2.74,N,0
28.33273,-16.49822,324.3,0.49,0.4,2023-08-19,0307,N,VIIRS,n,2,298.44,6.9,N,0
28.33359,-16.50281,349.23,0.49,0.4,2023-08-19,0307,N,VIIRS,n,2,316.35,47.32,N,0
28.33445,-16.50738,356.02,0.49,0.4,2023-08-19,0307,N,VIIRS,n,2,308.37,47.32,N,0
28.33531,-16.51196,353.06,0.49,0.4,2023-08-19,0307,N,VIIRS,n,2,292.97,57.06,N,0
28.33163,-16.47186,318.82,0.49,0.41,2023-08-19,0307,N,VIIRS,n,2,292.73,2.74,N,0
28.33274,-16.47776,307.46,0.49,0.4,2023-08-19,0307,N,VIIRS,n,2,291.4,2.74,N,0
28.3355,-16.4925,305.17,0.49,0.4,2023-08-19,0307,N,VIIRS,n,2,288.36,6.9,N,0
28.33632,-16.49687,313.04,0.49,0.4,2023-08-19,0307,N,VIIRS,n,2,289.98,6.9,N,0
28.33717,-16.50142,341.86,0.49,0.4,2023-08-19,0307,N,VIIRS,n,2,299.77,47.32,N,0
28.33804,-16.50604,340.26,0.49,0.4,2023-08-19,0307,N,VIIRS,n,2,330.96,47.32,N,0
28.33891,-16.51068,367,0.49,0.4,2023-08-19,0307,N,VIIRS,h,2,340.45,57.06,N,0
28.33977,-16.5153,333.83,0.49,0.4,2023-08-19,0307,N,VIIRS,n,2,291.14,57.06,N,0
28.33989,-16.49544,306.82,0.49,0.4,2023-08-19,0307,N,VIIRS,n,2,289.19,2.72,N,0
28.34074,-16.49995,314.51,0.49,0.4,2023-08-19,0307,N,VIIRS,n,2,291.89,1.75,N,0
28.34336,-16.51397,316.44,0.49,0.4,2023-08-19,0307,N,VIIRS,n,2,287.65,1.81,N,0
28.34161,-16.50462,322.44,0.49,0.4,2023-08-19,0307,N,VIIRS,n,2,293.17,1.75,N,0
28.34249,-16.5093,323.3,0.49,0.4,2023-08-19,0307,N,VIIRS,n,2,291.16,1.81,N,0
28.33673,-16.45796,305,0.49,0.41,2023-08-19,0307,N,VIIRS,n,2,290.34,1.74,N,0
28.34429,-16.49844,306.74,0.49,0.4,2023-08-19,0307,N,VIIRS,n,2,291.69,1.75,N,0
28.34518,-16.50316,309.95,0.49,0.4,2023-08-19,0307,N,VIIRS,n,2,292.41,1.75,N,0
28.34606,-16.5079,309.68,0.49,0.4,2023-08-19,0307,N,VIIRS,n,2,291.38,1.81,N,0
28.34695,-16.51262,306.79,0.49,0.4,2023-08-19,0307,N,VIIRS,n,2,290.43,1.81,N,0
28.35503,-16.49421,310.25,0.49,0.4,2023-08-19,0307,N,VIIRS,n,2,294,27.98,N,0
28.35588,-16.49879,308.39,0.49,0.4,2023-08-19,0307,N,VIIRS,n,2,293.66,27.98,N,0
28.35785,-16.48875,310.09,0.49,0.4,2023-08-19,0307,N,VIIRS,n,2,293.5,3.18,N,0
28.35949,-16.4975,338.27,0.49,0.4,2023-08-19,0307,N,VIIRS,n,2,298.79,27.98,N,0
28.36144,-16.48744,310.77,0.49,0.4,2023-08-19,0307,N,VIIRS,n,2,294.76,4.02,N,0
28.36226,-16.49175,322.06,0.49,0.4,2023-08-19,0307,N,VIIRS,n,2,306.91,27.52,N,0
28.36309,-16.49626,340.16,0.49,0.4,2023-08-19,0307,N,VIIRS,n,2,309.47,27.52,N,0
28.36589,-16.49068,331.4,0.49,0.4,2023-08-19,0307,N,VIIRS,n,2,298.38,27.52,N,0
28.36673,-16.49513,345.66,0.49,0.4,2023-08-19,0307,N,VIIRS,n,2,298.96,27.52,N,0
28.36795,-16.48112,306.81,0.49,0.4,2023-08-19,0307,N,VIIRS,n,2,289.02,1.13,N,0
28.36874,-16.48533,312.5,0.49,0.4,2023-08-19,0307,N,VIIRS,n,2,288.29,1.13,N,0
28.36954,-16.48964,337.72,0.49,0.4,2023-08-19,0307,N,VIIRS,n,2,293.63,4.26,N,0
28.37036,-16.49404,327.82,0.49,0.4,2023-08-19,0307,N,VIIRS,n,2,292.83,4.26,N,0
28.37161,-16.48018,304.71,0.49,0.4,2023-08-19,0307,N,VIIRS,n,2,289,1.13,N,0
28.3724,-16.48439,307.52,0.49,0.4,2023-08-19,0307,N,VIIRS,n,2,291.41,1.13,N,0
28.37319,-16.48862,315.84,0.49,0.4,2023-08-19,0307,N,VIIRS,n,2,296.22,4.26,N,0
28.37399,-16.49291,339.21,0.49,0.4,2023-08-19,0307,N,VIIRS,n,2,298.15,4.26,N,0
28.37764,-16.49185,329.31,0.49,0.4,2023-08-19,0307,N,VIIRS,n,2,293.26,4.33,N,0
28.38132,-16.49101,317.39,0.49,0.4,2023-08-19,0307,N,VIIRS,n,2,291.5,4.33,N,0
28.38211,-16.49521,307.75,0.49,0.4,2023-08-19,0307,N,VIIRS,n,2,287.96,2.02,N,0
28.36943,-16.4791,304.9,0.49,0.4,2023-08-19,0307,N,VIIRS,n,2,287.1,2.19,N,0
28.37022,-16.4833,308.81,0.49,0.4,2023-08-19,0307,N,VIIRS,n,2,286.44,2.6,N,0
28.37103,-16.48755,313.29,0.49,0.4,2023-08-19,0307,N,VIIRS,n,2,291.27,2.6,N,0
28.37185,-16.49186,351.84,0.49,0.4,2023-08-19,0307,N,VIIRS,n,2,300.03,3.58,N,0
28.37269,-16.4963,320.63,0.49,0.4,2023-08-19,0307,N,VIIRS,n,2,293.44,3.58,N,0
28.37548,-16.4908,317.81,0.49,0.4,2023-08-19,0307,N,VIIRS,n,2,295.71,3.58,N,0
28.3763,-16.49513,305.84,0.49,0.4,2023-08-19,0307,N,VIIRS,n,2,290.28,3.58,N,0
28.37995,-16.49409,306.35,0.49,0.4,2023-08-19,0307,N,VIIRS,n,2,287.73,2.79,N,0
28.37914,-16.48984,336.69,0.49,0.4,2023-08-19,0307,N,VIIRS,n,2,297.34,2.79,N,0
28.38363,-16.49328,308.78,0.49,0.4,2023-08-19,0307,N,VIIRS,n,2,289.88,2.79,N,0
28.38659,-16.48858,311.23,0.49,0.4,2023-08-19,0307,N,VIIRS,n,2,295.45,9.55,N,0
28.38735,-16.49259,313.03,0.49,0.4,2023-08-19,0307,N,VIIRS,n,2,293.12,9.55,N,0
28.38811,-16.49665,305.28,0.49,0.4,2023-08-19,0307,N,VIIRS,n,2,288.33,1.54,N,0
28.38865,-16.47915,310.4,0.49,0.4,2023-08-19,0307,N,VIIRS,n,2,294.22,2.83,N,0
28.38948,-16.48357,315.02,0.49,0.4,2023-08-19,0307,N,VIIRS,n,2,295.5,2.83,N,0
28.39182,-16.49594,307.32,0.49,0.4,2023-08-19,0307,N,VIIRS,n,2,291.35,1.54,N,0
28.39029,-16.48784,330.11,0.49,0.4,2023-08-19,0307,N,VIIRS,n,2,297.35,9.55,N,0
28.39106,-16.4919,346.68,0.49,0.4,2023-08-19,0307,N,VIIRS,n,2,303.37,9.55,N,0
28.3905,-16.46865,307.75,0.49,0.4,2023-08-19,0307,N,VIIRS,n,2,293.58,11.96,N,0
28.39137,-16.47327,310.76,0.49,0.4,2023-08-19,0307,N,VIIRS,n,2,294.47,11.96,N,0
28.39227,-16.478,318.58,0.49,0.4,2023-08-19,0307,N,VIIRS,n,2,295.64,23.45,N,0
28.39553,-16.49525,308.62,0.49,0.4,2023-08-19,0307,N,VIIRS,n,2,292.12,1.66,N,0
28.39313,-16.48256,347.75,0.49,0.4,2023-08-19,0307,N,VIIRS,n,2,302.39,23.45,N,0
28.39396,-16.48693,350.28,0.49,0.4,2023-08-19,0307,N,VIIRS,n,2,316.52,67.8,N,0
28.39476,-16.49114,346.97,0.49,0.4,2023-08-19,0307,N,VIIRS,n,2,309.03,67.8,N,0
28.3992,-16.49434,307.18,0.49,0.4,2023-08-19,0307,N,VIIRS,n,2,292.23,1.66,N,0
28.39409,-16.46735,346.12,0.49,0.4,2023-08-19,0307,N,VIIRS,n,2,305.71,11.96,N,0
28.39497,-16.47199,335.91,0.49,0.4,2023-08-19,0307,N,VIIRS,n,2,297.24,11.96,N,0
28.39588,-16.47678,340.28,0.49,0.4,2023-08-19,0307,N,VIIRS,n,2,304.92,23.45,N,0
28.39675,-16.48141,354.49,0.49,0.4,2023-08-19,0307,N,VIIRS,n,2,321.17,23.45,N,0
28.3976,-16.48586,367,0.49,0.4,2023-08-19,0307,N,VIIRS,h,2,332.16,67.8,N,0
28.39841,-16.49014,348.25,0.49,0.4,2023-08-19,0307,N,VIIRS,n,2,304.33,67.8,N,0
28.39595,-16.45688,307.89,0.49,0.4,2023-08-19,0307,N,VIIRS,n,2,293.48,2.35,N,0
28.39681,-16.46144,308.08,0.49,0.4,2023-08-19,0307,N,VIIRS,n,2,293.92,2.35,N,0
28.39768,-16.46601,310.71,0.49,0.4,2023-08-19,0307,N,VIIRS,n,2,293.76,1.62,N,0
28.39855,-16.47062,314.97,0.49,0.4,2023-08-19,0307,N,VIIRS,n,2,294.1,1.62,N,0
28.39944,-16.47535,341.87,0.49,0.4,2023-08-19,0307,N,VIIRS,n,2,317.94,30.65,N,0
28.40033,-16.48001,353.47,0.49,0.4,2023-08-19,0307,N,VIIRS,n,2,326.68,30.65,N,0
28.40118,-16.48452,356.42,0.49,0.4,2023-08-19,0307,N,VIIRS,n,2,307.63,11.88,N,0
28.40202,-16.48893,334.22,0.49,0.4,2023-08-19,0307,N,VIIRS,n,2,293.73,11.88,N,0
28.38755,-16.39247,315.7,0.5,0.41,2023-08-19,0307,N,VIIRS,n,2,292.89,1.1,N,0
28.40126,-16.46464,308.96,0.49,0.4,2023-08-19,0307,N,VIIRS,n,2,294.53,1.62,N,0
28.40213,-16.46926,310.93,0.49,0.4,2023-08-19,0307,N,VIIRS,n,2,294.82,1.62,N,0
28.40561,-16.48765,306.08,0.49,0.4,2023-08-19,0307,N,VIIRS,n,2,290.56,11.88,N,0
28.39868,-16.45101,323.86,0.49,0.4,2023-08-19,0307,N,VIIRS,n,2,296.48,5.54,N,0
28.39953,-16.45549,323.41,0.49,0.4,2023-08-19,0307,N,VIIRS,n,2,296.15,2.35,N,0
28.40302,-16.47394,336.78,0.49,0.4,2023-08-19,0307,N,VIIRS,n,2,298.51,30.65,N,0
28.4039,-16.47859,345.25,0.49,0.4,2023-08-19,0307,N,VIIRS,n,2,297.79,30.65,N,0
28.40476,-16.48314,320.21,0.49,0.4,2023-08-19,0307,N,VIIRS,n,2,292.6,11.88,N,0
28.39974,-16.43627,308.95,0.49,0.41,2023-08-19,0307,N,VIIRS,n,2,289.01,2.03,N,0
28.40397,-16.45866,318.07,0.49,0.4,2023-08-19,0307,N,VIIRS,n,2,294.89,21.69,N,0
28.40484,-16.46324,308.98,0.49,0.4,2023-08-19,0307,N,VIIRS,n,2,294.49,2.54,N,0
28.40571,-16.46788,308.36,0.49,0.4,2023-08-19,0307,N,VIIRS,n,2,294.43,2.54,N,0
28.40659,-16.47253,309.68,0.49,0.4,2023-08-19,0307,N,VIIRS,n,2,292.8,1.81,N,0
28.40746,-16.47713,309.44,0.49,0.4,2023-08-19,0307,N,VIIRS,n,2,291.41,1.81,N,0
28.40833,-16.48169,305.89,0.49,0.4,2023-08-19,0307,N,VIIRS,n,2,290.17,1.76,N,0
28.40144,-16.44526,322.04,0.49,0.41,2023-08-19,0307,N,VIIRS,n,2,298.85,8.69,N,0
28.40228,-16.44969,340.12,0.49,0.4,2023-08-19,0307,N,VIIRS,n,2,305.29,8.69,N,0
28.40311,-16.45412,339.94,0.49,0.4,2023-08-19,0307,N,VIIRS,n,2,299.08,21.69,N,0
28.39299,-16.38046,315.14,0.5,0.41,2023-08-19,0307,N,VIIRS,n,2,292.04,2.73,N,0
28.40246,-16.43033,307.35,0.49,0.41,2023-08-19,0307,N,VIIRS,n,2,288.47,2.18,N,0
28.40334,-16.43497,309.08,0.49,0.41,2023-08-19,0307,N,VIIRS,n,2,290.5,2.03,N,0
28.4042,-16.43951,313.5,0.49,0.41,2023-08-19,0307,N,VIIRS,n,2,296.29,2.03,N,0
28.40842,-16.46185,313.52,0.49,0.4,2023-08-19,0307,N,VIIRS,n,2,294.97,2.54,N,0
28.40504,-16.44396,344.22,0.49,0.41,2023-08-19,0307,N,VIIRS,n,2,309.51,8.69,N,0
28.40587,-16.44838,367,0.49,0.4,2023-08-19,0307,N,VIIRS,h,2,317.71,8.69,N,0
28.40671,-16.45282,367,0.49,0.4,2023-08-19,0307,N,VIIRS,h,2,321.83,21.69,N,0
28.40756,-16.45731,353.8,0.49,0.4,2023-08-19,0307,N,VIIRS,n,2,315.66,21.69,N,0
28.40609,-16.42917,310.39,0.49,0.41,2023-08-19,0307,N,VIIRS,n,2,288.6,3.66,N,0
28.41287,-16.46508,305.36,0.49,0.4,2023-08-19,0307,N,VIIRS,n,2,291.02,9.19,N,0
28.3968,-16.38014,341.87,0.5,0.41,2023-08-19,0307,N,VIIRS,n,2,293.09,4.26,N,0
28.40781,-16.43826,327.01,0.49,0.41,2023-08-19,0307,N,VIIRS,n,2,300.81,7.67,N,0
28.40864,-16.44268,345.65,0.49,0.41,2023-08-19,0307,N,VIIRS,n,2,308.88,17.38,N,0
28.40947,-16.44708,356.96,0.49,0.4,2023-08-19,0307,N,VIIRS,n,2,311.98,17.38,N,0
28.41031,-16.45152,356.67,0.49,0.4,2023-08-19,0307,N,VIIRS,n,2,327.67,54.57,N,0
28.41116,-16.456,356.73,0.49,0.4,2023-08-19,0307,N,VIIRS,n,2,318.36,54.57,N,0
28.412,-16.46049,340.22,0.49,0.4,2023-08-19,0307,N,VIIRS,n,2,297.01,9.19,N,0
28.41647,-16.46378,305.39,0.49,0.4,2023-08-19,0307,N,VIIRS,n,2,290.57,9.19,N,0
28.40055,-16.37956,327.49,0.5,0.41,2023-08-19,0307,N,VIIRS,n,2,291.91,4.26,N,0
28.41143,-16.43707,345.75,0.49,0.41,2023-08-19,0307,N,VIIRS,n,2,307.72,7.67,N,0
28.41225,-16.44144,348.19,0.49,0.41,2023-08-19,0307,N,VIIRS,n,2,310.24,17.38,N,0
28.41308,-16.44583,367,0.49,0.4,2023-08-19,0307,N,VIIRS,h,2,324,17.38,N,0
28.41392,-16.45028,351.7,0.49,0.4,2023-08-19,0307,N,VIIRS,n,2,327.86,54.57,N,0
28.41477,-16.45476,346.41,0.49,0.4,2023-08-19,0307,N,VIIRS,n,2,325.81,54.57,N,0
28.41561,-16.45924,328.56,0.49,0.4,2023-08-19,0307,N,VIIRS,n,2,292.22,9.19,N,0
28.41923,-16.45802,308.94,0.49,0.4,2023-08-19,0307,N,VIIRS,n,2,290.98,2.54,N,0
28.41421,-16.43143,324.85,0.49,0.41,2023-08-19,0307,N,VIIRS,n,2,293.74,6.18,N,0
28.41505,-16.43586,337.31,0.49,0.41,2023-08-19,0307,N,VIIRS,n,2,299.78,6.18,N,0
28.41588,-16.44027,352.71,0.49,0.41,2023-08-19,0307,N,VIIRS,n,2,310.22,19.39,N,0
28.41671,-16.44468,367,0.49,0.4,2023-08-19,0307,N,VIIRS,h,2,316.47,19.39,N,0
28.41755,-16.44912,357.5,0.49,0.4,2023-08-19,0307,N,VIIRS,n,2,311.84,18.05,N,0
28.41839,-16.45356,333.6,0.49,0.4,2023-08-19,0307,N,VIIRS,n,2,292.88,18.05,N,0
28.41523,-16.4164,314.61,0.49,0.41,2023-08-19,0307,N,VIIRS,n,2,290.58,5.41,N,0
28.42202,-16.45245,314.7,0.49,0.4,2023-08-19,0307,N,VIIRS,n,2,291.5,18.05,N,0
28.41614,-16.42124,345.36,0.49,0.41,2023-08-19,0307,N,VIIRS,n,2,299.94,8.56,N,0
28.41699,-16.42576,322.73,0.49,0.41,2023-08-19,0307,N,VIIRS,n,2,294.24,8.56,N,0
28.41783,-16.43021,346.15,0.49,0.41,2023-08-19,0307,N,VIIRS,n,2,297.63,6.18,N,0
28.41867,-16.43464,338.83,0.49,0.41,2023-08-19,0307,N,VIIRS,n,2,294.71,6.18,N,0
28.41951,-16.43909,340.34,0.49,0.41,2023-08-19,0307,N,VIIRS,n,2,295.69,19.39,N,0
28.42035,-16.44355,353.94,0.49,0.4,2023-08-19,0307,N,VIIRS,n,2,305.86,19.39,N,0
28.42119,-16.44801,367,0.49,0.4,2023-08-19,0307,N,VIIRS,h,2,307.69,18.05,N,0
28.41793,-16.41033,307.93,0.49,0.41,2023-08-19,0307,N,VIIRS,n,2,290.25,4.67,N,0
28.41885,-16.41519,307.75,0.49,0.41,2023-08-19,0307,N,VIIRS,n,2,290.93,4.67,N,0
28.42484,-16.44696,312.01,0.49,0.4,2023-08-19,0307,N,VIIRS,n,2,293.82,1.93,N,0
28.42568,-16.45142,304.15,0.49,0.4,2023-08-19,0307,N,VIIRS,n,2,290.14,1.93,N,0
28.41975,-16.41998,320.05,0.49,0.41,2023-08-19,0307,N,VIIRS,n,2,293.49,16.37,N,0
28.42061,-16.42452,367,0.49,0.41,2023-08-19,0307,N,VIIRS,h,2,305.35,16.37,N,0
28.42146,-16.42902,367,0.49,0.41,2023-08-19,0307,N,VIIRS,h,2,314.35,23.33,N,0
28.4223,-16.4335,352,0.49,0.41,2023-08-19,0307,N,VIIRS,n,2,304.82,23.33,N,0
28.42315,-16.43799,356.29,0.49,0.41,2023-08-19,0307,N,VIIRS,n,2,315.84,42.14,N,0
28.42399,-16.44249,338.32,0.49,0.4,2023-08-19,0307,N,VIIRS,n,2,298.38,42.14,N,0
28.42849,-16.44592,310.92,0.49,0.4,2023-08-19,0307,N,VIIRS,n,2,293.43,1.93,N,0
28.42247,-16.41398,335.05,0.49,0.41,2023-08-19,0307,N,VIIRS,n,2,298.7,4.67,N,0
28.42337,-16.41871,351.45,0.49,0.41,2023-08-19,0307,N,VIIRS,n,2,299.54,16.37,N,0
28.42424,-16.42334,327.65,0.49,0.41,2023-08-19,0307,N,VIIRS,n,2,293.51,16.37,N,0
28.4251,-16.42792,355.13,0.49,0.41,2023-08-19,0307,N,VIIRS,n,2,305.42,23.33,N,0
28.42595,-16.43245,344.8,0.49,0.41,2023-08-19,0307,N,VIIRS,n,2,306.3,23.33,N,0
28.4268,-16.43697,349.35,0.49,0.41,2023-08-19,0307,N,VIIRS,n,2,340.68,42.14,N,0
28.42765,-16.44146,351.66,0.49,0.4,2023-08-19,0307,N,VIIRS,n,2,328.27,42.14,N,0
28.43214,-16.44486,307.51,0.49,0.4,2023-08-19,0307,N,VIIRS,n,2,290.98,2.59,N,0
28.42609,-16.41271,344.65,0.49,0.41,2023-08-19,0307,N,VIIRS,n,2,300.45,9.01,N,0
28.42698,-16.41744,355.76,0.49,0.41,2023-08-19,0307,N,VIIRS,n,2,328.04,34.52,N,0
28.42786,-16.42213,354.88,0.49,0.41,2023-08-19,0307,N,VIIRS,n,2,318.64,34.52,N,0
28.42873,-16.42677,336.76,0.49,0.41,2023-08-19,0307,N,VIIRS,n,2,296.64,12.4,N,0
28.4296,-16.43138,343.31,0.49,0.41,2023-08-19,0307,N,VIIRS,n,2,298.12,12.4,N,0
28.43045,-16.43592,348.12,0.49,0.41,2023-08-19,0307,N,VIIRS,n,2,323.04,33.69,N,0
28.4313,-16.4404,344.5,0.49,0.4,2023-08-19,0307,N,VIIRS,n,2,314.93,33.69,N,0
28.43494,-16.43932,319.05,0.49,0.4,2023-08-19,0307,N,VIIRS,n,2,295.43,33.69,N,0
28.42971,-16.41148,336.64,0.49,0.41,2023-08-19,0307,N,VIIRS,n,2,298.15,9.01,N,0
28.4306,-16.41621,354.03,0.49,0.41,2023-08-19,0307,N,VIIRS,n,2,304.34,34.52,N,0
28.43149,-16.42094,367,0.49,0.41,2023-08-19,0307,N,VIIRS,h,2,315.17,34.52,N,0
28.43237,-16.42565,340.59,0.49,0.41,2023-08-19,0307,N,VIIRS,n,2,298.73,12.4,N,0
28.4341,-16.43483,336.07,0.49,0.41,2023-08-19,0307,N,VIIRS,n,2,296.93,33.69,N,0
28.43512,-16.41978,311.3,0.49,0.41,2023-08-19,0307,N,VIIRS,n,2,294.61,5.59,N,0
28.43601,-16.42451,314.09,0.49,0.41,2023-08-19,0307,N,VIIRS,n,2,295.51,26.25,N,0
28.43689,-16.42919,327.44,0.49,0.41,2023-08-19,0307,N,VIIRS,n,2,319.83,26.25,N,0
28.43774,-16.43373,334.51,0.49,0.41,2023-08-19,0307,N,VIIRS,n,2,297.05,21.3,N,0
28.43427,-16.39476,306.23,0.5,0.41,2023-08-19,0307,N,VIIRS,n,2,290.77,4.88,N,0
28.44053,-16.42806,314.58,0.49,0.41,2023-08-19,0307,N,VIIRS,n,2,294.27,26.25,N,0
28.44138,-16.43262,309.46,0.49,0.41,2023-08-19,0307,N,VIIRS,n,2,294.53,21.3,N,0
28.43792,-16.39363,311.03,0.5,0.41,2023-08-19,0307,N,VIIRS,n,2,292.43,4.78,N,0
28.43883,-16.39847,316.21,0.5,0.41,2023-08-19,0307,N,VIIRS,n,2,293.8,4.78,N,0
28.44248,-16.39738,347.62,0.5,0.41,2023-08-19,0307,N,VIIRS,n,2,299.18,4.78,N,0
41.31231,1.66151,334.66,0.39,0.36,2023-08-19,1245,N,VIIRS,l,2,307.84,1.63,D,2
42.80867,-1.69654,339.5,0.44,0.38,2023-08-19,1246,N,VIIRS,n,2,308.75,6.21,D,0
41.3854,-1.33228,346.79,0.44,0.39,2023-08-19,1246,N,VIIRS,n,2,312.56,11.84,D,0
28.43979,-16.42228,342.85,0.43,0.38,2023-08-19,1423,N,VIIRS,n,2,300.66,17.03,D,0
28.33656,-16.53094,357.25,0.42,0.38,2023-08-19,1423,N,VIIRS,n,2,304.83,34.77,D,0
28.34006,-16.5313,348.24,0.42,0.38,2023-08-19,1423,N,VIIRS,n,2,299.36,25.72,D,0
28.3475,-16.50169,347.65,0.43,0.38,2023-08-19,1423,N,VIIRS,n,2,316.46,15.09,D,0
28.34522,-16.51895,346.9,0.42,0.38,2023-08-19,1423,N,VIIRS,n,2,307.03,10.81,D,0
28.34467,-16.52319,354.91,0.42,0.38,2023-08-19,1423,N,VIIRS,n,2,310.11,14.47,D,0
28.34411,-16.52742,355.72,0.42,0.38,2023-08-19,1423,N,VIIRS,n,2,311.18,14.47,D,0
28.34355,-16.53164,349.98,0.42,0.38,2023-08-19,1423,N,VIIRS,n,2,310.5,25.72,D,0
28.343,-16.53584,346.69,0.42,0.38,2023-08-19,1423,N,VIIRS,n,2,297.95,25.72,D,0
28.34929,-16.51495,367,0.42,0.38,2023-08-19,1423,N,VIIRS,h,2,314.22,15.83,D,0
28.34873,-16.51922,367,0.42,0.38,2023-08-19,1423,N,VIIRS,h,2,311.87,15.83,D,0
28.35101,-16.50191,351.26,0.43,0.38,2023-08-19,1423,N,VIIRS,n,2,306.63,12.72,D,0
28.35044,-16.50629,343.25,0.42,0.38,2023-08-19,1423,N,VIIRS,n,2,311.34,10.79,D,0
28.34986,-16.51063,353.41,0.42,0.38,2023-08-19,1423,N,VIIRS,n,2,316.58,10.79,D,0
28.34817,-16.52348,357.03,0.42,0.38,2023-08-19,1423,N,VIIRS,n,2,310.32,20.73,D,0
28.43163,-16.43001,335.54,0.43,0.38,2023-08-19,1423,N,VIIRS,l,2,306.96,8.05,D,0
28.34761,-16.52773,354.05,0.42,0.38,2023-08-19,1423,N,VIIRS,n,2,303.69,20.73,D,0
28.35395,-16.50653,348.21,0.42,0.38,2023-08-19,1423,N,VIIRS,n,2,305.3,10.79,D,0
28.43621,-16.39563,344.7,0.43,0.38,2023-08-19,1423,N,VIIRS,n,2,307.31,11.17,D,0
28.42701,-16.43793,336.16,0.43,0.38,2023-08-19,1423,N,VIIRS,l,2,310.3,5.47,D,0
28.42812,-16.42961,346.05,0.43,0.38,2023-08-19,1423,N,VIIRS,n,2,305.02,8.95,D,0
28.42868,-16.42538,341.2,0.43,0.38,2023-08-19,1423,N,VIIRS,n,2,304.61,4.52,D,0
28.42925,-16.42112,335.77,0.43,0.38,2023-08-19,1423,N,VIIRS,l,2,308.16,4.52,D,0
28.4327,-16.39522,331.45,0.43,0.38,2023-08-19,1423,N,VIIRS,l,2,303.39,3.67,D,0
28.42516,-16.42503,335.11,0.43,0.38,2023-08-19,1423,N,VIIRS,l,2,306.39,4.52,D,0
28.42109,-16.42885,331.16,0.43,0.38,2023-08-19,1423,N,VIIRS,l,2,305.36,4.61,D,0
28.41926,-16.41582,344.7,0.43,0.38,2023-08-19,1423,N,VIIRS,n,2,311.12,6.59,D,0
28.41983,-16.4115,334.87,0.43,0.38,2023-08-19,1423,N,VIIRS,n,2,303.93,6.59,D,0
28.40736,-16.47859,333.34,0.43,0.38,2023-08-19,1423,N,VIIRS,n,2,299.43,3.28,D,0
28.41575,-16.41544,349.42,0.43,0.38,2023-08-19,1423,N,VIIRS,n,2,312.48,5.99,D,0
28.40383,-16.47842,335.64,0.43,0.38,2023-08-19,1423,N,VIIRS,n,2,300.21,3.28,D,0
28.4044,-16.47411,331.77,0.43,0.38,2023-08-19,1423,N,VIIRS,n,2,299.29,6.16,D,0
28.40497,-16.4698,347.47,0.43,0.38,2023-08-19,1423,N,VIIRS,n,2,299.44,6.16,D,0
28.39864,-16.49068,345.63,0.43,0.38,2023-08-19,1423,N,VIIRS,n,2,303.37,5.7,D,0
28.39918,-16.48664,344.54,0.43,0.38,2023-08-19,1423,N,VIIRS,n,2,307.49,5.7,D,0
28.4003,-16.47822,338.94,0.43,0.38,2023-08-19,1423,N,VIIRS,l,2,310.4,7.86,D,0
28.40145,-16.46956,347.27,0.43,0.38,2023-08-19,1423,N,VIIRS,n,2,302.64,13.62,D,0
28.35337,-16.51087,343.71,0.42,0.38,2023-08-19,1423,N,VIIRS,n,2,307.92,10.79,D,0
28.39513,-16.49033,335.05,0.43,0.38,2023-08-19,1423,N,VIIRS,n,2,301.18,5.7,D,0
28.36966,-16.49495,338.5,0.43,0.38,2023-08-19,1423,N,VIIRS,n,2,305.28,5.42,D,0
28.43685,-16.41758,367,0.43,0.38,2023-08-19,1423,N,VIIRS,h,2,303.97,17.61,D,0
28.4403,-16.39171,338.14,0.43,0.38,2023-08-19,1423,N,VIIRS,n,2,303.59,6.32,D,0
28.43972,-16.39607,342.3,0.43,0.38,2023-08-19,1423,N,VIIRS,n,2,306.52,11.17,D,0
28.43914,-16.40038,344.33,0.43,0.38,2023-08-19,1423,N,VIIRS,n,2,304.73,11.17,D,0
28.31079,-16.52531,341.66,0.42,0.38,2023-08-19,1423,N,VIIRS,n,2,308.84,25.5,D,0
28.31021,-16.52964,349.11,0.42,0.38,2023-08-19,1423,N,VIIRS,n,2,316.48,102.51,D,0
28.31371,-16.52996,367,0.42,0.38,2023-08-19,1423,N,VIIRS,h,2,351.63,102.51,D,0
28.31313,-16.53431,367,0.42,0.38,2023-08-19,1423,N,VIIRS,h,2,333.76,102.51,D,0
28.32143,-16.47274,355.87,0.43,0.38,2023-08-19,1423,N,VIIRS,n,2,313.7,34.88,D,0
28.32079,-16.47745,356.42,0.43,0.38,2023-08-19,1423,N,VIIRS,n,2,313.02,36.32,D,0
28.32016,-16.48212,349.7,0.43,0.38,2023-08-19,1423,N,VIIRS,n,2,318.15,36.32,D,0
28.31546,-16.51698,343.64,0.42,0.38,2023-08-19,1423,N,VIIRS,n,2,308.53,7.88,D,0
28.31488,-16.52128,350.78,0.42,0.38,2023-08-19,1423,N,VIIRS,n,2,308.41,25.5,D,0
28.3143,-16.5256,367,0.42,0.38,2023-08-19,1423,N,VIIRS,l,2,330.62,25.5,D,0
28.31896,-16.51731,367,0.42,0.38,2023-08-19,1423,N,VIIRS,h,2,307.76,141.47,D,0
28.31781,-16.52585,367,0.42,0.38,2023-08-19,1423,N,VIIRS,h,2,360.72,154.76,D,0
28.31665,-16.53449,367,0.42,0.38,2023-08-19,1423,N,VIIRS,h,2,331.4,140.18,D,0
28.44093,-16.41372,337.93,0.43,0.38,2023-08-19,1423,N,VIIRS,n,2,302.07,11.34,D,0
28.44036,-16.418,348.39,0.43,0.38,2023-08-19,1423,N,VIIRS,n,2,301.04,11.34,D,0
28.39566,-16.48635,332.02,0.43,0.38,2023-08-19,1423,N,VIIRS,l,2,307.01,5.7,D,0
28.32551,-16.46882,346.91,0.43,0.38,2023-08-19,1423,N,VIIRS,n,2,309.12,10.48,D,0
28.32485,-16.47362,339.97,0.43,0.38,2023-08-19,1423,N,VIIRS,n,2,308.58,10.48,D,0
28.32358,-16.48299,354.31,0.43,0.38,2023-08-19,1423,N,VIIRS,n,2,314.55,33.71,D,0
28.32296,-16.48758,341.17,0.43,0.38,2023-08-19,1423,N,VIIRS,n,2,309.25,44.62,D,0
28.31953,-16.51308,345.7,0.42,0.38,2023-08-19,1423,N,VIIRS,n,2,306.33,141.47,D,0
28.31839,-16.52157,352.99,0.42,0.38,2023-08-19,1423,N,VIIRS,l,2,334.55,154.76,D,0
28.31723,-16.53016,367,0.42,0.38,2023-08-19,1423,N,VIIRS,l,2,329.45,140.18,D,0
28.32414,-16.50517,367,0.42,0.38,2023-08-19,1423,N,VIIRS,h,2,318.81,90.69,D,0
28.32358,-16.50931,367,0.42,0.38,2023-08-19,1423,N,VIIRS,h,2,349.99,90.69,D,0
28.32302,-16.51348,367,0.42,0.38,2023-08-19,1423,N,VIIRS,h,2,348.97,141.47,D,0
28.32894,-16.46966,350.33,0.43,0.38,2023-08-19,1423,N,VIIRS,n,2,311.67,10.48,D,0
28.3247,-16.50099,348.67,0.42,0.38,2023-08-19,1423,N,VIIRS,n,2,320.21,23.65,D,0
28.32075,-16.53037,355.6,0.42,0.38,2023-08-19,1423,N,VIIRS,n,2,323.73,140.18,D,0
28.3264,-16.4883,367,0.43,0.38,2023-08-19,1423,N,VIIRS,l,2,328.19,44.62,D,0
28.32246,-16.51767,367,0.42,0.38,2023-08-19,1423,N,VIIRS,l,2,374.25,141.47,D,0
28.3219,-16.52188,367,0.42,0.38,2023-08-19,1423,N,VIIRS,l,2,361.81,154.76,D,0
28.32133,-16.52611,367,0.42,0.38,2023-08-19,1423,N,VIIRS,l,2,340.06,154.76,D,0
28.32763,-16.50561,367,0.42,0.38,2023-08-19,1423,N,VIIRS,h,2,325.8,20.53,D,0
28.32483,-16.52644,367,0.42,0.38,2023-08-19,1423,N,VIIRS,h,2,313.72,29.74,D,0
28.32987,-16.48888,344.53,0.43,0.38,2023-08-19,1423,N,VIIRS,n,2,310.58,46.19,D,0
28.32819,-16.50143,355.68,0.42,0.38,2023-08-19,1423,N,VIIRS,n,2,320.76,15.07,D,0
28.3254,-16.52223,357.04,0.42,0.38,2023-08-19,1423,N,VIIRS,n,2,316.52,29.74,D,0
28.32426,-16.53066,355.75,0.42,0.38,2023-08-19,1423,N,VIIRS,n,2,306.33,41.27,D,0
28.32369,-16.53489,347.62,0.42,0.38,2023-08-19,1423,N,VIIRS,n,2,298.91,41.27,D,0
28.32707,-16.50974,355.71,0.42,0.38,2023-08-19,1423,N,VIIRS,l,2,333.91,20.53,D,0
28.32652,-16.51389,352.71,0.42,0.38,2023-08-19,1423,N,VIIRS,l,2,336.08,34.77,D,0
28.32596,-16.51805,367,0.42,0.38,2023-08-19,1423,N,VIIRS,l,2,337.22,34.77,D,0
28.33113,-16.50595,343.83,0.42,0.38,2023-08-19,1423,N,VIIRS,n,2,315.21,20.53,D,0
28.33057,-16.51012,349.76,0.42,0.38,2023-08-19,1423,N,VIIRS,n,2,318.13,20.53,D,0
28.33001,-16.51427,354.34,0.42,0.38,2023-08-19,1423,N,VIIRS,n,2,318.55,34.77,D,0
28.32946,-16.51843,354.61,0.42,0.38,2023-08-19,1423,N,VIIRS,n,2,310.86,34.77,D,0
28.32833,-16.52678,353.64,0.42,0.38,2023-08-19,1423,N,VIIRS,n,2,304.5,29.74,D,0
28.32829,-16.51313,367,0.42,0.38,2023-08-19,1423,N,VIIRS,h,2,323.72,17.23,D,0
28.32775,-16.51728,367,0.42,0.38,2023-08-19,1423,N,VIIRS,h,2,319.76,17.23,D,0
28.3272,-16.52145,367,0.42,0.38,2023-08-19,1423,N,VIIRS,h,2,311.36,19.56,D,0
28.32664,-16.52565,367,0.42,0.38,2023-08-19,1423,N,VIIRS,h,2,308.96,19.56,D,0
28.32939,-16.50483,350.58,0.42,0.38,2023-08-19,1423,N,VIIRS,n,2,318.3,12.35,D,0
28.32884,-16.50899,354.81,0.42,0.38,2023-08-19,1423,N,VIIRS,n,2,320.82,12.35,D,0
28.32609,-16.52985,354.46,0.42,0.38,2023-08-19,1423,N,VIIRS,n,2,298.25,45.51,D,0
28.33179,-16.51349,347.18,0.42,0.38,2023-08-19,1423,N,VIIRS,n,2,315.89,17.23,D,0
28.33124,-16.51766,348.19,0.42,0.38,2023-08-19,1423,N,VIIRS,n,2,310.25,17.23,D,0
28.33014,-16.526,350.64,0.42,0.38,2023-08-19,1423,N,VIIRS,n,2,300,19.56,D,0
28.33473,-16.51802,348.65,0.42,0.38,2023-08-19,1423,N,VIIRS,n,2,307.53,15.64,D,0
28.33418,-16.52221,348.63,0.42,0.38,2023-08-19,1423,N,VIIRS,n,2,303.33,20.29,D,0
41.31368,1.65877,302.81,0.35,0.57,2023-08-20,0103,N,VIIRS,n,2,291.6,0.94,N,2
43.03713,-2.21859,300.4,0.57,0.69,2023-08-20,0103,N,VIIRS,n,2,287.18,1.38,N,2
41.31236,1.66092,312.1,0.35,0.57,2023-08-20,0103,N,VIIRS,n,2,291.98,0.89,N,2
40.24695,-3.47803,317.16,0.64,0.72,2023-08-20,0104,N,VIIRS,n,2,291.7,3.45,N,2
40.24569,-3.47605,320.5,0.64,0.72,2023-08-20,0104,N,VIIRS,n,2,291.58,3.08,N,2
39.935,-3.74783,301.09,0.66,0.73,2023-08-20,0104,N,VIIRS,n,2,290.75,0.87,N,2
37.66895,-5.16764,297.83,0.77,0.77,2023-08-20,0104,N,VIIRS,n,2,284.45,0.15,N,0
38.66869,-4.05197,303.1,0.68,0.74,2023-08-20,0104,N,VIIRS,n,2,291.72,2.09,N,2
41.3152,1.66371,301.45,0.42,0.61,2023-08-20,0244,N,VIIRS,n,2,290.29,0.46,N,2
41.31363,1.65916,306.96,0.42,0.61,2023-08-20,0244,N,VIIRS,n,2,290.72,0.95,N,2
39.93544,-3.74644,309.12,0.49,0.49,2023-08-20,0244,N,VIIRS,n,2,292.26,1.85,N,2
40.24448,-3.47879,306.08,0.5,0.49,2023-08-20,0244,N,VIIRS,n,2,292.36,2.39,N,2
41.30986,1.66097,306.55,0.42,0.61,2023-08-20,0244,N,VIIRS,n,2,290.26,0.79,N,2
41.31229,1.66377,302.64,0.42,0.61,2023-08-20,0244,N,VIIRS,n,2,289.99,0.95,N,2
40.24312,-3.4731,316.73,0.5,0.49,2023-08-20,0244,N,VIIRS,n,2,292.36,1.86,N,2
38.66626,-4.05171,311.02,0.51,0.49,2023-08-20,0245,N,VIIRS,n,2,291.75,3.06,N,2
37.05286,-6.04904,333.08,0.44,0.46,2023-08-20,0245,N,VIIRS,n,2,294.29,4.61,N,0
28.44293,-16.41817,297.1,0.39,0.36,2023-08-20,0248,N,VIIRS,n,2,275.47,1.25,N,0
28.44206,-16.39001,311.15,0.39,0.36,2023-08-20,0248,N,VIIRS,n,2,278.88,0.84,N,0
28.44022,-16.42273,297.63,0.39,0.36,2023-08-20,0248,N,VIIRS,n,2,276.26,0.98,N,0
28.31937,-16.51591,303.99,0.39,0.36,2023-08-20,0248,N,VIIRS,n,2,273.21,1.9,N,0
28.44596,-16.39331,302.74,0.39,0.36,2023-08-20,0248,N,VIIRS,n,2,281.31,0.84,N,0
28.44353,-16.42211,299.49,0.39,0.36,2023-08-20,0248,N,VIIRS,n,2,276.72,0.98,N,0
28.31877,-16.51196,298.87,0.39,0.36,2023-08-20,0248,N,VIIRS,n,2,272.78,1.38,N,0
28.31606,-16.5165,295.25,0.39,0.36,2023-08-20,0248,N,VIIRS,n,2,272.38,0.93,N,0
28.44536,-16.38938,299.31,0.39,0.36,2023-08-20,0248,N,VIIRS,n,2,277.65,0.84,N,0
28.44265,-16.39393,301.21,0.39,0.36,2023-08-20,0248,N,VIIRS,n,2,278.53,0.84,N,0
28.44926,-16.39269,303.31,0.39,0.36,2023-08-20,0248,N,VIIRS,n,2,283.6,1.56,N,0
41.83541,-2.50314,347.54,0.52,0.5,2023-08-20,1227,N,VIIRS,n,2,307.45,5.36,D,0
38.8353,-6.64938,330.17,0.5,0.66,2023-08-20,1227,N,VIIRS,l,2,304.65,3.83,D,0
40.94121,-5.66456,335.96,0.39,0.59,2023-08-20,1227,N,VIIRS,n,2,305.2,2.96,D,0
28.33778,-16.57325,342.09,0.42,0.37,2023-08-20,1404,N,VIIRS,l,2,300.44,8.4,D,0
28.32115,-16.48608,348.84,0.41,0.37,2023-08-20,1404,N,VIIRS,l,2,295.17,58.7,D,0
28.33976,-16.58233,345.54,0.42,0.37,2023-08-20,1404,N,VIIRS,l,2,301.17,10,D,0
38.83044,-6.65034,352.7,0.33,0.55,2023-08-20,1407,N,VIIRS,n,2,305.42,8.73,D,0
38.82932,-6.64913,335.86,0.33,0.55,2023-08-20,1407,N,VIIRS,n,2,303.15,5.99,D,0
38.8302,-6.65424,367,0.33,0.55,2023-08-20,1407,N,VIIRS,h,2,303.99,8.39,D,0
38.82907,-6.65302,367,0.33,0.55,2023-08-20,1407,N,VIIRS,h,2,306.63,8.58,D,0
41.4726,1.87198,304.15,0.61,0.71,2023-08-21,0044,N,VIIRS,n,2,289.92,1.03,N,0
41.31519,1.65953,306.42,0.49,0.49,2023-08-21,0225,N,VIIRS,n,2,293.61,1.19,N,2
41.31385,1.66513,303.92,0.49,0.49,2023-08-21,0225,N,VIIRS,n,2,293.12,1.19,N,2
40.24421,-3.47644,316.96,0.46,0.39,2023-08-21,0226,N,VIIRS,n,2,297.31,2.07,N,2
39.9359,-3.74445,316.16,0.46,0.39,2023-08-21,0226,N,VIIRS,n,2,296.42,2.02,N,2
37.66755,-5.16496,306.26,0.44,0.38,2023-08-21,0226,N,VIIRS,n,2,295.21,1.06,N,0
38.37854,-0.54583,306.04,0.45,0.47,2023-08-21,0226,N,VIIRS,n,2,295.61,1.3,N,2
28.32256,-16.50948,302,0.56,0.43,2023-08-21,0229,N,VIIRS,n,2,287.01,76.71,N,0
28.31809,-16.4715,304.68,0.56,0.43,2023-08-21,0229,N,VIIRS,n,2,289.16,2.62,N,0
28.31781,-16.50335,334.53,0.56,0.43,2023-08-21,0229,N,VIIRS,n,2,291.72,76.71,N,0
28.31709,-16.49727,347.31,0.56,0.43,2023-08-21,0229,N,VIIRS,n,2,314.54,35.67,N,0
28.31647,-16.49194,329.8,0.56,0.43,2023-08-21,0229,N,VIIRS,n,2,295.14,35.67,N,0
28.31855,-16.50968,302.77,0.56,0.43,2023-08-21,0229,N,VIIRS,n,2,287.61,76.71,N,0
28.3138,-16.50359,329.59,0.56,0.43,2023-08-21,0229,N,VIIRS,n,2,286.86,5.34,N,0
28.31312,-16.49773,367,0.56,0.43,2023-08-21,0229,N,VIIRS,h,2,300.11,16.31,N,0
28.31251,-16.49256,327.69,0.56,0.43,2023-08-21,0229,N,VIIRS,n,2,291.36,16.31,N,0
28.31453,-16.50981,300.36,0.56,0.43,2023-08-21,0229,N,VIIRS,n,2,287.91,5.34,N,0
28.30912,-16.49804,329,0.56,0.43,2023-08-21,0229,N,VIIRS,n,2,287.69,16.31,N,0
28.30852,-16.49295,327.06,0.56,0.43,2023-08-21,0229,N,VIIRS,n,2,287.92,16.31,N,0
28.31121,-16.51599,306.92,0.56,0.43,2023-08-21,0229,N,VIIRS,n,2,287.62,1.75,N,0
28.3074,-16.48337,302.15,0.56,0.43,2023-08-21,0229,N,VIIRS,n,2,288.74,3.06,N,0
28.30647,-16.50991,300.36,0.56,0.43,2023-08-21,0229,N,VIIRS,n,2,286.45,1.5,N,0
28.32507,-16.49649,300.25,0.56,0.43,2023-08-21,0229,N,VIIRS,n,2,284.73,0.77,N,0
28.32581,-16.50274,308.16,0.56,0.43,2023-08-21,0229,N,VIIRS,n,2,285.96,1.81,N,0
28.34795,-16.55333,304.83,0.57,0.43,2023-08-21,0229,N,VIIRS,n,2,292.68,1.11,N,0
28.35054,-16.54096,308.44,0.57,0.43,2023-08-21,0229,N,VIIRS,n,2,294.61,2.69,N,0
28.35761,-16.49843,310.68,0.56,0.43,2023-08-21,0229,N,VIIRS,n,2,293.15,3.39,N,0
28.35979,-16.49747,313.5,0.56,0.43,2023-08-21,0229,N,VIIRS,n,2,293.13,2.66,N,0
28.33986,-16.5534,303.7,0.57,0.43,2023-08-21,0229,N,VIIRS,n,2,291.71,1.51,N,0
28.30316,-16.51615,340.67,0.56,0.43,2023-08-21,0229,N,VIIRS,n,2,300.47,51.04,N,0
28.30247,-16.51023,299.21,0.56,0.43,2023-08-21,0229,N,VIIRS,n,2,286.16,1.5,N,0
28.32936,-16.46457,313.84,0.56,0.43,2023-08-21,0229,N,VIIRS,n,2,288.3,1.85,N,0
28.32542,-16.46527,327.84,0.56,0.43,2023-08-21,0229,N,VIIRS,n,2,289.37,2.69,N,0
28.30179,-16.50438,309.2,0.56,0.43,2023-08-21,0229,N,VIIRS,n,2,287.26,1.5,N,0
28.29919,-16.51674,349.07,0.56,0.43,2023-08-21,0229,N,VIIRS,n,2,298.9,23.87,N,0
28.29852,-16.5109,328.71,0.56,0.43,2023-08-21,0229,N,VIIRS,n,2,291.12,14.62,N,0
28.29785,-16.50515,345.34,0.56,0.43,2023-08-21,0229,N,VIIRS,n,2,296.38,14.62,N,0
28.28998,-16.50691,344.91,0.56,0.43,2023-08-21,0229,N,VIIRS,n,2,292.62,8.53,N,0
28.29602,-16.55926,297.9,0.57,0.43,2023-08-21,0229,N,VIIRS,n,2,285.35,0.98,N,0
28.32108,-16.49685,326.92,0.56,0.43,2023-08-21,0229,N,VIIRS,n,2,310.8,35.67,N,0
28.32042,-16.49125,329.65,0.56,0.43,2023-08-21,0229,N,VIIRS,n,2,285.98,35.67,N,0
28.34056,-16.55937,306.57,0.57,0.43,2023-08-21,0229,N,VIIRS,n,2,292.24,1.51,N,0
28.34126,-16.56535,306.22,0.57,0.43,2023-08-21,0229,N,VIIRS,n,2,291.56,1.24,N,0
28.3439,-16.55334,308.4,0.57,0.43,2023-08-21,0229,N,VIIRS,n,2,294.21,1.51,N,0
28.34722,-16.54714,306.16,0.57,0.43,2023-08-21,0229,N,VIIRS,n,2,293.71,2.69,N,0
28.32148,-16.46602,302.71,0.56,0.43,2023-08-21,0229,N,VIIRS,n,2,288.26,2.69,N,0
28.32181,-16.50308,330.09,0.56,0.43,2023-08-21,0229,N,VIIRS,n,2,329.02,76.71,N,0
28.29523,-16.51738,346.01,0.56,0.43,2023-08-21,0229,N,VIIRS,n,2,290.99,23.87,N,0
28.29456,-16.51163,347.34,0.56,0.43,2023-08-21,0229,N,VIIRS,n,2,300.57,14.62,N,0
28.29391,-16.50599,337.56,0.56,0.43,2023-08-21,0229,N,VIIRS,n,2,297.31,14.62,N,0
28.44302,-16.41563,321.52,0.56,0.43,2023-08-21,0229,N,VIIRS,n,2,295.97,5.81,N,0
28.43903,-16.41592,337.52,0.56,0.43,2023-08-21,0229,N,VIIRS,n,2,296.43,5.81,N,0
28.43287,-16.39796,303.66,0.56,0.43,2023-08-21,0229,N,VIIRS,n,2,290.59,0.74,N,0
28.30001,-16.55879,306.97,0.57,0.43,2023-08-21,0229,N,VIIRS,n,2,285.54,1.98,N,0
28.29329,-16.50062,307.95,0.56,0.43,2023-08-21,0229,N,VIIRS,n,2,284.15,8.12,N,0
28.29063,-16.51248,342.55,0.56,0.43,2023-08-21,0229,N,VIIRS,n,2,290.08,8.53,N,0
28.28605,-16.5078,331.94,0.56,0.43,2023-08-21,0229,N,VIIRS,n,2,285.6,8.53,N,0
43.52656,-5.7285,332.15,0.55,0.68,2023-08-21,1209,N,VIIRS,n,2,291.93,7.12,D,2
43.52448,-5.73493,330.87,0.55,0.68,2023-08-21,1209,N,VIIRS,n,2,292.82,7.58,D,2
43.52847,-5.73449,342.21,0.55,0.68,2023-08-21,1209,N,VIIRS,n,2,292.52,7.55,D,2
28.31893,-16.46774,351.97,0.46,0.47,2023-08-21,1345,N,VIIRS,n,2,301.15,21.12,D,0
28.32407,-16.46465,349.78,0.46,0.47,2023-08-21,1345,N,VIIRS,n,2,300.7,7.71,D,0
28.32918,-16.46164,344.63,0.46,0.47,2023-08-21,1345,N,VIIRS,n,2,305.14,7.71,D,0
28.32845,-16.46516,335.6,0.46,0.47,2023-08-21,1345,N,VIIRS,n,2,301.04,7.71,D,0
28.33953,-16.56356,339.46,0.46,0.47,2023-08-21,1345,N,VIIRS,n,2,303.45,4.74,D,0
28.45364,-16.39071,343.54,0.45,0.47,2023-08-21,1345,N,VIIRS,n,2,301.8,31.03,D,0
28.44888,-16.41368,340.99,0.45,0.47,2023-08-21,1345,N,VIIRS,n,2,299.95,5.76,D,0
28.44788,-16.41847,339.74,0.45,0.47,2023-08-21,1345,N,VIIRS,n,2,301.94,6.93,D,0
28.29882,-16.49955,367,0.46,0.47,2023-08-21,1345,N,VIIRS,l,2,325.96,39.88,D,0
28.28851,-16.49939,338.67,0.46,0.47,2023-08-21,1345,N,VIIRS,n,2,305.65,38.28,D,0
28.28765,-16.50362,350.51,0.46,0.47,2023-08-21,1345,N,VIIRS,n,2,312.74,11.41,D,0
28.2929,-16.49987,351.5,0.46,0.47,2023-08-21,1345,N,VIIRS,l,2,325.85,38.28,D,0
28.29203,-16.50415,346.64,0.46,0.47,2023-08-21,1345,N,VIIRS,n,2,316.53,11.41,D,0
28.30046,-16.48478,335.53,0.46,0.47,2023-08-21,1345,N,VIIRS,n,2,302.85,11.46,D,0
28.29812,-16.4963,344.11,0.46,0.47,2023-08-21,1345,N,VIIRS,n,2,312.57,33.76,D,0
28.30471,-16.48598,345.33,0.46,0.47,2023-08-21,1345,N,VIIRS,n,2,303.66,11.46,D,0
28.30248,-16.49692,343.19,0.46,0.47,2023-08-21,1345,N,VIIRS,n,2,310.38,33.76,D,0
28.30162,-16.50115,353.95,0.46,0.47,2023-08-21,1345,N,VIIRS,n,2,318.14,33.76,D,0
28.31096,-16.49943,348.72,0.46,0.47,2023-08-21,1345,N,VIIRS,n,2,308.82,16.42,D,0
28.30317,-16.50026,355.82,0.46,0.47,2023-08-21,1345,N,VIIRS,n,2,314.79,39.88,D,0
28.31249,-16.49869,349.34,0.46,0.47,2023-08-21,1345,N,VIIRS,n,2,311,23.33,D,0
28.30202,-16.48423,367,0.46,0.47,2023-08-21,1345,N,VIIRS,h,2,305.66,23.66,D,0
37.33579,-6.58995,343.37,0.54,0.42,2023-08-21,1347,N,VIIRS,l,2,313.82,7.8,D,0
37.33543,-6.59148,339.48,0.54,0.42,2023-08-21,1348,N,VIIRS,l,2,313.84,6.32,D,0
41.8441,-0.32304,367,0.42,0.61,2023-08-21,1349,N,VIIRS,h,2,300.78,8.9,D,0
43.46888,-3.8211,339.4,0.58,0.52,2023-08-21,1349,N,VIIRS,n,2,298.21,6.06,D,0
41.65968,0.64401,332.33,0.42,0.38,2023-08-22,0206,N,VIIRS,n,2,293.01,2.93,N,0
41.45446,1.97944,312.94,0.47,0.4,2023-08-22,0206,N,VIIRS,n,2,296.37,2.09,N,2
42.81438,-1.74389,311.99,0.38,0.36,2023-08-22,0206,N,VIIRS,n,2,292.42,1.09,N,2
43.30806,-3.02422,308.65,0.39,0.36,2023-08-22,0206,N,VIIRS,n,2,291.84,0.68,N,2
41.47404,-1.48676,313.72,0.39,0.36,2023-08-22,0206,N,VIIRS,n,2,294.86,1.37,N,2
41.70317,-0.95968,335.25,0.39,0.36,2023-08-22,0206,N,VIIRS,n,2,294.7,6.43,N,0
41.31121,1.65938,304.26,0.46,0.39,2023-08-22,0206,N,VIIRS,n,2,294.07,1.05,N,2
41.31169,1.66062,314.17,0.46,0.39,2023-08-22,0206,N,VIIRS,n,2,295.11,2.53,N,2
41.84383,-0.32291,318.39,0.4,0.37,2023-08-22,0206,N,VIIRS,n,2,290.83,1.2,N,0
43.03547,-2.21857,309.96,0.38,0.36,2023-08-22,0206,N,VIIRS,n,2,291.33,0.93,N,2
43.03947,-2.2223,304.6,0.38,0.36,2023-08-22,0206,N,VIIRS,n,2,290.14,0.66,N,2
43.52595,-5.73154,312.74,0.45,0.39,2023-08-22,0206,N,VIIRS,n,2,292.31,2.24,N,2
43.53814,-5.83225,329.02,0.45,0.39,2023-08-22,0206,N,VIIRS,n,2,290.63,3.43,N,2
43.52952,-5.73072,305.9,0.45,0.39,2023-08-22,0206,N,VIIRS,n,2,290.92,0.84,N,2
43.54171,-5.83142,310.81,0.45,0.39,2023-08-22,0206,N,VIIRS,n,2,291.73,1.52,N,2
43.5523,-5.85815,303.24,0.46,0.39,2023-08-22,0206,N,VIIRS,n,2,290.9,0.51,N,2
43.42943,-4.01537,325.81,0.4,0.37,2023-08-22,0206,N,VIIRS,n,2,291.12,2.1,N,0
43.43212,-4.00949,303.38,0.4,0.37,2023-08-22,0206,N,VIIRS,n,2,290.57,1.16,N,0
43.43282,-4.01451,323.81,0.4,0.37,2023-08-22,0206,N,VIIRS,n,2,291.4,2.1,N,0
37.82938,-4.81536,336.17,0.39,0.36,2023-08-22,0207,N,VIIRS,n,2,296.84,3.04,N,0
40.57669,0.54117,306.18,0.43,0.38,2023-08-22,0207,N,VIIRS,n,2,294.65,1.32,N,2
38.66493,-4.0471,311.65,0.39,0.36,2023-08-22,0207,N,VIIRS,n,2,295.07,1.08,N,2
38.95903,-0.14597,308.75,0.43,0.38,2023-08-22,0207,N,VIIRS,n,2,293.89,0.66,N,0
39.93597,-3.74711,308.97,0.39,0.36,2023-08-22,0207,N,VIIRS,n,2,295.96,2.13,N,2
40.24398,-3.47649,310.53,0.39,0.36,2023-08-22,0207,N,VIIRS,n,2,296.34,1.26,N,2
37.41415,-5.75,312.73,0.4,0.37,2023-08-22,0208,N,VIIRS,n,2,294.26,0.95,N,0
36.96525,-1.90479,314.85,0.4,0.37,2023-08-22,0208,N,VIIRS,n,2,296.25,1.6,N,2
37.6667,-5.16434,313.91,0.39,0.37,2023-08-22,0208,N,VIIRS,n,2,295.9,1.06,N,0
37.41482,-5.75228,313.42,0.4,0.37,2023-08-22,0208,N,VIIRS,n,2,294.71,1.01,N,0
28.31524,-16.46592,322.26,0.36,0.57,2023-08-22,0210,N,VIIRS,n,2,289.8,3.77,N,0
28.322,-16.46309,305.4,0.36,0.57,2023-08-22,0210,N,VIIRS,n,2,289.11,3.14,N,0
28.32222,-16.46562,324.58,0.36,0.57,2023-08-22,0210,N,VIIRS,n,2,291.68,3.14,N,0
28.3412,-16.56227,300.11,0.36,0.57,2023-08-22,0210,N,VIIRS,n,2,289.38,1.28,N,0
28.31566,-16.47131,304.98,0.36,0.57,2023-08-22,0210,N,VIIRS,n,2,289.27,3.06,N,0
28.31588,-16.47405,310.14,0.36,0.57,2023-08-22,0210,N,VIIRS,n,2,289.66,2.26,N,0
28.31715,-16.46908,321.62,0.36,0.57,2023-08-22,0210,N,VIIRS,n,2,290.64,6.54,N,0
28.31545,-16.46859,330.72,0.36,0.57,2023-08-22,0210,N,VIIRS,n,2,291.2,3.06,N,0
28.32074,-16.46776,303.57,0.36,0.57,2023-08-22,0210,N,VIIRS,n,2,289.86,3.06,N,0
28.32054,-16.46519,349.11,0.36,0.57,2023-08-22,0210,N,VIIRS,n,2,293.53,3.77,N,0
28.31693,-16.46643,352.01,0.36,0.57,2023-08-22,0210,N,VIIRS,n,2,293.02,3.14,N,0
28.31233,-16.47546,314.04,0.36,0.57,2023-08-22,0210,N,VIIRS,n,2,288.93,2.08,N,0
28.3121,-16.47265,302.79,0.36,0.57,2023-08-22,0210,N,VIIRS,n,2,288.83,1.13,N,0
28.3075,-16.48171,302.17,0.36,0.57,2023-08-22,0210,N,VIIRS,n,2,288.31,1.17,N,0
28.30238,-16.48463,301.94,0.36,0.57,2023-08-22,0210,N,VIIRS,n,2,287.74,0.57,N,0
28.30214,-16.4818,300.2,0.36,0.57,2023-08-22,0210,N,VIIRS,n,2,287.52,0.57,N,0
28.32458,-16.4643,339.71,0.43,0.62,2023-08-22,1327,N,VIIRS,n,2,297.45,4.14,D,0
28.32079,-16.46352,367,0.43,0.62,2023-08-22,1327,N,VIIRS,h,2,302.05,8.14,D,0
28.31874,-16.46371,336.14,0.43,0.62,2023-08-22,1327,N,VIIRS,n,2,297.98,4.14,D,0
39.44986,-6.3789,342.54,0.4,0.37,2023-08-22,1329,N,VIIRS,l,2,317.22,5.84,D,0
39.85603,-4.93927,345.81,0.43,0.38,2023-08-22,1329,N,VIIRS,n,2,313.64,3.87,D,0
43.52569,-5.72942,337.08,0.44,0.39,2023-08-22,1330,N,VIIRS,n,2,300.91,15.24,D,2
43.52697,-5.73279,340.31,0.44,0.39,2023-08-22,1330,N,VIIRS,n,2,303.65,30.8,D,2
41.65709,0.64439,320.62,0.4,0.37,2023-08-23,0147,N,VIIRS,n,2,292.46,1.69,N,0
41.45416,1.97874,312.15,0.38,0.36,2023-08-23,0147,N,VIIRS,n,2,297.05,1.57,N,2
41.66044,0.64524,324.21,0.4,0.37,2023-08-23,0147,N,VIIRS,n,2,292.95,1.33,N,0
42.55431,-6.76662,303.12,0.53,0.5,2023-08-23,0147,N,VIIRS,n,2,290.76,1.42,N,0
42.5517,-6.7678,307.05,0.53,0.5,2023-08-23,0147,N,VIIRS,n,2,290.36,0.8,N,2
42.87467,-4.15972,302.54,0.4,0.44,2023-08-23,0147,N,VIIRS,n,2,291.17,0.56,N,0
39.93546,-3.74271,309.39,0.53,0.42,2023-08-23,0148,N,VIIRS,n,2,295.7,1.33,N,2
39.93615,-3.74245,309.57,0.53,0.42,2023-08-23,0148,N,VIIRS,n,2,295.79,2.03,N,2
41.47655,-1.48867,306.76,0.45,0.39,2023-08-23,0148,N,VIIRS,n,2,295.18,1.22,N,2
38.20337,-0.73698,305.36,0.4,0.37,2023-08-23,0148,N,VIIRS,n,2,294.27,0.42,N,0
38.37565,-0.54658,311.03,0.4,0.37,2023-08-23,0148,N,VIIRS,n,2,295.81,0.93,N,2
37.66618,-5.16323,310.78,0.39,0.44,2023-08-23,0149,N,VIIRS,n,2,295.03,0.96,N,0
28.40839,-16.4636,315.53,0.37,0.58,2023-08-23,0332,N,VIIRS,n,2,285.21,2.05,N,0
28.40575,-16.46414,325.36,0.37,0.58,2023-08-23,0332,N,VIIRS,n,2,286.85,2.73,N,0
28.32056,-16.46043,302.47,0.37,0.58,2023-08-23,0332,N,VIIRS,n,2,276.9,0.74,N,0
28.40766,-16.46058,295.36,0.37,0.58,2023-08-23,0332,N,VIIRS,n,2,280.1,0.86,N,0
40.25991,-3.74887,343.09,0.38,0.36,2023-08-23,1310,N,VIIRS,l,2,317.33,3.78,D,0
40.26319,-3.74973,345.32,0.38,0.36,2023-08-23,1310,N,VIIRS,l,2,318.05,3.78,D,0
40.26717,-3.74611,348.14,0.38,0.36,2023-08-23,1310,N,VIIRS,n,2,317.45,5.17,D,0
40.26648,-3.75059,346.15,0.38,0.36,2023-08-23,1310,N,VIIRS,l,2,318.59,5.35,D,0
38.99578,-5.56471,350.64,0.41,0.37,2023-08-23,1310,N,VIIRS,l,2,323.27,16.99,D,0
43.53958,-5.82978,340.95,0.39,0.36,2023-08-23,1311,N,VIIRS,n,2,304.86,4.65,D,2
43.52385,-5.73521,338.97,0.39,0.36,2023-08-23,1311,N,VIIRS,n,2,305.1,5.21,D,2
43.32001,-4.8023,331.77,0.38,0.36,2023-08-23,1311,N,VIIRS,n,2,306.5,2.07,D,0
43.14458,-2.95438,343.31,0.4,0.37,2023-08-23,1311,N,VIIRS,n,2,310.55,3.31,D,0
41.92338,0.18062,343.5,0.47,0.39,2023-08-23,1311,N,VIIRS,n,2,316.16,8.54,D,2
43.34312,-8.45424,338.34,0.44,0.39,2023-08-23,1312,N,VIIRS,n,2,307.37,6.67,D,0
41.65773,0.64401,304.97,0.57,0.43,2023-08-24,0128,N,VIIRS,n,2,293.44,1.05,N,0
43.5242,-5.73493,309.61,0.41,0.61,2023-08-24,0128,N,VIIRS,n,2,291.78,1.78,N,2
42.55146,-6.7694,306.44,0.46,0.64,2023-08-24,0128,N,VIIRS,n,2,291.02,0.73,N,2
42.72424,-5.23628,322.53,0.39,0.59,2023-08-24,0128,N,VIIRS,n,2,289.25,1.48,N,0
42.72975,-5.23563,304.35,0.39,0.59,2023-08-24,0128,N,VIIRS,n,2,289.59,1.48,N,0
42.98485,-5.87265,311.67,0.42,0.61,2023-08-24,0128,N,VIIRS,n,2,286.52,0.78,N,0
43.52969,-5.72916,304.5,0.41,0.61,2023-08-24,0128,N,VIIRS,n,2,292.5,1.11,N,2
42.98465,-5.86707,304.81,0.42,0.61,2023-08-24,0128,N,VIIRS,n,2,286.3,0.78,N,0
42.9791,-5.87182,333.22,0.42,0.61,2023-08-24,0128,N,VIIRS,n,2,288.74,3.62,N,0
42.97891,-5.86625,318.14,0.42,0.61,2023-08-24,0128,N,VIIRS,n,2,286.76,3.62,N,0
42.98288,-5.87353,330.56,0.42,0.61,2023-08-24,0128,N,VIIRS,n,2,288.07,5.48,N,0
43.52987,-5.73415,315.89,0.41,0.61,2023-08-24,0128,N,VIIRS,n,2,291.74,1.78,N,2
42.98266,-5.86784,331.91,0.42,0.61,2023-08-24,0128,N,VIIRS,n,2,287.96,4.18,N,0
42.97715,-5.87314,303.21,0.42,0.61,2023-08-24,0128,N,VIIRS,n,2,287.06,1.75,N,0
42.97693,-5.86765,296.84,0.42,0.61,2023-08-24,0128,N,VIIRS,n,2,286.6,0.83,N,0
42.87556,-4.16225,303.19,0.34,0.56,2023-08-24,0128,N,VIIRS,n,2,290.94,0.69,N,0
43.03418,-2.22267,305.59,0.55,0.51,2023-08-24,0128,N,VIIRS,n,2,292.17,1.31,N,2
43.52401,-5.72968,302.33,0.41,0.61,2023-08-24,0128,N,VIIRS,n,2,291.8,1.11,N,2
42.99134,-2.08088,340.54,0.54,0.51,2023-08-24,0128,N,VIIRS,n,2,297.19,21.89,N,0
42.99091,-2.07434,337.9,0.54,0.51,2023-08-24,0128,N,VIIRS,n,2,295.82,12.63,N,0
42.9863,-2.07626,313.06,0.54,0.51,2023-08-24,0128,N,VIIRS,n,2,292.97,3.88,N,0
42.98968,-2.08151,339.22,0.54,0.51,2023-08-24,0128,N,VIIRS,n,2,296.15,18.74,N,0
42.9892,-2.07496,336.22,0.54,0.51,2023-08-24,0128,N,VIIRS,n,2,296.59,18.74,N,0
41.31464,1.65933,309.7,0.51,0.41,2023-08-24,0129,N,VIIRS,n,2,297.19,1.96,N,2
39.06932,-1.75728,308.36,0.47,0.48,2023-08-24,0129,N,VIIRS,n,2,289.13,1.28,N,0
39.06885,-1.7518,299.83,0.47,0.48,2023-08-24,0129,N,VIIRS,n,2,289.37,0.92,N,0
37.6682,-5.16367,315.99,0.35,0.56,2023-08-24,0130,N,VIIRS,n,2,295.45,1.25,N,0
42.98838,-2.07907,334.62,0.5,0.66,2023-08-24,0308,N,VIIRS,n,2,292.02,5.71,N,0
42.99065,-2.08645,313.87,0.5,0.66,2023-08-24,0308,N,VIIRS,n,2,291.15,5.2,N,0
42.99205,-2.08367,347.59,0.5,0.65,2023-08-24,0308,N,VIIRS,n,2,293.15,7.36,N,0
39.06878,-1.75611,297.79,0.67,0.74,2023-08-24,0309,N,VIIRS,n,2,287.14,0.78,N,0
42.73013,-5.22958,308.1,0.36,0.57,2023-08-24,0309,N,VIIRS,n,2,287.34,0.99,N,0
42.73515,-5.22705,299.14,0.36,0.57,2023-08-24,0309,N,VIIRS,n,2,286.86,0.99,N,0
42.9739,-5.86582,308.83,0.33,0.55,2023-08-24,0309,N,VIIRS,n,2,288.57,2.4,N,0
43.56229,-5.72501,303.38,0.32,0.55,2023-08-24,0309,N,VIIRS,n,2,292.12,0.47,N,2
43.52662,-5.73459,349.64,0.32,0.55,2023-08-24,0309,N,VIIRS,n,2,294.74,2.56,N,2
43.52554,-5.73061,304.77,0.32,0.55,2023-08-24,0309,N,VIIRS,n,2,292.57,2.56,N,2
42.98452,-5.86438,315.68,0.33,0.55,2023-08-24,0309,N,VIIRS,n,2,288.74,0.99,N,0
42.9799,-5.86763,367,0.33,0.55,2023-08-24,0309,N,VIIRS,h,2,291.76,2.4,N,0
42.97882,-5.86366,302.11,0.33,0.55,2023-08-24,0309,N,VIIRS,n,2,287.6,2.4,N,0
42.98091,-5.87135,306.66,0.33,0.55,2023-08-24,0309,N,VIIRS,n,2,287.5,4.99,N,0
42.97506,-5.87009,307.01,0.33,0.55,2023-08-24,0309,N,VIIRS,n,2,288.03,2.4,N,0
42.7263,-5.23645,301.37,0.36,0.57,2023-08-24,0309,N,VIIRS,n,2,288.11,1.29,N,0
42.72888,-5.22506,318.31,0.36,0.57,2023-08-24,0309,N,VIIRS,n,2,284.91,0.99,N,0
37.66596,-5.16269,306.6,0.5,0.66,2023-08-24,0310,N,VIIRS,n,2,293.4,0.91,N,0
37.66501,-5.16297,309.51,0.5,0.66,2023-08-24,0310,N,VIIRS,n,2,293.56,0.88,N,0
38.66913,-4.04887,306.69,0.53,0.67,2023-08-24,0310,N,VIIRS,n,2,293.26,1.18,N,0
38.66737,-4.04298,303.65,0.53,0.67,2023-08-24,0310,N,VIIRS,n,2,291.69,1.18,N,0
38.66138,-4.04554,326.26,0.53,0.67,2023-08-24,0310,N,VIIRS,n,2,290.76,2.04,N,0
38.66316,-4.05149,310.78,0.53,0.67,2023-08-24,0310,N,VIIRS,n,2,290.69,2.04,N,2
39.03292,-0.48558,336.65,0.4,0.37,2023-08-24,1251,N,VIIRS,l,2,311.1,6.04,D,0
42.62088,-1.77657,341.26,0.4,0.37,2023-08-24,1252,N,VIIRS,l,2,311.49,32.19,D,0
41.71405,0.35435,348.76,0.38,0.36,2023-08-24,1252,N,VIIRS,n,2,312.24,6.29,D,0
41.09569,1.19781,339.34,0.38,0.36,2023-08-24,1252,N,VIIRS,n,2,309.88,3.51,D,0
42.6167,-1.78042,337.49,0.4,0.37,2023-08-24,1252,N,VIIRS,l,2,309.27,3.58,D,0
42.37951,-3.88909,340.04,0.46,0.39,2023-08-24,1252,N,VIIRS,l,2,313.68,4.81,D,0
42.98072,-5.86458,336.58,0.54,0.42,2023-08-24,1252,N,VIIRS,n,2,300.35,16.94,D,0
43.54049,-5.83373,330.24,0.52,0.42,2023-08-24,1253,N,VIIRS,n,2,294.09,2.71,D,2
41.95863,-7.35121,332.92,0.68,0.74,2023-08-24,1433,N,VIIRS,n,2,299.16,6.48,D,0
41.95167,-7.3506,333.17,0.68,0.74,2023-08-24,1433,N,VIIRS,n,2,299.92,6.7,D,0
41.95655,-7.35241,351.32,0.68,0.74,2023-08-24,1433,N,VIIRS,n,2,300.02,10.17,D,0
42.63252,-1.81658,325.77,0.45,0.63,2023-08-25,0109,N,VIIRS,n,2,288.56,1.47,N,0
42.63842,-1.81636,303.1,0.45,0.63,2023-08-25,0109,N,VIIRS,n,2,288.44,1.47,N,0
42.63234,-1.81069,300.99,0.45,0.63,2023-08-25,0109,N,VIIRS,n,2,288.19,1.47,N,0
39.9529,-0.00497,307.28,0.35,0.56,2023-08-25,0110,N,VIIRS,n,2,296.98,1.43,N,2
40.57679,0.5409,306.86,0.33,0.55,2023-08-25,0110,N,VIIRS,n,2,295.68,1.39,N,2
38.37607,-0.54489,305.79,0.36,0.57,2023-08-25,0110,N,VIIRS,n,2,295.23,0.59,N,2
37.56821,-0.92044,307.38,0.37,0.58,2023-08-25,0111,N,VIIRS,n,2,296.27,1.34,N,2
37.56914,-0.91957,309.82,0.37,0.58,2023-08-25,0111,N,VIIRS,n,2,296.52,2.03,N,2
42.55281,-6.77099,301.48,0.56,0.43,2023-08-25,0250,N,VIIRS,n,2,288.93,0.6,N,2
42.634,-1.81067,310.2,0.63,0.54,2023-08-25,0250,N,VIIRS,n,2,288.69,3,N,0
42.63591,-1.81784,323.27,0.63,0.54,2023-08-25,0250,N,VIIRS,n,2,288.9,5.61,N,0
42.55396,-6.77016,302,0.56,0.43,2023-08-25,0250,N,VIIRS,n,2,289.12,0.71,N,0
41.40919,1.99682,304.05,0.51,0.66,2023-08-25,0250,N,VIIRS,n,2,293.68,0.7,N,2
39.93718,-3.74194,305.64,0.59,0.53,2023-08-25,0251,N,VIIRS,n,2,293.54,0.94,N,2
40.4185,-6.12752,301.44,0.44,0.46,2023-08-25,0251,N,VIIRS,n,2,289.12,0.42,N,0
40.41315,-6.12383,304.41,0.44,0.46,2023-08-25,0251,N,VIIRS,n,2,287.8,0.94,N,0
40.41485,-6.12442,328.96,0.44,0.46,2023-08-25,0251,N,VIIRS,n,2,288.94,1.31,N,0
37.35904,-5.86463,307.45,0.53,0.5,2023-08-25,0251,N,VIIRS,n,2,295.45,1.55,N,2
37.66724,-5.16234,306.77,0.57,0.52,2023-08-25,0251,N,VIIRS,n,2,293.86,1.2,N,0
40.41731,-6.12235,302.18,0.44,0.46,2023-08-25,0251,N,VIIRS,n,2,287.98,0.42,N,0
42.63605,-1.81236,343.79,0.39,0.44,2023-08-25,1233,N,VIIRS,n,2,305.01,7.16,D,0
41.81897,2.49746,341.13,0.42,0.38,2023-08-25,1233,N,VIIRS,n,2,314.78,55.58,D,0
39.08101,-4.7881,346.99,0.51,0.66,2023-08-25,1413,N,VIIRS,n,2,293.77,8.92,D,0
39.0812,-4.78222,341.67,0.51,0.66,2023-08-25,1413,N,VIIRS,n,2,290.97,8.92,D,0
40.0592,-5.72624,352.3,0.46,0.64,2023-08-25,1413,N,VIIRS,n,2,298.72,12.96,D,0
39.08699,-4.79452,333.3,0.51,0.66,2023-08-25,1413,N,VIIRS,n,2,289.21,7.77,D,0
39.0868,-4.80037,354.06,0.51,0.66,2023-08-25,1413,N,VIIRS,n,2,293.57,7.77,D,0
37.56968,-0.92406,309.7,0.67,0.74,2023-08-26,0052,N,VIIRS,n,2,290.4,2.17,N,2
43.3475,-8.43453,299.1,0.38,0.36,2023-08-26,0231,N,VIIRS,n,2,286.56,0.61,N,2
41.40691,1.99681,304.4,0.61,0.53,2023-08-26,0231,N,VIIRS,n,2,291.55,0.96,N,2
38.37844,-0.54596,304.58,0.54,0.51,2023-08-26,0232,N,VIIRS,n,2,293.21,1,N,2
37.6684,-5.16387,308.11,0.5,0.41,2023-08-26,0233,N,VIIRS,n,2,294.28,0.9,N,0
37.80247,-5.12409,316.21,0.5,0.41,2023-08-26,0233,N,VIIRS,n,2,295.39,2.37,N,0
37.8023,-5.12492,318.41,0.5,0.41,2023-08-26,0233,N,VIIRS,n,2,295.31,2.67,N,0
37.35836,-5.86374,310.42,0.47,0.4,2023-08-26,0233,N,VIIRS,n,2,296.17,2.46,N,2
43.53946,-5.83056,326.39,0.47,0.64,2023-08-26,1215,N,VIIRS,n,2,285.83,1.64,D,2
40.29457,-4.54019,349.74,0.6,0.53,2023-08-26,1355,N,VIIRS,n,2,303.69,10.54,D,0
40.29952,-4.54042,343.53,0.6,0.53,2023-08-26,1355,N,VIIRS,n,2,302.38,10.54,D,0
43.52701,-5.7285,299.87,0.41,0.37,2023-08-27,0212,N,VIIRS,n,2,286.49,0.93,N,2
42.81491,-1.74092,296.43,0.4,0.37,2023-08-27,0212,N,VIIRS,n,2,284.73,0.35,N,2
43.5243,-5.73439,301.65,0.41,0.37,2023-08-27,0212,N,VIIRS,n,2,285.53,0.95,N,2
43.52769,-5.73351,304.39,0.41,0.37,2023-08-27,0212,N,VIIRS,n,2,286.15,0.93,N,2
40.24443,-3.47583,300.83,0.39,0.36,2023-08-27,0213,N,VIIRS,n,2,288.49,0.5,N,2
38.6651,-4.04858,315.7,0.39,0.36,2023-08-27,0213,N,VIIRS,n,2,289.16,1.69,N,2
39.93681,-3.74298,315.46,0.39,0.36,2023-08-27,0213,N,VIIRS,n,2,290.2,0.92,N,2
37.35982,-5.86592,316.59,0.39,0.36,2023-08-27,0214,N,VIIRS,n,2,294.79,1.64,N,2
36.1818,-5.34669,306.5,0.38,0.36,2023-08-27,0214,N,VIIRS,n,2,293.31,0.97,N,0
36.17754,-5.4271,309.07,0.38,0.36,2023-08-27,0214,N,VIIRS,n,2,293.65,0.59,N,2
37.66476,-5.16246,305.49,0.38,0.36,2023-08-27,0214,N,VIIRS,n,2,291.45,0.29,N,0
38.9016,-6.82222,336.28,0.42,0.38,2023-08-27,1335,N,VIIRS,l,2,308.97,6.46,D,0
41.40734,1.99817,311.12,0.39,0.36,2023-08-28,0154,N,VIIRS,n,2,287.72,1.32,N,2
41.3128,1.66376,299.53,0.39,0.36,2023-08-28,0154,N,VIIRS,n,2,286.9,0.61,N,2
40.24496,-3.47665,311.42,0.45,0.39,2023-08-28,0154,N,VIIRS,n,2,288.58,2.03,N,2
41.47531,2.18213,297.34,0.39,0.36,2023-08-28,0154,N,VIIRS,n,2,286.45,0.5,N,0
41.47615,-1.48826,302.8,0.41,0.37,2023-08-28,0154,N,VIIRS,n,2,285.95,0.94,N,2
42.29576,-8.17189,304.97,0.51,0.5,2023-08-28,0154,N,VIIRS,n,2,284.8,1.34,N,0
39.93707,-3.74746,301.53,0.46,0.39,2023-08-28,0154,N,VIIRS,n,2,286.24,1.6,N,2
41.45569,1.97854,301.81,0.39,0.36,2023-08-28,0154,N,VIIRS,n,2,282.73,0.71,N,2
38.03845,-1.22189,299.77,0.39,0.36,2023-08-28,0155,N,VIIRS,n,2,280.37,0.3,N,0
38.6656,-4.05106,306.41,0.46,0.39,2023-08-28,0155,N,VIIRS,n,2,287.92,1.59,N,2
38.3763,-0.54392,312.19,0.38,0.36,2023-08-28,0155,N,VIIRS,n,2,293.35,1.26,N,2
37.88099,-4.61586,300.14,0.47,0.4,2023-08-28,0155,N,VIIRS,n,2,287.6,0.45,N,0
36.96517,-1.90732,301.29,0.39,0.36,2023-08-28,0155,N,VIIRS,n,2,282.57,0.93,N,2
37.66833,-5.16432,305.03,0.49,0.4,2023-08-28,0155,N,VIIRS,n,2,288.95,0.78,N,0
37.57148,-0.91595,306.22,0.38,0.36,2023-08-28,0155,N,VIIRS,n,2,291.76,1.28,N,2
38.08799,-1.28493,298.47,0.39,0.36,2023-08-28,0155,N,VIIRS,n,2,282.04,0.23,N,0
38.28381,-1.60393,344.06,0.43,0.38,2023-08-28,1316,N,VIIRS,n,2,313.11,6.41,D,0
38.28097,-1.59831,355.19,0.43,0.38,2023-08-28,1316,N,VIIRS,n,2,312.42,6.41,D,0
38.28034,-1.60318,347.28,0.43,0.38,2023-08-28,1316,N,VIIRS,n,2,311.86,6.41,D,0
38.2879,-1.59982,336.08,0.43,0.38,2023-08-28,1316,N,VIIRS,l,2,310.8,3.75,D,0
38.28443,-1.59907,357.17,0.43,0.38,2023-08-28,1316,N,VIIRS,l,2,311.83,6.41,D,0
41.917,-8.09449,330.72,0.41,0.37,2023-08-28,1317,N,VIIRS,n,2,295.28,2.56,D,0
43.04126,-2.21722,305.74,0.45,0.47,2023-08-29,0134,N,VIIRS,n,2,285.48,0.67,N,2
43.03694,-2.21765,304.99,0.46,0.47,2023-08-29,0134,N,VIIRS,n,2,286.41,1.01,N,2
43.03691,-2.2179,304.3,0.45,0.47,2023-08-29,0134,N,VIIRS,n,2,286.5,0.67,N,2
43.03255,-2.21854,295.04,0.45,0.47,2023-08-29,0134,N,VIIRS,n,2,284.92,0.42,N,2
43.04129,-2.21697,302.76,0.46,0.47,2023-08-29,0134,N,VIIRS,n,2,285.44,1.01,N,2
41.47567,-1.48529,304.06,0.4,0.44,2023-08-29,0135,N,VIIRS,n,2,287.94,1.02,N,2
41.52931,1.80504,300.41,0.44,0.39,2023-08-29,0135,N,VIIRS,n,2,287.14,0.42,N,2
39.93625,-3.7443,305.84,0.5,0.49,2023-08-29,0135,N,VIIRS,n,2,288.55,1.07,N,2
37.65976,-5.84659,330.07,0.62,0.54,2023-08-29,0136,N,VIIRS,n,2,292.73,3.21,N,0
37.66835,-5.16307,303.97,0.57,0.52,2023-08-29,0136,N,VIIRS,n,2,290.24,0.63,N,0
37.66745,-5.16311,303.72,0.57,0.52,2023-08-29,0136,N,VIIRS,n,2,290.05,0.46,N,0
37.91948,-1.13531,305.27,0.53,0.42,2023-08-29,0136,N,VIIRS,n,2,292.79,1.06,N,0
37.9202,-1.14177,304.97,0.53,0.42,2023-08-29,0136,N,VIIRS,n,2,293.35,1.06,N,0
38.72657,-3.81161,303.59,0.49,0.49,2023-08-29,0136,N,VIIRS,n,2,283.94,0.68,N,0
37.65476,-5.84722,303.11,0.62,0.54,2023-08-29,0136,N,VIIRS,n,2,291.41,3.21,N,0
37.6602,-5.85288,328.97,0.62,0.54,2023-08-29,0136,N,VIIRS,n,2,291.49,3.74,N,0
37.6552,-5.85359,301.13,0.62,0.54,2023-08-29,0136,N,VIIRS,n,2,289.05,3.74,N,0
37.3596,-5.86421,302.21,0.56,0.69,2023-08-29,0316,N,VIIRS,n,2,291.14,0.77,N,2
36.1798,-5.42812,300.4,0.64,0.72,2023-08-29,0317,N,VIIRS,n,2,289.33,1.15,N,0
37.74974,-5.43603,348.78,0.55,0.43,2023-08-29,1257,N,VIIRS,n,2,319.04,18.24,D,0
36.98983,-5.57933,344.38,0.39,0.44,2023-08-29,1257,N,VIIRS,n,2,315.99,4.09,D,0
37.77074,-5.2099,342.76,0.54,0.42,2023-08-29,1257,N,VIIRS,n,2,310.09,3.28,D,0
38.61422,-0.58319,338.25,0.39,0.36,2023-08-29,1257,N,VIIRS,n,2,306.81,3.94,D,0
37.77146,-5.21186,341.76,0.54,0.42,2023-08-29,1257,N,VIIRS,n,2,312.16,4.03,D,0
38.61611,-0.59283,348.95,0.39,0.36,2023-08-29,1257,N,VIIRS,n,2,305.43,8.01,D,0
37.74458,-5.44118,339.64,0.55,0.43,2023-08-29,1257,N,VIIRS,l,2,313.43,7,D,0
37.74848,-5.44215,348.98,0.55,0.43,2023-08-29,1257,N,VIIRS,n,2,320.5,18.24,D,0
37.75363,-5.43702,367,0.55,0.43,2023-08-29,1257,N,VIIRS,h,2,322.6,18.24,D,0
37.75238,-5.4431,348.57,0.55,0.43,2023-08-29,1257,N,VIIRS,n,2,315.34,18.24,D,0
39.27271,-0.46244,341.31,0.38,0.36,2023-08-29,1257,N,VIIRS,n,2,308.09,3.03,D,0
39.94935,-2.60135,345.1,0.41,0.37,2023-08-29,1258,N,VIIRS,n,2,307.14,2.83,D,0
41.98832,-7.01174,296.04,0.68,0.74,2023-08-30,0116,N,VIIRS,n,2,282.18,8.58,N,0
41.98832,-7.02058,367,0.68,0.74,2023-08-30,0116,N,VIIRS,h,2,283.93,8.58,N,0
41.99664,-7.01968,339.12,0.68,0.74,2023-08-30,0116,N,VIIRS,n,2,283.3,8.18,N,0
41.47646,-1.48728,300.27,0.35,0.57,2023-08-30,0116,N,VIIRS,n,2,284.1,1,N,2
41.98965,-7.01288,316.6,0.68,0.74,2023-08-30,0116,N,VIIRS,n,2,283.16,10.76,N,0
41.99529,-7.01841,367,0.68,0.74,2023-08-30,0116,N,VIIRS,h,2,285.5,8.58,N,0
41.98969,-7.02172,367,0.68,0.74,2023-08-30,0116,N,VIIRS,h,2,284.6,21.02,N,0
39.93663,-3.74646,302.12,0.45,0.63,2023-08-30,0116,N,VIIRS,n,2,286.26,0.93,N,2
41.40694,2.00086,296.57,0.61,0.71,2023-08-30,0256,N,VIIRS,n,2,285.4,1.52,N,2
42.72961,-1.64312,299.33,0.38,0.58,2023-08-30,0256,N,VIIRS,n,2,282.51,0.82,N,0
42.73126,-1.64086,298.26,0.38,0.58,2023-08-30,0256,N,VIIRS,n,2,283.34,0.62,N,0
41.4092,1.99971,296.2,0.61,0.71,2023-08-30,0256,N,VIIRS,n,2,285.24,1.44,N,2
41.99108,-7.01433,296.48,0.44,0.46,2023-08-30,0257,N,VIIRS,n,2,280.53,1.53,N,0
41.99649,-7.01825,303.45,0.44,0.46,2023-08-30,0257,N,VIIRS,n,2,281.4,2.02,N,0
41.99227,-7.01948,329.72,0.44,0.46,2023-08-30,0257,N,VIIRS,n,2,282.24,2.02,N,0
37.66584,-5.16376,312.93,0.34,0.56,2023-08-30,0258,N,VIIRS,n,2,291.33,0.86,N,0
37.36119,-5.8643,310.01,0.32,0.55,2023-08-30,0258,N,VIIRS,n,2,292.29,1.46,N,2
37.7959,-4.48354,338.32,0.57,0.52,2023-08-30,1238,N,VIIRS,l,2,311.69,2.61,D,0
36.80651,-3.70411,336.18,0.69,0.74,2023-08-30,1419,N,VIIRS,n,2,286.95,30.63,D,0
36.79924,-3.72059,353.61,0.69,0.74,2023-08-30,1419,N,VIIRS,n,2,298.56,38,D,0
36.79232,-3.71824,338.7,0.69,0.74,2023-08-30,1419,N,VIIRS,n,2,291.75,8.93,D,0
36.7995,-3.70653,337.36,0.69,0.74,2023-08-30,1419,N,VIIRS,n,2,287.72,30.63,D,0
36.79937,-3.71405,367,0.69,0.74,2023-08-30,1419,N,VIIRS,h,2,301.62,30.63,D,0
36.80619,-3.72195,335.09,0.69,0.74,2023-08-30,1419,N,VIIRS,n,2,287.16,38,D,0
36.80632,-3.71437,356.77,0.69,0.74,2023-08-30,1419,N,VIIRS,l,2,288.46,30.63,D,0
37.79345,-4.48871,352.29,0.63,0.72,2023-08-30,1419,N,VIIRS,n,2,295.48,6.4,D,0
43.03728,-2.22194,297.09,0.68,0.74,2023-08-31,0056,N,VIIRS,n,2,282.13,1.59,N,2
40.24707,-3.47514,302.73,0.77,0.78,2023-08-31,0057,N,VIIRS,n,2,285.86,2.25,N,2
40.24654,-3.48091,302.81,0.77,0.78,2023-08-31,0057,N,VIIRS,n,2,286.12,2.01,N,2
43.04082,-2.22232,295.69,0.42,0.45,2023-08-31,0237,N,VIIRS,n,2,283.3,0.96,N,2
41.40565,1.99811,306.96,0.36,0.58,2023-08-31,0237,N,VIIRS,n,2,288.61,0.99,N,2
43.53726,-5.83103,308.66,0.44,0.39,2023-08-31,0237,N,VIIRS,n,2,287.16,0.7,N,2
43.54073,-5.82978,303.4,0.44,0.39,2023-08-31,0237,N,VIIRS,n,2,288.15,0.57,N,2
43.54383,-5.84588,298.55,0.44,0.38,2023-08-31,0237,N,VIIRS,n,2,287.87,0.61,N,2
43.52438,-5.72599,302.16,0.45,0.39,2023-08-31,0237,N,VIIRS,n,2,284.44,0.56,N,2
43.52543,-5.7314,296.75,0.45,0.39,2023-08-31,0237,N,VIIRS,n,2,285.79,0.56,N,2
43.03564,-2.21886,314.3,0.42,0.45,2023-08-31,0237,N,VIIRS,n,2,284.15,1.25,N,2
42.55044,-6.76748,296.13,0.43,0.38,2023-08-31,0238,N,VIIRS,n,2,284.32,0.82,N,2
38.37533,-0.54475,308.58,0.32,0.55,2023-08-31,0238,N,VIIRS,n,2,290.29,0.64,N,2
39.93453,-3.74581,302.69,0.41,0.45,2023-08-31,0238,N,VIIRS,n,2,287.19,1.12,N,2
39.93855,-3.7443,299.62,0.41,0.45,2023-08-31,0238,N,VIIRS,n,2,286.76,0.79,N,2
40.24246,-3.47447,314.51,0.42,0.45,2023-08-31,0238,N,VIIRS,n,2,288.03,1.58,N,2
40.24652,-3.47298,307.44,0.42,0.45,2023-08-31,0238,N,VIIRS,n,2,288.24,0.86,N,2
40.57468,0.54065,300.88,0.32,0.55,2023-08-31,0238,N,VIIRS,n,2,289.31,0.51,N,2
37.36023,-5.86498,308.51,0.55,0.43,2023-08-31,0239,N,VIIRS,n,2,292.39,1.37,N,2
37.66826,-5.1621,303.35,0.39,0.44,2023-08-31,0239,N,VIIRS,n,2,290.25,0.55,N,0
37.1454,-5.83644,302.52,0.56,0.43,2023-08-31,0239,N,VIIRS,n,2,288.8,0.9,N,0
37.35965,-5.86469,306.4,0.55,0.43,2023-08-31,0239,N,VIIRS,n,2,292.09,1.29,N,2
37.80655,-4.45224,344.05,0.49,0.65,2023-08-31,1220,N,VIIRS,n,2,304.64,5.83,D,0
40.24363,-3.47204,338.45,0.38,0.59,2023-08-31,1220,N,VIIRS,n,2,303.99,2.69,D,2
40.24509,-3.47205,336.92,0.38,0.59,2023-08-31,1220,N,VIIRS,n,2,303.99,3.07,D,2
37.80921,-4.45021,334.72,0.49,0.65,2023-08-31,1220,N,VIIRS,n,2,303.72,2.95,D,0
37.46102,-5.40364,336.06,0.56,0.69,2023-08-31,1220,N,VIIRS,n,2,304.85,2.86,D,0
43.52632,-5.73289,335.53,0.39,0.6,2023-08-31,1221,N,VIIRS,n,2,292.43,3.04,D,2
40.24611,-3.47266,331.74,0.41,0.61,2023-08-31,1401,N,VIIRS,n,2,300.12,2.6,D,2
42.81332,-1.742,305.53,0.43,0.38,2023-09-01,0218,N,VIIRS,n,2,287.13,1.14,N,2
43.30835,-3.02435,307.29,0.4,0.37,2023-09-01,0218,N,VIIRS,n,2,290.11,1.02,N,2
41.47616,-1.48571,298.73,0.46,0.39,2023-09-01,0219,N,VIIRS,n,2,286.96,0.18,N,2
41.40483,1.99787,303.13,0.43,0.46,2023-09-01,0219,N,VIIRS,n,2,288.5,0.8,N,2
40.24452,-3.47282,328.82,0.41,0.37,2023-09-01,0219,N,VIIRS,n,2,293.54,1.88,N,2
42.98617,-4.92887,299.07,0.38,0.36,2023-09-01,0219,N,VIIRS,n,2,282.46,0.73,N,0
41.45449,1.97759,302.16,0.42,0.46,2023-09-01,0219,N,VIIRS,n,2,288,1.22,N,2
41.45332,1.97952,303.93,0.42,0.46,2023-09-01,0219,N,VIIRS,n,2,288.37,0.84,N,2
40.24539,-3.4776,303.94,0.41,0.37,2023-09-01,0219,N,VIIRS,n,2,292.1,1.88,N,2
40.24588,-3.47418,329.87,0.41,0.37,2023-09-01,0219,N,VIIRS,n,2,294.68,3.76,N,2
39.93679,-3.74476,321.66,0.41,0.37,2023-09-01,0219,N,VIIRS,n,2,292.07,2.23,N,2
42.55263,-6.76857,303.84,0.39,0.36,2023-09-01,0219,N,VIIRS,n,2,289.12,0.63,N,2
37.83575,-4.55591,304.08,0.41,0.37,2023-09-01,0220,N,VIIRS,n,2,291.97,0.9,N,0
37.66677,-5.16373,310.6,0.4,0.37,2023-09-01,0220,N,VIIRS,n,2,293.03,0.73,N,0
37.35893,-5.86411,307.37,0.39,0.36,2023-09-01,0220,N,VIIRS,n,2,282.45,0.82,N,2
37.18691,-6.90526,323.13,0.38,0.36,2023-09-01,0220,N,VIIRS,n,2,282.43,2.85,N,0
38.37727,-0.54655,304.04,0.56,0.43,2023-09-01,0220,N,VIIRS,n,2,290.6,0.73,N,2
37.47065,-5.1967,338.44,0.53,0.42,2023-09-01,1341,N,VIIRS,l,2,313.31,1.84,D,0
37.13666,-2.7953,345.58,0.47,0.47,2023-09-01,1341,N,VIIRS,n,2,309.48,5.94,D,0
39.19884,-6.96432,337.84,0.47,0.4,2023-09-01,1342,N,VIIRS,n,2,311.8,1.33,D,0
41.47531,2.18147,302.57,0.42,0.38,2023-09-02,0200,N,VIIRS,n,2,290.66,0.71,N,0
41.12183,1.19495,302.48,0.4,0.37,2023-09-02,0200,N,VIIRS,n,2,290.9,0.37,N,0
40.57503,0.54286,302.76,0.4,0.37,2023-09-02,0200,N,VIIRS,n,2,292.51,1.14,N,2
40.26087,-5.54229,301.22,0.47,0.4,2023-09-02,0200,N,VIIRS,n,2,277.94,0.84,N,0
38.49285,-0.49434,338.74,0.39,0.36,2023-09-02,0201,N,VIIRS,n,2,258.36,8.8,N,0
43.52221,-5.73195,301.19,0.57,0.52,2023-09-03,0141,N,VIIRS,n,2,284.38,2.03,N,2
43.5362,-5.83338,312.9,0.58,0.52,2023-09-03,0141,N,VIIRS,n,2,283.46,3,N,2
43.52704,-5.73129,316.6,0.57,0.52,2023-09-03,0141,N,VIIRS,n,2,286.2,2.03,N,2
43.53864,-5.83203,332.15,0.58,0.52,2023-09-03,0141,N,VIIRS,n,2,285.09,7.07,N,2
43.52518,-5.73246,316.65,0.57,0.52,2023-09-03,0141,N,VIIRS,n,2,286.2,3.33,N,2
43.53001,-5.73167,296.27,0.57,0.52,2023-09-03,0141,N,VIIRS,n,2,284.82,0.87,N,2
43.54107,-5.83278,323.3,0.58,0.52,2023-09-03,0141,N,VIIRS,n,2,285.65,3,N,2
43.52592,-5.73272,304.86,0.45,0.63,2023-09-03,0321,N,VIIRS,n,2,286.83,1.6,N,2
41.31027,1.66236,299.15,0.4,0.44,2023-09-04,0122,N,VIIRS,n,2,281.99,0.83,N,2
41.31185,1.66238,299.29,0.35,0.57,2023-09-05,0103,N,VIIRS,n,2,286.93,0.51,N,2
40.24524,-3.47464,318.55,0.5,0.49,2023-09-05,0244,N,VIIRS,n,2,288.49,3.98,N,2
40.24691,-3.47318,308.08,0.5,0.49,2023-09-05,0244,N,VIIRS,n,2,287.2,2.91,N,2
38.26408,-1.57412,307.84,0.35,0.57,2023-09-05,0245,N,VIIRS,n,2,290.13,2.68,N,0
38.26511,-1.57807,348.83,0.35,0.57,2023-09-05,0245,N,VIIRS,n,2,291.02,2.68,N,0
43.52578,-5.73459,342.04,0.33,0.56,2023-09-05,1227,N,VIIRS,n,2,297.52,2.21,D,2
43.27657,-2.84177,329.05,0.5,0.49,2023-09-05,1227,N,VIIRS,n,2,296.22,4.07,D,0
43.5268,-5.73075,325.57,0.33,0.56,2023-09-05,1227,N,VIIRS,l,2,297.95,2.21,D,2
43.54098,-5.8322,339.22,0.34,0.56,2023-09-05,1228,N,VIIRS,n,2,298.81,3.58,D,2
40.24422,-3.47342,307.12,0.46,0.39,2023-09-06,0225,N,VIIRS,n,2,283.36,2.57,N,2
41.4766,-1.48903,299.59,0.53,0.42,2023-09-06,0225,N,VIIRS,n,2,289.56,0.68,N,2
42.55355,-6.7667,298.09,0.38,0.36,2023-09-06,0225,N,VIIRS,n,2,285.77,0.47,N,2
41.31394,1.66422,310.39,0.49,0.49,2023-09-06,0225,N,VIIRS,n,2,290.04,2.13,N,2
41.40748,2.00031,301.66,0.51,0.49,2023-09-06,0225,N,VIIRS,n,2,289.61,0.56,N,2
43.52281,-5.73114,318.03,0.39,0.36,2023-09-06,0225,N,VIIRS,n,2,288.9,1.37,N,2
43.52358,-5.73586,335.12,0.39,0.36,2023-09-06,0225,N,VIIRS,n,2,290.99,4.65,N,2
43.53897,-5.83036,325.73,0.39,0.36,2023-09-06,0225,N,VIIRS,n,2,289.99,3.37,N,2
43.52609,-5.73012,305.09,0.39,0.36,2023-09-06,0225,N,VIIRS,n,2,290.01,1.37,N,2
43.52687,-5.73486,338.07,0.39,0.36,2023-09-06,0225,N,VIIRS,n,2,289.6,4.65,N,2
43.52937,-5.72911,301.87,0.39,0.36,2023-09-06,0225,N,VIIRS,n,2,289.02,0.92,N,2
37.18687,-6.90559,301.63,0.4,0.37,2023-09-06,0226,N,VIIRS,n,2,291.42,0.9,N,0
37.36005,-5.86585,306.94,0.42,0.38,2023-09-06,0226,N,VIIRS,n,2,291.77,1.02,N,2
37.66515,-5.16231,301.47,0.44,0.38,2023-09-06,0226,N,VIIRS,n,2,289.74,0.63,N,0
42.08484,-0.9454,338.5,0.36,0.58,2023-09-06,1208,N,VIIRS,n,2,296.39,2.18,D,0
42.08368,-0.94962,330.47,0.36,0.58,2023-09-06,1208,N,VIIRS,n,2,295.91,2.18,D,0
38.41742,-1.40769,343.54,0.35,0.57,2023-09-06,1348,N,VIIRS,n,2,293.59,3.83,D,0
41.96334,-3.13198,300.5,0.39,0.36,2023-09-07,0206,N,VIIRS,n,2,278.61,0.71,N,0
41.40603,1.99641,310.61,0.47,0.4,2023-09-07,0206,N,VIIRS,n,2,292.37,1.43,N,2
41.45533,1.97827,306.53,0.47,0.4,2023-09-07,0206,N,VIIRS,n,2,291.95,1.36,N,2
42.81328,-1.74126,315.51,0.38,0.36,2023-09-07,0206,N,VIIRS,n,2,288.33,1.58,N,2
41.31135,1.66296,316.2,0.46,0.39,2023-09-07,0206,N,VIIRS,n,2,291.28,2.3,N,2
40.24449,-3.47568,327.77,0.39,0.36,2023-09-07,0207,N,VIIRS,n,2,289.91,2.36,N,2
37.6683,-5.16376,307.27,0.39,0.37,2023-09-07,0207,N,VIIRS,n,2,287.51,0.35,N,0
37.35972,-5.86727,304.03,0.41,0.37,2023-09-07,0207,N,VIIRS,n,2,288.63,0.63,N,2
38.37628,-0.54332,305.54,0.42,0.38,2023-09-07,0207,N,VIIRS,n,2,292.29,0.69,N,2
36.74099,-2.6911,334.56,0.49,0.4,2023-09-07,1328,N,VIIRS,n,2,297.01,1.35,D,0
41.52709,1.80751,300.99,0.39,0.36,2023-09-08,0147,N,VIIRS,n,2,289.23,0.55,N,2
41.47457,-1.48748,305.55,0.45,0.39,2023-09-08,0147,N,VIIRS,n,2,290.08,1.15,N,2
41.31103,1.6636,315.05,0.39,0.36,2023-09-08,0147,N,VIIRS,n,2,290.23,1.01,N,2
41.40583,2.00011,314.67,0.38,0.36,2023-09-08,0147,N,VIIRS,n,2,291.93,0.82,N,2
43.54028,-5.83323,320.91,0.48,0.48,2023-09-08,0147,N,VIIRS,n,2,261.54,5.41,N,2
40.24518,-3.47307,311.44,0.52,0.41,2023-09-08,0148,N,VIIRS,n,2,288.15,1.63,N,2
38.37743,-0.54338,305.77,0.4,0.37,2023-09-08,0148,N,VIIRS,n,2,292.18,0.74,N,2
40.68316,-6.44775,325,0.49,0.48,2023-09-08,0148,N,VIIRS,n,2,288.07,2.58,N,0
37.66716,-5.16062,300.92,0.39,0.44,2023-09-08,0149,N,VIIRS,n,2,290.36,0.3,N,0
36.96743,-1.90588,313.29,0.42,0.38,2023-09-08,0149,N,VIIRS,n,2,293.6,1.53,N,2
40.68225,-6.44574,307.57,0.61,0.71,2023-09-08,0328,N,VIIRS,n,2,285.18,1.39,N,0
40.68222,-6.44724,306.86,0.61,0.71,2023-09-08,0328,N,VIIRS,n,2,284.99,1.63,N,0
40.24507,-3.47399,337.63,0.38,0.36,2023-09-08,1310,N,VIIRS,n,2,307.22,4.4,D,2
43.52459,-5.73291,346.24,0.39,0.36,2023-09-08,1311,N,VIIRS,n,2,304.91,7.42,D,2
43.44122,-3.8432,337.29,0.39,0.36,2023-09-08,1311,N,VIIRS,n,2,304.61,2.49,D,2
43.53954,-5.83225,341.88,0.39,0.36,2023-09-08,1311,N,VIIRS,n,2,307.24,13.93,D,2
43.5229,-5.72961,305.02,0.41,0.61,2023-09-09,0128,N,VIIRS,n,2,276.74,1.12,N,2
41.31395,1.65966,312.97,0.51,0.41,2023-09-09,0128,N,VIIRS,n,2,291.81,1.75,N,2
41.4738,-1.48999,300.73,0.48,0.48,2023-09-09,0128,N,VIIRS,n,2,290.26,0.7,N,2
43.03566,-2.21781,302.61,0.55,0.51,2023-09-09,0128,N,VIIRS,n,2,290.69,0.89,N,2
40.68275,-6.447,299.39,0.43,0.62,2023-09-09,0129,N,VIIRS,n,2,286.63,0.43,N,0
38.37534,-0.54422,301.89,0.4,0.44,2023-09-09,0129,N,VIIRS,n,2,290.78,0.71,N,2
37.18216,-6.89829,300.58,0.43,0.62,2023-09-09,0130,N,VIIRS,n,2,289.36,0.78,N,0
37.66721,-5.16342,305.35,0.35,0.56,2023-09-09,0130,N,VIIRS,n,2,289.11,0.42,N,0
37.18266,-6.89686,300.12,0.43,0.62,2023-09-09,0130,N,VIIRS,n,2,289.01,0.88,N,0
41.1865,1.22039,307.08,0.79,0.78,2023-09-09,0308,N,VIIRS,n,2,287.75,1.79,N,0
41.18973,1.21767,306.86,0.79,0.78,2023-09-09,0308,N,VIIRS,n,2,287.54,2.45,N,0
43.53936,-5.832,298.51,0.32,0.55,2023-09-09,0308,N,VIIRS,n,2,285.73,0.78,N,2
40.24249,-3.47523,308.51,0.51,0.66,2023-09-09,0309,N,VIIRS,n,2,286.06,3.05,N,2
38.67296,-4.04848,298.54,0.53,0.67,2023-09-09,0309,N,VIIRS,n,2,286.94,1.08,N,2
40.68462,-6.44578,297.98,0.36,0.57,2023-09-09,0309,N,VIIRS,n,2,286.15,0.27,N,0
40.24314,-3.4753,309.05,0.51,0.66,2023-09-09,0309,N,VIIRS,n,2,285.91,1.3,N,2
38.66133,-4.04625,296.59,0.53,0.67,2023-09-09,0310,N,VIIRS,n,2,285.3,0.85,N,0
38.6631,-4.0522,304.12,0.53,0.67,2023-09-09,0310,N,VIIRS,n,2,285.61,0.85,N,2
38.66732,-4.04368,301.8,0.53,0.67,2023-09-09,0310,N,VIIRS,n,2,286.6,2.49,N,0
38.66907,-4.04957,324.45,0.53,0.67,2023-09-09,0310,N,VIIRS,n,2,287.46,2.49,N,2
41.31126,1.66312,331.66,0.39,0.36,2023-09-09,1251,N,VIIRS,l,2,305.69,2.19,D,2
42.30283,-1.69728,336.88,0.4,0.37,2023-09-09,1252,N,VIIRS,n,2,302.81,2.76,D,0
42.30367,-1.69245,335.57,0.4,0.37,2023-09-09,1252,N,VIIRS,n,2,302.05,2.76,D,0
43.53735,-5.83155,325.43,0.52,0.42,2023-09-09,1252,N,VIIRS,l,2,295.74,5.39,D,2
43.52209,-5.73068,330.73,0.52,0.41,2023-09-09,1252,N,VIIRS,n,2,291.6,3.25,D,2
43.53697,-5.83631,297.6,0.72,0.76,2023-09-10,0109,N,VIIRS,n,2,283.69,2.01,N,2
41.45461,1.97984,303.01,0.56,0.52,2023-09-10,0109,N,VIIRS,n,2,290.84,1.15,N,2
41.4538,1.98106,302.96,0.56,0.52,2023-09-10,0109,N,VIIRS,n,2,290.81,0.95,N,2
43.52705,-5.73489,317.06,0.71,0.75,2023-09-10,0109,N,VIIRS,n,2,285.55,4.7,N,2
43.56253,-5.72573,297.38,0.71,0.75,2023-09-10,0109,N,VIIRS,n,2,284.77,0.92,N,2
40.24559,-3.47717,313.04,0.53,0.67,2023-09-10,0110,N,VIIRS,n,2,286.24,2.43,N,2
40.24236,-3.47761,304.56,0.53,0.67,2023-09-10,0110,N,VIIRS,n,2,285.58,1.65,N,2
40.24866,-3.47726,301.46,0.53,0.67,2023-09-10,0110,N,VIIRS,n,2,285.57,0.89,N,0
36.96757,-1.90598,306.8,0.41,0.61,2023-09-10,0111,N,VIIRS,n,2,291.74,1.18,N,2
43.55134,-5.85888,300.53,0.39,0.44,2023-09-10,0250,N,VIIRS,n,2,287.91,0.73,N,2
43.5612,-5.72499,300.3,0.39,0.44,2023-09-10,0250,N,VIIRS,n,2,288.02,0.44,N,2
40.24378,-3.47204,310.69,0.6,0.53,2023-09-10,0250,N,VIIRS,n,2,287.53,3.22,N,2
41.31068,1.6632,306.8,0.5,0.66,2023-09-10,0250,N,VIIRS,n,2,287.67,2.05,N,2
43.33217,-5.77538,299.78,0.39,0.44,2023-09-10,0250,N,VIIRS,n,2,286.91,0.52,N,0
43.54343,-5.84209,303.38,0.39,0.44,2023-09-10,0250,N,VIIRS,n,2,287.72,0.56,N,2
43.54446,-5.84682,298.06,0.39,0.44,2023-09-10,0250,N,VIIRS,n,2,287.77,0.56,N,2
43.52362,-5.73223,317.08,0.39,0.44,2023-09-10,0250,N,VIIRS,n,2,288.62,1.95,N,2
43.52887,-5.73348,331.28,0.39,0.44,2023-09-10,0250,N,VIIRS,n,2,288.28,3.09,N,2
43.52779,-5.72867,325.34,0.39,0.44,2023-09-10,0250,N,VIIRS,n,2,289.09,3.09,N,2
43.55717,-5.85968,301.76,0.39,0.44,2023-09-10,0250,N,VIIRS,n,2,288,0.84,N,2
43.52495,-5.73506,325.17,0.39,0.44,2023-09-10,0250,N,VIIRS,n,2,289.67,1.94,N,2
43.55328,-5.86127,304.17,0.39,0.44,2023-09-10,0250,N,VIIRS,n,2,287.77,0.81,N,2
43.52388,-5.73032,306.53,0.39,0.44,2023-09-10,0250,N,VIIRS,n,2,288.08,1.94,N,2
43.52469,-5.73711,308.39,0.39,0.44,2023-09-10,0250,N,VIIRS,n,2,288.73,1.64,N,2
43.54527,-5.8445,308.53,0.39,0.44,2023-09-10,0250,N,VIIRS,n,2,288.24,0.87,N,2
38.37735,-0.54418,301.59,0.47,0.64,2023-09-10,0251,N,VIIRS,n,2,290.42,0.66,N,2
38.05638,-3.29237,299.38,0.35,0.57,2023-09-10,0251,N,VIIRS,n,2,288.37,0.28,N,0
36.96735,-1.90528,301.43,0.44,0.62,2023-09-10,0251,N,VIIRS,n,2,290.36,0.94,N,2
37.69838,-4.96369,295.41,0.58,0.52,2023-09-10,0251,N,VIIRS,n,2,277.86,0.97,N,0
39.61835,3.37385,335.18,0.42,0.38,2023-09-10,1232,N,VIIRS,n,2,303.8,3.22,D,0
39.71217,3.44508,339.53,0.42,0.37,2023-09-10,1232,N,VIIRS,n,2,304.24,2.81,D,0
41.34818,2.09528,306.31,0.61,0.54,2023-09-11,0231,N,VIIRS,n,2,289.54,0.71,N,0
41.34661,2.09558,305.41,0.61,0.54,2023-09-11,0231,N,VIIRS,n,2,289.46,1.16,N,0
41.31369,1.66065,314.34,0.59,0.53,2023-09-11,0231,N,VIIRS,n,2,289.43,2.23,N,2
37.66774,-5.16316,305.64,0.5,0.41,2023-09-11,0232,N,VIIRS,n,2,289.95,0.9,N,0
37.36008,-5.86695,303.41,0.47,0.4,2023-09-11,0233,N,VIIRS,n,2,290.33,0.86,N,2
37.35966,-5.86299,302.38,0.47,0.4,2023-09-11,0233,N,VIIRS,n,2,289.89,0.72,N,0
43.22682,-2.87718,327.62,0.35,0.57,2023-09-11,1215,N,VIIRS,n,2,293.56,2.73,D,0
43.53909,-5.82987,327.03,0.47,0.64,2023-09-11,1215,N,VIIRS,n,2,285.2,2.25,D,2
43.54199,-5.83157,327.51,0.47,0.64,2023-09-11,1215,N,VIIRS,n,2,286.5,3.74,D,2
36.80857,-5.65172,346.9,0.48,0.48,2023-09-11,1353,N,VIIRS,n,2,305.06,6.02,D,0
40.24249,-3.47343,331.06,0.34,0.56,2023-09-11,1354,N,VIIRS,n,2,296.2,2.97,D,2
37.26851,-7.32619,341.57,0.4,0.44,2023-09-11,1354,N,VIIRS,n,2,300.37,3.03,D,0
37.27258,-7.32682,351.07,0.4,0.44,2023-09-11,1354,N,VIIRS,n,2,301.34,7.76,D,0
37.24762,-5.92677,339.87,0.47,0.48,2023-09-11,1354,N,VIIRS,n,2,303.69,3.46,D,0
41.6474,-0.77061,301.51,0.43,0.38,2023-09-12,0212,N,VIIRS,n,2,289.2,0.67,N,0
38.37788,-0.54392,303.91,0.48,0.4,2023-09-12,0213,N,VIIRS,n,2,292.62,1.02,N,2
37.36169,-5.86628,309.07,0.39,0.36,2023-09-12,0214,N,VIIRS,n,2,291.3,1.31,N,2
36.96506,-1.90576,303.75,0.45,0.39,2023-09-12,0214,N,VIIRS,n,2,291.48,0.92,N,2
37.66653,-5.16254,310.5,0.38,0.36,2023-09-12,0214,N,VIIRS,n,2,289.88,0.62,N,0
36.9678,-1.90749,303.95,0.45,0.39,2023-09-12,0214,N,VIIRS,n,2,292.17,0.93,N,2
36.732,-6.23205,333.82,0.42,0.37,2023-09-12,1334,N,VIIRS,l,2,306.16,1.72,D,0
37.57853,-5.84479,333.47,0.44,0.38,2023-09-12,1335,N,VIIRS,l,2,307.07,1.77,D,0
39.27793,-5.22581,335.34,0.48,0.4,2023-09-12,1335,N,VIIRS,l,2,307.83,5.28,D,0
41.10214,1.18785,328.56,0.34,0.56,2023-09-12,1335,N,VIIRS,n,2,291.51,2.93,D,0
37.23116,-6.77239,335.48,0.41,0.37,2023-09-12,1335,N,VIIRS,n,2,304.73,8.06,D,0
37.68858,-4.91718,338.9,0.47,0.4,2023-09-12,1335,N,VIIRS,l,2,313.03,7.33,D,0
41.10189,1.1876,333.85,0.34,0.56,2023-09-12,1336,N,VIIRS,n,2,291.36,2.8,D,0
43.52502,-5.73384,349.09,0.5,0.41,2023-09-12,1336,N,VIIRS,n,2,294.49,10.64,D,2
43.53995,-5.8284,300.99,0.41,0.45,2023-09-13,0153,N,VIIRS,n,2,286.26,1.33,N,2
43.52653,-5.72821,305.04,0.4,0.44,2023-09-13,0153,N,VIIRS,n,2,287.42,0.99,N,2
42.87358,-4.16105,295.8,0.51,0.41,2023-09-13,0153,N,VIIRS,n,2,283.28,0.78,N,0
41.31193,1.65985,315.89,0.39,0.36,2023-09-13,0153,N,VIIRS,n,2,291.09,1.95,N,2
41.45261,1.98098,303.37,0.39,0.36,2023-09-13,0153,N,VIIRS,n,2,291.85,1.52,N,2
42.55161,-6.7672,303.18,0.44,0.46,2023-09-13,0153,N,VIIRS,n,2,285.2,1.11,N,2
43.52288,-5.73395,311.94,0.4,0.44,2023-09-13,0153,N,VIIRS,n,2,287.05,1.65,N,2
43.32557,-3.10045,298.4,0.47,0.4,2023-09-13,0153,N,VIIRS,n,2,287.54,0.61,N,0
43.54551,-5.84321,298.36,0.41,0.45,2023-09-13,0153,N,VIIRS,n,2,286.05,0.73,N,2
43.54042,-5.83361,322.04,0.41,0.45,2023-09-13,0153,N,VIIRS,n,2,287.63,2.41,N,2
43.52699,-5.73319,312.47,0.4,0.44,2023-09-13,0153,N,VIIRS,n,2,287.99,1.45,N,2
40.57586,0.54255,303.84,0.38,0.36,2023-09-13,0154,N,VIIRS,n,2,291.18,0.86,N,2
41.47626,-1.48828,304.43,0.41,0.37,2023-09-13,0154,N,VIIRS,n,2,287.49,0.9,N,2
40.24348,-3.47666,297.36,0.45,0.39,2023-09-13,0154,N,VIIRS,n,2,287.1,1.08,N,2
37.35971,-5.86775,302.2,0.52,0.42,2023-09-13,0155,N,VIIRS,n,2,292.06,0.88,N,2
36.96519,-1.9041,316.21,0.39,0.36,2023-09-13,0155,N,VIIRS,n,2,292.52,2.15,N,2
38.37975,-6.48209,302.97,0.38,0.43,2023-09-13,0155,N,VIIRS,n,2,289,0.5,N,2
38.27908,-6.15833,342.6,0.4,0.37,2023-09-13,1316,N,VIIRS,n,2,307.76,1.61,D,0
40.30522,-3.45286,335.35,0.4,0.37,2023-09-13,1316,N,VIIRS,n,2,304.59,1.4,D,0
38.91647,-6.73682,339.75,0.4,0.37,2023-09-13,1316,N,VIIRS,n,2,306.45,2.27,D,0
38.28679,-6.17457,341.61,0.4,0.37,2023-09-13,1316,N,VIIRS,n,2,306.82,5.25,D,0
38.28347,-6.17363,338.44,0.4,0.37,2023-09-13,1316,N,VIIRS,l,2,308.91,3.9,D,0
38.28422,-6.16915,356.32,0.4,0.37,2023-09-13,1316,N,VIIRS,n,2,307.44,12.97,D,0
38.28497,-6.16467,352.91,0.4,0.37,2023-09-13,1316,N,VIIRS,n,2,311.59,12.97,D,0
38.28572,-6.1602,345.11,0.4,0.37,2023-09-13,1316,N,VIIRS,n,2,308.19,5.49,D,0
38.28015,-6.17268,340.77,0.4,0.37,2023-09-13,1316,N,VIIRS,n,2,309.68,3.9,D,0
38.2809,-6.16821,351.34,0.4,0.37,2023-09-13,1316,N,VIIRS,n,2,307.31,12.97,D,0
38.28165,-6.16374,356.27,0.4,0.37,2023-09-13,1316,N,VIIRS,n,2,309.17,12.97,D,0
38.2824,-6.15927,352.94,0.4,0.37,2023-09-13,1316,N,VIIRS,n,2,307.68,5.49,D,0
38.28315,-6.1548,346.95,0.4,0.37,2023-09-13,1316,N,VIIRS,n,2,301.94,5.49,D,0
38.27833,-6.16281,344.46,0.4,0.37,2023-09-13,1316,N,VIIRS,n,2,308.45,2.37,D,0
38.27983,-6.15387,343.46,0.4,0.37,2023-09-13,1316,N,VIIRS,n,2,306.25,1.61,D,0
38.28057,-6.14941,339.39,0.4,0.37,2023-09-13,1316,N,VIIRS,n,2,295.02,3.13,D,0
37.1827,-5.62236,336.84,0.39,0.37,2023-09-13,1316,N,VIIRS,l,2,309.65,2.62,D,0
37.09745,-5.64809,335.13,0.4,0.37,2023-09-13,1316,N,VIIRS,l,2,309.9,1.71,D,0
36.87094,-5.42735,348.75,0.39,0.36,2023-09-13,1316,N,VIIRS,n,2,305.88,4.36,D,0
43.52425,-5.73266,343.48,0.39,0.36,2023-09-13,1317,N,VIIRS,n,2,296.59,8.07,D,2
42.81498,-1.74426,296.54,0.43,0.46,2023-09-14,0134,N,VIIRS,n,2,286.19,0.43,N,2
41.45432,1.97634,301.34,0.44,0.38,2023-09-14,0135,N,VIIRS,n,2,289.71,1.03,N,2
40.5768,0.54306,301.77,0.48,0.4,2023-09-14,0135,N,VIIRS,n,2,289.08,0.88,N,2
41.31103,1.65974,304.78,0.45,0.39,2023-09-14,0135,N,VIIRS,n,2,288.85,1.09,N,2
41.31459,1.66051,301.61,0.45,0.39,2023-09-14,0135,N,VIIRS,n,2,289.64,0.7,N,2
41.47665,-1.48559,296.16,0.4,0.45,2023-09-14,0135,N,VIIRS,n,2,285.56,0.11,N,2
41.19046,1.21739,301.4,0.46,0.39,2023-09-14,0135,N,VIIRS,n,2,288.41,0.82,N,0
37.66588,-5.16423,300.45,0.57,0.52,2023-09-14,0136,N,VIIRS,n,2,286.97,1.48,N,0
36.96782,-1.9067,306.18,0.57,0.43,2023-09-14,0136,N,VIIRS,n,2,293.04,1.18,N,2
37.71264,-1.48218,349.35,0.4,0.37,2023-09-14,1257,N,VIIRS,n,2,302.1,3.58,D,0
37.10374,-5.60098,333.26,0.38,0.44,2023-09-14,1257,N,VIIRS,l,2,305.46,1.33,D,0
41.31209,1.66482,330.13,0.41,0.37,2023-09-14,1258,N,VIIRS,l,2,300.39,1.27,D,2
43.52563,-5.729,325.8,0.45,0.39,2023-09-14,1259,N,VIIRS,l,2,299.98,1.85,D,2
43.53997,-5.82861,300.96,0.6,0.71,2023-09-15,0115,N,VIIRS,n,2,284.04,1.35,N,2
43.17972,-5.24077,296.21,0.56,0.69,2023-09-15,0115,N,VIIRS,n,2,280.83,1.19,N,0
43.53631,-5.8307,305.87,0.6,0.71,2023-09-15,0115,N,VIIRS,n,2,283.94,1.28,N,2
43.54295,-5.83057,299.86,0.6,0.71,2023-09-15,0115,N,VIIRS,n,2,284.99,1.25,N,2
43.54002,-5.83658,304.97,0.6,0.71,2023-09-15,0115,N,VIIRS,n,2,285.63,1.35,N,2
41.3144,1.66043,300.2,0.48,0.48,2023-09-15,0116,N,VIIRS,n,2,280.78,0.7,N,2
41.86432,1.28693,298.33,0.51,0.49,2023-09-15,0116,N,VIIRS,n,2,285.06,0.73,N,0
41.86549,1.28753,297.45,0.51,0.49,2023-09-15,0116,N,VIIRS,n,2,284.73,0.49,N,0
41.45472,1.9798,298.97,0.47,0.48,2023-09-15,0116,N,VIIRS,n,2,285.5,0.59,N,2
41.31178,1.6623,301.46,0.48,0.48,2023-09-15,0116,N,VIIRS,n,2,280.71,0.72,N,2
43.52593,-5.7294,320.32,0.46,0.47,2023-09-15,0256,N,VIIRS,n,2,284.54,1.72,N,2
43.52174,-5.73127,296.94,0.46,0.47,2023-09-15,0256,N,VIIRS,n,2,283.96,1.28,N,2
43.52726,-5.73503,298.29,0.46,0.47,2023-09-15,0256,N,VIIRS,n,2,283.24,1.72,N,2
37.50005,-5.29013,335.72,0.57,0.69,2023-09-15,1419,N,VIIRS,n,2,294.17,5.75,D,0
43.03725,-2.21992,302.74,0.68,0.74,2023-09-16,0056,N,VIIRS,n,2,282.88,2.67,N,2
43.03556,-2.22268,298.29,0.68,0.74,2023-09-16,0056,N,VIIRS,n,2,282.97,1.07,N,2
41.31388,1.65954,303.2,0.43,0.62,2023-09-16,0057,N,VIIRS,n,2,285.96,1,N,2
41.17516,1.22213,299.61,0.34,0.56,2023-09-16,0237,N,VIIRS,n,2,288.14,0.56,N,0
43.54566,-5.84524,299.29,0.39,0.36,2023-09-17,0218,N,VIIRS,n,2,287.15,0.4,N,2
43.33186,-5.77589,297.53,0.39,0.36,2023-09-17,0218,N,VIIRS,n,2,287.12,0.88,N,0
43.53694,-5.83276,317.1,0.39,0.36,2023-09-17,0218,N,VIIRS,n,2,286.23,15.95,N,2
43.54024,-5.83183,333.1,0.39,0.36,2023-09-17,0218,N,VIIRS,n,2,292.45,15.95,N,2
41.92572,0.177,329.04,0.52,0.41,2023-09-17,0218,N,VIIRS,n,2,289.15,4.41,N,2
41.92445,0.18309,304.19,0.52,0.41,2023-09-17,0218,N,VIIRS,n,2,287.32,4.41,N,2
41.45453,1.98001,305.23,0.42,0.45,2023-09-17,0218,N,VIIRS,n,2,290.11,0.98,N,2
41.406,1.9983,304.77,0.43,0.46,2023-09-17,0218,N,VIIRS,n,2,290.49,0.79,N,2
41.31201,1.66362,312.1,0.41,0.45,2023-09-17,0218,N,VIIRS,n,2,290.75,2.18,N,2
41.18892,1.21758,307.7,0.4,0.44,2023-09-17,0219,N,VIIRS,n,2,289.62,1.1,N,0
42.55173,-6.76601,295.53,0.39,0.36,2023-09-17,0219,N,VIIRS,n,2,284.05,0.98,N,0
36.9661,-1.90567,306.72,0.52,0.41,2023-09-17,0220,N,VIIRS,n,2,290.7,1.23,N,2
43.5247,-5.73242,333.78,0.39,0.44,2023-09-17,1343,N,VIIRS,n,2,293.04,5.95,D,2
42.81355,-1.74368,305.47,0.39,0.36,2023-09-18,0159,N,VIIRS,n,2,285.01,0.85,N,2
41.47626,-1.4851,296.08,0.39,0.36,2023-09-18,0200,N,VIIRS,n,2,285.54,0.09,N,2
41.31181,1.66366,300.07,0.41,0.37,2023-09-18,0200,N,VIIRS,n,2,269.12,0.56,N,2
41.92433,0.17831,329.1,0.39,0.36,2023-09-18,0200,N,VIIRS,n,2,279.9,2.21,N,2
37.66607,-5.16338,307.31,0.43,0.38,2023-09-18,0201,N,VIIRS,n,2,287.4,0.82,N,0
37.35944,-5.8665,302.71,0.45,0.39,2023-09-18,0201,N,VIIRS,n,2,289.2,0.89,N,2
36.1809,-5.42629,301.67,0.43,0.38,2023-09-18,0201,N,VIIRS,n,2,289.8,1.13,N,2
36.17742,-5.42699,312.26,0.43,0.38,2023-09-18,0201,N,VIIRS,n,2,289.47,1.13,N,2
43.52424,-5.73124,335.8,0.4,0.37,2023-09-18,1324,N,VIIRS,n,2,298.91,5.34,D,2
43.52358,-5.73622,340.15,0.4,0.37,2023-09-18,1324,N,VIIRS,n,2,299.55,5.74,D,2
42.52385,-4.82381,335.02,0.51,0.49,2023-09-19,0141,N,VIIRS,n,2,280.52,4.87,N,0
41.52596,1.80654,299.4,0.4,0.37,2023-09-19,0141,N,VIIRS,n,2,287.32,0.53,N,2
41.40513,1.99751,299.1,0.4,0.37,2023-09-19,0141,N,VIIRS,n,2,285.33,0.54,N,2
41.31214,1.66086,311.44,0.41,0.37,2023-09-19,0141,N,VIIRS,n,2,281.88,1.37,N,2
41.47504,-1.4846,296.42,0.52,0.41,2023-09-19,0141,N,VIIRS,n,2,285.59,0.54,N,2
41.19061,1.21939,298.16,0.41,0.37,2023-09-19,0141,N,VIIRS,n,2,281.63,0.61,N,0
42.52311,-4.82444,332.09,0.51,0.49,2023-09-19,0141,N,VIIRS,n,2,280.33,3.65,N,0
37.66528,-5.16358,301.07,0.47,0.48,2023-09-19,0142,N,VIIRS,n,2,287.36,0.46,N,0
43.54781,-5.84657,299.82,0.45,0.63,2023-09-19,0321,N,VIIRS,n,2,283.43,0.8,N,0
38.10979,-3.62041,336.73,0.41,0.37,2023-09-19,1303,N,VIIRS,n,2,305.83,2.81,D,0
38.109,-3.62504,335.47,0.41,0.37,2023-09-19,1303,N,VIIRS,n,2,307.24,2.81,D,0
41.506,-5.04069,337.98,0.41,0.37,2023-09-19,1304,N,VIIRS,n,2,301.27,2.28,D,0
43.03558,-2.22029,327.69,0.39,0.36,2023-09-19,1304,N,VIIRS,l,2,300.87,3.77,D,2
41.9319,-0.79905,338.84,0.4,0.37,2023-09-19,1304,N,VIIRS,n,2,301.55,1.92,D,0
41.93276,-0.79751,341.12,0.4,0.37,2023-09-19,1304,N,VIIRS,n,2,301.03,2.48,D,0
41.93211,-0.80229,337.25,0.4,0.37,2023-09-19,1304,N,VIIRS,n,2,301.9,2.48,D,0
41.93481,-0.80791,339.57,0.4,0.37,2023-09-19,1304,N,VIIRS,n,2,301.69,2.19,D,0
42.52266,-4.82506,330.91,0.4,0.37,2023-09-19,1304,N,VIIRS,n,2,297.29,7.24,D,0
43.2237,-2.88096,300.85,0.36,0.57,2023-09-20,0121,N,VIIRS,n,2,286.36,0.77,N,2
43.22629,-2.87937,305.95,0.36,0.57,2023-09-20,0121,N,VIIRS,n,2,286.43,0.66,N,2
43.22652,-2.88382,300.25,0.36,0.57,2023-09-20,0121,N,VIIRS,n,2,286.75,0.66,N,2
41.47631,-1.48988,295.73,0.58,0.52,2023-09-20,0122,N,VIIRS,n,2,283.98,0.87,N,2
38.37718,-0.54581,301.9,0.48,0.48,2023-09-20,0123,N,VIIRS,n,2,289.8,0.71,N,2
37.66399,-5.16465,300.69,0.42,0.61,2023-09-20,0123,N,VIIRS,n,2,286.47,0.52,N,0
37.66431,-5.1644,301.98,0.42,0.61,2023-09-20,0123,N,VIIRS,n,2,286.97,0.43,N,0
38.66793,-4.05228,296.2,0.38,0.59,2023-09-20,0123,N,VIIRS,n,2,285.95,1.44,N,2
43.03569,-2.22053,299.84,0.41,0.61,2023-09-20,0302,N,VIIRS,n,2,284.86,0.68,N,2
43.22306,-2.88004,301.6,0.38,0.59,2023-09-20,0302,N,VIIRS,n,2,285.59,0.44,N,2
37.66619,-5.16435,301.02,0.41,0.61,2023-09-20,0303,N,VIIRS,n,2,286.18,0.61,N,0
38.67117,-4.05258,296.75,0.44,0.63,2023-09-20,0303,N,VIIRS,n,2,286.6,0.83,N,0
37.36203,-5.86411,302.31,0.39,0.59,2023-09-20,0304,N,VIIRS,n,2,288.06,0.44,N,2
37.18766,-6.90405,302.44,0.35,0.56,2023-09-20,0304,N,VIIRS,n,2,288.3,0.37,N,0
41.23628,-5.6797,328.77,0.45,0.47,2023-09-20,1245,N,VIIRS,n,2,292.39,2.73,D,0
40.33909,-3.81194,339.22,0.39,0.44,2023-09-20,1245,N,VIIRS,n,2,299.62,5.41,D,0
43.5247,-5.7328,327.19,0.4,0.44,2023-09-20,1246,N,VIIRS,n,2,286.47,3.98,D,2
43.52869,-5.73328,327.05,0.69,0.74,2023-09-20,1427,N,VIIRS,n,2,291.3,6.27,D,2
43.52694,-5.73166,333.95,0.69,0.74,2023-09-20,1427,N,VIIRS,n,2,292.96,7.07,D,2
39.66562,-0.24815,300.47,0.43,0.62,2023-09-21,0103,N,VIIRS,n,2,290.26,0.69,N,0
41.45439,1.97799,298.36,0.34,0.56,2023-09-21,0103,N,VIIRS,n,2,287.81,0.62,N,2
39.95169,-0.00487,301.73,0.42,0.61,2023-09-21,0103,N,VIIRS,n,2,291.62,1.1,N,2
36.95799,-3.38292,296.46,0.61,0.71,2023-09-21,0104,N,VIIRS,n,2,281.38,3.4,N,0
36.9544,-3.383,305.19,0.61,0.71,2023-09-21,0104,N,VIIRS,n,2,281.9,2.34,N,0
36.95789,-3.37869,322.42,0.61,0.71,2023-09-21,0104,N,VIIRS,n,2,283.46,3.92,N,0
36.95427,-3.37873,313.97,0.61,0.71,2023-09-21,0104,N,VIIRS,n,2,282.36,2.34,N,0
41.31259,1.66029,310.98,0.42,0.61,2023-09-21,0243,N,VIIRS,n,2,288.64,1.71,N,2
37.35926,-5.86378,305.5,0.44,0.46,2023-09-21,0245,N,VIIRS,n,2,289.16,0.64,N,2
37.66582,-5.16156,307.86,0.47,0.48,2023-09-21,0245,N,VIIRS,n,2,286.6,0.5,N,0
28.00339,-15.78297,315.47,0.38,0.36,2023-09-21,0248,N,VIIRS,n,2,291.34,1.27,N,0
43.53791,-5.83209,308.54,0.39,0.36,2023-09-22,0224,N,VIIRS,n,2,278.99,1.3,N,2
43.52832,-5.7309,319.74,0.39,0.36,2023-09-22,0224,N,VIIRS,n,2,285.14,1.6,N,2
43.52755,-5.72617,318.05,0.39,0.36,2023-09-22,0224,N,VIIRS,n,2,285,1.23,N,2
43.54119,-5.83109,310.41,0.39,0.36,2023-09-22,0224,N,VIIRS,n,2,278.66,1.37,N,2
43.52504,-5.73191,299.8,0.39,0.36,2023-09-22,0224,N,VIIRS,n,2,285.39,1.6,N,2
43.33109,-5.77585,303.86,0.39,0.36,2023-09-22,0224,N,VIIRS,n,2,284.81,0.75,N,0
40.24417,-3.47835,295.7,0.46,0.39,2023-09-22,0225,N,VIIRS,n,2,283.62,1.09,N,2
41.47446,-1.48949,296,0.52,0.42,2023-09-22,0225,N,VIIRS,n,2,284.01,0.73,N,2
41.92283,0.17856,295.51,0.4,0.45,2023-09-22,0225,N,VIIRS,n,2,285.04,0.65,N,2
43.34754,-8.43436,299.71,0.4,0.37,2023-09-22,0225,N,VIIRS,n,2,284.86,0.48,N,2
41.31348,1.66033,307.66,0.49,0.49,2023-09-22,0225,N,VIIRS,n,2,281.07,1.69,N,2
40.01012,-3.89857,296.05,0.45,0.39,2023-09-22,0225,N,VIIRS,n,2,285.25,0.45,N,0
37.35884,-5.86464,304.07,0.42,0.38,2023-09-22,0226,N,VIIRS,n,2,282.93,1.15,N,2
38.37749,-6.48223,296.09,0.4,0.37,2023-09-22,0226,N,VIIRS,n,2,280.98,0.37,N,0
41.19793,1.37691,355.68,0.51,0.66,2023-09-22,1348,N,VIIRS,n,2,299.06,8.68,D,0
41.19571,1.38014,367,0.51,0.66,2023-09-22,1348,N,VIIRS,h,2,299.35,19.14,D,0
41.19585,1.38588,350.69,0.51,0.66,2023-09-22,1348,N,VIIRS,n,2,296.23,15.49,D,0
41.19191,1.38332,367,0.51,0.66,2023-09-22,1348,N,VIIRS,h,2,298.65,10.22,D,0
41.1981,1.38274,347.77,0.51,0.66,2023-09-22,1348,N,VIIRS,n,2,295.74,10.32,D,0
40.0093,-3.90259,297.07,0.39,0.36,2023-09-23,0206,N,VIIRS,n,2,284.95,0.79,N,2
43.54147,-5.83276,328.71,0.46,0.39,2023-09-23,0206,N,VIIRS,n,2,286.47,2.94,N,2
43.52944,-5.73155,301.8,0.45,0.39,2023-09-23,0206,N,VIIRS,n,2,283.33,0.94,N,2
43.52878,-5.72605,309.81,0.45,0.39,2023-09-23,0206,N,VIIRS,n,2,283.53,0.94,N,2
43.53788,-5.83358,323,0.46,0.39,2023-09-23,0206,N,VIIRS,n,2,282.34,2.94,N,2
43.52587,-5.73244,305.65,0.45,0.39,2023-09-23,0206,N,VIIRS,n,2,285.23,0.94,N,2
43.5252,-5.72686,302.47,0.45,0.39,2023-09-23,0206,N,VIIRS,n,2,283.88,0.94,N,2
43.5223,-5.73329,299.49,0.45,0.39,2023-09-23,0206,N,VIIRS,n,2,283.92,1.41,N,2
43.33034,-5.77288,298.72,0.45,0.39,2023-09-23,0206,N,VIIRS,n,2,283.09,0.84,N,2
41.92253,0.17894,320.81,0.41,0.37,2023-09-23,0206,N,VIIRS,n,2,282.62,1.67,N,2
41.47355,-1.48579,299.49,0.39,0.36,2023-09-23,0206,N,VIIRS,n,2,282.85,0.92,N,2
40.24334,-3.47595,295.16,0.39,0.36,2023-09-23,0206,N,VIIRS,n,2,283.64,0.83,N,2
37.66677,-5.1639,306.58,0.39,0.37,2023-09-23,0207,N,VIIRS,n,2,285.51,0.62,N,0
38.37731,-6.48251,298.79,0.43,0.38,2023-09-23,0207,N,VIIRS,n,2,284.46,0.75,N,0
37.5704,-0.91555,307.27,0.42,0.38,2023-09-23,0207,N,VIIRS,n,2,283.16,1.31,N,2
36.96769,-1.90659,309.7,0.4,0.37,2023-09-23,0207,N,VIIRS,n,2,287.5,1.45,N,2
37.36129,-5.8648,306.44,0.41,0.37,2023-09-23,0207,N,VIIRS,n,2,288.48,0.7,N,2
41.92182,0.17976,341.05,0.51,0.49,2023-09-23,1329,N,VIIRS,n,2,302.31,3.27,D,2
43.53956,-5.8336,328.57,0.44,0.38,2023-09-23,1330,N,VIIRS,l,2,301.41,2.74,D,2
43.52356,-5.73759,329.25,0.48,0.48,2023-09-24,0147,N,VIIRS,n,2,285.95,2.34,N,2
43.54294,-5.84459,304.86,0.49,0.48,2023-09-24,0147,N,VIIRS,n,2,286.19,0.75,N,2
43.54203,-5.83243,306.88,0.49,0.48,2023-09-24,0147,N,VIIRS,n,2,287.73,1.67,N,2
43.53754,-5.83311,315.81,0.49,0.48,2023-09-24,0147,N,VIIRS,n,2,286.25,1.67,N,2
43.52983,-5.7301,308.87,0.48,0.48,2023-09-24,0147,N,VIIRS,n,2,284.96,1.32,N,2
43.52308,-5.73157,323.08,0.48,0.48,2023-09-24,0147,N,VIIRS,n,2,284.99,2.34,N,2
43.2248,-2.87639,299.6,0.53,0.42,2023-09-24,0147,N,VIIRS,n,2,285.47,0.5,N,2
41.45563,1.9811,312.8,0.38,0.36,2023-09-24,0147,N,VIIRS,n,2,289.4,0.63,N,2
41.45234,1.98021,299.71,0.38,0.36,2023-09-24,0147,N,VIIRS,n,2,289.29,0.63,N,2
43.54578,-5.8447,303.29,0.49,0.48,2023-09-24,0147,N,VIIRS,n,2,286.74,1.49,N,2
43.52135,-5.73755,302.59,0.48,0.48,2023-09-24,0147,N,VIIRS,n,2,283.97,1.98,N,0
43.52536,-5.73079,327.21,0.48,0.48,2023-09-24,0147,N,VIIRS,n,2,286.95,3.61,N,2
43.5258,-5.73672,323.13,0.48,0.48,2023-09-24,0147,N,VIIRS,n,2,286.43,1.98,N,2
43.5403,-5.833,329.43,0.49,0.48,2023-09-24,0147,N,VIIRS,n,2,288.17,3.61,N,2
43.52754,-5.73085,311.44,0.48,0.48,2023-09-24,0147,N,VIIRS,n,2,286.71,2.34,N,2
38.37535,-0.54346,309.69,0.4,0.37,2023-09-24,0148,N,VIIRS,n,2,290.71,1.14,N,2
37.2362,-6.05605,306.17,0.43,0.46,2023-09-24,0148,N,VIIRS,n,2,287.96,1.75,N,0
37.23667,-6.06091,317.58,0.43,0.46,2023-09-24,0148,N,VIIRS,n,2,291.06,1.75,N,3
36.96611,-1.90735,310.8,0.42,0.38,2023-09-24,0148,N,VIIRS,n,2,293.14,1.8,N,2
37.56951,-0.91633,309.5,0.4,0.37,2023-09-24,0148,N,VIIRS,n,2,290.94,0.8,N,2
38.37879,-6.48355,297.94,0.46,0.47,2023-09-24,0148,N,VIIRS,n,2,286.78,0.65,N,2
36.48927,-4.96887,321.12,0.55,0.43,2023-09-24,0149,N,VIIRS,n,2,291.9,2.32,N,0
42.98299,-9.08703,296.36,0.39,0.59,2023-09-24,0327,N,VIIRS,n,2,283.97,0.5,N,0
43.52571,-5.72819,320.48,0.53,0.67,2023-09-24,0327,N,VIIRS,n,2,286.45,2.57,N,2
37.22658,-5.86692,339.14,0.44,0.38,2023-09-24,1309,N,VIIRS,n,2,307.43,5.02,D,0
39.94194,-6.09803,337.33,0.42,0.37,2023-09-24,1310,N,VIIRS,n,2,300.12,2.24,D,0
40.2971,-3.70713,340.21,0.38,0.36,2023-09-24,1310,N,VIIRS,n,2,306.34,3.93,D,0
43.53801,-5.83254,333.66,0.39,0.36,2023-09-24,1311,N,VIIRS,n,2,302.82,3.07,D,2
43.52388,-5.72837,329.18,0.39,0.36,2023-09-24,1311,N,VIIRS,l,2,302.62,2.48,D,2
43.52311,-5.73312,329.08,0.39,0.36,2023-09-24,1311,N,VIIRS,l,2,303.52,4.36,D,2
43.52716,-5.72938,331.31,0.39,0.36,2023-09-24,1311,N,VIIRS,l,2,302.84,2.48,D,2
43.22452,-2.87729,298.72,0.59,0.53,2023-09-25,0128,N,VIIRS,n,2,286.06,0.52,N,2
43.22884,-2.88283,297.01,0.59,0.53,2023-09-25,0128,N,VIIRS,n,2,286.2,0.58,N,2
41.31323,1.66206,311.94,0.52,0.41,2023-09-25,0128,N,VIIRS,n,2,290.47,1.79,N,2
41.45414,1.97674,302.74,0.5,0.41,2023-09-25,0128,N,VIIRS,n,2,290.19,1.7,N,2
42.54984,-6.76846,296.5,0.46,0.64,2023-09-25,0128,N,VIIRS,n,2,282.34,0.6,N,0
42.55203,-6.76943,300.19,0.46,0.64,2023-09-25,0128,N,VIIRS,n,2,284.16,0.72,N,2
43.03446,-2.21982,305.67,0.55,0.51,2023-09-25,0128,N,VIIRS,n,2,285.14,1.22,N,2
43.54095,-5.83014,301.47,0.42,0.61,2023-09-25,0128,N,VIIRS,n,2,286.34,0.84,N,2
43.52583,-5.73036,307.86,0.42,0.61,2023-09-25,0128,N,VIIRS,n,2,287.58,1.59,N,2
43.22497,-2.88489,297.43,0.59,0.53,2023-09-25,0128,N,VIIRS,n,2,285.96,1.22,N,2
38.66715,-4.05409,298.49,0.62,0.54,2023-09-25,0129,N,VIIRS,n,2,287.84,1.59,N,0
38.37444,-0.54355,300.35,0.4,0.44,2023-09-25,0129,N,VIIRS,n,2,290.3,1.14,N,2
37.22613,-6.87777,306.79,0.43,0.62,2023-09-25,0129,N,VIIRS,n,2,291.22,0.78,N,0
36.96674,-1.90577,309.01,0.46,0.47,2023-09-25,0129,N,VIIRS,n,2,292.7,1.28,N,2
37.66872,-5.16272,308.4,0.35,0.57,2023-09-25,0129,N,VIIRS,n,2,289.42,0.62,N,0
43.56244,-5.72507,296.67,0.32,0.55,2023-09-25,0308,N,VIIRS,n,2,285.73,0.35,N,2
43.5266,-5.72831,301.01,0.32,0.55,2023-09-25,0308,N,VIIRS,n,2,286.97,0.75,N,2
43.52767,-5.7323,296.49,0.32,0.55,2023-09-25,0308,N,VIIRS,n,2,285.93,1.39,N,2
43.55846,-5.72517,296.38,0.32,0.55,2023-09-25,0308,N,VIIRS,n,2,285.34,0.32,N,2
37.36092,-5.86492,302.68,0.47,0.64,2023-09-25,0310,N,VIIRS,n,2,290.94,0.68,N,2
37.6676,-5.16029,300.64,0.5,0.66,2023-09-25,0310,N,VIIRS,n,2,288.72,0.87,N,0
37.64151,-4.69044,343.41,0.41,0.45,2023-09-25,1250,N,VIIRS,n,2,305.91,4.31,D,0
41.75391,-1.16999,350.08,0.4,0.37,2023-09-25,1251,N,VIIRS,n,2,311.71,4.61,D,0
41.75552,-1.16054,339.37,0.4,0.37,2023-09-25,1251,N,VIIRS,n,2,306.49,1.81,D,0
41.75058,-1.16899,341.96,0.4,0.37,2023-09-25,1251,N,VIIRS,n,2,307.54,4.61,D,0
41.25894,-0.46057,346.19,0.39,0.36,2023-09-25,1251,N,VIIRS,n,2,309.2,2.56,D,0
40.44473,-3.6063,346.22,0.49,0.4,2023-09-25,1251,N,VIIRS,n,2,305.47,5.47,D,0
42.02356,-1.48844,343.16,0.4,0.37,2023-09-25,1251,N,VIIRS,n,2,307.9,2.15,D,0
41.79906,-1.9871,344.83,0.41,0.37,2023-09-25,1251,N,VIIRS,n,2,306.99,3.74,D,0
41.79568,-1.98604,348.47,0.41,0.37,2023-09-25,1251,N,VIIRS,n,2,305.29,3.74,D,0
41.75805,-1.16627,356.55,0.4,0.37,2023-09-25,1251,N,VIIRS,l,2,309.51,3.96,D,0
41.75724,-1.171,337.82,0.4,0.37,2023-09-25,1251,N,VIIRS,l,2,309.41,3.96,D,0
41.75885,-1.16154,342.14,0.4,0.37,2023-09-25,1251,N,VIIRS,n,2,306.19,3.67,D,0
41.75472,-1.16526,356.92,0.4,0.37,2023-09-25,1251,N,VIIRS,l,2,307.86,4.61,D,0
40.44112,-3.60506,343.1,0.49,0.4,2023-09-25,1251,N,VIIRS,n,2,305.31,4.08,D,0
41.31313,1.66241,330.86,0.39,0.36,2023-09-25,1251,N,VIIRS,n,2,303.54,2.47,D,2
38.61037,-0.66608,346.2,0.41,0.37,2023-09-25,1251,N,VIIRS,n,2,303.37,4.92,D,0
42.02653,-1.49252,336.53,0.4,0.37,2023-09-25,1252,N,VIIRS,n,2,307.57,2.19,D,0
43.52648,-5.73034,343.38,0.52,0.41,2023-09-25,1252,N,VIIRS,n,2,299.9,10.13,D,2
43.52518,-5.73654,332.66,0.52,0.42,2023-09-25,1252,N,VIIRS,n,2,298.6,4.34,D,2
43.52646,-5.73671,329.17,0.52,0.42,2023-09-25,1252,N,VIIRS,n,2,296.73,3.84,D,2
43.52774,-5.7305,340.17,0.52,0.42,2023-09-25,1252,N,VIIRS,n,2,298.81,3.84,D,2
43.52401,-5.72907,327.24,0.52,0.42,2023-09-25,1252,N,VIIRS,l,2,299.55,5.81,D,2
43.27346,-2.02325,338.34,0.4,0.37,2023-09-25,1252,N,VIIRS,n,2,299.13,3.32,D,0
43.03404,-2.22009,327.04,0.41,0.37,2023-09-25,1252,N,VIIRS,l,2,301.79,1.55,D,2
42.86621,-2.66924,336.6,0.42,0.38,2023-09-25,1252,N,VIIRS,l,2,307.21,3.23,D,0
41.63827,-4.71287,338.74,0.51,0.41,2023-09-25,1252,N,VIIRS,n,2,304.61,5.88,D,0
42.12523,-1.67818,337.53,0.41,0.37,2023-09-25,1252,N,VIIRS,n,2,305.69,2.58,D,0
42.12607,-1.67335,335.55,0.41,0.37,2023-09-25,1252,N,VIIRS,n,2,305.75,2.58,D,0
42.02318,-1.4915,336.12,0.4,0.37,2023-09-25,1252,N,VIIRS,n,2,307.58,2.19,D,0
42.02402,-1.48669,335.74,0.4,0.37,2023-09-25,1252,N,VIIRS,n,2,307.96,2.69,D,0
42.02736,-1.4877,337.2,0.4,0.37,2023-09-25,1252,N,VIIRS,n,2,307.96,2.69,D,0
41.31421,1.66003,305.89,0.58,0.52,2023-09-26,0109,N,VIIRS,n,2,289.53,1.51,N,2
43.22655,-2.88067,298.24,0.52,0.66,2023-09-26,0109,N,VIIRS,n,2,287.47,0.57,N,2
43.0393,-2.22056,300.42,0.48,0.64,2023-09-26,0109,N,VIIRS,n,2,287.07,0.47,N,2
41.31227,1.65868,304.88,0.58,0.52,2023-09-26,0109,N,VIIRS,n,2,288.84,1.94,N,2
38.37825,-0.54427,302.33,0.36,0.57,2023-09-26,0110,N,VIIRS,n,2,290.57,0.58,N,2
39.95154,-0.00602,301.9,0.35,0.56,2023-09-26,0110,N,VIIRS,n,2,291.62,1.25,N,2
36.96452,-1.90602,304.98,0.42,0.61,2023-09-26,0110,N,VIIRS,n,2,290.96,0.64,N,2
41.31177,1.66043,312.77,0.49,0.65,2023-09-26,0249,N,VIIRS,n,2,288.74,1.81,N,2
43.03526,-2.22385,296.86,0.58,0.52,2023-09-26,0249,N,VIIRS,n,2,283.58,0.93,N,0
43.52882,-5.72765,300.12,0.39,0.44,2023-09-26,0249,N,VIIRS,n,2,283.92,1.29,N,2
43.52492,-5.72931,305.9,0.39,0.44,2023-09-26,0249,N,VIIRS,n,2,284.55,1.58,N,2
41.31091,1.66001,312.38,0.49,0.65,2023-09-26,0249,N,VIIRS,n,2,287.85,1.9,N,2
43.52598,-5.73407,300.96,0.39,0.44,2023-09-26,0249,N,VIIRS,n,2,285.72,2.02,N,2
38.37413,-0.5455,300.66,0.47,0.64,2023-09-26,0250,N,VIIRS,n,2,288.77,1,N,2
39.93787,-3.74468,297.36,0.59,0.53,2023-09-26,0250,N,VIIRS,n,2,287.02,1.02,N,2
37.6677,-5.16203,300.85,0.56,0.52,2023-09-26,0251,N,VIIRS,n,2,288.88,0.9,N,0
37.66697,-5.16234,298.91,0.57,0.52,2023-09-26,0251,N,VIIRS,n,2,288.83,0.72,N,0
37.36043,-5.86638,303.63,0.53,0.5,2023-09-26,0251,N,VIIRS,n,2,291.39,0.88,N,2
40.03091,3.82262,348.81,0.41,0.37,2023-09-26,1232,N,VIIRS,n,2,301.7,4.47,D,0
40.02836,3.8283,335.52,0.41,0.37,2023-09-26,1232,N,VIIRS,n,2,302.43,4.79,D,0
40.02419,3.82457,339.92,0.41,0.37,2023-09-26,1232,N,VIIRS,n,2,301.46,3.58,D,0
40.02755,3.8236,352.38,0.41,0.37,2023-09-26,1232,N,VIIRS,n,2,302.79,4.47,D,0
40.025,3.82927,337.59,0.41,0.37,2023-09-26,1232,N,VIIRS,n,2,302.2,3.16,D,0
40.02082,3.82553,353.75,0.41,0.37,2023-09-26,1232,N,VIIRS,n,2,302.8,3.58,D,0
40.02163,3.83023,344.04,0.41,0.37,2023-09-26,1232,N,VIIRS,n,2,302.17,3.16,D,0
40.01746,3.8265,338.66,0.41,0.37,2023-09-26,1232,N,VIIRS,n,2,302.69,2.52,D,0
40.01827,3.8312,349.3,0.41,0.37,2023-09-26,1232,N,VIIRS,n,2,303.43,7.75,D,0
39.59598,3.35754,354.13,0.42,0.38,2023-09-26,1232,N,VIIRS,n,2,301.93,4.43,D,0
43.52569,-5.73719,329,0.56,0.52,2023-09-26,1233,N,VIIRS,n,2,291.29,2.74,D,2
42.13276,-0.41357,335.84,0.52,0.42,2023-09-26,1233,N,VIIRS,n,2,302.8,2.6,D,0
42.55129,-6.76732,296.38,0.39,0.37,2023-09-27,0231,N,VIIRS,n,2,280.28,0.64,N,2
41.40754,2.00042,300.99,0.6,0.53,2023-09-27,0231,N,VIIRS,n,2,287.97,0.57,N,2
39.93695,-3.74673,305.1,0.52,0.42,2023-09-27,0231,N,VIIRS,n,2,287.37,0.9,N,2
39.93862,-3.74575,298.63,0.52,0.42,2023-09-27,0231,N,VIIRS,n,2,287.08,0.72,N,2
41.4052,2.00032,303.12,0.6,0.53,2023-09-27,0231,N,VIIRS,n,2,288.16,1.22,N,2
37.36168,-5.86558,302.96,0.47,0.4,2023-09-27,0232,N,VIIRS,n,2,292.22,1.21,N,2
36.96538,-1.90417,306.92,0.49,0.49,2023-09-27,0232,N,VIIRS,n,2,290.95,1.36,N,2
37.66803,-5.16463,302.47,0.5,0.41,2023-09-27,0232,N,VIIRS,n,2,289.11,0.67,N,0
37.87746,-0.80658,335.44,0.39,0.59,2023-09-27,1213,N,VIIRS,n,2,298.76,4.38,D,0
37.87632,-0.81085,337.62,0.39,0.59,2023-09-27,1213,N,VIIRS,n,2,298.25,2.56,D,0
42.29646,3.19436,332.06,0.39,0.44,2023-09-27,1214,N,VIIRS,n,2,295.68,4.18,D,0
42.8152,-1.7427,303.37,0.4,0.37,2023-09-28,0212,N,VIIRS,n,2,283.1,0.72,N,2
43.0408,-2.22039,297.02,0.39,0.36,2023-09-28,0212,N,VIIRS,n,2,285.32,0.58,N,2
43.03421,-2.22244,295.62,0.39,0.36,2023-09-28,0212,N,VIIRS,n,2,284.38,0.54,N,2
43.03342,-2.2177,296.23,0.39,0.36,2023-09-28,0212,N,VIIRS,n,2,284.71,0.54,N,2
43.53006,-5.73139,298.03,0.41,0.37,2023-09-28,0212,N,VIIRS,n,2,282.09,0.62,N,2
43.52938,-5.72636,299.01,0.41,0.37,2023-09-28,0212,N,VIIRS,n,2,282.28,0.59,N,2
43.54024,-5.83352,329.65,0.41,0.37,2023-09-28,0212,N,VIIRS,n,2,279.91,3.71,N,2
43.52665,-5.73226,336.37,0.41,0.37,2023-09-28,0212,N,VIIRS,n,2,286.58,6.74,N,2
43.53955,-5.82841,296.76,0.41,0.37,2023-09-28,0212,N,VIIRS,n,2,279.34,1.67,N,2
43.52598,-5.72722,304.65,0.41,0.37,2023-09-28,0212,N,VIIRS,n,2,283.17,1.21,N,2
43.52325,-5.73314,313.16,0.41,0.37,2023-09-28,0212,N,VIIRS,n,2,282.5,6.74,N,2
42.55079,-6.76842,296.52,0.43,0.38,2023-09-28,0212,N,VIIRS,n,2,283.5,0.73,N,2
41.86845,-1.20327,297.22,0.41,0.37,2023-09-28,0212,N,VIIRS,n,2,283.54,0.55,N,0
41.40566,1.99928,307.18,0.54,0.42,2023-09-28,0212,N,VIIRS,n,2,290.06,1.14,N,2
41.92324,0.17893,308.74,0.45,0.39,2023-09-28,0212,N,VIIRS,n,2,284.69,1.22,N,2
43.33003,-5.7742,297.97,0.41,0.37,2023-09-28,0212,N,VIIRS,n,2,278.54,0.59,N,2
36.96514,-1.90451,308.23,0.45,0.39,2023-09-28,0213,N,VIIRS,n,2,290.77,1.59,N,2
38.37848,-6.48402,305.22,0.39,0.37,2023-09-28,0213,N,VIIRS,n,2,290.58,0.91,N,2
37.36112,-5.86495,308.52,0.39,0.36,2023-09-28,0213,N,VIIRS,n,2,291.37,0.8,N,2
38.38013,-6.4852,301.17,0.39,0.37,2023-09-28,0213,N,VIIRS,n,2,289.07,0.47,N,2
39.93542,-3.74376,315.22,0.39,0.36,2023-09-28,0213,N,VIIRS,n,2,288.58,1.69,N,2
40.00913,-3.90121,301.27,0.39,0.36,2023-09-28,0213,N,VIIRS,n,2,289.56,0.77,N,2
37.66621,-5.16131,306.58,0.38,0.36,2023-09-28,0213,N,VIIRS,n,2,290.29,0.47,N,0
36.96832,-1.90697,305.34,0.45,0.39,2023-09-28,0213,N,VIIRS,n,2,290.88,1,N,2
38.79556,-6.33228,344.4,0.43,0.38,2023-09-28,1335,N,VIIRS,n,2,310.44,2.03,D,0
38.79494,-6.3372,339.2,0.43,0.38,2023-09-28,1335,N,VIIRS,l,2,309.93,1.59,D,0
38.79208,-6.33155,342.31,0.43,0.38,2023-09-28,1335,N,VIIRS,n,2,310.9,2.61,D,0
38.79619,-6.32734,337.25,0.43,0.38,2023-09-28,1335,N,VIIRS,l,2,310.58,2.03,D,0
43.52587,-5.73111,342.15,0.5,0.41,2023-09-28,1336,N,VIIRS,n,2,304.26,15.79,D,2
43.52867,-5.73371,341.38,0.5,0.41,2023-09-28,1336,N,VIIRS,n,2,300.53,17.9,D,2
42.63524,-1.43887,329.02,0.51,0.5,2023-09-28,1336,N,VIIRS,n,2,297.2,2.05,D,0
43.52963,-5.73188,338.06,0.5,0.41,2023-09-28,1336,N,VIIRS,n,2,300.51,5.67,D,2
41.6476,-0.76948,300.55,0.4,0.37,2023-09-29,0153,N,VIIRS,n,2,290.22,0.45,N,0
43.55452,-5.86203,305.51,0.41,0.45,2023-09-29,0153,N,VIIRS,n,2,288.75,0.86,N,2
43.53919,-5.83306,338.34,0.41,0.45,2023-09-29,0153,N,VIIRS,n,2,290.78,5.1,N,2
43.52972,-5.73135,298.55,0.4,0.45,2023-09-29,0153,N,VIIRS,n,2,288.34,0.87,N,2
43.52561,-5.7322,301.28,0.4,0.45,2023-09-29,0153,N,VIIRS,n,2,289.72,0.87,N,2
43.52514,-5.72717,302.08,0.4,0.45,2023-09-29,0153,N,VIIRS,n,2,289.41,0.78,N,2
43.04109,-2.21969,297.92,0.44,0.38,2023-09-29,0153,N,VIIRS,n,2,287.68,0.5,N,2
43.32905,-5.77362,299.76,0.4,0.45,2023-09-29,0153,N,VIIRS,n,2,288.69,0.46,N,2
42.81544,-1.74355,302.62,0.42,0.38,2023-09-29,0153,N,VIIRS,n,2,287.61,0.59,N,2
41.47554,2.18394,302.36,0.39,0.36,2023-09-29,0153,N,VIIRS,n,2,290.42,0.67,N,0
41.45609,1.98157,303.29,0.39,0.36,2023-09-29,0153,N,VIIRS,n,2,290.73,0.41,N,2
42.55141,-6.76928,300.21,0.44,0.46,2023-09-29,0153,N,VIIRS,n,2,287.46,0.73,N,2
42.31567,-5.5152,306.08,0.38,0.43,2023-09-29,0153,N,VIIRS,n,2,285.03,0.46,N,0
41.31353,1.66154,317.3,0.39,0.36,2023-09-29,0153,N,VIIRS,n,2,291.7,2.25,N,2
38.60076,-2.97964,317.95,0.42,0.38,2023-09-29,0154,N,VIIRS,n,2,289.62,2.28,N,0
38.60292,-2.96918,300.8,0.42,0.38,2023-09-29,0154,N,VIIRS,n,2,288.33,0.51,N,0
38.60356,-2.97403,316.48,0.42,0.38,2023-09-29,0154,N,VIIRS,n,2,289.9,1.62,N,0
38.37685,-0.54342,311.37,0.38,0.36,2023-09-29,0154,N,VIIRS,n,2,291.92,1.31,N,2
38.60011,-2.97479,325.87,0.42,0.38,2023-09-29,0154,N,VIIRS,n,2,289.31,2.28,N,0
37.66716,-5.16337,303.38,0.49,0.41,2023-09-29,0154,N,VIIRS,n,2,290.78,0.8,N,0
37.66199,-4.92534,306.64,0.48,0.4,2023-09-29,0154,N,VIIRS,n,2,290.84,0.77,N,0
38.37876,-6.48523,304.39,0.39,0.44,2023-09-29,0154,N,VIIRS,n,2,291.84,0.9,N,2
38.66338,-4.04895,319.6,0.46,0.39,2023-09-29,0154,N,VIIRS,n,2,285.72,2.16,N,2
36.96521,-1.90747,302.19,0.39,0.36,2023-09-29,0155,N,VIIRS,n,2,290.75,0.69,N,2
37.21702,-5.86633,340.57,0.4,0.37,2023-09-29,1315,N,VIIRS,l,2,310.89,4.72,D,0
37.22853,-5.86003,345.12,0.4,0.37,2023-09-29,1315,N,VIIRS,n,2,310.03,4.03,D,0
37.22964,-5.87426,351.96,0.4,0.37,2023-09-29,1315,N,VIIRS,n,2,309.69,1.89,D,0
37.23112,-5.86535,348.11,0.4,0.37,2023-09-29,1315,N,VIIRS,n,2,310.26,3.18,D,0
37.2263,-5.87339,351.63,0.4,0.37,2023-09-29,1315,N,VIIRS,n,2,309.76,2.57,D,0
37.22704,-5.86894,349.9,0.4,0.37,2023-09-29,1315,N,VIIRS,n,2,309.78,3.33,D,0
37.22779,-5.86448,346.3,0.4,0.37,2023-09-29,1315,N,VIIRS,n,2,309.89,3.33,D,0
37.23298,-5.87513,335.96,0.4,0.37,2023-09-29,1315,N,VIIRS,l,2,310.88,1.89,D,0
37.22296,-5.87252,340.08,0.4,0.37,2023-09-29,1315,N,VIIRS,l,2,312.8,2.57,D,0
37.2237,-5.86807,349.35,0.4,0.37,2023-09-29,1315,N,VIIRS,n,2,310.24,3.33,D,0
37.21962,-5.87165,337.71,0.4,0.37,2023-09-29,1315,N,VIIRS,l,2,311.74,1.72,D,0
39.44468,-1.70434,343.96,0.43,0.38,2023-09-29,1316,N,VIIRS,n,2,305.12,2.17,D,0
41.92277,0.18048,337.32,0.54,0.42,2023-09-29,1316,N,VIIRS,n,2,306.56,3.95,D,2
41.05705,-5.77899,343.27,0.38,0.36,2023-09-29,1316,N,VIIRS,n,2,308.49,3.98,D,0
41.5648,1.1733,341.65,0.39,0.44,2023-09-29,1316,N,VIIRS,n,2,304.11,8.03,D,0
41.56525,1.17802,344.11,0.39,0.44,2023-09-29,1316,N,VIIRS,n,2,304.16,8.03,D,0
39.87279,-6.83686,332.4,0.4,0.37,2023-09-29,1316,N,VIIRS,l,2,307.06,7.69,D,0
39.87357,-6.83225,345.82,0.4,0.37,2023-09-29,1316,N,VIIRS,n,2,308.31,35.7,D,0
39.86612,-6.83498,335.99,0.4,0.37,2023-09-29,1316,N,VIIRS,l,2,306.39,1.31,D,0
39.63099,-7.46205,340.51,0.41,0.37,2023-09-29,1316,N,VIIRS,n,2,308.84,3.45,D,0
39.63182,-7.45732,345.87,0.41,0.37,2023-09-29,1316,N,VIIRS,n,2,308.18,3.45,D,0
39.62761,-7.46103,342.53,0.41,0.37,2023-09-29,1316,N,VIIRS,n,2,307.84,3.55,D,0
39.62845,-7.4563,336.26,0.41,0.37,2023-09-29,1316,N,VIIRS,l,2,307.94,3.55,D,0
39.62928,-7.45158,339.77,0.41,0.37,2023-09-29,1316,N,VIIRS,n,2,308.06,1.9,D,0
39.63011,-7.44688,343.42,0.41,0.37,2023-09-29,1316,N,VIIRS,n,2,307.94,1.9,D,0
39.62423,-7.46002,350.86,0.41,0.37,2023-09-29,1316,N,VIIRS,n,2,309.29,3.55,D,0
39.62506,-7.4553,347.33,0.41,0.37,2023-09-29,1316,N,VIIRS,n,2,309.25,3.55,D,0
39.6259,-7.45058,339.5,0.41,0.37,2023-09-29,1316,N,VIIRS,n,2,308.78,1.9,D,0
39.62672,-7.44588,344.75,0.41,0.37,2023-09-29,1316,N,VIIRS,n,2,308.6,1.9,D,0
39.62168,-7.4543,348.63,0.41,0.37,2023-09-29,1316,N,VIIRS,n,2,309.62,4.19,D,0
39.62251,-7.4496,347.77,0.41,0.37,2023-09-29,1316,N,VIIRS,n,2,310.45,3.6,D,0
39.60763,-7.45719,336.89,0.41,0.37,2023-09-29,1316,N,VIIRS,l,2,308.95,4.07,D,0
39.60425,-7.4562,346.91,0.41,0.37,2023-09-29,1316,N,VIIRS,n,2,310.04,1.98,D,0
39.60507,-7.45146,335.66,0.41,0.37,2023-09-29,1316,N,VIIRS,l,2,309.89,1.98,D,0
39.60086,-7.45521,335.47,0.41,0.37,2023-09-29,1316,N,VIIRS,l,2,308.94,1.98,D,0
39.65693,-7.00706,357.04,0.4,0.37,2023-09-29,1316,N,VIIRS,l,2,311.62,8.76,D,0
39.65533,-7.01641,342.38,0.4,0.37,2023-09-29,1316,N,VIIRS,n,2,309.08,2.6,D,0
39.65613,-7.01173,340.08,0.4,0.37,2023-09-29,1316,N,VIIRS,n,2,309.24,2.6,D,0
39.65773,-7.0024,356.14,0.4,0.37,2023-09-29,1316,N,VIIRS,n,2,310.7,8.76,D,0
39.65358,-7.00608,356.77,0.4,0.37,2023-09-29,1316,N,VIIRS,l,2,310.34,6.77,D,0
39.65437,-7.00142,356.77,0.4,0.37,2023-09-29,1316,N,VIIRS,l,2,310.69,6.77,D,0
39.65199,-7.01542,346.56,0.4,0.37,2023-09-29,1316,N,VIIRS,n,2,309.84,3.9,D,0
39.65278,-7.01075,348.42,0.4,0.37,2023-09-29,1316,N,VIIRS,n,2,310.02,3.9,D,0
39.65517,-6.99676,338.54,0.4,0.37,2023-09-29,1316,N,VIIRS,n,2,309.38,3.32,D,0
39.65103,-7.00044,356,0.4,0.37,2023-09-29,1316,N,VIIRS,n,2,310.16,6.77,D,0
39.65182,-6.99578,339.71,0.4,0.37,2023-09-29,1316,N,VIIRS,n,2,308.81,3.32,D,0
39.8162,-5.66349,339.45,0.39,0.36,2023-09-29,1316,N,VIIRS,n,2,310.53,2.4,D,0
39.81292,-5.6626,353.19,0.39,0.36,2023-09-29,1316,N,VIIRS,n,2,310.38,5.48,D,0
41.40622,1.99779,302.33,0.44,0.38,2023-09-30,0134,N,VIIRS,n,2,291.32,0.6,N,2
42.55134,-6.7706,298.26,0.38,0.59,2023-09-30,0134,N,VIIRS,n,2,286.74,0.76,N,2
43.53907,-5.83433,322.78,0.35,0.57,2023-09-30,0134,N,VIIRS,n,2,290.58,4.49,N,2
42.55037,-6.76814,301.5,0.38,0.59,2023-09-30,0134,N,VIIRS,n,2,286.17,0.49,N,2
43.22538,-2.87691,305.18,0.5,0.49,2023-09-30,0134,N,VIIRS,n,2,289.59,0.51,N,2
43.52002,-5.73536,301.15,0.35,0.56,2023-09-30,0134,N,VIIRS,n,2,290,0.6,N,2
43.52506,-5.73051,308.31,0.35,0.56,2023-09-30,0134,N,VIIRS,n,2,291.42,1.6,N,2
43.53556,-5.83102,309.49,0.35,0.57,2023-09-30,0134,N,VIIRS,n,2,289.06,1.18,N,0
43.54086,-5.83052,347.72,0.35,0.57,2023-09-30,0134,N,VIIRS,n,2,292.07,4.91,N,2
43.53886,-5.8298,339.94,0.35,0.57,2023-09-30,0134,N,VIIRS,n,2,290.5,3.58,N,2
41.31266,1.66337,314.59,0.45,0.39,2023-09-30,0134,N,VIIRS,n,2,291.86,2.03,N,2
41.3111,1.65969,316.35,0.45,0.39,2023-09-30,0134,N,VIIRS,n,2,291.45,1.7,N,2
40.83415,-4.85968,301.19,0.59,0.53,2023-09-30,0135,N,VIIRS,n,2,285.4,0.64,N,0
40.2437,-3.47843,302.46,0.5,0.49,2023-09-30,0135,N,VIIRS,n,2,290.57,2.52,N,2
40.24324,-3.47249,319.16,0.49,0.49,2023-09-30,0135,N,VIIRS,n,2,291.28,2.12,N,2
40.24271,-3.47267,322.83,0.49,0.49,2023-09-30,0135,N,VIIRS,n,2,291.52,4.25,N,2
43.22455,-2.88015,301.72,0.52,0.67,2023-09-30,0314,N,VIIRS,n,2,289.1,1.08,N,2
43.2233,-2.8821,301.65,0.52,0.67,2023-09-30,0314,N,VIIRS,n,2,289.13,0.74,N,2
40.24353,-3.47284,308.19,0.61,0.71,2023-09-30,0315,N,VIIRS,n,2,288.82,2.82,N,2
37.5503,-1.79271,336.1,0.41,0.37,2023-09-30,1256,N,VIIRS,l,2,308.53,2.19,D,0
40.24567,-3.47563,334.19,0.43,0.38,2023-09-30,1257,N,VIIRS,n,2,307.34,3.71,D,2
39.96976,-2.96152,337.29,0.42,0.37,2023-09-30,1257,N,VIIRS,l,2,309.56,2.58,D,0
39.99223,-2.03607,336.23,0.4,0.37,2023-09-30,1257,N,VIIRS,l,2,308.12,2.67,D,0
38.56393,-1.22583,352.22,0.39,0.36,2023-09-30,1257,N,VIIRS,n,2,309.79,5.32,D,0
38.56725,-1.22671,353.28,0.39,0.36,2023-09-30,1257,N,VIIRS,n,2,309.56,5.32,D,0
38.56651,-1.2312,354.86,0.39,0.36,2023-09-30,1257,N,VIIRS,n,2,310.65,5.32,D,0
38.56577,-1.23569,352.21,0.39,0.36,2023-09-30,1257,N,VIIRS,n,2,311.81,7.48,D,0
38.56982,-1.23209,354.84,0.39,0.36,2023-09-30,1257,N,VIIRS,n,2,311.81,8.81,D,0
38.56908,-1.23658,348.97,0.39,0.36,2023-09-30,1257,N,VIIRS,n,2,310.83,5.54,D,0
39.22142,-0.38952,335.97,0.38,0.36,2023-09-30,1257,N,VIIRS,n,2,305.35,1.63,D,0
39.59015,-2.0986,342.76,0.4,0.37,2023-09-30,1257,N,VIIRS,n,2,306.78,2.66,D,0
39.58936,-2.10322,342.64,0.4,0.37,2023-09-30,1257,N,VIIRS,n,2,306.36,2.66,D,0
39.59349,-2.09954,350.06,0.4,0.37,2023-09-30,1257,N,VIIRS,n,2,305.99,2.66,D,0
39.5927,-2.10417,351.2,0.4,0.37,2023-09-30,1257,N,VIIRS,n,2,306.23,2.66,D,0
41.31317,1.66248,332.72,0.41,0.37,2023-09-30,1257,N,VIIRS,n,2,306.24,2.22,D,2
41.15472,1.05495,335.46,0.4,0.37,2023-09-30,1257,N,VIIRS,n,2,309,2.52,D,0
39.97316,-2.96252,347.68,0.42,0.37,2023-09-30,1257,N,VIIRS,n,2,308.44,8.17,D,0
37.32624,-6.86652,340.22,0.44,0.46,2023-09-30,1257,N,VIIRS,n,2,314.18,2.27,D,0
43.12508,-6.50925,339.74,0.49,0.4,2023-09-30,1258,N,VIIRS,n,2,308.32,6.59,D,0
43.25876,-4.52938,341.39,0.42,0.38,2023-09-30,1258,N,VIIRS,n,2,308.95,5.74,D,0
41.55436,-3.08355,344.85,0.41,0.37,2023-09-30,1258,N,VIIRS,n,2,306.21,2.7,D,0
43.52739,-5.73298,311.59,0.6,0.7,2023-10-01,0115,N,VIIRS,n,2,291.38,1.66,N,2
43.52076,-5.73326,313.38,0.6,0.7,2023-10-01,0115,N,VIIRS,n,2,290.21,1.66,N,2
43.53801,-5.8303,314.93,0.61,0.71,2023-10-01,0115,N,VIIRS,n,2,290.24,2.3,N,2
43.52374,-5.7305,327.34,0.6,0.7,2023-10-01,0115,N,VIIRS,n,2,291.25,3.73,N,2
43.30849,-3.02562,305.13,0.44,0.62,2023-10-01,0115,N,VIIRS,n,2,292.45,0.57,N,2
43.35785,-6.60285,337.16,0.66,0.73,2023-10-01,0115,N,VIIRS,n,2,287.49,4.24,N,0
43.35785,-6.5959,312.82,0.66,0.73,2023-10-01,0115,N,VIIRS,n,2,287.99,4.24,N,0
43.35809,-6.60079,339.52,0.66,0.73,2023-10-01,0115,N,VIIRS,n,2,287.86,4.32,N,0
43.35813,-6.61026,297.02,0.66,0.73,2023-10-01,0115,N,VIIRS,n,2,284.68,4.32,N,0
43.35806,-6.59376,299.42,0.66,0.73,2023-10-01,0115,N,VIIRS,n,2,288,3.36,N,0
43.22253,-2.8763,302.54,0.43,0.62,2023-10-01,0115,N,VIIRS,n,2,291.39,1.08,N,0
43.03402,-2.21918,302.26,0.4,0.6,2023-10-01,0115,N,VIIRS,n,2,289.48,0.58,N,2
42.5512,-6.76935,297.38,0.67,0.74,2023-10-01,0115,N,VIIRS,n,2,286.56,0.78,N,2
41.31295,1.66204,308.52,0.49,0.48,2023-10-01,0115,N,VIIRS,n,2,290.9,1.84,N,2
43.54118,-5.83303,314.97,0.61,0.71,2023-10-01,0115,N,VIIRS,n,2,291.04,2.88,N,2
40.24654,-3.47354,301.4,0.44,0.62,2023-10-01,0116,N,VIIRS,n,2,291.13,1.09,N,2
37.66515,-5.16436,305.54,0.52,0.67,2023-10-01,0116,N,VIIRS,n,2,291.4,0.66,N,0
36.58346,-4.54372,302.93,0.47,0.64,2023-10-01,0117,N,VIIRS,n,2,291.02,0.83,N,0
39.93729,-3.7437,307.54,0.35,0.57,2023-10-01,0256,N,VIIRS,n,2,289.27,0.97,N,2
43.5251,-5.72658,302.12,0.46,0.47,2023-10-01,0256,N,VIIRS,n,2,291.18,0.97,N,2
43.52223,-5.73394,302.74,0.46,0.47,2023-10-01,0256,N,VIIRS,n,2,290.85,0.97,N,2
43.54407,-5.8453,307.16,0.45,0.47,2023-10-01,0256,N,VIIRS,n,2,291,1.08,N,2
43.54148,-5.83438,310.1,0.45,0.47,2023-10-01,0256,N,VIIRS,n,2,292.02,1.92,N,2
41.31177,1.66356,305.38,0.59,0.7,2023-10-01,0256,N,VIIRS,n,2,289.22,2.36,N,2
41.31152,1.66103,312.01,0.59,0.7,2023-10-01,0256,N,VIIRS,n,2,289.86,1.91,N,2
43.3588,-6.60232,325.86,0.42,0.45,2023-10-01,0256,N,VIIRS,n,2,291.13,3,N,0
41.10721,1.17607,325.84,0.56,0.69,2023-10-01,0256,N,VIIRS,n,2,290.26,1.86,N,0
41.10516,1.18261,300.85,0.56,0.69,2023-10-01,0256,N,VIIRS,n,2,290.24,1.86,N,0
42.55232,-6.76759,297.94,0.43,0.46,2023-10-01,0256,N,VIIRS,n,2,287.2,0.5,N,2
40.24691,-3.47627,301.6,0.36,0.57,2023-10-01,0256,N,VIIRS,n,2,289.27,1.42,N,2
38.37596,-0.54531,304.28,0.56,0.69,2023-10-01,0256,N,VIIRS,n,2,291.91,1.14,N,2
40.24583,-3.47227,301.15,0.36,0.57,2023-10-01,0256,N,VIIRS,n,2,289.61,0.97,N,2
43.52642,-5.73214,312.42,0.46,0.47,2023-10-01,0256,N,VIIRS,n,2,292.43,0.97,N,2
37.3588,-5.86398,307.96,0.32,0.54,2023-10-01,0257,N,VIIRS,n,2,292.37,0.85,N,2
37.66782,-5.1637,304.84,0.34,0.56,2023-10-01,0257,N,VIIRS,n,2,290.22,0.67,N,0
38.3789,-0.54312,302.46,0.56,0.69,2023-10-01,0257,N,VIIRS,n,2,291.59,1.02,N,2
39.51645,2.77436,337.43,0.4,0.37,2023-10-01,1238,N,VIIRS,n,2,305.08,4.25,D,0
38.91853,-6.83564,336.23,0.35,0.57,2023-10-01,1238,N,VIIRS,n,2,305.07,1.13,D,0
38.41695,-5.69825,342.38,0.32,0.54,2023-10-01,1238,N,VIIRS,n,2,311.22,6.57,D,0
38.41211,-5.69631,348.77,0.32,0.54,2023-10-01,1238,N,VIIRS,n,2,315.12,6.57,D,0
38.41301,-5.69273,342.03,0.32,0.54,2023-10-01,1238,N,VIIRS,l,2,312.16,6.57,D,0
39.6003,3.12921,345.19,0.39,0.36,2023-10-01,1238,N,VIIRS,n,2,303.35,3.11,D,0
39.51567,2.76974,348.33,0.4,0.37,2023-10-01,1238,N,VIIRS,n,2,304.51,4.25,D,0
39.68145,2.70727,336.73,0.4,0.37,2023-10-01,1238,N,VIIRS,n,2,305.13,2.5,D,0
37.86915,-0.8387,343.29,0.56,0.43,2023-10-01,1238,N,VIIRS,n,2,307.12,3.72,D,0
39.6848,2.70638,336.01,0.4,0.37,2023-10-01,1238,N,VIIRS,n,2,302.19,1.7,D,0
42.92962,-4.02827,355.88,0.41,0.45,2023-10-01,1239,N,VIIRS,n,2,303.92,7.97,D,0
42.00345,0.11102,338.77,0.44,0.38,2023-10-01,1239,N,VIIRS,n,2,305.18,2.11,D,0
43.54152,-5.8301,335.08,0.48,0.48,2023-10-01,1240,N,VIIRS,n,2,300.51,7.72,D,2
38.918,-6.83674,355.74,0.47,0.64,2023-10-01,1419,N,VIIRS,n,2,306.75,5.16,D,0
43.03669,-2.21912,299.65,0.69,0.74,2023-10-02,0056,N,VIIRS,n,2,289.49,0.9,N,2
43.2243,-2.87849,302.96,0.74,0.76,2023-10-02,0056,N,VIIRS,n,2,289.9,0.95,N,2
41.45256,1.97907,303.6,0.41,0.61,2023-10-02,0056,N,VIIRS,n,2,291.21,0.96,N,2
41.31355,1.66434,307.34,0.35,0.57,2023-10-02,0237,N,VIIRS,n,2,290.34,0.92,N,2
43.52279,-5.72677,299.14,0.44,0.39,2023-10-02,0237,N,VIIRS,n,2,283.05,0.89,N,2
43.03268,-2.21895,299.87,0.41,0.45,2023-10-02,0237,N,VIIRS,n,2,288.57,0.68,N,2
41.31407,1.6624,317.23,0.35,0.57,2023-10-02,0237,N,VIIRS,n,2,291.56,1.56,N,2
41.31461,1.66046,300.71,0.35,0.57,2023-10-02,0237,N,VIIRS,n,2,290.34,0.92,N,2
37.35918,-5.867,305.49,0.55,0.43,2023-10-02,0238,N,VIIRS,n,2,292.35,1.11,N,2
39.93629,-3.74538,310.85,0.41,0.45,2023-10-02,0238,N,VIIRS,n,2,289.48,1.57,N,2
37.6685,-5.16204,298.27,0.39,0.44,2023-10-02,0238,N,VIIRS,n,2,287.47,0.35,N,0
39.38067,-3.41923,331.76,0.4,0.6,2023-10-02,1220,N,VIIRS,l,2,302.39,2.09,D,0
43.30933,-4.5997,331.17,0.36,0.57,2023-10-02,1221,N,VIIRS,n,2,299.02,4.02,D,0
37.74345,-1.03312,342.86,0.53,0.67,2023-10-02,1359,N,VIIRS,n,2,303.24,2.7,D,0
39.3809,-3.41987,336.99,0.41,0.6,2023-10-02,1400,N,VIIRS,n,2,306.05,2.43,D,0
39.02389,-5.80704,351.18,0.6,0.53,2023-10-02,1400,N,VIIRS,n,2,304.01,9.64,D,0
42.85368,-6.42239,335.18,0.39,0.36,2023-10-03,0218,N,VIIRS,n,2,288.71,7.52,N,0
42.85698,-6.4214,330.34,0.39,0.36,2023-10-03,0218,N,VIIRS,n,2,279.21,7.52,N,0
42.85038,-6.42342,331.9,0.39,0.36,2023-10-03,0218,N,VIIRS,n,2,283.24,5.26,N,0
42.85108,-6.4283,301.34,0.39,0.36,2023-10-03,0218,N,VIIRS,n,2,274.49,0.44,N,0
41.92474,0.1809,301.73,0.52,0.41,2023-10-03,0218,N,VIIRS,n,2,289.43,0.87,N,2
41.40569,1.99587,297.29,0.42,0.45,2023-10-03,0218,N,VIIRS,n,2,280.28,0.64,N,2
38.7134,-3.00786,316.69,0.44,0.38,2023-10-03,0219,N,VIIRS,n,2,285.78,1.2,N,0
37.6664,-5.16368,303.93,0.4,0.37,2023-10-03,0219,N,VIIRS,n,2,291.15,0.45,N,0
38.37967,-6.48333,307.35,0.38,0.36,2023-10-03,0219,N,VIIRS,n,2,292.56,0.94,N,2
37.57061,-0.91224,314.6,0.56,0.43,2023-10-03,0219,N,VIIRS,n,2,292.43,2.67,N,2
37.56935,-0.91243,304.66,0.56,0.43,2023-10-03,0219,N,VIIRS,n,2,292.26,0.84,N,2
38.64207,-6.26959,310.7,0.38,0.36,2023-10-03,0219,N,VIIRS,n,2,289.51,0.64,N,0
38.64536,-6.26875,303,0.38,0.36,2023-10-03,0219,N,VIIRS,n,2,289.73,0.64,N,0
38.70992,-3.00889,311.56,0.44,0.38,2023-10-03,0219,N,VIIRS,n,2,285.7,1.37,N,0
38.37603,-0.54399,305.39,0.56,0.43,2023-10-03,0219,N,VIIRS,n,2,291.66,1.29,N,2
39.93621,-3.74329,318.85,0.41,0.37,2023-10-03,0219,N,VIIRS,n,2,289.97,1.33,N,2
40.24545,-3.47446,332.21,0.41,0.37,2023-10-03,0219,N,VIIRS,n,2,293.91,4.06,N,2
41.09267,-2.97053,328.66,0.58,0.7,2023-10-03,1201,N,VIIRS,n,2,297.12,2.35,D,0
39.21076,-1.76234,355.57,0.55,0.51,2023-10-03,1341,N,VIIRS,n,2,306.41,6.65,D,0
39.21125,-1.75588,349.67,0.55,0.51,2023-10-03,1341,N,VIIRS,n,2,306.76,6.65,D,0
42.55314,-6.76584,297.06,0.56,0.43,2023-10-04,0159,N,VIIRS,n,2,286.12,0.4,N,0
42.57162,-8.99628,304.47,0.48,0.48,2023-10-04,0159,N,VIIRS,n,2,289.09,0.74,N,0
41.313,1.66105,300.14,0.41,0.37,2023-10-04,0159,N,VIIRS,n,2,289.06,0.6,N,2
42.55175,-6.76658,299.05,0.56,0.43,2023-10-04,0159,N,VIIRS,n,2,285.75,0.99,N,2
42.81347,-1.74536,298.62,0.39,0.36,2023-10-04,0159,N,VIIRS,n,2,280.38,0.86,N,2
38.37901,-6.4808,300.08,0.49,0.4,2023-10-04,0200,N,VIIRS,n,2,288.37,0.63,N,0
39.93705,-3.74574,314.21,0.41,0.37,2023-10-04,0200,N,VIIRS,n,2,289.28,1.16,N,2
39.936,-3.74395,313.35,0.41,0.37,2023-10-04,0200,N,VIIRS,n,2,290.43,1.46,N,2
40.24513,-3.47876,299.89,0.41,0.37,2023-10-04,0200,N,VIIRS,n,2,289.52,0.71,N,2
38.37719,-0.54244,307.95,0.39,0.36,2023-10-04,0200,N,VIIRS,n,2,287.64,1.28,N,2
36.96687,-1.90509,315.75,0.38,0.36,2023-10-04,0201,N,VIIRS,n,2,294.61,1.56,N,2
39.6087,-7.47523,335.69,0.39,0.36,2023-10-04,1322,N,VIIRS,l,2,307.73,2.38,D,0
37.37019,-6.3494,337.73,0.39,0.36,2023-10-04,1322,N,VIIRS,l,2,311.67,10.06,D,0
37.68949,-5.18764,334.34,0.39,0.36,2023-10-04,1322,N,VIIRS,n,2,305.95,1.74,D,0
38.27935,-1.59963,342.26,0.48,0.4,2023-10-04,1322,N,VIIRS,n,2,304.71,9.51,D,0
38.28302,-1.60038,356.69,0.48,0.4,2023-10-04,1322,N,VIIRS,l,2,306.14,9.51,D,0
40.51989,-3.19933,346.13,0.44,0.39,2023-10-04,1322,N,VIIRS,n,2,302.99,3.98,D,0
39.62262,-7.47432,348.83,0.39,0.36,2023-10-04,1322,N,VIIRS,n,2,309.19,3.76,D,0
39.6186,-7.47792,340.86,0.39,0.36,2023-10-04,1322,N,VIIRS,n,2,308.29,2.33,D,0
39.61932,-7.47342,352.58,0.39,0.36,2023-10-04,1322,N,VIIRS,n,2,309.72,2.33,D,0
39.6153,-7.47702,340.8,0.39,0.36,2023-10-04,1322,N,VIIRS,n,2,308.31,2.33,D,0
38.2867,-1.60112,341.54,0.48,0.4,2023-10-04,1322,N,VIIRS,n,2,304.12,5.86,D,0
39.20029,-5.76418,336.56,0.39,0.36,2023-10-04,1322,N,VIIRS,l,2,310.78,1.98,D,0
39.19963,-5.76862,339.15,0.39,0.36,2023-10-04,1322,N,VIIRS,l,2,311.3,2.25,D,0
39.64839,-7.0109,336.63,0.39,0.36,2023-10-04,1322,N,VIIRS,l,2,310.16,3.06,D,0
39.61118,-7.4385,341.59,0.39,0.36,2023-10-04,1322,N,VIIRS,n,2,309.87,4.18,D,0
39.61819,-7.45906,348.73,0.39,0.36,2023-10-04,1322,N,VIIRS,n,2,308.94,4.13,D,0
39.61046,-7.44298,340.7,0.39,0.36,2023-10-04,1322,N,VIIRS,n,2,309.98,2.84,D,0
39.60974,-7.44746,335.9,0.39,0.36,2023-10-04,1322,N,VIIRS,l,2,308.7,2.84,D,0
39.61448,-7.43939,346.03,0.39,0.36,2023-10-04,1322,N,VIIRS,n,2,309.48,3.05,D,0
39.61376,-7.44387,338.01,0.39,0.36,2023-10-04,1322,N,VIIRS,l,2,308.95,2.41,D,0
39.61016,-7.46626,341.35,0.39,0.36,2023-10-04,1322,N,VIIRS,n,2,308.47,3.01,D,0
39.60943,-7.47074,343.24,0.39,0.36,2023-10-04,1322,N,VIIRS,n,2,308.21,2.38,D,0
42.53214,-1.35259,338.44,0.55,0.43,2023-10-04,1323,N,VIIRS,n,2,295.66,5.49,D,0
42.55116,-6.76859,307.78,0.32,0.55,2023-10-05,0140,N,VIIRS,n,2,286.97,0.64,N,2
43.52477,-5.7335,301.69,0.58,0.52,2023-10-05,0140,N,VIIRS,n,2,288.2,1.23,N,2
43.35515,-8.45487,300.72,0.39,0.6,2023-10-05,0140,N,VIIRS,n,2,287.52,0.56,N,0
41.45343,1.97893,310.31,0.4,0.37,2023-10-05,0140,N,VIIRS,n,2,291.11,1.16,N,2
41.40566,1.99689,304.28,0.4,0.37,2023-10-05,0140,N,VIIRS,n,2,291.41,0.68,N,2
39.93516,-3.74747,299.42,0.42,0.45,2023-10-05,0141,N,VIIRS,n,2,288.17,1.33,N,2
38.37778,-0.5452,302.27,0.44,0.39,2023-10-05,0141,N,VIIRS,n,2,291.1,0.98,N,2
28.40788,-16.49938,309.36,0.59,0.53,2023-10-05,0325,N,VIIRS,n,2,297.94,3.37,N,0
28.40685,-16.49483,314.47,0.59,0.53,2023-10-05,0325,N,VIIRS,n,2,300.38,2.46,N,0
28.4058,-16.49017,309.8,0.59,0.53,2023-10-05,0325,N,VIIRS,n,2,298.31,2.46,N,0
37.03624,-2.31976,354.58,0.39,0.36,2023-10-05,1302,N,VIIRS,n,2,308.76,4.13,D,0
37.2039,-3.89994,349.03,0.43,0.38,2023-10-05,1303,N,VIIRS,n,2,311.68,4.38,D,0
37.20558,-3.89044,357.08,0.43,0.38,2023-10-05,1303,N,VIIRS,l,2,314.04,8.86,D,0
39.93272,-4.09842,356.02,0.41,0.37,2023-10-05,1303,N,VIIRS,n,2,304.54,4.85,D,0
39.9319,-4.10315,341.36,0.41,0.37,2023-10-05,1303,N,VIIRS,n,2,307.14,4.85,D,0
39.93608,-4.09944,349.71,0.41,0.37,2023-10-05,1303,N,VIIRS,n,2,305.42,3.66,D,0
39.93526,-4.10416,350.35,0.41,0.37,2023-10-05,1303,N,VIIRS,n,2,305.54,3.66,D,0
39.93444,-4.10889,356.3,0.41,0.37,2023-10-05,1303,N,VIIRS,l,2,306.86,6.93,D,0
37.20251,-3.8919,339.89,0.43,0.38,2023-10-05,1303,N,VIIRS,l,2,310.77,3.71,D,0
39.81537,-5.65865,336.52,0.45,0.39,2023-10-05,1303,N,VIIRS,l,2,307.22,2.84,D,0
37.20079,-3.90139,350.94,0.43,0.38,2023-10-05,1303,N,VIIRS,n,2,314.68,4.29,D,0
37.20681,-3.88806,349.82,0.43,0.38,2023-10-05,1303,N,VIIRS,n,2,312.59,3.71,D,0
37.20595,-3.89281,349.77,0.43,0.38,2023-10-05,1303,N,VIIRS,n,2,311.5,3.71,D,0
37.2051,-3.89756,349.43,0.43,0.38,2023-10-05,1303,N,VIIRS,n,2,312.45,4.29,D,0
37.21026,-3.88894,349.72,0.43,0.38,2023-10-05,1303,N,VIIRS,n,2,311.42,3.23,D,0
37.20769,-3.90322,342.86,0.43,0.38,2023-10-05,1303,N,VIIRS,n,2,311.44,3.01,D,0
37.03787,-2.31841,347.71,0.39,0.36,2023-10-05,1303,N,VIIRS,n,2,308.01,2.47,D,0
37.26355,-5.7413,345.07,0.5,0.41,2023-10-05,1303,N,VIIRS,n,2,319.08,47.95,D,0
38.23503,-3.08616,339.93,0.4,0.37,2023-10-05,1303,N,VIIRS,l,2,312.19,2.27,D,0
38.73212,-0.17034,331.69,0.39,0.36,2023-10-05,1303,N,VIIRS,n,2,298.5,2.32,D,0
38.67286,-3.98019,335.87,0.42,0.37,2023-10-05,1303,N,VIIRS,l,2,310.8,3.82,D,0
37.26575,-3.77996,350.2,0.42,0.38,2023-10-05,1303,N,VIIRS,n,2,315.7,4.84,D,0
37.03714,-2.32282,351.47,0.39,0.36,2023-10-05,1303,N,VIIRS,n,2,307.52,2.47,D,0
37.04119,-2.31927,339.84,0.39,0.36,2023-10-05,1303,N,VIIRS,n,2,308.02,2.47,D,0
37.04046,-2.32367,344.72,0.39,0.36,2023-10-05,1303,N,VIIRS,n,2,308.3,2.47,D,0
37.04379,-2.3245,339.12,0.39,0.36,2023-10-05,1303,N,VIIRS,n,2,308.85,2.29,D,0
37.07094,-2.28588,336.68,0.39,0.36,2023-10-05,1303,N,VIIRS,n,2,308.77,1.61,D,0
37.08059,-3.71302,336.64,0.42,0.38,2023-10-05,1303,N,VIIRS,l,2,306.84,1.1,D,0
37.20046,-3.89903,355.03,0.43,0.38,2023-10-05,1303,N,VIIRS,n,2,312.9,4.38,D,0
37.19962,-3.90379,343.36,0.43,0.38,2023-10-05,1303,N,VIIRS,l,2,315.27,4.38,D,0
37.20726,-3.88092,342.5,0.43,0.38,2023-10-05,1303,N,VIIRS,n,2,310.97,3.24,D,0
37.20642,-3.88568,345.37,0.43,0.38,2023-10-05,1303,N,VIIRS,n,2,313.45,3.24,D,0
37.20474,-3.89519,350.3,0.43,0.38,2023-10-05,1303,N,VIIRS,n,2,312.71,8.86,D,0
41.61151,-4.73199,337.04,0.41,0.37,2023-10-05,1304,N,VIIRS,n,2,304.32,5.15,D,0
40.66781,-3.15637,348.9,0.39,0.36,2023-10-05,1304,N,VIIRS,n,2,308.07,3.46,D,0
41.90337,2.05433,332.08,0.47,0.4,2023-10-05,1304,N,VIIRS,n,2,300.5,6.69,D,0
41.66436,-4.64982,339.35,0.41,0.37,2023-10-05,1304,N,VIIRS,n,2,304.78,2.33,D,0
41.66772,-4.65081,346,0.41,0.37,2023-10-05,1304,N,VIIRS,n,2,305.41,2.33,D,0
43.32481,-5.44395,329.97,0.41,0.37,2023-10-05,1304,N,VIIRS,n,2,296.8,2.63,D,0
43.52247,-5.72811,326.75,0.41,0.37,2023-10-05,1304,N,VIIRS,l,2,299.59,2.12,D,2
43.52584,-5.72925,341.35,0.41,0.37,2023-10-05,1304,N,VIIRS,n,2,301.57,6.62,D,2
43.52495,-5.73426,343.55,0.41,0.37,2023-10-05,1304,N,VIIRS,n,2,300.67,5.76,D,2
43.54018,-5.83009,340.55,0.41,0.37,2023-10-05,1304,N,VIIRS,n,2,301.51,5.11,D,2
43.53876,-5.8322,327.03,0.41,0.37,2023-10-05,1304,N,VIIRS,l,2,301.07,2.57,D,2
43.54214,-5.83334,335.81,0.41,0.37,2023-10-05,1304,N,VIIRS,n,2,301.98,2.57,D,2
43.30946,-3.02376,300.1,0.36,0.58,2023-10-06,0121,N,VIIRS,n,2,289.1,0.37,N,0
43.30608,-3.02525,303.13,0.37,0.58,2023-10-06,0121,N,VIIRS,n,2,289.71,0.27,N,2
38.66684,-4.05514,302.84,0.38,0.59,2023-10-06,0122,N,VIIRS,n,2,290.01,0.5,N,2
38.6666,-4.0506,300.88,0.38,0.59,2023-10-06,0122,N,VIIRS,n,2,287.13,0.5,N,2
39.93492,-3.74417,303.9,0.37,0.58,2023-10-06,0122,N,VIIRS,n,2,288.15,0.8,N,2
41.47384,-1.48961,299.38,0.59,0.53,2023-10-06,0122,N,VIIRS,n,2,285.29,0.71,N,2
37.57197,-0.91838,312.88,0.5,0.49,2023-10-06,0123,N,VIIRS,n,2,292.9,1.23,N,0
37.56738,-0.91849,303.02,0.5,0.49,2023-10-06,0123,N,VIIRS,n,2,292.13,1.23,N,2
39.93866,-3.7422,299.01,0.42,0.61,2023-10-06,0302,N,VIIRS,n,2,286.99,0.55,N,2
37.23077,-3.64097,330.12,0.44,0.46,2023-10-06,1244,N,VIIRS,l,2,303.53,2.28,D,0
37.76073,-7.15247,337.82,0.33,0.55,2023-10-06,1244,N,VIIRS,n,2,305.46,1.73,D,0
43.53799,-5.82876,339.91,0.41,0.45,2023-10-06,1246,N,VIIRS,n,2,298.44,8.51,D,2
43.52237,-5.72986,326.5,0.41,0.45,2023-10-06,1246,N,VIIRS,l,2,298.65,2.55,D,2
43.52636,-5.73149,352.48,0.41,0.45,2023-10-06,1246,N,VIIRS,n,2,299.63,19.53,D,2
40.14235,-5.04635,332.25,0.72,0.76,2023-10-06,1425,N,VIIRS,n,2,301.42,5.01,D,0
41.47509,-1.48732,299.21,0.52,0.67,2023-10-07,0103,N,VIIRS,n,2,287.04,1,N,2
41.31226,1.65951,306.33,0.36,0.57,2023-10-07,0103,N,VIIRS,n,2,290.12,1.06,N,2
36.17891,-5.42602,299.48,0.79,0.78,2023-10-07,0104,N,VIIRS,n,2,286.36,1.74,N,2
41.31309,1.66002,305.72,0.41,0.61,2023-10-07,0243,N,VIIRS,n,2,290.15,2.26,N,2
43.3305,-5.77662,304.04,0.5,0.41,2023-10-07,0243,N,VIIRS,n,2,288.97,0.72,N,2
41.40541,2.00049,299.47,0.43,0.62,2023-10-07,0243,N,VIIRS,n,2,289.3,0.76,N,2
42.48664,-8.42617,315.3,0.42,0.38,2023-10-07,0243,N,VIIRS,n,2,291.09,2.48,N,0
42.48571,-8.42117,332.91,0.42,0.38,2023-10-07,0243,N,VIIRS,n,2,291.58,3.18,N,0
42.49595,-8.41779,305.69,0.42,0.38,2023-10-07,0243,N,VIIRS,n,2,290.61,3.74,N,0
42.49934,-8.41658,344.38,0.42,0.38,2023-10-07,0243,N,VIIRS,n,2,294.94,3.74,N,0
41.31181,1.66453,300.56,0.41,0.61,2023-10-07,0243,N,VIIRS,n,2,289.39,1.54,N,2
41.31086,1.66028,310.79,0.41,0.61,2023-10-07,0243,N,VIIRS,n,2,290.23,1.47,N,2
43.56057,-5.72274,301.22,0.5,0.41,2023-10-07,0243,N,VIIRS,n,2,290.65,0.51,N,0
43.55243,-5.85632,302.99,0.5,0.41,2023-10-07,0243,N,VIIRS,n,2,290.44,1.51,N,2
43.52765,-5.73565,303.23,0.5,0.41,2023-10-07,0243,N,VIIRS,n,2,289.91,0.85,N,2
43.52639,-5.7295,303.3,0.5,0.41,2023-10-07,0243,N,VIIRS,n,2,290.6,1.45,N,2
43.5439,-5.83386,305.56,0.5,0.41,2023-10-07,0243,N,VIIRS,n,2,290.23,0.96,N,0
43.52399,-5.73704,300.47,0.5,0.41,2023-10-07,0243,N,VIIRS,n,2,290.18,0.85,N,2
38.37901,-0.54237,304.36,0.39,0.59,2023-10-07,0244,N,VIIRS,n,2,290.45,1.25,N,2
43.52617,-5.73309,346.12,0.34,0.56,2023-10-07,1227,N,VIIRS,n,2,301.3,5.09,D,2
43.53865,-5.83014,335.6,0.34,0.56,2023-10-07,1227,N,VIIRS,n,2,300.21,1.94,D,2
43.52724,-5.7292,325.66,0.34,0.56,2023-10-07,1227,N,VIIRS,n,2,300.49,4.68,D,2
43.52448,-5.73224,340.38,0.34,0.56,2023-10-07,1227,N,VIIRS,n,2,300.99,4.86,D,2
28.15287,-16.48422,346.78,0.42,0.37,2023-10-07,1403,N,VIIRS,n,2,314.43,3.33,D,0
28.16323,-16.46487,337.3,0.42,0.37,2023-10-07,1403,N,VIIRS,l,2,311.98,3.02,D,0
28.16253,-16.469,346.07,0.42,0.37,2023-10-07,1403,N,VIIRS,n,2,313.57,3.02,D,0
43.52747,-5.73137,329.98,0.4,0.6,2023-10-07,1407,N,VIIRS,n,2,299.74,5.27,D,2
42.81434,-1.74202,300.17,0.48,0.4,2023-10-08,0224,N,VIIRS,n,2,286.48,0.7,N,2
41.31367,1.66432,304.79,0.49,0.48,2023-10-08,0224,N,VIIRS,n,2,289.87,0.82,N,2
41.40767,1.99699,304.09,0.5,0.49,2023-10-08,0224,N,VIIRS,n,2,290.71,0.86,N,2
43.33919,-5.98003,297.31,0.38,0.36,2023-10-08,0224,N,VIIRS,n,2,287.21,0.28,N,0
43.32874,-5.77423,307.44,0.39,0.36,2023-10-08,0224,N,VIIRS,n,2,288.99,0.69,N,2
43.52262,-5.72975,306.03,0.39,0.36,2023-10-08,0224,N,VIIRS,n,2,290.47,0.79,N,2
43.52339,-5.73447,304.64,0.39,0.36,2023-10-08,0224,N,VIIRS,n,2,291.56,1.21,N,2
43.53949,-5.83356,329.93,0.39,0.36,2023-10-08,0224,N,VIIRS,n,2,293.24,7.36,N,2
43.5259,-5.72874,307.92,0.39,0.36,2023-10-08,0224,N,VIIRS,n,2,292.28,0.79,N,2
43.52668,-5.73347,313.6,0.39,0.36,2023-10-08,0224,N,VIIRS,n,2,292.33,1.24,N,2
43.52919,-5.72773,308.89,0.39,0.36,2023-10-08,0224,N,VIIRS,n,2,290.62,0.79,N,2
43.55391,-5.85883,300.45,0.39,0.36,2023-10-08,0224,N,VIIRS,n,2,289.6,0.44,N,2
42.49659,-6.31755,338.61,0.38,0.36,2023-10-08,0224,N,VIIRS,n,2,287.57,4.23,N,0
42.49987,-6.31658,314.94,0.38,0.36,2023-10-08,0224,N,VIIRS,n,2,285.65,4.23,N,0
39.22478,-6.17851,300.03,0.4,0.37,2023-10-08,0225,N,VIIRS,n,2,289.57,0.7,N,0
39.93479,-3.74238,298.38,0.45,0.39,2023-10-08,0225,N,VIIRS,n,2,287.1,0.68,N,2
39.93578,-3.74752,301.6,0.45,0.39,2023-10-08,0225,N,VIIRS,n,2,286.2,0.99,N,2
38.37843,-6.48454,304.96,0.4,0.37,2023-10-08,0225,N,VIIRS,n,2,290.25,0.52,N,2
39.13456,-6.85267,305.7,0.39,0.36,2023-10-08,0225,N,VIIRS,n,2,288.57,0.59,N,0
39.22341,-6.17608,321.41,0.4,0.37,2023-10-08,0225,N,VIIRS,n,2,289.3,1.69,N,0
39.224,-6.17398,311.58,0.4,0.37,2023-10-08,0225,N,VIIRS,n,2,290.13,0.7,N,0
37.36106,-5.86642,306.49,0.42,0.37,2023-10-08,0226,N,VIIRS,n,2,291.29,0.54,N,2
37.51465,-6.01571,340.05,0.41,0.37,2023-10-08,0226,N,VIIRS,n,2,286.54,3.36,N,0
37.68515,-3.82726,304.58,0.48,0.4,2023-10-08,0226,N,VIIRS,n,2,283.94,0.51,N,0
37.51546,-6.02031,298.3,0.41,0.37,2023-10-08,0226,N,VIIRS,n,2,285.04,1.79,N,0
43.54041,-5.83348,328.57,0.56,0.69,2023-10-08,1208,N,VIIRS,n,2,302.38,2.6,D,2
43.53829,-5.83077,329.75,0.56,0.69,2023-10-08,1208,N,VIIRS,n,2,301,3.84,D,2
38.4711,-1.42334,349.27,0.34,0.56,2023-10-08,1347,N,VIIRS,n,2,301.74,3.72,D,0
39.08355,-5.90954,342.13,0.4,0.44,2023-10-08,1347,N,VIIRS,n,2,309.21,5.22,D,0
38.9921,-6.09609,335.99,0.39,0.44,2023-10-08,1347,N,VIIRS,n,2,309.96,3.22,D,0
43.54413,-5.84622,301.38,0.46,0.39,2023-10-09,0205,N,VIIRS,n,2,287.99,0.85,N,2
43.52715,-5.734,314.53,0.45,0.39,2023-10-09,0205,N,VIIRS,n,2,289.74,1.04,N,2
43.5392,-5.83569,309.29,0.46,0.39,2023-10-09,0205,N,VIIRS,n,2,287.21,2.38,N,2
43.53852,-5.82998,328.14,0.46,0.39,2023-10-09,0205,N,VIIRS,n,2,288.96,2.38,N,2
43.53006,-5.72755,301.21,0.45,0.39,2023-10-09,0205,N,VIIRS,n,2,288.51,1.04,N,2
43.08125,-2.99793,305.61,0.39,0.36,2023-10-09,0205,N,VIIRS,n,2,282.7,0.64,N,0
43.44197,-3.84253,302.25,0.4,0.37,2023-10-09,0205,N,VIIRS,n,2,289.87,0.71,N,2
43.31657,-3.00521,301.51,0.39,0.36,2023-10-09,0205,N,VIIRS,n,2,290.09,0.75,N,0
43.55338,-5.86189,304.99,0.46,0.39,2023-10-09,0205,N,VIIRS,n,2,287.91,1.01,N,2
42.8132,-1.74502,302.89,0.38,0.36,2023-10-09,0205,N,VIIRS,n,2,286.22,1.31,N,2
43.3316,-5.7741,298.59,0.45,0.39,2023-10-09,0205,N,VIIRS,n,2,287.37,0.46,N,0
41.45467,1.9793,308.97,0.46,0.39,2023-10-09,0205,N,VIIRS,n,2,292.13,1.63,N,2
41.40555,1.99729,311.4,0.47,0.39,2023-10-09,0205,N,VIIRS,n,2,290.56,1.54,N,2
41.40546,1.99601,309.77,0.47,0.39,2023-10-09,0205,N,VIIRS,n,2,289.87,1.35,N,2
41.31122,1.66168,312.34,0.46,0.39,2023-10-09,0205,N,VIIRS,n,2,288.78,2.33,N,2
43.03647,-2.22189,298.92,0.38,0.36,2023-10-09,0205,N,VIIRS,n,2,286.88,0.75,N,2
43.5229,-5.72921,318.85,0.45,0.39,2023-10-09,0205,N,VIIRS,n,2,288.53,1.12,N,2
43.52357,-5.73483,303.63,0.45,0.39,2023-10-09,0205,N,VIIRS,n,2,289.68,1.12,N,2
43.53072,-5.7331,298.78,0.45,0.39,2023-10-09,0205,N,VIIRS,n,2,287.34,1.04,N,2
43.52648,-5.7284,313.92,0.45,0.39,2023-10-09,0205,N,VIIRS,n,2,290.63,1.04,N,2
43.54211,-5.82914,299.29,0.46,0.39,2023-10-09,0205,N,VIIRS,n,2,287.88,2.38,N,2
43.5428,-5.83491,301.38,0.46,0.39,2023-10-09,0205,N,VIIRS,n,2,289.05,2.38,N,2
43.54347,-5.84059,300.62,0.46,0.39,2023-10-09,0205,N,VIIRS,n,2,287.66,0.85,N,2
41.47713,-1.48871,298.17,0.39,0.36,2023-10-09,0206,N,VIIRS,n,2,286.46,0.23,N,2
41.47385,-1.4897,301.6,0.39,0.36,2023-10-09,0206,N,VIIRS,n,2,287.06,0.7,N,2
38.37609,-0.54313,311.7,0.42,0.38,2023-10-09,0206,N,VIIRS,n,2,291.16,1.08,N,2
39.93647,-3.74622,314.98,0.39,0.36,2023-10-09,0206,N,VIIRS,n,2,291.44,1.05,N,2
37.35958,-5.86415,307.94,0.41,0.37,2023-10-09,0207,N,VIIRS,n,2,292.24,0.87,N,2
37.8616,-0.95413,300.57,0.42,0.37,2023-10-09,0207,N,VIIRS,n,2,289.43,0.44,N,0
36.96764,-1.90532,304.09,0.4,0.37,2023-10-09,0207,N,VIIRS,n,2,291.17,1.05,N,2
36.42839,-5.70301,331.47,0.39,0.36,2023-10-09,1327,N,VIIRS,n,2,302.61,1.63,D,0
38.68021,-2.68898,346.42,0.51,0.41,2023-10-09,1328,N,VIIRS,n,2,306.3,6.15,D,0
43.52568,-5.73187,352.59,0.44,0.38,2023-10-09,1329,N,VIIRS,n,2,309.43,18,D,2
28.44045,-16.41024,350.14,0.59,0.7,2023-10-09,1506,N,VIIRS,n,2,294.38,8.98,D,0
43.03277,-2.21749,295.41,0.5,0.41,2023-10-10,0146,N,VIIRS,n,2,284.02,0.25,N,2
43.17997,-3.86395,317.41,0.39,0.44,2023-10-10,0146,N,VIIRS,n,2,284.6,0.79,N,0
42.81498,-1.74142,296.16,0.48,0.4,2023-10-10,0146,N,VIIRS,n,2,285.79,0.34,N,2
42.58072,-0.51088,321.82,0.43,0.38,2023-10-10,0146,N,VIIRS,n,2,287.02,1.83,N,0
43.11296,-6.47264,298.49,0.52,0.5,2023-10-10,0146,N,VIIRS,n,2,286.28,1.15,N,0
43.10844,-6.4751,314.88,0.52,0.5,2023-10-10,0146,N,VIIRS,n,2,288.53,1.15,N,0
43.12165,-6.49591,295.43,0.52,0.5,2023-10-10,0146,N,VIIRS,n,2,285.16,0.44,N,0
43.11071,-6.47505,314.78,0.52,0.5,2023-10-10,0146,N,VIIRS,n,2,288.22,1.64,N,0
43.1062,-6.47727,304.11,0.52,0.5,2023-10-10,0146,N,VIIRS,n,2,286.12,1.64,N,0
42.55186,-6.76918,298.27,0.53,0.5,2023-10-10,0146,N,VIIRS,n,2,284.36,0.97,N,2
43.44425,-3.84438,299.77,0.39,0.44,2023-10-10,0146,N,VIIRS,n,2,287.1,0.42,N,2
43.52771,-5.7305,342.82,0.48,0.48,2023-10-10,0146,N,VIIRS,n,2,293,4.31,N,2
43.52815,-5.73627,307.45,0.48,0.48,2023-10-10,0146,N,VIIRS,n,2,288.05,4.31,N,2
43.52369,-5.73728,330.9,0.48,0.48,2023-10-10,0146,N,VIIRS,n,2,288.73,4.31,N,2
43.52323,-5.73122,335.6,0.48,0.48,2023-10-10,0146,N,VIIRS,n,2,289.42,4.31,N,2
43.22355,-2.87632,303.36,0.53,0.42,2023-10-10,0146,N,VIIRS,n,2,285.33,0.88,N,2
43.22349,-2.87579,301.65,0.53,0.42,2023-10-10,0146,N,VIIRS,n,2,285.27,0.39,N,2
39.93682,-3.74437,303.32,0.53,0.42,2023-10-10,0147,N,VIIRS,n,2,288.02,0.94,N,2
41.47374,-1.48491,296.99,0.45,0.39,2023-10-10,0147,N,VIIRS,n,2,286.37,1.04,N,2
41.31269,1.6608,318.23,0.39,0.36,2023-10-10,0147,N,VIIRS,n,2,290.58,1.96,N,2
41.40766,1.99762,312.9,0.38,0.36,2023-10-10,0147,N,VIIRS,n,2,290.51,1.52,N,2
41.45431,1.97906,317.16,0.38,0.36,2023-10-10,0147,N,VIIRS,n,2,290.93,1.74,N,2
41.47413,2.1844,301.6,0.38,0.36,2023-10-10,0147,N,VIIRS,n,2,290.56,0.32,N,0
37.66417,-4.92609,300.99,0.57,0.43,2023-10-10,0148,N,VIIRS,n,2,289.7,1.29,N,0
36.96519,-1.90401,312.4,0.42,0.38,2023-10-10,0148,N,VIIRS,n,2,291.88,1.6,N,2
38.37869,-0.54581,301.32,0.4,0.37,2023-10-10,0148,N,VIIRS,n,2,290.84,0.74,N,2
38.37532,-0.54659,302.06,0.4,0.37,2023-10-10,0148,N,VIIRS,n,2,290.18,0.74,N,2
38.50645,-6.24962,309.6,0.45,0.47,2023-10-10,0148,N,VIIRS,n,2,289.07,0.76,N,0
37.13825,-3.68266,327.39,0.5,0.41,2023-10-10,0148,N,VIIRS,n,2,286.62,3.58,N,0
38.5021,-6.25025,298.18,0.45,0.47,2023-10-10,0148,N,VIIRS,n,2,286.46,0.76,N,0
38.50161,-6.24487,298.92,0.45,0.47,2023-10-10,0148,N,VIIRS,n,2,287.77,0.76,N,0
37.56889,-0.91483,328.7,0.4,0.37,2023-10-10,0148,N,VIIRS,n,2,290.91,1.51,N,2
37.66078,-4.92699,300.91,0.57,0.43,2023-10-10,0148,N,VIIRS,n,2,289.06,1.01,N,0
43.52658,-5.73271,322.62,0.53,0.67,2023-10-10,0326,N,VIIRS,n,2,289.01,4.16,N,2
43.52031,-5.72755,298.88,0.53,0.67,2023-10-10,0326,N,VIIRS,n,2,285.7,0.66,N,0
43.52804,-5.73025,316.8,0.53,0.67,2023-10-10,0326,N,VIIRS,n,2,288.54,1.55,N,2
43.52226,-5.73372,297.59,0.53,0.67,2023-10-10,0326,N,VIIRS,n,2,286.46,0.66,N,2
43.52609,-5.72409,307.88,0.53,0.67,2023-10-10,0326,N,VIIRS,n,2,286.59,1.55,N,2
43.52452,-5.72631,323.6,0.53,0.67,2023-10-10,0326,N,VIIRS,n,2,287.58,2.55,N,2
43.11278,-6.47712,302.43,0.5,0.66,2023-10-10,0327,N,VIIRS,n,2,286.02,5.55,N,0
43.12527,-6.49561,300.4,0.5,0.66,2023-10-10,0327,N,VIIRS,n,2,284.21,0.78,N,0
43.10498,-6.4737,314.26,0.5,0.66,2023-10-10,0327,N,VIIRS,n,2,286.29,3.82,N,0
43.10647,-6.47843,336.44,0.5,0.66,2023-10-10,0327,N,VIIRS,n,2,286.42,5.55,N,0
43.11025,-6.46905,297.32,0.51,0.66,2023-10-10,0327,N,VIIRS,n,2,285.7,3.82,N,0
43.1116,-6.47337,351.17,0.5,0.66,2023-10-10,0327,N,VIIRS,n,2,289.45,3.82,N,0
38.50541,-6.24923,298.3,0.71,0.75,2023-10-10,0328,N,VIIRS,n,2,285.26,1.22,N,0
37.08163,-3.71333,342.79,0.39,0.36,2023-10-10,1309,N,VIIRS,n,2,305.2,1.91,D,0
36.8248,-5.87026,334.4,0.44,0.39,2023-10-10,1309,N,VIIRS,n,2,308.79,1.52,D,0
37.08755,-4.43868,342.91,0.4,0.37,2023-10-10,1309,N,VIIRS,n,2,309,2.65,D,0
37.20739,-3.8861,344.14,0.39,0.36,2023-10-10,1309,N,VIIRS,n,2,307.85,2.51,D,0
37.20335,-3.88967,337.43,0.39,0.36,2023-10-10,1309,N,VIIRS,l,2,307.67,0.75,D,0
37.21072,-3.88692,338.78,0.39,0.36,2023-10-10,1309,N,VIIRS,n,2,306.81,2.51,D,0
37.20596,-3.8949,350.15,0.39,0.36,2023-10-10,1309,N,VIIRS,n,2,308.92,6.84,D,0
39.39946,-3.06353,335.94,0.38,0.36,2023-10-10,1309,N,VIIRS,n,2,307.63,1.33,D,0
38.68559,-4.12789,342.82,0.39,0.36,2023-10-10,1309,N,VIIRS,n,2,311.3,7.28,D,0
38.66967,-3.97101,350.28,0.39,0.36,2023-10-10,1309,N,VIIRS,n,2,307.09,3.38,D,0
38.67039,-3.96654,337.47,0.39,0.36,2023-10-10,1309,N,VIIRS,l,2,310.13,3.38,D,0
37.81917,-3.80187,335.03,0.39,0.36,2023-10-10,1309,N,VIIRS,n,2,309.85,1.77,D,0
37.54655,-5.12848,347.63,0.42,0.37,2023-10-10,1309,N,VIIRS,n,2,311.51,12.46,D,0
37.54316,-5.12754,338.5,0.42,0.37,2023-10-10,1309,N,VIIRS,l,2,312.91,12.46,D,0
37.20784,-3.90452,348.46,0.39,0.36,2023-10-10,1309,N,VIIRS,n,2,308.43,3.11,D,0
37.07832,-3.71246,335.19,0.39,0.36,2023-10-10,1309,N,VIIRS,n,2,304.82,1.91,D,0
37.0776,-3.71683,337.58,0.39,0.36,2023-10-10,1309,N,VIIRS,n,2,305.86,1.91,D,0
39.61588,-7.44605,343.39,0.46,0.39,2023-10-10,1310,N,VIIRS,n,2,307.2,3.14,D,0
43.06321,-5.7384,345.59,0.39,0.36,2023-10-10,1310,N,VIIRS,n,2,304.48,11.79,D,0
42.91397,-1.71724,327.48,0.41,0.37,2023-10-10,1310,N,VIIRS,l,2,301.77,4.19,D,0
42.91461,-1.71225,327.73,0.41,0.37,2023-10-10,1310,N,VIIRS,l,2,299.31,2.94,D,0
40.29821,-3.71034,338.29,0.38,0.36,2023-10-10,1310,N,VIIRS,n,2,305.2,2.2,D,0
39.61745,-7.45768,339.69,0.46,0.39,2023-10-10,1310,N,VIIRS,n,2,307.32,4.28,D,0
43.27165,-4.51136,331.88,0.38,0.36,2023-10-10,1310,N,VIIRS,n,2,298.97,1.7,D,0
39.61032,-7.45544,339.05,0.46,0.39,2023-10-10,1310,N,VIIRS,n,2,306.95,3.67,D,0
39.65231,-7.0145,338.89,0.45,0.39,2023-10-10,1310,N,VIIRS,n,2,307.35,2.9,D,0
39.81731,-5.64958,336.87,0.41,0.37,2023-10-10,1310,N,VIIRS,l,2,307.25,1.75,D,0
39.82138,-5.62605,342.66,0.41,0.37,2023-10-10,1310,N,VIIRS,n,2,306.48,2.62,D,0
39.81802,-5.62505,336.4,0.41,0.37,2023-10-10,1310,N,VIIRS,n,2,306.27,2.62,D,0
39.78643,-5.70504,347.08,0.41,0.37,2023-10-10,1310,N,VIIRS,n,2,306.01,4.48,D,0
43.52507,-5.73361,332.04,0.39,0.36,2023-10-10,1311,N,VIIRS,l,2,305.36,3.06,D,2
43.43535,-6.04685,345.06,0.39,0.36,2023-10-10,1311,N,VIIRS,n,2,305.2,12.11,D,0
43.12536,-6.48974,298.98,0.46,0.63,2023-10-11,0127,N,VIIRS,n,2,284.41,0.77,N,0
43.11953,-6.49328,305.39,0.46,0.63,2023-10-11,0127,N,VIIRS,n,2,284.06,0.77,N,0
43.3126,-4.6036,367,0.37,0.58,2023-10-11,0127,N,VIIRS,h,2,293.34,5.76,N,0
43.18494,-3.85564,299.05,0.34,0.56,2023-10-11,0127,N,VIIRS,n,2,286.38,0.58,N,0
43.03446,-2.2212,298.47,0.55,0.51,2023-10-11,0127,N,VIIRS,n,2,285.69,0.68,N,2
43.12557,-6.49708,307.61,0.46,0.63,2023-10-11,0127,N,VIIRS,n,2,286.05,0.77,N,0
43.22201,-2.87635,295.68,0.6,0.53,2023-10-11,0127,N,VIIRS,n,2,285.56,0.41,N,0
43.53838,-5.83477,309.58,0.42,0.61,2023-10-11,0127,N,VIIRS,n,2,288.14,2.77,N,2
43.53819,-5.82931,313.88,0.42,0.61,2023-10-11,0127,N,VIIRS,n,2,287.17,1.98,N,2
43.52893,-5.72831,304.79,0.42,0.61,2023-10-11,0127,N,VIIRS,n,2,290.2,1.22,N,2
43.5232,-5.72871,310.38,0.42,0.61,2023-10-11,0127,N,VIIRS,n,2,288.24,1.22,N,2
43.22744,-2.8836,299.45,0.6,0.53,2023-10-11,0127,N,VIIRS,n,2,286.53,0.87,N,2
41.45515,1.97724,307.76,0.51,0.41,2023-10-11,0128,N,VIIRS,n,2,289.53,1.56,N,2
41.55792,2.02402,298.4,0.5,0.41,2023-10-11,0128,N,VIIRS,n,2,288.31,0.5,N,0
41.31399,1.66084,307.02,0.52,0.41,2023-10-11,0128,N,VIIRS,n,2,289.22,2.2,N,2
42.55185,-6.77062,296.69,0.47,0.64,2023-10-11,0128,N,VIIRS,n,2,282.96,0.69,N,2
41.47378,-1.48989,297.93,0.49,0.49,2023-10-11,0128,N,VIIRS,n,2,284.81,0.84,N,2
41.45587,1.9768,300.8,0.5,0.41,2023-10-11,0128,N,VIIRS,n,2,288.44,0.71,N,2
37.18488,-6.9053,310.92,0.43,0.62,2023-10-11,0129,N,VIIRS,n,2,291.55,0.95,N,0
37.18557,-6.90552,313.36,0.43,0.62,2023-10-11,0129,N,VIIRS,n,2,291.42,0.97,N,0
37.76441,-0.88585,307.99,0.42,0.45,2023-10-11,0129,N,VIIRS,n,2,289.27,0.59,N,0
37.69569,-4.49095,298.9,0.32,0.55,2023-10-11,0129,N,VIIRS,n,2,287.3,0.73,N,0
37.76488,-0.89059,317.32,0.42,0.45,2023-10-11,0129,N,VIIRS,n,2,289.49,1.9,N,0
37.57106,-0.9155,304.04,0.41,0.45,2023-10-11,0129,N,VIIRS,n,2,291.74,1.34,N,2
39.9371,-3.7431,298.36,0.5,0.66,2023-10-11,0308,N,VIIRS,n,2,285.76,0.57,N,2
43.54276,-5.83231,299.73,0.63,0.54,2023-10-11,0308,N,VIIRS,n,2,288.02,1.11,N,2
43.31106,-4.60345,353.92,0.37,0.58,2023-10-11,0308,N,VIIRS,n,2,292.53,2.49,N,0
43.52621,-5.73063,301.83,0.32,0.55,2023-10-11,0308,N,VIIRS,n,2,288.82,1.48,N,2
43.06232,-6.47626,301.36,0.61,0.53,2023-10-11,0308,N,VIIRS,n,2,284.39,1.2,N,0
43.1273,-6.49615,310.32,0.6,0.53,2023-10-11,0308,N,VIIRS,n,2,284,1.72,N,0
43.12532,-6.49504,311.76,0.6,0.53,2023-10-11,0308,N,VIIRS,n,2,283.96,1.78,N,0
43.31702,-4.604,312.65,0.37,0.58,2023-10-11,0308,N,VIIRS,n,2,289.56,2.49,N,0
43.31587,-4.59993,311.07,0.37,0.58,2023-10-11,0308,N,VIIRS,n,2,290.06,2.49,N,0
43.52518,-5.72684,338.84,0.32,0.55,2023-10-11,0308,N,VIIRS,n,2,289.18,1.48,N,2
43.53102,-5.72829,304.41,0.32,0.55,2023-10-11,0308,N,VIIRS,n,2,288.01,0.57,N,2
43.31216,-4.60733,319.54,0.37,0.58,2023-10-11,0308,N,VIIRS,n,2,289.52,2.49,N,0
37.18491,-6.90331,310.14,0.41,0.61,2023-10-11,0309,N,VIIRS,n,2,291.55,0.86,N,0
37.95318,-1.39863,345.18,0.44,0.38,2023-10-11,1250,N,VIIRS,n,2,301.85,4.81,D,0
39.59262,-2.09959,336.45,0.44,0.39,2023-10-11,1250,N,VIIRS,n,2,303.1,4.1,D,0
38.39391,-1.58268,335.07,0.44,0.38,2023-10-11,1250,N,VIIRS,n,2,306.17,3,D,0
37.99002,-1.37613,342.93,0.44,0.38,2023-10-11,1250,N,VIIRS,n,2,302.25,4.5,D,0
37.98744,-1.37024,348.18,0.44,0.38,2023-10-11,1250,N,VIIRS,n,2,302.22,2.79,D,0
37.97491,-1.41828,340.4,0.44,0.38,2023-10-11,1250,N,VIIRS,n,2,301.69,2.57,D,0
37.97142,-1.41722,342.96,0.44,0.38,2023-10-11,1250,N,VIIRS,n,2,301.51,2.85,D,0
37.97233,-1.41234,350.25,0.44,0.38,2023-10-11,1250,N,VIIRS,n,2,301.75,4,D,0
37.96705,-1.42105,341.37,0.44,0.38,2023-10-11,1250,N,VIIRS,n,2,300.62,2.85,D,0
37.96795,-1.41618,344.45,0.44,0.38,2023-10-11,1250,N,VIIRS,n,2,301.43,2.85,D,0
37.97139,-1.41964,349.34,0.44,0.38,2023-10-11,1250,N,VIIRS,n,2,302.25,4.87,D,0
37.97228,-1.41474,349.39,0.44,0.38,2023-10-11,1250,N,VIIRS,n,2,302.54,5.97,D,0
37.97316,-1.40987,342.96,0.44,0.38,2023-10-11,1250,N,VIIRS,n,2,302.34,5.97,D,0
37.96791,-1.41858,357.15,0.44,0.38,2023-10-11,1250,N,VIIRS,l,2,302.17,4.87,D,0
37.96444,-1.41752,340.94,0.44,0.38,2023-10-11,1250,N,VIIRS,n,2,299.39,1.68,D,0
37.96532,-1.41267,341.15,0.44,0.38,2023-10-11,1250,N,VIIRS,n,2,300.33,2.1,D,0
37.96451,-1.39686,337.46,0.44,0.38,2023-10-11,1250,N,VIIRS,n,2,300.62,3.05,D,0
37.96104,-1.39579,337.14,0.44,0.38,2023-10-11,1250,N,VIIRS,n,2,300.96,4.96,D,0
37.9522,-1.42424,342.49,0.44,0.38,2023-10-11,1250,N,VIIRS,n,2,302.08,2.39,D,0
37.95309,-1.41933,335.1,0.44,0.38,2023-10-11,1250,N,VIIRS,n,2,302.21,3.22,D,0
37.95487,-1.40956,352.72,0.44,0.38,2023-10-11,1250,N,VIIRS,n,2,301.81,4.97,D,0
37.95576,-1.40466,339.23,0.44,0.38,2023-10-11,1250,N,VIIRS,n,2,301.91,4.97,D,0
37.96024,-1.37993,352.89,0.44,0.38,2023-10-11,1250,N,VIIRS,n,2,297.13,4.86,D,0
37.95588,-1.38375,356.51,0.44,0.38,2023-10-11,1250,N,VIIRS,n,2,301.04,4.85,D,0
37.95677,-1.37886,355.56,0.44,0.38,2023-10-11,1250,N,VIIRS,n,2,301.47,6.47,D,0
37.94971,-1.39755,348.77,0.44,0.38,2023-10-11,1250,N,VIIRS,n,2,302.37,4.81,D,0
37.94533,-1.40145,335.76,0.44,0.38,2023-10-11,1250,N,VIIRS,n,2,301.09,2.37,D,0
36.91299,-5.0314,341.91,0.44,0.46,2023-10-11,1250,N,VIIRS,n,2,305.54,2.93,D,0
36.91505,-5.02902,342.25,0.44,0.46,2023-10-11,1250,N,VIIRS,n,2,306.99,5,D,0
37.1823,-3.6927,331.39,0.56,0.43,2023-10-11,1250,N,VIIRS,n,2,303.35,1.52,D,0
42.97609,-4.14493,345.28,0.47,0.39,2023-10-11,1251,N,VIIRS,n,2,305.1,8.53,D,0
39.11443,-6.00928,336.35,0.44,0.46,2023-10-11,1251,N,VIIRS,l,2,306.82,1.54,D,0
39.13889,-5.61668,333.66,0.42,0.45,2023-10-11,1251,N,VIIRS,n,2,305.61,1.9,D,0
42.959,-7.88026,351.41,0.44,0.46,2023-10-11,1252,N,VIIRS,n,2,297.83,15.89,D,0
43.52431,-5.73038,332.74,0.52,0.42,2023-10-11,1252,N,VIIRS,n,2,288.04,4.55,D,2
43.10188,-7.76618,342.88,0.44,0.46,2023-10-11,1252,N,VIIRS,n,2,298.71,11.54,D,0
43.10067,-7.77141,339.17,0.44,0.46,2023-10-11,1252,N,VIIRS,n,2,296.94,11.54,D,0
43.05795,-6.46809,333.23,0.57,0.43,2023-10-11,1252,N,VIIRS,n,2,297.41,29.2,D,0
43.05655,-6.47451,346.52,0.38,0.43,2023-10-11,1252,N,VIIRS,n,2,303.27,22.87,D,0
38.88993,-6.4526,333.15,0.73,0.76,2023-10-11,1431,N,VIIRS,n,2,297.04,5.54,D,0
43.05756,-6.46852,345.63,0.75,0.77,2023-10-11,1432,N,VIIRS,n,2,275.63,11.79,D,0
43.05921,-6.46715,335.12,0.75,0.77,2023-10-11,1432,N,VIIRS,n,2,273.97,10.88,D,0
43.09975,-7.77024,334.4,0.65,0.73,2023-10-11,1432,N,VIIRS,n,2,290.93,5.68,D,0
43.52138,-5.73399,317.15,0.72,0.76,2023-10-12,0108,N,VIIRS,n,2,284,2.64,N,2
43.5285,-5.73359,302.69,0.72,0.76,2023-10-12,0108,N,VIIRS,n,2,284.41,1.68,N,2
43.53711,-5.83328,299.96,0.73,0.76,2023-10-12,0108,N,VIIRS,n,2,283.79,0.81,N,2
41.47433,-1.48643,297.24,0.43,0.62,2023-10-12,0109,N,VIIRS,n,2,283.96,0.99,N,2
43.1923,-6.67402,297.99,0.54,0.42,2023-10-12,0249,N,VIIRS,n,2,274.04,2.46,N,0
42.34724,-8.2752,301.2,0.48,0.4,2023-10-12,0249,N,VIIRS,n,2,274.35,2.4,N,0
42.3485,-8.28148,345.03,0.48,0.4,2023-10-12,0249,N,VIIRS,n,2,278.99,10.07,N,0
42.35083,-8.27386,308.14,0.48,0.4,2023-10-12,0249,N,VIIRS,n,2,274.05,1.04,N,0
42.35329,-8.28605,303.35,0.48,0.4,2023-10-12,0249,N,VIIRS,n,2,275.44,1.78,N,0
42.35209,-8.2801,328.39,0.48,0.4,2023-10-12,0249,N,VIIRS,n,2,276.47,1.78,N,0
42.35443,-8.27249,296.41,0.48,0.4,2023-10-12,0249,N,VIIRS,n,2,271.19,1.04,N,0
42.35566,-8.27861,301.12,0.48,0.4,2023-10-12,0249,N,VIIRS,n,2,272.94,1.78,N,0
42.35922,-8.27709,330.57,0.48,0.4,2023-10-12,0249,N,VIIRS,n,2,273.08,1.94,N,0
42.36277,-8.27552,296.5,0.48,0.4,2023-10-12,0249,N,VIIRS,n,2,269.23,1.94,N,0
41.55799,-0.86362,312.09,0.37,0.58,2023-10-12,0249,N,VIIRS,n,2,285,1.32,N,0
41.55713,-0.86687,302.32,0.37,0.58,2023-10-12,0249,N,VIIRS,n,2,283.24,1.5,N,0
43.18785,-6.67653,326.44,0.54,0.42,2023-10-12,0249,N,VIIRS,n,2,273.97,4.49,N,0
43.19152,-6.67455,306.82,0.54,0.42,2023-10-12,0249,N,VIIRS,n,2,273.54,3.67,N,0
43.19512,-6.67221,334.17,0.54,0.42,2023-10-12,0249,N,VIIRS,n,2,276.44,3.67,N,0
43.18867,-6.67618,331.58,0.54,0.42,2023-10-12,0249,N,VIIRS,n,2,274.77,2.46,N,0
43.19588,-6.67166,334.95,0.54,0.42,2023-10-12,0249,N,VIIRS,n,2,277.24,5.36,N,0
43.19682,-6.27422,319.22,0.56,0.43,2023-10-12,0249,N,VIIRS,n,2,284.49,2.09,N,0
43.20064,-6.27262,326.24,0.56,0.43,2023-10-12,0249,N,VIIRS,n,2,286.5,2.44,N,0
41.31226,1.66345,312.93,0.49,0.65,2023-10-12,0249,N,VIIRS,n,2,288.42,1.46,N,2
41.40444,1.999,299.47,0.51,0.66,2023-10-12,0249,N,VIIRS,n,2,287.71,0.68,N,2
43.0365,-2.223,295.28,0.58,0.52,2023-10-12,0249,N,VIIRS,n,2,284.27,0.75,N,2
39.9378,-3.74245,298.56,0.58,0.52,2023-10-12,0250,N,VIIRS,n,2,284.41,0.84,N,2
37.77666,-1.10444,301.06,0.45,0.63,2023-10-12,0250,N,VIIRS,n,2,287.75,0.68,N,0
39.93495,-3.74483,297.32,0.58,0.52,2023-10-12,0250,N,VIIRS,n,2,284.11,1.01,N,2
37.56717,-0.91425,301.7,0.47,0.64,2023-10-12,0250,N,VIIRS,n,2,288.77,0.71,N,2
37.35908,-5.86282,300.72,0.52,0.5,2023-10-12,0251,N,VIIRS,n,2,290.72,1.05,N,2
37.56981,-0.91703,330.63,0.46,0.47,2023-10-12,1231,N,VIIRS,n,2,299.67,4.61,D,2
37.56888,-0.91499,333.46,0.46,0.47,2023-10-12,1231,N,VIIRS,n,2,299.31,4.58,D,2
38.31826,-6.06371,331.55,0.4,0.6,2023-10-12,1232,N,VIIRS,l,2,306.29,2.08,D,0
38.35654,-6.34166,332.31,0.42,0.61,2023-10-12,1232,N,VIIRS,n,2,306.03,1.51,D,0
38.31928,-6.06285,335.84,0.4,0.6,2023-10-12,1232,N,VIIRS,n,2,306.34,1.83,D,0
39.48767,-6.41901,336.71,0.41,0.61,2023-10-12,1412,N,VIIRS,n,2,300.48,1.41,D,0
43.13442,-5.68451,335.06,0.48,0.64,2023-10-12,1413,N,VIIRS,n,2,289.68,4.32,D,0
43.1598,-5.14797,326.3,0.51,0.66,2023-10-12,1413,N,VIIRS,n,2,276.87,3.56,D,0
43.13971,-5.68334,330.51,0.48,0.64,2023-10-12,1413,N,VIIRS,n,2,286.61,8.84,D,0
43.19599,-6.27097,325.77,0.45,0.63,2023-10-12,1413,N,VIIRS,n,2,275.36,6.94,D,0
43.15776,-5.15043,332.26,0.51,0.66,2023-10-12,1413,N,VIIRS,n,2,278.02,2.77,D,0
43.33021,-5.77436,308,0.4,0.37,2023-10-13,0230,N,VIIRS,n,2,287.99,0.8,N,2
43.5252,-5.7364,304.17,0.4,0.37,2023-10-13,0230,N,VIIRS,n,2,286.63,0.55,N,2
43.52766,-5.73031,300.7,0.4,0.37,2023-10-13,0230,N,VIIRS,n,2,287.56,0.55,N,2
43.531,-5.72922,303.03,0.4,0.37,2023-10-13,0230,N,VIIRS,n,2,288.44,0.41,N,2
43.37144,-3.5092,315.73,0.47,0.39,2023-10-13,0230,N,VIIRS,n,2,290.41,2.14,N,0
41.3138,1.66605,300.7,0.58,0.52,2023-10-13,0230,N,VIIRS,n,2,287.8,1.4,N,0
41.40687,1.99753,299.74,0.6,0.53,2023-10-13,0230,N,VIIRS,n,2,288.74,0.99,N,2
42.90999,-4.01048,312.36,0.46,0.39,2023-10-13,0230,N,VIIRS,n,2,285.89,1.26,N,0
43.52345,-5.72651,301.01,0.4,0.37,2023-10-13,0230,N,VIIRS,n,2,285.79,0.48,N,2
38.37551,-0.54288,302.86,0.53,0.5,2023-10-13,0231,N,VIIRS,n,2,290.77,1.24,N,2
37.57032,-0.91523,312.47,0.53,0.5,2023-10-13,0232,N,VIIRS,n,2,291.32,1.52,N,2
36.96659,-1.90647,303.33,0.49,0.48,2023-10-13,0232,N,VIIRS,n,2,290.82,0.71,N,2
41.45428,1.98119,305.11,0.54,0.42,2023-10-14,0212,N,VIIRS,n,2,285.87,1.33,N,2
37.56816,-0.91803,318.79,0.47,0.4,2023-10-14,0213,N,VIIRS,n,2,288.83,2.21,N,2
37.57172,-0.91677,322.25,0.47,0.4,2023-10-14,0213,N,VIIRS,n,2,291.16,2.64,N,2
40.24261,-3.47604,303.2,0.45,0.39,2023-10-15,0153,N,VIIRS,n,2,280.63,1.16,N,2
40.24619,-3.47527,309.05,0.45,0.39,2023-10-15,0153,N,VIIRS,n,2,282.46,1.16,N,2
39.93715,-3.74302,302.34,0.46,0.39,2023-10-15,0153,N,VIIRS,n,2,282.6,0.68,N,2
39.93719,-3.74394,306.1,0.46,0.39,2023-10-15,0153,N,VIIRS,n,2,283.95,1.51,N,2
41.47335,-1.48595,304.63,0.41,0.37,2023-10-15,0153,N,VIIRS,n,2,284.03,0.66,N,2
37.56859,-0.91584,302.54,0.39,0.36,2023-10-15,0154,N,VIIRS,n,2,289.56,0.65,N,2
37.89354,-5.11347,299.39,0.5,0.41,2023-10-15,0154,N,VIIRS,n,2,285.35,0.59,N,0
37.89289,-5.10779,297.26,0.5,0.41,2023-10-15,0154,N,VIIRS,n,2,284.41,0.59,N,0
38.37617,-0.54337,309.44,0.38,0.36,2023-10-15,0154,N,VIIRS,n,2,289.78,1.23,N,2
37.29306,-6.81419,350.84,0.42,0.38,2023-10-15,1315,N,VIIRS,n,2,296.08,5.64,D,0
38.37794,-0.54615,299.09,0.51,0.41,2023-10-16,0135,N,VIIRS,n,2,286.87,0.59,N,2
43.5234,-5.72485,296.74,0.38,0.59,2023-10-16,0314,N,VIIRS,n,2,281.22,0.37,N,2
43.54506,-5.84237,298.77,0.37,0.58,2023-10-16,0314,N,VIIRS,n,2,281.22,0.73,N,2
43.54754,-5.85109,300.25,0.37,0.58,2023-10-16,0314,N,VIIRS,n,2,281.06,1.04,N,0
43.52595,-5.73381,297.91,0.38,0.59,2023-10-16,0314,N,VIIRS,n,2,282.83,0.89,N,2
43.52975,-5.72645,295.43,0.38,0.59,2023-10-16,0314,N,VIIRS,n,2,281.46,0.37,N,2
43.52464,-5.72919,295.93,0.38,0.59,2023-10-16,0314,N,VIIRS,n,2,281.7,0.37,N,2
38.39178,-1.57997,338.2,0.4,0.37,2023-10-16,1256,N,VIIRS,n,2,286.93,4.24,D,0
36.96498,-1.90568,306.59,0.34,0.56,2023-10-17,0116,N,VIIRS,n,2,288.21,0.83,N,2
40.24435,-3.47304,296.91,0.36,0.57,2023-10-17,0256,N,VIIRS,n,2,275.92,1.09,N,2
40.24368,-3.47411,328.74,0.45,0.47,2023-10-17,1238,N,VIIRS,n,2,294.88,2.26,D,2
41.31216,1.66068,300.87,0.43,0.62,2023-10-18,0056,N,VIIRS,n,2,286.4,0.83,N,2
43.52195,-5.73336,303.65,0.44,0.39,2023-10-18,0237,N,VIIRS,n,2,289.48,1.33,N,2
43.52786,-5.72547,310.59,0.44,0.39,2023-10-18,0237,N,VIIRS,n,2,289.71,0.85,N,2
43.52889,-5.73084,308.28,0.44,0.39,2023-10-18,0237,N,VIIRS,n,2,289.53,1.38,N,2
43.52542,-5.73212,313.68,0.44,0.39,2023-10-18,0237,N,VIIRS,n,2,290.54,1.33,N,2
43.51848,-5.73464,307.21,0.44,0.39,2023-10-18,0237,N,VIIRS,n,2,289.15,0.91,N,2
43.54041,-5.82998,305.95,0.44,0.38,2023-10-18,0237,N,VIIRS,n,2,289.93,0.8,N,2
41.17402,1.22253,299.94,0.33,0.56,2023-10-18,0237,N,VIIRS,n,2,289.81,0.64,N,0
41.57189,0.55682,298.91,0.6,0.53,2023-10-18,0237,N,VIIRS,n,2,279.51,0.88,N,0
41.57371,0.54973,300.61,0.6,0.53,2023-10-18,0237,N,VIIRS,n,2,286.39,0.88,N,0
41.70803,1.06577,301.44,0.63,0.54,2023-10-18,0237,N,VIIRS,n,2,282.68,1.76,N,0
41.70827,1.06455,301.81,0.63,0.54,2023-10-18,0237,N,VIIRS,n,2,283.11,1.51,N,0
41.71307,1.06675,307.55,0.63,0.54,2023-10-18,0237,N,VIIRS,n,2,285.43,1.51,N,0
43.3312,-5.77247,302.19,0.44,0.39,2023-10-18,0237,N,VIIRS,n,2,288.41,0.7,N,0
43.54143,-5.83529,304.05,0.44,0.38,2023-10-18,0237,N,VIIRS,n,2,289.51,0.8,N,2
37.18122,-6.89405,299.66,0.5,0.41,2023-10-18,0238,N,VIIRS,n,2,286.54,1.01,N,0
37.56862,-0.915,326.95,0.32,0.55,2023-10-18,0238,N,VIIRS,n,2,290.13,2.06,N,2
38.37694,-0.5417,302.78,0.32,0.55,2023-10-18,0238,N,VIIRS,n,2,289.18,0.83,N,2
39.28043,-0.36765,346.02,0.57,0.52,2023-10-18,1219,N,VIIRS,n,2,296.49,6.52,D,0
39.27655,-0.32238,329.5,0.56,0.52,2023-10-18,1219,N,VIIRS,n,2,296.04,5.65,D,0
39.26736,-0.29773,338.54,0.56,0.52,2023-10-18,1219,N,VIIRS,n,2,297.23,5.31,D,0
39.2597,-0.28768,341.2,0.56,0.52,2023-10-18,1219,N,VIIRS,n,2,297.39,7.17,D,0
39.23669,-0.27848,332.61,0.56,0.52,2023-10-18,1219,N,VIIRS,n,2,294.71,4.31,D,0
37.56887,-0.91752,330.42,0.33,0.55,2023-10-18,1219,N,VIIRS,n,2,297.09,1.42,D,2
39.30812,-0.37876,327.46,0.57,0.52,2023-10-18,1219,N,VIIRS,n,2,292.52,3,D,0
39.27606,-0.32385,329.15,0.56,0.52,2023-10-18,1219,N,VIIRS,n,2,295.91,5.54,D,0
39.28114,-0.36632,340.9,0.57,0.52,2023-10-18,1219,N,VIIRS,n,2,296.86,5.94,D,0
41.41596,-4.17336,335.2,0.39,0.59,2023-10-18,1220,N,VIIRS,n,2,290.52,3.04,D,0
41.41687,-4.17289,331.11,0.38,0.59,2023-10-18,1220,N,VIIRS,n,2,290.28,3.88,D,0
40.75769,-3.14151,327.71,0.43,0.62,2023-10-18,1400,N,VIIRS,n,2,288.88,1.65,D,0
43.54116,-5.83114,297.03,0.39,0.36,2023-10-19,0218,N,VIIRS,n,2,273.37,0.4,N,2
43.52966,-5.73009,299.75,0.39,0.36,2023-10-19,0218,N,VIIRS,n,2,284.06,0.47,N,2
43.53786,-5.83206,297.74,0.39,0.36,2023-10-19,0218,N,VIIRS,n,2,269.95,0.4,N,2
43.53715,-5.82727,296.8,0.39,0.36,2023-10-19,0218,N,VIIRS,n,2,276,0.4,N,0
43.52306,-5.73195,307.35,0.39,0.36,2023-10-19,0218,N,VIIRS,n,2,285.25,1.98,N,2
43.52235,-5.72718,313.07,0.39,0.36,2023-10-19,0218,N,VIIRS,n,2,284.13,0.6,N,2
43.51976,-5.73288,299.81,0.39,0.36,2023-10-19,0218,N,VIIRS,n,2,283.63,0.62,N,2
43.32946,-5.7756,306.72,0.39,0.36,2023-10-19,0218,N,VIIRS,n,2,286.95,0.8,N,2
43.52376,-5.73671,329.74,0.39,0.36,2023-10-19,0218,N,VIIRS,n,2,286.81,1.98,N,2
43.52565,-5.72626,306.74,0.39,0.36,2023-10-19,0218,N,VIIRS,n,2,284.49,0.6,N,2
43.52636,-5.73102,312.08,0.39,0.36,2023-10-19,0218,N,VIIRS,n,2,286.42,1.98,N,2
41.96178,2.64467,336.39,0.59,0.53,2023-10-19,1201,N,VIIRS,n,2,283.89,5.15,D,0
43.53905,-5.83184,296.82,0.52,0.42,2023-10-20,0159,N,VIIRS,n,2,277.58,1.38,N,2
42.8127,-1.74006,295.57,0.39,0.36,2023-10-20,0159,N,VIIRS,n,2,282.34,0.31,N,2
43.03483,-2.21918,308.49,0.4,0.37,2023-10-20,0159,N,VIIRS,n,2,283.86,0.71,N,2
39.9376,-3.74336,296.93,0.41,0.37,2023-10-20,0200,N,VIIRS,n,2,283.28,0.61,N,2
40.82109,-5.87448,346.53,0.39,0.36,2023-10-20,1322,N,VIIRS,n,2,289.36,6.08,D,0
41.19955,-4.48237,329.27,0.41,0.37,2023-10-20,1323,N,VIIRS,n,2,283.97,2.57,D,0
41.47335,2.18125,296.48,0.4,0.37,2023-10-21,0140,N,VIIRS,n,2,285.98,0.4,N,0
41.45628,1.97956,309.73,0.4,0.37,2023-10-21,0140,N,VIIRS,n,2,287.31,0.9,N,2
43.34388,-8.43646,295.79,0.39,0.6,2023-10-21,0140,N,VIIRS,n,2,280.11,0.41,N,2
42.55037,-6.76833,298.93,0.32,0.55,2023-10-21,0140,N,VIIRS,n,2,272.24,0.93,N,2
41.40782,1.99943,296.97,0.4,0.37,2023-10-21,0140,N,VIIRS,n,2,285.91,0.27,N,2
41.45225,1.98356,301.96,0.4,0.37,2023-10-21,0140,N,VIIRS,n,2,287.25,0.96,N,0
41.45292,1.97872,306.16,0.4,0.37,2023-10-21,0140,N,VIIRS,n,2,288.04,0.96,N,2
38.37558,-0.54253,301.44,0.44,0.39,2023-10-21,0141,N,VIIRS,n,2,286.04,0.69,N,2
38.66629,1.38931,316.52,0.4,0.37,2023-10-21,0141,N,VIIRS,n,2,290.69,1.88,N,0
40.24476,-3.47476,318.05,0.41,0.45,2023-10-21,0141,N,VIIRS,n,2,281.46,2.34,N,2
39.53851,3.17722,297.47,0.38,0.36,2023-10-21,0141,N,VIIRS,n,2,285.37,0.38,N,0
43.52708,-5.73239,299.55,0.45,0.63,2023-10-21,0320,N,VIIRS,n,2,281.87,1.41,N,2
40.24244,-3.47697,302.93,0.72,0.75,2023-10-21,0321,N,VIIRS,n,2,277.57,2.13,N,2
39.33579,-0.31595,293.19,0.39,0.36,2023-10-21,1303,N,VIIRS,l,2,316.82,55.37,D,0
39.33643,-0.31141,332.66,0.39,0.36,2023-10-21,1303,N,VIIRS,n,2,296.28,38.47,D,0
38.00943,-3.97886,347.95,0.42,0.38,2023-10-21,1303,N,VIIRS,n,2,295.84,3.97,D,0
41.71442,0.37485,344.84,0.42,0.38,2023-10-21,1304,N,VIIRS,n,2,292.35,7.82,D,0
41.45448,1.97983,296.98,0.39,0.44,2023-10-22,0121,N,VIIRS,n,2,271.53,0.69,N,2
43.34702,-8.43449,295.49,0.41,0.45,2023-10-22,0302,N,VIIRS,n,2,281.88,0.38,N,2
43.54023,-5.83189,326.75,0.41,0.45,2023-10-22,1246,N,VIIRS,n,2,282.54,2.14,D,2
37.35915,-5.86556,297.31,0.44,0.46,2023-10-23,0245,N,VIIRS,n,2,284.6,0.8,N,2
41.64532,0.47028,344.81,0.57,0.43,2023-10-23,1226,N,VIIRS,n,2,267.43,5.77,D,0
41.48274,1.5124,325.22,0.52,0.42,2023-10-23,1226,N,VIIRS,n,2,283.27,1.86,D,0
41.48642,1.51078,325.4,0.52,0.42,2023-10-23,1226,N,VIIRS,n,2,283.48,2.88,D,0
43.04144,-2.21968,296.2,0.46,0.39,2023-10-24,0224,N,VIIRS,n,2,281.91,0.64,N,2
37.17733,-6.89231,296.38,0.4,0.37,2023-10-24,0226,N,VIIRS,n,2,284.48,0.47,N,0
36.96604,-1.90521,302.72,0.41,0.45,2023-10-24,0226,N,VIIRS,n,2,286.75,0.93,N,2
37.18142,-6.89585,296.21,0.4,0.37,2023-10-24,0226,N,VIIRS,n,2,285.84,0.47,N,0
37.36057,-5.86716,300.46,0.42,0.38,2023-10-24,0226,N,VIIRS,n,2,285.39,1.22,N,2
41.61441,0.52984,329.58,0.32,0.55,2023-10-24,1207,N,VIIRS,n,2,292.85,3.57,D,0
41.59911,0.45012,326.6,0.32,0.55,2023-10-24,1207,N,VIIRS,n,2,290.42,2.86,D,0
41.42184,0.39115,335.35,0.33,0.55,2023-10-24,1207,N,VIIRS,n,2,294,2.41,D,0
39.29798,-0.33639,343.99,0.4,0.6,2023-10-24,1347,N,VIIRS,n,2,294.14,7.28,D,0
43.53828,-5.83123,300.46,0.46,0.39,2023-10-25,0205,N,VIIRS,n,2,285.37,0.68,N,2
43.52602,-5.73003,320.26,0.45,0.39,2023-10-25,0205,N,VIIRS,n,2,287.72,2.96,N,2
43.54255,-5.83612,296.58,0.46,0.39,2023-10-25,0205,N,VIIRS,n,2,285.05,0.74,N,2
43.54424,-5.78916,307.22,0.45,0.39,2023-10-25,0205,N,VIIRS,n,2,283.4,0.98,N,0
43.55249,-5.85728,300.08,0.46,0.39,2023-10-25,0205,N,VIIRS,n,2,285.58,0.4,N,2
41.40492,1.99987,307.92,0.47,0.4,2023-10-25,0205,N,VIIRS,n,2,285.57,0.83,N,2
41.45409,1.9817,301.03,0.47,0.39,2023-10-25,0205,N,VIIRS,n,2,286.27,0.74,N,2
41.45505,1.97848,301.88,0.47,0.39,2023-10-25,0205,N,VIIRS,n,2,285.41,1.4,N,2
43.52245,-5.73087,298.53,0.45,0.39,2023-10-25,0205,N,VIIRS,n,2,285.63,2.96,N,2
43.52312,-5.73647,338.18,0.45,0.39,2023-10-25,0205,N,VIIRS,n,2,285.72,2.96,N,2
38.37706,-0.54237,304.15,0.42,0.38,2023-10-25,0206,N,VIIRS,n,2,287.53,0.5,N,2
36.96867,-1.90693,297.41,0.42,0.38,2023-10-26,0148,N,VIIRS,n,2,287.06,0.65,N,2
36.9652,-1.90762,297.88,0.42,0.38,2023-10-26,0148,N,VIIRS,n,2,286.92,0.83,N,2
38.37589,-0.54518,305.6,0.4,0.37,2023-10-26,0148,N,VIIRS,n,2,289.46,0.96,N,2
40.75409,0.65828,330.38,0.38,0.36,2023-10-27,1251,N,VIIRS,n,2,294.64,2.75,D,0
39.68044,-0.22922,327.66,0.4,0.37,2023-10-27,1251,N,VIIRS,n,2,297.47,1.77,D,0
43.52633,-5.72723,331.77,0.52,0.41,2023-10-27,1252,N,VIIRS,n,2,282.82,5.11,D,2
43.52504,-5.73347,336.32,0.52,0.41,2023-10-27,1252,N,VIIRS,n,2,282.15,5.11,D,2
43.04065,-2.2176,295.32,0.48,0.64,2023-10-28,0109,N,VIIRS,n,2,282.47,0.83,N,2
37.18019,-6.89796,295.82,0.78,0.78,2023-10-28,0110,N,VIIRS,n,2,284.6,1.73,N,0
41.40893,1.99998,297.02,0.51,0.66,2023-10-28,0249,N,VIIRS,n,2,282.82,0.78,N,2
40.24369,-3.47289,300.52,0.6,0.53,2023-10-28,0250,N,VIIRS,n,2,281.15,1.07,N,2
38.3762,-0.54085,296.32,0.47,0.64,2023-10-28,0250,N,VIIRS,n,2,284.76,1.07,N,2
37.35896,-5.86622,298.45,0.53,0.5,2023-10-28,0251,N,VIIRS,n,2,285.39,0.8,N,2
39.72414,3.21923,343.05,0.42,0.38,2023-10-28,1232,N,VIIRS,n,2,296.11,3.09,D,0
39.74963,3.16007,346.62,0.42,0.38,2023-10-28,1232,N,VIIRS,n,2,295.03,3.99,D,0
38.3749,-0.54382,304.03,0.53,0.5,2023-10-29,0231,N,VIIRS,n,2,286.07,1.7,N,2
43.34588,-8.43779,307.09,0.38,0.36,2023-10-29,0231,N,VIIRS,n,2,282.82,0.84,N,2
37.3605,-5.86378,297.98,0.47,0.4,2023-10-29,0232,N,VIIRS,n,2,282.45,0.53,N,2
43.52645,-5.73245,332.3,0.47,0.64,2023-10-29,1214,N,VIIRS,n,2,290.19,4.93,D,2
28.23047,-14.01956,345.51,0.44,0.38,2023-10-29,1351,N,VIIRS,n,2,306.32,3.11,D,0
28.93307,-13.64275,330.93,0.42,0.38,2023-10-29,1351,N,VIIRS,n,2,296.48,1.6,D,0
41.45416,1.97978,302.35,0.54,0.42,2023-10-30,0212,N,VIIRS,n,2,285.84,1.19,N,2
40.28416,0.30956,329.86,0.6,0.53,2023-10-30,1335,N,VIIRS,n,2,290.76,3.3,D,0
43.52542,-5.73017,351.65,0.5,0.41,2023-10-30,1336,N,VIIRS,n,2,295.62,7.33,D,2
41.45617,1.98169,299.72,0.39,0.36,2023-10-31,0153,N,VIIRS,n,2,283.85,0.62,N,2
43.54305,-5.83259,316.45,0.41,0.45,2023-10-31,0153,N,VIIRS,n,2,284.62,1.38,N,2
43.53891,-5.83328,337.06,0.41,0.45,2023-10-31,0153,N,VIIRS,n,2,284.73,3.43,N,2
43.52951,-5.73174,300.76,0.4,0.45,2023-10-31,0153,N,VIIRS,n,2,283.37,1.54,N,2
43.52906,-5.72687,299.86,0.4,0.45,2023-10-31,0153,N,VIIRS,n,2,284.05,0.54,N,2
43.52541,-5.7326,312.12,0.4,0.45,2023-10-31,0153,N,VIIRS,n,2,284.35,1.54,N,2
43.52494,-5.72757,300.81,0.4,0.45,2023-10-31,0153,N,VIIRS,n,2,283.91,0.54,N,2
43.03561,-2.22204,296.09,0.44,0.38,2023-10-31,0153,N,VIIRS,n,2,281.19,0.74,N,2
43.03495,-2.21679,295.26,0.44,0.38,2023-10-31,0153,N,VIIRS,n,2,280.44,0.74,N,2
43.32873,-5.7727,298.04,0.4,0.45,2023-10-31,0153,N,VIIRS,n,2,281.01,0.35,N,2
41.47629,-1.48686,298.73,0.41,0.37,2023-10-31,0153,N,VIIRS,n,2,283.05,0.78,N,2
41.47366,-1.48899,295.42,0.41,0.37,2023-10-31,0153,N,VIIRS,n,2,281.52,0.44,N,2
40.24396,-3.47411,308.16,0.45,0.39,2023-10-31,0154,N,VIIRS,n,2,272.64,1.46,N,2
43.52551,-5.7299,330.31,0.39,0.36,2023-10-31,1317,N,VIIRS,n,2,294.64,3.34,D,2
43.5248,-5.73464,334.1,0.39,0.36,2023-10-31,1317,N,VIIRS,n,2,295.37,3.34,D,2
42.90831,-3.57121,328.7,0.41,0.37,2023-10-31,1317,N,VIIRS,n,2,284.85,2.79,D,0
43.54007,-5.83088,332.8,0.38,0.36,2023-10-31,1317,N,VIIRS,n,2,295.55,4.23,D,2
41.47369,-1.48877,297.45,0.41,0.45,2023-11-01,0134,N,VIIRS,n,2,280.8,0.64,N,2
39.93539,-3.74566,296.07,0.51,0.49,2023-11-01,0135,N,VIIRS,n,2,279.39,0.97,N,2
40.24564,-3.4763,322.05,0.49,0.49,2023-11-01,0135,N,VIIRS,n,2,280.95,3.16,N,2
40.24498,-3.47637,322.93,0.49,0.49,2023-11-01,0135,N,VIIRS,n,2,281.05,2.66,N,2
28.61788,-17.86905,301.65,0.4,0.44,2023-11-01,0319,N,VIIRS,n,2,290.97,1.84,N,2
37.37122,-2.23614,345.19,0.42,0.38,2023-11-01,1256,N,VIIRS,n,2,299.54,5.04,D,0
38.02372,-1.30293,335.99,0.4,0.37,2023-11-01,1256,N,VIIRS,n,2,297.67,2.45,D,0
37.3699,-2.23384,341.29,0.42,0.38,2023-11-01,1256,N,VIIRS,n,2,299.97,2.33,D,0
38.8968,-0.22014,338.06,0.52,0.67,2023-11-03,0057,N,VIIRS,n,2,287.67,2.73,N,0
38.89958,-0.30331,300.97,0.52,0.67,2023-11-03,0057,N,VIIRS,n,2,283.37,1.97,N,0
38.89938,-0.29725,310.93,0.52,0.67,2023-11-03,0057,N,VIIRS,n,2,283.82,1.97,N,0
38.89717,-0.23126,306.13,0.52,0.67,2023-11-03,0057,N,VIIRS,n,2,284.7,3.06,N,0
38.89662,-0.21488,300.8,0.52,0.67,2023-11-03,0057,N,VIIRS,n,2,285.04,2.73,N,0
38.89371,-0.31588,339.78,0.52,0.67,2023-11-03,0057,N,VIIRS,n,2,283.04,2.81,N,0
38.90421,-0.25453,299.94,0.52,0.67,2023-11-03,0057,N,VIIRS,n,2,284.42,0.94,N,0
38.90501,-0.2782,297.45,0.52,0.67,2023-11-03,0057,N,VIIRS,n,2,283.63,0.52,N,0
38.90547,-0.29195,295.47,0.52,0.67,2023-11-03,0057,N,VIIRS,n,2,284.14,2.29,N,0
38.90568,-0.2982,318.38,0.52,0.67,2023-11-03,0057,N,VIIRS,n,2,285.2,1.97,N,0
38.91007,-0.24255,309.15,0.52,0.67,2023-11-03,0057,N,VIIRS,n,2,286.51,8.74,N,0
38.90966,-0.23083,333.24,0.52,0.67,2023-11-03,0057,N,VIIRS,n,2,287.52,8.51,N,0
38.90986,-0.23654,336.82,0.52,0.67,2023-11-03,0057,N,VIIRS,n,2,290.04,8.74,N,0
38.91632,-0.24263,315.03,0.52,0.67,2023-11-03,0057,N,VIIRS,n,2,286.35,8.74,N,0
38.9159,-0.23033,346.18,0.52,0.67,2023-11-03,0057,N,VIIRS,n,2,290.64,8.51,N,0
38.91609,-0.23591,367,0.52,0.67,2023-11-03,0057,N,VIIRS,h,2,296.3,8.74,N,0
38.90127,-0.23207,316.77,0.52,0.67,2023-11-03,0057,N,VIIRS,n,2,285.97,3.17,N,0
38.90256,-0.27768,296.97,0.52,0.67,2023-11-03,0057,N,VIIRS,n,2,282.61,1.2,N,0
38.90295,-0.29182,296.35,0.52,0.67,2023-11-03,0057,N,VIIRS,n,2,283.95,2.02,N,0
38.9033,-0.30423,304.45,0.52,0.67,2023-11-03,0057,N,VIIRS,n,2,283.59,3.61,N,0
38.90095,-0.22072,325.21,0.52,0.67,2023-11-03,0057,N,VIIRS,n,2,286.02,4.24,N,0
38.9011,-0.22629,331.75,0.52,0.67,2023-11-03,0057,N,VIIRS,n,2,286.67,4.24,N,0
38.90313,-0.29811,329.25,0.52,0.67,2023-11-03,0057,N,VIIRS,n,2,285.73,2.02,N,0
38.90751,-0.23162,316,0.52,0.67,2023-11-03,0057,N,VIIRS,n,2,285.62,3.17,N,0
38.90784,-0.24326,301.52,0.52,0.67,2023-11-03,0057,N,VIIRS,n,2,285.82,3.2,N,0
38.9082,-0.25581,296.92,0.52,0.67,2023-11-03,0057,N,VIIRS,n,2,284.41,1.04,N,0
38.90768,-0.23747,324.97,0.52,0.67,2023-11-03,0057,N,VIIRS,n,2,287.63,3.17,N,0
38.91373,-0.2305,349.1,0.52,0.67,2023-11-03,0057,N,VIIRS,n,2,290.47,10.16,N,0
38.91389,-0.23617,367,0.52,0.67,2023-11-03,0057,N,VIIRS,h,2,296.65,10.16,N,0
38.91409,-0.24271,322.73,0.52,0.67,2023-11-03,0057,N,VIIRS,n,2,288.05,13.41,N,0
38.92015,-0.23624,324.24,0.52,0.67,2023-11-03,0057,N,VIIRS,n,2,286.41,10.16,N,0
39.99522,-0.23374,317.52,0.53,0.67,2023-11-03,0057,N,VIIRS,n,2,284.93,2.34,N,0
38.89347,-0.30844,298.67,0.52,0.67,2023-11-03,0057,N,VIIRS,n,2,281.73,2.81,N,0
38.89148,-0.2481,305.6,0.52,0.67,2023-11-03,0057,N,VIIRS,n,2,284.26,6.58,N,0
38.88049,-0.29497,296.7,0.52,0.67,2023-11-03,0057,N,VIIRS,n,2,283,3.45,N,0
38.87995,-0.27817,312.42,0.52,0.67,2023-11-03,0057,N,VIIRS,n,2,284.68,2.74,N,0
38.87515,-0.32426,340.3,0.52,0.67,2023-11-03,0057,N,VIIRS,n,2,283.72,21.51,N,0
38.87493,-0.31721,356.03,0.52,0.67,2023-11-03,0057,N,VIIRS,n,2,297.91,21.51,N,0
38.89132,-0.24317,300.51,0.52,0.67,2023-11-03,0057,N,VIIRS,n,2,285.27,2.69,N,0
38.89077,-0.22665,309.06,0.52,0.67,2023-11-03,0057,N,VIIRS,n,2,286.35,2.67,N,0
38.89058,-0.22092,295.03,0.52,0.67,2023-11-03,0057,N,VIIRS,n,2,284.76,1.25,N,0
38.8856,-0.25959,324.89,0.52,0.67,2023-11-03,0057,N,VIIRS,n,2,284.88,9.04,N,0
38.88543,-0.25419,355.26,0.52,0.67,2023-11-03,0057,N,VIIRS,n,2,286.88,6.58,N,0
38.8851,-0.24418,337.68,0.52,0.67,2023-11-03,0057,N,VIIRS,n,2,287.2,2.69,N,0
38.88631,-0.28127,311.28,0.52,0.67,2023-11-03,0057,N,VIIRS,n,2,282.65,1.43,N,0
38.88491,-0.23858,310.29,0.52,0.67,2023-11-03,0057,N,VIIRS,n,2,285.26,2.69,N,0
38.86799,-0.29635,297,0.52,0.67,2023-11-03,0057,N,VIIRS,n,2,283.41,15.48,N,0
38.86816,-0.30193,367,0.52,0.67,2023-11-03,0057,N,VIIRS,h,2,289.6,15.48,N,0
38.86834,-0.30721,337.59,0.52,0.67,2023-11-03,0057,N,VIIRS,n,2,303.19,126.52,N,0
38.87475,-0.3116,352.63,0.52,0.67,2023-11-03,0057,N,VIIRS,n,2,292.3,12.29,N,0
38.87408,-0.29051,324.6,0.52,0.67,2023-11-03,0057,N,VIIRS,n,2,285.95,5.02,N,0
38.87423,-0.29543,311.73,0.52,0.67,2023-11-03,0057,N,VIIRS,n,2,284.36,3.45,N,0
38.86882,-0.32268,343.04,0.52,0.67,2023-11-03,0057,N,VIIRS,n,2,282.85,149.33,N,0
38.86864,-0.31712,367,0.52,0.67,2023-11-03,0057,N,VIIRS,h,2,314.57,149.33,N,0
38.86849,-0.31218,332.16,0.52,0.67,2023-11-03,0057,N,VIIRS,n,2,308.78,126.52,N,0
38.87458,-0.30622,346.87,0.52,0.67,2023-11-03,0057,N,VIIRS,n,2,290.06,12.29,N,0
38.8744,-0.30075,327.07,0.52,0.67,2023-11-03,0057,N,VIIRS,n,2,285.64,3.45,N,0
38.90345,-0.23184,306.86,0.52,0.67,2023-11-03,0057,N,VIIRS,n,2,285.83,3.06,N,0
38.90306,-0.22062,296.84,0.52,0.67,2023-11-03,0057,N,VIIRS,n,2,284.59,2.73,N,0
38.90326,-0.22617,303.37,0.52,0.67,2023-11-03,0057,N,VIIRS,n,2,285.19,3.06,N,0
38.90005,-0.31752,367,0.52,0.67,2023-11-03,0057,N,VIIRS,h,2,288.39,8.28,N,0
38.89981,-0.31042,329.26,0.52,0.67,2023-11-03,0057,N,VIIRS,n,2,284.62,8.28,N,0
38.89698,-0.22562,338.83,0.52,0.67,2023-11-03,0057,N,VIIRS,n,2,287.4,3.06,N,0
43.5429,-5.83154,298.47,0.44,0.38,2023-11-03,0237,N,VIIRS,n,2,282.41,0.84,N,2
39.99575,-0.23266,329.28,0.61,0.53,2023-11-03,0237,N,VIIRS,n,2,286.35,3.1,N,0
39.99295,-0.23476,316.48,0.61,0.53,2023-11-03,0237,N,VIIRS,n,2,284.13,2.69,N,0
39.99764,-0.23255,315.74,0.61,0.53,2023-11-03,0237,N,VIIRS,n,2,285.36,2.69,N,0
41.17469,1.22221,296.2,0.34,0.56,2023-11-03,0237,N,VIIRS,n,2,285.97,0.59,N,0
41.40585,2.00022,295.99,0.36,0.57,2023-11-03,0237,N,VIIRS,n,2,282.11,0.38,N,2
43.32999,-5.77401,298.54,0.45,0.39,2023-11-03,0237,N,VIIRS,n,2,281.99,0.68,N,2
41.49755,2.19625,367,0.37,0.58,2023-11-03,0237,N,VIIRS,h,2,283.82,6.06,N,0
43.53943,-5.83278,301.36,0.44,0.38,2023-11-03,0237,N,VIIRS,n,2,279.46,0.84,N,2
43.54391,-5.83684,302.59,0.44,0.38,2023-11-03,0237,N,VIIRS,n,2,281.64,0.77,N,2
38.89651,-0.22338,305.59,0.33,0.55,2023-11-03,0238,N,VIIRS,n,2,285.41,1.8,N,0
38.8944,-0.2152,309.06,0.33,0.55,2023-11-03,0238,N,VIIRS,n,2,284.75,1,N,0
38.89546,-0.21931,308.35,0.33,0.55,2023-11-03,0238,N,VIIRS,n,2,285.86,1,N,0
38.89943,-0.23466,296.93,0.32,0.55,2023-11-03,0238,N,VIIRS,n,2,283.35,1.3,N,0
38.90039,-0.23833,320.51,0.32,0.55,2023-11-03,0238,N,VIIRS,n,2,283.66,1.72,N,0
38.90019,-0.21668,300.07,0.33,0.55,2023-11-03,0238,N,VIIRS,n,2,284.94,0.7,N,0
38.90121,-0.22061,305.78,0.33,0.55,2023-11-03,0238,N,VIIRS,n,2,285.08,0.69,N,0
38.90221,-0.2245,302.36,0.32,0.55,2023-11-03,0238,N,VIIRS,n,2,284.99,0.69,N,0
38.90415,-0.232,297.06,0.32,0.55,2023-11-03,0238,N,VIIRS,n,2,284.64,1.03,N,0
38.9051,-0.23567,335.32,0.32,0.55,2023-11-03,0238,N,VIIRS,n,2,285.74,1.57,N,0
38.90912,-0.23031,298.25,0.32,0.55,2023-11-03,0238,N,VIIRS,n,2,284.33,1.03,N,0
38.91015,-0.23432,304.37,0.32,0.55,2023-11-03,0238,N,VIIRS,n,2,285.89,1.57,N,0
38.91116,-0.2382,317.68,0.32,0.55,2023-11-03,0238,N,VIIRS,n,2,286.59,1.57,N,0
38.914,-0.22828,318.87,0.32,0.55,2023-11-03,0238,N,VIIRS,n,2,285.38,1.6,N,0
38.91503,-0.23229,314.7,0.32,0.55,2023-11-03,0238,N,VIIRS,n,2,286.59,2.54,N,0
38.9169,-0.23955,304.56,0.32,0.55,2023-11-03,0238,N,VIIRS,n,2,284.03,3.35,N,0
38.91603,-0.23616,352.01,0.32,0.55,2023-11-03,0238,N,VIIRS,n,2,289.36,2.54,N,0
38.91976,-0.22968,309.03,0.32,0.55,2023-11-03,0238,N,VIIRS,n,2,285.29,2.54,N,0
38.87841,-0.27451,324.33,0.32,0.55,2023-11-03,0238,N,VIIRS,n,2,284.6,1.16,N,0
38.87865,-0.29672,321.09,0.32,0.55,2023-11-03,0238,N,VIIRS,n,2,283.46,1.15,N,0
38.87759,-0.29251,299.78,0.32,0.55,2023-11-03,0238,N,VIIRS,n,2,283.28,1.15,N,0
38.87957,-0.32151,334.36,0.32,0.55,2023-11-03,0238,N,VIIRS,n,2,283.18,2.05,N,0
38.87874,-0.31825,326.58,0.32,0.55,2023-11-03,0238,N,VIIRS,n,2,283.31,2.05,N,0
38.87405,-0.32094,367,0.32,0.55,2023-11-03,0238,N,VIIRS,h,2,284.17,4.1,N,0
38.87314,-0.31738,324.7,0.32,0.55,2023-11-03,0238,N,VIIRS,n,2,282.68,2.86,N,0
38.87109,-0.30927,327.6,0.32,0.55,2023-11-03,0238,N,VIIRS,n,2,286.67,2.59,N,0
38.87483,-0.32401,296.11,0.32,0.55,2023-11-03,0238,N,VIIRS,n,2,281.6,4.1,N,0
38.87214,-0.31344,304.26,0.32,0.55,2023-11-03,0238,N,VIIRS,n,2,283.23,2.86,N,0
38.87003,-0.30511,313.06,0.32,0.55,2023-11-03,0238,N,VIIRS,n,2,284.12,2.59,N,0
38.86897,-0.30093,314.66,0.32,0.55,2023-11-03,0238,N,VIIRS,n,2,283.07,1.25,N,0
38.8661,-0.31084,351.55,0.32,0.55,2023-11-03,0238,N,VIIRS,n,2,283.07,2.59,N,0
38.86729,-0.31551,297.81,0.32,0.55,2023-11-03,0238,N,VIIRS,n,2,279.24,2.86,N,0
38.37841,-0.54482,296.83,0.32,0.55,2023-11-03,0238,N,VIIRS,n,2,285,0.57,N,2
38.90025,-0.30027,332.86,0.32,0.55,2023-11-03,0238,N,VIIRS,n,2,283.54,3.39,N,0
38.88817,-0.25372,347.2,0.32,0.55,2023-11-03,0238,N,VIIRS,n,2,287.64,2.52,N,0
38.90118,-0.30387,367,0.32,0.55,2023-11-03,0238,N,VIIRS,h,2,292.42,8.23,N,0
37.56902,-0.91462,302.91,0.32,0.55,2023-11-03,0238,N,VIIRS,n,2,286.68,1.08,N,2
37.1858,-6.90436,301.66,0.5,0.41,2023-11-03,0238,N,VIIRS,n,2,277.8,1.09,N,0
38.90202,-0.3071,304.95,0.32,0.55,2023-11-03,0238,N,VIIRS,n,2,283.49,8.23,N,0
38.88927,-0.25797,312.36,0.32,0.55,2023-11-03,0238,N,VIIRS,n,2,283.14,2.52,N,0
38.88697,-0.24911,304.8,0.32,0.55,2023-11-03,0238,N,VIIRS,n,2,284.6,1.43,N,0
38.88965,-0.23861,308.34,0.32,0.55,2023-11-03,0238,N,VIIRS,n,2,285.49,1.05,N,0
38.904,-0.29394,296.7,0.32,0.55,2023-11-03,0238,N,VIIRS,n,2,284.45,3.39,N,0
38.90491,-0.29749,326.28,0.32,0.55,2023-11-03,0238,N,VIIRS,n,2,284.53,3.39,N,0
38.90586,-0.30114,349.94,0.32,0.55,2023-11-03,0238,N,VIIRS,n,2,286.21,8.23,N,0
38.88583,-0.24472,304.76,0.32,0.55,2023-11-03,0238,N,VIIRS,n,2,284.98,1.43,N,0
38.88761,-0.27233,367,0.32,0.55,2023-11-03,0238,N,VIIRS,h,2,286.44,3.7,N,0
38.89895,-0.31603,309.44,0.32,0.55,2023-11-03,0238,N,VIIRS,n,2,283.76,1.05,N,0
38.89811,-0.31279,305.76,0.32,0.55,2023-11-03,0238,N,VIIRS,n,2,283.38,1.05,N,0
38.88317,-0.25526,303.54,0.32,0.55,2023-11-03,0238,N,VIIRS,n,2,283.8,1.04,N,0
38.88351,-0.27734,303.04,0.32,0.55,2023-11-03,0238,N,VIIRS,n,2,282.21,3.7,N,0
38.87833,-0.27818,299.73,0.32,0.55,2023-11-03,0238,N,VIIRS,n,2,283.45,0.68,N,0
38.87728,-0.27415,304.89,0.32,0.55,2023-11-03,0238,N,VIIRS,n,2,283.99,0.68,N,0
38.87764,-0.2962,328.7,0.32,0.55,2023-11-03,0238,N,VIIRS,n,2,283.33,1.71,N,0
38.89426,-0.31583,299.3,0.32,0.55,2023-11-03,0238,N,VIIRS,n,2,282.47,0.72,N,0
38.8847,-0.27811,296.57,0.32,0.55,2023-11-03,0238,N,VIIRS,n,2,282.47,1.16,N,0
38.90441,-0.27475,307.15,0.32,0.55,2023-11-03,0238,N,VIIRS,n,2,283.03,0.48,N,0
38.92045,-0.22634,328.39,0.56,0.52,2023-11-03,1219,N,VIIRS,n,2,288.98,7.17,D,0
38.9176,-0.23798,327.86,0.57,0.52,2023-11-03,1219,N,VIIRS,n,2,289.25,6.57,D,0
38.91908,-0.23196,341.88,0.57,0.52,2023-11-03,1219,N,VIIRS,n,2,293.46,6.57,D,0
38.86386,-0.31548,351.76,0.57,0.52,2023-11-03,1219,N,VIIRS,n,2,293.95,17.24,D,0
38.86271,-0.31671,340.52,0.57,0.52,2023-11-03,1219,N,VIIRS,n,2,292.68,8.31,D,0
38.90532,-0.26746,337.98,0.57,0.52,2023-11-03,1219,N,VIIRS,n,2,290.09,15.17,D,0
38.90834,-0.27585,341.57,0.57,0.52,2023-11-03,1219,N,VIIRS,n,2,290.63,10.86,D,0
41.69965,2.7492,340.97,0.53,0.42,2023-11-03,1220,N,VIIRS,n,2,293.17,6.73,D,0
27.88424,-15.4118,335.49,0.43,0.38,2023-11-03,1357,N,VIIRS,n,2,298.57,4,D,0
38.90768,-0.22709,301.98,0.57,0.43,2023-11-04,0219,N,VIIRS,n,2,285.6,2.16,N,0
38.91825,-0.23773,303.59,0.57,0.43,2023-11-04,0219,N,VIIRS,n,2,285.03,1.78,N,0
38.86771,-0.31295,300.36,0.56,0.43,2023-11-04,0219,N,VIIRS,n,2,279.58,0.84,N,0
38.86379,-0.31407,305.51,0.56,0.43,2023-11-04,0219,N,VIIRS,n,2,282.15,1.6,N,0
38.3798,-0.54042,300.93,0.56,0.43,2023-11-04,0219,N,VIIRS,n,2,285.71,0.87,N,2
37.66547,-1.01056,301.75,0.55,0.43,2023-11-04,0219,N,VIIRS,n,2,278.01,1.06,N,0
37.66577,-1.011,300.75,0.55,0.43,2023-11-04,0219,N,VIIRS,n,2,278.27,0.91,N,0
38.9221,-0.23621,301.69,0.57,0.43,2023-11-04,0219,N,VIIRS,n,2,285.67,1.78,N,0
38.92337,-0.24225,302.97,0.57,0.43,2023-11-04,0219,N,VIIRS,n,2,285.26,1.78,N,0
38.91952,-0.24372,325.85,0.57,0.43,2023-11-04,0219,N,VIIRS,n,2,286.09,1.78,N,0
41.4072,2.00087,300.93,0.42,0.38,2023-11-05,0159,N,VIIRS,n,2,286.63,1.04,N,2
43.53899,-5.83474,325.47,0.52,0.42,2023-11-05,0159,N,VIIRS,n,2,282.15,2.14,N,2
43.5383,-5.82816,297.85,0.52,0.42,2023-11-05,0159,N,VIIRS,n,2,281.89,2.14,N,2
43.52805,-5.73148,306.82,0.52,0.41,2023-11-05,0159,N,VIIRS,n,2,283.66,2.07,N,2
43.03377,-2.22027,302.77,0.4,0.37,2023-11-05,0159,N,VIIRS,n,2,282.14,0.91,N,2
43.33046,-5.7763,296.3,0.52,0.41,2023-11-05,0159,N,VIIRS,n,2,282.77,0.63,N,2
42.8128,-1.74442,295.16,0.39,0.36,2023-11-05,0159,N,VIIRS,n,2,279.81,0.56,N,2
41.45425,1.97944,313.99,0.42,0.38,2023-11-05,0159,N,VIIRS,n,2,289.44,1.67,N,2
41.19656,1.22808,300.54,0.4,0.37,2023-11-05,0159,N,VIIRS,n,2,284.38,0.54,N,0
41.47545,-1.48687,299.81,0.39,0.36,2023-11-05,0159,N,VIIRS,n,2,283.63,0.58,N,2
39.99442,-0.23743,305.4,0.39,0.36,2023-11-05,0200,N,VIIRS,n,2,287.55,0.67,N,0
38.37754,-0.54291,303.72,0.39,0.36,2023-11-05,0200,N,VIIRS,n,2,288.82,0.49,N,2
39.93609,-3.74398,302.43,0.41,0.37,2023-11-05,0200,N,VIIRS,n,2,281.37,0.88,N,2
40.24462,-3.47322,296.99,0.41,0.37,2023-11-05,0200,N,VIIRS,n,2,278.65,0.8,N,2
43.52961,-5.72932,303.49,0.73,0.76,2023-11-05,0339,N,VIIRS,n,2,274.52,1.65,N,2
43.52448,-5.728,303.85,0.73,0.76,2023-11-05,0339,N,VIIRS,n,2,280.47,1.68,N,2
41.48345,1.9302,332.72,0.55,0.68,2023-11-05,1142,N,VIIRS,n,2,289.79,3.53,D,0
41.48153,1.93286,339.07,0.51,0.5,2023-11-05,1322,N,VIIRS,n,2,294.17,12.83,D,0
39.06115,-0.21761,340.82,0.57,0.43,2023-11-05,1322,N,VIIRS,n,2,296.53,22.96,D,0
41.47989,1.93089,353.63,0.51,0.5,2023-11-05,1323,N,VIIRS,n,2,293.68,12.22,D,0
43.44158,-3.84516,330.97,0.45,0.39,2023-11-05,1323,N,VIIRS,n,2,292.81,2.8,D,2
43.52821,-5.72943,300.68,0.57,0.52,2023-11-06,0140,N,VIIRS,n,2,281.36,1.35,N,2
43.03478,-2.22074,305.33,0.39,0.44,2023-11-06,0140,N,VIIRS,n,2,281.99,0.76,N,2
43.53992,-5.8304,338.37,0.58,0.52,2023-11-06,0140,N,VIIRS,n,2,283.18,12.19,N,2
43.52594,-5.7312,302.97,0.58,0.52,2023-11-06,0140,N,VIIRS,n,2,281.66,1.88,N,2
43.53708,-5.8324,341.42,0.58,0.52,2023-11-06,0140,N,VIIRS,n,2,280.22,7.68,N,2
43.54195,-5.83179,316.16,0.58,0.52,2023-11-06,0140,N,VIIRS,n,2,281.62,2.47,N,2
40.24592,-3.47656,302.79,0.41,0.45,2023-11-06,0141,N,VIIRS,n,2,279.07,1.97,N,2
38.37669,-0.54364,301.52,0.44,0.38,2023-11-06,0141,N,VIIRS,n,2,285.29,0.92,N,2
37.60241,-2.75651,326.81,0.4,0.37,2023-11-06,1303,N,VIIRS,n,2,292.67,1.74,D,0
39.71461,-3.29977,332,0.39,0.36,2023-11-06,1303,N,VIIRS,n,2,290.27,6.25,D,0
37.32318,-3.10111,338.24,0.4,0.37,2023-11-06,1303,N,VIIRS,n,2,290.87,2.93,D,0
38.33443,-1.31237,332.02,0.38,0.36,2023-11-06,1303,N,VIIRS,n,2,295.75,2.21,D,0
39.26733,-0.36082,332.42,0.39,0.36,2023-11-06,1303,N,VIIRS,n,2,294.74,1.8,D,0
39.49431,-0.33512,330.96,0.39,0.36,2023-11-06,1303,N,VIIRS,n,2,296.92,1.71,D,0
39.54755,-0.33215,325.86,0.39,0.36,2023-11-06,1303,N,VIIRS,n,2,296.02,1.15,D,0
39.89486,-4.3491,335.8,0.41,0.37,2023-11-06,1303,N,VIIRS,n,2,288.73,2.09,D,0
39.95935,-3.97685,329.5,0.4,0.37,2023-11-06,1303,N,VIIRS,n,2,288.09,2.28,D,0
41.52398,0.39931,327.48,0.42,0.38,2023-11-06,1304,N,VIIRS,n,2,292.67,3.52,D,0
39.98012,-6.56893,328.1,0.48,0.4,2023-11-06,1304,N,VIIRS,n,2,286.82,4.65,D,0
43.23011,-2.46871,332.07,0.39,0.36,2023-11-06,1304,N,VIIRS,n,2,284.07,3.35,D,0
41.59291,0.31874,331.46,0.42,0.37,2023-11-06,1304,N,VIIRS,n,2,290.08,2.52,D,0
41.58947,0.3195,339.75,0.42,0.37,2023-11-06,1304,N,VIIRS,n,2,290.04,2.52,D,0
41.66269,1.01978,329.57,0.44,0.38,2023-11-06,1304,N,VIIRS,n,2,291.09,3.22,D,0
39.66439,-0.24717,296.28,0.48,0.48,2023-11-07,0122,N,VIIRS,n,2,283.69,0.68,N,0
38.37587,-0.54361,299.77,0.48,0.48,2023-11-07,0122,N,VIIRS,n,2,283.87,0.8,N,2
40.24406,-3.4766,312.65,0.36,0.58,2023-11-07,0122,N,VIIRS,n,2,277.51,1.72,N,2
40.24422,-3.47129,297.38,0.43,0.62,2023-11-07,0302,N,VIIRS,n,2,274.83,1.15,N,2
43.2248,-2.87935,300.05,0.38,0.59,2023-11-07,0302,N,VIIRS,n,2,270.75,0.43,N,2
40.24559,-3.47612,296.79,0.43,0.62,2023-11-07,0302,N,VIIRS,n,2,274.76,1.42,N,2
37.18443,-6.90366,296.81,0.35,0.56,2023-11-07,0303,N,VIIRS,n,2,282.56,0.63,N,0
38.3748,-0.54368,295.36,0.67,0.74,2023-11-07,0303,N,VIIRS,n,2,280.37,0.67,N,2
38.24922,-1.68063,345.26,0.51,0.41,2023-11-07,1244,N,VIIRS,n,2,299.25,20.2,D,0
37.97084,-0.8542,325.52,0.48,0.4,2023-11-07,1244,N,VIIRS,n,2,294.21,1.52,D,0
39.12297,-0.26499,329.4,0.44,0.38,2023-11-07,1244,N,VIIRS,n,2,295.85,2.2,D,0
39.17284,-0.33286,326.64,0.44,0.38,2023-11-07,1244,N,VIIRS,n,2,295.21,1.98,D,0
41.60342,0.47763,331.09,0.4,0.37,2023-11-07,1245,N,VIIRS,n,2,289.62,2.9,D,0
40.04666,-3.56944,325.47,0.57,0.43,2023-11-07,1245,N,VIIRS,n,2,283.13,2.29,D,0
41.49104,0.35509,335.79,0.4,0.37,2023-11-07,1245,N,VIIRS,n,2,291.93,2.88,D,0
41.52117,0.47063,325.59,0.4,0.37,2023-11-07,1245,N,VIIRS,n,2,290.11,1.92,D,0
41.57311,0.40231,331.47,0.4,0.37,2023-11-07,1245,N,VIIRS,n,2,290.02,2.86,D,0
40.24598,-3.47189,305.23,0.5,0.49,2023-11-08,0244,N,VIIRS,n,2,273.47,1.49,N,2
36.96486,-1.9059,295.75,0.36,0.57,2023-11-08,0244,N,VIIRS,n,2,280.91,0.46,N,2
37.36127,-5.86557,301.04,0.44,0.46,2023-11-08,0245,N,VIIRS,n,2,281.74,0.87,N,2
37.18517,-6.90309,299.55,0.39,0.44,2023-11-08,0245,N,VIIRS,n,2,283.5,0.62,N,0
41.46866,0.48757,333.96,0.38,0.43,2023-11-08,1226,N,VIIRS,n,2,290.11,4.53,D,0
41.58022,0.93038,330.62,0.55,0.42,2023-11-08,1226,N,VIIRS,n,2,292.84,4.36,D,0
41.53581,0.46699,330.04,0.38,0.43,2023-11-08,1226,N,VIIRS,n,2,288.74,3.88,D,0
41.46685,0.48677,333.13,0.38,0.43,2023-11-08,1226,N,VIIRS,n,2,290.61,3.82,D,0
41.57683,0.28107,345.07,0.39,0.44,2023-11-08,1226,N,VIIRS,n,2,291.46,6.24,D,0
43.53912,-5.83154,310.84,0.39,0.36,2023-11-09,0224,N,VIIRS,n,2,280.15,1.3,N,2
43.5424,-5.83054,300.19,0.39,0.36,2023-11-09,0224,N,VIIRS,n,2,281.83,0.69,N,2
38.37563,-0.54401,301.76,0.45,0.47,2023-11-09,0225,N,VIIRS,n,2,282.43,1.02,N,2
38.378,-0.54171,297.85,0.45,0.47,2023-11-09,0225,N,VIIRS,n,2,282.98,1.31,N,2
41.65788,0.20165,331.29,0.33,0.55,2023-11-09,1207,N,VIIRS,n,2,285.03,2.25,D,0
39.93744,-3.74356,306.52,0.39,0.36,2023-11-10,0206,N,VIIRS,n,2,279,1.04,N,2
41.51254,-1.41952,329.08,0.66,0.73,2023-11-10,1149,N,VIIRS,n,2,286.74,9.06,D,0
42.20037,3.08727,331.75,0.39,0.59,2023-11-10,1149,N,VIIRS,n,2,281.82,3.64,D,0
41.27869,-0.05632,343.09,0.58,0.7,2023-11-10,1149,N,VIIRS,n,2,289.02,6.72,D,0
41.27814,-0.05815,337.95,0.58,0.7,2023-11-10,1149,N,VIIRS,n,2,288.62,4.34,D,0
41.51297,-1.41392,341.85,0.66,0.73,2023-11-10,1149,N,VIIRS,n,2,287.76,8.1,D,0
37.90625,-6.2782,331.33,0.39,0.36,2023-11-10,1328,N,VIIRS,n,2,289.17,4.64,D,0
41.51311,-1.41662,340.19,0.42,0.45,2023-11-10,1329,N,VIIRS,n,2,290.19,3.71,D,0
42.12966,-1.61038,325.63,0.42,0.45,2023-11-10,1329,N,VIIRS,n,2,287.27,1.55,D,0
39.97144,-3.82945,338.54,0.48,0.4,2023-11-10,1329,N,VIIRS,n,2,289.97,4.41,D,0
39.93627,-3.74197,303.01,0.53,0.42,2023-11-11,0147,N,VIIRS,n,2,284.84,0.78,N,2
39.93776,-3.74675,303.17,0.53,0.42,2023-11-11,0147,N,VIIRS,n,2,284.57,1.46,N,2
36.96692,-1.90753,299.53,0.42,0.38,2023-11-11,0148,N,VIIRS,n,2,284.82,0.89,N,2
38.37634,-0.545,303.66,0.4,0.37,2023-11-11,0148,N,VIIRS,n,2,286.7,0.98,N,2
37.96419,-2.20302,331.08,0.39,0.36,2023-11-11,1309,N,VIIRS,n,2,275.29,4.8,D,0
43.52733,-5.73127,315.3,0.42,0.61,2023-11-12,0127,N,VIIRS,n,2,286.2,2.32,N,2
43.44213,-3.84676,297.67,0.33,0.56,2023-11-12,0127,N,VIIRS,n,2,284.53,0.55,N,0
43.54101,-5.83177,323.08,0.42,0.61,2023-11-12,0127,N,VIIRS,n,2,287.09,2.21,N,2
43.53115,-5.72651,298.74,0.41,0.61,2023-11-12,0127,N,VIIRS,n,2,285.01,0.79,N,2
43.53643,-5.83126,311.87,0.42,0.61,2023-11-12,0127,N,VIIRS,n,2,284.42,0.98,N,2
43.54215,-5.83084,314.11,0.42,0.61,2023-11-12,0127,N,VIIRS,n,2,286.4,1.03,N,2
43.44095,-3.84476,304.67,0.33,0.55,2023-11-12,0127,N,VIIRS,n,2,285.03,0.63,N,2
43.52566,-5.73225,316.76,0.41,0.61,2023-11-12,0127,N,VIIRS,n,2,286.04,0.79,N,2
43.52546,-5.72699,300.43,0.41,0.61,2023-11-12,0127,N,VIIRS,n,2,286.03,0.79,N,2
37.36087,-5.86581,300.16,0.38,0.59,2023-11-12,0129,N,VIIRS,n,2,285.26,0.53,N,2
37.74436,-4.54639,297.1,0.32,0.55,2023-11-12,0129,N,VIIRS,n,2,282.02,0.17,N,0
37.36109,-5.86481,297.55,0.38,0.59,2023-11-12,0129,N,VIIRS,n,2,285,0.56,N,2
36.96737,-1.90639,304.82,0.45,0.47,2023-11-12,0129,N,VIIRS,n,2,283.49,0.66,N,2
43.52782,-5.73263,309.74,0.32,0.55,2023-11-12,0308,N,VIIRS,n,2,286.86,1.25,N,2
43.22644,-2.87744,296.14,0.45,0.63,2023-11-12,0308,N,VIIRS,n,2,282.41,0.92,N,2
43.52673,-5.72864,300.06,0.32,0.55,2023-11-12,0308,N,VIIRS,n,2,287.33,0.75,N,2
43.53156,-5.72628,304.26,0.32,0.55,2023-11-12,0308,N,VIIRS,n,2,285.64,0.43,N,2
36.60288,-4.67501,296.9,0.56,0.69,2023-11-12,0310,N,VIIRS,n,2,280.28,0.99,N,0
28.61742,-17.8688,297.48,0.5,0.41,2023-11-12,0313,N,VIIRS,n,2,282.81,0.82,N,2
36.56808,-4.67682,335.45,0.42,0.45,2023-11-12,1250,N,VIIRS,n,2,301.85,3.8,D,0
36.59135,-4.67502,352.58,0.42,0.45,2023-11-12,1250,N,VIIRS,n,2,298.69,7.28,D,0
41.90209,-1.33952,333.75,0.4,0.37,2023-11-12,1251,N,VIIRS,n,2,290.88,3.68,D,0
41.81763,2.71257,328.58,0.4,0.37,2023-11-12,1251,N,VIIRS,n,2,291.81,2.1,D,0
39.49302,-0.3525,327.86,0.4,0.37,2023-11-12,1251,N,VIIRS,n,2,292.2,2.41,D,0
43.5247,-5.73002,308.99,0.71,0.75,2023-11-13,0108,N,VIIRS,n,2,281.49,2.91,N,2
43.52766,-5.73558,296.05,0.71,0.75,2023-11-13,0108,N,VIIRS,n,2,281.75,2.01,N,2
43.04254,-2.22059,299.21,0.48,0.64,2023-11-13,0109,N,VIIRS,n,2,284.54,0.36,N,2
43.03651,-2.22103,295.86,0.48,0.64,2023-11-13,0109,N,VIIRS,n,2,284.36,0.44,N,2
38.37571,-0.54489,304.4,0.36,0.57,2023-11-13,0110,N,VIIRS,n,2,289.16,0.64,N,2
43.03589,-2.21677,295.81,0.58,0.52,2023-11-13,0249,N,VIIRS,n,2,284.37,0.86,N,2
43.56057,-5.72387,297.05,0.39,0.44,2023-11-13,0249,N,VIIRS,n,2,285.35,0.3,N,0
43.53112,-5.72598,303.91,0.39,0.44,2023-11-13,0249,N,VIIRS,n,2,285.2,0.58,N,2
43.52827,-5.73237,295.76,0.39,0.44,2023-11-13,0249,N,VIIRS,n,2,285.55,0.58,N,2
43.5272,-5.72757,299.38,0.39,0.44,2023-11-13,0249,N,VIIRS,n,2,286.5,0.58,N,2
43.55252,-5.86008,299.16,0.39,0.44,2023-11-13,0249,N,VIIRS,n,2,284.84,0.46,N,2
43.52435,-5.73395,300.66,0.39,0.44,2023-11-13,0249,N,VIIRS,n,2,285.84,0.67,N,2
43.5233,-5.72924,296.65,0.39,0.44,2023-11-13,0249,N,VIIRS,n,2,284.46,0.67,N,2
43.52045,-5.73563,308.34,0.39,0.44,2023-11-13,0249,N,VIIRS,n,2,284.23,0.67,N,2
41.40921,2.00014,295.5,0.51,0.66,2023-11-13,0249,N,VIIRS,n,2,283.36,0.5,N,2
38.37497,-0.54455,301.47,0.47,0.64,2023-11-13,0250,N,VIIRS,n,2,287.44,0.95,N,2
38.37761,-0.5441,299.96,0.47,0.64,2023-11-13,0250,N,VIIRS,n,2,287.3,0.81,N,2
28.61672,-17.87009,307.33,0.39,0.36,2023-11-13,0254,N,VIIRS,n,2,297.24,2.06,N,2
38.04785,-1.26428,326.98,0.46,0.47,2023-11-13,1231,N,VIIRS,n,2,296.9,4.86,D,0
40.31627,-4.86554,325.85,0.62,0.54,2023-11-13,1232,N,VIIRS,n,2,290.87,4.03,D,0
41.65887,-1.26215,327.62,0.39,0.44,2023-11-13,1232,N,VIIRS,n,2,285.23,2.06,D,0
41.58357,0.35091,325.77,0.5,0.41,2023-11-13,1232,N,VIIRS,n,2,285.08,4.24,D,0
41.55965,0.4298,331.42,0.49,0.41,2023-11-13,1232,N,VIIRS,n,2,290.46,3.34,D,0
39.50765,-1.33587,301.81,0.46,0.47,2023-11-14,0231,N,VIIRS,n,2,278.99,1.09,N,0
41.40516,1.99778,297.44,0.6,0.53,2023-11-14,0231,N,VIIRS,n,2,285.8,0.84,N,2
39.51153,-1.33558,324.18,0.46,0.47,2023-11-14,0231,N,VIIRS,n,2,279.28,2.17,N,0
40.24541,-3.4747,296.44,0.53,0.42,2023-11-14,0231,N,VIIRS,n,2,283.46,0.96,N,2
39.51189,-1.33438,308.05,0.46,0.47,2023-11-14,0231,N,VIIRS,n,2,278.76,1.09,N,0
38.6674,-4.05309,300.51,0.54,0.42,2023-11-14,0232,N,VIIRS,n,2,281.59,1.11,N,2
36.96737,-1.90705,295.44,0.49,0.49,2023-11-14,0232,N,VIIRS,n,2,283.02,0.48,N,2
38.66852,-4.05218,299.85,0.54,0.42,2023-11-14,0232,N,VIIRS,n,2,281.96,1.65,N,2
38.66617,-4.04706,300.66,0.54,0.42,2023-11-14,0232,N,VIIRS,n,2,279.03,1.11,N,2
39.64131,-0.28773,327.78,0.33,0.55,2023-11-14,1213,N,VIIRS,n,2,298.52,1.9,D,0
37.21743,-1.90939,340.39,0.46,0.63,2023-11-14,1213,N,VIIRS,n,2,296.7,4,D,0
37.98984,-2.15356,342.01,0.45,0.63,2023-11-14,1213,N,VIIRS,n,2,297.79,3.08,D,0
39.49347,-0.33139,329.1,0.33,0.55,2023-11-14,1213,N,VIIRS,n,2,298.25,2.78,D,0
39.50627,-0.37487,342.75,0.33,0.56,2023-11-14,1213,N,VIIRS,n,2,298.27,3.73,D,0
39.52595,-0.36232,327.3,0.33,0.55,2023-11-14,1213,N,VIIRS,n,2,298.35,1.44,D,0
41.87166,2.76608,332.52,0.41,0.45,2023-11-14,1214,N,VIIRS,n,2,296.78,2.07,D,0
42.13539,2.311,334.4,0.43,0.46,2023-11-14,1214,N,VIIRS,n,2,290.33,2.69,D,0
42.13596,2.3137,331.71,0.43,0.46,2023-11-14,1214,N,VIIRS,n,2,289.37,3.24,D,0
41.43571,0.34215,332.97,0.55,0.51,2023-11-14,1214,N,VIIRS,n,2,291.37,3.28,D,0
41.26694,-0.02557,325.69,0.58,0.52,2023-11-14,1214,N,VIIRS,n,2,289.83,3.59,D,0
41.29838,0.15987,334.4,0.56,0.52,2023-11-14,1214,N,VIIRS,n,2,291.4,5.05,D,0
41.30003,0.16644,326.81,0.56,0.52,2023-11-14,1214,N,VIIRS,n,2,291.3,5.05,D,0
41.29821,0.1612,340.77,0.57,0.52,2023-11-14,1214,N,VIIRS,n,2,292.08,7.11,D,0
38.08791,-6.25511,337.99,0.46,0.47,2023-11-14,1353,N,VIIRS,n,2,295.46,8.47,D,0
41.57356,0.6358,333.94,0.57,0.69,2023-11-14,1354,N,VIIRS,n,2,291.66,2.62,D,0
43.54223,-5.83312,329.22,0.41,0.37,2023-11-15,0212,N,VIIRS,n,2,278.68,1.5,N,2
43.53883,-5.83398,316.22,0.41,0.37,2023-11-15,0212,N,VIIRS,n,2,277.08,1.5,N,2
43.53815,-5.82889,302.94,0.41,0.37,2023-11-15,0212,N,VIIRS,n,2,278.29,1.5,N,2
43.53952,-5.82988,329.21,0.41,0.37,2023-11-15,0212,N,VIIRS,n,2,279.26,2.7,N,2
41.80291,0.80481,298.59,0.48,0.4,2023-11-15,0212,N,VIIRS,n,2,282.62,0.68,N,0
41.45335,1.97916,298.44,0.54,0.42,2023-11-15,0212,N,VIIRS,n,2,285.92,0.55,N,2
41.40693,2.00255,295.56,0.54,0.42,2023-11-15,0212,N,VIIRS,n,2,285.43,0.28,N,2
40.24537,-3.47584,322.98,0.39,0.36,2023-11-15,0212,N,VIIRS,n,2,284.77,1.99,N,2
43.54156,-5.828,295.08,0.41,0.37,2023-11-15,0212,N,VIIRS,n,2,278.35,1.5,N,2
38.37788,-0.54601,303.9,0.48,0.4,2023-11-15,0213,N,VIIRS,n,2,289.21,0.75,N,2
38.83257,-0.04119,330.95,0.5,0.41,2023-11-15,0213,N,VIIRS,n,2,294.72,3.99,N,0
38.83148,-0.03568,326.36,0.5,0.41,2023-11-15,0213,N,VIIRS,n,2,293.23,3.99,N,0
38.82779,-0.03678,309.06,0.5,0.41,2023-11-15,0213,N,VIIRS,n,2,292.5,3.99,N,0
36.96554,-1.90489,305,0.45,0.39,2023-11-15,0213,N,VIIRS,n,2,286.97,1.01,N,2
37.17866,-6.89503,300.73,0.39,0.37,2023-11-15,0213,N,VIIRS,n,2,288.02,1.26,N,0
38.42239,-0.79655,330.61,0.65,0.73,2023-11-15,1154,N,VIIRS,n,2,294.01,4.01,D,0
38.41892,-0.796,329.76,0.64,0.72,2023-11-15,1154,N,VIIRS,n,2,293.64,1.75,D,0
37.7908,-2.53443,340.13,0.4,0.45,2023-11-15,1334,N,VIIRS,n,2,297.4,4.83,D,0
43.52749,-5.72994,312.35,0.4,0.44,2023-11-16,0153,N,VIIRS,n,2,280.09,1.35,N,2
43.52338,-5.73065,301.56,0.4,0.44,2023-11-16,0153,N,VIIRS,n,2,279.43,1.35,N,2
43.03358,-2.22139,297.08,0.44,0.38,2023-11-16,0153,N,VIIRS,n,2,281.85,0.84,N,2
41.45438,1.97858,295.99,0.39,0.36,2023-11-16,0153,N,VIIRS,n,2,285.8,0.6,N,2
41.4536,1.98317,302.56,0.39,0.36,2023-11-16,0153,N,VIIRS,n,2,285.79,0.63,N,0
41.40603,1.99818,313.56,0.39,0.36,2023-11-16,0153,N,VIIRS,n,2,285.93,1.44,N,2
40.24577,-3.47276,298.56,0.45,0.39,2023-11-16,0154,N,VIIRS,n,2,282.02,0.49,N,2
38.37822,-0.54252,300.29,0.38,0.36,2023-11-16,0154,N,VIIRS,n,2,286.82,1.2,N,2
36.96659,-1.90651,295.83,0.39,0.36,2023-11-16,0154,N,VIIRS,n,2,279.96,0.46,N,2
36.54678,-6.09517,344.48,0.41,0.37,2023-11-16,1315,N,VIIRS,n,2,295.77,2.34,D,0
36.53772,-6.10692,338.79,0.41,0.37,2023-11-16,1315,N,VIIRS,n,2,296.45,2.87,D,0
36.5385,-6.10241,356.87,0.41,0.37,2023-11-16,1315,N,VIIRS,l,2,295.88,6.74,D,0
36.54756,-6.09064,337.4,0.41,0.37,2023-11-16,1315,N,VIIRS,n,2,296.08,2.34,D,0
36.55092,-6.09154,340.63,0.41,0.37,2023-11-16,1315,N,VIIRS,n,2,295.79,2.34,D,0
36.55611,-6.10237,345.99,0.41,0.37,2023-11-16,1315,N,VIIRS,n,2,296.06,6.4,D,0
37.44695,-2.13675,335,0.41,0.37,2023-11-16,1315,N,VIIRS,n,2,301.08,3.41,D,0
38.32537,-1.27714,345.96,0.44,0.38,2023-11-16,1315,N,VIIRS,n,2,286.35,6.79,D,0
39.39979,3.17853,329.51,0.47,0.48,2023-11-16,1316,N,VIIRS,n,2,288.56,2.06,D,0
39.86394,-4.15049,329.86,0.39,0.36,2023-11-16,1316,N,VIIRS,n,2,290.94,2.78,D,0
40.54642,-6.53458,345.32,0.39,0.36,2023-11-16,1316,N,VIIRS,n,2,290.47,4.99,D,0
41.51001,-1.41462,334.65,0.46,0.39,2023-11-16,1316,N,VIIRS,n,2,295.15,3.42,D,0
41.51001,-1.41673,336.94,0.46,0.39,2023-11-16,1316,N,VIIRS,n,2,295.13,5.49,D,0
41.76213,0.32956,340.11,0.55,0.42,2023-11-16,1316,N,VIIRS,n,2,293.37,5.8,D,0
43.56086,-5.72313,296.6,0.35,0.56,2023-11-17,0134,N,VIIRS,n,2,282.16,0.49,N,0
43.53959,-5.8311,327.99,0.35,0.57,2023-11-17,0134,N,VIIRS,n,2,283.58,1.66,N,2
43.52427,-5.73143,298.74,0.35,0.56,2023-11-17,0134,N,VIIRS,n,2,282.51,1,N,2
43.54072,-5.83068,322.94,0.35,0.57,2023-11-17,0134,N,VIIRS,n,2,283.52,1.34,N,2
43.52486,-5.73119,298.92,0.34,0.56,2023-11-17,0134,N,VIIRS,n,2,283.11,1.12,N,2
42.55165,-6.76857,303.22,0.38,0.59,2023-11-17,0134,N,VIIRS,n,2,280.66,0.78,N,2
38.37688,-0.54551,297.11,0.51,0.41,2023-11-17,0135,N,VIIRS,n,2,280.98,0.66,N,2
37.35765,-6.67264,296,0.34,0.56,2023-11-17,0136,N,VIIRS,n,2,283.7,0.58,N,0
37.09137,-3.97256,331.06,0.49,0.4,2023-11-17,1256,N,VIIRS,n,2,296.14,1.93,D,0
38.15754,-1.3019,337.46,0.4,0.37,2023-11-17,1257,N,VIIRS,n,2,298.22,3.11,D,0
38.2612,-1.47862,340.12,0.4,0.37,2023-11-17,1257,N,VIIRS,n,2,298.08,2.75,D,0
37.6028,-5.09815,332.08,0.53,0.42,2023-11-17,1257,N,VIIRS,n,2,296.27,7.78,D,0
37.90726,-6.27535,329.49,0.4,0.44,2023-11-17,1257,N,VIIRS,n,2,291.67,2.6,D,0
39.09685,-0.45715,332.66,0.38,0.36,2023-11-17,1257,N,VIIRS,n,2,297.48,1.9,D,0
38.10132,-6.1807,325.53,0.39,0.44,2023-11-17,1257,N,VIIRS,n,2,289.28,2.02,D,0
39.30586,-0.64235,343.02,0.39,0.36,2023-11-17,1257,N,VIIRS,n,2,298.92,6.93,D,0
41.1615,1.14757,330.17,0.4,0.37,2023-11-17,1257,N,VIIRS,n,2,294.57,1.87,D,0
41.17992,1.23177,339.95,0.4,0.37,2023-11-17,1257,N,VIIRS,n,2,301.58,9.59,D,0
41.1833,1.23096,341.05,0.4,0.37,2023-11-17,1257,N,VIIRS,n,2,294.56,7.81,D,0
41.61236,0.87255,329.41,0.4,0.37,2023-11-17,1257,N,VIIRS,n,2,291.16,2.23,D,0
43.53848,-5.83193,335.34,0.46,0.39,2023-11-17,1258,N,VIIRS,n,2,285.2,6.16,D,2
43.52499,-5.73459,351.65,0.6,0.7,2023-11-18,0115,N,VIIRS,n,2,279.51,8.98,N,2
41.17863,1.22942,340.49,0.51,0.49,2023-11-18,0115,N,VIIRS,n,2,260.94,7.9,N,0
41.1832,1.23009,341.16,0.51,0.49,2023-11-18,0115,N,VIIRS,n,2,261.81,9.5,N,0
43.52797,-5.7383,307.02,0.6,0.7,2023-11-18,0115,N,VIIRS,n,2,278.52,7.03,N,0
43.52788,-5.73137,342.35,0.6,0.7,2023-11-18,0115,N,VIIRS,n,2,279.11,7,N,2
43.53901,-5.83427,314.95,0.6,0.71,2023-11-18,0115,N,VIIRS,n,2,276.35,2.33,N,2
36.96746,-1.90559,296.82,0.34,0.56,2023-11-18,0117,N,VIIRS,n,2,273.51,0.47,N,2
43.52836,-5.72886,297.15,0.46,0.47,2023-11-18,0255,N,VIIRS,n,2,284.63,0.69,N,2
43.52797,-5.72966,309.18,0.46,0.47,2023-11-18,0255,N,VIIRS,n,2,285.52,1.79,N,2
43.52378,-5.73156,296.25,0.46,0.47,2023-11-18,0255,N,VIIRS,n,2,284.1,1.12,N,2
43.55341,-5.85769,301.68,0.45,0.47,2023-11-18,0255,N,VIIRS,n,2,284.22,0.66,N,2
43.56029,-5.72676,296.73,0.46,0.47,2023-11-18,0255,N,VIIRS,n,2,283.37,0.54,N,0
41.17591,1.23212,314.54,0.57,0.69,2023-11-18,0256,N,VIIRS,n,2,277.62,2.71,N,0
41.17935,1.23916,295.21,0.57,0.69,2023-11-18,0256,N,VIIRS,n,2,278.27,4.96,N,0
41.18194,1.23527,337.03,0.57,0.69,2023-11-18,0256,N,VIIRS,n,2,280.5,2.71,N,0
41.18132,1.23283,367,0.57,0.69,2023-11-18,0256,N,VIIRS,h,2,281.68,13.7,N,0
38.03692,-6.56089,295.95,0.57,0.52,2023-11-18,0257,N,VIIRS,n,2,284.21,0.68,N,0
38.03654,-6.56104,296.6,0.57,0.52,2023-11-18,0257,N,VIIRS,n,2,284.17,0.77,N,0
38.66679,-4.04957,315.09,0.37,0.58,2023-11-18,0257,N,VIIRS,n,2,279.46,1.46,N,2
37.6058,-5.09157,327.37,0.61,0.54,2023-11-18,1238,N,VIIRS,n,2,299.07,2.61,D,0
37.53509,-5.67031,331.44,0.33,0.55,2023-11-18,1238,N,VIIRS,n,2,295.6,1.81,D,0
42.14303,-1.22226,334.1,0.49,0.4,2023-11-18,1239,N,VIIRS,n,2,275.2,3.99,D,0
41.67738,1.03257,332.38,0.42,0.38,2023-11-18,1239,N,VIIRS,n,2,292.04,2.52,D,0
40.75486,-5.82342,328.55,0.56,0.52,2023-11-18,1239,N,VIIRS,n,2,291.86,4.42,D,0
41.60942,-1.29352,331.77,0.5,0.41,2023-11-18,1239,N,VIIRS,n,2,288.98,4.21,D,0
42.17231,2.28965,328.23,0.39,0.36,2023-11-18,1239,N,VIIRS,n,2,288.83,1.37,D,0
43.52833,-5.73072,347.35,0.58,0.7,2023-11-18,1420,N,VIIRS,n,2,286.69,11.54,D,2
43.3079,-3.02688,296.01,0.75,0.77,2023-11-19,0056,N,VIIRS,n,2,282.56,0.5,N,2
41.18258,1.22727,326.21,0.45,0.63,2023-11-19,0056,N,VIIRS,n,2,283.42,2.13,N,0
37.56894,-0.91634,296.72,0.55,0.68,2023-11-19,0057,N,VIIRS,n,2,285.08,1.48,N,2
43.54272,-5.84331,306.97,0.44,0.38,2023-11-19,0237,N,VIIRS,n,2,283.91,1.11,N,2
43.30646,-3.02407,298.31,0.57,0.43,2023-11-19,0237,N,VIIRS,n,2,283.23,0.75,N,2
43.44214,-3.84183,311.25,0.52,0.42,2023-11-19,0237,N,VIIRS,n,2,283.97,1.78,N,2
43.44028,-3.84254,301.38,0.52,0.42,2023-11-19,0237,N,VIIRS,n,2,283.32,0.64,N,2
43.52891,-5.73317,334.54,0.44,0.39,2023-11-19,0237,N,VIIRS,n,2,286.07,3.91,N,2
43.52785,-5.72772,301.83,0.45,0.39,2023-11-19,0237,N,VIIRS,n,2,285.46,3.91,N,2
43.52543,-5.73443,331.28,0.44,0.39,2023-11-19,0237,N,VIIRS,n,2,285.87,2.47,N,2
43.54617,-5.842,302,0.44,0.38,2023-11-19,0237,N,VIIRS,n,2,283.75,1.11,N,2
43.52438,-5.729,295.93,0.45,0.39,2023-11-19,0237,N,VIIRS,n,2,284.19,2.47,N,2
43.54066,-5.8326,308.41,0.44,0.38,2023-11-19,0237,N,VIIRS,n,2,285.78,1.54,N,2
41.45641,1.98035,296.73,0.36,0.57,2023-11-19,0237,N,VIIRS,n,2,284.38,0.83,N,2
41.40587,1.99827,304.25,0.36,0.57,2023-11-19,0237,N,VIIRS,n,2,283.51,0.7,N,2
40.24412,-3.47628,296.28,0.42,0.45,2023-11-19,0237,N,VIIRS,n,2,281.39,0.67,N,2
38.37441,-0.54376,300.33,0.32,0.55,2023-11-19,0238,N,VIIRS,n,2,284.83,0.59,N,2
39.93505,-3.74273,298.65,0.41,0.45,2023-11-19,0238,N,VIIRS,n,2,280.47,1.37,N,2
37.3602,-5.867,301.04,0.55,0.43,2023-11-19,0238,N,VIIRS,n,2,285.62,0.99,N,2
37.15679,-3.62322,327.28,0.47,0.64,2023-11-19,1219,N,VIIRS,n,2,296.42,2.53,D,0
43.54093,-5.83157,327.37,0.4,0.6,2023-11-19,1221,N,VIIRS,n,2,289.28,2.46,D,2
38.66713,-4.04583,334.39,0.37,0.58,2023-11-19,1400,N,VIIRS,n,2,294.58,3.37,D,0
43.04904,-5.48014,338.32,0.34,0.56,2023-11-19,1401,N,VIIRS,n,2,290.92,5.19,D,0
43.05401,-5.4855,341.15,0.34,0.56,2023-11-19,1401,N,VIIRS,n,2,288.16,6,D,0
43.05421,-5.48175,357.48,0.34,0.56,2023-11-19,1401,N,VIIRS,l,2,288.38,6,D,0
43.04927,-5.47571,335.39,0.34,0.56,2023-11-19,1401,N,VIIRS,n,2,288.62,5.55,D,0
41.31097,1.6629,295.31,0.41,0.45,2023-11-20,0218,N,VIIRS,n,2,281.57,0.84,N,2
41.40778,1.99704,303.26,0.43,0.46,2023-11-20,0218,N,VIIRS,n,2,282.97,0.7,N,2
41.31328,1.66204,295.44,0.41,0.45,2023-11-20,0218,N,VIIRS,n,2,282.3,0.55,N,2
38.37805,-6.48406,298.63,0.38,0.36,2023-11-20,0219,N,VIIRS,n,2,283.5,0.64,N,2
38.37511,-0.54242,299.41,0.56,0.43,2023-11-20,0219,N,VIIRS,n,2,282.9,1.28,N,2
39.93729,-3.74473,309.72,0.41,0.37,2023-11-20,0219,N,VIIRS,n,2,281.42,1.47,N,2
40.24654,-3.47519,296.38,0.41,0.37,2023-11-20,0219,N,VIIRS,n,2,281.74,0.94,N,2
36.96659,-1.90725,295.59,0.52,0.41,2023-11-20,0219,N,VIIRS,n,2,282.93,1.06,N,2
37.3592,-5.8632,307.63,0.39,0.36,2023-11-20,0220,N,VIIRS,n,2,285.42,1.58,N,2
39.62973,2.91951,330.64,0.33,0.55,2023-11-20,1200,N,VIIRS,n,2,294.61,2.65,D,0
40.65551,-1.55202,356.42,0.51,0.66,2023-11-20,1201,N,VIIRS,l,2,289.62,14.3,D,0
40.65458,-1.55553,355.78,0.51,0.66,2023-11-20,1201,N,VIIRS,n,2,288.39,7.6,D,0
40.64882,-1.55253,352.66,0.51,0.66,2023-11-20,1201,N,VIIRS,n,2,289.33,7.6,D,0
41.15218,1.05458,326.73,0.37,0.58,2023-11-20,1201,N,VIIRS,n,2,290.89,1.88,D,0
41.48143,0.48607,325.47,0.38,0.59,2023-11-20,1201,N,VIIRS,n,2,287.37,1.07,D,0
41.47523,0.10242,353.27,0.4,0.6,2023-11-20,1201,N,VIIRS,n,2,290.61,4.94,D,0
41.48049,0.0998,335.31,0.4,0.6,2023-11-20,1201,N,VIIRS,n,2,287.96,2.6,D,0
41.66626,0.21091,328.2,0.39,0.59,2023-11-20,1201,N,VIIRS,n,2,287.42,2.78,D,0
41.85314,0.23909,328.16,0.39,0.59,2023-11-20,1201,N,VIIRS,n,2,287.74,2.7,D,0
41.56161,-1.44679,325.53,0.47,0.64,2023-11-20,1201,N,VIIRS,n,2,288.54,2.33,D,0
40.64974,-1.54908,341.89,0.51,0.66,2023-11-20,1201,N,VIIRS,n,2,287.74,9.3,D,0
36.90533,-5.15995,330.77,0.53,0.42,2023-11-20,1340,N,VIIRS,n,2,294.79,3.24,D,0
41.15287,1.05361,328.51,0.41,0.6,2023-11-20,1341,N,VIIRS,n,2,290.07,2.14,D,0
39.44428,-5.67786,329.02,0.53,0.42,2023-11-20,1341,N,VIIRS,n,2,289.36,1.69,D,0
41.47601,0.10177,349.32,0.37,0.58,2023-11-20,1341,N,VIIRS,n,2,290.89,6.56,D,0
38.28984,-6.74906,326.8,0.47,0.4,2023-11-20,1341,N,VIIRS,n,2,294.35,2.46,D,0
42.56653,-5.84219,327.46,0.57,0.43,2023-11-20,1342,N,VIIRS,n,2,284.72,3.38,D,0
41.85232,0.24028,330.99,0.37,0.58,2023-11-20,1342,N,VIIRS,n,2,287.71,2.63,D,0
41.47719,0.10024,298.8,0.39,0.36,2023-11-21,0159,N,VIIRS,n,2,279.86,0.62,N,0
40.31806,0.1293,300.23,0.39,0.36,2023-11-21,0200,N,VIIRS,n,2,282.74,0.36,N,0
40.24581,-3.47391,316.21,0.41,0.37,2023-11-21,0200,N,VIIRS,n,2,281.91,1.59,N,2
39.93732,-3.74394,309.71,0.41,0.37,2023-11-21,0200,N,VIIRS,n,2,280.89,1.32,N,2
39.08592,-0.5388,328.06,0.39,0.36,2023-11-21,0200,N,VIIRS,n,2,281.27,2.28,N,0
38.37827,-0.54509,300.54,0.39,0.36,2023-11-21,0200,N,VIIRS,n,2,283.83,0.8,N,2
37.24112,-3.78627,332.37,0.4,0.37,2023-11-21,1321,N,VIIRS,n,2,295.18,2.48,D,0
37.73498,-6.81407,334.16,0.39,0.36,2023-11-21,1322,N,VIIRS,n,2,293.83,2.15,D,0
38.86595,-1.99929,338.39,0.47,0.4,2023-11-21,1322,N,VIIRS,n,2,290.36,4.42,D,0
38.78498,-5.77214,332.06,0.39,0.36,2023-11-21,1322,N,VIIRS,n,2,287.02,3.13,D,0
37.15949,-6.86043,326.07,0.39,0.36,2023-11-21,1322,N,VIIRS,n,2,294.35,1.49,D,0
40.74439,-6.459,326.13,0.39,0.36,2023-11-21,1323,N,VIIRS,n,2,285.74,2.37,D,0
40.2422,-3.47406,296.49,0.41,0.45,2023-11-22,0141,N,VIIRS,n,2,276.47,1.27,N,2
39.93502,-3.74628,297.26,0.42,0.45,2023-11-22,0141,N,VIIRS,n,2,276.72,0.68,N,2
38.377,-0.54364,300.04,0.44,0.38,2023-11-22,0141,N,VIIRS,n,2,284.41,0.96,N,2
40.24633,-3.47332,305.46,0.41,0.45,2023-11-22,0141,N,VIIRS,n,2,278.89,1.27,N,2
38.66492,-4.05023,302.34,0.42,0.45,2023-11-22,0141,N,VIIRS,n,2,277.03,0.72,N,2
36.96512,-1.90621,304.12,0.48,0.4,2023-11-22,0142,N,VIIRS,n,2,284.66,0.97,N,2
40.24495,-3.4703,295.61,0.72,0.76,2023-11-22,0321,N,VIIRS,n,2,275.58,2.24,N,0
39.89808,-4.34968,335.18,0.41,0.37,2023-11-22,1303,N,VIIRS,n,2,286.46,2.07,D,0
37.87476,-0.88491,330.56,0.38,0.36,2023-11-22,1303,N,VIIRS,n,2,293.68,2.39,D,0
37.68962,-1.18762,346.48,0.38,0.36,2023-11-22,1303,N,VIIRS,n,2,297.04,3.44,D,0
37.20689,-6.01374,326.4,0.51,0.41,2023-11-22,1303,N,VIIRS,n,2,293.22,2.46,D,0
39.1661,-0.31218,327.64,0.39,0.36,2023-11-22,1303,N,VIIRS,n,2,297.03,2.15,D,0
39.505,-0.33523,339.67,0.39,0.36,2023-11-22,1303,N,VIIRS,n,2,297.92,14.02,D,0
39.51168,-0.33679,333.27,0.39,0.36,2023-11-22,1303,N,VIIRS,n,2,294.91,2.59,D,0
39.32494,-2.22786,330.99,0.39,0.36,2023-11-22,1303,N,VIIRS,n,2,291.08,2.79,D,0
39.03553,-4.22266,329.78,0.42,0.37,2023-11-22,1303,N,VIIRS,n,2,289.26,3.85,D,0
39.05499,-5.80374,340.2,0.47,0.39,2023-11-22,1303,N,VIIRS,n,2,291.4,8.76,D,0
39.44891,-5.57633,328.05,0.45,0.39,2023-11-22,1303,N,VIIRS,n,2,285.04,6.61,D,0
39.44796,-5.58141,340.2,0.45,0.39,2023-11-22,1303,N,VIIRS,n,2,287.51,6.61,D,0
39.45145,-5.58268,334.59,0.45,0.39,2023-11-22,1303,N,VIIRS,n,2,287.28,5.02,D,0
39.45038,-5.57933,346.19,0.45,0.39,2023-11-22,1303,N,VIIRS,n,2,289.19,10.91,D,0
42.29328,-6.55513,331.55,0.45,0.39,2023-11-22,1304,N,VIIRS,n,2,297.48,60.31,D,0
43.52578,-5.7347,302.05,0.5,0.66,2023-11-23,0121,N,VIIRS,n,2,275.58,1.01,N,2
43.53952,-5.83369,299.78,0.5,0.66,2023-11-23,0121,N,VIIRS,n,2,276.67,1.08,N,2
43.5252,-5.7384,295.57,0.5,0.66,2023-11-23,0121,N,VIIRS,n,2,274.82,1.23,N,0
43.52507,-5.73223,311.16,0.5,0.66,2023-11-23,0121,N,VIIRS,n,2,275.03,1.23,N,2
43.52562,-5.72847,298.57,0.5,0.66,2023-11-23,0121,N,VIIRS,n,2,274.52,1.01,N,2
40.24805,-3.47426,307.89,0.36,0.58,2023-11-23,0122,N,VIIRS,n,2,277.38,1.13,N,2
41.45428,1.97896,304.12,0.39,0.44,2023-11-23,0122,N,VIIRS,n,2,280.01,1,N,2
40.24269,-3.47485,305.56,0.36,0.58,2023-11-23,0122,N,VIIRS,n,2,275.7,1.13,N,2
36.96959,-1.90706,297.35,0.55,0.51,2023-11-23,0123,N,VIIRS,n,2,282.26,1.45,N,2
43.52407,-5.73296,304.46,0.54,0.51,2023-11-23,0302,N,VIIRS,n,2,278.63,2.2,N,2
43.5269,-5.73087,296.88,0.54,0.51,2023-11-23,0302,N,VIIRS,n,2,278.63,1.18,N,2
43.52242,-5.73303,303.84,0.54,0.51,2023-11-23,0302,N,VIIRS,n,2,278.19,2.34,N,2
40.24357,-3.47395,312.41,0.43,0.62,2023-11-23,0302,N,VIIRS,n,2,277.01,2.16,N,2
38.67773,-4.04662,300.5,0.44,0.63,2023-11-23,0303,N,VIIRS,n,2,276.42,1.1,N,0
38.67205,-4.04854,317.27,0.44,0.63,2023-11-23,0303,N,VIIRS,n,2,276.19,1.1,N,2
38.67714,-4.04789,306.44,0.44,0.63,2023-11-23,0303,N,VIIRS,n,2,276.53,1.43,N,0
38.6758,-4.04309,295.95,0.44,0.63,2023-11-23,0303,N,VIIRS,n,2,274.51,1.54,N,0
38.67149,-4.0499,296.08,0.44,0.63,2023-11-23,0303,N,VIIRS,n,2,277.48,1.43,N,2
28.6163,-17.8695,306.23,0.43,0.38,2023-11-23,0306,N,VIIRS,n,2,294.96,1.82,N,2
39.06305,-5.97918,332.77,0.52,0.5,2023-11-23,1244,N,VIIRS,n,2,287.98,4.08,D,0
39.08451,-5.84702,339.44,0.51,0.5,2023-11-23,1244,N,VIIRS,n,2,291.08,8.96,D,0
39.44319,-5.57893,341.95,0.49,0.48,2023-11-23,1245,N,VIIRS,n,2,290.36,4.63,D,0
39.44749,-5.58073,344.71,0.49,0.48,2023-11-23,1245,N,VIIRS,n,2,285.85,5.38,D,0
39.96059,-3.82632,337.74,0.39,0.44,2023-11-23,1245,N,VIIRS,n,2,290.65,4.1,D,0
41.43185,0.34043,335.16,0.4,0.37,2023-11-23,1245,N,VIIRS,n,2,290.73,6.38,D,0
41.4743,0.48698,328.82,0.4,0.37,2023-11-23,1245,N,VIIRS,n,2,288.39,1.93,D,0
41.66841,0.21857,337.46,0.4,0.37,2023-11-23,1245,N,VIIRS,n,2,291.58,6.7,D,0
41.76146,0.32746,344.01,0.4,0.37,2023-11-23,1245,N,VIIRS,n,2,289.3,3.57,D,0
40.74501,-5.8239,332.08,0.47,0.48,2023-11-23,1245,N,VIIRS,n,2,283.46,3.67,D,0
43.52423,-5.73085,334.94,0.4,0.44,2023-11-23,1246,N,VIIRS,n,2,288.88,2.61,D,2
43.52315,-5.73567,325.91,0.4,0.44,2023-11-23,1246,N,VIIRS,n,2,290.9,2.61,D,2
40.01431,-4.18016,296.21,0.7,0.75,2023-11-24,0103,N,VIIRS,n,2,272.68,1.54,N,0
39.94814,-0.00559,295.33,0.42,0.61,2023-11-24,0103,N,VIIRS,n,2,278.55,0.56,N,0
40.24712,-3.47343,296.71,0.64,0.72,2023-11-24,0103,N,VIIRS,n,2,275.65,1.49,N,2
40.24782,-3.47746,295.19,0.64,0.72,2023-11-24,0103,N,VIIRS,n,2,275.72,0.98,N,2
43.52993,-5.73113,300.15,0.5,0.41,2023-11-24,0243,N,VIIRS,n,2,277.43,1,N,2
43.52626,-5.73255,301.46,0.5,0.41,2023-11-24,0243,N,VIIRS,n,2,279.32,1.34,N,2
43.52496,-5.72642,315.43,0.51,0.41,2023-11-24,0243,N,VIIRS,n,2,278.94,1.34,N,2
43.52258,-5.73395,301.75,0.5,0.41,2023-11-24,0243,N,VIIRS,n,2,277.93,1.34,N,2
43.52988,-5.73154,300.46,0.51,0.41,2023-11-24,0243,N,VIIRS,n,2,277.24,0.91,N,2
43.52622,-5.73297,300.79,0.51,0.41,2023-11-24,0243,N,VIIRS,n,2,279.62,1.01,N,2
43.52496,-5.72682,318.7,0.51,0.41,2023-11-24,0243,N,VIIRS,n,2,279.33,2.08,N,2
43.52254,-5.73437,298.76,0.51,0.41,2023-11-24,0243,N,VIIRS,n,2,278.01,1.01,N,2
43.44256,-3.84246,301.94,0.4,0.45,2023-11-24,0243,N,VIIRS,n,2,281.06,0.64,N,2
40.24483,-3.47591,319.38,0.5,0.49,2023-11-24,0244,N,VIIRS,n,2,278.81,2.61,N,2
38.37751,-0.54152,297.44,0.39,0.59,2023-11-24,0244,N,VIIRS,n,2,280.77,0.71,N,2
40.01292,-4.18032,307.57,0.47,0.47,2023-11-24,0244,N,VIIRS,n,2,273.19,0.9,N,0
40.24268,-3.47258,311.11,0.5,0.49,2023-11-24,0244,N,VIIRS,n,2,275.46,3.1,N,2
37.3604,-5.86407,303.83,0.44,0.46,2023-11-24,0245,N,VIIRS,n,2,280.74,1.06,N,2
39.16682,-0.30117,341.6,0.47,0.48,2023-11-24,1225,N,VIIRS,n,2,295.46,6.22,D,0
39.16669,-0.30384,340.21,0.47,0.48,2023-11-24,1225,N,VIIRS,n,2,297.36,13.98,D,0
39.17107,-0.30275,339.61,0.47,0.48,2023-11-24,1225,N,VIIRS,n,2,292.43,6.22,D,0
41.50407,0.34625,334.01,0.39,0.44,2023-11-24,1226,N,VIIRS,n,2,291.46,2.66,D,0
41.64624,0.45273,334.18,0.57,0.43,2023-11-24,1226,N,VIIRS,n,2,289.27,6.01,D,0
41.60825,0.27454,327.54,0.39,0.44,2023-11-24,1226,N,VIIRS,n,2,290.44,1.39,D,0
41.57332,0.73111,328.12,0.56,0.43,2023-11-24,1226,N,VIIRS,n,2,288.49,13.52,D,0
41.45608,1.98158,295.87,0.5,0.49,2023-11-25,0224,N,VIIRS,n,2,282.27,0.66,N,2
43.34811,-8.4373,296.75,0.4,0.37,2023-11-25,0224,N,VIIRS,n,2,278.68,0.46,N,2
41.40716,1.99903,296.09,0.51,0.49,2023-11-25,0224,N,VIIRS,n,2,282.29,0.78,N,2
41.54446,2.01753,323.69,0.5,0.49,2023-11-25,0224,N,VIIRS,n,2,280.74,3.89,N,0
41.54384,2.01691,321.71,0.5,0.49,2023-11-25,0224,N,VIIRS,n,2,280.97,3.21,N,0
41.45492,1.98065,300.47,0.5,0.49,2023-11-25,0224,N,VIIRS,n,2,283.41,0.84,N,2
40.24266,-3.47184,296.04,0.46,0.39,2023-11-25,0225,N,VIIRS,n,2,275.2,1.33,N,2
40.24369,-3.47715,298.66,0.46,0.39,2023-11-25,0225,N,VIIRS,n,2,275.57,2.23,N,2
38.37495,-0.54214,299.33,0.45,0.47,2023-11-25,0225,N,VIIRS,n,2,284.79,0.65,N,2
38.40762,-1.04039,298.49,0.42,0.45,2023-11-25,0225,N,VIIRS,n,2,278.34,0.7,N,0
38.31971,-6.71677,309.06,0.39,0.37,2023-11-25,0226,N,VIIRS,n,2,278.42,1,N,0
36.96829,-1.90595,299.23,0.41,0.45,2023-11-25,0226,N,VIIRS,n,2,282.64,0.87,N,2
37.3588,-5.8636,308.68,0.42,0.38,2023-11-25,0226,N,VIIRS,n,2,280.25,1.47,N,2
43.52591,-5.72564,325.24,0.47,0.47,2023-11-25,1348,N,VIIRS,n,2,288.56,4.69,D,2
43.52984,-5.73215,328.89,0.47,0.47,2023-11-25,1348,N,VIIRS,n,2,286.54,7.92,D,2
43.52545,-5.73141,356.69,0.47,0.47,2023-11-25,1348,N,VIIRS,n,2,291.37,7.92,D,2
40.82031,-5.61987,329.67,0.44,0.46,2023-11-25,1348,N,VIIRS,n,2,284.3,2.92,D,0
43.52395,-5.73492,319.69,0.45,0.39,2023-11-26,0205,N,VIIRS,n,2,276.27,21.01,N,2
43.52686,-5.72853,323.48,0.45,0.39,2023-11-26,0205,N,VIIRS,n,2,276.13,5.76,N,2
42.81285,-1.73983,296.56,0.38,0.36,2023-11-26,0205,N,VIIRS,n,2,275.03,0.43,N,2
43.44134,-3.84182,302.96,0.4,0.37,2023-11-26,0205,N,VIIRS,n,2,280.56,0.42,N,2
43.53108,-5.73318,305.14,0.45,0.39,2023-11-26,0205,N,VIIRS,n,2,273.55,1.19,N,2
43.52752,-5.73408,342.71,0.45,0.39,2023-11-26,0205,N,VIIRS,n,2,285.35,21.01,N,2
43.52328,-5.72934,314,0.45,0.39,2023-11-26,0205,N,VIIRS,n,2,274.03,5.76,N,2
40.24597,-3.47195,306.89,0.39,0.36,2023-11-26,0206,N,VIIRS,n,2,274.8,1.5,N,2
38.37672,-0.54384,304.27,0.42,0.38,2023-11-26,0206,N,VIIRS,n,2,283.18,1.07,N,2
41.47648,-1.48665,299.25,0.39,0.36,2023-11-26,0206,N,VIIRS,n,2,273.66,0.52,N,2
40.24268,-3.4728,301.79,0.39,0.36,2023-11-26,0206,N,VIIRS,n,2,273.21,1.21,N,2
36.96573,-1.90731,299.44,0.4,0.37,2023-11-26,0207,N,VIIRS,n,2,282.2,0.68,N,2
37.5441,-5.42645,305.27,0.4,0.37,2023-11-26,0207,N,VIIRS,n,2,278.04,0.92,N,0
36.18451,-5.39849,299.79,0.39,0.36,2023-11-26,0207,N,VIIRS,n,2,289.61,1.3,N,0
37.36126,-5.86686,298.78,0.41,0.37,2023-11-26,0207,N,VIIRS,n,2,281.65,1.25,N,2
37.20515,-3.79298,328.78,0.45,0.39,2023-11-26,1328,N,VIIRS,n,2,293.04,2.05,D,0
39.03142,-5.96964,329.59,0.4,0.37,2023-11-26,1328,N,VIIRS,n,2,281.21,2.92,D,0
40.24408,-3.47356,307.93,0.52,0.42,2023-11-27,0147,N,VIIRS,n,2,274.82,2.54,N,2
37.52762,-1.47241,311.08,0.42,0.37,2023-11-27,0148,N,VIIRS,n,2,264.06,1.74,N,0
38.37574,-0.54612,302.4,0.4,0.37,2023-11-27,0148,N,VIIRS,n,2,282.46,1,N,2
37.53106,-1.47176,324.82,0.42,0.37,2023-11-27,0148,N,VIIRS,n,2,267.9,1.74,N,0
36.96685,-1.90493,311.5,0.42,0.38,2023-11-27,0148,N,VIIRS,n,2,285.22,1.55,N,2
36.9685,-1.90657,302.5,0.42,0.38,2023-11-27,0148,N,VIIRS,n,2,284.03,0.99,N,2
36.18419,-5.39772,299.09,0.35,0.56,2023-11-28,0129,N,VIIRS,n,2,287.44,0.88,N,0
37.22182,-6.87426,300.24,0.43,0.62,2023-11-28,0129,N,VIIRS,n,2,275.16,0.74,N,0
37.22179,-6.87449,304.71,0.43,0.62,2023-11-28,0129,N,VIIRS,n,2,275.24,1.34,N,0
36.96566,-1.90728,301.3,0.45,0.47,2023-11-28,0129,N,VIIRS,n,2,284.58,0.81,N,2
36.84304,-2.82708,342.53,0.51,0.41,2023-11-28,1250,N,VIIRS,n,2,294.64,8.34,D,0
40.61675,-5.87811,326.28,0.4,0.44,2023-11-28,1251,N,VIIRS,n,2,286.65,6.56,D,0
40.61519,-5.88098,336.93,0.4,0.44,2023-11-28,1251,N,VIIRS,n,2,288.3,6.71,D,0
37.56844,-0.91811,330.49,0.37,0.58,2023-11-29,0110,N,VIIRS,n,2,283.91,3.42,N,2
36.96651,-1.9053,299.27,0.42,0.61,2023-11-29,0110,N,VIIRS,n,2,283.05,0.68,N,2
36.96728,-1.90467,295.31,0.44,0.62,2023-11-29,0251,N,VIIRS,n,2,282.87,0.71,N,2
38.18786,-0.78482,352.31,0.43,0.46,2023-11-29,1231,N,VIIRS,n,2,296.47,60.2,D,0
36.96494,-2.37163,339.14,0.56,0.51,2023-11-29,1231,N,VIIRS,n,2,292.09,3.84,D,0
41.45337,-1.39914,327.61,0.4,0.44,2023-11-29,1232,N,VIIRS,n,2,287.08,2.68,D,0
41.54711,0.29184,329.31,0.5,0.41,2023-11-29,1232,N,VIIRS,n,2,287.2,2.32,D,0
41.5258,0.3622,327.34,0.5,0.41,2023-11-29,1232,N,VIIRS,n,2,286.87,2.18,D,0
41.28436,-0.38342,332.83,0.54,0.42,2023-11-29,1232,N,VIIRS,n,2,291.37,4.94,D,0
41.14671,1.03995,325.99,0.48,0.4,2023-11-29,1232,N,VIIRS,n,2,288.09,2.24,D,0
39.40806,-0.37176,326.37,0.39,0.44,2023-11-29,1232,N,VIIRS,n,2,292.59,3.25,D,0
39.16744,-0.32438,332.95,0.39,0.44,2023-11-29,1232,N,VIIRS,n,2,296.36,1.83,D,0
40.84751,-5.46261,326.67,0.32,0.55,2023-11-29,1232,N,VIIRS,n,2,280.86,1.49,D,0
41.5485,0.29574,325.44,0.5,0.41,2023-11-29,1232,N,VIIRS,n,2,287.44,3.17,D,0
37.56785,-0.92255,296.54,0.67,0.74,2023-11-30,0051,N,VIIRS,n,2,280.77,1.49,N,0
38.37519,-0.54611,295.37,0.54,0.51,2023-11-30,0231,N,VIIRS,n,2,279.72,0.98,N,2
36.96545,-1.907,301.97,0.45,0.39,2023-12-01,0213,N,VIIRS,n,2,287.79,1.09,N,2
36.96894,-1.90594,299.96,0.45,0.39,2023-12-01,0213,N,VIIRS,n,2,287.08,0.69,N,2
38.37516,-0.54369,295.86,0.48,0.4,2023-12-01,0213,N,VIIRS,n,2,281.66,1.08,N,2
40.24397,-3.4752,317.03,0.45,0.39,2023-12-02,0153,N,VIIRS,n,2,278.77,2.49,N,2
40.24612,-3.47619,316.28,0.45,0.39,2023-12-02,0153,N,VIIRS,n,2,278.82,2.18,N,2
43.53957,-5.83125,342.88,0.41,0.45,2023-12-02,0153,N,VIIRS,n,2,282.43,6.23,N,2
41.40576,1.99864,311.66,0.39,0.36,2023-12-02,0153,N,VIIRS,n,2,282.2,1.27,N,2
41.47382,-1.48612,304.57,0.41,0.37,2023-12-02,0153,N,VIIRS,n,2,279.21,1.12,N,2
39.63129,3.16541,295.81,0.43,0.38,2023-12-02,0153,N,VIIRS,n,2,278.68,0.43,N,0
36.72718,-3.56717,344.57,0.42,0.38,2023-12-02,0154,N,VIIRS,n,2,282.95,4.19,N,0
36.73064,-3.56645,342.25,0.42,0.38,2023-12-02,0154,N,VIIRS,n,2,286.93,11.28,N,0
39.53528,-0.36451,296.06,0.39,0.36,2023-12-02,0154,N,VIIRS,n,2,279.75,0.42,N,0
36.72435,-3.57263,333.07,0.42,0.38,2023-12-02,0154,N,VIIRS,n,2,285.74,4.19,N,0
36.72781,-3.5719,301.03,0.42,0.38,2023-12-02,0154,N,VIIRS,n,2,282.34,4.19,N,0
39.13324,-0.48106,345.62,0.47,0.4,2023-12-02,1315,N,VIIRS,n,2,293.71,6.6,D,0
37.381,-4.74027,338.55,0.39,0.36,2023-12-02,1315,N,VIIRS,n,2,289.06,1.77,D,0
36.95616,-2.5475,330.05,0.4,0.37,2023-12-02,1315,N,VIIRS,n,2,293.41,3.4,D,0
36.74892,-4.30976,330.64,0.38,0.36,2023-12-02,1315,N,VIIRS,n,2,291.46,2.19,D,0
40.24532,-3.47286,327.63,0.4,0.37,2023-12-02,1316,N,VIIRS,n,2,286.51,2.8,D,2
39.61635,2.66343,325.17,0.44,0.46,2023-12-02,1316,N,VIIRS,n,2,288.17,1.55,D,0
43.52772,-5.72937,328.81,0.35,0.56,2023-12-03,0134,N,VIIRS,n,2,280.56,4.83,N,2
41.47446,-1.48776,298.96,0.41,0.45,2023-12-03,0134,N,VIIRS,n,2,275.18,0.91,N,2
43.52311,-5.72937,319.33,0.35,0.56,2023-12-03,0134,N,VIIRS,n,2,277.26,4.9,N,2
43.52334,-5.73375,339.35,0.35,0.56,2023-12-03,0134,N,VIIRS,n,2,278.12,10.1,N,2
43.52837,-5.72889,321.62,0.35,0.56,2023-12-03,0134,N,VIIRS,n,2,280.36,4.9,N,2
43.52859,-5.73297,367,0.35,0.56,2023-12-03,0134,N,VIIRS,h,2,284.24,10.1,N,2
43.52246,-5.72987,319.73,0.35,0.56,2023-12-03,0134,N,VIIRS,n,2,277.32,4.83,N,2
43.52267,-5.73425,314,0.35,0.56,2023-12-03,0134,N,VIIRS,n,2,277.44,10.17,N,2
43.52793,-5.73363,367,0.35,0.56,2023-12-03,0134,N,VIIRS,h,2,285.04,10.17,N,2
43.55929,-5.726,298.55,0.35,0.56,2023-12-03,0134,N,VIIRS,n,2,278,0.43,N,2
38.37611,-0.54236,296.67,0.51,0.41,2023-12-03,0135,N,VIIRS,n,2,280.94,1,N,2
40.24591,-3.47321,320.63,0.49,0.49,2023-12-03,0135,N,VIIRS,n,2,277.25,2.92,N,2
43.52867,-5.73132,344.34,0.38,0.59,2023-12-03,0314,N,VIIRS,n,2,279.95,4.11,N,2
43.52354,-5.73406,317.82,0.38,0.59,2023-12-03,0314,N,VIIRS,n,2,278.04,2.03,N,2
38.66441,-4.05026,306.2,0.63,0.72,2023-12-03,0315,N,VIIRS,n,2,272.57,1.54,N,2
38.66814,-4.05083,304.36,0.63,0.72,2023-12-03,0315,N,VIIRS,n,2,274.43,2.58,N,2
40.24332,-3.47536,309.71,0.61,0.71,2023-12-03,0315,N,VIIRS,n,2,275.04,2.42,N,2
39.51246,-0.32777,330.68,0.38,0.36,2023-12-03,1257,N,VIIRS,n,2,294.49,3.82,D,0
39.49862,-0.32883,331.05,0.38,0.36,2023-12-03,1257,N,VIIRS,n,2,293.86,2.35,D,0
39.51904,-0.32946,332.22,0.38,0.36,2023-12-03,1257,N,VIIRS,n,2,296.48,24.91,D,0
39.53027,-0.32312,329.37,0.38,0.36,2023-12-03,1257,N,VIIRS,n,2,290.48,1.6,D,0
38.67361,-4.40547,326.49,0.48,0.4,2023-12-03,1257,N,VIIRS,n,2,283.36,2.09,D,0
41.58195,-0.9422,339.28,0.38,0.36,2023-12-03,1257,N,VIIRS,n,2,285.06,4.23,D,0
39.50314,-0.5422,333.43,0.38,0.36,2023-12-03,1257,N,VIIRS,n,2,291.89,3.4,D,0
43.52866,-5.73012,320.76,0.46,0.47,2023-12-04,0255,N,VIIRS,n,2,281.65,2.49,N,2
43.3073,-3.02664,295.18,0.62,0.54,2023-12-04,0255,N,VIIRS,n,2,282.17,0.64,N,2
43.52448,-5.732,312.11,0.46,0.47,2023-12-04,0255,N,VIIRS,n,2,281.57,1.42,N,2
43.52585,-5.73773,297.92,0.46,0.47,2023-12-04,0255,N,VIIRS,n,2,280.56,1.42,N,2
41.47346,0.40549,333.23,0.44,0.38,2023-12-04,1238,N,VIIRS,n,2,285.17,4.18,D,0
41.34585,0.35083,330.91,0.44,0.38,2023-12-04,1238,N,VIIRS,n,2,286.19,3.73,D,0
41.66064,0.23002,325.59,0.44,0.38,2023-12-04,1238,N,VIIRS,n,2,286.94,3.55,D,0
41.54688,-1.33252,328.6,0.5,0.41,2023-12-04,1239,N,VIIRS,n,2,283.9,3.18,D,0
43.52262,-5.73627,328.65,0.44,0.39,2023-12-05,0237,N,VIIRS,n,2,270.57,2.53,N,2
43.5261,-5.73503,329.83,0.44,0.39,2023-12-05,0237,N,VIIRS,n,2,277.12,2.53,N,2
43.52504,-5.72962,305.95,0.44,0.39,2023-12-05,0237,N,VIIRS,n,2,273.79,2.53,N,2
38.39377,-1.38671,336.73,0.33,0.56,2023-12-05,1219,N,VIIRS,n,2,288.69,2.03,D,0
43.54128,-5.83098,303.95,0.39,0.36,2023-12-06,0218,N,VIIRS,n,2,264.11,1,N,2
43.5224,-5.72722,296.75,0.39,0.36,2023-12-06,0218,N,VIIRS,n,2,270.93,0.75,N,2
43.52311,-5.73197,305.02,0.39,0.36,2023-12-06,0218,N,VIIRS,n,2,273.39,1.57,N,2
43.53798,-5.83191,311.11,0.39,0.36,2023-12-06,0218,N,VIIRS,n,2,261.88,1,N,2
43.5257,-5.72629,314.92,0.39,0.36,2023-12-06,0218,N,VIIRS,n,2,271.87,0.75,N,2
43.52641,-5.73104,311.03,0.39,0.36,2023-12-06,0218,N,VIIRS,n,2,273.99,1.57,N,2
43.52971,-5.73011,307.47,0.39,0.36,2023-12-06,0218,N,VIIRS,n,2,272.05,1.08,N,2
43.529,-5.72536,296.1,0.39,0.36,2023-12-06,0218,N,VIIRS,n,2,270.79,0.65,N,2
43.51981,-5.7329,304.65,0.39,0.36,2023-12-06,0218,N,VIIRS,n,2,272.34,1,N,2
41.17964,1.22909,317.15,0.4,0.37,2023-12-07,0159,N,VIIRS,n,2,276.77,1.21,N,0
41.40649,1.99735,304.8,0.42,0.38,2023-12-07,0159,N,VIIRS,n,2,276.63,1.32,N,2
40.24574,-3.47518,295.72,0.41,0.37,2023-12-07,0200,N,VIIRS,n,2,271.86,0.73,N,2
38.37817,-0.5445,298.57,0.39,0.36,2023-12-07,0200,N,VIIRS,n,2,272.83,0.7,N,2
37.25034,-1.91939,328.5,0.46,0.39,2023-12-07,1321,N,VIIRS,n,2,286.1,2.45,D,0
43.55569,-5.85587,296.55,0.44,0.63,2023-12-08,0320,N,VIIRS,n,2,278.76,0.85,N,0
43.52446,-5.73115,303.03,0.45,0.63,2023-12-08,0320,N,VIIRS,n,2,279.42,0.92,N,2
43.51904,-5.73435,303.43,0.45,0.63,2023-12-08,0320,N,VIIRS,n,2,278.11,0.92,N,2
41.18291,1.22948,351.94,0.42,0.45,2023-12-09,0121,N,VIIRS,n,2,283.21,4.41,N,0
41.1787,1.22878,326.67,0.42,0.45,2023-12-09,0121,N,VIIRS,n,2,280.56,4.41,N,0
38.37476,-0.54571,297.52,0.49,0.48,2023-12-09,0122,N,VIIRS,n,2,281.46,0.85,N,2
36.96574,-1.9041,300.2,0.56,0.51,2023-12-09,0123,N,VIIRS,n,2,278.89,1.25,N,2
39.64288,2.99235,328.39,0.38,0.36,2023-12-09,1244,N,VIIRS,n,2,277.66,2.11,D,0
39.11374,-0.25255,329.48,0.44,0.38,2023-12-09,1244,N,VIIRS,n,2,284.21,2,D,0
41.62531,0.1572,332.95,0.4,0.37,2023-12-09,1245,N,VIIRS,n,2,286.7,2.72,D,0
41.4562,1.97856,302.45,0.34,0.56,2023-12-10,0102,N,VIIRS,n,2,279.25,0.88,N,2
39.94828,-0.00553,298.14,0.42,0.61,2023-12-10,0103,N,VIIRS,n,2,268.96,0.49,N,0
41.18064,1.22757,348.02,0.37,0.58,2023-12-10,0103,N,VIIRS,n,2,280.52,4.16,N,0
41.17929,1.22956,307.02,0.4,0.6,2023-12-10,0243,N,VIIRS,n,2,268.53,0.96,N,0
41.71704,-0.05162,296.99,0.34,0.56,2023-12-10,0243,N,VIIRS,n,2,270.49,0.39,N,0
41.71881,-0.04825,306.33,0.34,0.56,2023-12-10,0243,N,VIIRS,n,2,269.73,0.58,N,0
41.18456,1.23211,307.21,0.4,0.6,2023-12-10,0243,N,VIIRS,n,2,268.36,0.96,N,0
36.9651,-1.90486,302.17,0.36,0.57,2023-12-10,0244,N,VIIRS,n,2,282.31,0.78,N,2
43.5241,-5.72939,313.83,0.39,0.36,2023-12-11,0224,N,VIIRS,n,2,275.94,1,N,2
43.52738,-5.72838,303.17,0.39,0.36,2023-12-11,0224,N,VIIRS,n,2,277.75,0.9,N,2
43.54028,-5.82849,310.06,0.39,0.36,2023-12-11,0224,N,VIIRS,n,2,274.17,1.4,N,2
43.52815,-5.73311,302.35,0.39,0.36,2023-12-11,0224,N,VIIRS,n,2,277.34,0.81,N,2
43.54104,-5.8332,315.64,0.39,0.36,2023-12-11,0224,N,VIIRS,n,2,275.5,1.4,N,2
38.3772,-0.5406,299.13,0.44,0.46,2023-12-11,0225,N,VIIRS,n,2,286.73,0.6,N,2
39.9518,-0.00352,297.11,0.44,0.46,2023-12-11,0225,N,VIIRS,n,2,281.44,1.23,N,2
36.96703,-1.90534,303.36,0.41,0.45,2023-12-11,0225,N,VIIRS,n,2,284.55,1.04,N,2
37.36085,-5.8656,308.41,0.42,0.38,2023-12-11,0226,N,VIIRS,n,2,284.67,1.28,N,2
38.00119,-1.98948,344.73,0.53,0.67,2023-12-11,1206,N,VIIRS,n,2,295.17,9.84,D,0
41.47438,-1.48656,299.56,0.39,0.36,2023-12-12,0205,N,VIIRS,n,2,277.28,0.85,N,2
36.96681,-1.90566,306.37,0.4,0.37,2023-12-12,0207,N,VIIRS,n,2,281.92,0.97,N,2
38.28591,-1.59789,336.77,0.57,0.43,2023-12-12,1328,N,VIIRS,n,2,300.3,5.89,D,0
39.65673,-6.96574,329.76,0.39,0.36,2023-12-12,1328,N,VIIRS,n,2,286.92,3.54,D,0
38.28525,-1.60443,328.06,0.57,0.43,2023-12-12,1328,N,VIIRS,n,2,300.11,3.37,D,0
38.28127,-1.60368,327.2,0.57,0.43,2023-12-12,1328,N,VIIRS,n,2,299.94,3.07,D,0
38.28193,-1.59713,340.53,0.57,0.43,2023-12-12,1328,N,VIIRS,n,2,301.28,7.33,D,0
37.57782,-2.68904,335.06,0.5,0.41,2023-12-12,1328,N,VIIRS,n,2,294.8,3.29,D,0
43.53819,-5.82782,313.99,0.49,0.48,2023-12-13,0146,N,VIIRS,n,2,279.74,3.64,N,2
43.53867,-5.8341,335.38,0.49,0.48,2023-12-13,0146,N,VIIRS,n,2,279.74,3.64,N,2
43.52567,-5.72553,299.94,0.48,0.48,2023-12-13,0146,N,VIIRS,n,2,276.77,1.59,N,2
43.52167,-5.7323,299.18,0.48,0.48,2023-12-13,0146,N,VIIRS,n,2,277.12,1.84,N,2
43.52614,-5.73156,343.96,0.48,0.48,2023-12-13,0146,N,VIIRS,n,2,279.87,6.77,N,2
36.92478,-3.47006,312.95,0.48,0.4,2023-12-13,0148,N,VIIRS,n,2,289.59,1.79,N,0
36.96616,-1.9056,297.45,0.42,0.38,2023-12-13,0148,N,VIIRS,n,2,286.51,0.62,N,2
41.59542,0.91231,331.45,0.49,0.4,2023-12-13,1310,N,VIIRS,n,2,282.66,4.83,D,0
43.52238,-5.73209,297.47,0.42,0.61,2023-12-14,0127,N,VIIRS,n,2,277.55,1.31,N,2
40.24299,-3.47299,313.85,0.6,0.53,2023-12-14,0128,N,VIIRS,n,2,277.12,1.78,N,2
39.95023,-0.004,302.22,0.4,0.44,2023-12-14,0128,N,VIIRS,n,2,283.99,0.84,N,2
39.14659,-0.50249,303.15,0.41,0.45,2023-12-14,0128,N,VIIRS,n,2,280.47,0.7,N,0
36.18252,-5.39807,297.65,0.35,0.57,2023-12-14,0129,N,VIIRS,n,2,286.66,0.82,N,0
40.24682,-3.47133,304.16,0.51,0.66,2023-12-14,0308,N,VIIRS,n,2,276.14,0.83,N,2
40.241,-3.47414,295.27,0.51,0.66,2023-12-14,0308,N,VIIRS,n,2,273.66,0.83,N,0
39.19695,-0.27629,328.5,0.4,0.37,2023-12-14,1250,N,VIIRS,n,2,290.34,5.54,D,0
39.19617,-0.28087,326.06,0.4,0.37,2023-12-14,1250,N,VIIRS,n,2,292.43,3.95,D,0
39.28076,-1.49591,330.97,0.43,0.38,2023-12-14,1250,N,VIIRS,n,2,289.11,2.12,D,0
39.51516,-0.62071,341.64,0.4,0.37,2023-12-14,1250,N,VIIRS,n,2,290.39,2.45,D,0
40.2446,-3.47234,328.43,0.48,0.4,2023-12-14,1251,N,VIIRS,n,2,286.35,3.65,D,2
43.52575,-5.73628,328.52,0.52,0.42,2023-12-14,1252,N,VIIRS,n,2,285.15,3.5,D,2
41.47254,-1.48702,298.98,0.43,0.62,2023-12-15,0109,N,VIIRS,n,2,278.12,0.71,N,2
40.24559,-3.47797,302.37,0.54,0.68,2023-12-15,0109,N,VIIRS,n,2,275.89,1.69,N,2
40.24541,-3.47135,298.43,0.54,0.67,2023-12-15,0109,N,VIIRS,n,2,275.22,1.69,N,2
39.95013,-0.00419,297.92,0.35,0.57,2023-12-15,0109,N,VIIRS,n,2,283.73,0.8,N,2
36.96573,-1.90593,299.52,0.42,0.61,2023-12-15,0110,N,VIIRS,n,2,281.06,0.66,N,2
41.47584,-1.4867,296.27,0.35,0.56,2023-12-15,0249,N,VIIRS,n,2,278.94,0.24,N,2
42.60826,-6.75198,303.34,0.55,0.43,2023-12-15,0249,N,VIIRS,n,2,274.09,1.24,N,0
40.24379,-3.47594,319.06,0.59,0.53,2023-12-15,0250,N,VIIRS,n,2,277.44,3.32,N,2
40.24632,-3.47576,320.07,0.59,0.53,2023-12-15,0250,N,VIIRS,n,2,278.19,3.81,N,2
37.36006,-5.86621,296.29,0.53,0.5,2023-12-15,0251,N,VIIRS,n,2,280.21,0.89,N,2
39.25533,-0.51903,339.22,0.4,0.44,2023-12-15,1231,N,VIIRS,n,2,292.68,2.63,D,0
39.48833,-0.56439,325.14,0.4,0.44,2023-12-15,1232,N,VIIRS,n,2,293.79,1.61,D,0
39.61134,-0.35026,327.28,0.39,0.44,2023-12-15,1232,N,VIIRS,n,2,295.63,1.71,D,0
38.9986,-5.69559,328.03,0.37,0.58,2023-12-15,1232,N,VIIRS,n,2,288.09,2.1,D,0
40.24431,-3.47238,325.37,0.53,0.5,2023-12-15,1232,N,VIIRS,n,2,286.71,3.95,D,2
40.69641,-5.46643,336.99,0.33,0.55,2023-12-15,1232,N,VIIRS,n,2,282.87,2.81,D,0
41.96602,-1.5238,329.13,0.39,0.44,2023-12-15,1232,N,VIIRS,n,2,282.77,1.17,D,0
41.96896,-1.52993,281.97,0.39,0.44,2023-12-15,1232,N,VIIRS,l,2,282.01,1.17,D,0
41.68767,-3.8288,338.99,0.51,0.49,2023-12-15,1232,N,VIIRS,n,2,286.39,10.18,D,0
41.6895,-3.82486,325.07,0.51,0.49,2023-12-15,1232,N,VIIRS,n,2,283.01,7.42,D,0
43.52453,-5.7328,335.91,0.56,0.52,2023-12-15,1233,N,VIIRS,n,2,287.28,5.31,D,2
43.54058,-5.83092,334.82,0.57,0.52,2023-12-15,1233,N,VIIRS,n,2,287.71,5.44,D,2
39.65489,-3.23296,346.03,0.62,0.71,2023-12-15,1412,N,VIIRS,n,2,286.41,6.44,D,0
40.24376,-3.47266,325.64,0.6,0.71,2023-12-15,1413,N,VIIRS,n,2,288.48,2.65,D,2
41.68441,-3.82401,336.84,0.59,0.7,2023-12-15,1413,N,VIIRS,n,2,284.28,5.4,D,0
43.56039,-5.72379,298.18,0.4,0.37,2023-12-16,0230,N,VIIRS,n,2,280.87,0.57,N,2
43.54898,-5.75902,295.08,0.4,0.37,2023-12-16,0230,N,VIIRS,n,2,277.39,0.37,N,0
43.54033,-5.82959,323.11,0.4,0.37,2023-12-16,0230,N,VIIRS,n,2,280.27,1.35,N,2
43.54119,-5.83448,303.24,0.4,0.37,2023-12-16,0230,N,VIIRS,n,2,280.34,1.57,N,2
43.34698,-8.43497,305.09,0.38,0.36,2023-12-16,0230,N,VIIRS,n,2,278.75,0.76,N,2
40.53176,-3.55682,299.44,0.52,0.41,2023-12-16,0231,N,VIIRS,n,2,272.85,5.75,N,0
40.53053,-3.55084,319.66,0.52,0.41,2023-12-16,0231,N,VIIRS,n,2,277.33,5.75,N,0
40.52681,-3.55215,320.93,0.52,0.41,2023-12-16,0231,N,VIIRS,n,2,273.2,5.75,N,0
40.24531,-3.47352,312.9,0.53,0.42,2023-12-16,0231,N,VIIRS,n,2,277.57,2.95,N,2
40.20921,-4.06453,299.62,0.5,0.41,2023-12-16,0231,N,VIIRS,n,2,274.06,1.32,N,0
36.96545,-1.90562,295.17,0.49,0.48,2023-12-16,0232,N,VIIRS,n,2,280.11,1.05,N,2
37.36109,-5.86585,298.4,0.47,0.4,2023-12-16,0232,N,VIIRS,n,2,282.03,0.74,N,2
41.21702,1.39598,339.17,0.5,0.49,2023-12-16,1213,N,VIIRS,n,2,289.52,4.42,D,0
41.1119,-0.23555,335.16,0.6,0.53,2023-12-16,1213,N,VIIRS,n,2,287.57,4.01,D,0
41.5517,-1.34728,340.01,0.33,0.55,2023-12-16,1213,N,VIIRS,n,2,289.36,3.17,D,0
41.98314,-1.76022,330.02,0.34,0.56,2023-12-16,1214,N,VIIRS,n,2,284.38,1.3,D,0
42.15157,-1.80847,334.42,0.34,0.56,2023-12-16,1214,N,VIIRS,n,2,285.73,2.25,D,0
43.53019,-5.73075,330.94,0.47,0.64,2023-12-16,1214,N,VIIRS,n,2,285.6,4.72,D,2
43.52693,-5.73222,336.31,0.47,0.64,2023-12-16,1214,N,VIIRS,n,2,286.86,3.87,D,2
43.54229,-5.83118,325.06,0.47,0.64,2023-12-16,1214,N,VIIRS,n,2,286.6,3.13,D,2
28.10659,-14.31759,330.98,0.45,0.39,2023-12-16,1351,N,VIIRS,n,2,299.36,2.17,D,0
28.10871,-14.31669,332.27,0.45,0.39,2023-12-16,1351,N,VIIRS,n,2,300.53,2.97,D,0
43.52887,-5.73117,342.79,0.55,0.51,2023-12-16,1355,N,VIIRS,n,2,286.46,7.26,D,2
43.52411,-5.73057,340.58,0.55,0.51,2023-12-16,1355,N,VIIRS,n,2,288.82,7.26,D,2
43.5432,-5.8309,304.69,0.41,0.37,2023-12-17,0211,N,VIIRS,n,2,277.18,13.24,N,0
43.52691,-5.73549,327.85,0.41,0.37,2023-12-17,0211,N,VIIRS,n,2,283.35,6.29,N,2
43.52623,-5.73044,330.16,0.41,0.37,2023-12-17,0211,N,VIIRS,n,2,280.45,4.79,N,2
43.53979,-5.83178,316.52,0.41,0.37,2023-12-17,0211,N,VIIRS,n,2,282.31,13.24,N,2
43.52283,-5.73132,296.4,0.41,0.37,2023-12-17,0211,N,VIIRS,n,2,275.98,0.56,N,2
42.81485,-1.74219,303.17,0.4,0.37,2023-12-17,0211,N,VIIRS,n,2,274.21,0.8,N,2
43.56092,-5.72683,297.69,0.41,0.37,2023-12-17,0211,N,VIIRS,n,2,277.54,0.4,N,0
41.32213,2.04712,326.37,0.54,0.42,2023-12-17,0212,N,VIIRS,n,2,277.8,3.79,N,0
41.47614,-1.48744,303.72,0.41,0.37,2023-12-17,0212,N,VIIRS,n,2,273.4,1.17,N,2
42.21711,-6.83559,343.57,0.43,0.38,2023-12-17,0212,N,VIIRS,n,2,276.88,5.03,N,0
42.21368,-6.83666,334.65,0.43,0.38,2023-12-17,0212,N,VIIRS,n,2,276.83,4.48,N,0
42.21437,-6.84197,307.06,0.43,0.38,2023-12-17,0212,N,VIIRS,n,2,274.74,2.11,N,0
40.24551,-3.47576,321.06,0.39,0.36,2023-12-17,0212,N,VIIRS,n,2,278.51,2.56,N,2
38.37623,-0.54685,298.33,0.48,0.4,2023-12-17,0212,N,VIIRS,n,2,278.02,1.1,N,2
36.96723,-1.90746,305.2,0.45,0.39,2023-12-17,0213,N,VIIRS,n,2,282.42,1.55,N,2
37.36032,-5.86348,296.45,0.39,0.36,2023-12-17,0213,N,VIIRS,n,2,278.58,0.41,N,2
36.24075,-5.36492,329.08,0.38,0.36,2023-12-17,0213,N,VIIRS,n,2,283.38,2.74,N,0
43.52726,-5.7299,345.16,0.76,0.77,2023-12-17,1156,N,VIIRS,n,2,286.12,7.71,D,2
40.24567,-3.47145,326.45,0.39,0.44,2023-12-17,1335,N,VIIRS,n,2,288.81,3.34,D,2
42.21562,-6.82863,325.93,0.44,0.39,2023-12-17,1335,N,VIIRS,n,2,289.68,2.39,D,0
42.21499,-6.83391,342.21,0.44,0.39,2023-12-17,1335,N,VIIRS,n,2,297.44,6.49,D,0
42.21913,-6.82961,338.27,0.44,0.39,2023-12-17,1335,N,VIIRS,n,2,287.41,4.82,D,0
43.52674,-5.7283,331.18,0.5,0.41,2023-12-17,1336,N,VIIRS,n,2,290.66,7.51,D,2
43.56226,-5.72515,295.12,0.41,0.45,2023-12-18,0152,N,VIIRS,n,2,276.67,0.58,N,2
43.54269,-5.83214,299.95,0.41,0.45,2023-12-18,0152,N,VIIRS,n,2,278.07,1.6,N,2
43.53855,-5.83287,317.79,0.41,0.45,2023-12-18,0152,N,VIIRS,n,2,275.62,1.6,N,2
43.52924,-5.73088,304.78,0.41,0.45,2023-12-18,0152,N,VIIRS,n,2,279.4,0.98,N,2
40.24792,-3.47701,305.47,0.45,0.39,2023-12-18,0153,N,VIIRS,n,2,274.66,1.35,N,2
41.45573,1.97881,300.73,0.39,0.36,2023-12-18,0153,N,VIIRS,n,2,276.68,0.98,N,2
42.22023,-6.84842,332.96,0.44,0.46,2023-12-18,0153,N,VIIRS,n,2,275.26,3.49,N,0
42.21971,-6.84221,326.31,0.44,0.46,2023-12-18,0153,N,VIIRS,n,2,273.52,3.49,N,0
42.21875,-6.83094,338.2,0.44,0.46,2023-12-18,0153,N,VIIRS,n,2,274.76,3.81,N,0
42.21451,-6.83233,312.32,0.44,0.46,2023-12-18,0153,N,VIIRS,n,2,272.94,2.35,N,0
41.47472,-1.48902,298.33,0.41,0.37,2023-12-18,0153,N,VIIRS,n,2,271.93,0.81,N,2
40.24434,-3.47777,299.52,0.45,0.39,2023-12-18,0153,N,VIIRS,n,2,273.32,1.7,N,2
40.24606,-3.47329,322.78,0.45,0.39,2023-12-18,0153,N,VIIRS,n,2,277.8,2.1,N,2
38.3763,-0.54504,302.11,0.38,0.36,2023-12-18,0154,N,VIIRS,n,2,279.1,0.9,N,2
42.22429,-6.83948,310.38,0.61,0.71,2023-12-18,0333,N,VIIRS,n,2,272.08,1.94,N,0
42.21761,-6.84133,350.9,0.61,0.71,2023-12-18,0333,N,VIIRS,n,2,275.42,9.31,N,0
42.21959,-6.84729,302.4,0.61,0.71,2023-12-18,0333,N,VIIRS,n,2,273.51,5.32,N,0
42.22003,-6.84256,348.92,0.61,0.71,2023-12-18,0333,N,VIIRS,n,2,274.2,12.04,N,0
42.2179,-6.83602,311.25,0.61,0.71,2023-12-18,0333,N,VIIRS,n,2,272.51,6.27,N,0
37.33672,-6.94516,326.58,0.42,0.38,2023-12-18,1315,N,VIIRS,n,2,291.37,1.67,D,0
37.21072,-1.91976,325.13,0.41,0.37,2023-12-18,1315,N,VIIRS,n,2,292.24,2.22,D,0
37.25835,-6.78775,330.85,0.42,0.38,2023-12-18,1315,N,VIIRS,n,2,289.38,3.1,D,0
37.26176,-6.78868,325,0.42,0.38,2023-12-18,1315,N,VIIRS,n,2,287.41,2.19,D,0
38.70274,-7.05106,326.89,0.41,0.37,2023-12-18,1315,N,VIIRS,n,2,287.03,3.76,D,0
41.30583,0.00262,336.04,0.52,0.42,2023-12-18,1316,N,VIIRS,n,2,284.13,6.97,D,0
42.21817,-6.84463,336.36,0.39,0.36,2023-12-18,1316,N,VIIRS,n,2,294.99,10.11,D,0
41.46413,1.09069,326.15,0.39,0.44,2023-12-18,1316,N,VIIRS,n,2,283.51,2.29,D,0
40.24397,-3.47212,327.83,0.4,0.37,2023-12-18,1316,N,VIIRS,n,2,288.15,2.75,D,2
42.2174,-6.84936,329.37,0.39,0.36,2023-12-18,1316,N,VIIRS,n,2,293.07,3.77,D,0
39.66316,-0.24799,295.48,0.51,0.41,2023-12-19,0134,N,VIIRS,n,2,277.65,0.76,N,0
40.24386,-3.47534,315.94,0.5,0.49,2023-12-19,0134,N,VIIRS,n,2,276.04,3.16,N,2
41.47488,-1.48638,301.27,0.41,0.45,2023-12-19,0134,N,VIIRS,n,2,271.97,1.31,N,2
36.96674,-1.90815,300.73,0.57,0.43,2023-12-19,0135,N,VIIRS,n,2,280.68,1.7,N,2
40.24697,-3.47572,304.56,0.6,0.71,2023-12-19,0314,N,VIIRS,n,2,273.67,1.94,N,2
40.24608,-3.47753,297.6,0.6,0.71,2023-12-19,0314,N,VIIRS,n,2,272.94,1.78,N,2
36.93135,-4.64369,330.42,0.53,0.42,2023-12-19,1256,N,VIIRS,n,2,295.43,2.89,D,0
37.69249,-1.15832,343.53,0.4,0.37,2023-12-19,1256,N,VIIRS,n,2,297.18,15.8,D,0
39.21107,-1.75712,336.78,0.4,0.37,2023-12-19,1256,N,VIIRS,n,2,285.36,4.02,D,0
37.9741,-1.36914,336.69,0.4,0.37,2023-12-19,1256,N,VIIRS,n,2,289.84,4.8,D,0
38.51997,-2.15165,335.32,0.41,0.37,2023-12-19,1256,N,VIIRS,n,2,289.93,3.24,D,0
38.71201,-1.91375,336.99,0.4,0.37,2023-12-19,1256,N,VIIRS,n,2,288,2.31,D,0
39.23983,-0.51603,326.66,0.39,0.36,2023-12-19,1256,N,VIIRS,n,2,291.36,1.89,D,0
37.54177,-2.26292,327.88,0.42,0.38,2023-12-19,1256,N,VIIRS,n,2,293.48,1.95,D,0
37.20999,-1.92111,336.82,0.42,0.37,2023-12-19,1256,N,VIIRS,n,2,292.64,3,D,0
40.24501,-3.47292,328.16,0.43,0.38,2023-12-19,1257,N,VIIRS,n,2,286.63,3.28,D,2
38.79908,-5.9845,336.69,0.56,0.43,2023-12-19,1257,N,VIIRS,n,2,286.66,6.73,D,0
42.25514,-6.35731,328.92,0.5,0.41,2023-12-19,1258,N,VIIRS,n,2,288.96,3.47,D,0
43.53915,-5.8291,325.9,0.46,0.39,2023-12-19,1258,N,VIIRS,n,2,288.47,37.35,D,2
40.24451,-3.47876,321,0.44,0.63,2023-12-20,0115,N,VIIRS,n,2,275.97,3.42,N,2
41.47614,-1.48774,297.81,0.36,0.57,2023-12-20,0115,N,VIIRS,n,2,274.9,0.38,N,2
40.2461,-3.4782,322.72,0.44,0.63,2023-12-20,0115,N,VIIRS,n,2,275.8,2.85,N,2
38.37576,-0.54708,296.7,0.56,0.69,2023-12-20,0256,N,VIIRS,n,2,281.14,0.6,N,2
37.56955,-0.91287,295.21,0.56,0.69,2023-12-20,0256,N,VIIRS,n,2,281.32,0.78,N,2
40.2465,-3.47524,325.47,0.36,0.57,2023-12-20,0256,N,VIIRS,n,2,277.1,2.42,N,2
36.18348,-5.39931,297.06,0.36,0.57,2023-12-20,0257,N,VIIRS,n,2,286.59,1.11,N,0
37.20271,-2.07301,348.56,0.44,0.46,2023-12-20,1237,N,VIIRS,n,2,288.98,6.76,D,0
42.12103,2.36138,329.2,0.39,0.36,2023-12-20,1238,N,VIIRS,n,2,285.99,1.89,D,0
39.24011,-6.45432,325.77,0.33,0.55,2023-12-20,1238,N,VIIRS,n,2,282.51,1.59,D,0
41.7607,-1.06597,335.36,0.49,0.4,2023-12-20,1238,N,VIIRS,n,2,290.43,11.87,D,0
41.76433,-1.06725,333.93,0.49,0.4,2023-12-20,1238,N,VIIRS,n,2,284.87,11.95,D,0
43.53886,-5.82933,350.17,0.48,0.48,2023-12-20,1239,N,VIIRS,n,2,284.07,7.83,D,2
41.76233,-1.07173,310.45,0.6,0.7,2023-12-21,0056,N,VIIRS,n,2,277.2,2.3,N,0
39.9528,-0.00552,318.43,0.51,0.66,2023-12-21,0056,N,VIIRS,n,2,283.88,1.39,N,2
41.45414,1.97921,298.13,0.36,0.57,2023-12-21,0236,N,VIIRS,n,2,277.56,0.51,N,2
41.76144,-1.06893,304.33,0.5,0.49,2023-12-21,0237,N,VIIRS,n,2,279.32,1.15,N,0
42.29681,-4.62802,310.38,0.51,0.41,2023-12-21,0237,N,VIIRS,n,2,271.1,1.73,N,0
40.24334,-3.47697,298.28,0.41,0.45,2023-12-21,0237,N,VIIRS,n,2,274.63,1.34,N,2
38.37709,-0.5447,304.57,0.32,0.55,2023-12-21,0237,N,VIIRS,n,2,280.93,0.74,N,2
37.36064,-5.86722,297.43,0.55,0.43,2023-12-21,0238,N,VIIRS,n,2,277.25,1.22,N,2
36.96616,-1.90456,298.06,0.59,0.53,2023-12-21,0238,N,VIIRS,n,2,281.75,1.26,N,2
37.36002,-5.86706,299.3,0.55,0.43,2023-12-21,0238,N,VIIRS,n,2,277.48,0.8,N,2
39.91955,-0.10282,326.68,0.53,0.5,2023-12-21,1219,N,VIIRS,n,2,292.01,2.53,D,0
38.1638,-0.7382,336.81,0.63,0.54,2023-12-21,1219,N,VIIRS,n,2,288.51,6.59,D,0
40.34615,-0.12458,336.08,0.54,0.42,2023-12-22,0218,N,VIIRS,n,2,282.99,7.39,N,0
40.34368,-0.11885,320.41,0.54,0.42,2023-12-22,0218,N,VIIRS,n,2,282.76,4.7,N,0
40.34126,-0.12679,307.67,0.54,0.42,2023-12-22,0218,N,VIIRS,n,2,281.25,4.7,N,0
40.33991,-0.12027,297.48,0.54,0.42,2023-12-22,0218,N,VIIRS,n,2,281.19,4.7,N,0
40.24416,-3.47446,327.73,0.41,0.37,2023-12-22,0218,N,VIIRS,n,2,279.57,3.57,N,2
40.34502,-0.12536,340.3,0.54,0.42,2023-12-22,0218,N,VIIRS,n,2,285.01,4.7,N,0
37.36049,-5.86306,305.03,0.39,0.36,2023-12-22,0219,N,VIIRS,n,2,279.53,1.18,N,2
38.37865,-0.54332,295.24,0.56,0.43,2023-12-22,0219,N,VIIRS,n,2,281.12,1.55,N,2
36.96771,-1.90641,299.8,0.51,0.41,2023-12-22,0219,N,VIIRS,n,2,281.77,1.21,N,2
36.18449,-5.39662,298.07,0.4,0.37,2023-12-22,0220,N,VIIRS,n,2,287.43,1.16,N,0
38.03135,-0.78247,347.09,0.56,0.69,2023-12-22,1200,N,VIIRS,n,2,291.71,5.15,D,0
38.03371,-0.78566,334.96,0.56,0.68,2023-12-22,1200,N,VIIRS,n,2,290.28,6.7,D,0
41.79416,0.14451,331.18,0.39,0.6,2023-12-22,1201,N,VIIRS,n,2,290.24,2.63,D,0
41.95578,-1.69747,328.34,0.48,0.64,2023-12-22,1201,N,VIIRS,n,2,284.51,2.13,D,0
41.79418,0.14571,342.78,0.39,0.6,2023-12-22,1201,N,VIIRS,n,2,290.24,3.27,D,0
40.15172,-5.81076,329.82,0.53,0.42,2023-12-22,1341,N,VIIRS,n,2,297.36,32.72,D,0
42.11207,-3.31538,325.72,0.49,0.49,2023-12-22,1341,N,VIIRS,n,2,284.75,2.18,D,0
41.92583,0.18081,325.96,0.37,0.58,2023-12-22,1341,N,VIIRS,n,2,291.1,1.53,D,2
41.18744,-4.02151,338.31,0.44,0.46,2023-12-22,1341,N,VIIRS,n,2,284.57,2.53,D,0
40.1523,-5.80516,331.24,0.53,0.42,2023-12-22,1341,N,VIIRS,n,2,289.01,32.72,D,0
40.14783,-5.81021,339.22,0.53,0.42,2023-12-22,1341,N,VIIRS,n,2,296.36,21.81,D,0
40.14844,-5.8044,332.2,0.53,0.42,2023-12-22,1341,N,VIIRS,n,2,294.87,21.81,D,0
41.4743,-1.48621,305.5,0.39,0.36,2023-12-23,0159,N,VIIRS,n,2,276.7,0.95,N,2
41.64648,-0.76774,296.28,0.38,0.36,2023-12-23,0159,N,VIIRS,n,2,279.73,0.51,N,0
42.20192,-4.78173,317.36,0.46,0.39,2023-12-23,0159,N,VIIRS,n,2,273.39,2.49,N,0
40.15268,-5.80934,326.92,0.48,0.4,2023-12-23,0200,N,VIIRS,n,2,276.15,3.31,N,0
40.2456,-3.47435,327.42,0.41,0.37,2023-12-23,0200,N,VIIRS,n,2,279.17,3.31,N,2
40.15639,-5.80885,297.22,0.48,0.4,2023-12-23,0200,N,VIIRS,n,2,277.19,0.81,N,0
37.35843,-5.86526,296.59,0.45,0.39,2023-12-23,0200,N,VIIRS,n,2,278.63,0.93,N,2
38.37737,-0.54568,303.38,0.39,0.36,2023-12-23,0200,N,VIIRS,n,2,280.76,0.98,N,2
40.13629,-5.83048,317.17,0.48,0.4,2023-12-23,0200,N,VIIRS,n,2,275.65,2.36,N,0
40.13426,-5.81295,321.93,0.48,0.4,2023-12-23,0200,N,VIIRS,n,2,275.58,2.61,N,0
42.18752,-0.2112,325.53,0.66,0.73,2023-12-23,1142,N,VIIRS,n,2,284.33,4.74,D,0
36.42673,-5.44926,328.87,0.38,0.36,2023-12-23,1321,N,VIIRS,n,2,291.08,4.33,D,0
37.52541,-5.87687,327.26,0.38,0.36,2023-12-23,1321,N,VIIRS,n,2,291.71,1.61,D,0
43.52757,-5.72956,336.54,0.58,0.52,2023-12-24,0140,N,VIIRS,n,2,281.88,6.5,N,2
43.53885,-5.83121,339.17,0.59,0.52,2023-12-24,0140,N,VIIRS,n,2,280.13,6.86,N,2
41.37523,1.35234,303.44,0.41,0.37,2023-12-24,0140,N,VIIRS,n,2,276.99,0.89,N,0
43.52271,-5.73014,300.67,0.58,0.52,2023-12-24,0140,N,VIIRS,n,2,277.61,6.5,N,2
43.528,-5.73639,302.16,0.58,0.52,2023-12-24,0140,N,VIIRS,n,2,278.74,10.09,N,2
40.24479,-3.47548,324.41,0.41,0.45,2023-12-24,0141,N,VIIRS,n,2,277.84,2.4,N,2
39.58843,2.89649,300.17,0.38,0.36,2023-12-24,0141,N,VIIRS,n,2,275.76,0.37,N,0
38.37722,-0.54521,297.47,0.44,0.39,2023-12-24,0141,N,VIIRS,n,2,279.84,0.79,N,2
40.24549,-3.47411,319.04,0.41,0.45,2023-12-24,0141,N,VIIRS,n,2,277.95,2.42,N,2
43.52618,-5.73287,341.15,0.45,0.63,2023-12-24,0320,N,VIIRS,n,2,281.16,5.61,N,2
43.52454,-5.72741,313.36,0.45,0.63,2023-12-24,0320,N,VIIRS,n,2,278.52,3.18,N,2
40.24361,-3.47353,327.16,0.39,0.37,2023-12-24,1303,N,VIIRS,n,2,288.34,2.18,D,2
43.54022,-5.83141,333.79,0.41,0.37,2023-12-24,1304,N,VIIRS,n,2,292.47,13.34,D,2
42.32866,-6.63787,337.52,0.45,0.39,2023-12-24,1304,N,VIIRS,n,2,284.23,7.77,D,0
42.34528,-1.76729,329.38,0.39,0.36,2023-12-24,1304,N,VIIRS,n,2,289.57,2.35,D,0
42.20362,-6.77964,295.84,0.56,0.69,2023-12-25,0121,N,VIIRS,n,2,270.4,1.35,N,0
43.33688,-3.11035,300.98,0.37,0.58,2023-12-25,0121,N,VIIRS,n,2,278.82,0.54,N,0
43.52961,-5.73315,299.06,0.5,0.66,2023-12-25,0121,N,VIIRS,n,2,278.36,1.57,N,2
38.69422,-1.43488,299.96,0.55,0.51,2023-12-25,0122,N,VIIRS,n,2,274.8,0.87,N,0
40.24557,-3.47415,326.24,0.36,0.58,2023-12-25,0122,N,VIIRS,n,2,277.13,2.95,N,2
40.5137,-4.29731,303.06,0.4,0.6,2023-12-25,0122,N,VIIRS,n,2,273.4,0.75,N,0
36.9665,-1.90726,296.93,0.56,0.51,2023-12-25,0123,N,VIIRS,n,2,282.51,0.64,N,2
43.52439,-5.72917,317.07,0.54,0.51,2023-12-25,0301,N,VIIRS,n,2,277.16,7.02,N,2
43.52604,-5.73578,337.09,0.54,0.51,2023-12-25,0301,N,VIIRS,n,2,280.64,13.91,N,2
43.52752,-5.73402,338.69,0.54,0.51,2023-12-25,0301,N,VIIRS,n,2,281.24,19.51,N,2
40.2436,-3.47168,299.38,0.43,0.62,2023-12-25,0302,N,VIIRS,n,2,272.76,1.3,N,2
42.20131,-6.77761,310.26,0.52,0.5,2023-12-25,0302,N,VIIRS,n,2,269.92,2.01,N,0
40.15362,-4.50176,306.68,0.38,0.59,2023-12-25,0302,N,VIIRS,n,2,271.6,0.77,N,0
40.24497,-3.47649,303.87,0.43,0.62,2023-12-25,0302,N,VIIRS,n,2,273,1.3,N,2
42.20228,-6.77736,306.15,0.52,0.5,2023-12-25,0302,N,VIIRS,n,2,270.47,1.82,N,0
40.51123,-4.2983,303.36,0.38,0.59,2023-12-25,0302,N,VIIRS,n,2,272.17,0.53,N,0
36.18329,-5.39745,296.47,0.44,0.62,2023-12-25,0303,N,VIIRS,n,2,285.99,1.3,N,0
28.61543,-17.86955,298.57,0.43,0.38,2023-12-25,0306,N,VIIRS,n,2,287.06,1.26,N,2
41.10296,0.12563,328.12,0.41,0.37,2023-12-25,1244,N,VIIRS,n,2,284.85,1.35,D,0
43.52789,-5.73329,333.69,0.4,0.44,2023-12-25,1245,N,VIIRS,n,2,289.44,5.25,D,2
41.12912,1.18078,297.42,0.37,0.58,2023-12-26,0102,N,VIIRS,n,2,275.66,0.62,N,0
40.24532,-3.47496,303.02,0.65,0.73,2023-12-26,0103,N,VIIRS,n,2,273.74,2.28,N,2
40.24566,-3.47261,319.61,0.5,0.49,2023-12-26,0243,N,VIIRS,n,2,275.7,2.17,N,2
41.31073,1.66377,295.77,0.42,0.61,2023-12-26,0243,N,VIIRS,n,2,275.67,1.31,N,2
41.31201,1.65926,302.02,0.41,0.61,2023-12-26,0243,N,VIIRS,n,2,275.91,1.7,N,2
41.31519,1.66196,308.31,0.41,0.61,2023-12-26,0243,N,VIIRS,n,2,276.49,1.27,N,2
43.32935,-5.77301,295.9,0.51,0.41,2023-12-26,0243,N,VIIRS,n,2,274.65,0.71,N,2
43.53956,-5.83187,312.01,0.5,0.41,2023-12-26,0243,N,VIIRS,n,2,276.45,1.4,N,2
43.54321,-5.83046,303.23,0.5,0.41,2023-12-26,0243,N,VIIRS,n,2,276,1.4,N,0
43.55302,-5.85889,296.43,0.5,0.41,2023-12-26,0243,N,VIIRS,n,2,276.22,0.78,N,2
37.35913,-5.86609,303.22,0.44,0.46,2023-12-26,0244,N,VIIRS,n,2,278.42,1.11,N,2
36.18376,-5.39649,295.25,0.49,0.49,2023-12-26,0245,N,VIIRS,n,2,285.08,1.68,N,0
38.72025,-1.63082,334.02,0.56,0.52,2023-12-26,1225,N,VIIRS,n,2,288.2,4.25,D,0
42.3029,-2.48697,337.64,0.51,0.49,2023-12-26,1226,N,VIIRS,n,2,284.75,10.18,D,0
43.53811,-5.82881,340.46,0.34,0.56,2023-12-26,1227,N,VIIRS,n,2,285.03,3.46,D,2
43.52789,-5.73396,340.61,0.33,0.56,2023-12-26,1227,N,VIIRS,n,2,286.72,3.05,D,2
37.40468,-2.62934,348.88,0.53,0.67,2023-12-26,1405,N,VIIRS,n,2,291.81,4.74,D,0
43.33019,-5.77324,297.02,0.39,0.36,2023-12-27,0224,N,VIIRS,n,2,274.12,0.73,N,2
43.52499,-5.73409,340.38,0.39,0.36,2023-12-27,0224,N,VIIRS,n,2,273.44,4.04,N,2
43.53786,-5.83419,301.59,0.39,0.36,2023-12-27,0224,N,VIIRS,n,2,273.49,0.79,N,2
41.3148,1.66091,303.29,0.49,0.48,2023-12-27,0224,N,VIIRS,n,2,277.27,1.55,N,2
43.54114,-5.83319,330.19,0.39,0.36,2023-12-27,0224,N,VIIRS,n,2,278.54,2.23,N,2
37.9474,-2.92088,297.68,0.52,0.42,2023-12-27,0225,N,VIIRS,n,2,271.54,0.54,N,0
38.66689,-4.05462,295.4,0.46,0.39,2023-12-27,0225,N,VIIRS,n,2,271.59,0.64,N,2
37.24474,-7.15884,325.79,0.51,0.41,2023-12-27,1346,N,VIIRS,n,2,289.23,3.47,D,0
41.11326,-0.23539,343.06,0.42,0.61,2023-12-27,1347,N,VIIRS,n,2,280.3,3.89,D,0
39.40196,-3.78183,338.75,0.53,0.5,2023-12-27,1347,N,VIIRS,n,2,289.58,5.89,D,0
41.31197,1.65906,303.15,0.46,0.39,2023-12-28,0205,N,VIIRS,n,2,277.21,1.89,N,2
41.4733,-1.48924,301.54,0.39,0.36,2023-12-28,0205,N,VIIRS,n,2,272.18,0.72,N,2
42.81269,-1.74194,301.12,0.38,0.36,2023-12-28,0205,N,VIIRS,n,2,268.01,0.66,N,2
43.03319,-2.22004,308.23,0.38,0.36,2023-12-28,0205,N,VIIRS,n,2,267.37,0.76,N,2
40.88413,-1.3319,304.64,0.39,0.36,2023-12-28,0206,N,VIIRS,n,2,266.82,0.71,N,0
40.2424,-3.4742,309.24,0.39,0.36,2023-12-28,0206,N,VIIRS,n,2,272.77,1.69,N,2
40.24569,-3.47335,300.81,0.39,0.36,2023-12-28,0206,N,VIIRS,n,2,273.5,0.95,N,2
36.79971,-2.63943,304.6,0.39,0.36,2023-12-28,0207,N,VIIRS,n,2,279.15,1.2,N,0
37.36057,-5.8651,299.22,0.41,0.37,2023-12-28,0207,N,VIIRS,n,2,274.61,0.91,N,2
36.80045,-2.64379,315.57,0.39,0.36,2023-12-28,0207,N,VIIRS,n,2,279.69,1.2,N,0
37.57652,-5.63643,330.88,0.4,0.37,2023-12-28,1328,N,VIIRS,n,2,288.53,2.44,D,0
37.52565,-5.87987,337.98,0.4,0.37,2023-12-28,1328,N,VIIRS,n,2,287.4,4.23,D,0
40.24641,-3.47696,304.33,0.52,0.42,2023-12-29,0147,N,VIIRS,n,2,270.08,1.06,N,2
43.52559,-5.73183,329.28,0.39,0.36,2023-12-29,1310,N,VIIRS,n,2,282.05,3.06,D,2
43.52638,-5.73577,326.99,0.42,0.61,2023-12-30,0127,N,VIIRS,n,2,271.62,1.25,N,2
43.5262,-5.73063,296.17,0.42,0.61,2023-12-30,0127,N,VIIRS,n,2,270.45,1.25,N,2
41.58956,-1.12869,303.58,0.47,0.48,2023-12-30,0128,N,VIIRS,n,2,274.02,0.81,N,0
41.31281,1.66429,309.92,0.52,0.41,2023-12-30,0128,N,VIIRS,n,2,278.15,1.16,N,2
43.53957,-5.83397,306.77,0.64,0.54,2023-12-30,0308,N,VIIRS,n,2,275.41,1.94,N,2
40.24438,-3.47489,312.63,0.51,0.66,2023-12-30,0308,N,VIIRS,n,2,274.93,2.51,N,2
40.24441,-3.47414,312.3,0.51,0.66,2023-12-30,0308,N,VIIRS,n,2,274.48,2.56,N,2
41.43596,1.69226,327.14,0.39,0.36,2023-12-30,1251,N,VIIRS,n,2,288.91,2.41,D,0
40.03431,-6.42283,327.92,0.44,0.46,2023-12-30,1251,N,VIIRS,n,2,283.14,3.4,D,0
41.51713,-1.33083,339.61,0.4,0.37,2023-12-30,1251,N,VIIRS,n,2,287.47,4.65,D,0
43.22762,-2.50471,328.65,0.41,0.37,2023-12-30,1251,N,VIIRS,n,2,286.41,3.04,D,0
43.23185,-2.50095,326.39,0.41,0.37,2023-12-30,1251,N,VIIRS,n,2,284.07,4.86,D,0
43.23098,-2.50586,333.64,0.41,0.37,2023-12-30,1251,N,VIIRS,n,2,283.57,3.04,D,0
40.24528,-3.47168,328.36,0.48,0.4,2023-12-30,1251,N,VIIRS,n,2,286.82,3.44,D,2
40.57543,-2.54226,332.45,0.44,0.39,2023-12-30,1251,N,VIIRS,n,2,285.41,3.3,D,0
40.96497,-0.63442,325.13,0.39,0.37,2023-12-30,1251,N,VIIRS,n,2,286.39,1.95,D,0
40.41293,-1.2078,326.98,0.41,0.37,2023-12-30,1251,N,VIIRS,n,2,285.93,2.32,D,0
43.52457,-5.73598,329.31,0.52,0.41,2023-12-30,1252,N,VIIRS,n,2,289.7,6.14,D,2
43.53913,-5.83045,329.87,0.52,0.42,2023-12-30,1252,N,VIIRS,n,2,289.95,4.57,D,2
38.00974,-1.01417,300.48,0.38,0.59,2023-12-31,0110,N,VIIRS,n,2,276.44,0.42,N,0
41.31271,1.66443,298.87,0.49,0.65,2023-12-31,0249,N,VIIRS,n,2,273.18,0.93,N,2
37.57153,-0.91194,295.96,0.47,0.64,2023-12-31,0250,N,VIIRS,n,2,281.64,0.5,N,2
37.56808,-0.91491,300.13,0.47,0.64,2023-12-31,0250,N,VIIRS,n,2,281.51,0.77,N,2
28.614,-17.86826,298.05,0.39,0.36,2023-12-31,0254,N,VIIRS,n,2,287.76,1.03,N,2
28.61791,-17.87159,299.67,0.39,0.36,2023-12-31,0254,N,VIIRS,n,2,289.49,1.46,N,2
38.48292,-1.3687,325.02,0.46,0.47,2023-12-31,1231,N,VIIRS,n,2,271.15,4.49,D,0
38.48502,-1.37222,329.51,0.46,0.47,2023-12-31,1231,N,VIIRS,n,2,271.15,3.17,D,0
43.52606,-5.73333,325.37,0.48,0.65,2023-12-31,1414,N,VIIRS,n,2,276.14,5.32,D,2
